cell_id	cell_type	MD_SRX	NREADS	NALIGNED	RALIGN	gsm	source_label	PGM_neg	LDH_L_neg	TPI_neg	PDHm_pos	ACONTm_pos	ICDHyrm_pos	SUCD1m_pos	C160CPT1_pos	CSNATr_neg	ARGN_pos	ARGDCm_pos	AGMTm_pos	SPMDOX_pos	r0281_neg
SRR2921282	Th17p	SRX1435506	637389	396663	62.2325	GSM1943105	IL1B_IL6_IL23-48h-IL-17A/GFP+ (single cell batch 7)	3.56075667141989	3.6032713574713	2.45521465586957	2.6695537799908	5.83297126098516	2.09789715034245	1.89766565336257	3.65717063030334	3.31187266148414	1.65925512784053	1.18734252345224	1.18734252345224	3.60692155382803	9.82857421943645
SRR2921283	Th17p	SRX1435507	1074300	732092	68.1459	GSM1943106	IL1B_IL6_IL23-48h-IL-17A/GFP+ (single cell batch 7)	3.52813422771729	3.60628865332867	2.56333442295388	2.66219180829339	5.68673185875442	2.09746015021573	1.88329349518899	3.49142462752266	3.54477445274774	1.75501158335425	1.24156621961161	1.24156621961161	3.61780642956293	9.82857421943645
SRR2921284	Th17p	SRX1435508	1480810	1085800	73.3252	GSM1943107	IL1B_IL6_IL23-48h-IL-17A/GFP+ (single cell batch 7)	3.41779936967532	3.42190854861047	2.43545376340115	2.6192636322408	5.80495517908328	2.07892293674273	1.87723565082879	3.51351234032206	3.4319521981869	1.75026659835513	1.23356982887878	1.23356982887878	3.56671749543131	9.82857421943645
SRR2921285	Th17p	SRX1435509	1374340	982010	71.4531	GSM1943108	IL1B_IL6_IL23-48h-IL-17A/GFP+ (single cell batch 7)	3.57871430497761	3.65516888872128	2.56910122762269	2.7386663565129	5.67183879941262	2.12247061213497	1.87545211251137	3.35882596462775	3.93797244737583	1.78953146684102	1.26919525608827	1.26919525608827	3.61921857231331	9.82857421943645
SRR2921286	Th17p	SRX1435510	1243850	921003	74.0444	GSM1943109	IL1B_IL6_IL23-48h-IL-17A/GFP+ (single cell batch 7)	3.3700401369854	3.39004176108491	2.45666606604443	2.52066287408033	5.72167723182977	2.01339416980172	1.82611436692873	3.50048198075575	3.33183927180891	1.73139358548958	1.21553032576505	1.21553032576505	3.61621794839482	9.82857421943645
SRR2921287	Th17p	SRX1435511	1511040	1074640	71.1193	GSM1943110	IL1B_IL6_IL23-48h-IL-17A/GFP+ (single cell batch 7)	3.5657234572997	3.62109065688321	2.47486643822806	2.74537527347581	5.66270726192508	2.13787869269489	1.84504306995178	3.35523620745748	3.44324960642612	1.75733735287135	1.2503311969212	1.2503311969212	3.60288763374578	9.82857421943645
SRR2921288	Th17p	SRX1435512	1127910	765763	67.892	GSM1943111	IL1B_IL6_IL23-48h-IL-17A/GFP+ (single cell batch 7)	3.56254328748841	3.59155402717274	2.45427213404582	2.6739408386479	5.80317823829462	2.13172328816708	1.88401957248466	3.63995415926382	3.42116152090561	1.74573384582783	1.23316828955565	1.23316828955565	3.61489401013512	9.82857421943645
SRR2921289	Th17p	SRX1435513	1296320	922293	71.147	GSM1943112	IL1B_IL6_IL23-48h-IL-17A/GFP+ (single cell batch 7)	3.46882066336771	3.5414451397912	2.56374042086263	2.69336516838154	5.49961596299335	2.16686468534931	1.92475625402857	3.66925235451563	3.47268197796573	1.75305041126946	1.24095114370026	1.24095114370026	3.61699786609833	9.82857421943645
SRR2921290	Th17p	SRX1435514	1136510	724265	63.7272	GSM1943113	IL1B_IL6_IL23-48h-IL-17A/GFP+ (single cell batch 7)	3.54518695282888	3.61129879716049	2.48183073227489	2.63517630825655	5.78989758447246	2.10976350198525	1.86453107088968	3.33787768117451	3.33861713821025	1.72454694113185	1.2319445583095	1.2319445583095	3.6158769358283	9.82857421943645
SRR2921291	Th17p	SRX1435515	1322550	892195	67.4603	GSM1943114	IL1B_IL6_IL23-48h-IL-17A/GFP+ (single cell batch 7)	3.54443179940611	3.57925097784501	2.56541071483933	2.65322348355969	5.81681098563769	2.10338306903729	1.90704695445667	3.48819406046138	3.32486541447649	1.78837956050886	1.2518363382559	1.2518363382559	3.60563426698296	9.82857421943645
SRR2921292	Th17p	SRX1435516	1488720	1031070	69.2588	GSM1943115	IL1B_IL6_IL23-48h-IL-17A/GFP+ (single cell batch 7)	3.53617901777868	3.64435838555781	2.51650227061386	2.6849478301787	5.77947136284956	2.09395534562524	1.84232818297191	3.50688757359055	3.4512877558654	1.74372961602453	1.24003404142935	1.24003404142935	3.61990852090814	9.82857421943645
SRR2921293	Th17p	SRX1435517	1631870	1183900	72.5487	GSM1943116	IL1B_IL6_IL23-48h-IL-17A/GFP+ (single cell batch 7)	3.52628558396089	3.60837650470643	2.43844382211903	2.67229028007535	5.71678385750337	2.1118164531098	1.8874155845006	3.66507848037685	3.46645390937872	1.75505973413201	1.23486074928234	1.23486074928234	3.61338762642356	9.82857421943645
SRR2921294	Th17p	SRX1435518	1191080	750670	63.0245	GSM1943117	IL1B_IL6_IL23-48h-IL-17A/GFP+ (single cell batch 7)	3.46552369449858	3.48819988823706	2.45512030177988	2.66162405712138	5.91562644357958	2.12309448353268	1.88766363047619	3.51548785730356	3.48209047444975	1.70301424869329	1.17958035649824	1.17958035649824	3.60394026450004	9.82857421943645
SRR2921295	Th17p	SRX1435519	1771060	1191980	67.3035	GSM1943118	IL1B_IL6_IL23-48h-IL-17A/GFP+ (single cell batch 7)	3.58481366579038	3.67341827332542	2.47293449047236	2.69172418490368	5.81182184321603	2.11403476956406	1.88562521395944	3.34485746724291	3.40864178149395	1.73190397419967	1.23888735076784	1.23888735076784	3.60859610934722	9.82857421943645
SRR2921296	Th17p	SRX1435520	1596230	1107290	69.3692	GSM1943119	IL1B_IL6_IL23-48h-IL-17A/GFP+ (single cell batch 7)	3.50169435159889	3.58205465463803	2.51295717006539	2.70768696516613	5.7630688662678	2.13178888574381	1.88184109693647	3.59911137768358	3.51645037778653	1.79781001588273	1.26168117843581	1.26168117843581	3.62000682545373	9.82857421943645
SRR2921297	Th17p	SRX1435521	1148190	840280	73.1831	GSM1943120	IL1B_IL6_IL23-48h-IL-17A/GFP+ (single cell batch 7)	3.55676200220232	3.63381773089955	2.46746338604075	2.76429970940235	5.71063885550452	2.17497937226783	1.94174560215902	3.52244129114671	3.66350386322918	1.82086157889542	1.28058868958346	1.28058868958346	3.61243806051657	9.82857421943645
SRR2921298	Th17p	SRX1435522	1350830	932760	69.0509	GSM1943121	IL1B_IL6_IL23-48h-IL-17A/GFP+ (single cell batch 7)	3.55195141689912	3.65218592305694	2.57280986788539	2.74073524514313	5.52711519814716	2.15891365460917	1.89114290653941	3.36681196767865	3.31228840544866	1.76006274729604	1.24863342699037	1.24863342699037	3.60421615222354	9.82857421943645
SRR2921299	Th17p	SRX1435523	1204820	869901	72.2015	GSM1943122	IL1B_IL6_IL23-48h-IL-17A/GFP+ (single cell batch 7)	3.51295664860941	3.56728910219655	2.62246333610113	2.73039108997304	5.82630321314567	2.10244679670112	1.87889076770034	3.54390059678178	3.26865539561286	1.71366889944956	1.21447871217314	1.21447871217314	3.61867864282162	9.82857421943645
SRR2921300	Th17p	SRX1435524	805037	537118	66.7197	GSM1943123	IL1B_IL6_IL23-48h-IL-17A/GFP+ (single cell batch 7)	3.55312480473926	3.62115343456341	2.5786644153575	2.72973737573563	5.81682369305105	2.12200975535436	1.90076962514749	3.50187487080612	3.41434513986923	1.75166587592186	1.23066403872332	1.23066403872332	3.61905174413138	9.82857421943645
SRR2921301	Th17p	SRX1435525	917148	555298	60.5462	GSM1943124	IL1B_IL6_IL23-48h-IL-17A/GFP+ (single cell batch 7)	3.52861465958913	3.6052094862842	2.51738639880469	2.68478445495045	5.72224182118868	2.13578700914334	1.84665347411038	3.3533136421962	3.4537309659827	1.70439316639572	1.22902408059221	1.22902408059221	3.60792561473539	9.82857421943645
SRR2921302	Th17p	SRX1435526	752516	518340	68.8809	GSM1943125	IL1B_IL6_IL23-48h-IL-17A/GFP+ (single cell batch 7)	3.50092968958795	3.60995129282209	2.40745757530741	2.67920439592099	5.3924898232748	2.07449690150793	1.89048905065034	3.46742013805737	3.3043999909523	1.7028186899715	1.20773545855439	1.20773545855439	3.44258909490866	9.82857421943645
SRR2921303	Th17p	SRX1435527	1120400	633230	56.518	GSM1943126	IL1B_IL6_IL23-48h-IL-17A/GFP+ (single cell batch 7)	3.53962667563718	3.62108483066026	2.43928050692197	2.67441639353996	5.87135181092915	2.09139195961312	1.89585521395118	3.52612531144369	3.46023083123693	1.75085242589252	1.23271263319687	1.23271263319687	3.62045010269266	9.82857421943645
SRR2921304	Th17p	SRX1435528	899124	583146	64.8571	GSM1943127	IL1B_IL6_IL23-48h-IL-17A/GFP+ (single cell batch 7)	3.56456749814926	3.60449092278242	2.46431663041928	2.73886121021943	5.79080999184202	2.13639913412992	1.88620709224838	3.51681894911983	3.30233605295656	1.75423406603886	1.24922124415846	1.24922124415846	3.62230581040144	9.82857421943645
SRR2921305	Th17p	SRX1435529	1299370	910526	70.0746	GSM1943128	IL1B_IL6_IL23-48h-IL-17A/GFP+ (single cell batch 7)	3.56751083022761	3.63949800041651	2.46078613942884	2.68201562391519	5.6777467060049	2.07212479192256	1.84469150899972	3.34766472341082	3.28882430713141	1.74977851002161	1.23647937633648	1.23647937633648	3.61601169701024	9.82857421943645
SRR2921306	Th17p	SRX1435530	1019230	661572	64.9089	GSM1943129	IL1B_IL6_IL23-48h-IL-17A/GFP+ (single cell batch 7)	3.49771860621124	3.60926393219422	2.47756676005492	2.63912258254335	5.8008775597253	2.09994318408977	1.86580533730447	3.33534366465304	3.62351016274791	1.7384241788236	1.22757378794794	1.22757378794794	3.62384090311593	9.83239670119483
SRR2921307	Th17p	SRX1435531	707706	401128	56.68	GSM1943130	IL1B_IL6_IL23-48h-IL-17A/GFP+ (single cell batch 7)	3.49830004641562	3.59892023753986	2.48349901602482	2.60254566611513	3.99664462951898	2.05648846540192	1.8417810179631	3.32855136457117	3.32827335115244	1.79644618865076	1.26139332532793	1.26139332532793	3.62156255582008	9.82857421943645
SRR2921308	Th17p	SRX1435532	951439	643771	67.6629	GSM1943131	IL1B_IL6_IL23-48h-IL-17A/GFP+ (single cell batch 7)	3.56852744674434	3.65791048396063	2.48265041516766	2.69429888069789	5.82067654979034	2.06265397379537	1.86537241582402	3.5219880661271	3.32589321118241	1.73158369937593	1.22684039679637	1.22684039679637	3.621630029056	9.82857421943645
SRR2921309	Th17p	SRX1435533	816813	530725	64.9751	GSM1943132	IL1B_IL6_IL23-48h-IL-17A/GFP+ (single cell batch 7)	3.50579809211678	3.60546799717772	2.47294592784736	2.66287412318289	5.80708169437565	2.13496609138369	1.89441985212572	3.5034051539285	3.44537299939205	1.80385233082275	1.26090975389942	1.26090975389942	3.62274484459626	9.82857421943645
SRR2921310	Th17p	SRX1435534	1116410	723430	64.7998	GSM1943133	IL1B_IL6_IL23-48h-IL-17A/GFP+ (single cell batch 7)	3.49285967377751	3.57020112431784	2.49255759682286	2.68508624226312	5.62200531925968	2.07568145706616	1.90266688162757	3.34092597500704	3.32332149836174	1.75337813588439	1.24201664707615	1.24201664707615	3.61746422473174	9.82857421943645
SRR2921311	Th17p	SRX1435535	868618	630438	72.5794	GSM1943134	IL1B_IL6_IL23-48h-IL-17A/GFP+ (single cell batch 7)	3.560815291564	3.63518668455599	2.446687796846	2.66626178994727	5.7173869494755	2.07337177159188	1.85541318067828	3.35079073380503	3.3440935227673	1.74630326127733	1.22255438696706	1.22255438696706	3.61618161283273	9.82857421943645
SRR2921312	Th17p	SRX1435536	1242340	875317	70.457	GSM1943135	IL1B_IL6_IL23-48h-IL-17A/GFP+ (single cell batch 7)	3.41977637892891	3.42701346995161	2.46376842686536	2.66179129146633	5.80084073831884	2.11517093809719	1.86101680513876	3.6479081587726	3.47296494501215	1.66232753541217	1.15407956369634	1.15407956369634	3.61865702838107	9.82857421943645
SRR2921313	Th17p	SRX1435537	1045400	764229	73.1039	GSM1943136	IL1B_IL6_IL23-48h-IL-17A/GFP+ (single cell batch 7)	3.56302487923052	3.6527341611842	2.46038806195019	2.73342342734785	5.67500316330659	2.16065095235816	1.9123465141954	3.50933633684166	3.31957296405516	1.78952556211725	1.25000244159477	1.25000244159477	3.61454238356685	9.82857421943645
SRR2921314	Th17p	SRX1435538	1218160	860164	70.612	GSM1943137	IL1B_IL6_IL23-48h-IL-17A/GFP+ (single cell batch 7)	3.55436851547302	3.59968182630935	2.52457234564294	2.63828228276219	5.83085452291404	2.09513561277612	1.87573371969006	3.4848626469265	3.32300789171796	1.79012326587662	1.26382181829107	1.26382181829107	3.60809580258353	9.82857421943645
SRR2921315	Th17p	SRX1435539	1035820	675412	65.2055	GSM1943138	IL1B_IL6_IL23-48h-IL-17A/GFP+ (single cell batch 7)	3.53809519243074	3.58118988641147	2.47879727760871	2.62789047929103	5.69902159205704	2.09246890514292	1.86403325844609	3.34597487614826	3.31007034859997	1.70611696473285	1.20882117121357	1.20882117121357	3.62012688562856	9.82857421943645
SRR2921316	Th17p	SRX1435540	1057100	771690	73.0009	GSM1943139	IL1B_IL6_IL23-48h-IL-17A/GFP+ (single cell batch 7)	3.52568841012608	3.62792685140655	2.5613494824546	2.66170339555498	5.74293147588801	2.11678903806192	1.90272682228925	3.48979565880188	3.41489873387545	1.77478995923239	1.25287451834259	1.25287451834259	3.61599311172582	9.82857421943645
SRR2921317	Th17p	SRX1435541	717082	441623	61.5861	GSM1943140	IL1B_IL6_IL23-48h-IL-17A/GFP+ (single cell batch 7)	3.54038476582799	3.6163188515257	2.4087389809838	2.71564604759838	5.74473793618203	2.08467378679688	1.89922210411816	3.34713460166744	3.28917194456955	1.74911092204497	1.24358200827415	1.24358200827415	3.60947791857576	9.82857421943645
SRR2921318	Th17p	SRX1435542	1104520	638725	57.8282	GSM1943141	IL1B_IL6_IL23-48h-IL-17A/GFP+ (single cell batch 7)	3.52406615234274	3.61720212206995	2.41196623063168	2.74650738189844	5.83203124790761	2.13483297661289	1.84536178961842	3.48661194070109	3.44358685806215	1.68490680460585	1.20807328487229	1.20807328487229	3.59860334909561	9.82857421943645
SRR2921319	Th17p	SRX1435543	1345090	982584	73.0496	GSM1943142	IL1B_IL6_IL23-48h-IL-17A/GFP+ (single cell batch 7)	3.56169216978856	3.62699361039818	2.46776524055029	2.68970141328541	5.7215691818315	2.10073895380214	1.88067584268038	3.35462953365404	3.35884634310521	1.78911738596816	1.27445750663485	1.27445750663485	3.61386766983823	9.82857421943645
SRR2921320	Th17p	SRX1435544	1682290	1177530	69.9959	GSM1943143	IL1B_IL6_IL23-48h-IL-17A/GFP+ (single cell batch 7)	3.55527848454417	3.62324939272237	2.46707600003339	2.74753807527535	5.82324751101984	2.13730562586004	1.86341718885053	3.51405673910564	3.44280627902994	1.78651407692033	1.25962884108032	1.25962884108032	3.61635852983508	9.82857421943645
SRR2921321	Th17p	SRX1435545	1320230	941281	71.2966	GSM1943144	IL1B_IL6_IL23-48h-IL-17A/GFP+ (single cell batch 7)	3.47800748259014	3.48232888712409	2.60661022405477	2.6859068541849	5.77235708874394	2.08173660201942	1.87944187519251	3.51272147438259	3.42115965784526	1.70858434653949	1.20987170800315	1.20987170800315	3.61775921261325	9.82857421943645
SRR2921322	Th17p	SRX1435546	1347840	823289	61.0819	GSM1943145	IL1B_IL6_IL23-48h-IL-17A/GFP+ (single cell batch 7)	3.48118431205336	3.59189714174456	2.43916844278165	2.60246361189551	5.8409293005611	2.13357124021381	1.84348749667695	3.35292246678542	3.45317335797145	1.72445672078432	1.24681449924184	1.24681449924184	3.61361291947956	9.82857421943645
SRR2921323	Th17p	SRX1435547	1427250	950954	66.6282	GSM1943146	IL1B_IL6_IL23-48h-IL-17A/GFP+ (single cell batch 7)	3.56881581236631	3.64426002053203	2.47151584535364	2.70611278533379	5.73853063521456	2.13691164501107	1.89131064661756	3.35635646305963	3.43358076892799	1.7763827108595	1.25778804641376	1.25778804641376	3.61867555065787	9.82857421943645
SRR2921324	Th17p	SRX1435548	1675190	1175480	70.17	GSM1943147	IL1B_IL6_IL23-48h-IL-17A/GFP+ (single cell batch 7)	3.52137813635444	3.57299068892392	2.51067886810377	2.67043225415743	5.75666878258816	2.10224330519225	1.87170553342422	3.47190755660543	3.29955084271394	1.73380329715016	1.24883354117876	1.24883354117876	3.61931426362153	9.82857421943645
SRR2921325	Th17p	SRX1435549	1716800	1168960	68.0891	GSM1943148	IL1B_IL6_IL23-48h-IL-17A/GFP+ (single cell batch 7)	3.52926613870265	3.61916561305061	2.47290073626969	2.71945775201403	5.72686715730441	2.08899186175919	1.87667063431341	3.36066002721025	3.53512190899567	1.70896291784642	1.23496461047399	1.23496461047399	3.60804848493391	9.82857421943645
SRR2921326	Th17p	SRX1435550	1807560	1071900	59.3013	GSM1943149	IL1B_IL6_IL23-48h-IL-17A/GFP+ (single cell batch 7)	3.57362338951281	3.64902114452625	2.43481714548012	2.67435735185774	3.99748854073445	2.02128545737824	1.85502380494855	3.33510110931858	3.45408528099388	1.76397364772571	1.24087570699989	1.24087570699989	3.58722905434604	9.82857421943645
SRR2921327	Th17p	SRX1435551	1931760	1338290	69.2783	GSM1943150	IL1B_IL6_IL23-48h-IL-17A/GFP+ (single cell batch 7)	3.5527684414173	3.6292843414946	2.48152807444136	2.70590203186113	5.74563048901633	2.12603637799718	1.90213845494345	3.50284486703301	3.45995226073857	1.76767932375721	1.24968662352076	1.24968662352076	3.61977199022871	9.82857421943645
SRR2921328	Th17p	SRX1435552	1911150	1317530	68.9394	GSM1943151	IL1B_IL6_IL23-48h-IL-17A/GFP+ (single cell batch 7)	3.48605658323499	3.59226158432615	2.52714647844707	2.68913299582667	5.60515112216994	2.12884092740382	1.89062538583048	3.46454904597504	3.33413983660958	1.7659762343985	1.25725955691069	1.25725955691069	3.6171057699488	9.82857421943645
SRR2921329	Th17p	SRX1435553	2253300	1626500	72.1828	GSM1943152	IL1B_IL6_IL23-48h-IL-17A/GFP+ (single cell batch 7)	3.53585473539142	3.6314850670593	2.53083216971135	2.70686264881486	5.77949531323902	2.15579330238744	1.90669262212918	3.48637540727864	3.49799105106752	1.7180532809921	1.21263363200623	1.21263363200623	3.61159955044328	9.82857421943645
SRR2921330	Th17p	SRX1435554	1905310	1368650	71.8334	GSM1943153	IL1B_IL6_IL23-48h-IL-17A/GFP+ (single cell batch 7)	3.55538559166855	3.61558690416196	2.51778521726924	2.67968178411188	5.74292622904853	2.06091653235319	1.871242470606	3.50028018955912	3.41013748723269	1.76073850551084	1.24688237258643	1.24688237258643	3.60664542913933	9.82857421943645
SRR2921331	Th17p	SRX1435555	1741170	1084470	62.284	GSM1943154	IL1B_IL6_IL23-48h-IL-17A/GFP+ (single cell batch 7)	3.57572143591608	3.64539086522503	2.50692529701623	2.70305338852302	5.89429499913007	2.123276222296	1.87807154264209	3.34207442511361	3.45966485398454	1.73325722446834	1.22667389318843	1.22667389318843	3.61309190955177	9.82857421943645
SRR2921332	Th17p	SRX1435556	1746220	1115460	63.8785	GSM1943155	IL1B_IL6_IL23-48h-IL-17A/GFP+ (single cell batch 7)	3.51404495656594	3.58830006834109	2.44931129151114	2.67936122850808	5.0355703044017	2.10269333518432	1.91431452517035	3.49934210437393	3.40160335149849	1.72072552771237	1.2197130482609	1.2197130482609	3.62068759226968	9.82857421943645
SRR2921333	Th17p	SRX1435557	1772230	1220120	68.8467	GSM1943156	IL1B_IL6_IL23-48h-IL-17A/GFP+ (single cell batch 7)	3.55069133441703	3.6098412089634	2.58546894195164	2.73951887606827	5.82904059931621	2.09259434904407	1.8815616299694	3.35448374744001	3.441555691863	1.75690555341153	1.24261860321193	1.24261860321193	3.62269379987536	9.82857421943645
SRR2921334	Th17p	SRX1435558	2230300	1593580	71.4514	GSM1943157	IL1B_IL6_IL23-48h-IL-17A/GFP+ (single cell batch 7)	3.54965174465687	3.64807795658817	2.53845714923223	2.68861065784343	5.67746670642805	2.17925596362268	1.90023129346619	3.65923904750985	3.36558951242801	1.82101543046119	1.28149575431209	1.28149575431209	3.61727367594964	9.82857421943645
SRR2921335	Th17p	SRX1435559	277910	203038	73.0589	GSM1943158	IL1B_IL6_IL23-48h-IL-17A/GFP+ (single cell batch 7)	3.52991176748063	3.60535896908253	2.57372728473061	2.71666009533921	5.80382152892833	2.12975604614168	1.88506554204172	3.5051323724931	3.30565281508075	1.77760688496228	1.25690401454966	1.25690401454966	3.62133655031317	9.82857421943645
SRR2921336	Th17p	SRX1435560	1879000	1286030	68.4423	GSM1943159	IL1B_IL6_IL23-48h-IL-17A/GFP+ (single cell batch 7)	3.52831300583577	3.62743145729747	2.58326481285326	2.67999496168627	5.82294012279147	2.11878453420308	1.90307832396408	3.4862879816771	3.4857433725579	1.73956320262199	1.21875879360295	1.21875879360295	3.61531455873206	9.82857421943645
SRR2921337	Th17p	SRX1435561	1723060	1256080	72.8983	GSM1943160	IL1B_IL6_IL23-48h-IL-17A/GFP+ (single cell batch 7)	3.48172249694407	3.58019379141425	2.46726441216743	2.63894923238875	5.68097206163552	2.1581024062389	1.92061116560927	3.36301190471439	3.45457223636057	1.77405444844954	1.244040701109	1.244040701109	3.61354725412679	9.82857421943645
SRR2921338	Th17p	SRX1435562	2223750	1524060	68.5356	GSM1943161	IL1B_IL6_IL23-48h-IL-17A/GFP+ (single cell batch 7)	3.53450324308236	3.60701662627076	2.45584274497095	2.66203070316085	5.69481994305264	2.10448883250196	1.853701832236	3.35562870725665	3.30891623616493	1.73030478756983	1.20956840893255	1.20956840893255	3.61606310304693	9.82857421943645
SRR2921339	Th17p	SRX1435563	2217440	1546350	69.7357	GSM1943162	IL1B_IL6_IL23-48h-IL-17A/GFP+ (single cell batch 7)	3.54425505720403	3.63240549546003	2.54581603516705	2.70214741409458	5.63589492638759	2.09594853066207	1.88356600532503	3.59723807415841	3.29525753520438	1.70501433471469	1.22064514442619	1.22064514442619	3.61661378291819	9.82857421943645
SRR2921340	Th17p	SRX1435564	1624290	985249	60.6574	GSM1943163	IL1B_IL6_IL23-48h-IL-17A/GFP+ (single cell batch 7)	3.41212608810575	3.41511291820752	2.56647958831418	2.60496157781781	5.7583552956309	2.03976906965472	1.86744628273899	3.35497669164476	3.32640871497907	1.76775777519569	1.22710612596058	1.22710612596058	3.62208566592068	9.82857421943645
SRR2921341	Th17p	SRX1435565	1088470	636749	58.4995	GSM1943164	IL1B_IL6_IL23-48h-IL-17A/GFP+ (single cell batch 7)	3.49766064480226	3.6083508041919	2.4087847661138	2.69110607062723	5.83408516881021	2.10778511551864	1.84201325857629	3.30476142932523	3.47066933512499	1.67015937221453	1.19029905567793	1.19029905567793	3.43618857809158	9.82857421943645
SRR2921342	Th17p	SRX1435566	1563710	1093740	69.9451	GSM1943165	IL1B_IL6_IL23-48h-IL-17A/GFP+ (single cell batch 7)	3.56867703996916	3.64801579070323	2.41429880875862	2.71818789348043	5.8066334225215	2.15941765904349	1.91600454486837	3.36235140644149	3.39320163336032	1.78709686427942	1.27851439756357	1.27851439756357	3.61815157531868	9.82857421943645
SRR2921343	Th17p	SRX1435567	2254000	1485390	65.9002	GSM1943166	IL1B_IL6_IL23-48h-IL-17A/GFP+ (single cell batch 7)	3.48351108196361	3.60443577204592	2.53009048039017	2.6849902124382	5.80315876226812	2.16879814114333	1.88764631057348	3.6605487285064	3.31280881873078	1.78061142919949	1.229009120864	1.229009120864	3.58442660037428	9.82857421943645
SRR2921344	Th17p	SRX1435568	1479640	1086190	73.4092	GSM1943167	IL1B_IL6_IL23-48h-IL-17A/GFP+ (single cell batch 7)	3.55734556464315	3.56588501353875	2.45820149003548	2.68426994050654	5.765936450637	2.11260101185735	1.87883583402455	3.66068473109619	3.4982747362179	1.74679067933234	1.24371085522204	1.24371085522204	3.61707692314119	9.82857421943645
SRR2921345	Th17p	SRX1435569	1558140	1048300	67.2785	GSM1943168	IL1B_IL6_IL23-48h-IL-17A/GFP+ (single cell batch 7)	3.49878385879352	3.58398796885573	2.44298392925457	2.71431442100009	5.77502325874572	2.12754653184818	1.87535565035666	3.48862788638484	3.60523740100569	1.74201058838458	1.23304382437567	1.23304382437567	3.58772231271638	9.82857421943645
SRR2921346	Th17p	SRX1435570	1137920	720859	63.3486	GSM1943169	IL1B_IL6_IL23-48h-IL-17A/GFP+ (single cell batch 7)	3.50521457776702	3.61460076248279	2.53347555941949	2.68334048011775	5.78196584712525	2.08173699649731	1.83836943769569	3.48407746350613	3.43407304938617	1.71755767194535	1.20309828555126	1.20309828555126	3.61289498073946	9.82857421943645
SRR2921347	Th17p	SRX1435571	1899460	1311190	69.0295	GSM1943170	IL1B_IL6_IL23-48h-IL-17A/GFP+ (single cell batch 7)	3.54853713882579	3.5767021431325	2.45820347728292	2.64329421722496	5.31858343546493	2.13909801061965	1.89850489645002	3.5065082314403	3.33089318699576	1.69498646799554	1.19373449427004	1.19373449427004	3.61665369468616	9.82857421943645
SRR2921348	Th17p	SRX1435572	1684200	1095240	65.0307	GSM1943171	IL1B_IL6_IL23-48h-IL-17A/GFP+ (single cell batch 7)	3.52516488827729	3.62851183929971	2.46981276573986	2.64083775990597	5.98997971295947	2.10624887576762	1.88975858086123	3.3466176757151	3.79833557551126	1.74614392082491	1.2376417602647	1.2376417602647	3.60900838946828	9.82857421943645
SRR2921349	Th17p	SRX1435573	1602570	1029370	64.2322	GSM1943172	IL1B_IL6_IL23-48h-IL-17A/GFP+ (single cell batch 7)	3.50198729112679	3.60803823873638	2.46430496361756	2.69345104765589	5.6317909241919	2.1668269093758	1.91777672925244	3.5059952883696	3.47924197046988	1.74955312442971	1.2355584362334	1.2355584362334	3.61486704599259	9.82857421943645
SRR2921350	Th17p	SRX1435574	2075210	1444850	69.6242	GSM1943173	IL1B_IL6_IL23-48h-IL-17A/GFP+ (single cell batch 7)	3.54574757592632	3.59813967505277	2.51713766272272	2.63351462948191	5.85426488156601	2.11499276441753	1.8953769763773	3.48008808147995	3.45154386993764	1.72181379207231	1.21474344398739	1.21474344398739	3.62225498843196	9.82857421943645
SRR2921351	Th17p	SRX1435575	1407020	951906	67.6539	GSM1943174	IL1B_IL6_IL23-48h-IL-17A/GFP+ (single cell batch 7)	3.53395070644288	3.63261428548058	2.5310330231709	2.68642750189547	5.72355602523452	2.08866058505846	1.89551908182098	3.44950286503368	3.30700843821076	1.73995899783863	1.22959895163892	1.22959895163892	3.61772063581792	9.82857421943645
SRR2921352	Th17p	SRX1435576	1981660	1167040	58.8922	GSM1943175	IL1B_IL6_IL23-48h-IL-17A/GFP+ (single cell batch 8)	3.53696803965121	3.64335936717409	2.47630529434834	2.67890740977755	5.73521216257178	2.10052630606898	1.86273260202981	3.33029402054167	3.30673819275433	1.75260011501152	1.2555888704541	1.2555888704541	3.62015463885531	9.82857421943645
SRR2921353	Th17p	SRX1435577	2166610	1364700	62.9876	GSM1943176	IL1B_IL6_IL23-48h-IL-17A/GFP+ (single cell batch 8)	3.51566659115313	3.63081117996673	2.44984974807258	2.75317223820871	5.75043177968493	2.14167790010978	1.88018997318845	3.66224476884443	3.48366309382848	1.7652102506362	1.25184043710959	1.25184043710959	3.59665452362829	9.82857421943645
SRR2921354	Th17p	SRX1435578	1275050	896572	70.3168	GSM1943177	IL1B_IL6_IL23-48h-IL-17A/GFP+ (single cell batch 8)	3.54536921379982	3.59393527186453	2.47441588817476	2.67311195426215	5.59709666022592	2.12529192852569	1.89190531019229	3.35666729061026	3.52928725020662	1.78710847410383	1.26540690225086	1.26540690225086	3.59321026645867	9.82857421943645
SRR2921355	Th17p	SRX1435579	3152490	1935620	61.3997	GSM1943178	IL1B_IL6_IL23-48h-IL-17A/GFP+ (single cell batch 8)	3.55217818859297	3.58180892623858	2.4920250621498	2.64696821715638	5.80384999945327	2.12827849340176	1.89668091704761	3.49214741355183	3.30621719332503	1.73199486911222	1.24511831273541	1.24511831273541	3.60925906946673	9.82857421943645
SRR2921356	Th17p	SRX1435580	2586960	1545630	59.7469	GSM1943179	IL1B_IL6_IL23-48h-IL-17A/GFP+ (single cell batch 8)	3.56437039427934	3.64007723505539	2.43806885208442	2.65157148449963	5.84935810047182	2.06217754517926	1.87382556063377	3.33169894278326	3.28447997562006	1.69842536024156	1.20570508739547	1.20570508739547	3.60930734259463	9.82857421943645
SRR2921357	Th17p	SRX1435581	1667450	1131460	67.8559	GSM1943180	IL1B_IL6_IL23-48h-IL-17A/GFP+ (single cell batch 8)	3.54800490362602	3.60252197428372	2.57305242067047	2.72322250086266	5.64915823218446	2.13884998807019	1.88421840456287	3.35437151249706	3.3110523550725	1.78315452234342	1.25649873545945	1.25649873545945	3.61367306987693	9.82857421943645
SRR2921358	Th17p	SRX1435582	2295110	1262610	55.013	GSM1943181	IL1B_IL6_IL23-48h-IL-17A/GFP+ (single cell batch 8)	3.54747279420144	3.63397170283969	2.46174964414452	2.73597320296629	5.42204608529687	2.17129666609634	1.86161645947741	3.50739759661933	3.69127702090943	1.75231291653483	1.24451465708846	1.24451465708846	3.62126850476512	9.82857421943645
SRR2921359	Th17p	SRX1435583	1968390	1164730	59.1717	GSM1943182	IL1B_IL6_IL23-48h-IL-17A/GFP+ (single cell batch 8)	3.546537223564	3.63103697773261	2.58894666527734	2.73850148743793	5.91273250028791	2.15885565828959	1.88351876429359	3.47448423814974	3.62084064507584	1.71430276945465	1.23645460193701	1.23645460193701	3.61956293073649	9.82857421943645
SRR2921360	Th17p	SRX1435584	2266020	1527100	67.3913	GSM1943183	IL1B_IL6_IL23-48h-IL-17A/GFP+ (single cell batch 8)	3.56101416646875	3.64581098863199	2.54062175212298	2.73361316224549	5.570289132244	2.1648792493439	1.90616162444482	3.48179182442244	3.44515693920488	1.76804300373596	1.25711671899982	1.25711671899982	3.61877751108751	9.82857421943645
SRR2921361	Th17p	SRX1435585	2531390	1864390	73.6509	GSM1943184	IL1B_IL6_IL23-48h-IL-17A/GFP+ (single cell batch 8)	3.57929562513341	3.66210563199307	2.46824261438288	2.75557888608814	5.62974631409719	2.12011049188656	1.87401411151124	3.43149073668825	3.33890770301093	1.74562961004914	1.24208908695938	1.24208908695938	3.60887391859302	9.82857421943645
SRR2921362	Th17p	SRX1435586	2290940	1592820	69.5269	GSM1943185	IL1B_IL6_IL23-48h-IL-17A/GFP+ (single cell batch 8)	3.55545134494698	3.6569812744157	2.56621385360653	2.69628397360195	5.78547689121527	2.12379427022243	1.90124114232989	3.34046226493532	3.76681218348118	1.75841478048506	1.24556248552605	1.24556248552605	3.61793403822186	9.82857421943645
SRR2921363	Th17p	SRX1435587	1409870	760250	53.9234	GSM1943186	IL1B_IL6_IL23-48h-IL-17A/GFP+ (single cell batch 8)	3.49499054418215	3.59187362558859	2.42912854336321	2.71174188713108	5.69589576083869	2.1185150839564	1.86830282201137	3.34852705967228	3.29528570951622	1.74837795184257	1.22176428767355	1.22176428767355	3.621697018576	9.82857421943645
SRR2921364	Th17p	SRX1435588	2051500	1356070	66.101	GSM1943187	IL1B_IL6_IL23-48h-IL-17A/GFP+ (single cell batch 8)	3.49522836712166	3.56633948905226	2.44503127060197	2.67418133810184	5.73679512864991	2.14847449267389	1.88461833367693	3.3548560083563	3.49094923336853	1.76910877719818	1.24858945214796	1.24858945214796	3.61757473447785	9.82857421943645
SRR2921365	Th17p	SRX1435589	2616030	1598680	61.1108	GSM1943188	IL1B_IL6_IL23-48h-IL-17A/GFP+ (single cell batch 8)	3.5253082141818	3.62306646187436	2.53096991016371	2.74010335067481	5.82487857959128	2.16250369360607	1.88822504041421	3.3484227537827	3.33645287067291	1.71534459676321	1.23197717112771	1.23197717112771	3.61960926391822	9.82857421943645
SRR2921366	Th17p	SRX1435590	2565930	1562870	60.9086	GSM1943189	IL1B_IL6_IL23-48h-IL-17A/GFP+ (single cell batch 8)	3.53559704357605	3.61248694432246	2.48229100367834	2.64884347239605	5.85300668275808	2.08077470695229	1.8622423015192	3.49285510863625	3.64018586307205	1.74818841275377	1.24573579321732	1.24573579321732	3.56477079235851	9.82857421943645
SRR2921367	Th17p	SRX1435591	3720160	2550040	68.5464	GSM1943190	IL1B_IL6_IL23-48h-IL-17A/GFP+ (single cell batch 8)	3.52575550262578	3.58129186091431	2.51863084346599	2.6925802110611	5.80839531994102	2.13774346878017	1.89306500433338	3.33707994126847	3.7118878647987	1.7516791037305	1.238837841198	1.238837841198	3.61370702861549	9.82857421943645
SRR2921368	Th17p	SRX1435592	3560670	2615870	73.4657	GSM1943191	IL1B_IL6_IL23-48h-IL-17A/GFP+ (single cell batch 8)	3.54907216522696	3.60257372592258	2.54703105866746	2.70574566557534	5.70455325734774	2.13479930775894	1.89704049253581	3.42135925939067	3.5853298067691	1.76693402504277	1.24735706846977	1.24735706846977	3.60893719800416	9.82857421943645
SRR2921369	Th17p	SRX1435593	3962980	2740270	69.1468	GSM1943192	IL1B_IL6_IL23-48h-IL-17A/GFP+ (single cell batch 8)	3.55843411956946	3.63855270639619	2.48217201552392	2.73352136145308	5.70017417794781	2.17590393958088	1.91533747450265	3.35287751892859	3.28749368001156	1.75294421108007	1.25851875296658	1.25851875296658	3.60889787086379	9.82857421943645
SRR2921370	Th17p	SRX1435594	2644080	1806230	68.3122	GSM1943193	IL1B_IL6_IL23-48h-IL-17A/GFP+ (single cell batch 8)	3.58114829469243	3.67350339071378	2.58067171567597	2.77883323606519	5.30056351692212	2.15689744599451	1.90810704720101	3.35092224188074	3.4889524315347	1.79480161037472	1.27731358350523	1.27731358350523	3.61181378312582	9.82857421943645
SRR2921371	Th17p	SRX1435595	3209960	2002190	62.3744	GSM1943194	IL1B_IL6_IL23-48h-IL-17A/GFP+ (single cell batch 8)	3.54063486073118	3.6344272475614	2.56194321383308	2.72524900589418	5.89167791457412	2.09581456132314	1.87072088223704	3.49198357813093	3.83710923499841	1.72212040019571	1.22073698860338	1.22073698860338	3.61604262347487	9.82857421943645
SRR2921372	Th17p	SRX1435596	2198920	1465400	66.6416	GSM1943195	IL1B_IL6_IL23-48h-IL-17A/GFP+ (single cell batch 8)	3.57972026369557	3.65986415885588	2.44931873126604	2.70168512479088	5.79045745760731	2.14572152547913	1.89127012945537	3.43473470856096	3.32839528067028	1.77531603812799	1.25545955523799	1.25545955523799	3.60499907756132	9.82857421943645
SRR2921373	Th17p	SRX1435597	2109040	1149880	54.5213	GSM1943196	IL1B_IL6_IL23-48h-IL-17A/GFP+ (single cell batch 8)	3.57279589321674	3.66286284214826	2.54685954017588	2.69091815917854	5.69237664893044	2.08768514029261	1.87870327791397	3.46717031669799	3.4289751790512	1.75612357907562	1.25270739461666	1.25270739461666	3.61482690390601	9.82857421943645
SRR2921374	Th17p	SRX1435598	2467390	1661380	67.3333	GSM1943197	IL1B_IL6_IL23-48h-IL-17A/GFP+ (single cell batch 8)	3.52148264283762	3.55891116509444	2.4713552971362	2.67729645157751	5.74599762109968	2.16284720371657	1.91076706124835	3.65706471755717	3.39494041539855	1.76109122639392	1.2493818581272	1.2493818581272	3.61788668596894	9.82857421943645
SRR2921375	Th17p	SRX1435599	2771400	1769390	63.8444	GSM1943198	IL1B_IL6_IL23-48h-IL-17A/GFP+ (single cell batch 8)	3.5500165389458	3.65489282058553	2.53727945919524	2.6826533318464	5.88690029983276	2.14563155500979	1.89646457784868	3.32373753061228	3.35724238844011	1.80927158696736	1.26636767618393	1.26636767618393	3.61537254919087	9.82857421943645
SRR2921376	Th17p	SRX1435600	1677190	1061940	63.3164	GSM1943199	IL1B_IL6_IL23-48h-IL-17A/GFP+ (single cell batch 8)	3.50392743223151	3.58188134673824	2.59179594470277	2.70476347999786	5.80285219519456	2.12739416373156	1.89012245122525	3.45977654607022	3.42127710800442	1.73882273819838	1.23470895962858	1.23470895962858	3.61523477452945	9.82857421943645
SRR2921377	Th17p	SRX1435601	2743070	1846580	67.3178	GSM1943200	IL1B_IL6_IL23-48h-IL-17A/GFP+ (single cell batch 8)	3.5641147630515	3.65639641777791	2.45877218458255	2.70437972410603	5.86444459848221	2.11439497458799	1.91270146933923	3.49255487561248	3.54823938372009	1.76459158476346	1.25939725753214	1.25939725753214	3.62138634965517	9.82857421943645
SRR2921378	Th17p	SRX1435602	2165760	1442840	66.6202	GSM1943201	IL1B_IL6_IL23-48h-IL-17A/GFP+ (single cell batch 8)	3.56498954641707	3.66711999822384	2.51942655036835	2.76412422236228	5.76287485840656	2.16807270544299	1.90645977331766	3.56610859497137	3.47862695792034	1.7822280246273	1.26907244723196	1.26907244723196	3.6154461489368	9.82857421943645
SRR2921379	Th17p	SRX1435603	3187700	1897220	59.5169	GSM1943202	IL1B_IL6_IL23-48h-IL-17A/GFP+ (single cell batch 8)	3.55224718284382	3.64794814782585	2.45422951358405	2.68527027193966	5.79915821098776	2.05553051497476	1.86943417564501	3.33240193391377	3.34735023907456	1.74450629358477	1.24307012367413	1.24307012367413	3.6159769355768	9.82857421943645
SRR2921380	Th17p	SRX1435604	2233810	1388480	62.1573	GSM1943203	IL1B_IL6_IL23-48h-IL-17A/GFP+ (single cell batch 8)	3.54596545379792	3.64902125871346	2.58752049545586	2.71336320594053	5.71891643146126	2.08988234957172	1.88804018287291	3.34718302598406	3.47399733707943	1.80929113552667	1.27176060613338	1.27176060613338	3.61938305906916	9.82857421943645
SRR2921381	Th17p	SRX1435605	2934600	1876220	63.9345	GSM1943204	IL1B_IL6_IL23-48h-IL-17A/GFP+ (single cell batch 8)	3.53236439626578	3.5643471220838	2.57544306550197	2.73443513022693	5.70844566759919	2.18629849636482	1.91639138130089	3.5010968675584	3.464457305556	1.78839860456476	1.27262474711148	1.27262474711148	3.61559827236705	9.82857421943645
SRR2921382	Th17p	SRX1435606	1237510	785742	63.494	GSM1943205	IL1B_IL6_IL23-48h-IL-17A/GFP+ (single cell batch 8)	3.55875784480393	3.61951499675605	2.59823540007474	2.76239300225933	5.78444221765016	2.12697572125787	1.92025071163445	3.34909337587065	3.65293484234109	1.77292607964682	1.25079665840607	1.25079665840607	3.60802704015111	9.82857421943645
SRR2921383	Th17p	SRX1435607	3314510	1924550	58.0645	GSM1943206	IL1B_IL6_IL23-48h-IL-17A/GFP+ (single cell batch 8)	3.56003373108834	3.63024844988361	2.50642964317802	2.72984102125721	5.80942112822063	2.08422511197524	1.85030074920401	3.35409397704986	3.31554439586913	1.73430316339824	1.22452473839106	1.22452473839106	3.6152610052663	9.82857421943645
SRR2921384	Th17p	SRX1435608	2996950	1754640	58.5474	GSM1943207	IL1B_IL6_IL23-48h-IL-17A/GFP+ (single cell batch 8)	3.55643077922227	3.62162420300305	2.50125534916943	2.67913017312092	5.72398351034547	2.14859841453284	1.88007067861863	3.50592944619079	3.7605392605523	1.72801896496733	1.23635523468977	1.23635523468977	3.61961657872487	9.82857421943645
SRR2921385	Th17p	SRX1435609	3419390	2232320	65.284	GSM1943208	IL1B_IL6_IL23-48h-IL-17A/GFP+ (single cell batch 8)	3.51484501582361	3.59867466973445	2.434953589663	2.72775484598816	5.7225553856098	2.16433547338207	1.93167856450445	3.6228152872064	3.49762971717932	1.78657809345247	1.25782467783705	1.25782467783705	3.60591845714821	9.82857421943645
SRR2921386	Th17p	SRX1435610	2016850	1238730	61.4191	GSM1943209	IL1B_IL6_IL23-48h-IL-17A/GFP+ (single cell batch 8)	3.55567431905311	3.62847447833389	2.57961401582843	2.66400741699422	5.76047782294419	2.12137420651479	1.90646341382353	3.36139042591916	3.33433346423481	1.77590489983517	1.26273422199358	1.26273422199358	3.60019200039442	9.82857421943645
SRR2921387	Th17p	SRX1435611	1703430	1062500	62.3739	GSM1943210	IL1B_IL6_IL23-48h-IL-17A/GFP+ (single cell batch 8)	3.49748875413174	3.60329928790736	2.47501372017751	2.65176750599891	5.7585217812326	2.10406503739009	1.88542658281801	3.49595258502752	3.63782640911245	1.76321514207603	1.25517629021053	1.25517629021053	3.5811839098608	9.82857421943645
SRR2921388	Th17p	SRX1435612	1429560	802105	56.1083	GSM1943211	IL1B_IL6_IL23-48h-IL-17A/GFP+ (single cell batch 8)	3.54496415259451	3.60908457511477	2.39963109352505	2.7012262107578	5.77663924674046	2.08474282421487	1.86712874195234	3.61510088146007	3.31344685730102	1.72622010177295	1.23163886473382	1.23163886473382	3.60828146418187	9.82857421943645
SRR2921389	Th17p	SRX1435613	3165120	1728370	54.6069	GSM1943212	IL1B_IL6_IL23-48h-IL-17A/GFP+ (single cell batch 8)	3.55280869619199	3.62076613782426	2.47526423531297	2.69396502053054	5.74853198630857	2.11662074286114	1.89032931221603	3.62351552167864	3.44989474838043	1.75057063463968	1.23247353210955	1.23247353210955	3.62521829466874	9.82857421943645
SRR2921390	Th17p	SRX1435614	1887400	1036790	54.9319	GSM1943213	IL1B_IL6_IL23-48h-IL-17A/GFP+ (single cell batch 8)	3.5726780959626	3.65145320677217	2.43436407465607	2.66113419283767	5.70397279463649	2.15224426622834	1.8923202235981	3.36120768434212	3.48674313660187	1.76762887304717	1.24369706336689	1.24369706336689	3.61128361048386	9.82857421943645
SRR2921391	Th17p	SRX1435615	1309270	895707	68.4129	GSM1943214	IL1B_IL6_IL23-48h-IL-17A/GFP+ (single cell batch 8)	3.50295815788424	3.60628864299884	2.47511354911676	2.72162830097969	5.75417403338041	2.11025595530541	1.90965460305834	3.44315259124356	3.45550304514635	1.75742896292546	1.23954827177724	1.23954827177724	3.61039388758301	9.82857421943645
SRR2921392	Th17p	SRX1435616	1506600	945401	62.7505	GSM1943215	IL1B_IL6_IL23-48h-IL-17A/GFP+ (single cell batch 8)	3.53518693293071	3.59050233275837	2.56728800832424	2.65748157725982	5.78500733516813	2.11355961829748	1.89722389886182	3.67929599798422	3.36659391655536	1.78288542102235	1.27164722550258	1.27164722550258	3.62022764528076	9.82857421943645
SRR2921393	Th17p	SRX1435617	1858360	1157260	62.273	GSM1943216	IL1B_IL6_IL23-48h-IL-17A/GFP+ (single cell batch 8)	3.4762084467716	3.5116650489454	2.47243225534319	2.68144845953511	5.7671872511099	2.09826739996528	1.89402650108362	3.35988470331132	3.38649540801319	1.75155579618903	1.24388601704595	1.24388601704595	3.6087569791677	9.82857421943645
SRR2921394	Th17p	SRX1435618	1324320	820554	61.9604	GSM1943217	IL1B_IL6_IL23-48h-IL-17A/GFP+ (single cell batch 8)	3.51387157067318	3.57379649067949	2.45830782369295	2.67065465812576	5.70867630262457	2.12452234225683	1.89860067309706	3.64160414870837	3.48741483744763	1.79068966715754	1.25901542110356	1.25901542110356	3.62276073408247	9.82857421943645
SRR2921395	Th17p	SRX1435619	2400920	1474300	61.4056	GSM1943218	IL1B_IL6_IL23-48h-IL-17A/GFP+ (single cell batch 8)	3.55170672522645	3.62381995928683	2.57890794043521	2.68998796189461	5.66961304194729	2.15663917256015	1.90139490577014	3.44345949336209	3.70484228864411	1.68301498172038	1.21104456506266	1.21104456506266	3.62127483018453	9.82857421943645
SRR2921396	Th17p	SRX1435620	1222090	852572	69.7634	GSM1943219	IL1B_IL6_IL23-48h-IL-17A/GFP+ (single cell batch 8)	3.52038690594561	3.52898739684493	2.46617649697901	2.65064555345652	5.71371712977055	2.1065437828577	1.91895895161356	3.33892134220771	3.60080743934127	1.75556311916556	1.23487800565068	1.23487800565068	3.60901764323175	9.82857421943645
SRR2921397	Th17p	SRX1435621	1442030	911329	63.1976	GSM1943220	IL1B_IL6_IL23-48h-IL-17A/GFP+ (single cell batch 8)	3.51856551647031	3.61580360128821	2.45914740764648	2.69801896415608	5.71740663535015	2.12303463316263	1.87064089956936	3.56935841517385	3.34607890101918	1.76418911487823	1.24348491845984	1.24348491845984	3.58568065758915	9.82857421943645
SRR2921398	Th17p	SRX1435622	2669530	1695920	63.5287	GSM1943221	IL1B_IL6_IL23-48h-IL-17A/GFP+ (single cell batch 8)	3.47976973177025	3.55202248398328	2.46647807724974	2.69444099171468	5.81908133125424	2.1158081065826	1.88407521103797	3.49540111513039	3.41207110634956	1.71566762883915	1.22421022204045	1.22421022204045	3.6127738821407	9.82857421943645
SRR2921399	Th17p	SRX1435623	2946520	2149250	72.942	GSM1943222	IL1B_IL6_IL23-48h-IL-17A/GFP+ (single cell batch 8)	3.50227105171152	3.5908160783631	2.4771006694901	2.72378624843206	5.71781492877445	2.18098063879839	1.93755700683587	3.55729135587015	3.64897526682843	1.80559321881321	1.27291718034801	1.27291718034801	3.60997674835257	9.82857421943645
SRR2921400	Th17p	SRX1435624	1895830	1292000	68.1499	GSM1943223	IL1B_IL6_IL23-48h-IL-17A/GFP+ (single cell batch 8)	3.55275889553968	3.6019179261789	2.44241991379843	2.66876790010343	5.66606472446499	2.12106889870962	1.90335309748554	3.68016530198807	3.87078839137471	1.77384460822121	1.25492794002894	1.25492794002894	3.6150430954792	9.82857421943645
SRR2921401	Th17p	SRX1435625	1287500	890797	69.1881	GSM1943224	IL1B_IL6_IL23-48h-IL-17A/GFP+ (single cell batch 8)	3.53246898981179	3.61656254824609	2.55435014096524	2.74602479830638	5.73409777321607	2.15436083846462	1.89434638492404	3.50211225638025	3.34543144467412	1.76052351678564	1.24217157629673	1.24217157629673	3.6102280316101	9.82857421943645
SRR2921402	Th17p	SRX1435626	1907850	1280170	67.1002	GSM1943225	IL1B_IL6_IL23-48h-IL-17A/GFP+ (single cell batch 8)	3.49641398030151	3.52072182178463	2.50444016537349	2.66091206107378	5.50589963367281	2.09766924512878	1.89644963033399	3.64502613049979	3.58907129510121	1.76201105056231	1.24417541704992	1.24417541704992	3.61911967721383	9.82857421943645
SRR2921403	Th17p	SRX1435627	3423240	2488000	72.6795	GSM1943226	IL1B_IL6_IL23-48h-IL-17A/GFP+ (single cell batch 8)	3.56095130390212	3.65324391277885	2.62060417181073	2.76198304730947	5.69384498584866	2.1926998870604	1.9209142148062	3.3486584592152	3.45268078801521	1.79901648038365	1.28987858237846	1.28987858237846	3.62086606343554	9.82857421943645
SRR2921404	Th17p	SRX1435628	3334230	1880050	56.3864	GSM1943227	IL1B_IL6_IL23-48h-IL-17A/GFP+ (single cell batch 8)	3.47291960174323	3.57271973190436	2.55976592126765	2.65404854634409	5.66674756333864	2.09755782418712	1.91299567271606	3.3499253202436	3.46722588076224	1.75433334537326	1.23731949865095	1.23731949865095	3.61728795702704	9.82857421943645
SRR2921405	Th17p	SRX1435629	2134750	1256590	58.8633	GSM1943228	IL1B_IL6_IL23-48h-IL-17A/GFP+ (single cell batch 8)	3.57576388497741	3.65365290989735	2.4650237245244	2.7577231325712	5.47657673280301	2.13978818023229	1.93607731334444	3.58122609567131	3.34052609225438	1.78253473201365	1.2575316227239	1.2575316227239	3.62059226382334	9.82857421943645
SRR2921406	Th17p	SRX1435630	2478700	1579070	63.7058	GSM1943229	IL1B_IL6_IL23-48h-IL-17A/GFP+ (single cell batch 8)	3.53812967176236	3.6079010155133	2.48806241874692	2.66019994393055	5.70490878827617	2.13737038517666	1.89079539562034	3.48383345589795	3.60415696263063	1.77493072160133	1.24810293464663	1.24810293464663	3.60546669031448	9.82857421943645
SRR2921407	Th17p	SRX1435631	2686410	1647400	61.3234	GSM1943230	IL1B_IL6_IL23-48h-IL-17A/GFP+ (single cell batch 8)	3.56927827432737	3.65321451701709	2.62228237312514	2.7797282394675	5.54759565877011	2.12252684088844	1.90261266422814	3.44480700929538	3.47077220958224	1.72825872150481	1.23064459314181	1.23064459314181	3.61745832958455	9.82857421943645
SRR2921408	Th17p	SRX1435632	2754480	1623700	58.9476	GSM1943231	IL1B_IL6_IL23-48h-IL-17A/GFP+ (single cell batch 8)	3.52111417642563	3.57372560695543	2.57485778176224	2.67248810649002	5.67667195069254	2.10194278070922	1.86660954561954	3.35245233059851	3.45003455528127	1.75250195086268	1.22742472981846	1.22742472981846	3.61010945075418	9.82857421943645
SRR2921409	Th17p	SRX1435633	2702100	1679700	62.1627	GSM1943232	IL1B_IL6_IL23-48h-IL-17A/GFP+ (single cell batch 8)	3.5614049135641	3.64630010839693	2.53306967497323	2.6995246347929	5.80325599876201	2.20305594581324	1.90813663040073	3.48477753036018	3.83261167760854	1.76302748208246	1.24320434059735	1.24320434059735	3.61707142013249	9.82857421943645
SRR2921410	Th17p	SRX1435634	2184820	1293630	59.2099	GSM1943233	IL1B_IL6_IL23-48h-IL-17A/GFP+ (single cell batch 8)	3.58046680616761	3.67571620378856	2.53003225043815	2.7040209913683	5.78814619567832	2.15800493871278	1.91863242950669	3.33594059008665	3.42230849008676	1.72159360074878	1.21500032276772	1.21500032276772	3.6119824422402	9.82857421943645
SRR2921411	Th17p	SRX1435635	2544270	1763130	69.2982	GSM1943234	IL1B_IL6_IL23-48h-IL-17A/GFP+ (single cell batch 8)	3.50194293623052	3.59427909994591	2.46101080407861	2.63480543283505	5.63067325287808	2.14324951071009	1.90751573229717	3.53927230382093	3.50996126421057	1.76770778407226	1.25537680359367	1.25537680359367	3.59265216058501	9.82857421943645
SRR2921412	Th17p	SRX1435636	2787460	1806110	64.794	GSM1943235	IL1B_IL6_IL23-48h-IL-17A/GFP+ (single cell batch 8)	3.57344223372339	3.66075465320871	2.48557603059941	2.77917332552918	5.84815461114626	2.17847280182724	1.89233229796726	3.34445867220898	3.39863617726488	1.72452107783578	1.25489462949285	1.25489462949285	3.60454005952002	9.82857421943645
SRR2921413	Th17p	SRX1435637	2766720	1902840	68.7761	GSM1943236	IL1B_IL6_IL23-48h-IL-17A/GFP+ (single cell batch 8)	3.5750682752489	3.67697524250485	2.50888925886	2.73641100124436	5.72813184822948	2.13672227043968	1.90488255959337	3.52038880576835	3.31707084181829	1.78744684955557	1.25948199111466	1.25948199111466	3.61759876593647	9.82857421943645
SRR2921414	Th17p	SRX1435638	2653170	1546920	58.3046	GSM1943237	IL1B_IL6_IL23-48h-IL-17A/GFP+ (single cell batch 8)	3.51711089035082	3.56863623339413	2.50840782579254	2.67312619941221	5.72807306529382	2.12100311998704	1.8864789833739	3.67532169793472	3.38576173082217	1.79439556768609	1.2645800849216	1.2645800849216	3.62026378267925	9.82857421943645
SRR2921415	Th17p	SRX1435639	2342020	1467580	62.663	GSM1943238	IL1B_IL6_IL23-48h-IL-17A/GFP+ (single cell batch 8)	3.54631049238219	3.57014487835417	2.45765720819259	2.7135145356856	5.6993063175648	2.12629998781029	1.91538785418891	3.65857552020564	3.44931643669716	1.79611334494284	1.2689519825245	1.2689519825245	3.57280701962401	9.82857421943645
SRR2921416	Th17p	SRX1435640	1533170	1011780	65.9926	GSM1943239	IL1B_IL6_IL23-48h-IL-17A/GFP+ (single cell batch 8)	3.54603227516563	3.63914660143737	2.55122964007271	2.71753181332988	5.79827693084155	2.13407477338736	1.92166674801226	3.49333242946907	3.38439549633624	1.78988938071968	1.26131599184318	1.26131599184318	3.61279418713764	9.82857421943645
SRR2921417	Th17p	SRX1435641	2650710	1611760	60.8049	GSM1943240	IL1B_IL6_IL23-48h-IL-17A/GFP+ (single cell batch 8)	3.54632445010509	3.58579755926657	2.47623723017093	2.72006102382637	5.64580138152574	2.18355595033857	1.90274286590519	3.41735236999282	3.40446751048372	1.80228726697862	1.28102262782248	1.28102262782248	3.61445474326639	9.82857421943645
SRR2921418	Th17p	SRX1435642	3121450	2130760	68.2618	GSM1943241	IL1B_IL6_IL23-48h-IL-17A/GFP+ (single cell batch 8)	3.52689552556465	3.56414516842569	2.49713526644985	2.70301464532475	5.79341599181059	2.10337947480063	1.88844108434021	3.47326047020209	3.40977902182174	1.7588731895465	1.24946427599976	1.24946427599976	3.60181813319728	9.82857421943645
SRR2921419	Th17p	SRX1435643	2373240	1659580	69.929	GSM1943242	IL1B_IL6_IL23-48h-IL-17A/GFP+ (single cell batch 8)	3.52139885208833	3.57461621615135	2.57295992848274	2.64607451277987	5.25447233005101	2.11703444437662	1.90804339248373	3.44944880899036	3.69771404385129	1.74762618240264	1.23956057995635	1.23956057995635	3.59860362422461	9.82857421943645
SRR2921420	Th17p	SRX1435644	2794590	2027780	72.5611	GSM1943243	IL1B_IL6_IL23-48h-IL-17A/GFP+ (single cell batch 8)	3.54798832680723	3.62908510845791	2.45430652434194	2.75153760608673	5.64236279109884	2.13301592288115	1.90954419185619	3.43918386249142	3.29675770263102	1.72665182021629	1.22900707127111	1.22900707127111	3.57491745183596	9.82857421943645
SRR2921562	Th17n	SRX1435778	4213650	2839700	67.3929	GSM1943374	TGFB1_IL6-48h-IL-17A/GFP+ (single cell batch 9)	3.51423347856311	3.61641855423505	2.41245265410728	2.67291666921715	5.85625094416739	2.07941156578872	1.81637982498848	3.53254128351258	3.5198207727951	1.68853911842002	1.20140848111902	1.20140848111902	3.59838621045749	9.85269105756706
SRR2921563	Th17n	SRX1435779	4670640	2939580	62.9375	GSM1943375	TGFB1_IL6-48h-IL-17A/GFP+ (single cell batch 9)	3.46718211903565	3.52999034286176	2.51511413978582	2.72806299530983	5.74952427382379	2.10551893690316	1.90354566615015	3.35283929553692	3.3544316131534	1.76601293476662	1.24487410998355	1.24487410998355	3.6200752470529	10.03505794116
SRR2921564	Th17n	SRX1435780	6298270	3769940	59.8566	GSM1943376	TGFB1_IL6-48h-IL-17A/GFP+ (single cell batch 9)	3.44549588467837	3.44105460042001	2.47644065671144	2.56618162555095	5.72333385468915	2.058535474287	1.84973176081386	3.59411185398374	3.88802314666028	1.70586176499321	1.20553457977377	1.20553457977377	3.62278642819896	9.86201013016792
SRR2921565	Th17n	SRX1435781	3178560	2039140	64.153	GSM1943377	TGFB1_IL6-48h-IL-17A/GFP+ (single cell batch 9)	3.49927145349447	3.59307857763455	2.44829999345546	2.63180236269186	5.84030615859489	2.09372623100771	1.87181851720403	3.36846029117756	3.35658251727514	1.77615373272321	1.2566469513261	1.2566469513261	3.60664669844297	9.86898682346746
SRR2921566	Th17n	SRX1435782	4752360	3362630	70.757	GSM1943378	TGFB1_IL6-48h-IL-17A/GFP+ (single cell batch 9)	3.51535482803469	3.59027859896847	2.45640128229897	2.6467296998513	5.77906244026791	2.08781250765509	1.84078362745836	3.36185394590787	3.8371767925939	1.74059856851241	1.25260042673304	1.25260042673304	3.62587198353105	9.86826012550251
SRR2921567	Th17n	SRX1435783	6433200	4071020	63.2814	GSM1943379	TGFB1_IL6-48h-IL-17A/GFP+ (single cell batch 9)	3.5201447188619	3.54408088699895	2.47026992689165	2.72889239084138	5.83693244033833	2.15440791075242	1.90223764944322	3.39934650700582	3.84549892627244	1.81074665073083	1.29506032926653	1.29506032926653	3.62796224265593	9.86368112090865
SRR2921568	Th17n	SRX1435784	3812190	2341000	61.4083	GSM1943380	TGFB1_IL6-48h-IL-17A/GFP+ (single cell batch 9)	3.50490074805447	3.58542677138854	2.39382756137621	2.66342079358052	4.0458965731149	1.97403836427015	1.82634848438588	3.59609736202606	3.35145792086063	1.70027756919222	1.21095330487061	1.21095330487061	3.602070558816	9.84443521880881
SRR2921569	Th17n	SRX1435785	4510070	3056830	67.7779	GSM1943381	TGFB1_IL6-48h-IL-17A/GFP+ (single cell batch 9)	3.52047981589777	3.61426410013533	2.45081072786469	2.67582091266897	5.7436498019048	2.08068213268016	1.86575339258978	3.68388095604789	3.35139704445989	1.72095533198834	1.23189140039851	1.23189140039851	3.6167211717277	9.85941690893385
SRR2921570	Th17n	SRX1435786	6349210	4255670	67.0268	GSM1943382	TGFB1_IL6-48h-IL-17A/GFP+ (single cell batch 9)	3.3434983385533	3.37700878540501	2.42078042915995	2.57890538393378	5.57060857987508	2.06252238387093	1.86010208354111	3.35449787533614	3.53428535268714	1.69569626966219	1.20389533220994	1.20389533220994	3.62347555127488	9.85019835614795
SRR2921571	Th17n	SRX1435787	4510640	3120260	69.1754	GSM1943383	TGFB1_IL6-48h-IL-17A/GFP+ (single cell batch 9)	3.5294858549236	3.53742474412169	2.40577989198387	2.57031085642247	5.43197732115641	2.09419136608841	1.87616704797041	3.57818381372159	3.3426047136623	1.76351491909569	1.24736642161591	1.24736642161591	3.60509799653252	9.85854143890905
SRR2921572	Th17n	SRX1435788	4343100	2739710	63.0818	GSM1943384	TGFB1_IL6-48h-IL-17A/GFP+ (single cell batch 9)	3.57412379776232	3.65508976497165	2.57231168484058	2.64354972048633	5.69587457056725	2.12837294347483	1.87745702466591	3.55578044740112	3.6091653318627	1.76363058619502	1.23381369121451	1.23381369121451	3.61286341521623	9.85549142036381
SRR2921573	Th17n	SRX1435789	2153200	1367140	63.4935	GSM1943385	TGFB1_IL6-48h-IL-17A/GFP+ (single cell batch 9)	3.43506116888591	3.43546413066674	2.4614279015673	2.56720464761096	5.68147322460146	2.0717356193898	1.85896864111969	3.40630654157846	3.48927235404224	1.73588399671447	1.21821318685247	1.21821318685247	3.6032034911732	9.8560273779627
SRR2921574	Th17n	SRX1435790	5074740	3630530	71.5412	GSM1943386	TGFB1_IL6-48h-IL-17A/GFP+ (single cell batch 9)	3.49131133747657	3.61162132524739	2.45361036778754	2.72769824769648	5.79750022316825	2.16502857416327	1.91332664218182	3.7047530030681	3.4996837070207	1.78537265204578	1.24243677101649	1.24243677101649	3.62116032126839	9.86687531447598
SRR2921575	Th17n	SRX1435791	5654580	3744850	66.2268	GSM1943387	TGFB1_IL6-48h-IL-17A/GFP+ (single cell batch 9)	3.54656163956462	3.62641556939733	2.39233631722263	2.7392413225736	5.94487886683883	2.18751617546767	1.85282958871053	3.69045602893101	3.46247784715751	1.73076437304099	1.20262028790336	1.20262028790336	3.61324340193446	9.86816878208299
SRR2921576	Th17n	SRX1435792	4373720	2721450	62.2227	GSM1943388	TGFB1_IL6-48h-IL-17A/GFP+ (single cell batch 9)	3.56444559897208	3.66741839205799	2.47335612473925	2.69016124756412	5.47224943985066	2.10505728072189	1.86791351043488	3.63441115986787	3.71309222512428	1.76295567614722	1.25734008902031	1.25734008902031	3.60746233636474	9.85303612551004
SRR2921577	Th17n	SRX1435793	4885450	3377650	69.137	GSM1943389	TGFB1_IL6-48h-IL-17A/GFP+ (single cell batch 9)	3.40056303250042	3.41384397673213	2.50107153014526	2.60358138377526	5.1353127185789	2.1481101558502	1.90618555973027	3.58699905239881	3.50086503230054	1.79325523673592	1.24476180192849	1.24476180192849	3.61672295371955	9.87518381650684
SRR2921578	Th17n	SRX1435794	5402340	3738190	69.1957	GSM1943390	TGFB1_IL6-48h-IL-17A/GFP+ (single cell batch 9)	3.55817632575166	3.66739531762736	2.45276696960436	2.6411996124044	5.76070407288796	2.11704695627862	1.86899027857066	3.35188696548483	3.60974893566583	1.7581913358927	1.24092537223907	1.24092537223907	3.62564245296895	9.85852680993805
SRR2921579	Th17n	SRX1435795	1581120	1062100	67.1734	GSM1943391	TGFB1_IL6-48h-IL-17A/GFP+ (single cell batch 7)	3.46552340662946	3.59153576206305	2.43320079463351	2.62720298924603	5.22703402876625	2.12404452391842	1.88437761678139	3.67750295108689	3.63487582937138	1.72198930794393	1.21571666521038	1.21571666521038	3.6245950254441	9.86635215704806
SRR2921580	Th17n	SRX1435796	1002620	712378	71.0516	GSM1943392	TGFB1_IL6-48h-IL-17A/GFP+ (single cell batch 7)	3.51479153297657	3.62747057459053	2.48634240007408	2.75098193825675	5.65701822346438	2.15286028015906	1.93690256214907	3.67678638216693	3.49343160758953	1.7731439647083	1.24066372889247	1.24066372889247	3.61396799597116	9.86244532591208
SRR2921581	Th17n	SRX1435797	1244710	778240	62.5238	GSM1943393	TGFB1_IL6-48h-IL-17A/GFP+ (single cell batch 7)	3.45263006032336	3.46294494368072	2.5198668974826	2.59838511254585	5.69634348842033	2.09731723947722	1.90506663942031	3.65191685893798	3.4722297459443	1.799670603373	1.25648648312238	1.25648648312238	3.61904284177793	9.85104428782511
SRR2921582	Th17n	SRX1435798	1972010	1356140	68.7697	GSM1943394	TGFB1_IL6-48h-IL-17A/GFP+ (single cell batch 7)	3.51124960008563	3.63006797007856	2.43784731147742	2.7165507390511	5.75124063792691	2.13809877255371	1.9086026747817	3.34286413228486	3.86644871205786	1.77429111659251	1.24888265283169	1.24888265283169	3.59036894392641	9.85951041430374
SRR2921583	Th17n	SRX1435799	1487200	987744	66.4165	GSM1943395	TGFB1_IL6-48h-IL-17A/GFP+ (single cell batch 7)	3.55968983963368	3.60774903102459	2.4656557641257	2.6476070569448	5.79957370315566	2.15940219346308	1.86980517640241	3.53275970200832	3.33793664975937	1.75486194386054	1.24353677078073	1.24353677078073	3.61680850729953	10.0419097260541
SRR2921584	Th17n	SRX1435800	1339580	881764	65.824	GSM1943396	TGFB1_IL6-48h-IL-17A/GFP+ (single cell batch 7)	3.52611377112421	3.63160084020307	2.46708717354813	2.71144419866419	5.69138597696155	2.13867800022191	1.86818428298165	3.34594925034428	3.4994069557158	1.73086145900503	1.22621039752008	1.22621039752008	3.44233546482165	9.8619226350571
SRR2921585	Th17n	SRX1435801	1650720	1067910	64.6934	GSM1943397	TGFB1_IL6-48h-IL-17A/GFP+ (single cell batch 7)	3.554081573495	3.60825001153195	2.46706782241464	2.74162367025049	5.59729425549157	2.15031499858858	1.88559466042415	3.35158963953686	3.42130926120091	1.80818509474517	1.27355430694058	1.27355430694058	3.60670064221849	10.0306485336599
SRR2921586	Th17n	SRX1435802	1538670	1049820	68.229	GSM1943398	TGFB1_IL6-48h-IL-17A/GFP+ (single cell batch 7)	3.53576196291472	3.6335029806427	2.47171709251261	2.74103173228991	5.66125486891223	2.12816352099652	1.92026982279866	3.64154921093218	3.36918338337776	1.7700206398723	1.24735482933647	1.24735482933647	3.62011190606482	9.8634788390874
SRR2921587	Th17n	SRX1435803	1191190	752535	63.1751	GSM1943399	TGFB1_IL6-48h-IL-17A/GFP+ (single cell batch 7)	3.53794604399158	3.60322541547726	2.50108604724627	2.65837887424018	5.7877865369684	2.10354742762094	1.87213467270073	3.35075960749911	3.44474772642812	1.72112183731117	1.23029749320486	1.23029749320486	3.62193426369286	9.84726538889455
SRR2921588	Th17n	SRX1435804	1657900	1078810	65.0706	GSM1943400	TGFB1_IL6-48h-IL-17A/GFP+ (single cell batch 7)	3.51467938245133	3.6063945590004	2.45213125251489	2.65520371353269	5.66481299505553	2.12942661288559	1.87033909200947	3.3455890666638	3.82948137581539	1.77012192238186	1.25037389355403	1.25037389355403	3.61900950561728	9.85458972060642
SRR2921589	Th17n	SRX1435805	1589990	1094300	68.8244	GSM1943401	TGFB1_IL6-48h-IL-17A/GFP+ (single cell batch 7)	3.50511186805133	3.60217687889679	2.56715135135193	2.6944277133894	5.71237590956972	2.16019896123717	1.90963507613167	3.50736342808958	3.47877662512002	1.80573805985435	1.26274659599661	1.26274659599661	3.6160052513977	9.84726538889455
SRR2921590	Th17n	SRX1435806	1695480	1154180	68.0735	GSM1943402	TGFB1_IL6-48h-IL-17A/GFP+ (single cell batch 7)	3.51044207386022	3.51873740923992	2.48901270167285	2.60213974422036	5.78554879588698	2.11877841952725	1.88094038954025	3.60362729217883	3.47730137219762	1.75239050462829	1.24029298971892	1.24029298971892	3.6127226628583	9.85585302970252
SRR2921591	Th17n	SRX1435807	1231770	852960	69.2466	GSM1943403	TGFB1_IL6-48h-IL-17A/GFP+ (single cell batch 7)	3.51777583183935	3.57965224250973	2.45736506026191	2.64400420614685	5.80585200061059	2.13234003133634	1.88528708493974	3.49074057408241	3.6286054281315	1.79308985737663	1.26786238494483	1.26786238494483	3.62085803097472	9.84961268067752
SRR2921592	Th17n	SRX1435808	1513350	972512	64.2623	GSM1943404	TGFB1_IL6-48h-IL-17A/GFP+ (single cell batch 7)	3.51813083491145	3.62726127614182	2.39727278519537	2.65053860218248	5.78989698927442	2.12371324488668	1.88948574971663	3.51011665331175	3.35651258759698	1.76133974463393	1.25846254576403	1.25846254576403	3.6112347788474	10.0409812801931
SRR2921593	Th17n	SRX1435809	1409630	952987	67.6053	GSM1943405	TGFB1_IL6-48h-IL-17A/GFP+ (single cell batch 7)	3.52685542116961	3.6432862322253	2.47351352660713	2.66181981010157	5.57619579425112	2.1432405964516	1.87627824436313	3.32988738855112	3.44557366722386	1.75482114415576	1.24554316500525	1.24554316500525	3.61819970659553	9.82857421943645
SRR2921594	Th17n	SRX1435810	1486870	974657	65.5507	GSM1943406	TGFB1_IL6-48h-IL-17A/GFP+ (single cell batch 7)	3.56501832023082	3.6087612114131	2.44499151145525	2.64969747879195	5.75204041564389	2.12606315052332	1.87224049460647	3.58413498406058	3.35328459827837	1.76902474842626	1.25233543100693	1.25233543100693	3.62506028022032	9.85716752214559
SRR2921595	Th17n	SRX1435811	1488980	1041540	69.9499	GSM1943407	TGFB1_IL6-48h-IL-17A/GFP+ (single cell batch 7)	3.48368566576577	3.60349860709595	2.46067526297228	2.68588421373893	5.73739741107103	2.09456795045133	1.85605800438675	3.4826426546519	3.47674015064074	1.75860264357633	1.23663566103207	1.23663566103207	3.62128879562915	9.85136880240068
SRR2921596	Th17n	SRX1435812	1749220	1179070	67.4055	GSM1943408	TGFB1_IL6-48h-IL-17A/GFP+ (single cell batch 7)	3.49822017086516	3.54002406318717	2.44138240292232	2.58427372134743	5.73713347373507	2.02831285567623	1.89945324602774	3.35620758768501	3.63933957168726	1.68027897875679	1.20489348983817	1.20489348983817	3.61655932058957	9.87132817270501
SRR2921597	Th17n	SRX1435813	1377660	918797	66.6927	GSM1943409	TGFB1_IL6-48h-IL-17A/GFP+ (single cell batch 7)	3.50556791801413	3.6041107374318	2.57877248104946	2.64489991368578	5.68281995307776	2.11056294119646	1.874823808124	3.35598162974828	3.86928585466613	1.7837530979174	1.24992599532074	1.24992599532074	3.60275494499442	9.86587034942224
SRR2921598	Th17n	SRX1435814	1438560	992908	69.021	GSM1943410	TGFB1_IL6-48h-IL-17A/GFP+ (single cell batch 7)	3.45255462040847	3.5569799197038	2.47442641170025	2.62172242095321	5.37938938082478	2.09859146222305	1.86660581181252	3.33525643065529	3.45941222034118	1.67799689373884	1.1753206982709	1.1753206982709	3.61541997466575	9.84980467855601
SRR2921599	Th17n	SRX1435815	1496130	1040940	69.5752	GSM1943411	TGFB1_IL6-48h-IL-17A/GFP+ (single cell batch 7)	3.51982981060443	3.59269965259533	2.44214222265578	2.71345235527624	5.61727966680509	2.13595042915226	1.88841895334821	3.51917204935251	3.35739449936838	1.75114709646857	1.2391413061963	1.2391413061963	3.61587387413991	10.0173578916049
SRR2921600	Th17n	SRX1435816	688247	470194	68.3176	GSM1943412	TGFB1_IL6-48h-IL-17A/GFP+ (single cell batch 7)	3.54646187416778	3.58503649510217	2.48479959756863	2.70227446839318	5.64954991444286	2.18209295727251	1.92330648855614	3.35617770144267	3.35818820816019	1.78072147946797	1.26665192210277	1.26665192210277	3.61392335895913	9.85501960990326
SRR2921601	Th17n	SRX1435817	1857010	1277250	68.7799	GSM1943413	TGFB1_IL6-48h-IL-17A/GFP+ (single cell batch 7)	3.52905430410248	3.53731225500731	2.43951789701026	2.67565643901795	5.790647618507	2.12586352290314	1.91538489703395	3.67545490033304	3.35384461174847	1.77504232425389	1.25585508473146	1.25585508473146	3.61884674801321	9.99410607725082
SRR2921602	Th17n	SRX1435818	1274800	887401	69.6107	GSM1943414	TGFB1_IL6-48h-IL-17A/GFP+ (single cell batch 7)	3.52419022909419	3.64004388036084	2.55771050969851	2.68957027078071	5.77373748968871	2.14645340167038	1.89705923045516	3.35184299099091	3.49906256257825	1.8162709294168	1.27488362127248	1.27488362127248	3.62168574325421	9.84443521880881
SRR2921603	Th17n	SRX1435819	1260760	872664	69.2172	GSM1943415	TGFB1_IL6-48h-IL-17A/GFP+ (single cell batch 7)	3.50024141313565	3.59882372697912	2.46084884054092	2.71134587837991	5.7630896063787	2.14831126143448	1.88087169439268	3.46489871563605	3.50746631904418	1.79695386934911	1.2727292822574	1.2727292822574	3.61649417192418	9.8546098504875
SRR2921604	Th17n	SRX1435820	1267010	884481	69.8087	GSM1943416	TGFB1_IL6-48h-IL-17A/GFP+ (single cell batch 7)	3.53372135735806	3.58817658710233	2.47877436703494	2.64895900055438	5.6145394615351	2.07157848756316	1.83852941304771	3.35935098500391	3.49301549503327	1.74457619481647	1.23801900063866	1.23801900063866	3.61090109414039	9.86103455719005
SRR2921605	Th17n	SRX1435821	1024350	651391	63.5905	GSM1943417	TGFB1_IL6-48h-IL-17A/GFP+ (single cell batch 7)	3.48179070221559	3.59740788124945	2.46560965909953	2.61387466959293	5.51464253100194	2.15540453421831	1.87833738585436	3.64950652504952	3.47699110313815	1.73215396003301	1.25444509327851	1.25444509327851	3.6269953954635	9.86539371093848
SRR2921606	Th17n	SRX1435822	869348	597283	68.7047	GSM1943418	TGFB1_IL6-48h-IL-17A/GFP+ (single cell batch 7)	3.48593988996128	3.59152066010408	2.44174378706107	2.63975162677165	5.44761061302573	2.10886688029701	1.87840381065583	3.45824743000803	3.6534135749986	1.76406672255284	1.24390332096967	1.24390332096967	3.61949991897447	9.86813040726516
SRR2921607	Th17n	SRX1435823	985519	703167	71.3499	GSM1943419	TGFB1_IL6-48h-IL-17A/GFP+ (single cell batch 7)	3.47524781150728	3.59469462251357	2.47081454542269	2.65867785056242	5.73633889207449	2.1092594022859	1.84853370787557	3.51964236293783	3.92790365511765	1.71282365767022	1.22333770045677	1.22333770045677	3.61525471882216	9.85387417312715
SRR2921608	Th17n	SRX1435824	715750	507528	70.9086	GSM1943420	TGFB1_IL6-48h-IL-17A/GFP+ (single cell batch 7)	3.54119485202677	3.61526209158331	2.46816340008041	2.72135191314666	5.78132272226575	2.11144640058431	1.87042149594382	3.35429597940995	3.55312333737424	1.74190267299932	1.23026361932141	1.23026361932141	3.6190117589078	9.85468263466087
SRR2921609	Th17n	SRX1435825	946314	672967	71.1146	GSM1943421	TGFB1_IL6-48h-IL-17A/GFP+ (single cell batch 7)	3.55405912074642	3.65697360390035	2.46754724545944	2.6900641517013	5.63525357018478	2.17853775206287	1.91308132105549	3.50619392211272	3.42346990827716	1.79107383840046	1.26386841400896	1.26386841400896	3.62327528956919	9.85407914482677
SRR2921610	Th17n	SRX1435826	1327140	841271	63.3898	GSM1943422	TGFB1_IL6-48h-IL-17A/GFP+ (single cell batch 7)	3.53217360924498	3.54030545501116	2.39328003929421	2.56585592046477	5.88933174264501	2.0758456457374	1.83564244053902	3.68401132542032	3.62042408353984	1.73872089932936	1.23549864295802	1.23549864295802	3.62243506587445	9.87645416318071
SRR2921611	Th17n	SRX1435827	1362010	885978	65.0493	GSM1943423	TGFB1_IL6-48h-IL-17A/GFP+ (single cell batch 7)	3.55861483576231	3.65257969251141	2.47240935406947	2.71767960573489	5.52772839632259	2.0854622401083	1.85161588333636	3.35663694978703	3.48826952897631	1.71489359965658	1.21801611297878	1.21801611297878	3.56696709533509	10.0619220850507
SRR2921612	Th17n	SRX1435828	1315830	837154	63.6218	GSM1943424	TGFB1_IL6-48h-IL-17A/GFP+ (single cell batch 7)	3.5516150239121	3.60875041011945	2.46502988414468	2.69554899811787	5.63122599423406	2.11347869052299	1.84803018856374	3.42948219221237	3.38854429146263	1.80048262536888	1.27962913526233	1.27962913526233	3.59508650710745	9.85407914482677
SRR2921613	Th17n	SRX1435829	1698980	1148230	67.5833	GSM1943425	TGFB1_IL6-48h-IL-17A/GFP+ (single cell batch 7)	3.54352411144433	3.59847997300724	2.51250556218674	2.67395219495355	5.66071304718096	2.12702043566775	1.87261295387283	3.34906630000204	3.68234259575701	1.80262750200051	1.26762921270421	1.26762921270421	3.61075397541181	9.84726538889455
SRR2921614	Th17n	SRX1435830	1616550	1065770	65.9287	GSM1943426	TGFB1_IL6-48h-IL-17A/GFP+ (single cell batch 7)	3.54357019898521	3.63657290330096	2.43413932866042	2.74808984899302	5.67547900014017	2.13974472840852	1.90964436451583	3.52679315074958	3.34136268218367	1.7799900587181	1.24968413811305	1.24968413811305	3.61941748916412	9.9528991086241
SRR2921615	Th17n	SRX1435831	1792010	1214320	67.7629	GSM1943427	TGFB1_IL6-48h-IL-17A/GFP+ (single cell batch 7)	3.53722883676407	3.63071823445092	2.46428350089253	2.72976571863052	5.64612172247958	2.12868998143375	1.90304633113507	3.34087373186361	3.4469325969982	1.78695725515639	1.26516917726783	1.26516917726783	3.58109679040763	9.85552626369791
SRR2921616	Th17n	SRX1435832	1526900	1007190	65.9633	GSM1943428	TGFB1_IL6-48h-IL-17A/GFP+ (single cell batch 7)	3.52850201939746	3.60014923795147	2.46378811187753	2.66834974860828	5.6070154364492	2.11300782096655	1.90003507031651	3.66126639648737	3.47171921625091	1.75580055705139	1.2473100233178	1.2473100233178	3.60767332921767	9.84980467855601
SRR2921617	Th17n	SRX1435833	1321900	879680	66.5465	GSM1943429	TGFB1_IL6-48h-IL-17A/GFP+ (single cell batch 7)	3.54457503638926	3.58788621307617	2.46090396795736	2.66672098718593	5.80263213072363	2.10258168193009	1.87161881794671	3.62929936153873	3.34936829919888	1.74782632160268	1.24268161070439	1.24268161070439	3.62400564248937	9.87745062587791
SRR2921618	Th17n	SRX1435834	1613780	1086800	67.3453	GSM1943430	TGFB1_IL6-48h-IL-17A/GFP+ (single cell batch 7)	3.50087823326499	3.60282862135311	2.46301074625217	2.65372038170699	5.44330924745386	2.12966403242969	1.90652534544033	3.49126860190018	3.38979565523343	1.79411434699502	1.27209483775053	1.27209483775053	3.61987029182665	10.0208173342257
SRR2921619	Th17n	SRX1435835	1546960	982146	63.4888	GSM1943431	TGFB1_IL6-48h-IL-17A/GFP+ (single cell batch 7)	3.45819806643434	3.45255970205493	2.42862679667671	2.56330591466194	5.84040895954598	2.05536053889878	1.86801170096932	3.51373479088974	3.63160693887504	1.69076256654347	1.21704043817921	1.21704043817921	3.61630182547789	9.85310154701677
SRR2921620	Th17n	SRX1435836	1080340	744945	68.9544	GSM1943432	TGFB1_IL6-48h-IL-17A/GFP+ (single cell batch 7)	3.49207861095822	3.60348861579092	2.46556835109366	2.67295788753517	5.74404269613374	2.11271563567506	1.83912496364748	3.34293586497075	3.34815152229057	1.79587807193464	1.25141599250938	1.25141599250938	3.44031207580123	9.82857421943645
SRR2921621	Th17n	SRX1435837	1888640	1350270	71.4941	GSM1943433	TGFB1_IL6-48h-IL-17A/GFP+ (single cell batch 7)	3.53862765594384	3.59517433744269	2.4779708906717	2.73778311901382	5.69213601343623	2.18612655239042	1.92010006719345	3.35024821880585	4.14321697788725	1.78944766784493	1.2631276499072	1.2631276499072	3.62074393110149	9.84876926527483
SRR2921622	Th17n	SRX1435838	1504710	1068520	71.0113	GSM1943434	TGFB1_IL6-48h-IL-17A/GFP+ (single cell batch 7)	3.55355951737616	3.61911707300761	2.43040108165317	2.74750176288305	5.73480207346798	2.13713500399612	1.92689950777939	3.47333512915428	3.56615223710992	1.78823461216067	1.25969464601318	1.25969464601318	3.57699982004129	9.82857421943645
SRR2921623	Th17n	SRX1435839	1740300	1280300	73.5677	GSM1943435	TGFB1_IL6-48h-IL-17A/GFP+ (single cell batch 7)	3.54278445697189	3.59127372030749	2.46211508993802	2.62248388123456	5.74132302403117	2.15767136208801	1.87620305316864	3.50806470632776	3.34855794058716	1.7897386571917	1.26449896297996	1.26449896297996	3.61729919634394	9.84726538889455
SRR2921624	Th17n	SRX1435840	1213500	826124	68.078	GSM1943436	TGFB1_IL6-48h-IL-17A/GFP+ (single cell batch 7)	3.55450611168757	3.6571903247946	2.51434219769431	2.70684980921782	5.75239679575333	2.07789375335492	1.85157451121417	3.48501623421465	3.50165293568531	1.71990723215484	1.23342151137505	1.23342151137505	3.62119486563715	9.85646270407739
SRR2921625	Th17n	SRX1435841	1021950	678993	66.4409	GSM1943437	TGFB1_IL6-48h-IL-17A/GFP+ (single cell batch 7)	3.56161228049157	3.66033715971779	2.41634075067033	2.78254335301538	5.69339084001272	2.15451738872965	1.9050287978191	3.56092752840703	3.71170925514618	1.79021363852731	1.2676455656755	1.2676455656755	3.62012963964025	9.84726538889455
SRR2921626	Th17n	SRX1435842	1285110	892523	69.4512	GSM1943438	TGFB1_IL6-48h-IL-17A/GFP+ (single cell batch 7)	3.5682845080885	3.63313577777569	2.4665152617861	2.70905397616841	5.83017754917421	2.16900144822431	1.92924496230257	3.44884063290663	3.45062243319246	1.82081926402827	1.28239329335191	1.28239329335191	3.6199767522046	9.87198581695569
SRR2921627	Th17n	SRX1435843	1953700	1406830	72.0086	GSM1943439	TGFB1_IL6-48h-IL-17A/GFP+ (single cell batch 7)	3.53909376500956	3.60379949523544	2.44465522404062	2.72753677052283	5.75753335388133	2.11640495861996	1.92066345489707	3.35630688877599	3.64496163154114	1.75439373795252	1.24322045588071	1.24322045588071	3.62101465291215	9.85633204698067
SRR2921628	Th17n	SRX1435844	1367430	919463	67.2402	GSM1943440	TGFB1_IL6-48h-IL-17A/GFP+ (single cell batch 7)	3.52521380955207	3.57894028743697	2.49044921662227	2.66025060589459	5.7548736242964	2.12208965629695	1.92573234672254	3.35356943651068	3.94991511022509	1.71846629980447	1.23013574011596	1.23013574011596	3.6183445620294	9.8313566538705
SRR2921629	Th17n	SRX1435845	1484200	952166	64.1534	GSM1943441	TGFB1_IL6-48h-IL-17A/GFP+ (single cell batch 7)	3.52849699881115	3.62689631899503	2.46651343339203	2.67163453297592	5.66414156842093	2.09747052824108	1.88025610299801	3.35485025269465	3.47809900032019	1.71555626525151	1.22391924395303	1.22391924395303	3.62339772011142	9.86070951712646
SRR2921630	Th17n	SRX1435846	1580540	1020960	64.5958	GSM1943442	TGFB1_IL6-48h-IL-17A/GFP+ (single cell batch 7)	3.35723378852066	3.37462941357186	2.48445514251755	2.61091067625264	5.73742465072782	2.05265080676617	1.83322703035799	3.66012441223874	3.32794562475343	1.66809364152813	1.17304937268153	1.17304937268153	3.62533429574746	9.87055876402385
SRR2921631	Th17n	SRX1435847	1717200	1102690	64.2147	GSM1943443	TGFB1_IL6-48h-IL-17A/GFP+ (single cell batch 7)	3.50935706521285	3.59559601357085	2.45299182959169	2.64268625251276	5.70144928182478	2.12460141321889	1.87624219847388	3.50760725652633	3.49758128644272	1.756570351683	1.2279978115152	1.2279978115152	3.61984197662741	9.86557616759763
SRR2921632	Th17n	SRX1435848	1640860	1133800	69.098	GSM1943444	TGFB1_IL6-48h-IL-17A/GFP+ (single cell batch 7)	3.55373011048685	3.60897603106339	2.48221960350025	2.71650037116422	5.75502893499712	2.18001070121479	1.90351101073857	3.35643722466219	3.59692779890685	1.80982579503529	1.27344846310215	1.27344846310215	3.61476991556157	9.86116548989552
SRR2921633	Th17n	SRX1435849	1480070	996813	67.349	GSM1943445	TGFB1_IL6-48h-IL-17A/GFP+ (single cell batch 7)	3.50685799483188	3.6082365148765	2.56386009302736	2.68588996975615	5.49015071810424	2.18020657515459	1.90969241893369	3.35097096414548	3.51121997857245	1.7907485539433	1.26324456959551	1.26324456959551	3.616732356564	9.8629927220173
SRR2921634	Th17n	SRX1435850	1809430	1226200	67.7673	GSM1943446	TGFB1_IL6-48h-IL-17A/GFP+ (single cell batch 7)	3.5609736111607	3.63397093160659	2.48966801952078	2.74688502057853	5.76463125969784	2.15122445599612	1.88834665909592	3.518589265841	3.43568558679782	1.78273680476098	1.25595954898282	1.25595954898282	3.61472745552521	9.83297259834838
SRR2921635	Th17n	SRX1435851	1166420	839843	72.0017	GSM1943447	TGFB1_IL6-48h-IL-17A/GFP+ (single cell batch 7)	3.53420654073721	3.52978905394777	2.39184968822077	2.5675784722174	5.70452453495249	2.11435667994983	1.85229105960799	3.35744623257454	3.35347311751742	1.75310347222951	1.24712523101416	1.24712523101416	3.61600673427161	9.82857421943645
SRR2921636	Th17n	SRX1435852	1424040	915448	64.2853	GSM1943448	TGFB1_IL6-48h-IL-17A/GFP+ (single cell batch 7)	3.351890967319	3.37977930513986	2.49452048827705	2.54753629347086	5.58991894371283	2.02863948804919	1.85861732698678	3.33817357780412	3.44943896884753	1.7521853372859	1.21773350435515	1.21773350435515	3.60514446907381	9.82857421943645
SRR2921637	Th17n	SRX1435853	1384310	943736	68.1739	GSM1943449	TGFB1_IL6-48h-IL-17A/GFP+ (single cell batch 7)	3.520145457541	3.62040974764611	2.56367843195029	2.68004402232391	5.76166548804213	2.07908056553519	1.88181927291536	3.35283185338538	3.52254267127584	1.79164572140703	1.25993539449598	1.25993539449598	3.60724505365772	9.91898910902998
SRR2921638	Th17n	SRX1435854	1615510	1007260	62.3494	GSM1943450	TGFB1_IL6-48h-IL-17A/GFP+ (single cell batch 7)	3.49075740945021	3.58672541608231	2.4934580396106	2.68970878607733	5.76058223073797	2.08615229857395	1.85513153450863	3.35828880969437	3.58549848001912	1.66917063465291	1.17835396835296	1.17835396835296	3.62399449395722	9.83858149659949
SRR2921639	Th17n	SRX1435855	1300870	810015	62.267	GSM1943451	TGFB1_IL6-48h-IL-17A/GFP+ (single cell batch 7)	3.50729815250341	3.61118746300795	2.47811724061373	2.65409258113321	5.54592500581732	2.10306324106816	1.87634920361115	3.63402412956713	3.49746367354743	1.72118975582263	1.23020296044009	1.23020296044009	3.62110867288196	9.84535932337084
SRR2921640	Th17n	SRX1435856	1386060	985872	71.1279	GSM1943452	TGFB1_IL6-48h-IL-17A/GFP+ (single cell batch 7)	3.52202068360746	3.55969689416265	2.48566904157549	2.64636335302953	5.75757611377133	2.10730737799635	1.88279802743657	3.53102949645916	3.68317766931989	1.79474813056198	1.26633739864016	1.26633739864016	3.6176582006455	9.82857421943645
SRR2921641	Th17n	SRX1435857	989103	692840	70.0473	GSM1943453	TGFB1_IL6-48h-IL-17A/GFP+ (single cell batch 7)	3.51354467338643	3.60460671198281	2.45326502566019	2.70703544499963	5.69439224635415	2.06760245215367	1.85528894837966	3.61337496021865	3.63689239791606	1.74326086959798	1.2234268279359	1.2234268279359	3.62543860691975	9.84726538889455
SRR2921642	Th17n	SRX1435858	1325590	942576	71.1061	GSM1943454	TGFB1_IL6-48h-IL-17A/GFP+ (single cell batch 7)	3.52629092375859	3.62836434375855	2.54942737883311	2.66840432394396	5.72156600558724	2.08827655102457	1.87614616083956	3.35533968513537	3.46389470416861	1.77631915916437	1.25283193562405	1.25283193562405	3.60167016150517	9.86147210688379
SRR2921643	Th17n	SRX1435859	1313440	892580	67.9572	GSM1943455	TGFB1_IL6-48h-IL-17A/GFP+ (single cell batch 7)	3.49712470424844	3.5989431956974	2.40877936957235	2.66444173982154	5.65969992929513	2.05304372923098	1.88681974772334	3.65616379207257	3.4931920552134	1.72928374473214	1.22464036826728	1.22464036826728	3.62423524795637	10.0318271760122
SRR2921644	Th17n	SRX1435860	1523430	1046550	68.6967	GSM1943456	TGFB1_IL6-48h-IL-17A/GFP+ (single cell batch 7)	3.49090526519539	3.60854095069057	2.57414453996931	2.6278481614041	4.63703022921423	2.08477364670465	1.85717435540123	3.35652190436133	3.3315099630883	1.80969096087838	1.26989338766229	1.26989338766229	3.61523735802685	9.85953804122208
SRR2921645	Th17n	SRX1435861	1152220	804110	69.7876	GSM1943457	TGFB1_IL6-48h-IL-17A/GFP+ (single cell batch 7)	3.45082116135473	3.45203377261013	2.46826011209216	2.57901455008246	5.79202887139846	2.03052431126573	1.83171802085609	3.34384413612158	3.29868274361545	1.72173173740658	1.2196708790534	1.2196708790534	3.6170858048592	9.86457945245781
SRR2921646	Th17n	SRX1435862	2179830	1571930	72.1128	GSM1943458	TGFB1_IL6-48h-IL-17A/GFP+ (single cell batch 8)	3.53456279925353	3.57942180351777	2.51010000532229	2.6483410288551	5.73241865755708	2.1244291353455	1.87997921421192	3.34959966151465	3.49794187843721	1.78377530655439	1.25803392761101	1.25803392761101	3.61875665243996	9.84726538889455
SRR2921647	Th17n	SRX1435863	2184870	1478900	67.6882	GSM1943459	TGFB1_IL6-48h-IL-17A/GFP+ (single cell batch 8)	3.554187303363	3.61979325843696	2.44357562180716	2.69615126277388	5.72505015972594	2.11510203369075	1.90158780937214	3.6179858909315	3.5385077274527	1.76987577875911	1.25523447606579	1.25523447606579	3.60996865871224	10.028857270936
SRR2921648	Th17n	SRX1435864	2212020	1457390	65.8852	GSM1943460	TGFB1_IL6-48h-IL-17A/GFP+ (single cell batch 8)	3.50781217317926	3.62217762602881	2.44419547280549	2.70206856985056	5.66372524873934	2.12265399807808	1.8955867204781	3.35927282872458	3.66166978779368	1.80042227986907	1.27707693946382	1.27707693946382	3.60080132457745	9.8683140173023
SRR2921649	Th17n	SRX1435865	3063540	1819550	59.3937	GSM1943461	TGFB1_IL6-48h-IL-17A/GFP+ (single cell batch 8)	3.54937601950109	3.6051027198657	2.47444322210077	2.72800020408508	5.83224171778777	2.12460739983682	1.9246024389773	3.34544355473102	3.47348307802164	1.80064048735947	1.27154827732338	1.27154827732338	3.61588695380564	9.83633850192791
SRR2921650	Th17n	SRX1435866	2896060	1784680	61.6244	GSM1943462	TGFB1_IL6-48h-IL-17A/GFP+ (single cell batch 8)	3.55850253330465	3.62930045046716	2.55564189213853	2.72276215179668	5.70914410416798	2.13591955243605	1.86869429089003	3.3586293167598	3.62478621670568	1.74651924364757	1.22501312178304	1.22501312178304	3.60810073120235	9.83633850192791
SRR2921651	Th17n	SRX1435867	2758480	1683410	61.0267	GSM1943463	TGFB1_IL6-48h-IL-17A/GFP+ (single cell batch 8)	3.50315917884582	3.6189645238937	2.45290931341679	2.78716070368103	5.58429835828104	2.15847871047515	1.90546325335153	3.64944934980659	3.50634307073726	1.79708248147707	1.25161425591353	1.25161425591353	3.61801535930587	9.85592213286464
SRR2921652	Th17n	SRX1435868	2740080	1671390	60.9978	GSM1943464	TGFB1_IL6-48h-IL-17A/GFP+ (single cell batch 8)	3.48776361679056	3.56192637649287	2.48879917618799	2.67235858137976	5.05817143655638	2.11987992494433	1.92273646907719	3.42417768049716	3.48422942620384	1.79688048303283	1.27927344667289	1.27927344667289	3.60570955235817	9.85630007962872
SRR2921653	Th17n	SRX1435869	1952080	1068840	54.7542	GSM1943465	TGFB1_IL6-48h-IL-17A/GFP+ (single cell batch 8)	3.50839998322721	3.61429860580735	2.55787411733326	2.67760531801664	5.72926486303213	2.12821507044967	1.86610810404396	3.64241974508572	3.35871572063806	1.73641679411601	1.24819812602361	1.24819812602361	3.62553992503214	9.86164310195228
SRR2921654	Th17n	SRX1435870	2808820	1820980	64.8311	GSM1943466	TGFB1_IL6-48h-IL-17A/GFP+ (single cell batch 8)	3.45584375347684	3.53337507786948	2.50391648930258	2.64906025797825	5.66256107440796	2.1051889593638	1.87713671490152	3.66188882861519	3.3305733042047	1.80621870444422	1.26066309880329	1.26066309880329	3.6133829323735	10.07997024172
SRR2921655	Th17n	SRX1435871	2369050	1638230	69.1513	GSM1943467	TGFB1_IL6-48h-IL-17A/GFP+ (single cell batch 8)	3.50287680098634	3.61214797769865	2.46851256258037	2.66833061026643	5.4467404701344	2.17218282615224	1.92237333855128	3.33877336496369	3.32517976521892	1.81166764580326	1.2857205814361	1.2857205814361	3.62091132135392	9.82857421943645
SRR2921656	Th17n	SRX1435872	2630280	1751380	66.5855	GSM1943468	TGFB1_IL6-48h-IL-17A/GFP+ (single cell batch 8)	3.46584383425455	3.55020650584285	2.46590292760999	2.65416799139169	5.66984208314722	2.15274479095901	1.90089348002003	3.68946739002566	3.6317586025638	1.74541497823523	1.23084043264983	1.23084043264983	3.61668805169779	9.87854108297914
SRR2921657	Th17n	SRX1435873	2582880	1550440	60.0277	GSM1943469	TGFB1_IL6-48h-IL-17A/GFP+ (single cell batch 8)	3.52176307171204	3.58556150443472	2.49977046365533	2.69495745653162	5.86488716641762	2.10227496250385	1.90839681050664	3.64416070673516	3.34891222224108	1.75600744704913	1.2505537089005	1.2505537089005	3.61691080271015	10.0755306777721
SRR2921658	Th17n	SRX1435874	2587000	1466250	56.6776	GSM1943470	TGFB1_IL6-48h-IL-17A/GFP+ (single cell batch 8)	3.53487573993146	3.57923279181786	2.47450693166126	2.66660403717357	5.57346174560521	2.15253106036867	1.8932234584784	3.63256146429305	3.37450991645518	1.78931506205814	1.27953111206121	1.27953111206121	3.61089297092817	9.86430166214458
SRR2921659	Th17n	SRX1435875	2222570	1478380	66.5167	GSM1943471	TGFB1_IL6-48h-IL-17A/GFP+ (single cell batch 8)	3.54931751791253	3.63131897263286	2.47938763286975	2.70157107199204	5.74265681780747	2.12640073208137	1.91164753341772	3.64466736936917	3.49807724772996	1.78203595163448	1.27828402291262	1.27828402291262	3.60871388739812	10.0387292854396
SRR2921660	Th17n	SRX1435876	2413550	1570020	65.0504	GSM1943472	TGFB1_IL6-48h-IL-17A/GFP+ (single cell batch 8)	3.4996675416553	3.60229804977385	2.48838616524032	2.67105971756254	5.6276549536988	2.12422730688645	1.88644609638001	3.45743179969568	3.81909551004695	1.78938630977972	1.25798637484509	1.25798637484509	3.60916767522212	9.86032859321456
SRR2921661	Th17n	SRX1435877	1968200	1147680	58.3112	GSM1943473	TGFB1_IL6-48h-IL-17A/GFP+ (single cell batch 8)	3.49914706588832	3.62334420608653	2.45670056696243	2.71120980784195	5.67902161862731	2.20300976525126	1.89697895115662	3.4766490908846	3.50393519386127	1.78232604276677	1.27035104738633	1.27035104738633	3.61906646486229	9.82857421943645
SRR2921662	Th17n	SRX1435878	3146800	1800080	57.2037	GSM1943474	TGFB1_IL6-48h-IL-17A/GFP+ (single cell batch 8)	3.50543140723888	3.58352842207377	2.49977520432151	2.67831145343832	5.63034651993049	2.09006586765698	1.90482151568774	3.53707178805834	3.52538448368809	1.7511993228837	1.24324265748094	1.24324265748094	3.6137712460661	9.9762746333771
SRR2921663	Th17n	SRX1435879	2959300	1788980	60.453	GSM1943475	TGFB1_IL6-48h-IL-17A/GFP+ (single cell batch 8)	3.54576162529033	3.61344810222054	2.46680452901948	2.72917803913501	5.43688809258838	2.12210957000613	1.87955665386952	3.36546430141054	3.48800877242802	1.75545705176993	1.24832284683266	1.24832284683266	3.61685048489636	9.85310154701677
SRR2921664	Th17n	SRX1435880	2302470	1321610	57.3995	GSM1943476	TGFB1_IL6-48h-IL-17A/GFP+ (single cell batch 8)	3.50028692943877	3.60824603041142	2.46665861729517	2.66129659348316	5.79470471954516	2.1301439141994	1.91558554274476	3.63493655655565	3.52863173503319	1.77323126679075	1.26002228733728	1.26002228733728	3.62164250114654	9.85754725044619
SRR2921665	Th17n	SRX1435881	2422300	1603860	66.2124	GSM1943477	TGFB1_IL6-48h-IL-17A/GFP+ (single cell batch 8)	3.49982032652272	3.60992821328084	2.45945244043038	2.65827368571856	5.66662179295126	2.08141664896616	1.85544396818116	3.61765500136282	3.46034476360489	1.70220482983878	1.20195747325918	1.20195747325918	3.62134053809904	9.8584215277247
SRR2921666	Th17n	SRX1435882	2576460	1700180	65.989	GSM1943478	TGFB1_IL6-48h-IL-17A/GFP+ (single cell batch 8)	3.53106811490502	3.59594804159691	2.48269818378167	2.7209232455918	5.79079037152017	2.14614375188293	1.9405936223169	3.56641249333565	3.72138952703286	1.78481634587643	1.27106881288705	1.27106881288705	3.61095547414745	9.84443521880881
SRR2921667	Th17n	SRX1435883	3135510	2136550	68.1403	GSM1943479	TGFB1_IL6-48h-IL-17A/GFP+ (single cell batch 8)	3.49927044153648	3.60624350912064	2.51159780213253	2.71244223023449	5.66945221092185	2.14597308222121	1.8934223611564	3.63029384205809	3.41331935494005	1.8060515130183	1.27387860766008	1.27387860766008	3.61686390020638	10.023165752391
SRR2921668	Th17n	SRX1435884	3314270	2102590	63.4407	GSM1943480	TGFB1_IL6-48h-IL-17A/GFP+ (single cell batch 8)	3.47681852270592	3.56182614109833	2.50786468749353	2.70516830217783	5.66752214131016	2.12022302945785	1.91261870248294	3.42735979073596	3.51684514875911	1.73071312657945	1.2310458380759	1.2310458380759	3.59837026444926	9.85681770995227
SRR2921669	Th17n	SRX1435885	2578660	1499600	58.154	GSM1943481	TGFB1_IL6-48h-IL-17A/GFP+ (single cell batch 8)	3.37592073253848	3.39319507838159	2.5162321919471	2.65056025142334	5.82342063925433	2.11231842228825	1.88673237126138	3.59322076203574	3.58206583846823	1.7848722509723	1.24823679176659	1.24823679176659	3.61940799944545	10.0497548929301
SRR2921670	Th17n	SRX1435886	1548370	1045550	67.5259	GSM1943482	TGFB1_IL6-48h-IL-17A/GFP+ (single cell batch 8)	3.52018805008618	3.60010292011618	2.42427188808055	2.7359995137578	5.74777941369328	2.1330634621535	1.93083672654045	3.52307985750136	3.45168987049376	1.78457894209111	1.26688656219539	1.26688656219539	3.62422226055565	9.94794727547827
SRR2921671	Th17n	SRX1435887	2810280	1714280	61.0003	GSM1943483	TGFB1_IL6-48h-IL-17A/GFP+ (single cell batch 8)	3.51232228835325	3.52149880209022	2.46441874609899	2.65419381429579	5.83652487348613	2.11132613251058	1.85317112186585	3.52187987074347	3.59394706386492	1.75631794741903	1.24944074430756	1.24944074430756	3.62337575876753	10.044062652663
SRR2921672	Th17n	SRX1435888	2123860	1481770	69.768	GSM1943484	TGFB1_IL6-48h-IL-17A/GFP+ (single cell batch 8)	3.55535824528002	3.60507527847854	2.49703707431916	2.71205130867129	5.6738779356992	2.17840417112723	1.87607573336211	3.3650137540758	3.59984012887771	1.80494614225245	1.26891461171542	1.26891461171542	3.56696731687473	10.0313303706943
SRR2921673	Th17n	SRX1435889	2000690	1258040	62.8802	GSM1943485	TGFB1_IL6-48h-IL-17A/GFP+ (single cell batch 8)	3.5351802159012	3.62003295962073	2.4613276078462	2.66998004080417	5.54421175165312	2.1335687145186	1.89098934027184	3.34705642453411	3.899190388994	1.745358057912	1.24124506502606	1.24124506502606	3.62042985557688	10.0379201133367
SRR2921674	Th17n	SRX1435890	1947870	1162950	59.7039	GSM1943486	TGFB1_IL6-48h-IL-17A/GFP+ (single cell batch 8)	3.53398612387517	3.57357880166142	2.46958243309001	2.68685104618381	5.79941323817601	2.1628263145069	1.8904402001105	3.51706041779571	3.47146983726027	1.79303291303603	1.27985202079578	1.27985202079578	3.61482405335851	10.0627343110601
SRR2921675	Th17n	SRX1435891	2406040	1319290	54.8323	GSM1943487	TGFB1_IL6-48h-IL-17A/GFP+ (single cell batch 8)	3.52021701356032	3.5686153157217	2.47411414706739	2.71896032041033	5.87199423200338	2.11970687914588	1.88651942249325	3.48928105512762	3.33867984124546	1.75971542450547	1.26235952843597	1.26235952843597	3.6240577496686	9.84593766955856
SRR2921676	Th17n	SRX1435892	2889450	2018740	69.866	GSM1943488	TGFB1_IL6-48h-IL-17A/GFP+ (single cell batch 8)	3.52812835241664	3.54742393506238	2.4352792359102	2.66949510679342	5.31717629397191	2.11804645894932	1.90730039823611	3.36246659836691	3.52304496873422	1.77420637869224	1.25511811082754	1.25511811082754	3.60950011293152	9.8576798300548
SRR2921677	Th17n	SRX1435893	2649060	1651660	62.3488	GSM1943489	TGFB1_IL6-48h-IL-17A/GFP+ (single cell batch 8)	3.54854786587802	3.62193117901564	2.46196954746064	2.66834466955027	5.77397931102603	2.12446132152751	1.88033502571117	3.51478649850748	3.3479674432662	1.74777244541473	1.24992067822866	1.24992067822866	3.61844061310823	10.0623826762855
SRR2921678	Th17n	SRX1435894	2283890	1351000	59.1536	GSM1943490	TGFB1_IL6-48h-IL-17A/GFP+ (single cell batch 8)	3.51515877659879	3.59806130152245	2.44565978484765	2.73343956099133	5.73057210930229	2.14595020596097	1.86196818131213	3.35901019847931	3.44051018820714	1.82342043727771	1.28869743265977	1.28869743265977	3.61850655435013	9.95367267291606
SRR2921679	Th17n	SRX1435895	2877760	1890750	65.7021	GSM1943491	TGFB1_IL6-48h-IL-17A/GFP+ (single cell batch 8)	3.55289418215928	3.62551064603732	2.48332541510646	2.72476445745816	5.79831224914239	2.12694779921778	1.87502197277033	3.41677440464243	3.46459512656687	1.75019538687514	1.24117874670214	1.24117874670214	3.6141610884347	9.99106756413755
SRR2921680	Th17n	SRX1435896	2355040	1244530	52.8451	GSM1943492	TGFB1_IL6-48h-IL-17A/GFP+ (single cell batch 8)	3.49655190759084	3.59286700614531	2.47146593752234	2.66563899928093	5.82929905970133	2.11585381943451	1.87587748723744	3.37091948398217	3.32756694770596	1.77689084779425	1.24439232661141	1.24439232661141	3.61957417809832	9.86781850798127
SRR2921681	Th17n	SRX1435897	2395390	1565080	65.3372	GSM1943493	TGFB1_IL6-48h-IL-17A/GFP+ (single cell batch 8)	3.47059565671167	3.53978403681872	2.45957965341987	2.62466449405107	5.5601730524395	2.1016575808319	1.88540055664902	3.61230966169672	3.44320886239331	1.77044748994253	1.26962293323369	1.26962293323369	3.58522287534988	10.0558215129339
SRR2921682	Th17n	SRX1435898	3127710	1733780	55.4328	GSM1943494	TGFB1_IL6-48h-IL-17A/GFP+ (single cell batch 8)	3.4262413442283	3.49030146255188	2.55001884384614	2.64555302416033	5.71436221725375	2.08517241289	1.87612886846485	3.52887876003609	3.49106551620516	1.77331224734728	1.24659938000529	1.24659938000529	3.6183746425688	9.86991634755113
SRR2921683	Th17n	SRX1435899	2698180	1631900	60.4813	GSM1943495	TGFB1_IL6-48h-IL-17A/GFP+ (single cell batch 8)	3.56353987120118	3.64280838845908	2.52484634957284	2.75390410004698	5.62205742840083	2.12936391357375	1.88816232312077	3.61173811399121	3.32714068982276	1.75410196953946	1.24010577854864	1.24010577854864	3.6166607529111	10.0288420392195
SRR2921684	Th17n	SRX1435900	3107980	2200300	70.7949	GSM1943496	TGFB1_IL6-48h-IL-17A/GFP+ (single cell batch 8)	3.50752028491503	3.58467326288679	2.43109527435223	2.68885922958096	5.73981990620781	2.10993797657907	1.8845389225267	3.69126035253454	3.35606388775772	1.78202245324958	1.2833565402267	1.2833565402267	3.6222861719287	10.072085924574
SRR2921685	Th17n	SRX1435901	2654370	1621380	61.0835	GSM1943497	TGFB1_IL6-48h-IL-17A/GFP+ (single cell batch 8)	3.49584222773416	3.59880643423008	2.46640481597409	2.73845767245186	5.14722282515865	2.17190124093886	1.92153010532233	3.67152282582984	3.62430800135537	1.80214991550229	1.27610655081168	1.27610655081168	3.6169420760056	10.0528512543341
SRR2921686	Th17n	SRX1435902	2746690	1625920	59.1957	GSM1943498	TGFB1_IL6-48h-IL-17A/GFP+ (single cell batch 8)	3.5594551417478	3.64865820776234	2.46732452482973	2.72268702484032	5.8362531166975	2.12047280778965	1.87180707330313	3.35477917815273	3.42841311540591	1.7778986690578	1.26166294257298	1.26166294257298	3.62362070246337	10.0574104444847
SRR2921687	Th17n	SRX1435903	3279770	2249780	68.5956	GSM1943499	TGFB1_IL6-48h-IL-17A/GFP+ (single cell batch 8)	3.53104837323563	3.63769747272945	2.45023940626134	2.65728231631438	5.51211473427107	2.10903613766507	1.88852619985204	3.35703773410604	3.35170706583883	1.78331460528879	1.25870299913826	1.25870299913826	3.62099712865891	9.99175036654623
SRR2921688	Th17n	SRX1435904	2768680	1928050	69.6381	GSM1943500	TGFB1_IL6-48h-IL-17A/GFP+ (single cell batch 8)	3.4939173312589	3.55774981652759	2.46469655721034	2.70723351801237	5.77719112873525	2.13525052457279	1.88909335291981	3.51605037550836	3.87414201977318	1.76496463956609	1.22621327130109	1.22621327130109	3.60558230329363	9.86471257814968
SRR2921689	Th17n	SRX1435905	2771760	1667990	60.1779	GSM1943501	TGFB1_IL6-48h-IL-17A/GFP+ (single cell batch 8)	3.51373939408134	3.6171141015769	2.46683200340225	2.71825618793194	5.67397557981833	2.15707984919288	1.93044629830701	3.50464166981408	3.48466468767642	1.76716839225028	1.26314543747446	1.26314543747446	3.62450659971934	9.86949264764246
SRR2921690	Th17n	SRX1435906	2317740	1662350	71.7227	GSM1943502	TGFB1_IL6-48h-IL-17A/GFP+ (single cell batch 8)	3.42839114845838	3.4378108105199	2.44326040803983	2.60542953237913	5.83060887545251	2.06866484751792	1.86706356752627	3.5845474750833	3.35504747720582	1.73323224396716	1.23534987730149	1.23534987730149	3.62104878854	9.86939585145531
SRR2921691	Th17n	SRX1435907	2620800	1503660	57.3742	GSM1943503	TGFB1_IL6-48h-IL-17A/GFP+ (single cell batch 8)	3.54298237800476	3.60094246606476	2.49994653042721	2.64139395682625	5.28852429241388	2.10023050587079	1.84381546977311	3.66620944890997	3.37399473269345	1.80138157104027	1.29427514113604	1.29427514113604	3.61000926087854	9.82857421943645
SRR2921692	Th17n	SRX1435908	3103290	2045790	65.9234	GSM1943504	TGFB1_IL6-48h-IL-17A/GFP+ (single cell batch 8)	3.47502146618507	3.56109536376153	2.43943028007302	2.64340364785714	5.69537567420893	2.12623744557627	1.86010544032293	3.56407807515762	3.82447352041182	1.77941933782069	1.26733799338263	1.26733799338263	3.62340023056795	9.86166514222553
SRR2921693	Th17n	SRX1435909	3163430	1698160	53.681	GSM1943505	TGFB1_IL6-48h-IL-17A/GFP+ (single cell batch 8)	3.48283395032486	3.4906291451712	2.44547592600638	2.65646770340554	5.85824606450666	2.12314312428144	1.89173185086869	3.68696324332541	3.64969264508226	1.75022201288551	1.25762219807499	1.25762219807499	3.61026170044832	9.86148193704686
SRR2921694	Th17n	SRX1435910	2733920	1801450	65.8927	GSM1943506	TGFB1_IL6-48h-IL-17A/GFP+ (single cell batch 8)	3.54689843814941	3.60994243731506	2.50594751513365	2.68367947360921	5.81269531116558	2.17418209573973	1.89363025627412	3.36006375090575	3.39933707745727	1.83629243616119	1.30118201331033	1.30118201331033	3.61775968708777	9.87192017142144
SRR2921695	Th17n	SRX1435911	3260060	2186560	67.0713	GSM1943507	TGFB1_IL6-48h-IL-17A/GFP+ (single cell batch 8)	3.5438622730716	3.64457358704891	2.46803974547045	2.66383333361054	5.71107211597945	2.09288544962445	1.85043472526733	3.49449531789053	3.429157631836	1.74742430957697	1.23654838177408	1.23654838177408	3.61367100522196	9.85686713035985
SRR2921696	Th17n	SRX1435912	1952420	1164110	59.624	GSM1943508	TGFB1_IL6-48h-IL-17A/GFP+ (single cell batch 8)	3.54782171733309	3.56254461566118	2.49480174021423	2.66331840114369	5.77578990949555	2.16349677947965	1.90303746504339	3.62832958886952	3.82130841545345	1.8289020814935	1.29532329827012	1.29532329827012	3.62136902636862	9.85343591396193
SRR2921697	Th17n	SRX1435913	2680620	1463370	54.5908	GSM1943509	TGFB1_IL6-48h-IL-17A/GFP+ (single cell batch 8)	3.49719693143442	3.57631786765614	2.39968283149425	2.61140035405792	5.79735738706404	2.1092814274359	1.87679768577834	3.61931573039053	3.64728283205658	1.77939410010412	1.25787958832287	1.25787958832287	3.61199681066858	9.86619100440856
SRR2921698	Th17n	SRX1435914	2964410	1709430	57.6649	GSM1943510	TGFB1_IL6-48h-IL-17A/GFP+ (single cell batch 8)	3.57346689197346	3.6257046525376	2.44747691134527	2.68093029441981	5.66477140714952	2.14186280390852	1.91190689652716	3.38911307704563	3.42610596489125	1.77421943832506	1.26865416669785	1.26865416669785	3.61766989062812	9.85498478083228
SRR2921699	Th17n	SRX1435915	2192860	1233820	56.2653	GSM1943511	TGFB1_IL6-48h-IL-17A/GFP+ (single cell batch 8)	3.51788936477666	3.55805196952884	2.5031523154567	2.65465894204305	5.84007497107788	2.09338820803107	1.8865115461822	3.42748022833825	3.51155427405379	1.78881019268329	1.2716833787329	1.2716833787329	3.61877588800338	9.85219658454134
SRR2921700	Th17n	SRX1435916	2944640	1820490	61.824	GSM1943512	TGFB1_IL6-48h-IL-17A/GFP+ (single cell batch 8)	3.49209979126219	3.5903073805508	2.46703956177985	2.72108785437302	5.78991502374595	2.13542043887797	1.91507872759879	3.66985341680979	3.36699300412222	1.81270821340017	1.27703274285942	1.27703274285942	3.61002563799192	9.86134725275588
SRR2921701	Th17n	SRX1435917	3086340	1939860	62.8529	GSM1943513	TGFB1_IL6-48h-IL-17A/GFP+ (single cell batch 8)	3.53392372756542	3.6033208446224	2.4594455421327	2.73217864215264	5.63849232366892	2.19550146233023	1.91359273219627	3.69821813948678	3.60932428172609	1.78790084389871	1.27995583807422	1.27995583807422	3.61332343228719	10.0745274616865
SRR2921702	Th17n	SRX1435918	2459490	1621030	65.9091	GSM1943514	TGFB1_IL6-48h-IL-17A/GFP+ (single cell batch 8)	3.55789459082103	3.63105078286588	2.43856576996077	2.70614270478497	5.62270912381147	2.15383246434211	1.87629224427132	3.48276621518289	3.44230472094524	1.78384646276746	1.25763295391763	1.25763295391763	3.61712147341288	9.86707276419799
SRR2921703	Th17n	SRX1435919	2600600	1843850	70.901	GSM1943515	TGFB1_IL6-48h-IL-17A/GFP+ (single cell batch 8)	3.55094260069661	3.60529660557139	2.46381240934511	2.67394274120205	5.71263598772061	2.140732787488	1.85972760037754	3.69569589962407	3.67760767802748	1.78264913092199	1.2565607249645	1.2565607249645	3.62510185396253	9.86786220093479
SRR2921704	Th17n	SRX1435920	2607660	1494660	57.318	GSM1943516	TGFB1_IL6-48h-IL-17A/GFP+ (single cell batch 8)	3.49922490375474	3.58962207698601	2.49890176017261	2.62255115545846	5.86342245302957	2.09924642450042	1.89392646043726	3.41326528956221	3.68085590811382	1.76811718650358	1.25072209091199	1.25072209091199	3.61017270290986	9.86387452108874
SRR2921705	Th17n	SRX1435921	2120480	1387330	65.4255	GSM1943517	TGFB1_IL6-48h-IL-17A/GFP+ (single cell batch 8)	3.47808740334511	3.60052274032764	2.44416627198043	2.66082539310159	5.76283955343734	2.13231836308567	1.86931674857541	3.3473274280995	3.64733107596972	1.74610231208918	1.2420327331916	1.2420327331916	3.62136789024968	9.86773560818249
SRR2921706	Th17n	SRX1435922	5177960	3030840	58.5335	GSM1943518	TGFB1_IL6-48h-IL-17A/GFP+ (single cell batch 8)	3.4313323850084	3.43916646705983	2.55458424077452	2.60315829988263	5.83706544864272	2.05543133658389	1.86985628280365	3.45813039881551	3.81948908888809	1.79834830415219	1.24864730796527	1.24864730796527	3.62687882784382	9.85089708256443
SRR2921707	Th17n	SRX1435923	1729720	1088640	62.9375	GSM1943519	TGFB1_IL6-48h-IL-17A/GFP+ (single cell batch 8)	3.5321695194085	3.57359099821055	2.5628511015398	2.67736731693168	5.68915770142609	2.09979782208013	1.87616684614893	3.68916020156661	3.71365257802649	1.77832449002779	1.26270076686687	1.26270076686687	3.61563319297548	10.0461125837288
SRR2921708	Th17n	SRX1435924	2500130	1701980	68.0755	GSM1943520	TGFB1_IL6-48h-IL-17A/GFP+ (single cell batch 8)	3.49288652323136	3.6083535463405	2.53233016947517	2.64262649136256	5.68192469129304	2.14527421113226	1.90062234186944	3.62196652349476	3.47745967362061	1.80746961811957	1.28279678147542	1.28279678147542	3.62270761851341	9.84961268067752
SRR2921709	Th17n	SRX1435925	3024280	2098810	69.3988	GSM1943521	TGFB1_IL6-48h-IL-17A/GFP+ (single cell batch 8)	3.5549496536226	3.63366277659272	2.54931675598081	2.69687929772874	5.61026781727514	2.11035998158044	1.89794236986152	3.33509727200057	3.80282309945399	1.77447965585178	1.25644103899218	1.25644103899218	3.61322151999866	9.84961268067752
SRR2921710	Th17n	SRX1435926	2853240	1622680	56.8715	GSM1943522	TGFB1_IL6-48h-IL-17A/GFP+ (single cell batch 8)	3.49249166673901	3.55768744999596	2.48802281350517	2.68863236587776	5.72351561471421	2.15207938639018	1.91079741992246	3.41960547212153	3.33721409796915	1.81339835581003	1.27529743490046	1.27529743490046	3.61979521546622	9.85751892669924
SRR2921711	Th17n	SRX1435927	2508770	1518530	60.5291	GSM1943523	TGFB1_IL6-48h-IL-17A/GFP+ (single cell batch 8)	3.55172888417645	3.61559782784529	2.43797401338133	2.63841242854828	4.05479275673526	2.05462815885799	1.86294586473924	3.35030876680112	3.3558767135528	1.78347845452764	1.27178711699745	1.27178711699745	3.62053249065106	9.82857421943645
SRR2921712	Th17n	SRX1435928	2978350	2003290	67.2619	GSM1943524	TGFB1_IL6-48h-IL-17A/GFP+ (single cell batch 8)	3.55812654792366	3.6456211706723	2.46882167843217	2.68505393769564	5.77574687424702	2.10683751686012	1.86498626881732	3.50754894797388	3.86686695847246	1.78383786695246	1.25021036008855	1.25021036008855	3.62203371723414	9.85542313763929
