cell_name	clonal_group	group_size	age_months	join_key	mouse_id	tissue	original_source_in_clone	within_mouse_clone_size	within_mouse_in_clone	source_index	join_rule	official_age	official_batch	official_cell	official_cell_ontology_class	official_cell_ontology_id	official_free_annotation	official_method	official_mouse.id	official_n_counts	official_n_genes	official_sex	official_subtissue	official_tissue	official_tissue_free_annotation	official_louvain	official_leiden
A1-B000827-3_38_F-1-1			3	A1.B000827.3_38_F.1.1-1-1	3_38_F	Thymus	False	1	False	A1.B000827.3_38_F.1.1-1-1-1	one_assay_suffix	3m	1	nan	DN4 thymocyte	CL:0002420	DN4 thymocyte	facs	3_38_F	86236.0	4192.0	female	Flowthrough	Thymus	nan	4	21
A1-B003291-3_39_F-1-1			3	A1.B003291.3_39_F.1.1-1-1	3_39_F	Thymus	False	1	False	A1.B003291.3_39_F.1.1-1-1-1	one_assay_suffix	3m	1	nan	thymocyte	CL:0002420	proliferating thymocyte; DN to DP transition, dividing (some are Cd8+/ Cd4+, some undergoing VDJ recombination)	facs	3_39_F	3376595.0	3348.0	female	Flowthrough	Thymus	nan	21	23
A1-MAA000607-3_9_M-1-1			3	A1.MAA000607.3_9_M.1.1-1-1	3_9_M	Thymus	False	1	False	A1.MAA000607.3_9_M.1.1-1-1-1	one_assay_suffix	3m	1	nan	thymocyte	CL:0002420	DN to DP transition (most are Cd8+/ Cd4+, some undergoing VDJ recombination)	facs	3_9_M	326430.0	1900.0	male	nan	Thymus	nan	21	23
A1-MAA000880-3_11_M-1-1			3	A1.MAA000880.3_11_M.1.1-1-1	3_11_M	Thymus	False	1	False	A1.MAA000880.3_11_M.1.1-1-1-1	one_assay_suffix	3m	1	nan	thymocyte	CL:0002420	proliferating thymocyte; DN to DP transition, dividing (some are Cd8+/ Cd4+, some undergoing VDJ recombination)	facs	3_11_M	1871199.0	4242.0	male	nan	Thymus	nan	21	23
A1-MAA001888-3_39_F-1-1			3	A1.MAA001888.3_39_F.1.1-1-1	3_39_F	Marrow	False	1	False	A1.MAA001888.3_39_F.1.1-1-1-1	one_assay_suffix	3m	1	nan	mature alpha-beta T cell	CL:0002420	BM CD8 + CD4 T cell	facs	3_39_F	226212.0	2486.0	female	T-cells	Marrow	nan	6	5
A10-B000827-3_38_F-1-1			3	A10.B000827.3_38_F.1.1-1-1	3_38_F	Thymus	False	1	False	A10.B000827.3_38_F.1.1-1-1-1	one_assay_suffix	3m	1	nan	DN4 thymocyte	CL:0002420	DN4 thymocyte	facs	3_38_F	823352.0	2349.0	female	Flowthrough	Thymus	nan	6	5
A10-B000971-3_39_F-1-1			3	A10.B000971.3_39_F.1.1-1-1	3_39_F	Spleen	False	1	False	A10.B000971.3_39_F.1.1-1-1-1	one_assay_suffix	3m	1	nan	CD4-positive, alpha-beta T cell	CL:0000084	Cd3e T cell	facs	3_39_F	1226536.0	1600.0	female	nan	Spleen	nan	4	21
A10-B001750-3_38_F-1-1			3	A10.B001750.3_38_F.1.1-1-1	3_38_F	Spleen	False	1	False	A10.B001750.3_38_F.1.1-1-1-1	one_assay_suffix	3m	1	nan	CD8-positive, alpha-beta T cell	CL:0000084	Cd3e T cell	facs	3_38_F	118549.0	1918.0	female	nan	Spleen	nan	6	5
A10-MAA000442-3_11_M-1-1			3	A10.MAA000442.3_11_M.1.1-1-1	3_11_M	BAT	False	1	False	A10.MAA000442.3_11_M.1.1-1-1-1	one_assay_suffix	3m	1	nan	T cell	nan	nan	facs	3_11_M	44422.0	1450.0	male	Fat	BAT	nan	4	5
A10-MAA000508-3_9_M-1-1			3	A10.MAA000508.3_9_M.1.1-1-1	3_9_M	Spleen	False	1	False	A10.MAA000508.3_9_M.1.1-1-1-1	one_assay_suffix	3m	1	nan	CD4-positive, alpha-beta T cell	CL:0000084	Cd3e T cell	facs	3_9_M	465509.0	1948.0	male	nan	Spleen	nan	6	5
A10-MAA000607-3_9_M-1-1			3	A10.MAA000607.3_9_M.1.1-1-1	3_9_M	Thymus	False	1	False	A10.MAA000607.3_9_M.1.1-1-1-1	one_assay_suffix	3m	1	nan	thymocyte	CL:0002420	DN to DP transition (most are Cd8+/ Cd4+, some undergoing VDJ recombination)	facs	3_9_M	201433.0	1643.0	male	nan	Thymus	nan	21	23
A10-MAA000877-3_11_M-1-1			3	A10.MAA000877.3_11_M.1.1-1-1	3_11_M	MAT	False	1	False	A10.MAA000877.3_11_M.1.1-1-1-1	one_assay_suffix	3m	1	nan	CD8-positive, alpha-beta T cell	CL:0000084	nan	facs	3_11_M	1178190.0	2192.0	male	Fat	MAT	nan	4	9
A10-MAA000880-3_11_M-1-1			3	A10.MAA000880.3_11_M.1.1-1-1	3_11_M	Thymus	False	1	False	A10.MAA000880.3_11_M.1.1-1-1-1	one_assay_suffix	3m	1	nan	DN4 thymocyte	CL:0002420	DN4 thymocyte	facs	3_11_M	767229.0	1429.0	male	nan	Thymus	nan	6	9
A11-B000827-3_38_F-1-1			3	A11.B000827.3_38_F.1.1-1-1	3_38_F	Thymus	False	1	False	A11.B000827.3_38_F.1.1-1-1-1	one_assay_suffix	3m	1	nan	DN4 thymocyte	CL:0002420	DN4 thymocyte	facs	3_38_F	765088.0	2180.0	female	Flowthrough	Thymus	nan	6	5
A11-B001960-3_56_F-1-1			3	A11.B001960.3_56_F.1.1-1-1	3_56_F	BAT	False	1	False	A11.B001960.3_56_F.1.1-1-1-1	one_assay_suffix	3m	1	nan	T cell	CL:0000084	nan	facs	3_56_F	1024713.0	1347.0	female	Fat	BAT	nan	6	5
A11-B003291-3_39_F-1-1			3	A11.B003291.3_39_F.1.1-1-1	3_39_F	Thymus	False	1	False	A11.B003291.3_39_F.1.1-1-1-1	one_assay_suffix	3m	1	nan	DN4 thymocyte	CL:0002420	DN4 thymocyte	facs	3_39_F	555113.0	1686.0	female	Flowthrough	Thymus	nan	21	23
A11-MAA000388-3_11_M-1-1			3	A11.MAA000388.3_11_M.1.1-1-1	3_11_M	GAT	False	1	False	A11.MAA000388.3_11_M.1.1-1-1-1	one_assay_suffix	3m	1	nan	T cell	CL:0000084	nan	facs	3_11_M	248912.0	2133.0	male	Fat	GAT	nan	4	21
A11-MAA000607-3_9_M-1-1			3	A11.MAA000607.3_9_M.1.1-1-1	3_9_M	Thymus	False	1	False	A11.MAA000607.3_9_M.1.1-1-1-1	one_assay_suffix	3m	1	nan	thymocyte	CL:0002420	DN to DP transition (most are Cd8+/ Cd4+, some undergoing VDJ recombination)	facs	3_9_M	120815.0	1350.0	male	nan	Thymus	nan	21	23
A11-MAA000880-3_11_M-1-1			3	A11.MAA000880.3_11_M.1.1-1-1	3_11_M	Thymus	False	1	False	A11.MAA000880.3_11_M.1.1-1-1-1	one_assay_suffix	3m	1	nan	thymocyte	CL:0002420	DN to DP transition (most are Cd8+/ Cd4+, some undergoing VDJ recombination)	facs	3_11_M	342593.0	799.0	male	nan	Thymus	nan	21	23
A11-MAA000914-3_9_M-1-1			3	A11.MAA000914.3_9_M.1.1-1-1	3_9_M	MAT	False	1	False	A11.MAA000914.3_9_M.1.1-1-1-1	one_assay_suffix	3m	1	nan	CD8-positive, alpha-beta T cell	CL:0000084	nan	facs	3_9_M	186577.0	2388.0	male	Fat	MAT	nan	6	9
A12-B000827-3_38_F-1-1	21.0	2.0	3	A12.B000827.3_38_F.1.1-1-1	3_38_F	Thymus	True	2	True	A12.B000827.3_38_F.1.1-1-1-1	one_assay_suffix	3m	1	nan	DN4 thymocyte	CL:0002420	DN4 thymocyte	facs	3_38_F	618917.0	2478.0	female	Flowthrough	Thymus	nan	6	5
A12-B000971-3_39_F-1-1			3	A12.B000971.3_39_F.1.1-1-1	3_39_F	Spleen	False	1	False	A12.B000971.3_39_F.1.1-1-1-1	one_assay_suffix	3m	1	nan	CD8-positive, alpha-beta T cell	CL:0000084	nan	facs	3_39_F	863887.0	2223.0	female	nan	Spleen	nan	4	9
A12-B001960-3_56_F-1-1			3	A12.B001960.3_56_F.1.1-1-1	3_56_F	BAT	False	1	False	A12.B001960.3_56_F.1.1-1-1-1	one_assay_suffix	3m	1	nan	NK cell	CL:0000084	nan	facs	3_56_F	716136.0	1924.0	female	Fat	BAT	nan	4	21
A12-B003291-3_39_F-1-1			3	A12.B003291.3_39_F.1.1-1-1	3_39_F	Thymus	False	1	False	A12.B003291.3_39_F.1.1-1-1-1	one_assay_suffix	3m	1	nan	thymocyte	CL:0002420	DN to DP transition (most are Cd8+/ Cd4+, some undergoing VDJ recombination)	facs	3_39_F	530186.0	1331.0	female	Flowthrough	Thymus	nan	21	23
A12-MAA000556-3_9_M-1-1			3	A12.MAA000556.3_9_M.1.1-1-1	3_9_M	BAT	False	1	False	A12.MAA000556.3_9_M.1.1-1-1-1	one_assay_suffix	3m	1	nan	T cell	CL:0000084	nan	facs	3_9_M	98744.0	1669.0	male	Fat	BAT	nan	6	5
A12-MAA000607-3_9_M-1-1			3	A12.MAA000607.3_9_M.1.1-1-1	3_9_M	Thymus	False	1	False	A12.MAA000607.3_9_M.1.1-1-1-1	one_assay_suffix	3m	1	nan	thymocyte	CL:0002420	DN to DP transition (most are Cd8+/ Cd4+, some undergoing VDJ recombination)	facs	3_9_M	171319.0	1439.0	male	nan	Thymus	nan	21	23
A12-MAA000880-3_11_M-1-1			3	A12.MAA000880.3_11_M.1.1-1-1	3_11_M	Thymus	False	1	False	A12.MAA000880.3_11_M.1.1-1-1-1	one_assay_suffix	3m	1	nan	DN4 thymocyte	CL:0002420	DN4 thymocyte	facs	3_11_M	611385.0	2295.0	male	nan	Thymus	nan	4	21
A13-B003291-3_39_F-1-1			3	A13.B003291.3_39_F.1.1-1-1	3_39_F	Thymus	False	1	False	A13.B003291.3_39_F.1.1-1-1-1	one_assay_suffix	3m	1	nan	thymocyte	CL:0002420	DN to DP transition (most are Cd8+/ Cd4+, some undergoing VDJ recombination)	facs	3_39_F	818048.0	1055.0	female	Flowthrough	Thymus	nan	21	23
A13-MAA000442-3_11_M-1-1			3	A13.MAA000442.3_11_M.1.1-1-1	3_11_M	BAT	False	1	False	A13.MAA000442.3_11_M.1.1-1-1-1	one_assay_suffix	3m	1	nan	T cell	CL:0000084	nan	facs	3_11_M	62320.0	1390.0	male	Fat	BAT	nan	4	5
A13-MAA000607-3_9_M-1-1			3	A13.MAA000607.3_9_M.1.1-1-1	3_9_M	Thymus	False	1	False	A13.MAA000607.3_9_M.1.1-1-1-1	one_assay_suffix	3m	1	nan	DN4 thymocyte	CL:0002420	DN4 thymocyte	facs	3_9_M	169868.0	1574.0	male	nan	Thymus	nan	6	5
A13-MAA000880-3_11_M-1-1			3	A13.MAA000880.3_11_M.1.1-1-1	3_11_M	Thymus	False	1	False	A13.MAA000880.3_11_M.1.1-1-1-1	one_assay_suffix	3m	1	nan	thymocyte	CL:0002420	DN to DP transition (most are Cd8+/ Cd4+, some undergoing VDJ recombination)	facs	3_11_M	563678.0	2048.0	male	nan	Thymus	nan	21	23
A13-MAA000914-3_9_M-1-1			3	A13.MAA000914.3_9_M.1.1-1-1	3_9_M	MAT	False	1	False	A13.MAA000914.3_9_M.1.1-1-1-1	one_assay_suffix	3m	1	nan	CD4-positive, alpha-beta T cell	nan	nan	facs	3_9_M	17502.0	1255.0	male	Fat	MAT	nan	4	21
A14-B001750-3_38_F-1-1			3	A14.B001750.3_38_F.1.1-1-1	3_38_F	Spleen	False	1	False	A14.B001750.3_38_F.1.1-1-1-1	one_assay_suffix	3m	1	nan	CD4-positive, alpha-beta T cell	CL:0000084	Cd3e T cell	facs	3_38_F	488545.0	2342.0	female	nan	Spleen	nan	6	5
A14-B003291-3_39_F-1-1			3	A14.B003291.3_39_F.1.1-1-1	3_39_F	Thymus	False	1	False	A14.B003291.3_39_F.1.1-1-1-1	one_assay_suffix	3m	1	nan	DN4 thymocyte	CL:0002420	DN4 thymocyte	facs	3_39_F	1598452.0	1630.0	female	Flowthrough	Thymus	nan	6	5
A14-MAA000607-3_9_M-1-1			3	A14.MAA000607.3_9_M.1.1-1-1	3_9_M	Thymus	False	1	False	A14.MAA000607.3_9_M.1.1-1-1-1	one_assay_suffix	3m	1	nan	thymocyte	CL:0002420	DN to DP transition (most are Cd8+/ Cd4+, some undergoing VDJ recombination)	facs	3_9_M	144873.0	1506.0	male	nan	Thymus	nan	21	23
A14-MAA000779-3_11_M-1-1			3	A14.MAA000779.3_11_M.1.1-1-1	3_11_M	Spleen	False	1	False	A14.MAA000779.3_11_M.1.1-1-1-1	one_assay_suffix	3m	1	nan	CD8-positive, alpha-beta T cell	CL:0000084	nan	facs	3_11_M	273562.0	1649.0	male	nan	Spleen	nan	4	9
A14-MAA000877-3_11_M-1-1			3	A14.MAA000877.3_11_M.1.1-1-1	3_11_M	MAT	False	1	False	A14.MAA000877.3_11_M.1.1-1-1-1	one_assay_suffix	3m	1	nan	CD4-positive, alpha-beta T cell	CL:0000084	nan	facs	3_11_M	536848.0	1259.0	male	Fat	MAT	nan	6	5
A14-MAA000880-3_11_M-1-1			3	A14.MAA000880.3_11_M.1.1-1-1	3_11_M	Thymus	False	1	False	A14.MAA000880.3_11_M.1.1-1-1-1	one_assay_suffix	3m	1	nan	DN4 thymocyte	CL:0002420	DN4 thymocyte	facs	3_11_M	615029.0	1870.0	male	nan	Thymus	nan	6	5
A15-B000827-3_38_F-1-1	34.0	2.0	3	A15.B000827.3_38_F.1.1-1-1	3_38_F	Thymus	True	2	True	A15.B000827.3_38_F.1.1-1-1-1	one_assay_suffix	3m	1	nan	DN4 thymocyte	CL:0002420	DN4 thymocyte	facs	3_38_F	1170709.0	2667.0	female	Flowthrough	Thymus	nan	6	5
A15-B001960-3_56_F-1-1			3	A15.B001960.3_56_F.1.1-1-1	3_56_F	BAT	False	1	False	A15.B001960.3_56_F.1.1-1-1-1	one_assay_suffix	3m	1	nan	myeloid cell	CL:0000084	nan	facs	3_56_F	1855758.0	2894.0	female	Fat	BAT	nan	15	21
A15-B003285-3_38_F-1-1			3	A15.B003285.3_38_F.1.1-1-1	3_38_F	Thymus	False	1	False	A15.B003285.3_38_F.1.1-1-1-1	one_assay_suffix	3m	1	nan	thymocyte	CL:0002420	DN to DP transition (most are Cd8+/ Cd4+, some undergoing VDJ recombination)	facs	3_38_F	373518.0	1577.0	female	Epithelium	Thymus	nan	6	5
A15-B003291-3_39_F-1-1			3	A15.B003291.3_39_F.1.1-1-1	3_39_F	Thymus	False	1	False	A15.B003291.3_39_F.1.1-1-1-1	one_assay_suffix	3m	1	nan	thymocyte	CL:0002420	DN to DP transition (most are Cd8+/ Cd4+, some undergoing VDJ recombination)	facs	3_39_F	885396.0	1570.0	female	Flowthrough	Thymus	nan	21	23
A15-MAA000607-3_9_M-1-1			3	A15.MAA000607.3_9_M.1.1-1-1	3_9_M	Thymus	False	1	False	A15.MAA000607.3_9_M.1.1-1-1-1	one_assay_suffix	3m	1	nan	thymocyte	CL:0002420	proliferating thymocyte; DN to DP transition, dividing (some are Cd8+/ Cd4+, some undergoing VDJ recombination)	facs	3_9_M	816050.0	3914.0	male	nan	Thymus	nan	21	23
A15-MAA000880-3_11_M-1-1			3	A15.MAA000880.3_11_M.1.1-1-1	3_11_M	Thymus	False	1	False	A15.MAA000880.3_11_M.1.1-1-1-1	one_assay_suffix	3m	1	nan	DN4 thymocyte	CL:0002420	DN4 thymocyte	facs	3_11_M	552492.0	1233.0	male	nan	Thymus	nan	6	5
A16-B000971-3_39_F-1-1			3	A16.B000971.3_39_F.1.1-1-1	3_39_F	Spleen	False	1	False	A16.B000971.3_39_F.1.1-1-1-1	one_assay_suffix	3m	1	nan	CD4-positive, alpha-beta T cell	CL:0000084	Cd3e T cell	facs	3_39_F	856579.0	1738.0	female	nan	Spleen	nan	4	5
A16-B001750-3_38_F-1-1			3	A16.B001750.3_38_F.1.1-1-1	3_38_F	Spleen	False	1	False	A16.B001750.3_38_F.1.1-1-1-1	one_assay_suffix	3m	1	nan	CD4-positive, alpha-beta T cell	CL:0000084	Cd3e T cell	facs	3_38_F	483145.0	1966.0	female	nan	Spleen	nan	6	5
A16-B002423-3_39_F-1-1	28.0	2.0	3	A16.B002423.3_39_F.1.1-1-1	3_39_F	Heart	True	1	False	A16.B002423.3_39_F.1.1-1-1-1	one_assay_suffix	3m	1	nan	T cell	CL:0000738	T cell	facs	3_39_F	638799.0	1519.0	female	RV	Heart	nan	4	21
A16-B003291-3_39_F-1-1			3	A16.B003291.3_39_F.1.1-1-1	3_39_F	Thymus	False	1	False	A16.B003291.3_39_F.1.1-1-1-1	one_assay_suffix	3m	1	nan	thymocyte	CL:0002420	proliferating thymocyte; DN to DP transition, dividing (some are Cd8+/ Cd4+, some undergoing VDJ recombination)	facs	3_39_F	1982658.0	2643.0	female	Flowthrough	Thymus	nan	21	23
A16-D045058-3_39_F-1-1	32.0	2.0	3	A16.D045058.3_39_F.1.1-1-1	3_39_F	GAT	True	1	False	A16.D045058.3_39_F.1.1-1-1-1	one_assay_suffix	3m	1	nan	myeloid cell	CL:0000763	nan	facs	3_39_F	1495488.0	4899.0	female	Fat	GAT	nan	45	12
A16-D045067-3_38_F-1-1			3	A16.D045067.3_38_F.1.1-1-1	3_38_F	GAT	False	1	False	A16.D045067.3_38_F.1.1-1-1-1	one_assay_suffix	3m	1	nan	myeloid cell	CL:0000763	nan	facs	3_38_F	1774287.0	2837.0	female	Fat	GAT	nan	3	17
A16-MAA000607-3_9_M-1-1			3	A16.MAA000607.3_9_M.1.1-1-1	3_9_M	Thymus	False	1	False	A16.MAA000607.3_9_M.1.1-1-1-1	one_assay_suffix	3m	1	nan	thymocyte	CL:0002420	DN to DP transition (most are Cd8+/ Cd4+, some undergoing VDJ recombination)	facs	3_9_M	175357.0	1482.0	male	nan	Thymus	nan	21	23
A16-MAA000779-3_11_M-1-1			3	A16.MAA000779.3_11_M.1.1-1-1	3_11_M	Spleen	False	1	False	A16.MAA000779.3_11_M.1.1-1-1-1	one_assay_suffix	3m	1	nan	CD4-positive, alpha-beta T cell	CL:0000084	Cd3e T cell	facs	3_11_M	272321.0	1439.0	male	nan	Spleen	nan	6	5
A16-MAA000880-3_11_M-1-1	13.0	2.0	3	A16.MAA000880.3_11_M.1.1-1-1	3_11_M	Thymus	True	1	False	A16.MAA000880.3_11_M.1.1-1-1-1	one_assay_suffix	3m	1	nan	thymocyte	CL:0002420	proliferating thymocyte; DN to DP transition, dividing (some are Cd8+/ Cd4+, some undergoing VDJ recombination)	facs	3_11_M	659338.0	3075.0	male	nan	Thymus	nan	21	23
A17-B000827-3_38_F-1-1			3	A17.B000827.3_38_F.1.1-1-1	3_38_F	Thymus	False	1	False	A17.B000827.3_38_F.1.1-1-1-1	one_assay_suffix	3m	1	nan	DN4 thymocyte	CL:0002420	DN4 thymocyte	facs	3_38_F	1542674.0	2435.0	female	Flowthrough	Thymus	nan	6	5
A17-B003291-3_39_F-1-1			3	A17.B003291.3_39_F.1.1-1-1	3_39_F	Thymus	False	1	False	A17.B003291.3_39_F.1.1-1-1-1	one_assay_suffix	3m	1	nan	thymocyte	CL:0002420	DN to DP transition (most are Cd8+/ Cd4+, some undergoing VDJ recombination)	facs	3_39_F	2344813.0	1733.0	female	Flowthrough	Thymus	nan	21	23
A17-MAA000508-3_9_M-1-1			3	A17.MAA000508.3_9_M.1.1-1-1	3_9_M	Spleen	False	1	False	A17.MAA000508.3_9_M.1.1-1-1-1	one_assay_suffix	3m	1	nan	CD8-positive, alpha-beta T cell	CL:0000084	Cd3e T cell	facs	3_9_M	161879.0	1622.0	male	nan	Spleen	nan	6	5
A17-MAA000607-3_9_M-1-1			3	A17.MAA000607.3_9_M.1.1-1-1	3_9_M	Thymus	False	1	False	A17.MAA000607.3_9_M.1.1-1-1-1	one_assay_suffix	3m	1	nan	DN4 thymocyte	CL:0002420	DN4 thymocyte	facs	3_9_M	155405.0	1749.0	male	nan	Thymus	nan	6	5
A17-MAA000779-3_11_M-1-1			3	A17.MAA000779.3_11_M.1.1-1-1	3_11_M	Spleen	False	1	False	A17.MAA000779.3_11_M.1.1-1-1-1	one_assay_suffix	3m	1	nan	CD4-positive, alpha-beta T cell	CL:0000084	Cd3e T cell	facs	3_11_M	213312.0	1367.0	male	nan	Spleen	nan	6	5
A17-MAA000880-3_11_M-1-1			3	A17.MAA000880.3_11_M.1.1-1-1	3_11_M	Thymus	False	1	False	A17.MAA000880.3_11_M.1.1-1-1-1	one_assay_suffix	3m	1	nan	DN4 thymocyte	CL:0002420	DN4 thymocyte	facs	3_11_M	490742.0	1063.0	male	nan	Thymus	nan	6	5
A18-B000827-3_38_F-1-1			3	A18.B000827.3_38_F.1.1-1-1	3_38_F	Thymus	False	1	False	A18.B000827.3_38_F.1.1-1-1-1	one_assay_suffix	3m	1	nan	DN4 thymocyte	CL:0002420	DN4 thymocyte	facs	3_38_F	1809716.0	3412.0	female	Flowthrough	Thymus	nan	6	5
A18-MAA000607-3_9_M-1-1			3	A18.MAA000607.3_9_M.1.1-1-1	3_9_M	Thymus	False	1	False	A18.MAA000607.3_9_M.1.1-1-1-1	one_assay_suffix	3m	1	nan	thymocyte	CL:0002420	DN to DP transition (most are Cd8+/ Cd4+, some undergoing VDJ recombination)	facs	3_9_M	270074.0	1713.0	male	nan	Thymus	nan	21	23
A18-MAA000880-3_11_M-1-1			3	A18.MAA000880.3_11_M.1.1-1-1	3_11_M	Thymus	False	1	False	A18.MAA000880.3_11_M.1.1-1-1-1	one_assay_suffix	3m	1	nan	DN4 thymocyte	CL:0002420	DN4 thymocyte	facs	3_11_M	587462.0	1322.0	male	nan	Thymus	nan	6	5
A19-B000827-3_38_F-1-1			3	A19.B000827.3_38_F.1.1-1-1	3_38_F	Thymus	False	1	False	A19.B000827.3_38_F.1.1-1-1-1	one_assay_suffix	3m	1	nan	DN4 thymocyte	CL:0002420	DN4 thymocyte	facs	3_38_F	734726.0	2157.0	female	Flowthrough	Thymus	nan	6	5
A19-B003291-3_39_F-1-1			3	A19.B003291.3_39_F.1.1-1-1	3_39_F	Thymus	False	1	False	A19.B003291.3_39_F.1.1-1-1-1	one_assay_suffix	3m	1	nan	thymocyte	CL:0002420	DN to DP transition (most are Cd8+/ Cd4+, some undergoing VDJ recombination)	facs	3_39_F	1528556.0	1381.0	female	Flowthrough	Thymus	nan	21	23
A19-MAA000607-3_9_M-1-1			3	A19.MAA000607.3_9_M.1.1-1-1	3_9_M	Thymus	False	1	False	A19.MAA000607.3_9_M.1.1-1-1-1	one_assay_suffix	3m	1	nan	thymocyte	CL:0002420	DN to DP transition (most are Cd8+/ Cd4+, some undergoing VDJ recombination)	facs	3_9_M	210162.0	1694.0	male	nan	Thymus	nan	21	23
A19-MAA000880-3_11_M-1-1			3	A19.MAA000880.3_11_M.1.1-1-1	3_11_M	Thymus	False	1	False	A19.MAA000880.3_11_M.1.1-1-1-1	one_assay_suffix	3m	1	nan	DN4 thymocyte	CL:0002420	DN4 thymocyte	facs	3_11_M	295531.0	794.0	male	nan	Thymus	nan	6	23
A2-B003284-3_39_F-1-1			3	A2.B003284.3_39_F.1.1-1-1	3_39_F	Thymus	False	1	False	A2.B003284.3_39_F.1.1-1-1-1	one_assay_suffix	3m	1	nan	thymocyte	CL:0002420	DN to DP transition (most are Cd8+/ Cd4+, some undergoing VDJ recombination)	facs	3_39_F	1211283.0	1330.0	female	Epithelium	Thymus	nan	21	23
A20-B000827-3_38_F-1-1			3	A20.B000827.3_38_F.1.1-1-1	3_38_F	Thymus	False	1	False	A20.B000827.3_38_F.1.1-1-1-1	one_assay_suffix	3m	1	nan	DN4 thymocyte	CL:0002420	DN4 thymocyte	facs	3_38_F	614941.0	1828.0	female	Flowthrough	Thymus	nan	6	5
A20-B001750-3_38_F-1-1			3	A20.B001750.3_38_F.1.1-1-1	3_38_F	Spleen	False	1	False	A20.B001750.3_38_F.1.1-1-1-1	one_assay_suffix	3m	1	nan	CD8-positive, alpha-beta T cell	CL:0000084	nan	facs	3_38_F	509095.0	2042.0	female	nan	Spleen	nan	4	9
A20-B003291-3_39_F-1-1			3	A20.B003291.3_39_F.1.1-1-1	3_39_F	Thymus	False	1	False	A20.B003291.3_39_F.1.1-1-1-1	one_assay_suffix	3m	1	nan	thymocyte	CL:0002420	DN to DP transition (most are Cd8+/ Cd4+, some undergoing VDJ recombination)	facs	3_39_F	1642856.0	1554.0	female	Flowthrough	Thymus	nan	21	23
A20-MAA000607-3_9_M-1-1			3	A20.MAA000607.3_9_M.1.1-1-1	3_9_M	Thymus	False	1	False	A20.MAA000607.3_9_M.1.1-1-1-1	one_assay_suffix	3m	1	nan	thymocyte	CL:0002420	DN to DP transition (most are Cd8+/ Cd4+, some undergoing VDJ recombination)	facs	3_9_M	167460.0	1426.0	male	nan	Thymus	nan	21	23
A20-MAA000880-3_11_M-1-1			3	A20.MAA000880.3_11_M.1.1-1-1	3_11_M	Thymus	False	1	False	A20.MAA000880.3_11_M.1.1-1-1-1	one_assay_suffix	3m	1	nan	DN4 thymocyte	CL:0002420	DN4 thymocyte	facs	3_11_M	684121.0	1155.0	male	nan	Thymus	nan	6	5
A21-MAA000530-3_8_M-1-1			3	A21.MAA000530.3_8_M.1.1-1-1	3_8_M	Lung	False	1	False	A21.MAA000530.3_8_M.1.1-1-1-1	one_assay_suffix	3m	1	nan	CD4-positive, alpha-beta T cell	CL:0000084	CD4+ T	facs	3_8_M	556778.0	1786.0	male	nan	Lung	nan	4	5
A21-MAA000607-3_9_M-1-1			3	A21.MAA000607.3_9_M.1.1-1-1	3_9_M	Thymus	False	1	False	A21.MAA000607.3_9_M.1.1-1-1-1	one_assay_suffix	3m	1	nan	thymocyte	CL:0002420	DN to DP transition (most are Cd8+/ Cd4+, some undergoing VDJ recombination)	facs	3_9_M	149506.0	1444.0	male	nan	Thymus	nan	21	23
A21-MAA001895-3_38_F-1-1			3	A21.MAA001895.3_38_F.1.1-1-1	3_38_F	Brain_Non-Myeloid	False	1	False	A21.MAA001895.3_38_F.1.1-1-1-1	one_assay_suffix	3m	1	nan	CD8-positive, alpha-beta T cell	CL:0000128	nan	facs	3_38_F	53822.0	1818.0	female	Cortex	Brain_Non-Myeloid	nan	6	5
A22-B001750-3_38_F-1-1			3	A22.B001750.3_38_F.1.1-1-1	3_38_F	Spleen	False	1	False	A22.B001750.3_38_F.1.1-1-1-1	one_assay_suffix	3m	1	nan	CD4-positive, alpha-beta T cell	CL:0000084	Cd3e T cell	facs	3_38_F	398504.0	1881.0	female	nan	Spleen	nan	6	5
A22-MAA000508-3_9_M-1-1			3	A22.MAA000508.3_9_M.1.1-1-1	3_9_M	Spleen	False	1	False	A22.MAA000508.3_9_M.1.1-1-1-1	one_assay_suffix	3m	1	nan	CD4-positive, alpha-beta T cell	CL:0000084	Cd3e T cell	facs	3_9_M	393876.0	2510.0	male	nan	Spleen	nan	4	21
A22-MAA000607-3_9_M-1-1			3	A22.MAA000607.3_9_M.1.1-1-1	3_9_M	Thymus	False	1	False	A22.MAA000607.3_9_M.1.1-1-1-1	one_assay_suffix	3m	1	nan	DN4 thymocyte	CL:0002420	DN4 thymocyte	facs	3_9_M	327613.0	1913.0	male	nan	Thymus	nan	6	5
A22-MAA000609-3_8_M-1-1			3	A22.MAA000609.3_8_M.1.1-1-1	3_8_M	Thymus	False	1	False	A22.MAA000609.3_8_M.1.1-1-1-1	one_assay_suffix	3m	1	nan	thymocyte	CL:0002420	DN to DP transition (most are Cd8+/ Cd4+, some undergoing VDJ recombination)	facs	3_8_M	151218.0	1278.0	male	nan	Thymus	nan	21	23
A22-MAA000779-3_11_M-1-1			3	A22.MAA000779.3_11_M.1.1-1-1	3_11_M	Spleen	False	1	False	A22.MAA000779.3_11_M.1.1-1-1-1	one_assay_suffix	3m	1	nan	CD4-positive, alpha-beta T cell	CL:0000084	Cd3e T cell	facs	3_11_M	245966.0	1362.0	male	nan	Spleen	nan	6	5
A22-MAA000880-3_11_M-1-1			3	A22.MAA000880.3_11_M.1.1-1-1	3_11_M	Thymus	False	1	False	A22.MAA000880.3_11_M.1.1-1-1-1	one_assay_suffix	3m	1	nan	DN4 thymocyte	CL:0002420	DN4 thymocyte	facs	3_11_M	667636.0	1169.0	male	nan	Thymus	nan	6	5
A3-B003291-3_39_F-1-1			3	A3.B003291.3_39_F.1.1-1-1	3_39_F	Thymus	False	1	False	A3.B003291.3_39_F.1.1-1-1-1	one_assay_suffix	3m	1	nan	thymocyte	CL:0002420	DN to DP transition (most are Cd8+/ Cd4+, some undergoing VDJ recombination)	facs	3_39_F	531002.0	1532.0	female	Flowthrough	Thymus	nan	21	23
A3-MAA000607-3_9_M-1-1			3	A3.MAA000607.3_9_M.1.1-1-1	3_9_M	Thymus	False	1	False	A3.MAA000607.3_9_M.1.1-1-1-1	one_assay_suffix	3m	1	nan	thymocyte	CL:0002420	DN to DP transition (most are Cd8+/ Cd4+, some undergoing VDJ recombination)	facs	3_9_M	185024.0	1391.0	male	nan	Thymus	nan	21	23
A3-MAA000609-3_8_M-1-1			3	A3.MAA000609.3_8_M.1.1-1-1	3_8_M	Thymus	False	1	False	A3.MAA000609.3_8_M.1.1-1-1-1	one_assay_suffix	3m	1	nan	thymocyte	CL:0002420	proliferating thymocyte; DN to DP transition, dividing (some are Cd8+/ Cd4+, some undergoing VDJ recombination)	facs	3_8_M	2126267.0	3232.0	male	nan	Thymus	nan	21	23
A3-MAA001889-3_38_F-1-1	31.0	3.0	3	A3.MAA001889.3_38_F.1.1-1-1	3_38_F	Lung	True	3	True	A3.MAA001889.3_38_F.1.1-1-1-1	one_assay_suffix	3m	1	nan	fibroblast of lung	nan	Alveolar Fibroblast	facs	3_38_F	35557.0	1043.0	female	EPCAM	Lung	nan	6	5
A4-B003291-3_39_F-1-1			3	A4.B003291.3_39_F.1.1-1-1	3_39_F	Thymus	False	1	False	A4.B003291.3_39_F.1.1-1-1-1	one_assay_suffix	3m	1	nan	thymocyte	CL:0002420	DN to DP transition (most are Cd8+/ Cd4+, some undergoing VDJ recombination)	facs	3_39_F	476114.0	2190.0	female	Flowthrough	Thymus	nan	21	23
A4-MAA000607-3_9_M-1-1			3	A4.MAA000607.3_9_M.1.1-1-1	3_9_M	Thymus	False	1	False	A4.MAA000607.3_9_M.1.1-1-1-1	one_assay_suffix	3m	1	nan	thymocyte	CL:0002420	DN to DP transition (most are Cd8+/ Cd4+, some undergoing VDJ recombination)	facs	3_9_M	205673.0	1519.0	male	nan	Thymus	nan	21	23
A4-MAA000844-3_10_M-1-1			3	A4.MAA000844.3_10_M.1.1-1-1	3_10_M	Marrow	False	1	False	A4.MAA000844.3_10_M.1.1-1-1-1	one_assay_suffix	3m	1	nan	mature alpha-beta T cell	CL:0002420	BM CD8 + CD4 T cell	facs	3_10_M	559963.0	2222.0	male	T-cells	Marrow	nan	4	9
A4-MAA000914-3_9_M-1-1			3	A4.MAA000914.3_9_M.1.1-1-1	3_9_M	MAT	False	1	False	A4.MAA000914.3_9_M.1.1-1-1-1	one_assay_suffix	3m	1	nan	CD4-positive, alpha-beta T cell	nan	nan	facs	3_9_M	37006.0	1261.0	male	Fat	MAT	nan	4	21
A4-MAA001889-3_38_F-1-1	31.0	3.0	3	A4.MAA001889.3_38_F.1.1-1-1	3_38_F	Lung	True	3	True		unmatched																
A5-B003291-3_39_F-1-1			3	A5.B003291.3_39_F.1.1-1-1	3_39_F	Thymus	False	1	False	A5.B003291.3_39_F.1.1-1-1-1	one_assay_suffix	3m	1	nan	thymocyte	CL:0002420	DN to DP transition (most are Cd8+/ Cd4+, some undergoing VDJ recombination)	facs	3_39_F	1318421.0	1495.0	female	Flowthrough	Thymus	nan	21	23
A5-MAA000508-3_9_M-1-1			3	A5.MAA000508.3_9_M.1.1-1-1	3_9_M	Spleen	False	1	False	A5.MAA000508.3_9_M.1.1-1-1-1	one_assay_suffix	3m	1	nan	CD8-positive, alpha-beta T cell	CL:0000084	Cd3e T cell	facs	3_9_M	425542.0	2528.0	male	nan	Spleen	nan	6	5
A5-MAA001889-3_38_F-1-1	31.0	3.0	3	A5.MAA001889.3_38_F.1.1-1-1	3_38_F	Lung	True	3	True		unmatched																
A6-B003285-3_38_F-1-1			3	A6.B003285.3_38_F.1.1-1-1	3_38_F	Thymus	False	1	False	A6.B003285.3_38_F.1.1-1-1-1	one_assay_suffix	3m	1	nan	thymocyte	CL:0002420	DN to DP transition (most are Cd8+/ Cd4+, some undergoing VDJ recombination)	facs	3_38_F	621339.0	1407.0	female	Epithelium	Thymus	nan	21	23
A6-B003291-3_39_F-1-1			3	A6.B003291.3_39_F.1.1-1-1	3_39_F	Thymus	False	1	False	A6.B003291.3_39_F.1.1-1-1-1	one_assay_suffix	3m	1	nan	thymocyte	CL:0002420	DN to DP transition (most are Cd8+/ Cd4+, some undergoing VDJ recombination)	facs	3_39_F	1398474.0	1780.0	female	Flowthrough	Thymus	nan	21	23
A6-MAA000508-3_9_M-1-1			3	A6.MAA000508.3_9_M.1.1-1-1	3_9_M	Spleen	False	1	False	A6.MAA000508.3_9_M.1.1-1-1-1	one_assay_suffix	3m	1	nan	B cell	CL:0000236	CD79a B cell	facs	3_9_M	299150.0	2265.0	male	nan	Spleen	nan	0	0
A6-MAA000607-3_9_M-1-1			3	A6.MAA000607.3_9_M.1.1-1-1	3_9_M	Thymus	False	1	False	A6.MAA000607.3_9_M.1.1-1-1-1	one_assay_suffix	3m	1	nan	thymocyte	CL:0002420	DN to DP transition (most are Cd8+/ Cd4+, some undergoing VDJ recombination)	facs	3_9_M	166693.0	1448.0	male	nan	Thymus	nan	6	23
A6-MAA000609-3_8_M-1-1			3	A6.MAA000609.3_8_M.1.1-1-1	3_8_M	Thymus	False	1	False	A6.MAA000609.3_8_M.1.1-1-1-1	one_assay_suffix	3m	1	nan	thymocyte	CL:0002420	DN to DP transition (most are Cd8+/ Cd4+, some undergoing VDJ recombination)	facs	3_8_M	1662037.0	2575.0	male	nan	Thymus	nan	21	23
A7-B000827-3_38_F-1-1			3	A7.B000827.3_38_F.1.1-1-1	3_38_F	Thymus	False	1	False	A7.B000827.3_38_F.1.1-1-1-1	one_assay_suffix	3m	1	nan	DN4 thymocyte	CL:0002420	DN4 thymocyte	facs	3_38_F	488999.0	1793.0	female	Flowthrough	Thymus	nan	6	5
A7-B000971-3_39_F-1-1			3	A7.B000971.3_39_F.1.1-1-1	3_39_F	Spleen	False	1	False	A7.B000971.3_39_F.1.1-1-1-1	one_assay_suffix	3m	1	nan	CD8-positive, alpha-beta T cell	CL:0000084	Cd3e T cell	facs	3_39_F	742562.0	1788.0	female	nan	Spleen	nan	6	5
A7-B003291-3_39_F-1-1			3	A7.B003291.3_39_F.1.1-1-1	3_39_F	Thymus	False	1	False	A7.B003291.3_39_F.1.1-1-1-1	one_assay_suffix	3m	1	nan	thymocyte	CL:0002420	DN to DP transition (most are Cd8+/ Cd4+, some undergoing VDJ recombination)	facs	3_39_F	534865.0	1340.0	female	Flowthrough	Thymus	nan	21	23
A7-MAA000508-3_9_M-1-1			3	A7.MAA000508.3_9_M.1.1-1-1	3_9_M	Spleen	False	1	False	A7.MAA000508.3_9_M.1.1-1-1-1	one_assay_suffix	3m	1	nan	CD8-positive, alpha-beta T cell	CL:0000084	Cd3e T cell	facs	3_9_M	417676.0	2309.0	male	nan	Spleen	nan	4	5
A7-MAA000556-3_9_M-1-1			3	A7.MAA000556.3_9_M.1.1-1-1	3_9_M	BAT	False	1	False	A7.MAA000556.3_9_M.1.1-1-1-1	one_assay_suffix	3m	1	nan	T cell	CL:0000084	nan	facs	3_9_M	182534.0	2071.0	male	Fat	BAT	nan	4	9
A7-MAA000607-3_9_M-1-1			3	A7.MAA000607.3_9_M.1.1-1-1	3_9_M	Thymus	False	1	False	A7.MAA000607.3_9_M.1.1-1-1-1	one_assay_suffix	3m	1	nan	thymocyte	CL:0002420	DN to DP transition (most are Cd8+/ Cd4+, some undergoing VDJ recombination)	facs	3_9_M	178367.0	1537.0	male	nan	Thymus	nan	21	23
A7-MAA000609-3_8_M-1-1			3	A7.MAA000609.3_8_M.1.1-1-1	3_8_M	Thymus	False	1	False	A7.MAA000609.3_8_M.1.1-1-1-1	one_assay_suffix	3m	1	nan	DN4 thymocyte	CL:0002420	DN4 thymocyte	facs	3_8_M	615266.0	2029.0	male	nan	Thymus	nan	4	21
A7-MAA000880-3_11_M-1-1			3	A7.MAA000880.3_11_M.1.1-1-1	3_11_M	Thymus	False	1	False	A7.MAA000880.3_11_M.1.1-1-1-1	one_assay_suffix	3m	1	nan	DN4 thymocyte	CL:0002420	DN4 thymocyte	facs	3_11_M	946851.0	1468.0	male	nan	Thymus	nan	6	5
A8-B000827-3_38_F-1-1			3	A8.B000827.3_38_F.1.1-1-1	3_38_F	Thymus	False	1	False	A8.B000827.3_38_F.1.1-1-1-1	one_assay_suffix	3m	1	nan	DN4 thymocyte	CL:0002420	DN4 thymocyte	facs	3_38_F	987752.0	2522.0	female	Flowthrough	Thymus	nan	6	5
A8-B000971-3_39_F-1-1			3	A8.B000971.3_39_F.1.1-1-1	3_39_F	Spleen	False	1	False	A8.B000971.3_39_F.1.1-1-1-1	one_assay_suffix	3m	1	nan	CD4-positive, alpha-beta T cell	CL:0000084	Cd3e T cell	facs	3_39_F	652198.0	1595.0	female	nan	Spleen	nan	6	5
A8-MAA000607-3_9_M-1-1			3	A8.MAA000607.3_9_M.1.1-1-1	3_9_M	Thymus	False	1	False	A8.MAA000607.3_9_M.1.1-1-1-1	one_assay_suffix	3m	1	nan	thymocyte	CL:0002420	DN to DP transition (most are Cd8+/ Cd4+, some undergoing VDJ recombination)	facs	3_9_M	121492.0	1243.0	male	nan	Thymus	nan	21	23
A8-MAA000609-3_8_M-1-1			3	A8.MAA000609.3_8_M.1.1-1-1	3_8_M	Thymus	False	1	False	A8.MAA000609.3_8_M.1.1-1-1-1	one_assay_suffix	3m	1	nan	thymocyte	CL:0002420	DN to DP transition (most are Cd8+/ Cd4+, some undergoing VDJ recombination)	facs	3_8_M	231169.0	1371.0	male	nan	Thymus	nan	21	23
A8-MAA000844-3_10_M-1-1			3	A8.MAA000844.3_10_M.1.1-1-1	3_10_M	Marrow	False	1	False	A8.MAA000844.3_10_M.1.1-1-1-1	one_assay_suffix	3m	1	nan	mature alpha-beta T cell	CL:0002420	BM CD8 + CD4 T cell	facs	3_10_M	365087.0	2056.0	male	T-cells	Marrow	nan	4	9
A9-B000971-3_39_F-1-1			3	A9.B000971.3_39_F.1.1-1-1	3_39_F	Spleen	False	1	False	A9.B000971.3_39_F.1.1-1-1-1	one_assay_suffix	3m	1	nan	CD8-positive, alpha-beta T cell	CL:0000084	Cd3e T cell	facs	3_39_F	545107.0	1260.0	female	nan	Spleen	nan	6	5
A9-B001750-3_38_F-1-1			3	A9.B001750.3_38_F.1.1-1-1	3_38_F	Spleen	False	1	False	A9.B001750.3_38_F.1.1-1-1-1	one_assay_suffix	3m	1	nan	CD8-positive, alpha-beta T cell	CL:0000084	nan	facs	3_38_F	167477.0	2918.0	female	nan	Spleen	nan	4	9
A9-B002314-3_56_F-1-1			3	A9.B002314.3_56_F.1.1-1-1	3_56_F	MAT	False	1	False	A9.B002314.3_56_F.1.1-1-1-1	one_assay_suffix	3m	1	nan	CD8-positive, alpha-beta T cell	CL:0000084	nan	facs	3_56_F	912588.0	1736.0	female	Fat	MAT	nan	6	5
A9-B003291-3_39_F-1-1			3	A9.B003291.3_39_F.1.1-1-1	3_39_F	Thymus	False	1	False	A9.B003291.3_39_F.1.1-1-1-1	one_assay_suffix	3m	1	nan	thymocyte	CL:0002420	DN to DP transition (most are Cd8+/ Cd4+, some undergoing VDJ recombination)	facs	3_39_F	964472.0	1393.0	female	Flowthrough	Thymus	nan	21	23
A9-MAA000442-3_11_M-1-1			3	A9.MAA000442.3_11_M.1.1-1-1	3_11_M	BAT	False	1	False	A9.MAA000442.3_11_M.1.1-1-1-1	one_assay_suffix	3m	1	nan	myeloid cell	CL:0000763	nan	facs	3_11_M	236569.0	6847.0	male	Fat	BAT	nan	17	36
A9-MAA000607-3_9_M-1-1			3	A9.MAA000607.3_9_M.1.1-1-1	3_9_M	Thymus	False	1	False	A9.MAA000607.3_9_M.1.1-1-1-1	one_assay_suffix	3m	1	nan	DN4 thymocyte	CL:0002420	DN4 thymocyte	facs	3_9_M	786038.0	4116.0	male	nan	Thymus	nan	6	5
A9-MAA000609-3_8_M-1-1			3	A9.MAA000609.3_8_M.1.1-1-1	3_8_M	Thymus	False	1	False	A9.MAA000609.3_8_M.1.1-1-1-1	one_assay_suffix	3m	1	nan	thymocyte	CL:0002420	DN to DP transition (most are Cd8+/ Cd4+, some undergoing VDJ recombination)	facs	3_8_M	521469.0	2500.0	male	nan	Thymus	nan	21	23
A9-MAA000880-3_11_M-1-1			3	A9.MAA000880.3_11_M.1.1-1-1	3_11_M	Thymus	False	1	False	A9.MAA000880.3_11_M.1.1-1-1-1	one_assay_suffix	3m	1	nan	DN4 thymocyte	CL:0002420	DN4 thymocyte	facs	3_11_M	589995.0	1091.0	male	nan	Thymus	nan	6	5
A9-MAA000934-3_9_M-1-1			3	A9.MAA000934.3_9_M.1.1-1-1	3_9_M	SCAT	False	1	False	A9.MAA000934.3_9_M.1.1-1-1-1	one_assay_suffix	3m	1	nan	CD8-positive, alpha-beta T cell	CL:0000084	nan	facs	3_9_M	261555.0	1726.0	male	Fat	SCAT	nan	4	9
B1-B000827-3_38_F-1-1			3	B1.B000827.3_38_F.1.1-1-1	3_38_F	Thymus	False	1	False	B1.B000827.3_38_F.1.1-1-1-1	one_assay_suffix	3m	1	nan	DN4 thymocyte	CL:0002420	DN4 thymocyte	facs	3_38_F	1717123.0	1918.0	female	Flowthrough	Thymus	nan	6	5
B1-B001750-3_38_F-1-1			3	B1.B001750.3_38_F.1.1-1-1	3_38_F	Spleen	False	1	False	B1.B001750.3_38_F.1.1-1-1-1	one_assay_suffix	3m	1	nan	CD8-positive, alpha-beta T cell	CL:0000084	nan	facs	3_38_F	1560436.0	2405.0	female	nan	Spleen	nan	4	21
B1-B003291-3_39_F-1-1			3	B1.B003291.3_39_F.1.1-1-1	3_39_F	Thymus	False	1	False	B1.B003291.3_39_F.1.1-1-1-1	one_assay_suffix	3m	1	nan	thymocyte	CL:0002420	DN to DP transition (most are Cd8+/ Cd4+, some undergoing VDJ recombination)	facs	3_39_F	854423.0	1464.0	female	Flowthrough	Thymus	nan	21	23
B1-MAA000607-3_9_M-1-1			3	B1.MAA000607.3_9_M.1.1-1-1	3_9_M	Thymus	False	1	False	B1.MAA000607.3_9_M.1.1-1-1-1	one_assay_suffix	3m	1	nan	thymocyte	CL:0002420	DN to DP transition (most are Cd8+/ Cd4+, some undergoing VDJ recombination)	facs	3_9_M	424654.0	2854.0	male	nan	Thymus	nan	21	23
B1-MAA001888-3_39_F-1-1			3	B1.MAA001888.3_39_F.1.1-1-1	3_39_F	Marrow	False	1	False	B1.MAA001888.3_39_F.1.1-1-1-1	one_assay_suffix	3m	1	nan	mature alpha-beta T cell	CL:0000815	BM CD8 + CD4 T cell	facs	3_39_F	240500.0	2738.0	female	T-cells	Marrow	nan	6	5
B10-B000971-3_39_F-1-1			3	B10.B000971.3_39_F.1.1-1-1	3_39_F	Spleen	False	1	False	B10.B000971.3_39_F.1.1-1-1-1	one_assay_suffix	3m	1	nan	CD8-positive, alpha-beta T cell	CL:0000084	Cd3e T cell	facs	3_39_F	776017.0	1341.0	female	nan	Spleen	nan	6	5
B10-B002955-3_56_F-1-1			3	B10.B002955.3_56_F.1.1-1-1	3_56_F	GAT	False	1	False	B10.B002955.3_56_F.1.1-1-1-1	one_assay_suffix	3m	1	nan	CD4-positive, alpha-beta T cell	CL:0000084	nan	facs	3_56_F	403281.0	1474.0	female	Fat	GAT	nan	4	21
B10-B003291-3_39_F-1-1			3	B10.B003291.3_39_F.1.1-1-1	3_39_F	Thymus	False	1	False	B10.B003291.3_39_F.1.1-1-1-1	one_assay_suffix	3m	1	nan	thymocyte	CL:0002420	DN to DP transition (most are Cd8+/ Cd4+, some undergoing VDJ recombination)	facs	3_39_F	1177228.0	1515.0	female	Flowthrough	Thymus	nan	21	23
B10-MAA000442-3_11_M-1-1			3	B10.MAA000442.3_11_M.1.1-1-1	3_11_M	BAT	False	1	False	B10.MAA000442.3_11_M.1.1-1-1-1	one_assay_suffix	3m	1	nan	T cell	CL:0000084	nan	facs	3_11_M	52524.0	1540.0	male	Fat	BAT	nan	6	5
B10-MAA000607-3_9_M-1-1			3	B10.MAA000607.3_9_M.1.1-1-1	3_9_M	Thymus	False	1	False	B10.MAA000607.3_9_M.1.1-1-1-1	one_assay_suffix	3m	1	nan	DN4 thymocyte	CL:0002420	DN4 thymocyte	facs	3_9_M	287154.0	2353.0	male	nan	Thymus	nan	6	5
B10-MAA000609-3_8_M-1-1			3	B10.MAA000609.3_8_M.1.1-1-1	3_8_M	Thymus	False	1	False	B10.MAA000609.3_8_M.1.1-1-1-1	one_assay_suffix	3m	1	nan	thymocyte	CL:0002420	DN to DP transition (most are Cd8+/ Cd4+, some undergoing VDJ recombination)	facs	3_8_M	187706.0	1660.0	male	nan	Thymus	nan	21	23
B10-MAA000779-3_11_M-1-1			3	B10.MAA000779.3_11_M.1.1-1-1	3_11_M	Spleen	False	1	False	B10.MAA000779.3_11_M.1.1-1-1-1	one_assay_suffix	3m	1	nan	CD8-positive, alpha-beta T cell	CL:0000084	Cd3e T cell	facs	3_11_M	244479.0	1702.0	male	nan	Spleen	nan	6	5
B10-MAA000877-3_11_M-1-1			3	B10.MAA000877.3_11_M.1.1-1-1	3_11_M	MAT	False	1	False	B10.MAA000877.3_11_M.1.1-1-1-1	one_assay_suffix	3m	1	nan	CD4-positive, alpha-beta T cell	CL:0000084	nan	facs	3_11_M	900356.0	1869.0	male	Fat	MAT	nan	6	5
B10-MAA000880-3_11_M-1-1			3	B10.MAA000880.3_11_M.1.1-1-1	3_11_M	Thymus	False	1	False	B10.MAA000880.3_11_M.1.1-1-1-1	one_assay_suffix	3m	1	nan	DN4 thymocyte	CL:0002420	DN4 thymocyte	facs	3_11_M	814287.0	1862.0	male	nan	Thymus	nan	6	5
B11-B002955-3_56_F-1-1			3	B11.B002955.3_56_F.1.1-1-1	3_56_F	GAT	False	1	False	B11.B002955.3_56_F.1.1-1-1-1	one_assay_suffix	3m	1	nan	CD4-positive, alpha-beta T cell	CL:0000084	nan	facs	3_56_F	257234.0	1974.0	female	Fat	GAT	nan	6	5
B11-B003291-3_39_F-1-1			3	B11.B003291.3_39_F.1.1-1-1	3_39_F	Thymus	False	1	False	B11.B003291.3_39_F.1.1-1-1-1	one_assay_suffix	3m	1	nan	thymocyte	CL:0002420	DN to DP transition (most are Cd8+/ Cd4+, some undergoing VDJ recombination)	facs	3_39_F	790469.0	1720.0	female	Flowthrough	Thymus	nan	21	23
B11-D043526-3_39_F-1-1			3	B11.D043526.3_39_F.1.1-1-1	3_39_F	SCAT	False	1	False	B11.D043526.3_39_F.1.1-1-1-1	one_assay_suffix	3m	1	nan	NK cell	CL:0000084	nan	facs	3_39_F	425315.0	2153.0	female	Fat	SCAT	nan	4	21
B11-MAA000556-3_9_M-1-1			3	B11.MAA000556.3_9_M.1.1-1-1	3_9_M	BAT	False	1	False	B11.MAA000556.3_9_M.1.1-1-1-1	one_assay_suffix	3m	1	nan	T cell	CL:0000084	nan	facs	3_9_M	153703.0	1869.0	male	Fat	BAT	nan	6	5
B11-MAA000607-3_9_M-1-1			3	B11.MAA000607.3_9_M.1.1-1-1	3_9_M	Thymus	False	1	False	B11.MAA000607.3_9_M.1.1-1-1-1	one_assay_suffix	3m	1	nan	thymocyte	CL:0002420	DN to DP transition (most are Cd8+/ Cd4+, some undergoing VDJ recombination)	facs	3_9_M	136092.0	1461.0	male	nan	Thymus	nan	21	23
B11-MAA000844-3_10_M-1-1			3	B11.MAA000844.3_10_M.1.1-1-1	3_10_M	Marrow	False	1	False	B11.MAA000844.3_10_M.1.1-1-1-1	one_assay_suffix	3m	1	nan	mature alpha-beta T cell	CL:0002420	BM CD8 + CD4 T cell	facs	3_10_M	243030.0	1377.0	male	T-cells	Marrow	nan	4	9
B11-MAA000880-3_11_M-1-1			3	B11.MAA000880.3_11_M.1.1-1-1	3_11_M	Thymus	False	1	False	B11.MAA000880.3_11_M.1.1-1-1-1	one_assay_suffix	3m	1	nan	thymocyte	CL:0002420	proliferating thymocyte; DN to DP transition, dividing (some are Cd8+/ Cd4+, some undergoing VDJ recombination)	facs	3_11_M	1338741.0	3451.0	male	nan	Thymus	nan	21	23
B11-MAA000903-3_11_M-1-1			3	B11.MAA000903.3_11_M.1.1-1-1	3_11_M	Heart	False	1	False	B11.MAA000903.3_11_M.1.1-1-1-1	one_assay_suffix	3m	1	nan	T cell	CL:0000738	T cell	facs	3_11_M	509951.0	1517.0	male	RA	Heart	nan	4	9
B11-MAA000914-3_9_M-1-1			3	B11.MAA000914.3_9_M.1.1-1-1	3_9_M	MAT	False	1	False	B11.MAA000914.3_9_M.1.1-1-1-1	one_assay_suffix	3m	1	nan	macrophage	CL:0000084	nan	facs	3_9_M	674531.0	4313.0	male	Fat	MAT	nan	6	5
B12-B000827-3_38_F-1-1			3	B12.B000827.3_38_F.1.1-1-1	3_38_F	Thymus	False	1	False	B12.B000827.3_38_F.1.1-1-1-1	one_assay_suffix	3m	1	nan	DN4 thymocyte	CL:0002420	DN4 thymocyte	facs	3_38_F	564006.0	2297.0	female	Flowthrough	Thymus	nan	6	5
B12-B003291-3_39_F-1-1			3	B12.B003291.3_39_F.1.1-1-1	3_39_F	Thymus	False	1	False	B12.B003291.3_39_F.1.1-1-1-1	one_assay_suffix	3m	1	nan	thymocyte	CL:0002420	DN to DP transition (most are Cd8+/ Cd4+, some undergoing VDJ recombination)	facs	3_39_F	624976.0	1638.0	female	Flowthrough	Thymus	nan	6	5
B12-MAA000607-3_9_M-1-1			3	B12.MAA000607.3_9_M.1.1-1-1	3_9_M	Thymus	False	1	False	B12.MAA000607.3_9_M.1.1-1-1-1	one_assay_suffix	3m	1	nan	thymocyte	CL:0002420	DN to DP transition (most are Cd8+/ Cd4+, some undergoing VDJ recombination)	facs	3_9_M	126452.0	1246.0	male	nan	Thymus	nan	21	23
B12-MAA000880-3_11_M-1-1			3	B12.MAA000880.3_11_M.1.1-1-1	3_11_M	Thymus	False	1	False	B12.MAA000880.3_11_M.1.1-1-1-1	one_assay_suffix	3m	1	nan	DN4 thymocyte	CL:0002420	DN4 thymocyte	facs	3_11_M	286785.0	869.0	male	nan	Thymus	nan	6	5
B12-MAA000934-3_9_M-1-1			3	B12.MAA000934.3_9_M.1.1-1-1	3_9_M	SCAT	False	1	False	B12.MAA000934.3_9_M.1.1-1-1-1	one_assay_suffix	3m	1	nan	CD8-positive, alpha-beta T cell	CL:0000084	nan	facs	3_9_M	204370.0	1827.0	male	Fat	SCAT	nan	4	9
B13-B001750-3_38_F-1-1			3	B13.B001750.3_38_F.1.1-1-1	3_38_F	Spleen	False	1	False	B13.B001750.3_38_F.1.1-1-1-1	one_assay_suffix	3m	1	nan	CD8-positive, alpha-beta T cell	CL:0000084	Cd3e T cell	facs	3_38_F	371869.0	2085.0	female	nan	Spleen	nan	6	5
B13-B003291-3_39_F-1-1			3	B13.B003291.3_39_F.1.1-1-1	3_39_F	Thymus	False	1	False	B13.B003291.3_39_F.1.1-1-1-1	one_assay_suffix	3m	1	nan	thymocyte	CL:0002420	DN to DP transition (most are Cd8+/ Cd4+, some undergoing VDJ recombination)	facs	3_39_F	2241640.0	1663.0	female	Flowthrough	Thymus	nan	21	23
B13-D043526-3_39_F-1-1			3	B13.D043526.3_39_F.1.1-1-1	3_39_F	SCAT	False	1	False	B13.D043526.3_39_F.1.1-1-1-1	one_assay_suffix	3m	1	nan	T cell	CL:0000084	nan	facs	3_39_F	328754.0	1460.0	female	Fat	SCAT	nan	4	5
B13-MAA000442-3_11_M-1-1			3	B13.MAA000442.3_11_M.1.1-1-1	3_11_M	BAT	False	1	False	B13.MAA000442.3_11_M.1.1-1-1-1	one_assay_suffix	3m	1	nan	T cell	CL:0000084	nan	facs	3_11_M	72640.0	1599.0	male	Fat	BAT	nan	6	5
B13-MAA000508-3_9_M-1-1			3	B13.MAA000508.3_9_M.1.1-1-1	3_9_M	Spleen	False	1	False	B13.MAA000508.3_9_M.1.1-1-1-1	one_assay_suffix	3m	1	nan	CD4-positive, alpha-beta T cell	CL:0000084	Cd3e T cell	facs	3_9_M	229757.0	1953.0	male	nan	Spleen	nan	6	5
B13-MAA000607-3_9_M-1-1			3	B13.MAA000607.3_9_M.1.1-1-1	3_9_M	Thymus	False	1	False	B13.MAA000607.3_9_M.1.1-1-1-1	one_assay_suffix	3m	1	nan	thymocyte	CL:0002420	DN to DP transition (most are Cd8+/ Cd4+, some undergoing VDJ recombination)	facs	3_9_M	218559.0	1621.0	male	nan	Thymus	nan	21	23
B13-MAA000880-3_11_M-1-1			3	B13.MAA000880.3_11_M.1.1-1-1	3_11_M	Thymus	False	1	False	B13.MAA000880.3_11_M.1.1-1-1-1	one_assay_suffix	3m	1	nan	DN4 thymocyte	CL:0002420	DN4 thymocyte	facs	3_11_M	768043.0	1356.0	male	nan	Thymus	nan	6	5
B13-MAA000914-3_9_M-1-1			3	B13.MAA000914.3_9_M.1.1-1-1	3_9_M	MAT	False	1	False	B13.MAA000914.3_9_M.1.1-1-1-1	one_assay_suffix	3m	1	nan	CD8-positive, alpha-beta T cell	CL:0000084	nan	facs	3_9_M	250709.0	1639.0	male	Fat	MAT	nan	6	5
B14-B003291-3_39_F-1-1			3	B14.B003291.3_39_F.1.1-1-1	3_39_F	Thymus	False	1	False	B14.B003291.3_39_F.1.1-1-1-1	one_assay_suffix	3m	1	nan	thymocyte	CL:0002420	DN to DP transition (most are Cd8+/ Cd4+, some undergoing VDJ recombination)	facs	3_39_F	1065105.0	1308.0	female	Flowthrough	Thymus	nan	21	23
B14-MAA000607-3_9_M-1-1			3	B14.MAA000607.3_9_M.1.1-1-1	3_9_M	Thymus	False	1	False	B14.MAA000607.3_9_M.1.1-1-1-1	one_assay_suffix	3m	1	nan	thymocyte	CL:0002420	DN to DP transition (most are Cd8+/ Cd4+, some undergoing VDJ recombination)	facs	3_9_M	345518.0	2441.0	male	nan	Thymus	nan	21	23
B14-MAA000844-3_10_M-1-1			3	B14.MAA000844.3_10_M.1.1-1-1	3_10_M	Marrow	False	1	False	B14.MAA000844.3_10_M.1.1-1-1-1	one_assay_suffix	3m	1	nan	NK cell	CL:0000094	Klrb1a/b/c(-) NK cell	facs	3_10_M	861676.0	2737.0	male	T-cells	Marrow	nan	43	8
B14-MAA000880-3_11_M-1-1			3	B14.MAA000880.3_11_M.1.1-1-1	3_11_M	Thymus	False	1	False	B14.MAA000880.3_11_M.1.1-1-1-1	one_assay_suffix	3m	1	nan	DN4 thymocyte	CL:0002420	DN4 thymocyte	facs	3_11_M	706774.0	1363.0	male	nan	Thymus	nan	6	5
B15-B001960-3_56_F-1-1			3	B15.B001960.3_56_F.1.1-1-1	3_56_F	BAT	False	1	False	B15.B001960.3_56_F.1.1-1-1-1	one_assay_suffix	3m	1	nan	T cell	CL:0000084	nan	facs	3_56_F	1861131.0	1708.0	female	Fat	BAT	nan	6	5
B15-B003291-3_39_F-1-1			3	B15.B003291.3_39_F.1.1-1-1	3_39_F	Thymus	False	1	False	B15.B003291.3_39_F.1.1-1-1-1	one_assay_suffix	3m	1	nan	thymocyte	CL:0002420	DN to DP transition (most are Cd8+/ Cd4+, some undergoing VDJ recombination)	facs	3_39_F	1096225.0	1570.0	female	Flowthrough	Thymus	nan	21	23
B15-MAA000388-3_11_M-1-1			3	B15.MAA000388.3_11_M.1.1-1-1	3_11_M	GAT	False	1	False	B15.MAA000388.3_11_M.1.1-1-1-1	one_assay_suffix	3m	1	nan	CD8-positive, alpha-beta T cell	CL:0000084	nan	facs	3_11_M	163942.0	1582.0	male	Fat	GAT	nan	4	9
B15-MAA000607-3_9_M-1-1			3	B15.MAA000607.3_9_M.1.1-1-1	3_9_M	Thymus	False	1	False	B15.MAA000607.3_9_M.1.1-1-1-1	one_assay_suffix	3m	1	nan	thymocyte	CL:0002420	DN to DP transition (most are Cd8+/ Cd4+, some undergoing VDJ recombination)	facs	3_9_M	220811.0	1799.0	male	nan	Thymus	nan	21	23
B15-MAA000880-3_11_M-1-1			3	B15.MAA000880.3_11_M.1.1-1-1	3_11_M	Thymus	False	1	False	B15.MAA000880.3_11_M.1.1-1-1-1	one_assay_suffix	3m	1	nan	thymocyte	CL:0002420	proliferating thymocyte; DN to DP transition, dividing (some are Cd8+/ Cd4+, some undergoing VDJ recombination)	facs	3_11_M	990361.0	1982.0	male	nan	Thymus	nan	21	23
B16-B001216-3_38_F-1-1			3	B16.B001216.3_38_F.1.1-1-1	3_38_F	BAT	False	1	False	B16.B001216.3_38_F.1.1-1-1-1	one_assay_suffix	3m	1	nan	T cell	CL:0000084	nan	facs	3_38_F	724121.0	1519.0	female	Fat	BAT	nan	6	5
B16-B003291-3_39_F-1-1			3	B16.B003291.3_39_F.1.1-1-1	3_39_F	Thymus	False	1	False	B16.B003291.3_39_F.1.1-1-1-1	one_assay_suffix	3m	1	nan	thymocyte	CL:0002420	DN to DP transition (most are Cd8+/ Cd4+, some undergoing VDJ recombination)	facs	3_39_F	1124819.0	1441.0	female	Flowthrough	Thymus	nan	21	23
B16-D045067-3_38_F-1-1			3	B16.D045067.3_38_F.1.1-1-1	3_38_F	GAT	False	1	False	B16.D045067.3_38_F.1.1-1-1-1	one_assay_suffix	3m	1	nan	CD8-positive, alpha-beta T cell	CL:0000084	nan	facs	3_38_F	1459696.0	1908.0	female	Fat	GAT	nan	4	9
B16-MAA000607-3_9_M-1-1			3	B16.MAA000607.3_9_M.1.1-1-1	3_9_M	Thymus	False	1	False	B16.MAA000607.3_9_M.1.1-1-1-1	one_assay_suffix	3m	1	nan	thymocyte	CL:0002420	DN to DP transition (most are Cd8+/ Cd4+, some undergoing VDJ recombination)	facs	3_9_M	163536.0	1439.0	male	nan	Thymus	nan	21	23
B16-MAA000844-3_10_M-1-1			3	B16.MAA000844.3_10_M.1.1-1-1	3_10_M	Marrow	False	1	False	B16.MAA000844.3_10_M.1.1-1-1-1	one_assay_suffix	3m	1	nan	mature alpha-beta T cell	CL:0002420	BM CD8 + CD4 T cell	facs	3_10_M	834302.0	2520.0	male	T-cells	Marrow	nan	4	9
B16-MAA000880-3_11_M-1-1			3	B16.MAA000880.3_11_M.1.1-1-1	3_11_M	Thymus	False	1	False	B16.MAA000880.3_11_M.1.1-1-1-1	one_assay_suffix	3m	1	nan	thymocyte	CL:0002420	DN to DP transition (most are Cd8+/ Cd4+, some undergoing VDJ recombination)	facs	3_11_M	450790.0	977.0	male	nan	Thymus	nan	21	23
B17-B000971-3_39_F-1-1			3	B17.B000971.3_39_F.1.1-1-1	3_39_F	Spleen	False	1	False	B17.B000971.3_39_F.1.1-1-1-1	one_assay_suffix	3m	1	nan	CD4-positive, alpha-beta T cell	CL:0000084	Cd3e T cell	facs	3_39_F	1132936.0	1396.0	female	nan	Spleen	nan	6	5
B17-B003291-3_39_F-1-1			3	B17.B003291.3_39_F.1.1-1-1	3_39_F	Thymus	False	1	False	B17.B003291.3_39_F.1.1-1-1-1	one_assay_suffix	3m	1	nan	thymocyte	CL:0002420	DN to DP transition (most are Cd8+/ Cd4+, some undergoing VDJ recombination)	facs	3_39_F	2517058.0	1376.0	female	Flowthrough	Thymus	nan	21	23
B17-MAA000607-3_9_M-1-1			3	B17.MAA000607.3_9_M.1.1-1-1	3_9_M	Thymus	False	1	False	B17.MAA000607.3_9_M.1.1-1-1-1	one_assay_suffix	3m	1	nan	thymocyte	CL:0002420	DN to DP transition (most are Cd8+/ Cd4+, some undergoing VDJ recombination)	facs	3_9_M	156936.0	1437.0	male	nan	Thymus	nan	21	23
B17-MAA000880-3_11_M-1-1			3	B17.MAA000880.3_11_M.1.1-1-1	3_11_M	Thymus	False	1	False	B17.MAA000880.3_11_M.1.1-1-1-1	one_assay_suffix	3m	1	nan	thymocyte	CL:0002420	DN to DP transition (most are Cd8+/ Cd4+, some undergoing VDJ recombination)	facs	3_11_M	571548.0	1054.0	male	nan	Thymus	nan	21	23
B18-B000827-3_38_F-1-1	13.0	2.0	3	B18.B000827.3_38_F.1.1-1-1	3_38_F	Thymus	True	1	False	B18.B000827.3_38_F.1.1-1-1-1	one_assay_suffix	3m	1	nan	DN4 thymocyte	CL:0002420	DN4 thymocyte	facs	3_38_F	753398.0	1568.0	female	Flowthrough	Thymus	nan	6	5
B18-B001750-3_38_F-1-1			3	B18.B001750.3_38_F.1.1-1-1	3_38_F	Spleen	False	1	False	B18.B001750.3_38_F.1.1-1-1-1	one_assay_suffix	3m	1	nan	CD4-positive, alpha-beta T cell	CL:0000084	Cd3e T cell	facs	3_38_F	236744.0	1505.0	female	nan	Spleen	nan	6	5
B18-B003291-3_39_F-1-1			3	B18.B003291.3_39_F.1.1-1-1	3_39_F	Thymus	False	1	False	B18.B003291.3_39_F.1.1-1-1-1	one_assay_suffix	3m	1	nan	thymocyte	CL:0002420	DN to DP transition (most are Cd8+/ Cd4+, some undergoing VDJ recombination)	facs	3_39_F	2123010.0	1066.0	female	Flowthrough	Thymus	nan	21	23
B18-MAA000607-3_9_M-1-1			3	B18.MAA000607.3_9_M.1.1-1-1	3_9_M	Thymus	False	1	False	B18.MAA000607.3_9_M.1.1-1-1-1	one_assay_suffix	3m	1	nan	thymocyte	CL:0002420	DN to DP transition (most are Cd8+/ Cd4+, some undergoing VDJ recombination)	facs	3_9_M	189537.0	1543.0	male	nan	Thymus	nan	6	23
B18-MAA000880-3_11_M-1-1			3	B18.MAA000880.3_11_M.1.1-1-1	3_11_M	Thymus	False	1	False	B18.MAA000880.3_11_M.1.1-1-1-1	one_assay_suffix	3m	1	nan	DN4 thymocyte	CL:0002420	DN4 thymocyte	facs	3_11_M	697971.0	1405.0	male	nan	Thymus	nan	6	5
B18-MAA001847-3_39_F-1-1			3	B18.MAA001847.3_39_F.1.1-1-1	3_39_F	Lung	False	1	False	B18.MAA001847.3_39_F.1.1-1-1-1	one_assay_suffix	3m	1	nan	CD8-positive, alpha-beta T cell	CL:0000084	CD8+ T	facs	3_39_F	56017.0	1580.0	female	EPCAM	Lung	nan	4	9
B19-B000827-3_38_F-1-1			3	B19.B000827.3_38_F.1.1-1-1	3_38_F	Thymus	False	1	False	B19.B000827.3_38_F.1.1-1-1-1	one_assay_suffix	3m	1	nan	DN4 thymocyte	CL:0002420	DN4 thymocyte	facs	3_38_F	676437.0	1701.0	female	Flowthrough	Thymus	nan	6	5
B19-B003291-3_39_F-1-1			3	B19.B003291.3_39_F.1.1-1-1	3_39_F	Thymus	False	1	False	B19.B003291.3_39_F.1.1-1-1-1	one_assay_suffix	3m	1	nan	DN4 thymocyte	CL:0002420	DN4 thymocyte	facs	3_39_F	3158231.0	1768.0	female	Flowthrough	Thymus	nan	6	5
B19-MAA000607-3_9_M-1-1			3	B19.MAA000607.3_9_M.1.1-1-1	3_9_M	Thymus	False	1	False	B19.MAA000607.3_9_M.1.1-1-1-1	one_assay_suffix	3m	1	nan	thymocyte	CL:0002420	proliferating thymocyte; DN to DP transition, dividing (some are Cd8+/ Cd4+, some undergoing VDJ recombination)	facs	3_9_M	1063754.0	4178.0	male	nan	Thymus	nan	21	23
B19-MAA000880-3_11_M-1-1			3	B19.MAA000880.3_11_M.1.1-1-1	3_11_M	Thymus	False	1	False	B19.MAA000880.3_11_M.1.1-1-1-1	one_assay_suffix	3m	1	nan	DN4 thymocyte	CL:0002420	DN4 thymocyte	facs	3_11_M	805781.0	1605.0	male	nan	Thymus	nan	6	5
B2-B003291-3_39_F-1-1			3	B2.B003291.3_39_F.1.1-1-1	3_39_F	Thymus	False	1	False	B2.B003291.3_39_F.1.1-1-1-1	one_assay_suffix	3m	1	nan	thymocyte	CL:0002420	DN to DP transition (most are Cd8+/ Cd4+, some undergoing VDJ recombination)	facs	3_39_F	1428491.0	1724.0	female	Flowthrough	Thymus	nan	21	23
B2-MAA000607-3_9_M-1-1			3	B2.MAA000607.3_9_M.1.1-1-1	3_9_M	Thymus	False	1	False	B2.MAA000607.3_9_M.1.1-1-1-1	one_assay_suffix	3m	1	nan	thymocyte	CL:0002420	DN to DP transition (most are Cd8+/ Cd4+, some undergoing VDJ recombination)	facs	3_9_M	412457.0	2698.0	male	nan	Thymus	nan	21	23
B2-MAA000779-3_11_M-1-1			3	B2.MAA000779.3_11_M.1.1-1-1	3_11_M	Spleen	False	1	False	B2.MAA000779.3_11_M.1.1-1-1-1	one_assay_suffix	3m	1	nan	CD4-positive, alpha-beta T cell	CL:0000084	Cd3e T cell	facs	3_11_M	257109.0	1350.0	male	nan	Spleen	nan	6	5
B2-MAA001847-3_39_F-1-1			3	B2.MAA001847.3_39_F.1.1-1-1	3_39_F	Lung	False	1	False	B2.MAA001847.3_39_F.1.1-1-1-1	one_assay_suffix	3m	1	nan	CD4-positive, alpha-beta T cell	CL:0000084	CD4+ T	facs	3_39_F	72234.0	2258.0	female	EPCAM	Lung	nan	6	5
B2-MAA001888-3_39_F-1-1			3	B2.MAA001888.3_39_F.1.1-1-1	3_39_F	Marrow	False	1	False	B2.MAA001888.3_39_F.1.1-1-1-1	one_assay_suffix	3m	1	nan	basophil	CL:0000767	basophil	facs	3_39_F	380368.0	4569.0	female	T-cells	Marrow	nan	4	17
B20-B000827-3_38_F-1-1			3	B20.B000827.3_38_F.1.1-1-1	3_38_F	Thymus	False	1	False	B20.B000827.3_38_F.1.1-1-1-1	one_assay_suffix	3m	1	nan	DN4 thymocyte	CL:0002420	DN4 thymocyte	facs	3_38_F	599498.0	1998.0	female	Flowthrough	Thymus	nan	6	5
B20-MAA000607-3_9_M-1-1			3	B20.MAA000607.3_9_M.1.1-1-1	3_9_M	Thymus	False	1	False	B20.MAA000607.3_9_M.1.1-1-1-1	one_assay_suffix	3m	1	nan	thymocyte	CL:0002420	DN to DP transition (most are Cd8+/ Cd4+, some undergoing VDJ recombination)	facs	3_9_M	216804.0	1570.0	male	nan	Thymus	nan	21	23
B20-MAA000609-3_8_M-1-1			3	B20.MAA000609.3_8_M.1.1-1-1	3_8_M	Thymus	False	1	False	B20.MAA000609.3_8_M.1.1-1-1-1	one_assay_suffix	3m	1	nan	thymocyte	CL:0002420	proliferating thymocyte; DN to DP transition, dividing (some are Cd8+/ Cd4+, some undergoing VDJ recombination)	facs	3_8_M	566449.0	4255.0	male	nan	Thymus	nan	21	23
B20-MAA000880-3_11_M-1-1			3	B20.MAA000880.3_11_M.1.1-1-1	3_11_M	Thymus	False	1	False	B20.MAA000880.3_11_M.1.1-1-1-1	one_assay_suffix	3m	1	nan	thymocyte	CL:0002420	DN to DP transition (most are Cd8+/ Cd4+, some undergoing VDJ recombination)	facs	3_11_M	570421.0	1638.0	male	nan	Thymus	nan	21	23
B21-B000827-3_38_F-1-1			3	B21.B000827.3_38_F.1.1-1-1	3_38_F	Thymus	False	1	False	B21.B000827.3_38_F.1.1-1-1-1	one_assay_suffix	3m	1	nan	DN4 thymocyte	CL:0002420	DN4 thymocyte	facs	3_38_F	1719143.0	2781.0	female	Flowthrough	Thymus	nan	6	5
B21-B001750-3_38_F-1-1			3	B21.B001750.3_38_F.1.1-1-1	3_38_F	Spleen	False	1	False	B21.B001750.3_38_F.1.1-1-1-1	one_assay_suffix	3m	1	nan	CD4-positive, alpha-beta T cell	CL:0000084	Cd3e T cell	facs	3_38_F	162466.0	1230.0	female	nan	Spleen	nan	6	5
B21-B003291-3_39_F-1-1			3	B21.B003291.3_39_F.1.1-1-1	3_39_F	Thymus	False	1	False	B21.B003291.3_39_F.1.1-1-1-1	one_assay_suffix	3m	1	nan	thymocyte	CL:0002420	DN to DP transition (most are Cd8+/ Cd4+, some undergoing VDJ recombination)	facs	3_39_F	2552746.0	1081.0	female	Flowthrough	Thymus	nan	21	23
B21-MAA000508-3_9_M-1-1			3	B21.MAA000508.3_9_M.1.1-1-1	3_9_M	Spleen	False	1	False	B21.MAA000508.3_9_M.1.1-1-1-1	one_assay_suffix	3m	1	nan	CD4-positive, alpha-beta T cell	CL:0000084	Cd3e T cell	facs	3_9_M	256178.0	2239.0	male	nan	Spleen	nan	6	5
B21-MAA000526-3_9_M-1-1			3	B21.MAA000526.3_9_M.1.1-1-1	3_9_M	Lung	False	1	False	B21.MAA000526.3_9_M.1.1-1-1-1	one_assay_suffix	3m	1	nan	CD4-positive, alpha-beta T cell	CL:0000084	CD4+ T	facs	3_9_M	652990.0	2120.0	male	nan	Lung	nan	6	5
B21-MAA000530-3_8_M-1-1			3	B21.MAA000530.3_8_M.1.1-1-1	3_8_M	Lung	False	1	False	B21.MAA000530.3_8_M.1.1-1-1-1	one_assay_suffix	3m	1	nan	CD4-positive, alpha-beta T cell	CL:0000084	CD4+ T	facs	3_8_M	244455.0	1643.0	male	nan	Lung	nan	6	5
B21-MAA000607-3_9_M-1-1			3	B21.MAA000607.3_9_M.1.1-1-1	3_9_M	Thymus	False	1	False	B21.MAA000607.3_9_M.1.1-1-1-1	one_assay_suffix	3m	1	nan	thymocyte	CL:0002420	DN to DP transition (most are Cd8+/ Cd4+, some undergoing VDJ recombination)	facs	3_9_M	447164.0	2359.0	male	nan	Thymus	nan	21	23
B21-MAA000609-3_8_M-1-1			3	B21.MAA000609.3_8_M.1.1-1-1	3_8_M	Thymus	False	1	False	B21.MAA000609.3_8_M.1.1-1-1-1	one_assay_suffix	3m	1	nan	thymocyte	CL:0002420	DN to DP transition (most are Cd8+/ Cd4+, some undergoing VDJ recombination)	facs	3_8_M	138912.0	1531.0	male	nan	Thymus	nan	21	23
B21-MAA000844-3_10_M-1-1			3	B21.MAA000844.3_10_M.1.1-1-1	3_10_M	Marrow	False	1	False	B21.MAA000844.3_10_M.1.1-1-1-1	one_assay_suffix	3m	1	nan	basophil	CL:0000767	basophil	facs	3_10_M	1394431.0	4430.0	male	T-cells	Marrow	nan	4	35
B21-MAA000880-3_11_M-1-1			3	B21.MAA000880.3_11_M.1.1-1-1	3_11_M	Thymus	False	1	False	B21.MAA000880.3_11_M.1.1-1-1-1	one_assay_suffix	3m	1	nan	DN4 thymocyte	CL:0002420	DN4 thymocyte	facs	3_11_M	1052198.0	1438.0	male	nan	Thymus	nan	6	5
B21-MAA000907-3_11_M-1-1	1.0	2.0	3	B21.MAA000907.3_11_M.1.1-1-1	3_11_M	Liver	True	2	True	B21.MAA000907.3_11_M.1.1-1-1-1	one_assay_suffix	3m	1	nan	mature NK T cell	CL:0000623	nan	facs	3_11_M	256355.0	1709.0	male	Non-hepatocytes	Liver	nan	4	9
B21-MAA001865-3_38_F-1-1			3	B21.MAA001865.3_38_F.1.1-1-1	3_38_F	Trachea	False	1	False	B21.MAA001865.3_38_F.1.1-1-1-1	one_assay_suffix	3m	1	nan	T cell	CL:0000081	nan	facs	3_38_F	350896.0	2613.0	female	nan	Trachea	nan	21	23
B22-B000827-3_38_F-1-1			3	B22.B000827.3_38_F.1.1-1-1	3_38_F	Thymus	False	1	False	B22.B000827.3_38_F.1.1-1-1-1	one_assay_suffix	3m	1	nan	DN4 thymocyte	CL:0002420	DN4 thymocyte	facs	3_38_F	871722.0	1755.0	female	Flowthrough	Thymus	nan	6	5
B22-MAA000530-3_8_M-1-1			3	B22.MAA000530.3_8_M.1.1-1-1	3_8_M	Lung	False	1	False	B22.MAA000530.3_8_M.1.1-1-1-1	one_assay_suffix	3m	1	nan	CD4-positive, alpha-beta T cell	CL:0000084	CD4+ T	facs	3_8_M	609898.0	2201.0	male	nan	Lung	nan	6	5
B22-MAA000607-3_9_M-1-1			3	B22.MAA000607.3_9_M.1.1-1-1	3_9_M	Thymus	False	1	False	B22.MAA000607.3_9_M.1.1-1-1-1	one_assay_suffix	3m	1	nan	DN4 thymocyte	CL:0002420	DN4 thymocyte	facs	3_9_M	461140.0	2614.0	male	nan	Thymus	nan	6	5
B22-MAA000609-3_8_M-1-1			3	B22.MAA000609.3_8_M.1.1-1-1	3_8_M	Thymus	False	1	False	B22.MAA000609.3_8_M.1.1-1-1-1	one_assay_suffix	3m	1	nan	thymocyte	CL:0002420	DN to DP transition (most are Cd8+/ Cd4+, some undergoing VDJ recombination)	facs	3_8_M	265336.0	1598.0	male	nan	Thymus	nan	21	23
B22-MAA000779-3_11_M-1-1			3	B22.MAA000779.3_11_M.1.1-1-1	3_11_M	Spleen	False	1	False	B22.MAA000779.3_11_M.1.1-1-1-1	one_assay_suffix	3m	1	nan	CD8-positive, alpha-beta T cell	CL:0000084	Cd3e T cell	facs	3_11_M	270083.0	1361.0	male	nan	Spleen	nan	6	5
B22-MAA000880-3_11_M-1-1			3	B22.MAA000880.3_11_M.1.1-1-1	3_11_M	Thymus	False	1	False	B22.MAA000880.3_11_M.1.1-1-1-1	one_assay_suffix	3m	1	nan	DN4 thymocyte	CL:0002420	DN4 thymocyte	facs	3_11_M	332009.0	1036.0	male	nan	Thymus	nan	6	5
B22-MAA001895-3_38_F-1-1			3	B22.MAA001895.3_38_F.1.1-1-1	3_38_F	Brain_Non-Myeloid	False	1	False	B22.MAA001895.3_38_F.1.1-1-1-1	one_assay_suffix	3m	1	nan	CD8-positive, alpha-beta T cell	CL:0000128	nan	facs	3_38_F	50963.0	1449.0	female	Cortex	Brain_Non-Myeloid	nan	6	5
B3-MAA000607-3_9_M-1-1			3	B3.MAA000607.3_9_M.1.1-1-1	3_9_M	Thymus	False	1	False	B3.MAA000607.3_9_M.1.1-1-1-1	one_assay_suffix	3m	1	nan	thymocyte	CL:0002420	proliferating thymocyte; DN to DP transition, dividing (some are Cd8+/ Cd4+, some undergoing VDJ recombination)	facs	3_9_M	544510.0	3545.0	male	nan	Thymus	nan	21	23
B3-MAA001888-3_39_F-1-1			3	B3.MAA001888.3_39_F.1.1-1-1	3_39_F	Marrow	False	1	False	B3.MAA001888.3_39_F.1.1-1-1-1	one_assay_suffix	3m	1	nan	mature alpha-beta T cell	CL:0000236	BM CD8 + CD4 T cell	facs	3_39_F	477192.0	4224.0	female	T-cells	Marrow	nan	4	48
B4-B001750-3_38_F-1-1			3	B4.B001750.3_38_F.1.1-1-1	3_38_F	Spleen	False	1	False	B4.B001750.3_38_F.1.1-1-1-1	one_assay_suffix	3m	1	nan	CD4-positive, alpha-beta T cell	CL:0000084	Cd3e T cell	facs	3_38_F	478584.0	1769.0	female	nan	Spleen	nan	6	5
B4-MAA000607-3_9_M-1-1			3	B4.MAA000607.3_9_M.1.1-1-1	3_9_M	Thymus	False	1	False	B4.MAA000607.3_9_M.1.1-1-1-1	one_assay_suffix	3m	1	nan	DN4 thymocyte	CL:0002420	DN4 thymocyte	facs	3_9_M	247082.0	1826.0	male	nan	Thymus	nan	6	5
B4-MAA000779-3_11_M-1-1			3	B4.MAA000779.3_11_M.1.1-1-1	3_11_M	Spleen	False	1	False	B4.MAA000779.3_11_M.1.1-1-1-1	one_assay_suffix	3m	1	nan	CD8-positive, alpha-beta T cell	CL:0000084	Cd3e T cell	facs	3_11_M	271951.0	1458.0	male	nan	Spleen	nan	6	5
B4-MAA001865-3_38_F-1-1			3	B4.MAA001865.3_38_F.1.1-1-1	3_38_F	Trachea	False	1	False	B4.MAA001865.3_38_F.1.1-1-1-1	one_assay_suffix	3m	1	nan	T cell	CL:0000081	nan	facs	3_38_F	402915.0	3535.0	female	nan	Trachea	nan	21	23
B4-MAA001867-3_39_F-1-1			3	B4.MAA001867.3_39_F.1.1-1-1	3_39_F	Trachea	False	1	False	B4.MAA001867.3_39_F.1.1-1-1-1	one_assay_suffix	3m	1	nan	T cell	CL:0000081	nan	facs	3_39_F	385979.0	2299.0	female	nan	Trachea	nan	4	21
B5-B003291-3_39_F-1-1			3	B5.B003291.3_39_F.1.1-1-1	3_39_F	Thymus	False	1	False	B5.B003291.3_39_F.1.1-1-1-1	one_assay_suffix	3m	1	nan	thymocyte	CL:0002420	DN to DP transition (most are Cd8+/ Cd4+, some undergoing VDJ recombination)	facs	3_39_F	1332698.0	1384.0	female	Flowthrough	Thymus	nan	21	23
B5-MAA000607-3_9_M-1-1			3	B5.MAA000607.3_9_M.1.1-1-1	3_9_M	Thymus	False	1	False	B5.MAA000607.3_9_M.1.1-1-1-1	one_assay_suffix	3m	1	nan	thymocyte	CL:0002420	proliferating thymocyte; DN to DP transition, dividing (some are Cd8+/ Cd4+, some undergoing VDJ recombination)	facs	3_9_M	769920.0	3870.0	male	nan	Thymus	nan	21	23
B5-MAA000609-3_8_M-1-1			3	B5.MAA000609.3_8_M.1.1-1-1	3_8_M	Thymus	False	1	False	B5.MAA000609.3_8_M.1.1-1-1-1	one_assay_suffix	3m	1	nan	thymocyte	CL:0002420	proliferating thymocyte; DN to DP transition, dividing (some are Cd8+/ Cd4+, some undergoing VDJ recombination)	facs	3_8_M	2020415.0	3417.0	male	nan	Thymus	nan	21	23
B5-MAA000880-3_11_M-1-1			3	B5.MAA000880.3_11_M.1.1-1-1	3_11_M	Thymus	False	1	False	B5.MAA000880.3_11_M.1.1-1-1-1	one_assay_suffix	3m	1	nan	thymocyte	CL:0002420	proliferating thymocyte; DN to DP transition, dividing (some are Cd8+/ Cd4+, some undergoing VDJ recombination)	facs	3_11_M	1928166.0	3739.0	male	nan	Thymus	nan	21	23
B6-B003291-3_39_F-1-1			3	B6.B003291.3_39_F.1.1-1-1	3_39_F	Thymus	False	1	False	B6.B003291.3_39_F.1.1-1-1-1	one_assay_suffix	3m	1	nan	thymocyte	CL:0002420	DN to DP transition (most are Cd8+/ Cd4+, some undergoing VDJ recombination)	facs	3_39_F	1460660.0	1428.0	female	Flowthrough	Thymus	nan	21	23
B6-MAA000508-3_9_M-1-1			3	B6.MAA000508.3_9_M.1.1-1-1	3_9_M	Spleen	False	1	False	B6.MAA000508.3_9_M.1.1-1-1-1	one_assay_suffix	3m	1	nan	CD4-positive, alpha-beta T cell	CL:0000084	Cd3e T cell	facs	3_9_M	269072.0	1956.0	male	nan	Spleen	nan	6	5
B6-MAA000607-3_9_M-1-1			3	B6.MAA000607.3_9_M.1.1-1-1	3_9_M	Thymus	False	1	False	B6.MAA000607.3_9_M.1.1-1-1-1	one_assay_suffix	3m	1	nan	thymocyte	CL:0002420	DN to DP transition (most are Cd8+/ Cd4+, some undergoing VDJ recombination)	facs	3_9_M	132938.0	1612.0	male	nan	Thymus	nan	21	23
B7-B000827-3_38_F-1-1			3	B7.B000827.3_38_F.1.1-1-1	3_38_F	Thymus	False	1	False	B7.B000827.3_38_F.1.1-1-1-1	one_assay_suffix	3m	1	nan	DN4 thymocyte	CL:0002420	DN4 thymocyte	facs	3_38_F	813812.0	2370.0	female	Flowthrough	Thymus	nan	6	5
B7-B003291-3_39_F-1-1			3	B7.B003291.3_39_F.1.1-1-1	3_39_F	Thymus	False	1	False	B7.B003291.3_39_F.1.1-1-1-1	one_assay_suffix	3m	1	nan	thymocyte	CL:0002420	DN to DP transition (most are Cd8+/ Cd4+, some undergoing VDJ recombination)	facs	3_39_F	549051.0	1537.0	female	Flowthrough	Thymus	nan	21	23
B7-MAA000508-3_9_M-1-1			3	B7.MAA000508.3_9_M.1.1-1-1	3_9_M	Spleen	False	1	False	B7.MAA000508.3_9_M.1.1-1-1-1	one_assay_suffix	3m	1	nan	CD4-positive, alpha-beta T cell	CL:0000084	Cd3e T cell	facs	3_9_M	269598.0	1830.0	male	nan	Spleen	nan	4	21
B7-MAA000556-3_9_M-1-1			3	B7.MAA000556.3_9_M.1.1-1-1	3_9_M	BAT	False	1	False	B7.MAA000556.3_9_M.1.1-1-1-1	one_assay_suffix	3m	1	nan	T cell	CL:0000084	nan	facs	3_9_M	86971.0	1543.0	male	Fat	BAT	nan	6	5
B7-MAA000779-3_11_M-1-1			3	B7.MAA000779.3_11_M.1.1-1-1	3_11_M	Spleen	False	1	False	B7.MAA000779.3_11_M.1.1-1-1-1	one_assay_suffix	3m	1	nan	CD8-positive, alpha-beta T cell	CL:0000084	Cd3e T cell	facs	3_11_M	433077.0	1659.0	male	nan	Spleen	nan	6	5
B8-B000827-3_38_F-1-1			3	B8.B000827.3_38_F.1.1-1-1	3_38_F	Thymus	False	1	False	B8.B000827.3_38_F.1.1-1-1-1	one_assay_suffix	3m	1	nan	DN4 thymocyte	CL:0002420	DN4 thymocyte	facs	3_38_F	479661.0	1912.0	female	Flowthrough	Thymus	nan	6	5
B8-B003291-3_39_F-1-1			3	B8.B003291.3_39_F.1.1-1-1	3_39_F	Thymus	False	1	False	B8.B003291.3_39_F.1.1-1-1-1	one_assay_suffix	3m	1	nan	thymocyte	CL:0002420	proliferating thymocyte; DN to DP transition, dividing (some are Cd8+/ Cd4+, some undergoing VDJ recombination)	facs	3_39_F	3336205.0	2838.0	female	Flowthrough	Thymus	nan	21	23
B8-MAA000607-3_9_M-1-1			3	B8.MAA000607.3_9_M.1.1-1-1	3_9_M	Thymus	False	1	False	B8.MAA000607.3_9_M.1.1-1-1-1	one_assay_suffix	3m	1	nan	DN4 thymocyte	CL:0002420	DN4 thymocyte	facs	3_9_M	254367.0	2162.0	male	nan	Thymus	nan	6	5
B8-MAA000609-3_8_M-1-1			3	B8.MAA000609.3_8_M.1.1-1-1	3_8_M	Thymus	False	1	False	B8.MAA000609.3_8_M.1.1-1-1-1	one_assay_suffix	3m	1	nan	DN4 thymocyte	CL:0002420	DN4 thymocyte	facs	3_8_M	420311.0	2644.0	male	nan	Thymus	nan	6	5
B8-MAA000779-3_11_M-1-1			3	B8.MAA000779.3_11_M.1.1-1-1	3_11_M	Spleen	False	1	False	B8.MAA000779.3_11_M.1.1-1-1-1	one_assay_suffix	3m	1	nan	CD4-positive, alpha-beta T cell	CL:0000084	Cd3e T cell	facs	3_11_M	241215.0	1202.0	male	nan	Spleen	nan	6	5
B8-MAA000844-3_10_M-1-1			3	B8.MAA000844.3_10_M.1.1-1-1	3_10_M	Marrow	False	1	False	B8.MAA000844.3_10_M.1.1-1-1-1	one_assay_suffix	3m	1	nan	mature alpha-beta T cell	CL:0002420	BM CD8 + CD4 T cell	facs	3_10_M	872502.0	2781.0	male	T-cells	Marrow	nan	4	9
B9-B000827-3_38_F-1-1			3	B9.B000827.3_38_F.1.1-1-1	3_38_F	Thymus	False	1	False	B9.B000827.3_38_F.1.1-1-1-1	one_assay_suffix	3m	1	nan	DN4 thymocyte	CL:0002420	DN4 thymocyte	facs	3_38_F	753994.0	1799.0	female	Flowthrough	Thymus	nan	4	21
B9-B003291-3_39_F-1-1			3	B9.B003291.3_39_F.1.1-1-1	3_39_F	Thymus	False	1	False	B9.B003291.3_39_F.1.1-1-1-1	one_assay_suffix	3m	1	nan	thymocyte	CL:0002420	DN to DP transition (most are Cd8+/ Cd4+, some undergoing VDJ recombination)	facs	3_39_F	1503710.0	1466.0	female	Flowthrough	Thymus	nan	21	23
B9-D043526-3_39_F-1-1			3	B9.D043526.3_39_F.1.1-1-1	3_39_F	SCAT	False	1	False	B9.D043526.3_39_F.1.1-1-1-1	one_assay_suffix	3m	1	nan	NK cell	CL:0000084	nan	facs	3_39_F	569039.0	1394.0	female	Fat	SCAT	nan	4	5
B9-MAA000556-3_9_M-1-1			3	B9.MAA000556.3_9_M.1.1-1-1	3_9_M	BAT	False	1	False	B9.MAA000556.3_9_M.1.1-1-1-1	one_assay_suffix	3m	1	nan	T cell	CL:0000084	nan	facs	3_9_M	112486.0	1745.0	male	Fat	BAT	nan	4	9
B9-MAA000607-3_9_M-1-1			3	B9.MAA000607.3_9_M.1.1-1-1	3_9_M	Thymus	False	1	False	B9.MAA000607.3_9_M.1.1-1-1-1	one_assay_suffix	3m	1	nan	DN4 thymocyte	CL:0002420	DN4 thymocyte	facs	3_9_M	217744.0	1651.0	male	nan	Thymus	nan	6	5
B9-MAA000609-3_8_M-1-1			3	B9.MAA000609.3_8_M.1.1-1-1	3_8_M	Thymus	False	1	False	B9.MAA000609.3_8_M.1.1-1-1-1	one_assay_suffix	3m	1	nan	DN4 thymocyte	CL:0002420	DN4 thymocyte	facs	3_8_M	431764.0	1838.0	male	nan	Thymus	nan	6	5
B9-MAA000880-3_11_M-1-1			3	B9.MAA000880.3_11_M.1.1-1-1	3_11_M	Thymus	False	1	False	B9.MAA000880.3_11_M.1.1-1-1-1	one_assay_suffix	3m	1	nan	DN4 thymocyte	CL:0002420	DN4 thymocyte	facs	3_11_M	419074.0	1086.0	male	nan	Thymus	nan	6	5
B9-MAA000907-3_11_M-1-1			3	B9.MAA000907.3_11_M.1.1-1-1	3_11_M	Liver	False	1	False	B9.MAA000907.3_11_M.1.1-1-1-1	one_assay_suffix	3m	1	nan	mature NK T cell	CL:0000623	nan	facs	3_11_M	677843.0	2761.0	male	Non-hepatocytes	Liver	nan	4	9
C1-B000827-3_38_F-1-1			3	C1.B000827.3_38_F.1.1-1-1	3_38_F	Thymus	False	1	False	C1.B000827.3_38_F.1.1-1-1-1	one_assay_suffix	3m	1	nan	DN4 thymocyte	CL:0002420	DN4 thymocyte	facs	3_38_F	1447740.0	2334.0	female	Flowthrough	Thymus	nan	6	5
C1-B003291-3_39_F-1-1			3	C1.B003291.3_39_F.1.1-1-1	3_39_F	Thymus	False	1	False	C1.B003291.3_39_F.1.1-1-1-1	one_assay_suffix	3m	1	nan	DN4 thymocyte	CL:0002420	DN4 thymocyte	facs	3_39_F	594859.0	1757.0	female	Flowthrough	Thymus	nan	6	5
C1-MAA000508-3_9_M-1-1			3	C1.MAA000508.3_9_M.1.1-1-1	3_9_M	Spleen	False	1	False	C1.MAA000508.3_9_M.1.1-1-1-1	one_assay_suffix	3m	1	nan	CD4-positive, alpha-beta T cell	CL:0000084	Cd3e T cell	facs	3_9_M	456214.0	2131.0	male	nan	Spleen	nan	6	5
C1-MAA000607-3_9_M-1-1			3	C1.MAA000607.3_9_M.1.1-1-1	3_9_M	Thymus	False	1	False	C1.MAA000607.3_9_M.1.1-1-1-1	one_assay_suffix	3m	1	nan	DN4 thymocyte	CL:0002420	DN4 thymocyte	facs	3_9_M	202403.0	1847.0	male	nan	Thymus	nan	4	21
C1-MAA001865-3_38_F-1-1			3	C1.MAA001865.3_38_F.1.1-1-1	3_38_F	Trachea	False	1	False	C1.MAA001865.3_38_F.1.1-1-1-1	one_assay_suffix	3m	1	nan	T cell	CL:0000081	nan	facs	3_38_F	920161.0	4750.0	female	nan	Trachea	nan	21	23
C10-B000827-3_38_F-1-1			3	C10.B000827.3_38_F.1.1-1-1	3_38_F	Thymus	False	1	False	C10.B000827.3_38_F.1.1-1-1-1	one_assay_suffix	3m	1	nan	DN4 thymocyte	CL:0002420	DN4 thymocyte	facs	3_38_F	744123.0	2097.0	female	Flowthrough	Thymus	nan	4	5
C10-B003291-3_39_F-1-1			3	C10.B003291.3_39_F.1.1-1-1	3_39_F	Thymus	False	1	False	C10.B003291.3_39_F.1.1-1-1-1	one_assay_suffix	3m	1	nan	thymocyte	CL:0002420	DN to DP transition (most are Cd8+/ Cd4+, some undergoing VDJ recombination)	facs	3_39_F	998330.0	1497.0	female	Flowthrough	Thymus	nan	21	23
C10-D043526-3_39_F-1-1			3	C10.D043526.3_39_F.1.1-1-1	3_39_F	SCAT	False	1	False	C10.D043526.3_39_F.1.1-1-1-1	one_assay_suffix	3m	1	nan	B cell	CL:0000763	nan	facs	3_39_F	524821.0	3466.0	female	Fat	SCAT	nan	4	17
C10-D045058-3_39_F-1-1	12.0	2.0	3	C10.D045058.3_39_F.1.1-1-1	3_39_F	GAT	True	2	True	C10.D045058.3_39_F.1.1-1-1-1	one_assay_suffix	3m	1	nan	CD4-positive, alpha-beta T cell	CL:0000084	nan	facs	3_39_F	1928836.0	1838.0	female	Fat	GAT	nan	4	21
C10-MAA000442-3_11_M-1-1			3	C10.MAA000442.3_11_M.1.1-1-1	3_11_M	BAT	False	1	False	C10.MAA000442.3_11_M.1.1-1-1-1	one_assay_suffix	3m	1	nan	T cell	CL:0000084	nan	facs	3_11_M	83594.0	1852.0	male	Fat	BAT	nan	4	21
C10-MAA000877-3_11_M-1-1			3	C10.MAA000877.3_11_M.1.1-1-1	3_11_M	MAT	False	1	False	C10.MAA000877.3_11_M.1.1-1-1-1	one_assay_suffix	3m	1	nan	CD8-positive, alpha-beta T cell	CL:0000084	nan	facs	3_11_M	559843.0	1520.0	male	Fat	MAT	nan	6	5
C10-MAA000880-3_11_M-1-1			3	C10.MAA000880.3_11_M.1.1-1-1	3_11_M	Thymus	False	1	False	C10.MAA000880.3_11_M.1.1-1-1-1	one_assay_suffix	3m	1	nan	DN4 thymocyte	CL:0002420	DN4 thymocyte	facs	3_11_M	525693.0	1839.0	male	nan	Thymus	nan	6	23
C10-MAA000934-3_9_M-1-1			3	C10.MAA000934.3_9_M.1.1-1-1	3_9_M	SCAT	False	1	False	C10.MAA000934.3_9_M.1.1-1-1-1	one_assay_suffix	3m	1	nan	T cell	CL:0000084	nan	facs	3_9_M	135419.0	1846.0	male	Fat	SCAT	nan	6	5
C11-B000827-3_38_F-1-1			3	C11.B000827.3_38_F.1.1-1-1	3_38_F	Thymus	False	1	False	C11.B000827.3_38_F.1.1-1-1-1	one_assay_suffix	3m	1	nan	DN4 thymocyte	CL:0002420	DN4 thymocyte	facs	3_38_F	366668.0	1720.0	female	Flowthrough	Thymus	nan	6	5
C11-B000971-3_39_F-1-1			3	C11.B000971.3_39_F.1.1-1-1	3_39_F	Spleen	False	1	False	C11.B000971.3_39_F.1.1-1-1-1	one_assay_suffix	3m	1	nan	CD8-positive, alpha-beta T cell	CL:0000084	nan	facs	3_39_F	1262755.0	2603.0	female	nan	Spleen	nan	4	9
C11-B001960-3_56_F-1-1			3	C11.B001960.3_56_F.1.1-1-1	3_56_F	BAT	False	1	False	C11.B001960.3_56_F.1.1-1-1-1	one_assay_suffix	3m	1	nan	T cell	CL:0000084	nan	facs	3_56_F	1046693.0	1421.0	female	Fat	BAT	nan	4	5
C11-B003291-3_39_F-1-1			3	C11.B003291.3_39_F.1.1-1-1	3_39_F	Thymus	False	1	False	C11.B003291.3_39_F.1.1-1-1-1	one_assay_suffix	3m	1	nan	DN4 thymocyte	CL:0002420	DN4 thymocyte	facs	3_39_F	1228422.0	2482.0	female	Flowthrough	Thymus	nan	6	23
C11-D045058-3_39_F-1-1			3	C11.D045058.3_39_F.1.1-1-1	3_39_F	GAT	False	1	False	C11.D045058.3_39_F.1.1-1-1-1	one_assay_suffix	3m	1	nan	CD8-positive, alpha-beta T cell	CL:0000084	nan	facs	3_39_F	1712592.0	2966.0	female	Fat	GAT	nan	4	9
C11-MAA000607-3_9_M-1-1			3	C11.MAA000607.3_9_M.1.1-1-1	3_9_M	Thymus	False	1	False	C11.MAA000607.3_9_M.1.1-1-1-1	one_assay_suffix	3m	1	nan	thymocyte	CL:0002420	DN to DP transition (most are Cd8+/ Cd4+, some undergoing VDJ recombination)	facs	3_9_M	123176.0	1494.0	male	nan	Thymus	nan	21	23
C11-MAA000779-3_11_M-1-1			3	C11.MAA000779.3_11_M.1.1-1-1	3_11_M	Spleen	False	1	False	C11.MAA000779.3_11_M.1.1-1-1-1	one_assay_suffix	3m	1	nan	CD4-positive, alpha-beta T cell	CL:0000084	Cd3e T cell	facs	3_11_M	201481.0	1703.0	male	nan	Spleen	nan	4	21
C11-MAA000880-3_11_M-1-1			3	C11.MAA000880.3_11_M.1.1-1-1	3_11_M	Thymus	False	1	False	C11.MAA000880.3_11_M.1.1-1-1-1	one_assay_suffix	3m	1	nan	DN4 thymocyte	CL:0002420	DN4 thymocyte	facs	3_11_M	373548.0	1097.0	male	nan	Thymus	nan	6	5
C11-MAA000934-3_9_M-1-1			3	C11.MAA000934.3_9_M.1.1-1-1	3_9_M	SCAT	False	1	False	C11.MAA000934.3_9_M.1.1-1-1-1	one_assay_suffix	3m	1	nan	myeloid cell	CL:0000763	nan	facs	3_9_M	376069.0	3545.0	male	Fat	SCAT	nan	15	17
C12-B000971-3_39_F-1-1			3	C12.B000971.3_39_F.1.1-1-1	3_39_F	Spleen	False	1	False	C12.B000971.3_39_F.1.1-1-1-1	one_assay_suffix	3m	1	nan	CD4-positive, alpha-beta T cell	CL:0000084	Cd3e T cell	facs	3_39_F	766163.0	1515.0	female	nan	Spleen	nan	4	5
C12-B001750-3_38_F-1-1			3	C12.B001750.3_38_F.1.1-1-1	3_38_F	Spleen	False	1	False	C12.B001750.3_38_F.1.1-1-1-1	one_assay_suffix	3m	1	nan	CD8-positive, alpha-beta T cell	CL:0000084	Cd3e T cell	facs	3_38_F	527017.0	2079.0	female	nan	Spleen	nan	4	5
C12-B003291-3_39_F-1-1			3	C12.B003291.3_39_F.1.1-1-1	3_39_F	Thymus	False	1	False	C12.B003291.3_39_F.1.1-1-1-1	one_assay_suffix	3m	1	nan	thymocyte	CL:0002420	DN to DP transition (most are Cd8+/ Cd4+, some undergoing VDJ recombination)	facs	3_39_F	1164632.0	1803.0	female	Flowthrough	Thymus	nan	21	23
C12-D043526-3_39_F-1-1			3	C12.D043526.3_39_F.1.1-1-1	3_39_F	SCAT	False	1	False	C12.D043526.3_39_F.1.1-1-1-1	one_assay_suffix	3m	1	nan	T cell	CL:0000084	nan	facs	3_39_F	226329.0	1977.0	female	Fat	SCAT	nan	6	5
C12-MAA000442-3_11_M-1-1			3	C12.MAA000442.3_11_M.1.1-1-1	3_11_M	BAT	False	1	False	C12.MAA000442.3_11_M.1.1-1-1-1	one_assay_suffix	3m	1	nan	T cell	CL:0000084	nan	facs	3_11_M	65939.0	1503.0	male	Fat	BAT	nan	6	5
C12-MAA000607-3_9_M-1-1			3	C12.MAA000607.3_9_M.1.1-1-1	3_9_M	Thymus	False	1	False	C12.MAA000607.3_9_M.1.1-1-1-1	one_assay_suffix	3m	1	nan	thymocyte	CL:0002420	DN to DP transition (most are Cd8+/ Cd4+, some undergoing VDJ recombination)	facs	3_9_M	119226.0	1834.0	male	nan	Thymus	nan	21	23
C12-MAA000880-3_11_M-1-1			3	C12.MAA000880.3_11_M.1.1-1-1	3_11_M	Thymus	False	1	False	C12.MAA000880.3_11_M.1.1-1-1-1	one_assay_suffix	3m	1	nan	thymocyte	CL:0002420	proliferating thymocyte; DN to DP transition, dividing (some are Cd8+/ Cd4+, some undergoing VDJ recombination)	facs	3_11_M	1215601.0	3893.0	male	nan	Thymus	nan	21	23
C13-B001750-3_38_F-1-1			3	C13.B001750.3_38_F.1.1-1-1	3_38_F	Spleen	False	1	False	C13.B001750.3_38_F.1.1-1-1-1	one_assay_suffix	3m	1	nan	CD8-positive, alpha-beta T cell	CL:0000084	Cd3e T cell	facs	3_38_F	522475.0	1964.0	female	nan	Spleen	nan	6	5
C13-B002431-3_39_F-1-1			3	C13.B002431.3_39_F.1.1-1-1	3_39_F	Aorta	False	1	False		unmatched																
C13-B003291-3_39_F-1-1			3	C13.B003291.3_39_F.1.1-1-1	3_39_F	Thymus	False	1	False	C13.B003291.3_39_F.1.1-1-1-1	one_assay_suffix	3m	1	nan	thymocyte	CL:0002420	DN to DP transition (most are Cd8+/ Cd4+, some undergoing VDJ recombination)	facs	3_39_F	1297208.0	1857.0	female	Flowthrough	Thymus	nan	21	23
C13-D045067-3_38_F-1-1			3	C13.D045067.3_38_F.1.1-1-1	3_38_F	GAT	False	1	False	C13.D045067.3_38_F.1.1-1-1-1	one_assay_suffix	3m	1	nan	NK cell	CL:0000623	nan	facs	3_38_F	1004938.0	1489.0	female	Fat	GAT	nan	40	47
C13-MAA000385-3_10_M-1-1			3	C13.MAA000385.3_10_M.1.1-1-1	3_10_M	SCAT	False	1	False	C13.MAA000385.3_10_M.1.1-1-1-1	one_assay_suffix	3m	1	nan	T cell	CL:0000084	nan	facs	3_10_M	504880.0	2353.0	male	Fat	SCAT	nan	6	5
C13-MAA000607-3_9_M-1-1			3	C13.MAA000607.3_9_M.1.1-1-1	3_9_M	Thymus	False	1	False	C13.MAA000607.3_9_M.1.1-1-1-1	one_assay_suffix	3m	1	nan	thymocyte	CL:0002420	DN to DP transition (most are Cd8+/ Cd4+, some undergoing VDJ recombination)	facs	3_9_M	149028.0	1376.0	male	nan	Thymus	nan	6	5
C13-MAA000880-3_11_M-1-1			3	C13.MAA000880.3_11_M.1.1-1-1	3_11_M	Thymus	False	1	False	C13.MAA000880.3_11_M.1.1-1-1-1	one_assay_suffix	3m	1	nan	DN4 thymocyte	CL:0002420	DN4 thymocyte	facs	3_11_M	442318.0	1672.0	male	nan	Thymus	nan	6	5
C14-B003291-3_39_F-1-1			3	C14.B003291.3_39_F.1.1-1-1	3_39_F	Thymus	False	1	False	C14.B003291.3_39_F.1.1-1-1-1	one_assay_suffix	3m	1	nan	thymocyte	CL:0002420	DN to DP transition (most are Cd8+/ Cd4+, some undergoing VDJ recombination)	facs	3_39_F	1013306.0	1429.0	female	Flowthrough	Thymus	nan	21	23
C14-D043520-3_39_F-1-1			3	C14.D043520.3_39_F.1.1-1-1	3_39_F	MAT	False	1	False	C14.D043520.3_39_F.1.1-1-1-1	one_assay_suffix	3m	1	nan	CD8-positive, alpha-beta T cell	CL:0000084	nan	facs	3_39_F	401806.0	1764.0	female	Fat	MAT	nan	4	9
C14-MAA000607-3_9_M-1-1			3	C14.MAA000607.3_9_M.1.1-1-1	3_9_M	Thymus	False	1	False	C14.MAA000607.3_9_M.1.1-1-1-1	one_assay_suffix	3m	1	nan	macrophage	CL:0000738	macrophage	facs	3_9_M	237571.0	2018.0	male	nan	Thymus	nan	21	23
C14-MAA000880-3_11_M-1-1			3	C14.MAA000880.3_11_M.1.1-1-1	3_11_M	Thymus	False	1	False	C14.MAA000880.3_11_M.1.1-1-1-1	one_assay_suffix	3m	1	nan	thymocyte	CL:0002420	DN to DP transition (most are Cd8+/ Cd4+, some undergoing VDJ recombination)	facs	3_11_M	573375.0	1340.0	male	nan	Thymus	nan	21	23
C14-MAA000914-3_9_M-1-1			3	C14.MAA000914.3_9_M.1.1-1-1	3_9_M	MAT	False	1	False	C14.MAA000914.3_9_M.1.1-1-1-1	one_assay_suffix	3m	1	nan	CD4-positive, alpha-beta T cell	CL:0000084	nan	facs	3_9_M	416271.0	1851.0	male	Fat	MAT	nan	4	21
C15-B000827-3_38_F-1-1			3	C15.B000827.3_38_F.1.1-1-1	3_38_F	Thymus	False	1	False	C15.B000827.3_38_F.1.1-1-1-1	one_assay_suffix	3m	1	nan	DN4 thymocyte	CL:0002420	DN4 thymocyte	facs	3_38_F	780603.0	2443.0	female	Flowthrough	Thymus	nan	6	5
C15-B002955-3_56_F-1-1			3	C15.B002955.3_56_F.1.1-1-1	3_56_F	GAT	False	1	False	C15.B002955.3_56_F.1.1-1-1-1	one_assay_suffix	3m	1	nan	CD8-positive, alpha-beta T cell	CL:0000084	nan	facs	3_56_F	266960.0	1681.0	female	Fat	GAT	nan	4	9
C15-B003291-3_39_F-1-1			3	C15.B003291.3_39_F.1.1-1-1	3_39_F	Thymus	False	1	False	C15.B003291.3_39_F.1.1-1-1-1	one_assay_suffix	3m	1	nan	thymocyte	CL:0002420	proliferating thymocyte; DN to DP transition, dividing (some are Cd8+/ Cd4+, some undergoing VDJ recombination)	facs	3_39_F	3308379.0	3857.0	female	Flowthrough	Thymus	nan	21	23
C15-MAA000607-3_9_M-1-1			3	C15.MAA000607.3_9_M.1.1-1-1	3_9_M	Thymus	False	1	False	C15.MAA000607.3_9_M.1.1-1-1-1	one_assay_suffix	3m	1	nan	thymocyte	CL:0002420	proliferating thymocyte; DN to DP transition, dividing (some are Cd8+/ Cd4+, some undergoing VDJ recombination)	facs	3_9_M	907519.0	4568.0	male	nan	Thymus	nan	21	23
C15-MAA000880-3_11_M-1-1			3	C15.MAA000880.3_11_M.1.1-1-1	3_11_M	Thymus	False	1	False	C15.MAA000880.3_11_M.1.1-1-1-1	one_assay_suffix	3m	1	nan	DN4 thymocyte	CL:0002420	DN4 thymocyte	facs	3_11_M	716970.0	1812.0	male	nan	Thymus	nan	6	5
C16-B003291-3_39_F-1-1			3	C16.B003291.3_39_F.1.1-1-1	3_39_F	Thymus	False	1	False	C16.B003291.3_39_F.1.1-1-1-1	one_assay_suffix	3m	1	nan	thymocyte	CL:0002420	DN to DP transition (most are Cd8+/ Cd4+, some undergoing VDJ recombination)	facs	3_39_F	1665659.0	1599.0	female	Flowthrough	Thymus	nan	21	23
C16-D043520-3_39_F-1-1			3	C16.D043520.3_39_F.1.1-1-1	3_39_F	MAT	False	1	False	C16.D043520.3_39_F.1.1-1-1-1	one_assay_suffix	3m	1	nan	CD8-positive, alpha-beta T cell	CL:0000084	nan	facs	3_39_F	561257.0	2971.0	female	Fat	MAT	nan	6	5
C16-MAA000385-3_10_M-1-1			3	C16.MAA000385.3_10_M.1.1-1-1	3_10_M	SCAT	False	1	False	C16.MAA000385.3_10_M.1.1-1-1-1	one_assay_suffix	3m	1	nan	CD8-positive, alpha-beta T cell	CL:0000084	nan	facs	3_10_M	719835.0	3244.0	male	Fat	SCAT	nan	4	9
C16-MAA000607-3_9_M-1-1			3	C16.MAA000607.3_9_M.1.1-1-1	3_9_M	Thymus	False	1	False	C16.MAA000607.3_9_M.1.1-1-1-1	one_assay_suffix	3m	1	nan	thymocyte	CL:0002420	DN to DP transition (most are Cd8+/ Cd4+, some undergoing VDJ recombination)	facs	3_9_M	171278.0	1520.0	male	nan	Thymus	nan	6	23
C16-MAA000880-3_11_M-1-1			3	C16.MAA000880.3_11_M.1.1-1-1	3_11_M	Thymus	False	1	False	C16.MAA000880.3_11_M.1.1-1-1-1	one_assay_suffix	3m	1	nan	DN4 thymocyte	CL:0002420	DN4 thymocyte	facs	3_11_M	649601.0	1453.0	male	nan	Thymus	nan	6	5
C16-MAA000934-3_9_M-1-1			3	C16.MAA000934.3_9_M.1.1-1-1	3_9_M	SCAT	False	1	False	C16.MAA000934.3_9_M.1.1-1-1-1	one_assay_suffix	3m	1	nan	T cell	CL:0000084	nan	facs	3_9_M	301314.0	3730.0	male	Fat	SCAT	nan	4	5
C17-B003291-3_39_F-1-1			3	C17.B003291.3_39_F.1.1-1-1	3_39_F	Thymus	False	1	False	C17.B003291.3_39_F.1.1-1-1-1	one_assay_suffix	3m	1	nan	thymocyte	CL:0002420	DN to DP transition (most are Cd8+/ Cd4+, some undergoing VDJ recombination)	facs	3_39_F	2167485.0	1705.0	female	Flowthrough	Thymus	nan	21	23
C17-MAA000607-3_9_M-1-1			3	C17.MAA000607.3_9_M.1.1-1-1	3_9_M	Thymus	False	1	False	C17.MAA000607.3_9_M.1.1-1-1-1	one_assay_suffix	3m	1	nan	thymocyte	CL:0002420	DN to DP transition (most are Cd8+/ Cd4+, some undergoing VDJ recombination)	facs	3_9_M	213444.0	1892.0	male	nan	Thymus	nan	21	23
C17-MAA000880-3_11_M-1-1			3	C17.MAA000880.3_11_M.1.1-1-1	3_11_M	Thymus	False	1	False	C17.MAA000880.3_11_M.1.1-1-1-1	one_assay_suffix	3m	1	nan	DN4 thymocyte	CL:0002420	DN4 thymocyte	facs	3_11_M	441594.0	1118.0	male	nan	Thymus	nan	6	5
C18-B000971-3_39_F-1-1			3	C18.B000971.3_39_F.1.1-1-1	3_39_F	Spleen	False	1	False	C18.B000971.3_39_F.1.1-1-1-1	one_assay_suffix	3m	1	nan	CD8-positive, alpha-beta T cell	CL:0000084	Cd3e T cell	facs	3_39_F	1308721.0	2357.0	female	nan	Spleen	nan	4	9
C18-B003291-3_39_F-1-1			3	C18.B003291.3_39_F.1.1-1-1	3_39_F	Thymus	False	1	False	C18.B003291.3_39_F.1.1-1-1-1	one_assay_suffix	3m	1	nan	thymocyte	CL:0002420	proliferating thymocyte; DN to DP transition, dividing (some are Cd8+/ Cd4+, some undergoing VDJ recombination)	facs	3_39_F	4279341.0	4475.0	female	Flowthrough	Thymus	nan	21	23
C18-MAA000607-3_9_M-1-1			3	C18.MAA000607.3_9_M.1.1-1-1	3_9_M	Thymus	False	1	False	C18.MAA000607.3_9_M.1.1-1-1-1	one_assay_suffix	3m	1	nan	thymocyte	CL:0002420	DN to DP transition (most are Cd8+/ Cd4+, some undergoing VDJ recombination)	facs	3_9_M	199569.0	1587.0	male	nan	Thymus	nan	21	23
C18-MAA000779-3_11_M-1-1			3	C18.MAA000779.3_11_M.1.1-1-1	3_11_M	Spleen	False	1	False	C18.MAA000779.3_11_M.1.1-1-1-1	one_assay_suffix	3m	1	nan	CD4-positive, alpha-beta T cell	CL:0000084	Cd3e T cell	facs	3_11_M	213436.0	1252.0	male	nan	Spleen	nan	6	5
C18-MAA000880-3_11_M-1-1			3	C18.MAA000880.3_11_M.1.1-1-1	3_11_M	Thymus	False	1	False	C18.MAA000880.3_11_M.1.1-1-1-1	one_assay_suffix	3m	1	nan	thymocyte	CL:0002420	DN to DP transition (most are Cd8+/ Cd4+, some undergoing VDJ recombination)	facs	3_11_M	415476.0	946.0	male	nan	Thymus	nan	21	23
C19-B003291-3_39_F-1-1			3	C19.B003291.3_39_F.1.1-1-1	3_39_F	Thymus	False	1	False	C19.B003291.3_39_F.1.1-1-1-1	one_assay_suffix	3m	1	nan	thymocyte	CL:0002420	DN to DP transition (most are Cd8+/ Cd4+, some undergoing VDJ recombination)	facs	3_39_F	1982004.0	1367.0	female	Flowthrough	Thymus	nan	21	23
C19-MAA000508-3_9_M-1-1			3	C19.MAA000508.3_9_M.1.1-1-1	3_9_M	Spleen	False	1	False	C19.MAA000508.3_9_M.1.1-1-1-1	one_assay_suffix	3m	1	nan	CD4-positive, alpha-beta T cell	CL:0000236	Cd3e T cell	facs	3_9_M	206040.0	4818.0	male	nan	Spleen	nan	6	5
C19-MAA000607-3_9_M-1-1	19.0	2.0	3	C19.MAA000607.3_9_M.1.1-1-1	3_9_M	Thymus	True	1	False	C19.MAA000607.3_9_M.1.1-1-1-1	one_assay_suffix	3m	1	nan	thymocyte	CL:0002420	DN to DP transition (most are Cd8+/ Cd4+, some undergoing VDJ recombination)	facs	3_9_M	124902.0	1224.0	male	nan	Thymus	nan	21	23
C19-MAA000779-3_11_M-1-1			3	C19.MAA000779.3_11_M.1.1-1-1	3_11_M	Spleen	False	1	False	C19.MAA000779.3_11_M.1.1-1-1-1	one_assay_suffix	3m	1	nan	CD8-positive, alpha-beta T cell	CL:0000084	Cd3e T cell	facs	3_11_M	181899.0	1189.0	male	nan	Spleen	nan	6	5
C19-MAA000880-3_11_M-1-1			3	C19.MAA000880.3_11_M.1.1-1-1	3_11_M	Thymus	False	1	False	C19.MAA000880.3_11_M.1.1-1-1-1	one_assay_suffix	3m	1	nan	DN4 thymocyte	CL:0002420	DN4 thymocyte	facs	3_11_M	578549.0	1327.0	male	nan	Thymus	nan	6	5
C2-B000827-3_38_F-1-1			3	C2.B000827.3_38_F.1.1-1-1	3_38_F	Thymus	False	1	False	C2.B000827.3_38_F.1.1-1-1-1	one_assay_suffix	3m	1	nan	DN4 thymocyte	CL:0002420	DN4 thymocyte	facs	3_38_F	791938.0	1633.0	female	Flowthrough	Thymus	nan	6	5
C2-B003291-3_39_F-1-1			3	C2.B003291.3_39_F.1.1-1-1	3_39_F	Thymus	False	1	False	C2.B003291.3_39_F.1.1-1-1-1	one_assay_suffix	3m	1	nan	thymocyte	CL:0002420	DN to DP transition (most are Cd8+/ Cd4+, some undergoing VDJ recombination)	facs	3_39_F	1131803.0	1560.0	female	Flowthrough	Thymus	nan	21	23
C2-MAA000607-3_9_M-1-1			3	C2.MAA000607.3_9_M.1.1-1-1	3_9_M	Thymus	False	1	False	C2.MAA000607.3_9_M.1.1-1-1-1	one_assay_suffix	3m	1	nan	DN4 thymocyte	CL:0002420	DN4 thymocyte	facs	3_9_M	453190.0	2675.0	male	nan	Thymus	nan	6	5
C2-MAA001888-3_39_F-1-1			3	C2.MAA001888.3_39_F.1.1-1-1	3_39_F	Marrow	False	1	False	C2.MAA001888.3_39_F.1.1-1-1-1	one_assay_suffix	3m	1	nan	NK cell	CL:0000914	NK cell	facs	3_39_F	350652.0	2460.0	female	T-cells	Marrow	nan	4	9
C20-B003291-3_39_F-1-1			3	C20.B003291.3_39_F.1.1-1-1	3_39_F	Thymus	False	1	False	C20.B003291.3_39_F.1.1-1-1-1	one_assay_suffix	3m	1	nan	thymocyte	CL:0002420	DN to DP transition (most are Cd8+/ Cd4+, some undergoing VDJ recombination)	facs	3_39_F	2243905.0	1439.0	female	Flowthrough	Thymus	nan	21	23
C20-MAA000880-3_11_M-1-1			3	C20.MAA000880.3_11_M.1.1-1-1	3_11_M	Thymus	False	1	False	C20.MAA000880.3_11_M.1.1-1-1-1	one_assay_suffix	3m	1	nan	thymocyte	CL:0002420	DN to DP transition (most are Cd8+/ Cd4+, some undergoing VDJ recombination)	facs	3_11_M	509347.0	1096.0	male	nan	Thymus	nan	21	23
C21-B000827-3_38_F-1-1			3	C21.B000827.3_38_F.1.1-1-1	3_38_F	Thymus	False	1	False	C21.B000827.3_38_F.1.1-1-1-1	one_assay_suffix	3m	1	nan	DN4 thymocyte	CL:0002420	DN4 thymocyte	facs	3_38_F	794454.0	1992.0	female	Flowthrough	Thymus	nan	6	5
C21-B002428-3_38_F-1-1	36.0	2.0	3	C21.B002428.3_38_F.1.1-1-1	3_38_F	Heart	True	1	False	C21.B002428.3_38_F.1.1-1-1-1	one_assay_suffix	3m	1	nan	fibroblast of cardiac tissue	CL:0000057	fibroblast of cardiac tissue	facs	3_38_F	890677.0	2341.0	female	LA	Heart	nan	17	15
C21-B002431-3_39_F-1-1			3	C21.B002431.3_39_F.1.1-1-1	3_39_F	Aorta	False	1	False	C21.B002431.3_39_F.1.1-1-1-1	one_assay_suffix	3m	1	nan	aortic endothelial cell	CL:0000115	nan	facs	3_39_F	884920.0	2283.0	female	Heart	Aorta	nan	7	6
C21-B003291-3_39_F-1-1			3	C21.B003291.3_39_F.1.1-1-1	3_39_F	Thymus	False	1	False	C21.B003291.3_39_F.1.1-1-1-1	one_assay_suffix	3m	1	nan	thymocyte	CL:0002420	DN to DP transition (most are Cd8+/ Cd4+, some undergoing VDJ recombination)	facs	3_39_F	2444375.0	1192.0	female	Flowthrough	Thymus	nan	21	23
C21-MAA000530-3_8_M-1-1			3	C21.MAA000530.3_8_M.1.1-1-1	3_8_M	Lung	False	1	False	C21.MAA000530.3_8_M.1.1-1-1-1	one_assay_suffix	3m	1	nan	CD4-positive, alpha-beta T cell	CL:0000084	CD4+ T	facs	3_8_M	889022.0	2241.0	male	nan	Lung	nan	6	5
C21-MAA000607-3_9_M-1-1			3	C21.MAA000607.3_9_M.1.1-1-1	3_9_M	Thymus	False	1	False	C21.MAA000607.3_9_M.1.1-1-1-1	one_assay_suffix	3m	1	nan	DN4 thymocyte	CL:0002420	DN4 thymocyte	facs	3_9_M	382543.0	2340.0	male	nan	Thymus	nan	6	5
C21-MAA000880-3_11_M-1-1			3	C21.MAA000880.3_11_M.1.1-1-1	3_11_M	Thymus	False	1	False	C21.MAA000880.3_11_M.1.1-1-1-1	one_assay_suffix	3m	1	nan	DN4 thymocyte	CL:0002420	DN4 thymocyte	facs	3_11_M	971809.0	2087.0	male	nan	Thymus	nan	6	5
C22-B000827-3_38_F-1-1			3	C22.B000827.3_38_F.1.1-1-1	3_38_F	Thymus	False	1	False	C22.B000827.3_38_F.1.1-1-1-1	one_assay_suffix	3m	1	nan	DN4 thymocyte	CL:0002420	DN4 thymocyte	facs	3_38_F	1200987.0	2245.0	female	Flowthrough	Thymus	nan	4	5
C22-B003291-3_39_F-1-1			3	C22.B003291.3_39_F.1.1-1-1	3_39_F	Thymus	False	1	False	C22.B003291.3_39_F.1.1-1-1-1	one_assay_suffix	3m	1	nan	thymocyte	CL:0002420	DN to DP transition (most are Cd8+/ Cd4+, some undergoing VDJ recombination)	facs	3_39_F	3334390.0	1528.0	female	Flowthrough	Thymus	nan	21	23
C22-MAA000607-3_9_M-1-1			3	C22.MAA000607.3_9_M.1.1-1-1	3_9_M	Thymus	False	1	False	C22.MAA000607.3_9_M.1.1-1-1-1	one_assay_suffix	3m	1	nan	thymocyte	CL:0002420	proliferating thymocyte; DN to DP transition, dividing (some are Cd8+/ Cd4+, some undergoing VDJ recombination)	facs	3_9_M	577076.0	3478.0	male	nan	Thymus	nan	21	23
C22-MAA000609-3_8_M-1-1			3	C22.MAA000609.3_8_M.1.1-1-1	3_8_M	Thymus	False	1	False	C22.MAA000609.3_8_M.1.1-1-1-1	one_assay_suffix	3m	1	nan	thymocyte	CL:0002420	DN to DP transition (most are Cd8+/ Cd4+, some undergoing VDJ recombination)	facs	3_8_M	291686.0	2059.0	male	nan	Thymus	nan	21	23
C22-MAA000880-3_11_M-1-1			3	C22.MAA000880.3_11_M.1.1-1-1	3_11_M	Thymus	False	1	False	C22.MAA000880.3_11_M.1.1-1-1-1	one_assay_suffix	3m	1	nan	thymocyte	CL:0002420	DN to DP transition (most are Cd8+/ Cd4+, some undergoing VDJ recombination)	facs	3_11_M	731523.0	1543.0	male	nan	Thymus	nan	21	23
C22-MAA001865-3_38_F-1-1			3	C22.MAA001865.3_38_F.1.1-1-1	3_38_F	Trachea	False	1	False	C22.MAA001865.3_38_F.1.1-1-1-1	one_assay_suffix	3m	1	nan	T cell	CL:0000081	nan	facs	3_38_F	849274.0	5545.0	female	nan	Trachea	nan	21	23
C3-B000827-3_38_F-1-1			3	C3.B000827.3_38_F.1.1-1-1	3_38_F	Thymus	False	1	False	C3.B000827.3_38_F.1.1-1-1-1	one_assay_suffix	3m	1	nan	DN4 thymocyte	CL:0002420	DN4 thymocyte	facs	3_38_F	938324.0	2024.0	female	Flowthrough	Thymus	nan	6	5
C3-B000971-3_39_F-1-1			3	C3.B000971.3_39_F.1.1-1-1	3_39_F	Spleen	False	1	False	C3.B000971.3_39_F.1.1-1-1-1	one_assay_suffix	3m	1	nan	CD4-positive, alpha-beta T cell	CL:0000084	Cd3e T cell	facs	3_39_F	1529176.0	2211.0	female	nan	Spleen	nan	4	21
C3-B003291-3_39_F-1-1			3	C3.B003291.3_39_F.1.1-1-1	3_39_F	Thymus	False	1	False	C3.B003291.3_39_F.1.1-1-1-1	one_assay_suffix	3m	1	nan	DN4 thymocyte	CL:0002420	DN4 thymocyte	facs	3_39_F	688998.0	1736.0	female	Flowthrough	Thymus	nan	6	5
C3-MAA000607-3_9_M-1-1			3	C3.MAA000607.3_9_M.1.1-1-1	3_9_M	Thymus	False	1	False	C3.MAA000607.3_9_M.1.1-1-1-1	one_assay_suffix	3m	1	nan	thymocyte	CL:0002420	proliferating thymocyte; DN to DP transition, dividing (some are Cd8+/ Cd4+, some undergoing VDJ recombination)	facs	3_9_M	969400.0	5355.0	male	nan	Thymus	nan	21	23
C3-MAA001889-3_38_F-1-1			3	C3.MAA001889.3_38_F.1.1-1-1	3_38_F	Lung	False	1	False	C3.MAA001889.3_38_F.1.1-1-1-1	one_assay_suffix	3m	1	nan	CD4-positive, alpha-beta T cell	CL:0000084	CD4+ T	facs	3_38_F	1237366.0	1446.0	female	EPCAM	Lung	nan	4	5
C4-B000827-3_38_F-1-1			3	C4.B000827.3_38_F.1.1-1-1	3_38_F	Thymus	False	1	False	C4.B000827.3_38_F.1.1-1-1-1	one_assay_suffix	3m	1	nan	DN4 thymocyte	CL:0002420	DN4 thymocyte	facs	3_38_F	1106582.0	2468.0	female	Flowthrough	Thymus	nan	6	5
C4-B003291-3_39_F-1-1			3	C4.B003291.3_39_F.1.1-1-1	3_39_F	Thymus	False	1	False	C4.B003291.3_39_F.1.1-1-1-1	one_assay_suffix	3m	1	nan	thymocyte	CL:0002420	DN to DP transition (most are Cd8+/ Cd4+, some undergoing VDJ recombination)	facs	3_39_F	664934.0	1309.0	female	Flowthrough	Thymus	nan	21	23
C5-B000827-3_38_F-1-1			3	C5.B000827.3_38_F.1.1-1-1	3_38_F	Thymus	False	1	False	C5.B000827.3_38_F.1.1-1-1-1	one_assay_suffix	3m	1	nan	DN4 thymocyte	nan	DN4 thymocyte	facs	3_38_F	10615.0	1460.0	female	Flowthrough	Thymus	nan	6	5
C5-B000971-3_39_F-1-1			3	C5.B000971.3_39_F.1.1-1-1	3_39_F	Spleen	False	1	False	C5.B000971.3_39_F.1.1-1-1-1	one_assay_suffix	3m	1	nan	CD4-positive, alpha-beta T cell	CL:0000084	Cd3e T cell	facs	3_39_F	835764.0	1618.0	female	nan	Spleen	nan	6	5
C5-B001750-3_38_F-1-1			3	C5.B001750.3_38_F.1.1-1-1	3_38_F	Spleen	False	1	False	C5.B001750.3_38_F.1.1-1-1-1	one_assay_suffix	3m	1	nan	CD4-positive, alpha-beta T cell	CL:0000084	Cd3e T cell	facs	3_38_F	484889.0	2149.0	female	nan	Spleen	nan	4	21
C5-B003291-3_39_F-1-1			3	C5.B003291.3_39_F.1.1-1-1	3_39_F	Thymus	False	1	False	C5.B003291.3_39_F.1.1-1-1-1	one_assay_suffix	3m	1	nan	thymocyte	CL:0002420	DN to DP transition (most are Cd8+/ Cd4+, some undergoing VDJ recombination)	facs	3_39_F	998926.0	1549.0	female	Flowthrough	Thymus	nan	21	23
C5-MAA000386-3_11_M-1-1	1.0	2.0	3	C5.MAA000386.3_11_M.1.1-1-1	3_11_M	SCAT	True	2	True	C5.MAA000386.3_11_M.1.1-1-1-1	one_assay_suffix	3m	1	nan	CD8-positive, alpha-beta T cell	CL:0000084	nan	facs	3_11_M	372399.0	1983.0	male	Fat	SCAT	nan	4	9
C5-MAA000607-3_9_M-1-1			3	C5.MAA000607.3_9_M.1.1-1-1	3_9_M	Thymus	False	1	False	C5.MAA000607.3_9_M.1.1-1-1-1	one_assay_suffix	3m	1	nan	DN4 thymocyte	CL:0002420	DN4 thymocyte	facs	3_9_M	296653.0	2225.0	male	nan	Thymus	nan	6	5
C5-MAA000779-3_11_M-1-1			3	C5.MAA000779.3_11_M.1.1-1-1	3_11_M	Spleen	False	1	False	C5.MAA000779.3_11_M.1.1-1-1-1	one_assay_suffix	3m	1	nan	CD4-positive, alpha-beta T cell	CL:0000084	Cd3e T cell	facs	3_11_M	222618.0	1245.0	male	nan	Spleen	nan	6	5
C5-MAA000907-3_11_M-1-1			3	C5.MAA000907.3_11_M.1.1-1-1	3_11_M	Liver	False	1	False	C5.MAA000907.3_11_M.1.1-1-1-1	one_assay_suffix	3m	1	nan	mature NK T cell	CL:0000623	nan	facs	3_11_M	695760.0	2893.0	male	Non-hepatocytes	Liver	nan	4	9
C5-MAA001889-3_38_F-1-1			3	C5.MAA001889.3_38_F.1.1-1-1	3_38_F	Lung	False	1	False	C5.MAA001889.3_38_F.1.1-1-1-1	one_assay_suffix	3m	1	nan	CD4-positive, alpha-beta T cell	CL:0000084	CD4+ T	facs	3_38_F	1929829.0	1904.0	female	EPCAM	Lung	nan	4	9
C6-B002431-3_39_F-1-1			3	C6.B002431.3_39_F.1.1-1-1	3_39_F	Aorta	False	1	False		unmatched																
C6-B003291-3_39_F-1-1			3	C6.B003291.3_39_F.1.1-1-1	3_39_F	Thymus	False	1	False	C6.B003291.3_39_F.1.1-1-1-1	one_assay_suffix	3m	1	nan	DN4 thymocyte	CL:0002420	DN4 thymocyte	facs	3_39_F	1729979.0	2196.0	female	Flowthrough	Thymus	nan	6	5
C6-MAA000607-3_9_M-1-1			3	C6.MAA000607.3_9_M.1.1-1-1	3_9_M	Thymus	False	1	False	C6.MAA000607.3_9_M.1.1-1-1-1	one_assay_suffix	3m	1	nan	DN4 thymocyte	CL:0002420	DN4 thymocyte	facs	3_9_M	257262.0	2257.0	male	nan	Thymus	nan	6	5
C6-MAA000609-3_8_M-1-1			3	C6.MAA000609.3_8_M.1.1-1-1	3_8_M	Thymus	False	1	False	C6.MAA000609.3_8_M.1.1-1-1-1	one_assay_suffix	3m	1	nan	thymocyte	CL:0002420	DN to DP transition (most are Cd8+/ Cd4+, some undergoing VDJ recombination)	facs	3_8_M	294511.0	1855.0	male	nan	Thymus	nan	21	23
C6-MAA001888-3_39_F-1-1			3	C6.MAA001888.3_39_F.1.1-1-1	3_39_F	Marrow	False	1	False	C6.MAA001888.3_39_F.1.1-1-1-1	one_assay_suffix	3m	1	nan	promonocyte	CL:0000576	monocyte + promonocyte	facs	3_39_F	1164651.0	6214.0	female	T-cells	Marrow	nan	2	17
C7-B003291-3_39_F-1-1			3	C7.B003291.3_39_F.1.1-1-1	3_39_F	Thymus	False	1	False	C7.B003291.3_39_F.1.1-1-1-1	one_assay_suffix	3m	1	nan	thymocyte	CL:0002420	DN to DP transition (most are Cd8+/ Cd4+, some undergoing VDJ recombination)	facs	3_39_F	1085585.0	1682.0	female	Flowthrough	Thymus	nan	21	23
C7-D043526-3_39_F-1-1			3	C7.D043526.3_39_F.1.1-1-1	3_39_F	SCAT	False	1	False	C7.D043526.3_39_F.1.1-1-1-1	one_assay_suffix	3m	1	nan	T cell	CL:0000084	nan	facs	3_39_F	786127.0	1391.0	female	Fat	SCAT	nan	6	5
C7-MAA000556-3_9_M-1-1			3	C7.MAA000556.3_9_M.1.1-1-1	3_9_M	BAT	False	1	False	C7.MAA000556.3_9_M.1.1-1-1-1	one_assay_suffix	3m	1	nan	T cell	CL:0000084	nan	facs	3_9_M	81297.0	1467.0	male	Fat	BAT	nan	6	5
C7-MAA000607-3_9_M-1-1			3	C7.MAA000607.3_9_M.1.1-1-1	3_9_M	Thymus	False	1	False	C7.MAA000607.3_9_M.1.1-1-1-1	one_assay_suffix	3m	1	nan	thymocyte	CL:0002420	DN to DP transition (most are Cd8+/ Cd4+, some undergoing VDJ recombination)	facs	3_9_M	252041.0	2066.0	male	nan	Thymus	nan	21	23
C7-MAA000609-3_8_M-1-1			3	C7.MAA000609.3_8_M.1.1-1-1	3_8_M	Thymus	False	1	False	C7.MAA000609.3_8_M.1.1-1-1-1	one_assay_suffix	3m	1	nan	thymocyte	CL:0002420	DN to DP transition (most are Cd8+/ Cd4+, some undergoing VDJ recombination)	facs	3_8_M	803362.0	1780.0	male	nan	Thymus	nan	21	23
C8-B003291-3_39_F-1-1			3	C8.B003291.3_39_F.1.1-1-1	3_39_F	Thymus	False	1	False	C8.B003291.3_39_F.1.1-1-1-1	one_assay_suffix	3m	1	nan	thymocyte	CL:0002420	DN to DP transition (most are Cd8+/ Cd4+, some undergoing VDJ recombination)	facs	3_39_F	787143.0	1399.0	female	Flowthrough	Thymus	nan	21	23
C8-MAA000442-3_11_M-1-1			3	C8.MAA000442.3_11_M.1.1-1-1	3_11_M	BAT	False	1	False	C8.MAA000442.3_11_M.1.1-1-1-1	one_assay_suffix	3m	1	nan	T cell	nan	nan	facs	3_11_M	49377.0	1460.0	male	Fat	BAT	nan	6	5
C8-MAA000607-3_9_M-1-1			3	C8.MAA000607.3_9_M.1.1-1-1	3_9_M	Thymus	False	1	False	C8.MAA000607.3_9_M.1.1-1-1-1	one_assay_suffix	3m	1	nan	thymocyte	CL:0002420	DN to DP transition (most are Cd8+/ Cd4+, some undergoing VDJ recombination)	facs	3_9_M	153670.0	1559.0	male	nan	Thymus	nan	21	23
C8-MAA000609-3_8_M-1-1			3	C8.MAA000609.3_8_M.1.1-1-1	3_8_M	Thymus	False	1	False	C8.MAA000609.3_8_M.1.1-1-1-1	one_assay_suffix	3m	1	nan	DN4 thymocyte	CL:0002420	DN4 thymocyte	facs	3_8_M	337698.0	1703.0	male	nan	Thymus	nan	6	5
C8-MAA000779-3_11_M-1-1			3	C8.MAA000779.3_11_M.1.1-1-1	3_11_M	Spleen	False	1	False	C8.MAA000779.3_11_M.1.1-1-1-1	one_assay_suffix	3m	1	nan	CD4-positive, alpha-beta T cell	CL:0000084	Cd3e T cell	facs	3_11_M	332041.0	1506.0	male	nan	Spleen	nan	6	5
C8-MAA000844-3_10_M-1-1			3	C8.MAA000844.3_10_M.1.1-1-1	3_10_M	Marrow	False	1	False	C8.MAA000844.3_10_M.1.1-1-1-1	one_assay_suffix	3m	1	nan	NK cell	CL:0000094	Klrb1a/b/c(-) NK cell	facs	3_10_M	1037767.0	3515.0	male	T-cells	Marrow	nan	11	8
C8-MAA000880-3_11_M-1-1			3	C8.MAA000880.3_11_M.1.1-1-1	3_11_M	Thymus	False	1	False	C8.MAA000880.3_11_M.1.1-1-1-1	one_assay_suffix	3m	1	nan	DN4 thymocyte	CL:0002420	DN4 thymocyte	facs	3_11_M	603359.0	1504.0	male	nan	Thymus	nan	6	5
C9-B000971-3_39_F-1-1			3	C9.B000971.3_39_F.1.1-1-1	3_39_F	Spleen	False	1	False	C9.B000971.3_39_F.1.1-1-1-1	one_assay_suffix	3m	1	nan	CD8-positive, alpha-beta T cell	CL:0000084	Cd3e T cell	facs	3_39_F	845070.0	2229.0	female	nan	Spleen	nan	4	5
C9-B001750-3_38_F-1-1			3	C9.B001750.3_38_F.1.1-1-1	3_38_F	Spleen	False	1	False	C9.B001750.3_38_F.1.1-1-1-1	one_assay_suffix	3m	1	nan	CD8-positive, alpha-beta T cell	CL:0000084	Cd3e T cell	facs	3_38_F	939438.0	2165.0	female	nan	Spleen	nan	6	5
C9-B003291-3_39_F-1-1			3	C9.B003291.3_39_F.1.1-1-1	3_39_F	Thymus	False	1	False	C9.B003291.3_39_F.1.1-1-1-1	one_assay_suffix	3m	1	nan	thymocyte	CL:0002420	DN to DP transition (most are Cd8+/ Cd4+, some undergoing VDJ recombination)	facs	3_39_F	766759.0	1283.0	female	Flowthrough	Thymus	nan	21	23
C9-MAA000607-3_9_M-1-1			3	C9.MAA000607.3_9_M.1.1-1-1	3_9_M	Thymus	False	1	False	C9.MAA000607.3_9_M.1.1-1-1-1	one_assay_suffix	3m	1	nan	thymocyte	CL:0002420	DN to DP transition (most are Cd8+/ Cd4+, some undergoing VDJ recombination)	facs	3_9_M	162874.0	1517.0	male	nan	Thymus	nan	21	23
C9-MAA000877-3_11_M-1-1			3	C9.MAA000877.3_11_M.1.1-1-1	3_11_M	MAT	False	1	False	C9.MAA000877.3_11_M.1.1-1-1-1	one_assay_suffix	3m	1	nan	CD4-positive, alpha-beta T cell	CL:0000084	nan	facs	3_11_M	517705.0	2039.0	male	Fat	MAT	nan	4	21
C9-MAA000914-3_9_M-1-1			3	C9.MAA000914.3_9_M.1.1-1-1	3_9_M	MAT	False	1	False	C9.MAA000914.3_9_M.1.1-1-1-1	one_assay_suffix	3m	1	nan	CD4-positive, alpha-beta T cell	CL:0000084	nan	facs	3_9_M	565969.0	2308.0	male	Fat	MAT	nan	4	48
C9-MAA000934-3_9_M-1-1			3	C9.MAA000934.3_9_M.1.1-1-1	3_9_M	SCAT	False	1	False	C9.MAA000934.3_9_M.1.1-1-1-1	one_assay_suffix	3m	1	nan	CD8-positive, alpha-beta T cell	CL:0000084	nan	facs	3_9_M	214524.0	1791.0	male	Fat	SCAT	nan	4	9
D1-B003284-3_39_F-1-1			3	D1.B003284.3_39_F.1.1-1-1	3_39_F	Thymus	False	1	False	D1.B003284.3_39_F.1.1-1-1-1	one_assay_suffix	3m	1	nan	thymocyte	CL:0002420	proliferating thymocyte; DN to DP transition, dividing (some are Cd8+/ Cd4+, some undergoing VDJ recombination)	facs	3_39_F	1848010.0	4170.0	female	Epithelium	Thymus	nan	21	23
D10-B003291-3_39_F-1-1			3	D10.B003291.3_39_F.1.1-1-1	3_39_F	Thymus	False	1	False	D10.B003291.3_39_F.1.1-1-1-1	one_assay_suffix	3m	1	nan	thymocyte	CL:0002420	DN to DP transition (most are Cd8+/ Cd4+, some undergoing VDJ recombination)	facs	3_39_F	1097785.0	1843.0	female	Flowthrough	Thymus	nan	21	23
D10-MAA000508-3_9_M-1-1			3	D10.MAA000508.3_9_M.1.1-1-1	3_9_M	Spleen	False	1	False	D10.MAA000508.3_9_M.1.1-1-1-1	one_assay_suffix	3m	1	nan	CD8-positive, alpha-beta T cell	CL:0000084	Cd3e T cell	facs	3_9_M	234205.0	2484.0	male	nan	Spleen	nan	6	5
D10-MAA000877-3_11_M-1-1			3	D10.MAA000877.3_11_M.1.1-1-1	3_11_M	MAT	False	1	False	D10.MAA000877.3_11_M.1.1-1-1-1	one_assay_suffix	3m	1	nan	CD4-positive, alpha-beta T cell	CL:0000084	nan	facs	3_11_M	1898871.0	4216.0	male	Fat	MAT	nan	4	21
D10-MAA000880-3_11_M-1-1			3	D10.MAA000880.3_11_M.1.1-1-1	3_11_M	Thymus	False	1	False	D10.MAA000880.3_11_M.1.1-1-1-1	one_assay_suffix	3m	1	nan	thymocyte	CL:0002420	DN to DP transition (most are Cd8+/ Cd4+, some undergoing VDJ recombination)	facs	3_11_M	951681.0	1787.0	male	nan	Thymus	nan	21	23
D11-B001960-3_56_F-1-1			3	D11.B001960.3_56_F.1.1-1-1	3_56_F	BAT	False	1	False	D11.B001960.3_56_F.1.1-1-1-1	one_assay_suffix	3m	1	nan	T cell	CL:0000084	nan	facs	3_56_F	597110.0	2065.0	female	Fat	BAT	nan	6	5
D11-B003291-3_39_F-1-1			3	D11.B003291.3_39_F.1.1-1-1	3_39_F	Thymus	False	1	False	D11.B003291.3_39_F.1.1-1-1-1	one_assay_suffix	3m	1	nan	thymocyte	CL:0002420	DN to DP transition (most are Cd8+/ Cd4+, some undergoing VDJ recombination)	facs	3_39_F	1220156.0	1823.0	female	Flowthrough	Thymus	nan	21	23
D11-MAA000607-3_9_M-1-1			3	D11.MAA000607.3_9_M.1.1-1-1	3_9_M	Thymus	False	1	False	D11.MAA000607.3_9_M.1.1-1-1-1	one_assay_suffix	3m	1	nan	thymocyte	CL:0002420	DN to DP transition (most are Cd8+/ Cd4+, some undergoing VDJ recombination)	facs	3_9_M	108150.0	1498.0	male	nan	Thymus	nan	21	23
D11-MAA000880-3_11_M-1-1			3	D11.MAA000880.3_11_M.1.1-1-1	3_11_M	Thymus	False	1	False	D11.MAA000880.3_11_M.1.1-1-1-1	one_assay_suffix	3m	1	nan	DN4 thymocyte	CL:0002420	DN4 thymocyte	facs	3_11_M	532313.0	1342.0	male	nan	Thymus	nan	6	5
D12-B000827-3_38_F-1-1			3	D12.B000827.3_38_F.1.1-1-1	3_38_F	Thymus	False	1	False	D12.B000827.3_38_F.1.1-1-1-1	one_assay_suffix	3m	1	nan	DN4 thymocyte	CL:0002420	DN4 thymocyte	facs	3_38_F	442411.0	1749.0	female	Flowthrough	Thymus	nan	6	5
D12-B003291-3_39_F-1-1			3	D12.B003291.3_39_F.1.1-1-1	3_39_F	Thymus	False	1	False	D12.B003291.3_39_F.1.1-1-1-1	one_assay_suffix	3m	1	nan	thymocyte	CL:0002420	DN to DP transition (most are Cd8+/ Cd4+, some undergoing VDJ recombination)	facs	3_39_F	1038066.0	1549.0	female	Flowthrough	Thymus	nan	21	23
D12-MAA000385-3_10_M-1-1			3	D12.MAA000385.3_10_M.1.1-1-1	3_10_M	SCAT	False	1	False	D12.MAA000385.3_10_M.1.1-1-1-1	one_assay_suffix	3m	1	nan	T cell	CL:0000084	nan	facs	3_10_M	511658.0	2895.0	male	Fat	SCAT	nan	6	5
D12-MAA000607-3_9_M-1-1			3	D12.MAA000607.3_9_M.1.1-1-1	3_9_M	Thymus	False	1	False	D12.MAA000607.3_9_M.1.1-1-1-1	one_assay_suffix	3m	1	nan	thymocyte	CL:0002420	DN to DP transition (most are Cd8+/ Cd4+, some undergoing VDJ recombination)	facs	3_9_M	103610.0	1289.0	male	nan	Thymus	nan	21	23
D12-MAA000880-3_11_M-1-1			3	D12.MAA000880.3_11_M.1.1-1-1	3_11_M	Thymus	False	1	False	D12.MAA000880.3_11_M.1.1-1-1-1	one_assay_suffix	3m	1	nan	thymocyte	CL:0002420	DN to DP transition (most are Cd8+/ Cd4+, some undergoing VDJ recombination)	facs	3_11_M	526164.0	1237.0	male	nan	Thymus	nan	21	23
D12-MAA000914-3_9_M-1-1			3	D12.MAA000914.3_9_M.1.1-1-1	3_9_M	MAT	False	1	False	D12.MAA000914.3_9_M.1.1-1-1-1	one_assay_suffix	3m	1	nan	CD4-positive, alpha-beta T cell	CL:0000084	nan	facs	3_9_M	496311.0	1739.0	male	Fat	MAT	nan	4	5
D13-B000827-3_38_F-1-1			3	D13.B000827.3_38_F.1.1-1-1	3_38_F	Thymus	False	1	False	D13.B000827.3_38_F.1.1-1-1-1	one_assay_suffix	3m	1	nan	DN4 thymocyte	CL:0002420	DN4 thymocyte	facs	3_38_F	496118.0	1805.0	female	Flowthrough	Thymus	nan	6	5
D13-B003291-3_39_F-1-1			3	D13.B003291.3_39_F.1.1-1-1	3_39_F	Thymus	False	1	False	D13.B003291.3_39_F.1.1-1-1-1	one_assay_suffix	3m	1	nan	thymocyte	CL:0002420	DN to DP transition (most are Cd8+/ Cd4+, some undergoing VDJ recombination)	facs	3_39_F	904599.0	1518.0	female	Flowthrough	Thymus	nan	21	23
D13-MAA000607-3_9_M-1-1			3	D13.MAA000607.3_9_M.1.1-1-1	3_9_M	Thymus	False	1	False	D13.MAA000607.3_9_M.1.1-1-1-1	one_assay_suffix	3m	1	nan	thymocyte	CL:0002420	DN to DP transition (most are Cd8+/ Cd4+, some undergoing VDJ recombination)	facs	3_9_M	229530.0	1812.0	male	nan	Thymus	nan	21	23
D13-MAA000609-3_8_M-1-1			3	D13.MAA000609.3_8_M.1.1-1-1	3_8_M	Thymus	False	1	False	D13.MAA000609.3_8_M.1.1-1-1-1	one_assay_suffix	3m	1	nan	thymocyte	CL:0002420	proliferating thymocyte; DN to DP transition, dividing (some are Cd8+/ Cd4+, some undergoing VDJ recombination)	facs	3_8_M	298508.0	2879.0	male	nan	Thymus	nan	21	23
D13-MAA000880-3_11_M-1-1			3	D13.MAA000880.3_11_M.1.1-1-1	3_11_M	Thymus	False	1	False	D13.MAA000880.3_11_M.1.1-1-1-1	one_assay_suffix	3m	1	nan	thymocyte	CL:0002420	DN to DP transition (most are Cd8+/ Cd4+, some undergoing VDJ recombination)	facs	3_11_M	730763.0	1737.0	male	nan	Thymus	nan	21	23
D13-MAA000913-3_9_M-1-1	37.0	2.0	3	D13.MAA000913.3_9_M.1.1-1-1	3_9_M	GAT	True	1	False	D13.MAA000913.3_9_M.1.1-1-1-1	one_assay_suffix	3m	1	nan	endothelial cell	CL:0000115	nan	facs	3_9_M	54597.0	2519.0	male	Fat	GAT	nan	10	27
D13-MAA000934-3_9_M-1-1			3	D13.MAA000934.3_9_M.1.1-1-1	3_9_M	SCAT	False	1	False	D13.MAA000934.3_9_M.1.1-1-1-1	one_assay_suffix	3m	1	nan	T cell	CL:0000084	nan	facs	3_9_M	98303.0	1546.0	male	Fat	SCAT	nan	6	5
D14-B000827-3_38_F-1-1			3	D14.B000827.3_38_F.1.1-1-1	3_38_F	Thymus	False	1	False	D14.B000827.3_38_F.1.1-1-1-1	one_assay_suffix	3m	1	nan	DN4 thymocyte	CL:0002420	DN4 thymocyte	facs	3_38_F	663150.0	1917.0	female	Flowthrough	Thymus	nan	6	5
D14-B002955-3_56_F-1-1			3	D14.B002955.3_56_F.1.1-1-1	3_56_F	GAT	False	1	False	D14.B002955.3_56_F.1.1-1-1-1	one_assay_suffix	3m	1	nan	CD8-positive, alpha-beta T cell	CL:0000084	nan	facs	3_56_F	798711.0	1929.0	female	Fat	GAT	nan	4	9
D14-B003291-3_39_F-1-1			3	D14.B003291.3_39_F.1.1-1-1	3_39_F	Thymus	False	1	False	D14.B003291.3_39_F.1.1-1-1-1	one_assay_suffix	3m	1	nan	thymocyte	CL:0002420	DN to DP transition (most are Cd8+/ Cd4+, some undergoing VDJ recombination)	facs	3_39_F	1541939.0	1753.0	female	Flowthrough	Thymus	nan	21	23
D14-D045140-3_38_F-1-1	27.0	2.0	3	D14.D045140.3_38_F.1.1-1-1	3_38_F	Marrow	True	1	False	D14.D045140.3_38_F.1.1-1-1-1	one_assay_suffix	3m	1	nan	mature alpha-beta T cell	nan	BM CD8 + CD4 T cell	facs	3_38_F	5312.0	794.0	female	Granulocytes	Marrow	nan	21	23
D14-MAA000607-3_9_M-1-1			3	D14.MAA000607.3_9_M.1.1-1-1	3_9_M	Thymus	False	1	False	D14.MAA000607.3_9_M.1.1-1-1-1	one_assay_suffix	3m	1	nan	thymocyte	CL:0002420	DN to DP transition (most are Cd8+/ Cd4+, some undergoing VDJ recombination)	facs	3_9_M	114120.0	1380.0	male	nan	Thymus	nan	21	23
D14-MAA000877-3_11_M-1-1			3	D14.MAA000877.3_11_M.1.1-1-1	3_11_M	MAT	False	1	False	D14.MAA000877.3_11_M.1.1-1-1-1	one_assay_suffix	3m	1	nan	CD4-positive, alpha-beta T cell	CL:0000084	nan	facs	3_11_M	512836.0	1503.0	male	Fat	MAT	nan	6	5
D14-MAA000880-3_11_M-1-1			3	D14.MAA000880.3_11_M.1.1-1-1	3_11_M	Thymus	False	1	False	D14.MAA000880.3_11_M.1.1-1-1-1	one_assay_suffix	3m	1	nan	DN4 thymocyte	CL:0002420	DN4 thymocyte	facs	3_11_M	618217.0	1164.0	male	nan	Thymus	nan	6	5
D15-B000827-3_38_F-1-1			3	D15.B000827.3_38_F.1.1-1-1	3_38_F	Thymus	False	1	False	D15.B000827.3_38_F.1.1-1-1-1	one_assay_suffix	3m	1	nan	DN4 thymocyte	CL:0002420	DN4 thymocyte	facs	3_38_F	359275.0	1555.0	female	Flowthrough	Thymus	nan	6	5
D15-B002314-3_56_F-1-1			3	D15.B002314.3_56_F.1.1-1-1	3_56_F	MAT	False	1	False	D15.B002314.3_56_F.1.1-1-1-1	one_assay_suffix	3m	1	nan	CD4-positive, alpha-beta T cell	CL:0000084	nan	facs	3_56_F	803626.0	1916.0	female	Fat	MAT	nan	6	5
D15-B003291-3_39_F-1-1			3	D15.B003291.3_39_F.1.1-1-1	3_39_F	Thymus	False	1	False	D15.B003291.3_39_F.1.1-1-1-1	one_assay_suffix	3m	1	nan	thymocyte	CL:0002420	DN to DP transition (most are Cd8+/ Cd4+, some undergoing VDJ recombination)	facs	3_39_F	1298692.0	1680.0	female	Flowthrough	Thymus	nan	21	23
D15-MAA000385-3_10_M-1-1			3	D15.MAA000385.3_10_M.1.1-1-1	3_10_M	SCAT	False	1	False	D15.MAA000385.3_10_M.1.1-1-1-1	one_assay_suffix	3m	1	nan	T cell	CL:0000084	nan	facs	3_10_M	426898.0	2555.0	male	Fat	SCAT	nan	6	5
D15-MAA000607-3_9_M-1-1	17.0	2.0	3	D15.MAA000607.3_9_M.1.1-1-1	3_9_M	Thymus	True	1	False	D15.MAA000607.3_9_M.1.1-1-1-1	one_assay_suffix	3m	1	nan	thymocyte	CL:0002420	DN to DP transition (most are Cd8+/ Cd4+, some undergoing VDJ recombination)	facs	3_9_M	122319.0	1345.0	male	nan	Thymus	nan	21	23
D15-MAA000880-3_11_M-1-1			3	D15.MAA000880.3_11_M.1.1-1-1	3_11_M	Thymus	False	1	False	D15.MAA000880.3_11_M.1.1-1-1-1	one_assay_suffix	3m	1	nan	thymocyte	CL:0002420	DN to DP transition (most are Cd8+/ Cd4+, some undergoing VDJ recombination)	facs	3_11_M	671315.0	1200.0	male	nan	Thymus	nan	6	5
D15-MAA000934-3_9_M-1-1			3	D15.MAA000934.3_9_M.1.1-1-1	3_9_M	SCAT	False	1	False	D15.MAA000934.3_9_M.1.1-1-1-1	one_assay_suffix	3m	1	nan	T cell	CL:0000084	nan	facs	3_9_M	366131.0	3619.0	male	Fat	SCAT	nan	4	21
D16-B000827-3_38_F-1-1			3	D16.B000827.3_38_F.1.1-1-1	3_38_F	Thymus	False	1	False	D16.B000827.3_38_F.1.1-1-1-1	one_assay_suffix	3m	1	nan	DN4 thymocyte	CL:0002420	DN4 thymocyte	facs	3_38_F	955020.0	2542.0	female	Flowthrough	Thymus	nan	6	5
D16-B002314-3_56_F-1-1			3	D16.B002314.3_56_F.1.1-1-1	3_56_F	MAT	False	1	False	D16.B002314.3_56_F.1.1-1-1-1	one_assay_suffix	3m	1	nan	CD8-positive, alpha-beta T cell	CL:0000084	nan	facs	3_56_F	563788.0	1690.0	female	Fat	MAT	nan	4	9
D16-B003291-3_39_F-1-1			3	D16.B003291.3_39_F.1.1-1-1	3_39_F	Thymus	False	1	False	D16.B003291.3_39_F.1.1-1-1-1	one_assay_suffix	3m	1	nan	thymocyte	CL:0002420	DN to DP transition (most are Cd8+/ Cd4+, some undergoing VDJ recombination)	facs	3_39_F	1309263.0	1496.0	female	Flowthrough	Thymus	nan	21	23
D16-MAA000607-3_9_M-1-1			3	D16.MAA000607.3_9_M.1.1-1-1	3_9_M	Thymus	False	1	False	D16.MAA000607.3_9_M.1.1-1-1-1	one_assay_suffix	3m	1	nan	thymocyte	CL:0002420	DN to DP transition (most are Cd8+/ Cd4+, some undergoing VDJ recombination)	facs	3_9_M	186733.0	1806.0	male	nan	Thymus	nan	21	23
D17-B002423-3_39_F-1-1			3	D17.B002423.3_39_F.1.1-1-1	3_39_F	Heart	False	1	False	D17.B002423.3_39_F.1.1-1-1-1	one_assay_suffix	3m	1	nan	T cell	CL:0000738	T cell	facs	3_39_F	590403.0	1446.0	female	RV	Heart	nan	4	21
D17-B003291-3_39_F-1-1			3	D17.B003291.3_39_F.1.1-1-1	3_39_F	Thymus	False	1	False	D17.B003291.3_39_F.1.1-1-1-1	one_assay_suffix	3m	1	nan	thymocyte	CL:0002420	DN to DP transition (most are Cd8+/ Cd4+, some undergoing VDJ recombination)	facs	3_39_F	1132126.0	1431.0	female	Flowthrough	Thymus	nan	21	23
D17-MAA000607-3_9_M-1-1			3	D17.MAA000607.3_9_M.1.1-1-1	3_9_M	Thymus	False	1	False	D17.MAA000607.3_9_M.1.1-1-1-1	one_assay_suffix	3m	1	nan	thymocyte	CL:0002420	DN to DP transition (most are Cd8+/ Cd4+, some undergoing VDJ recombination)	facs	3_9_M	175338.0	1702.0	male	nan	Thymus	nan	21	23
D17-MAA000880-3_11_M-1-1			3	D17.MAA000880.3_11_M.1.1-1-1	3_11_M	Thymus	False	1	False	D17.MAA000880.3_11_M.1.1-1-1-1	one_assay_suffix	3m	1	nan	thymocyte	CL:0002420	DN to DP transition (most are Cd8+/ Cd4+, some undergoing VDJ recombination)	facs	3_11_M	674246.0	1170.0	male	nan	Thymus	nan	21	23
D18-B003291-3_39_F-1-1			3	D18.B003291.3_39_F.1.1-1-1	3_39_F	Thymus	False	1	False	D18.B003291.3_39_F.1.1-1-1-1	one_assay_suffix	3m	1	nan	thymocyte	CL:0002420	DN to DP transition (most are Cd8+/ Cd4+, some undergoing VDJ recombination)	facs	3_39_F	2384658.0	1537.0	female	Flowthrough	Thymus	nan	6	23
D18-MAA000508-3_9_M-1-1			3	D18.MAA000508.3_9_M.1.1-1-1	3_9_M	Spleen	False	1	False	D18.MAA000508.3_9_M.1.1-1-1-1	one_assay_suffix	3m	1	nan	CD4-positive, alpha-beta T cell	CL:0000084	Cd3e T cell	facs	3_9_M	161126.0	1494.0	male	nan	Spleen	nan	6	5
D18-MAA000607-3_9_M-1-1			3	D18.MAA000607.3_9_M.1.1-1-1	3_9_M	Thymus	False	1	False	D18.MAA000607.3_9_M.1.1-1-1-1	one_assay_suffix	3m	1	nan	thymocyte	CL:0002420	DN to DP transition (most are Cd8+/ Cd4+, some undergoing VDJ recombination)	facs	3_9_M	141370.0	1457.0	male	nan	Thymus	nan	6	23
D18-MAA000880-3_11_M-1-1			3	D18.MAA000880.3_11_M.1.1-1-1	3_11_M	Thymus	False	1	False	D18.MAA000880.3_11_M.1.1-1-1-1	one_assay_suffix	3m	1	nan	DN4 thymocyte	CL:0002420	DN4 thymocyte	facs	3_11_M	463199.0	1155.0	male	nan	Thymus	nan	6	5
D19-B000827-3_38_F-1-1			3	D19.B000827.3_38_F.1.1-1-1	3_38_F	Thymus	False	1	False	D19.B000827.3_38_F.1.1-1-1-1	one_assay_suffix	3m	1	nan	DN4 thymocyte	CL:0002420	DN4 thymocyte	facs	3_38_F	1462666.0	3087.0	female	Flowthrough	Thymus	nan	6	5
D19-B003291-3_39_F-1-1			3	D19.B003291.3_39_F.1.1-1-1	3_39_F	Thymus	False	1	False	D19.B003291.3_39_F.1.1-1-1-1	one_assay_suffix	3m	1	nan	thymocyte	CL:0002420	DN to DP transition (most are Cd8+/ Cd4+, some undergoing VDJ recombination)	facs	3_39_F	1985380.0	1376.0	female	Flowthrough	Thymus	nan	21	23
D19-MAA000607-3_9_M-1-1			3	D19.MAA000607.3_9_M.1.1-1-1	3_9_M	Thymus	False	1	False	D19.MAA000607.3_9_M.1.1-1-1-1	one_assay_suffix	3m	1	nan	thymocyte	CL:0002420	DN to DP transition (most are Cd8+/ Cd4+, some undergoing VDJ recombination)	facs	3_9_M	134902.0	1237.0	male	nan	Thymus	nan	21	23
D19-MAA000880-3_11_M-1-1			3	D19.MAA000880.3_11_M.1.1-1-1	3_11_M	Thymus	False	1	False	D19.MAA000880.3_11_M.1.1-1-1-1	one_assay_suffix	3m	1	nan	DN4 thymocyte	CL:0002420	DN4 thymocyte	facs	3_11_M	454072.0	1014.0	male	nan	Thymus	nan	6	5
D2-B000827-3_38_F-1-1			3	D2.B000827.3_38_F.1.1-1-1	3_38_F	Thymus	False	1	False	D2.B000827.3_38_F.1.1-1-1-1	one_assay_suffix	3m	1	nan	DN4 thymocyte	CL:0002420	DN4 thymocyte	facs	3_38_F	964580.0	2770.0	female	Flowthrough	Thymus	nan	4	21
D2-B000971-3_39_F-1-1			3	D2.B000971.3_39_F.1.1-1-1	3_39_F	Spleen	False	1	False	D2.B000971.3_39_F.1.1-1-1-1	one_assay_suffix	3m	1	nan	CD8-positive, alpha-beta T cell	CL:0000084	Cd3e T cell	facs	3_39_F	1030885.0	1691.0	female	nan	Spleen	nan	6	5
D2-B003291-3_39_F-1-1			3	D2.B003291.3_39_F.1.1-1-1	3_39_F	Thymus	False	1	False	D2.B003291.3_39_F.1.1-1-1-1	one_assay_suffix	3m	1	nan	thymocyte	CL:0002420	DN to DP transition (most are Cd8+/ Cd4+, some undergoing VDJ recombination)	facs	3_39_F	2174427.0	1992.0	female	Flowthrough	Thymus	nan	21	23
D2-MAA000508-3_9_M-1-1			3	D2.MAA000508.3_9_M.1.1-1-1	3_9_M	Spleen	False	1	False	D2.MAA000508.3_9_M.1.1-1-1-1	one_assay_suffix	3m	1	nan	CD8-positive, alpha-beta T cell	CL:0000084	Cd3e T cell	facs	3_9_M	323645.0	1936.0	male	nan	Spleen	nan	6	5
D2-MAA000609-3_8_M-1-1			3	D2.MAA000609.3_8_M.1.1-1-1	3_8_M	Thymus	False	1	False	D2.MAA000609.3_8_M.1.1-1-1-1	one_assay_suffix	3m	1	nan	thymocyte	CL:0002420	proliferating thymocyte; DN to DP transition, dividing (some are Cd8+/ Cd4+, some undergoing VDJ recombination)	facs	3_8_M	2704439.0	4647.0	male	nan	Thymus	nan	21	23
D20-B002423-3_39_F-1-1			3	D20.B002423.3_39_F.1.1-1-1	3_39_F	Heart	False	1	False	D20.B002423.3_39_F.1.1-1-1-1	one_assay_suffix	3m	1	nan	T cell	CL:0000738	T cell	facs	3_39_F	402336.0	1576.0	female	RV	Heart	nan	6	5
D20-B003275-3_38_F-1-1			3	D20.B003275.3_38_F.1.1-1-1	3_38_F	Brain_Non-Myeloid	False	1	False	D20.B003275.3_38_F.1.1-1-1-1	one_assay_suffix	3m	1	nan	CD8-positive, alpha-beta T cell	CL:0000128	nan	facs	3_38_F	918371.0	2310.0	female	Hippocampus	Brain_Non-Myeloid	nan	4	9
D20-B003291-3_39_F-1-1			3	D20.B003291.3_39_F.1.1-1-1	3_39_F	Thymus	False	1	False	D20.B003291.3_39_F.1.1-1-1-1	one_assay_suffix	3m	1	nan	thymocyte	CL:0002420	DN to DP transition (most are Cd8+/ Cd4+, some undergoing VDJ recombination)	facs	3_39_F	1998737.0	1214.0	female	Flowthrough	Thymus	nan	21	23
D20-MAA000508-3_9_M-1-1			3	D20.MAA000508.3_9_M.1.1-1-1	3_9_M	Spleen	False	1	False	D20.MAA000508.3_9_M.1.1-1-1-1	one_assay_suffix	3m	1	nan	CD8-positive, alpha-beta T cell	CL:0000084	Cd3e T cell	facs	3_9_M	160432.0	2040.0	male	nan	Spleen	nan	6	5
D20-MAA000607-3_9_M-1-1			3	D20.MAA000607.3_9_M.1.1-1-1	3_9_M	Thymus	False	1	False	D20.MAA000607.3_9_M.1.1-1-1-1	one_assay_suffix	3m	1	nan	thymocyte	CL:0002420	DN to DP transition (most are Cd8+/ Cd4+, some undergoing VDJ recombination)	facs	3_9_M	159795.0	1494.0	male	nan	Thymus	nan	21	23
D20-MAA001865-3_38_F-1-1			3	D20.MAA001865.3_38_F.1.1-1-1	3_38_F	Trachea	False	1	False	D20.MAA001865.3_38_F.1.1-1-1-1	one_assay_suffix	3m	1	nan	T cell	CL:0000081	nan	facs	3_38_F	295418.0	2431.0	female	nan	Trachea	nan	4	5
D21-B001750-3_38_F-1-1			3	D21.B001750.3_38_F.1.1-1-1	3_38_F	Spleen	False	1	False	D21.B001750.3_38_F.1.1-1-1-1	one_assay_suffix	3m	1	nan	CD8-positive, alpha-beta T cell	CL:0000084	Cd3e T cell	facs	3_38_F	1033448.0	2225.0	female	nan	Spleen	nan	6	5
D21-B003291-3_39_F-1-1			3	D21.B003291.3_39_F.1.1-1-1	3_39_F	Thymus	False	1	False	D21.B003291.3_39_F.1.1-1-1-1	one_assay_suffix	3m	1	nan	thymocyte	CL:0002420	DN to DP transition (most are Cd8+/ Cd4+, some undergoing VDJ recombination)	facs	3_39_F	2602153.0	1266.0	female	Flowthrough	Thymus	nan	21	23
D21-MAA000526-3_9_M-1-1			3	D21.MAA000526.3_9_M.1.1-1-1	3_9_M	Lung	False	1	False		unmatched																
D22-B003291-3_39_F-1-1			3	D22.B003291.3_39_F.1.1-1-1	3_39_F	Thymus	False	1	False	D22.B003291.3_39_F.1.1-1-1-1	one_assay_suffix	3m	1	nan	thymocyte	CL:0002420	DN to DP transition (most are Cd8+/ Cd4+, some undergoing VDJ recombination)	facs	3_39_F	2502710.0	1210.0	female	Flowthrough	Thymus	nan	21	23
D22-MAA000607-3_9_M-1-1			3	D22.MAA000607.3_9_M.1.1-1-1	3_9_M	Thymus	False	1	False	D22.MAA000607.3_9_M.1.1-1-1-1	one_assay_suffix	3m	1	nan	thymocyte	CL:0002420	DN to DP transition (most are Cd8+/ Cd4+, some undergoing VDJ recombination)	facs	3_9_M	127392.0	1431.0	male	nan	Thymus	nan	21	23
D22-MAA000880-3_11_M-1-1			3	D22.MAA000880.3_11_M.1.1-1-1	3_11_M	Thymus	False	1	False	D22.MAA000880.3_11_M.1.1-1-1-1	one_assay_suffix	3m	1	nan	DN4 thymocyte	CL:0002420	DN4 thymocyte	facs	3_11_M	625690.0	1065.0	male	nan	Thymus	nan	6	5
D3-B000827-3_38_F-1-1			3	D3.B000827.3_38_F.1.1-1-1	3_38_F	Thymus	False	1	False	D3.B000827.3_38_F.1.1-1-1-1	one_assay_suffix	3m	1	nan	DN4 thymocyte	CL:0002420	DN4 thymocyte	facs	3_38_F	794388.0	2150.0	female	Flowthrough	Thymus	nan	6	5
D3-B003291-3_39_F-1-1			3	D3.B003291.3_39_F.1.1-1-1	3_39_F	Thymus	False	1	False	D3.B003291.3_39_F.1.1-1-1-1	one_assay_suffix	3m	1	nan	thymocyte	CL:0002420	DN to DP transition (most are Cd8+/ Cd4+, some undergoing VDJ recombination)	facs	3_39_F	889994.0	1322.0	female	Flowthrough	Thymus	nan	21	23
D3-MAA000607-3_9_M-1-1			3	D3.MAA000607.3_9_M.1.1-1-1	3_9_M	Thymus	False	1	False	D3.MAA000607.3_9_M.1.1-1-1-1	one_assay_suffix	3m	1	nan	DN4 thymocyte	CL:0002420	DN4 thymocyte	facs	3_9_M	466253.0	2734.0	male	nan	Thymus	nan	6	5
D4-B000827-3_38_F-1-1			3	D4.B000827.3_38_F.1.1-1-1	3_38_F	Thymus	False	1	False	D4.B000827.3_38_F.1.1-1-1-1	one_assay_suffix	3m	1	nan	DN4 thymocyte	CL:0002420	DN4 thymocyte	facs	3_38_F	504642.0	1729.0	female	Flowthrough	Thymus	nan	4	5
D4-B001750-3_38_F-1-1			3	D4.B001750.3_38_F.1.1-1-1	3_38_F	Spleen	False	1	False	D4.B001750.3_38_F.1.1-1-1-1	one_assay_suffix	3m	1	nan	CD8-positive, alpha-beta T cell	CL:0000084	Cd3e T cell	facs	3_38_F	836691.0	2327.0	female	nan	Spleen	nan	6	5
D4-B003291-3_39_F-1-1			3	D4.B003291.3_39_F.1.1-1-1	3_39_F	Thymus	False	1	False	D4.B003291.3_39_F.1.1-1-1-1	one_assay_suffix	3m	1	nan	thymocyte	CL:0002420	DN to DP transition (most are Cd8+/ Cd4+, some undergoing VDJ recombination)	facs	3_39_F	847047.0	1440.0	female	Flowthrough	Thymus	nan	21	23
D5-B000827-3_38_F-1-1			3	D5.B000827.3_38_F.1.1-1-1	3_38_F	Thymus	False	1	False	D5.B000827.3_38_F.1.1-1-1-1	one_assay_suffix	3m	1	nan	DN4 thymocyte	CL:0002420	DN4 thymocyte	facs	3_38_F	777344.0	1905.0	female	Flowthrough	Thymus	nan	6	5
D5-B003291-3_39_F-1-1			3	D5.B003291.3_39_F.1.1-1-1	3_39_F	Thymus	False	1	False	D5.B003291.3_39_F.1.1-1-1-1	one_assay_suffix	3m	1	nan	thymocyte	CL:0002420	DN to DP transition (most are Cd8+/ Cd4+, some undergoing VDJ recombination)	facs	3_39_F	815738.0	1451.0	female	Flowthrough	Thymus	nan	21	23
D5-MAA000607-3_9_M-1-1			3	D5.MAA000607.3_9_M.1.1-1-1	3_9_M	Thymus	False	1	False	D5.MAA000607.3_9_M.1.1-1-1-1	one_assay_suffix	3m	1	nan	thymocyte	CL:0002420	DN to DP transition (most are Cd8+/ Cd4+, some undergoing VDJ recombination)	facs	3_9_M	150693.0	1434.0	male	nan	Thymus	nan	21	23
D5-MAA000779-3_11_M-1-1			3	D5.MAA000779.3_11_M.1.1-1-1	3_11_M	Spleen	False	1	False	D5.MAA000779.3_11_M.1.1-1-1-1	one_assay_suffix	3m	1	nan	CD4-positive, alpha-beta T cell	CL:0000084	Cd3e T cell	facs	3_11_M	172556.0	1159.0	male	nan	Spleen	nan	6	5
D6-B000827-3_38_F-1-1			3	D6.B000827.3_38_F.1.1-1-1	3_38_F	Thymus	False	1	False	D6.B000827.3_38_F.1.1-1-1-1	one_assay_suffix	3m	1	nan	DN4 thymocyte	CL:0002420	DN4 thymocyte	facs	3_38_F	474040.0	1771.0	female	Flowthrough	Thymus	nan	6	5
D6-B001750-3_38_F-1-1			3	D6.B001750.3_38_F.1.1-1-1	3_38_F	Spleen	False	1	False	D6.B001750.3_38_F.1.1-1-1-1	one_assay_suffix	3m	1	nan	CD8-positive, alpha-beta T cell	CL:0000084	Cd3e T cell	facs	3_38_F	735323.0	1957.0	female	nan	Spleen	nan	6	5
D6-B003291-3_39_F-1-1			3	D6.B003291.3_39_F.1.1-1-1	3_39_F	Thymus	False	1	False	D6.B003291.3_39_F.1.1-1-1-1	one_assay_suffix	3m	1	nan	DN4 thymocyte	CL:0002420	DN4 thymocyte	facs	3_39_F	1073977.0	2031.0	female	Flowthrough	Thymus	nan	21	23
D7-B000827-3_38_F-1-1			3	D7.B000827.3_38_F.1.1-1-1	3_38_F	Thymus	False	1	False	D7.B000827.3_38_F.1.1-1-1-1	one_assay_suffix	3m	1	nan	DN4 thymocyte	CL:0002420	DN4 thymocyte	facs	3_38_F	675361.0	2148.0	female	Flowthrough	Thymus	nan	6	5
D7-B003291-3_39_F-1-1			3	D7.B003291.3_39_F.1.1-1-1	3_39_F	Thymus	False	1	False	D7.B003291.3_39_F.1.1-1-1-1	one_assay_suffix	3m	1	nan	thymocyte	CL:0002420	DN to DP transition (most are Cd8+/ Cd4+, some undergoing VDJ recombination)	facs	3_39_F	571025.0	1290.0	female	Flowthrough	Thymus	nan	21	23
D7-MAA000508-3_9_M-1-1			3	D7.MAA000508.3_9_M.1.1-1-1	3_9_M	Spleen	False	1	False	D7.MAA000508.3_9_M.1.1-1-1-1	one_assay_suffix	3m	1	nan	CD4-positive, alpha-beta T cell	CL:0000084	Cd3e T cell	facs	3_9_M	248054.0	2176.0	male	nan	Spleen	nan	6	5
D7-MAA000607-3_9_M-1-1			3	D7.MAA000607.3_9_M.1.1-1-1	3_9_M	Thymus	False	1	False	D7.MAA000607.3_9_M.1.1-1-1-1	one_assay_suffix	3m	1	nan	thymocyte	CL:0002420	DN to DP transition (most are Cd8+/ Cd4+, some undergoing VDJ recombination)	facs	3_9_M	192398.0	1859.0	male	nan	Thymus	nan	21	23
D7-MAA000609-3_8_M-1-1			3	D7.MAA000609.3_8_M.1.1-1-1	3_8_M	Thymus	False	1	False	D7.MAA000609.3_8_M.1.1-1-1-1	one_assay_suffix	3m	1	nan	DN4 thymocyte	CL:0002420	DN4 thymocyte	facs	3_8_M	774756.0	2105.0	male	nan	Thymus	nan	6	5
D8-B001750-3_38_F-1-1			3	D8.B001750.3_38_F.1.1-1-1	3_38_F	Spleen	False	1	False	D8.B001750.3_38_F.1.1-1-1-1	one_assay_suffix	3m	1	nan	CD4-positive, alpha-beta T cell	CL:0000084	Cd3e T cell	facs	3_38_F	579883.0	2045.0	female	nan	Spleen	nan	6	5
D8-B003291-3_39_F-1-1			3	D8.B003291.3_39_F.1.1-1-1	3_39_F	Thymus	False	1	False	D8.B003291.3_39_F.1.1-1-1-1	one_assay_suffix	3m	1	nan	thymocyte	CL:0002420	DN to DP transition (most are Cd8+/ Cd4+, some undergoing VDJ recombination)	facs	3_39_F	633514.0	1380.0	female	Flowthrough	Thymus	nan	21	23
D8-MAA000607-3_9_M-1-1			3	D8.MAA000607.3_9_M.1.1-1-1	3_9_M	Thymus	False	1	False	D8.MAA000607.3_9_M.1.1-1-1-1	one_assay_suffix	3m	1	nan	thymocyte	CL:0002420	DN to DP transition (most are Cd8+/ Cd4+, some undergoing VDJ recombination)	facs	3_9_M	93626.0	1329.0	male	nan	Thymus	nan	21	23
D8-MAA000609-3_8_M-1-1			3	D8.MAA000609.3_8_M.1.1-1-1	3_8_M	Thymus	False	1	False	D8.MAA000609.3_8_M.1.1-1-1-1	one_assay_suffix	3m	1	nan	thymocyte	CL:0002420	proliferating thymocyte; DN to DP transition, dividing (some are Cd8+/ Cd4+, some undergoing VDJ recombination)	facs	3_8_M	496517.0	2658.0	male	nan	Thymus	nan	21	23
D8-MAA000880-3_11_M-1-1			3	D8.MAA000880.3_11_M.1.1-1-1	3_11_M	Thymus	False	1	False	D8.MAA000880.3_11_M.1.1-1-1-1	one_assay_suffix	3m	1	nan	DN4 thymocyte	CL:0002420	DN4 thymocyte	facs	3_11_M	872171.0	1292.0	male	nan	Thymus	nan	6	5
D8-MAA001889-3_38_F-1-1			3	D8.MAA001889.3_38_F.1.1-1-1	3_38_F	Lung	False	1	False	D8.MAA001889.3_38_F.1.1-1-1-1	one_assay_suffix	3m	1	nan	CD4-positive, alpha-beta T cell	CL:0000084	CD4+ T	facs	3_38_F	312391.0	1049.0	female	EPCAM	Lung	nan	6	5
D9-B002954-3_56_F-1-1			3	D9.B002954.3_56_F.1.1-1-1	3_56_F	SCAT	False	1	False	D9.B002954.3_56_F.1.1-1-1-1	one_assay_suffix	3m	1	nan	CD8-positive, alpha-beta T cell	CL:0000084	nan	facs	3_56_F	376713.0	1663.0	female	Fat	SCAT	nan	4	9
D9-B002955-3_56_F-1-1			3	D9.B002955.3_56_F.1.1-1-1	3_56_F	GAT	False	1	False	D9.B002955.3_56_F.1.1-1-1-1	one_assay_suffix	3m	1	nan	CD8-positive, alpha-beta T cell	CL:0000084	nan	facs	3_56_F	291701.0	1944.0	female	Fat	GAT	nan	6	5
D9-B003291-3_39_F-1-1			3	D9.B003291.3_39_F.1.1-1-1	3_39_F	Thymus	False	1	False	D9.B003291.3_39_F.1.1-1-1-1	one_assay_suffix	3m	1	nan	thymocyte	CL:0002420	DN to DP transition (most are Cd8+/ Cd4+, some undergoing VDJ recombination)	facs	3_39_F	847588.0	1670.0	female	Flowthrough	Thymus	nan	21	23
D9-MAA000607-3_9_M-1-1			3	D9.MAA000607.3_9_M.1.1-1-1	3_9_M	Thymus	False	1	False	D9.MAA000607.3_9_M.1.1-1-1-1	one_assay_suffix	3m	1	nan	thymocyte	CL:0002420	DN to DP transition (most are Cd8+/ Cd4+, some undergoing VDJ recombination)	facs	3_9_M	151099.0	1640.0	male	nan	Thymus	nan	21	23
D9-MAA000877-3_11_M-1-1			3	D9.MAA000877.3_11_M.1.1-1-1	3_11_M	MAT	False	1	False	D9.MAA000877.3_11_M.1.1-1-1-1	one_assay_suffix	3m	1	nan	CD4-positive, alpha-beta T cell	CL:0000084	nan	facs	3_11_M	747755.0	1686.0	male	Fat	MAT	nan	6	5
E1-B003291-3_39_F-1-1			3	E1.B003291.3_39_F.1.1-1-1	3_39_F	Thymus	False	1	False	E1.B003291.3_39_F.1.1-1-1-1	one_assay_suffix	3m	1	nan	thymocyte	CL:0002420	DN to DP transition (most are Cd8+/ Cd4+, some undergoing VDJ recombination)	facs	3_39_F	402084.0	1443.0	female	Flowthrough	Thymus	nan	21	23
E1-MAA000607-3_9_M-1-1			3	E1.MAA000607.3_9_M.1.1-1-1	3_9_M	Thymus	False	1	False	E1.MAA000607.3_9_M.1.1-1-1-1	one_assay_suffix	3m	1	nan	thymocyte	CL:0002420	DN to DP transition (most are Cd8+/ Cd4+, some undergoing VDJ recombination)	facs	3_9_M	252953.0	1663.0	male	nan	Thymus	nan	6	23
E10-B000827-3_38_F-1-1			3	E10.B000827.3_38_F.1.1-1-1	3_38_F	Thymus	False	1	False	E10.B000827.3_38_F.1.1-1-1-1	one_assay_suffix	3m	1	nan	DN4 thymocyte	CL:0002420	DN4 thymocyte	facs	3_38_F	404581.0	1589.0	female	Flowthrough	Thymus	nan	6	5
E10-B000971-3_39_F-1-1	46.0	2.0	3	E10.B000971.3_39_F.1.1-1-1	3_39_F	Spleen	True	1	False	E10.B000971.3_39_F.1.1-1-1-1	one_assay_suffix	3m	1	nan	CD4-positive, alpha-beta T cell	CL:0000084	Cd3e T cell	facs	3_39_F	656018.0	1598.0	female	nan	Spleen	nan	4	21
E10-B002314-3_56_F-1-1			3	E10.B002314.3_56_F.1.1-1-1	3_56_F	MAT	False	1	False	E10.B002314.3_56_F.1.1-1-1-1	one_assay_suffix	3m	1	nan	CD4-positive, alpha-beta T cell	CL:0000084	nan	facs	3_56_F	720330.0	2332.0	female	Fat	MAT	nan	6	5
E10-MAA000607-3_9_M-1-1			3	E10.MAA000607.3_9_M.1.1-1-1	3_9_M	Thymus	False	1	False	E10.MAA000607.3_9_M.1.1-1-1-1	one_assay_suffix	3m	1	nan	DN4 thymocyte	CL:0002420	DN4 thymocyte	facs	3_9_M	158119.0	1875.0	male	nan	Thymus	nan	6	5
E11-B000827-3_38_F-1-1			3	E11.B000827.3_38_F.1.1-1-1	3_38_F	Thymus	False	1	False	E11.B000827.3_38_F.1.1-1-1-1	one_assay_suffix	3m	1	nan	DN4 thymocyte	CL:0002420	DN4 thymocyte	facs	3_38_F	730560.0	2579.0	female	Flowthrough	Thymus	nan	6	5
E11-B003291-3_39_F-1-1			3	E11.B003291.3_39_F.1.1-1-1	3_39_F	Thymus	False	1	False	E11.B003291.3_39_F.1.1-1-1-1	one_assay_suffix	3m	1	nan	thymocyte	CL:0002420	DN to DP transition (most are Cd8+/ Cd4+, some undergoing VDJ recombination)	facs	3_39_F	1064856.0	1570.0	female	Flowthrough	Thymus	nan	21	23
E11-MAA000607-3_9_M-1-1			3	E11.MAA000607.3_9_M.1.1-1-1	3_9_M	Thymus	False	1	False	E11.MAA000607.3_9_M.1.1-1-1-1	one_assay_suffix	3m	1	nan	thymocyte	CL:0002420	proliferating thymocyte; DN to DP transition, dividing (some are Cd8+/ Cd4+, some undergoing VDJ recombination)	facs	3_9_M	601302.0	4204.0	male	nan	Thymus	nan	6	5
E11-MAA000877-3_11_M-1-1			3	E11.MAA000877.3_11_M.1.1-1-1	3_11_M	MAT	False	1	False	E11.MAA000877.3_11_M.1.1-1-1-1	one_assay_suffix	3m	1	nan	CD4-positive, alpha-beta T cell	CL:0000084	nan	facs	3_11_M	684453.0	1978.0	male	Fat	MAT	nan	4	21
E11-MAA000880-3_11_M-1-1			3	E11.MAA000880.3_11_M.1.1-1-1	3_11_M	Thymus	False	1	False	E11.MAA000880.3_11_M.1.1-1-1-1	one_assay_suffix	3m	1	nan	thymocyte	CL:0002420	proliferating thymocyte; DN to DP transition, dividing (some are Cd8+/ Cd4+, some undergoing VDJ recombination)	facs	3_11_M	826593.0	2254.0	male	nan	Thymus	nan	21	23
E11-MAA000914-3_9_M-1-1			3	E11.MAA000914.3_9_M.1.1-1-1	3_9_M	MAT	False	1	False	E11.MAA000914.3_9_M.1.1-1-1-1	one_assay_suffix	3m	1	nan	CD4-positive, alpha-beta T cell	CL:0000084	nan	facs	3_9_M	449714.0	2817.0	male	Fat	MAT	nan	6	5
E11-MAA000934-3_9_M-1-1			3	E11.MAA000934.3_9_M.1.1-1-1	3_9_M	SCAT	False	1	False	E11.MAA000934.3_9_M.1.1-1-1-1	one_assay_suffix	3m	1	nan	T cell	CL:0000084	nan	facs	3_9_M	101843.0	1472.0	male	Fat	SCAT	nan	4	21
E12-B000827-3_38_F-1-1			3	E12.B000827.3_38_F.1.1-1-1	3_38_F	Thymus	False	1	False	E12.B000827.3_38_F.1.1-1-1-1	one_assay_suffix	3m	1	nan	DN4 thymocyte	CL:0002420	DN4 thymocyte	facs	3_38_F	400049.0	1908.0	female	Flowthrough	Thymus	nan	6	5
E12-B003291-3_39_F-1-1			3	E12.B003291.3_39_F.1.1-1-1	3_39_F	Thymus	False	1	False	E12.B003291.3_39_F.1.1-1-1-1	one_assay_suffix	3m	1	nan	thymocyte	CL:0002420	DN to DP transition (most are Cd8+/ Cd4+, some undergoing VDJ recombination)	facs	3_39_F	1219655.0	1604.0	female	Flowthrough	Thymus	nan	21	23
E12-MAA000607-3_9_M-1-1			3	E12.MAA000607.3_9_M.1.1-1-1	3_9_M	Thymus	False	1	False	E12.MAA000607.3_9_M.1.1-1-1-1	one_assay_suffix	3m	1	nan	DN4 thymocyte	CL:0002420	DN4 thymocyte	facs	3_9_M	168573.0	1599.0	male	nan	Thymus	nan	4	5
E13-B000827-3_38_F-1-1			3	E13.B000827.3_38_F.1.1-1-1	3_38_F	Thymus	False	1	False	E13.B000827.3_38_F.1.1-1-1-1	one_assay_suffix	3m	1	nan	DN4 thymocyte	CL:0002420	DN4 thymocyte	facs	3_38_F	565071.0	2545.0	female	Flowthrough	Thymus	nan	6	5
E13-B000971-3_39_F-1-1			3	E13.B000971.3_39_F.1.1-1-1	3_39_F	Spleen	False	1	False	E13.B000971.3_39_F.1.1-1-1-1	one_assay_suffix	3m	1	nan	CD4-positive, alpha-beta T cell	CL:0000084	Cd3e T cell	facs	3_39_F	832437.0	1703.0	female	nan	Spleen	nan	4	21
E13-B001216-3_38_F-1-1			3	E13.B001216.3_38_F.1.1-1-1	3_38_F	BAT	False	1	False	E13.B001216.3_38_F.1.1-1-1-1	one_assay_suffix	3m	1	nan	T cell	CL:0000084	nan	facs	3_38_F	704116.0	1285.0	female	Fat	BAT	nan	4	9
E13-B001750-3_38_F-1-1			3	E13.B001750.3_38_F.1.1-1-1	3_38_F	Spleen	False	1	False	E13.B001750.3_38_F.1.1-1-1-1	one_assay_suffix	3m	1	nan	CD8-positive, alpha-beta T cell	CL:0000084	Cd3e T cell	facs	3_38_F	740104.0	2108.0	female	nan	Spleen	nan	6	5
E13-B003291-3_39_F-1-1			3	E13.B003291.3_39_F.1.1-1-1	3_39_F	Thymus	False	1	False	E13.B003291.3_39_F.1.1-1-1-1	one_assay_suffix	3m	1	nan	DN4 thymocyte	CL:0002420	DN4 thymocyte	facs	3_39_F	1237264.0	2328.0	female	Flowthrough	Thymus	nan	6	5
E13-MAA000607-3_9_M-1-1			3	E13.MAA000607.3_9_M.1.1-1-1	3_9_M	Thymus	False	1	False	E13.MAA000607.3_9_M.1.1-1-1-1	one_assay_suffix	3m	1	nan	thymocyte	CL:0002420	DN to DP transition (most are Cd8+/ Cd4+, some undergoing VDJ recombination)	facs	3_9_M	98380.0	1317.0	male	nan	Thymus	nan	21	23
E13-MAA000877-3_11_M-1-1			3	E13.MAA000877.3_11_M.1.1-1-1	3_11_M	MAT	False	1	False	E13.MAA000877.3_11_M.1.1-1-1-1	one_assay_suffix	3m	1	nan	CD4-positive, alpha-beta T cell	CL:0000084	nan	facs	3_11_M	305175.0	1226.0	male	Fat	MAT	nan	6	5
E13-MAA001867-3_39_F-1-1			3	E13.MAA001867.3_39_F.1.1-1-1	3_39_F	Trachea	False	1	False	E13.MAA001867.3_39_F.1.1-1-1-1	one_assay_suffix	3m	1	nan	T cell	CL:0000081	nan	facs	3_39_F	526821.0	3120.0	female	nan	Trachea	nan	4	21
E14-B000827-3_38_F-1-1			3	E14.B000827.3_38_F.1.1-1-1	3_38_F	Thymus	False	1	False	E14.B000827.3_38_F.1.1-1-1-1	one_assay_suffix	3m	1	nan	DN4 thymocyte	CL:0000894	DN4 thymocyte	facs	3_38_F	756635.0	2343.0	female	Flowthrough	Thymus	nan	4	9
E14-B003291-3_39_F-1-1			3	E14.B003291.3_39_F.1.1-1-1	3_39_F	Thymus	False	1	False	E14.B003291.3_39_F.1.1-1-1-1	one_assay_suffix	3m	1	nan	DN4 thymocyte	CL:0002420	DN4 thymocyte	facs	3_39_F	529664.0	1390.0	female	Flowthrough	Thymus	nan	6	23
E14-MAA000607-3_9_M-1-1			3	E14.MAA000607.3_9_M.1.1-1-1	3_9_M	Thymus	False	1	False	E14.MAA000607.3_9_M.1.1-1-1-1	one_assay_suffix	3m	1	nan	thymocyte	CL:0002420	DN to DP transition (most are Cd8+/ Cd4+, some undergoing VDJ recombination)	facs	3_9_M	141623.0	1636.0	male	nan	Thymus	nan	21	23
E14-MAA000609-3_8_M-1-1			3	E14.MAA000609.3_8_M.1.1-1-1	3_8_M	Thymus	False	1	False	E14.MAA000609.3_8_M.1.1-1-1-1	one_assay_suffix	3m	1	nan	thymocyte	CL:0002420	DN to DP transition (most are Cd8+/ Cd4+, some undergoing VDJ recombination)	facs	3_8_M	126324.0	1250.0	male	nan	Thymus	nan	21	23
E14-MAA000779-3_11_M-1-1			3	E14.MAA000779.3_11_M.1.1-1-1	3_11_M	Spleen	False	1	False	E14.MAA000779.3_11_M.1.1-1-1-1	one_assay_suffix	3m	1	nan	CD8-positive, alpha-beta T cell	CL:0000084	Cd3e T cell	facs	3_11_M	251641.0	1483.0	male	nan	Spleen	nan	6	5
E14-MAA000877-3_11_M-1-1			3	E14.MAA000877.3_11_M.1.1-1-1	3_11_M	MAT	False	1	False	E14.MAA000877.3_11_M.1.1-1-1-1	one_assay_suffix	3m	1	nan	CD8-positive, alpha-beta T cell	CL:0000084	nan	facs	3_11_M	792109.0	2021.0	male	Fat	MAT	nan	4	9
E14-MAA000880-3_11_M-1-1			3	E14.MAA000880.3_11_M.1.1-1-1	3_11_M	Thymus	False	1	False	E14.MAA000880.3_11_M.1.1-1-1-1	one_assay_suffix	3m	1	nan	DN4 thymocyte	CL:0002420	DN4 thymocyte	facs	3_11_M	672306.0	1586.0	male	nan	Thymus	nan	6	5
E14-MAA001865-3_38_F-1-1			3	E14.MAA001865.3_38_F.1.1-1-1	3_38_F	Trachea	False	1	False	E14.MAA001865.3_38_F.1.1-1-1-1	one_assay_suffix	3m	1	nan	T cell	CL:0000081	nan	facs	3_38_F	470516.0	4762.0	female	nan	Trachea	nan	21	23
E15-B000971-3_39_F-1-1			3	E15.B000971.3_39_F.1.1-1-1	3_39_F	Spleen	False	1	False	E15.B000971.3_39_F.1.1-1-1-1	one_assay_suffix	3m	1	nan	CD8-positive, alpha-beta T cell	CL:0000084	Cd3e T cell	facs	3_39_F	1308678.0	1601.0	female	nan	Spleen	nan	6	5
E15-B003291-3_39_F-1-1			3	E15.B003291.3_39_F.1.1-1-1	3_39_F	Thymus	False	1	False	E15.B003291.3_39_F.1.1-1-1-1	one_assay_suffix	3m	1	nan	thymocyte	CL:0002420	DN to DP transition (most are Cd8+/ Cd4+, some undergoing VDJ recombination)	facs	3_39_F	1889012.0	1572.0	female	Flowthrough	Thymus	nan	21	23
E15-MAA000385-3_10_M-1-1			3	E15.MAA000385.3_10_M.1.1-1-1	3_10_M	SCAT	False	1	False	E15.MAA000385.3_10_M.1.1-1-1-1	one_assay_suffix	3m	1	nan	T cell	CL:0000084	nan	facs	3_10_M	558695.0	2638.0	male	Fat	SCAT	nan	6	5
E15-MAA000607-3_9_M-1-1			3	E15.MAA000607.3_9_M.1.1-1-1	3_9_M	Thymus	False	1	False	E15.MAA000607.3_9_M.1.1-1-1-1	one_assay_suffix	3m	1	nan	thymocyte	CL:0002420	DN to DP transition (most are Cd8+/ Cd4+, some undergoing VDJ recombination)	facs	3_9_M	280434.0	2208.0	male	nan	Thymus	nan	21	23
E15-MAA000877-3_11_M-1-1			3	E15.MAA000877.3_11_M.1.1-1-1	3_11_M	MAT	False	1	False	E15.MAA000877.3_11_M.1.1-1-1-1	one_assay_suffix	3m	1	nan	CD4-positive, alpha-beta T cell	CL:0000084	nan	facs	3_11_M	3828501.0	5039.0	male	Fat	MAT	nan	4	21
E15-MAA000880-3_11_M-1-1			3	E15.MAA000880.3_11_M.1.1-1-1	3_11_M	Thymus	False	1	False	E15.MAA000880.3_11_M.1.1-1-1-1	one_assay_suffix	3m	1	nan	DN4 thymocyte	CL:0002420	DN4 thymocyte	facs	3_11_M	1173104.0	3409.0	male	nan	Thymus	nan	6	5
E16-B002775-3_39_F-1-1	0.0	2.0	3	E16.B002775.3_39_F.1.1-1-1	3_39_F	Kidney	True	2	True	E16.B002775.3_39_F.1.1-1-1-1	one_assay_suffix	3m	1	nan	T cell	CL:0000738	T cell	facs	3_39_F	1089876.0	1832.0	female	nan	Kidney	nan	4	9
E16-B003291-3_39_F-1-1			3	E16.B003291.3_39_F.1.1-1-1	3_39_F	Thymus	False	1	False	E16.B003291.3_39_F.1.1-1-1-1	one_assay_suffix	3m	1	nan	thymocyte	CL:0002420	DN to DP transition (most are Cd8+/ Cd4+, some undergoing VDJ recombination)	facs	3_39_F	1440038.0	1290.0	female	Flowthrough	Thymus	nan	21	23
E16-MAA000607-3_9_M-1-1			3	E16.MAA000607.3_9_M.1.1-1-1	3_9_M	Thymus	False	1	False	E16.MAA000607.3_9_M.1.1-1-1-1	one_assay_suffix	3m	1	nan	thymocyte	CL:0002420	DN to DP transition (most are Cd8+/ Cd4+, some undergoing VDJ recombination)	facs	3_9_M	162155.0	2347.0	male	nan	Thymus	nan	21	23
E16-MAA000877-3_11_M-1-1			3	E16.MAA000877.3_11_M.1.1-1-1	3_11_M	MAT	False	1	False	E16.MAA000877.3_11_M.1.1-1-1-1	one_assay_suffix	3m	1	nan	CD4-positive, alpha-beta T cell	CL:0000084	nan	facs	3_11_M	1532071.0	2087.0	male	Fat	MAT	nan	6	5
E16-MAA000880-3_11_M-1-1			3	E16.MAA000880.3_11_M.1.1-1-1	3_11_M	Thymus	False	1	False	E16.MAA000880.3_11_M.1.1-1-1-1	one_assay_suffix	3m	1	nan	thymocyte	CL:0002420	proliferating thymocyte; DN to DP transition, dividing (some are Cd8+/ Cd4+, some undergoing VDJ recombination)	facs	3_11_M	990021.0	2427.0	male	nan	Thymus	nan	21	23
E16-MAA000934-3_9_M-1-1			3	E16.MAA000934.3_9_M.1.1-1-1	3_9_M	SCAT	False	1	False	E16.MAA000934.3_9_M.1.1-1-1-1	one_assay_suffix	3m	1	nan	CD8-positive, alpha-beta T cell	CL:0000084	nan	facs	3_9_M	234549.0	2522.0	male	Fat	SCAT	nan	4	9
E16-MAA001895-3_38_F-1-1			3	E16.MAA001895.3_38_F.1.1-1-1	3_38_F	Brain_Non-Myeloid	False	1	False	E16.MAA001895.3_38_F.1.1-1-1-1	one_assay_suffix	3m	1	nan	CD8-positive, alpha-beta T cell	CL:0000128	nan	facs	3_38_F	80847.0	1899.0	female	Cortex	Brain_Non-Myeloid	nan	4	9
E17-B000827-3_38_F-1-1			3	E17.B000827.3_38_F.1.1-1-1	3_38_F	Thymus	False	1	False	E17.B000827.3_38_F.1.1-1-1-1	one_assay_suffix	3m	1	nan	DN4 thymocyte	CL:0002420	DN4 thymocyte	facs	3_38_F	589801.0	1837.0	female	Flowthrough	Thymus	nan	6	5
E17-B003291-3_39_F-1-1			3	E17.B003291.3_39_F.1.1-1-1	3_39_F	Thymus	False	1	False	E17.B003291.3_39_F.1.1-1-1-1	one_assay_suffix	3m	1	nan	thymocyte	CL:0002420	DN to DP transition (most are Cd8+/ Cd4+, some undergoing VDJ recombination)	facs	3_39_F	1530489.0	1630.0	female	Flowthrough	Thymus	nan	21	23
E17-MAA000607-3_9_M-1-1			3	E17.MAA000607.3_9_M.1.1-1-1	3_9_M	Thymus	False	1	False	E17.MAA000607.3_9_M.1.1-1-1-1	one_assay_suffix	3m	1	nan	thymocyte	CL:0002420	DN to DP transition (most are Cd8+/ Cd4+, some undergoing VDJ recombination)	facs	3_9_M	205093.0	1880.0	male	nan	Thymus	nan	21	23
E18-B003291-3_39_F-1-1			3	E18.B003291.3_39_F.1.1-1-1	3_39_F	Thymus	False	1	False	E18.B003291.3_39_F.1.1-1-1-1	one_assay_suffix	3m	1	nan	thymocyte	CL:0002420	proliferating thymocyte; DN to DP transition, dividing (some are Cd8+/ Cd4+, some undergoing VDJ recombination)	facs	3_39_F	2578637.0	3121.0	female	Flowthrough	Thymus	nan	21	23
E18-MAA000607-3_9_M-1-1			3	E18.MAA000607.3_9_M.1.1-1-1	3_9_M	Thymus	False	1	False	E18.MAA000607.3_9_M.1.1-1-1-1	one_assay_suffix	3m	1	nan	thymocyte	CL:0002420	DN to DP transition (most are Cd8+/ Cd4+, some undergoing VDJ recombination)	facs	3_9_M	324978.0	2385.0	male	nan	Thymus	nan	21	23
E18-MAA000844-3_10_M-1-1			3	E18.MAA000844.3_10_M.1.1-1-1	3_10_M	Marrow	False	1	False	E18.MAA000844.3_10_M.1.1-1-1-1	one_assay_suffix	3m	1	nan	mature alpha-beta T cell	CL:0002420	BM CD8 + CD4 T cell	facs	3_10_M	611017.0	2416.0	male	T-cells	Marrow	nan	4	9
E18-MAA000880-3_11_M-1-1			3	E18.MAA000880.3_11_M.1.1-1-1	3_11_M	Thymus	False	1	False	E18.MAA000880.3_11_M.1.1-1-1-1	one_assay_suffix	3m	1	nan	DN4 thymocyte	CL:0002420	DN4 thymocyte	facs	3_11_M	437699.0	978.0	male	nan	Thymus	nan	6	5
E19-B000827-3_38_F-1-1			3	E19.B000827.3_38_F.1.1-1-1	3_38_F	Thymus	False	1	False	E19.B000827.3_38_F.1.1-1-1-1	one_assay_suffix	3m	1	nan	DN4 thymocyte	CL:0002420	DN4 thymocyte	facs	3_38_F	453708.0	1719.0	female	Flowthrough	Thymus	nan	6	5
E19-B001750-3_38_F-1-1			3	E19.B001750.3_38_F.1.1-1-1	3_38_F	Spleen	False	1	False	E19.B001750.3_38_F.1.1-1-1-1	one_assay_suffix	3m	1	nan	CD8-positive, alpha-beta T cell	CL:0000084	Cd3e T cell	facs	3_38_F	420950.0	1741.0	female	nan	Spleen	nan	6	5
E19-B003291-3_39_F-1-1			3	E19.B003291.3_39_F.1.1-1-1	3_39_F	Thymus	False	1	False	E19.B003291.3_39_F.1.1-1-1-1	one_assay_suffix	3m	1	nan	thymocyte	CL:0002420	DN to DP transition (most are Cd8+/ Cd4+, some undergoing VDJ recombination)	facs	3_39_F	911273.0	937.0	female	Flowthrough	Thymus	nan	21	23
E19-MAA000607-3_9_M-1-1			3	E19.MAA000607.3_9_M.1.1-1-1	3_9_M	Thymus	False	1	False	E19.MAA000607.3_9_M.1.1-1-1-1	one_assay_suffix	3m	1	nan	DN4 thymocyte	CL:0002420	DN4 thymocyte	facs	3_9_M	362498.0	2140.0	male	nan	Thymus	nan	6	5
E19-MAA000779-3_11_M-1-1			3	E19.MAA000779.3_11_M.1.1-1-1	3_11_M	Spleen	False	1	False	E19.MAA000779.3_11_M.1.1-1-1-1	one_assay_suffix	3m	1	nan	CD4-positive, alpha-beta T cell	CL:0000084	Cd3e T cell	facs	3_11_M	211570.0	1355.0	male	nan	Spleen	nan	4	5
E2-B001689-3_38_F-1-1	21.0	2.0	3	E2.B001689.3_38_F.1.1-1-1	3_38_F	Brain_Myeloid	True	2	True	E2.B001689.3_38_F.1.1-1-1-1	one_assay_suffix	3m	1	nan	microglial cell	CL:0000129	nan	facs	3_38_F	833815.0	2093.0	female	Hippocampus	Brain_Myeloid	nan	3	2
E2-B003285-3_38_F-1-1			3	E2.B003285.3_38_F.1.1-1-1	3_38_F	Thymus	False	1	False	E2.B003285.3_38_F.1.1-1-1-1	one_assay_suffix	3m	1	nan	thymocyte	CL:0002420	DN to DP transition (most are Cd8+/ Cd4+, some undergoing VDJ recombination)	facs	3_38_F	390451.0	1372.0	female	Epithelium	Thymus	nan	21	23
E2-B003291-3_39_F-1-1			3	E2.B003291.3_39_F.1.1-1-1	3_39_F	Thymus	False	1	False	E2.B003291.3_39_F.1.1-1-1-1	one_assay_suffix	3m	1	nan	thymocyte	CL:0002420	DN to DP transition (most are Cd8+/ Cd4+, some undergoing VDJ recombination)	facs	3_39_F	637074.0	1777.0	female	Flowthrough	Thymus	nan	21	23
E2-MAA000607-3_9_M-1-1			3	E2.MAA000607.3_9_M.1.1-1-1	3_9_M	Thymus	False	1	False	E2.MAA000607.3_9_M.1.1-1-1-1	one_assay_suffix	3m	1	nan	thymocyte	CL:0002420	DN to DP transition (most are Cd8+/ Cd4+, some undergoing VDJ recombination)	facs	3_9_M	175989.0	1448.0	male	nan	Thymus	nan	21	23
E2-MAA000609-3_8_M-1-1			3	E2.MAA000609.3_8_M.1.1-1-1	3_8_M	Thymus	False	1	False	E2.MAA000609.3_8_M.1.1-1-1-1	one_assay_suffix	3m	1	nan	thymocyte	CL:0002420	proliferating thymocyte; DN to DP transition, dividing (some are Cd8+/ Cd4+, some undergoing VDJ recombination)	facs	3_8_M	2686368.0	3491.0	male	nan	Thymus	nan	21	23
E2-MAA100039-3_11_M-1-1	20.0	2.0	3	E2.MAA100039.3_11_M.1.1-1-1	3_11_M	Liver	True	2	True	E2.MAA100039.3_11_M.1.1-1-1-1	one_assay_suffix	3m	1	nan	hepatocyte	CL:0000182	nan	facs	3_11_M	1850064.0	8562.0	male	Hepatocytes	Liver	nan	29	36
E20-B003291-3_39_F-1-1			3	E20.B003291.3_39_F.1.1-1-1	3_39_F	Thymus	False	1	False	E20.B003291.3_39_F.1.1-1-1-1	one_assay_suffix	3m	1	nan	thymocyte	CL:0002420	DN to DP transition (most are Cd8+/ Cd4+, some undergoing VDJ recombination)	facs	3_39_F	1742095.0	1026.0	female	Flowthrough	Thymus	nan	6	23
E20-MAA000607-3_9_M-1-1			3	E20.MAA000607.3_9_M.1.1-1-1	3_9_M	Thymus	False	1	False	E20.MAA000607.3_9_M.1.1-1-1-1	one_assay_suffix	3m	1	nan	thymocyte	CL:0002420	proliferating thymocyte; DN to DP transition, dividing (some are Cd8+/ Cd4+, some undergoing VDJ recombination)	facs	3_9_M	612979.0	3443.0	male	nan	Thymus	nan	21	23
E20-MAA000609-3_8_M-1-1			3	E20.MAA000609.3_8_M.1.1-1-1	3_8_M	Thymus	False	1	False	E20.MAA000609.3_8_M.1.1-1-1-1	one_assay_suffix	3m	1	nan	thymocyte	CL:0002420	proliferating thymocyte; DN to DP transition, dividing (some are Cd8+/ Cd4+, some undergoing VDJ recombination)	facs	3_8_M	646736.0	4349.0	male	nan	Thymus	nan	21	23
E20-MAA000880-3_11_M-1-1	42.0	2.0	3	E20.MAA000880.3_11_M.1.1-1-1	3_11_M	Thymus	True	2	True	E20.MAA000880.3_11_M.1.1-1-1-1	one_assay_suffix	3m	1	nan	DN4 thymocyte	CL:0000894	DN4 thymocyte	facs	3_11_M	876398.0	2089.0	male	nan	Thymus	nan	4	9
E20-MAA001895-3_38_F-1-1			3	E20.MAA001895.3_38_F.1.1-1-1	3_38_F	Brain_Non-Myeloid	False	1	False	E20.MAA001895.3_38_F.1.1-1-1-1	one_assay_suffix	3m	1	nan	CD8-positive, alpha-beta T cell	CL:0000128	nan	facs	3_38_F	277494.0	3599.0	female	Cortex	Brain_Non-Myeloid	nan	4	21
E21-B000827-3_38_F-1-1			3	E21.B000827.3_38_F.1.1-1-1	3_38_F	Thymus	False	1	False	E21.B000827.3_38_F.1.1-1-1-1	one_assay_suffix	3m	1	nan	DN4 thymocyte	CL:0002420	DN4 thymocyte	facs	3_38_F	1927405.0	3833.0	female	Flowthrough	Thymus	nan	6	5
E21-B003291-3_39_F-1-1			3	E21.B003291.3_39_F.1.1-1-1	3_39_F	Thymus	False	1	False	E21.B003291.3_39_F.1.1-1-1-1	one_assay_suffix	3m	1	nan	thymocyte	CL:0002420	DN to DP transition (most are Cd8+/ Cd4+, some undergoing VDJ recombination)	facs	3_39_F	1358963.0	1334.0	female	Flowthrough	Thymus	nan	21	23
E21-MAA000607-3_9_M-1-1			3	E21.MAA000607.3_9_M.1.1-1-1	3_9_M	Thymus	False	1	False	E21.MAA000607.3_9_M.1.1-1-1-1	one_assay_suffix	3m	1	nan	DN4 thymocyte	CL:0002420	DN4 thymocyte	facs	3_9_M	178774.0	1662.0	male	nan	Thymus	nan	6	5
E22-B003275-3_38_F-1-1			3	E22.B003275.3_38_F.1.1-1-1	3_38_F	Brain_Non-Myeloid	False	1	False	E22.B003275.3_38_F.1.1-1-1-1	one_assay_suffix	3m	1	nan	CD8-positive, alpha-beta T cell	CL:0000128	nan	facs	3_38_F	673035.0	2254.0	female	Hippocampus	Brain_Non-Myeloid	nan	4	9
E22-B003291-3_39_F-1-1			3	E22.B003291.3_39_F.1.1-1-1	3_39_F	Thymus	False	1	False	E22.B003291.3_39_F.1.1-1-1-1	one_assay_suffix	3m	1	nan	thymocyte	CL:0002420	DN to DP transition (most are Cd8+/ Cd4+, some undergoing VDJ recombination)	facs	3_39_F	1787712.0	1137.0	female	Flowthrough	Thymus	nan	21	23
E22-MAA000607-3_9_M-1-1			3	E22.MAA000607.3_9_M.1.1-1-1	3_9_M	Thymus	False	1	False	E22.MAA000607.3_9_M.1.1-1-1-1	one_assay_suffix	3m	1	nan	thymocyte	CL:0002420	proliferating thymocyte; DN to DP transition, dividing (some are Cd8+/ Cd4+, some undergoing VDJ recombination)	facs	3_9_M	507933.0	3231.0	male	nan	Thymus	nan	21	23
E22-MAA000609-3_8_M-1-1			3	E22.MAA000609.3_8_M.1.1-1-1	3_8_M	Thymus	False	1	False	E22.MAA000609.3_8_M.1.1-1-1-1	one_assay_suffix	3m	1	nan	thymocyte	CL:0002420	proliferating thymocyte; DN to DP transition, dividing (some are Cd8+/ Cd4+, some undergoing VDJ recombination)	facs	3_8_M	560400.0	3804.0	male	nan	Thymus	nan	21	23
E22-MAA000880-3_11_M-1-1			3	E22.MAA000880.3_11_M.1.1-1-1	3_11_M	Thymus	False	1	False	E22.MAA000880.3_11_M.1.1-1-1-1	one_assay_suffix	3m	1	nan	DN4 thymocyte	CL:0002420	DN4 thymocyte	facs	3_11_M	637827.0	1632.0	male	nan	Thymus	nan	6	5
E3-B000827-3_38_F-1-1			3	E3.B000827.3_38_F.1.1-1-1	3_38_F	Thymus	False	1	False	E3.B000827.3_38_F.1.1-1-1-1	one_assay_suffix	3m	1	nan	DN4 thymocyte	CL:0002420	DN4 thymocyte	facs	3_38_F	569691.0	2237.0	female	Flowthrough	Thymus	nan	6	5
E3-B003291-3_39_F-1-1			3	E3.B003291.3_39_F.1.1-1-1	3_39_F	Thymus	False	1	False	E3.B003291.3_39_F.1.1-1-1-1	one_assay_suffix	3m	1	nan	thymocyte	CL:0002420	DN to DP transition (most are Cd8+/ Cd4+, some undergoing VDJ recombination)	facs	3_39_F	1683140.0	1846.0	female	Flowthrough	Thymus	nan	21	23
E3-MAA000386-3_11_M-1-1			3	E3.MAA000386.3_11_M.1.1-1-1	3_11_M	SCAT	False	1	False	E3.MAA000386.3_11_M.1.1-1-1-1	one_assay_suffix	3m	1	nan	CD4-positive, alpha-beta T cell	CL:0000084	nan	facs	3_11_M	1317522.0	3681.0	male	Fat	SCAT	nan	4	9
E4-B003291-3_39_F-1-1			3	E4.B003291.3_39_F.1.1-1-1	3_39_F	Thymus	False	1	False	E4.B003291.3_39_F.1.1-1-1-1	one_assay_suffix	3m	1	nan	thymocyte	CL:0002420	DN to DP transition (most are Cd8+/ Cd4+, some undergoing VDJ recombination)	facs	3_39_F	2365542.0	2166.0	female	Flowthrough	Thymus	nan	21	23
E4-MAA000607-3_9_M-1-1			3	E4.MAA000607.3_9_M.1.1-1-1	3_9_M	Thymus	False	1	False	E4.MAA000607.3_9_M.1.1-1-1-1	one_assay_suffix	3m	1	nan	DN4 thymocyte	CL:0002420	DN4 thymocyte	facs	3_9_M	223182.0	1790.0	male	nan	Thymus	nan	21	23
E4-MAA001865-3_38_F-1-1			3	E4.MAA001865.3_38_F.1.1-1-1	3_38_F	Trachea	False	1	False	E4.MAA001865.3_38_F.1.1-1-1-1	one_assay_suffix	3m	1	nan	T cell	CL:0000081	nan	facs	3_38_F	656097.0	5158.0	female	nan	Trachea	nan	21	23
E5-B000827-3_38_F-1-1			3	E5.B000827.3_38_F.1.1-1-1	3_38_F	Thymus	False	1	False	E5.B000827.3_38_F.1.1-1-1-1	one_assay_suffix	3m	1	nan	DN4 thymocyte	CL:0002420	DN4 thymocyte	facs	3_38_F	831715.0	2220.0	female	Flowthrough	Thymus	nan	6	5
E5-B003291-3_39_F-1-1			3	E5.B003291.3_39_F.1.1-1-1	3_39_F	Thymus	False	1	False	E5.B003291.3_39_F.1.1-1-1-1	one_assay_suffix	3m	1	nan	thymocyte	CL:0002420	DN to DP transition (most are Cd8+/ Cd4+, some undergoing VDJ recombination)	facs	3_39_F	423767.0	1820.0	female	Flowthrough	Thymus	nan	21	23
E5-MAA000607-3_9_M-1-1			3	E5.MAA000607.3_9_M.1.1-1-1	3_9_M	Thymus	False	1	False	E5.MAA000607.3_9_M.1.1-1-1-1	one_assay_suffix	3m	1	nan	thymocyte	CL:0002420	proliferating thymocyte; DN to DP transition, dividing (some are Cd8+/ Cd4+, some undergoing VDJ recombination)	facs	3_9_M	793659.0	4177.0	male	nan	Thymus	nan	21	23
E6-B000827-3_38_F-1-1			3	E6.B000827.3_38_F.1.1-1-1	3_38_F	Thymus	False	1	False	E6.B000827.3_38_F.1.1-1-1-1	one_assay_suffix	3m	1	nan	thymocyte	CL:0002420	proliferating thymocyte; DN to DP transition, dividing (some are Cd8+/ Cd4+, some undergoing VDJ recombination)	facs	3_38_F	1499030.0	3637.0	female	Flowthrough	Thymus	nan	6	21
E6-B000971-3_39_F-1-1	12.0	2.0	3	E6.B000971.3_39_F.1.1-1-1	3_39_F	Spleen	True	2	True	E6.B000971.3_39_F.1.1-1-1-1	one_assay_suffix	3m	1	nan	CD4-positive, alpha-beta T cell	CL:0000084	nan	facs	3_39_F	878493.0	1582.0	female	nan	Spleen	nan	4	9
E6-B003291-3_39_F-1-1			3	E6.B003291.3_39_F.1.1-1-1	3_39_F	Thymus	False	1	False	E6.B003291.3_39_F.1.1-1-1-1	one_assay_suffix	3m	1	nan	thymocyte	CL:0002420	DN to DP transition (most are Cd8+/ Cd4+, some undergoing VDJ recombination)	facs	3_39_F	1021559.0	2361.0	female	Flowthrough	Thymus	nan	21	23
E6-MAA000508-3_9_M-1-1			3	E6.MAA000508.3_9_M.1.1-1-1	3_9_M	Spleen	False	1	False	E6.MAA000508.3_9_M.1.1-1-1-1	one_assay_suffix	3m	1	nan	CD8-positive, alpha-beta T cell	CL:0000084	Cd3e T cell	facs	3_9_M	353150.0	2529.0	male	nan	Spleen	nan	6	5
E6-MAA000607-3_9_M-1-1			3	E6.MAA000607.3_9_M.1.1-1-1	3_9_M	Thymus	False	1	False	E6.MAA000607.3_9_M.1.1-1-1-1	one_assay_suffix	3m	1	nan	thymocyte	CL:0002420	DN to DP transition (most are Cd8+/ Cd4+, some undergoing VDJ recombination)	facs	3_9_M	198393.0	1622.0	male	nan	Thymus	nan	21	23
E7-B000827-3_38_F-1-1			3	E7.B000827.3_38_F.1.1-1-1	3_38_F	Thymus	False	1	False	E7.B000827.3_38_F.1.1-1-1-1	one_assay_suffix	3m	1	nan	DN4 thymocyte	CL:0002420	DN4 thymocyte	facs	3_38_F	582931.0	2135.0	female	Flowthrough	Thymus	nan	6	5
E7-B000971-3_39_F-1-1			3	E7.B000971.3_39_F.1.1-1-1	3_39_F	Spleen	False	1	False	E7.B000971.3_39_F.1.1-1-1-1	one_assay_suffix	3m	1	nan	CD4-positive, alpha-beta T cell	CL:0000084	Cd3e T cell	facs	3_39_F	1834780.0	2048.0	female	nan	Spleen	nan	6	5
E7-B002954-3_56_F-1-1			3	E7.B002954.3_56_F.1.1-1-1	3_56_F	SCAT	False	1	False	E7.B002954.3_56_F.1.1-1-1-1	one_assay_suffix	3m	1	nan	T cell	CL:0000084	nan	facs	3_56_F	224575.0	1919.0	female	Fat	SCAT	nan	6	5
E7-B003291-3_39_F-1-1			3	E7.B003291.3_39_F.1.1-1-1	3_39_F	Thymus	False	1	False	E7.B003291.3_39_F.1.1-1-1-1	one_assay_suffix	3m	1	nan	thymocyte	CL:0002420	DN to DP transition (most are Cd8+/ Cd4+, some undergoing VDJ recombination)	facs	3_39_F	849872.0	1435.0	female	Flowthrough	Thymus	nan	21	23
E7-MAA000556-3_9_M-1-1			3	E7.MAA000556.3_9_M.1.1-1-1	3_9_M	BAT	False	1	False	E7.MAA000556.3_9_M.1.1-1-1-1	one_assay_suffix	3m	1	nan	T cell	CL:0000084	nan	facs	3_9_M	480487.0	2925.0	male	Fat	BAT	nan	4	48
E7-MAA000607-3_9_M-1-1			3	E7.MAA000607.3_9_M.1.1-1-1	3_9_M	Thymus	False	1	False	E7.MAA000607.3_9_M.1.1-1-1-1	one_assay_suffix	3m	1	nan	thymocyte	CL:0002420	DN to DP transition (most are Cd8+/ Cd4+, some undergoing VDJ recombination)	facs	3_9_M	123788.0	1363.0	male	nan	Thymus	nan	21	23
E7-MAA000844-3_10_M-1-1			3	E7.MAA000844.3_10_M.1.1-1-1	3_10_M	Marrow	False	1	False	E7.MAA000844.3_10_M.1.1-1-1-1	one_assay_suffix	3m	1	nan	mature alpha-beta T cell	CL:0002420	BM CD8 + CD4 T cell	facs	3_10_M	1004096.0	2518.0	male	T-cells	Marrow	nan	4	9
E8-B000827-3_38_F-1-1			3	E8.B000827.3_38_F.1.1-1-1	3_38_F	Thymus	False	1	False	E8.B000827.3_38_F.1.1-1-1-1	one_assay_suffix	3m	1	nan	DN4 thymocyte	CL:0002420	DN4 thymocyte	facs	3_38_F	545925.0	2262.0	female	Flowthrough	Thymus	nan	6	5
E8-B000971-3_39_F-1-1			3	E8.B000971.3_39_F.1.1-1-1	3_39_F	Spleen	False	1	False	E8.B000971.3_39_F.1.1-1-1-1	one_assay_suffix	3m	1	nan	CD4-positive, alpha-beta T cell	CL:0000084	Cd3e T cell	facs	3_39_F	1621436.0	2017.0	female	nan	Spleen	nan	4	21
E8-B003291-3_39_F-1-1			3	E8.B003291.3_39_F.1.1-1-1	3_39_F	Thymus	False	1	False	E8.B003291.3_39_F.1.1-1-1-1	one_assay_suffix	3m	1	nan	thymocyte	CL:0002420	DN to DP transition (most are Cd8+/ Cd4+, some undergoing VDJ recombination)	facs	3_39_F	1498962.0	1766.0	female	Flowthrough	Thymus	nan	21	23
E8-MAA000607-3_9_M-1-1			3	E8.MAA000607.3_9_M.1.1-1-1	3_9_M	Thymus	False	1	False	E8.MAA000607.3_9_M.1.1-1-1-1	one_assay_suffix	3m	1	nan	DN4 thymocyte	CL:0002420	DN4 thymocyte	facs	3_9_M	177325.0	1815.0	male	nan	Thymus	nan	6	5
E8-MAA000609-3_8_M-1-1			3	E8.MAA000609.3_8_M.1.1-1-1	3_8_M	Thymus	False	1	False	E8.MAA000609.3_8_M.1.1-1-1-1	one_assay_suffix	3m	1	nan	DN4 thymocyte	CL:0002420	DN4 thymocyte	facs	3_8_M	515938.0	1886.0	male	nan	Thymus	nan	6	5
E9-B000127-3_38_F-1-1			3	E9.B000127.3_38_F.1.1-1-1	3_38_F	SCAT	False	1	False	E9.B000127.3_38_F.1.1-1-1-1	one_assay_suffix	3m	1	nan	T cell	CL:0000084	nan	facs	3_38_F	567256.0	1477.0	female	Fat	SCAT	nan	6	5
E9-B000827-3_38_F-1-1			3	E9.B000827.3_38_F.1.1-1-1	3_38_F	Thymus	False	1	False	E9.B000827.3_38_F.1.1-1-1-1	one_assay_suffix	3m	1	nan	DN4 thymocyte	CL:0002420	DN4 thymocyte	facs	3_38_F	193668.0	2446.0	female	Flowthrough	Thymus	nan	6	5
E9-B001216-3_38_F-1-1			3	E9.B001216.3_38_F.1.1-1-1	3_38_F	BAT	False	1	False	E9.B001216.3_38_F.1.1-1-1-1	one_assay_suffix	3m	1	nan	T cell	CL:0000084	nan	facs	3_38_F	549231.0	956.0	female	Fat	BAT	nan	6	5
E9-B001750-3_38_F-1-1			3	E9.B001750.3_38_F.1.1-1-1	3_38_F	Spleen	False	1	False	E9.B001750.3_38_F.1.1-1-1-1	one_assay_suffix	3m	1	nan	CD4-positive, alpha-beta T cell	CL:0000084	Cd3e T cell	facs	3_38_F	831441.0	1872.0	female	nan	Spleen	nan	6	5
E9-B002314-3_56_F-1-1			3	E9.B002314.3_56_F.1.1-1-1	3_56_F	MAT	False	1	False	E9.B002314.3_56_F.1.1-1-1-1	one_assay_suffix	3m	1	nan	CD4-positive, alpha-beta T cell	CL:0000084	nan	facs	3_56_F	713607.0	2023.0	female	Fat	MAT	nan	6	5
E9-B003291-3_39_F-1-1			3	E9.B003291.3_39_F.1.1-1-1	3_39_F	Thymus	False	1	False	E9.B003291.3_39_F.1.1-1-1-1	one_assay_suffix	3m	1	nan	thymocyte	CL:0002420	DN to DP transition (most are Cd8+/ Cd4+, some undergoing VDJ recombination)	facs	3_39_F	456181.0	1569.0	female	Flowthrough	Thymus	nan	21	23
E9-MAA000386-3_11_M-1-1	26.0	2.0	3	E9.MAA000386.3_11_M.1.1-1-1	3_11_M	SCAT	True	1	False	E9.MAA000386.3_11_M.1.1-1-1-1	one_assay_suffix	3m	1	nan	mesenchymal stem cell of adipose	CL:0002570	mesenchymal progenitor	facs	3_11_M	1086470.0	6593.0	male	Fat	SCAT	nan	25	20
E9-MAA000607-3_9_M-1-1			3	E9.MAA000607.3_9_M.1.1-1-1	3_9_M	Thymus	False	1	False	E9.MAA000607.3_9_M.1.1-1-1-1	one_assay_suffix	3m	1	nan	thymocyte	CL:0002420	DN to DP transition (most are Cd8+/ Cd4+, some undergoing VDJ recombination)	facs	3_9_M	179385.0	1696.0	male	nan	Thymus	nan	21	23
E9-MAA000877-3_11_M-1-1	37.0	2.0	3	E9.MAA000877.3_11_M.1.1-1-1	3_11_M	MAT	True	1	False	E9.MAA000877.3_11_M.1.1-1-1-1	one_assay_suffix	3m	1	nan	CD8-positive, alpha-beta T cell	CL:0000084	nan	facs	3_11_M	700309.0	1761.0	male	Fat	MAT	nan	6	5
F1-B000827-3_38_F-1-1			3	F1.B000827.3_38_F.1.1-1-1	3_38_F	Thymus	False	1	False	F1.B000827.3_38_F.1.1-1-1-1	one_assay_suffix	3m	1	nan	DN4 thymocyte	CL:0002420	DN4 thymocyte	facs	3_38_F	1994951.0	1977.0	female	Flowthrough	Thymus	nan	6	5
F1-B003291-3_39_F-1-1			3	F1.B003291.3_39_F.1.1-1-1	3_39_F	Thymus	False	1	False	F1.B003291.3_39_F.1.1-1-1-1	one_assay_suffix	3m	1	nan	thymocyte	CL:0002420	DN to DP transition (most are Cd8+/ Cd4+, some undergoing VDJ recombination)	facs	3_39_F	373539.0	1391.0	female	Flowthrough	Thymus	nan	21	23
F1-MAA000607-3_9_M-1-1			3	F1.MAA000607.3_9_M.1.1-1-1	3_9_M	Thymus	False	1	False	F1.MAA000607.3_9_M.1.1-1-1-1	one_assay_suffix	3m	1	nan	DN4 thymocyte	CL:0002420	DN4 thymocyte	facs	3_9_M	455557.0	3390.0	male	nan	Thymus	nan	6	5
F1-MAA000907-3_11_M-1-1			3	F1.MAA000907.3_11_M.1.1-1-1	3_11_M	Liver	False	1	False	F1.MAA000907.3_11_M.1.1-1-1-1	one_assay_suffix	3m	1	nan	mature NK T cell	CL:0000623	nan	facs	3_11_M	312899.0	2550.0	male	Non-hepatocytes	Liver	nan	4	9
F1-MAA001888-3_39_F-1-1			3	F1.MAA001888.3_39_F.1.1-1-1	3_39_F	Marrow	False	1	False	F1.MAA001888.3_39_F.1.1-1-1-1	one_assay_suffix	3m	1	nan	CD4-positive, alpha-beta T cell	CL:0000236	BM CD4 T cell	facs	3_39_F	264926.0	3521.0	female	T-cells	Marrow	nan	4	48
F10-B000827-3_38_F-1-1			3	F10.B000827.3_38_F.1.1-1-1	3_38_F	Thymus	False	1	False	F10.B000827.3_38_F.1.1-1-1-1	one_assay_suffix	3m	1	nan	DN4 thymocyte	CL:0002420	DN4 thymocyte	facs	3_38_F	1076880.0	3318.0	female	Flowthrough	Thymus	nan	6	5
F10-B003291-3_39_F-1-1			3	F10.B003291.3_39_F.1.1-1-1	3_39_F	Thymus	False	1	False	F10.B003291.3_39_F.1.1-1-1-1	one_assay_suffix	3m	1	nan	thymocyte	CL:0002420	DN to DP transition (most are Cd8+/ Cd4+, some undergoing VDJ recombination)	facs	3_39_F	430733.0	1430.0	female	Flowthrough	Thymus	nan	6	23
F10-MAA000607-3_9_M-1-1			3	F10.MAA000607.3_9_M.1.1-1-1	3_9_M	Thymus	False	1	False	F10.MAA000607.3_9_M.1.1-1-1-1	one_assay_suffix	3m	1	nan	thymocyte	CL:0002420	DN to DP transition (most are Cd8+/ Cd4+, some undergoing VDJ recombination)	facs	3_9_M	125613.0	1366.0	male	nan	Thymus	nan	21	23
F10-MAA000880-3_11_M-1-1			3	F10.MAA000880.3_11_M.1.1-1-1	3_11_M	Thymus	False	1	False	F10.MAA000880.3_11_M.1.1-1-1-1	one_assay_suffix	3m	1	nan	DN4 thymocyte	CL:0002420	DN4 thymocyte	facs	3_11_M	464052.0	1683.0	male	nan	Thymus	nan	4	5
F10-MAA000914-3_9_M-1-1			3	F10.MAA000914.3_9_M.1.1-1-1	3_9_M	MAT	False	1	False	F10.MAA000914.3_9_M.1.1-1-1-1	one_assay_suffix	3m	1	nan	CD4-positive, alpha-beta T cell	CL:0000084	nan	facs	3_9_M	382485.0	1803.0	male	Fat	MAT	nan	4	21
F11-B000827-3_38_F-1-1			3	F11.B000827.3_38_F.1.1-1-1	3_38_F	Thymus	False	1	False	F11.B000827.3_38_F.1.1-1-1-1	one_assay_suffix	3m	1	nan	DN4 thymocyte	CL:0002420	DN4 thymocyte	facs	3_38_F	433886.0	2085.0	female	Flowthrough	Thymus	nan	6	5
F11-B001750-3_38_F-1-1			3	F11.B001750.3_38_F.1.1-1-1	3_38_F	Spleen	False	1	False	F11.B001750.3_38_F.1.1-1-1-1	one_assay_suffix	3m	1	nan	CD4-positive, alpha-beta T cell	CL:0000084	Cd3e T cell	facs	3_38_F	409654.0	2039.0	female	nan	Spleen	nan	6	5
F11-B003291-3_39_F-1-1			3	F11.B003291.3_39_F.1.1-1-1	3_39_F	Thymus	False	1	False	F11.B003291.3_39_F.1.1-1-1-1	one_assay_suffix	3m	1	nan	thymocyte	CL:0002420	DN to DP transition (most are Cd8+/ Cd4+, some undergoing VDJ recombination)	facs	3_39_F	1257872.0	1616.0	female	Flowthrough	Thymus	nan	21	23
F11-D043526-3_39_F-1-1			3	F11.D043526.3_39_F.1.1-1-1	3_39_F	SCAT	False	1	False	F11.D043526.3_39_F.1.1-1-1-1	one_assay_suffix	3m	1	nan	CD8-positive, alpha-beta T cell	CL:0000084	nan	facs	3_39_F	411754.0	2193.0	female	Fat	SCAT	nan	4	9
F11-MAA000607-3_9_M-1-1			3	F11.MAA000607.3_9_M.1.1-1-1	3_9_M	Thymus	False	1	False	F11.MAA000607.3_9_M.1.1-1-1-1	one_assay_suffix	3m	1	nan	thymocyte	CL:0002420	DN to DP transition (most are Cd8+/ Cd4+, some undergoing VDJ recombination)	facs	3_9_M	143830.0	1699.0	male	nan	Thymus	nan	21	23
F11-MAA000880-3_11_M-1-1			3	F11.MAA000880.3_11_M.1.1-1-1	3_11_M	Thymus	False	1	False	F11.MAA000880.3_11_M.1.1-1-1-1	one_assay_suffix	3m	1	nan	epithelial cell of thymus	CL:0000738	TECs	facs	3_11_M	293074.0	2380.0	male	nan	Thymus	nan	21	23
F11-MAA000934-3_9_M-1-1			3	F11.MAA000934.3_9_M.1.1-1-1	3_9_M	SCAT	False	1	False	F11.MAA000934.3_9_M.1.1-1-1-1	one_assay_suffix	3m	1	nan	T cell	CL:0000084	nan	facs	3_9_M	181177.0	2335.0	male	Fat	SCAT	nan	6	5
F12-B000827-3_38_F-1-1			3	F12.B000827.3_38_F.1.1-1-1	3_38_F	Thymus	False	1	False	F12.B000827.3_38_F.1.1-1-1-1	one_assay_suffix	3m	1	nan	DN4 thymocyte	CL:0002420	DN4 thymocyte	facs	3_38_F	383729.0	1943.0	female	Flowthrough	Thymus	nan	6	5
F12-B003291-3_39_F-1-1			3	F12.B003291.3_39_F.1.1-1-1	3_39_F	Thymus	False	1	False	F12.B003291.3_39_F.1.1-1-1-1	one_assay_suffix	3m	1	nan	thymocyte	CL:0002420	DN to DP transition (most are Cd8+/ Cd4+, some undergoing VDJ recombination)	facs	3_39_F	1519758.0	1803.0	female	Flowthrough	Thymus	nan	21	23
F12-D043526-3_39_F-1-1			3	F12.D043526.3_39_F.1.1-1-1	3_39_F	SCAT	False	1	False	F12.D043526.3_39_F.1.1-1-1-1	one_assay_suffix	3m	1	nan	myeloid cell	CL:0000763	nan	facs	3_39_F	198023.0	2898.0	female	Fat	SCAT	nan	2	4
F12-MAA000385-3_10_M-1-1			3	F12.MAA000385.3_10_M.1.1-1-1	3_10_M	SCAT	False	1	False	F12.MAA000385.3_10_M.1.1-1-1-1	one_assay_suffix	3m	1	nan	CD8-positive, alpha-beta T cell	CL:0000084	nan	facs	3_10_M	414700.0	2450.0	male	Fat	SCAT	nan	4	9
F12-MAA000607-3_9_M-1-1			3	F12.MAA000607.3_9_M.1.1-1-1	3_9_M	Thymus	False	1	False	F12.MAA000607.3_9_M.1.1-1-1-1	one_assay_suffix	3m	1	nan	DN4 thymocyte	CL:0002420	DN4 thymocyte	facs	3_9_M	611151.0	3634.0	male	nan	Thymus	nan	6	5
F12-MAA000877-3_11_M-1-1			3	F12.MAA000877.3_11_M.1.1-1-1	3_11_M	MAT	False	1	False	F12.MAA000877.3_11_M.1.1-1-1-1	one_assay_suffix	3m	1	nan	macrophage	CL:0000084	nan	facs	3_11_M	1634582.0	3845.0	male	Fat	MAT	nan	4	9
F12-MAA000880-3_11_M-1-1			3	F12.MAA000880.3_11_M.1.1-1-1	3_11_M	Thymus	False	1	False	F12.MAA000880.3_11_M.1.1-1-1-1	one_assay_suffix	3m	1	nan	DN4 thymocyte	CL:0002420	DN4 thymocyte	facs	3_11_M	508468.0	1099.0	male	nan	Thymus	nan	6	5
F12-MAA000934-3_9_M-1-1			3	F12.MAA000934.3_9_M.1.1-1-1	3_9_M	SCAT	False	1	False	F12.MAA000934.3_9_M.1.1-1-1-1	one_assay_suffix	3m	1	nan	NK cell	CL:0000084	nan	facs	3_9_M	138607.0	1758.0	male	Fat	SCAT	nan	4	21
F13-B000827-3_38_F-1-1			3	F13.B000827.3_38_F.1.1-1-1	3_38_F	Thymus	False	1	False	F13.B000827.3_38_F.1.1-1-1-1	one_assay_suffix	3m	1	nan	DN4 thymocyte	CL:0002420	DN4 thymocyte	facs	3_38_F	533977.0	2103.0	female	Flowthrough	Thymus	nan	6	5
F13-B003291-3_39_F-1-1			3	F13.B003291.3_39_F.1.1-1-1	3_39_F	Thymus	False	1	False	F13.B003291.3_39_F.1.1-1-1-1	one_assay_suffix	3m	1	nan	thymocyte	CL:0002420	DN to DP transition (most are Cd8+/ Cd4+, some undergoing VDJ recombination)	facs	3_39_F	723437.0	1620.0	female	Flowthrough	Thymus	nan	21	23
F13-MAA000388-3_11_M-1-1			3	F13.MAA000388.3_11_M.1.1-1-1	3_11_M	GAT	False	1	False	F13.MAA000388.3_11_M.1.1-1-1-1	one_assay_suffix	3m	1	nan	myeloid cell	CL:0000763	nan	facs	3_11_M	206472.0	3977.0	male	Fat	GAT	nan	15	17
F13-MAA000607-3_9_M-1-1			3	F13.MAA000607.3_9_M.1.1-1-1	3_9_M	Thymus	False	1	False	F13.MAA000607.3_9_M.1.1-1-1-1	one_assay_suffix	3m	1	nan	DN4 thymocyte	CL:0000894	DN4 thymocyte	facs	3_9_M	246440.0	1997.0	male	nan	Thymus	nan	4	9
F13-MAA000609-3_8_M-1-1			3	F13.MAA000609.3_8_M.1.1-1-1	3_8_M	Thymus	False	1	False	F13.MAA000609.3_8_M.1.1-1-1-1	one_assay_suffix	3m	1	nan	thymocyte	CL:0002420	DN to DP transition (most are Cd8+/ Cd4+, some undergoing VDJ recombination)	facs	3_8_M	95685.0	1202.0	male	nan	Thymus	nan	21	23
F13-MAA000779-3_11_M-1-1			3	F13.MAA000779.3_11_M.1.1-1-1	3_11_M	Spleen	False	1	False	F13.MAA000779.3_11_M.1.1-1-1-1	one_assay_suffix	3m	1	nan	CD8-positive, alpha-beta T cell	CL:0000084	Cd3e T cell	facs	3_11_M	167042.0	1593.0	male	nan	Spleen	nan	6	5
F13-MAA000880-3_11_M-1-1			3	F13.MAA000880.3_11_M.1.1-1-1	3_11_M	Thymus	False	1	False	F13.MAA000880.3_11_M.1.1-1-1-1	one_assay_suffix	3m	1	nan	DN4 thymocyte	CL:0002420	DN4 thymocyte	facs	3_11_M	568913.0	1345.0	male	nan	Thymus	nan	6	5
F13-MAA000913-3_9_M-1-1			3	F13.MAA000913.3_9_M.1.1-1-1	3_9_M	GAT	False	1	False	F13.MAA000913.3_9_M.1.1-1-1-1	one_assay_suffix	3m	1	nan	NK cell	CL:0000084	nan	facs	3_9_M	638220.0	2402.0	male	Fat	GAT	nan	40	9
F13-MAA000934-3_9_M-1-1			3	F13.MAA000934.3_9_M.1.1-1-1	3_9_M	SCAT	False	1	False	F13.MAA000934.3_9_M.1.1-1-1-1	one_assay_suffix	3m	1	nan	T cell	CL:0000084	nan	facs	3_9_M	161968.0	2056.0	male	Fat	SCAT	nan	6	9
F14-B003291-3_39_F-1-1			3	F14.B003291.3_39_F.1.1-1-1	3_39_F	Thymus	False	1	False	F14.B003291.3_39_F.1.1-1-1-1	one_assay_suffix	3m	1	nan	thymocyte	CL:0002420	DN to DP transition (most are Cd8+/ Cd4+, some undergoing VDJ recombination)	facs	3_39_F	939938.0	1656.0	female	Flowthrough	Thymus	nan	6	23
F14-MAA000607-3_9_M-1-1			3	F14.MAA000607.3_9_M.1.1-1-1	3_9_M	Thymus	False	1	False	F14.MAA000607.3_9_M.1.1-1-1-1	one_assay_suffix	3m	1	nan	DN4 thymocyte	CL:0002420	DN4 thymocyte	facs	3_9_M	183026.0	2006.0	male	nan	Thymus	nan	6	5
F14-MAA000844-3_10_M-1-1			3	F14.MAA000844.3_10_M.1.1-1-1	3_10_M	Marrow	False	1	False	F14.MAA000844.3_10_M.1.1-1-1-1	one_assay_suffix	3m	1	nan	mature alpha-beta T cell	CL:0002420	BM CD8 + CD4 T cell	facs	3_10_M	591606.0	2326.0	male	T-cells	Marrow	nan	4	9
F14-MAA000934-3_9_M-1-1			3	F14.MAA000934.3_9_M.1.1-1-1	3_9_M	SCAT	False	1	False	F14.MAA000934.3_9_M.1.1-1-1-1	one_assay_suffix	3m	1	nan	T cell	CL:0000084	nan	facs	3_9_M	224453.0	2605.0	male	Fat	SCAT	nan	4	48
F15-B000827-3_38_F-1-1			3	F15.B000827.3_38_F.1.1-1-1	3_38_F	Thymus	False	1	False	F15.B000827.3_38_F.1.1-1-1-1	one_assay_suffix	3m	1	nan	DN4 thymocyte	CL:0002420	DN4 thymocyte	facs	3_38_F	1858145.0	2177.0	female	Flowthrough	Thymus	nan	6	5
F15-B000971-3_39_F-1-1			3	F15.B000971.3_39_F.1.1-1-1	3_39_F	Spleen	False	1	False	F15.B000971.3_39_F.1.1-1-1-1	one_assay_suffix	3m	1	nan	CD4-positive, alpha-beta T cell	CL:0000084	Cd3e T cell	facs	3_39_F	1290229.0	1722.0	female	nan	Spleen	nan	6	5
F15-B001717-3_38_F-1-1			3	F15.B001717.3_38_F.1.1-1-1	3_38_F	Kidney	False	1	False	F15.B001717.3_38_F.1.1-1-1-1	one_assay_suffix	3m	1	nan	T cell	CL:0000738	T cell	facs	3_38_F	809295.0	1207.0	female	nan	Kidney	nan	6	5
F15-B002314-3_56_F-1-1			3	F15.B002314.3_56_F.1.1-1-1	3_56_F	MAT	False	1	False	F15.B002314.3_56_F.1.1-1-1-1	one_assay_suffix	3m	1	nan	CD4-positive, alpha-beta T cell	CL:0000084	nan	facs	3_56_F	1002983.0	1620.0	female	Fat	MAT	nan	4	21
F15-B003291-3_39_F-1-1			3	F15.B003291.3_39_F.1.1-1-1	3_39_F	Thymus	False	1	False	F15.B003291.3_39_F.1.1-1-1-1	one_assay_suffix	3m	1	nan	thymocyte	CL:0002420	DN to DP transition (most are Cd8+/ Cd4+, some undergoing VDJ recombination)	facs	3_39_F	1367570.0	1749.0	female	Flowthrough	Thymus	nan	21	23
F15-MAA001884-3_38_F-1-1			3	F15.MAA001884.3_38_F.1.1-1-1	3_38_F	Marrow	False	1	False	F15.MAA001884.3_38_F.1.1-1-1-1	one_assay_suffix	3m	1	nan	mature alpha-beta T cell	CL:0000236	BM CD8 + CD4 T cell	facs	3_38_F	1409314.0	2718.0	female	B-cells	Marrow	nan	4	9
F16-B000827-3_38_F-1-1			3	F16.B000827.3_38_F.1.1-1-1	3_38_F	Thymus	False	1	False	F16.B000827.3_38_F.1.1-1-1-1	one_assay_suffix	3m	1	nan	DN4 thymocyte	CL:0002420	DN4 thymocyte	facs	3_38_F	592868.0	2419.0	female	Flowthrough	Thymus	nan	6	5
F16-B002314-3_56_F-1-1			3	F16.B002314.3_56_F.1.1-1-1	3_56_F	MAT	False	1	False	F16.B002314.3_56_F.1.1-1-1-1	one_assay_suffix	3m	1	nan	CD4-positive, alpha-beta T cell	CL:0000084	nan	facs	3_56_F	760635.0	1647.0	female	Fat	MAT	nan	4	21
F16-B003291-3_39_F-1-1	30.0	2.0	3	F16.B003291.3_39_F.1.1-1-1	3_39_F	Thymus	True	1	False	F16.B003291.3_39_F.1.1-1-1-1	one_assay_suffix	3m	1	nan	thymocyte	CL:0002420	DN to DP transition (most are Cd8+/ Cd4+, some undergoing VDJ recombination)	facs	3_39_F	1876600.0	1414.0	female	Flowthrough	Thymus	nan	21	23
F16-D045140-3_38_F-1-1	38.0	2.0	3	F16.D045140.3_38_F.1.1-1-1	3_38_F	Marrow	True	1	False		unmatched																
F16-MAA000385-3_10_M-1-1			3	F16.MAA000385.3_10_M.1.1-1-1	3_10_M	SCAT	False	1	False	F16.MAA000385.3_10_M.1.1-1-1-1	one_assay_suffix	3m	1	nan	CD8-positive, alpha-beta T cell	CL:0000084	nan	facs	3_10_M	701849.0	2840.0	male	Fat	SCAT	nan	4	9
F16-MAA000607-3_9_M-1-1			3	F16.MAA000607.3_9_M.1.1-1-1	3_9_M	Thymus	False	1	False	F16.MAA000607.3_9_M.1.1-1-1-1	one_assay_suffix	3m	1	nan	DN4 thymocyte	CL:0002420	DN4 thymocyte	facs	3_9_M	176433.0	1655.0	male	nan	Thymus	nan	6	5
F16-MAA000877-3_11_M-1-1			3	F16.MAA000877.3_11_M.1.1-1-1	3_11_M	MAT	False	1	False	F16.MAA000877.3_11_M.1.1-1-1-1	one_assay_suffix	3m	1	nan	CD8-positive, alpha-beta T cell	CL:0000084	nan	facs	3_11_M	1728893.0	2166.0	male	Fat	MAT	nan	6	9
F16-MAA000880-3_11_M-1-1			3	F16.MAA000880.3_11_M.1.1-1-1	3_11_M	Thymus	False	1	False	F16.MAA000880.3_11_M.1.1-1-1-1	one_assay_suffix	3m	1	nan	thymocyte	CL:0002420	DN to DP transition (most are Cd8+/ Cd4+, some undergoing VDJ recombination)	facs	3_11_M	534765.0	1354.0	male	nan	Thymus	nan	21	23
F17-B000827-3_38_F-1-1			3	F17.B000827.3_38_F.1.1-1-1	3_38_F	Thymus	False	1	False	F17.B000827.3_38_F.1.1-1-1-1	one_assay_suffix	3m	1	nan	DN4 thymocyte	CL:0002420	DN4 thymocyte	facs	3_38_F	772591.0	2174.0	female	Flowthrough	Thymus	nan	6	5
F17-B003291-3_39_F-1-1			3	F17.B003291.3_39_F.1.1-1-1	3_39_F	Thymus	False	1	False	F17.B003291.3_39_F.1.1-1-1-1	one_assay_suffix	3m	1	nan	thymocyte	CL:0002420	DN to DP transition (most are Cd8+/ Cd4+, some undergoing VDJ recombination)	facs	3_39_F	924687.0	1500.0	female	Flowthrough	Thymus	nan	21	23
F17-MAA000607-3_9_M-1-1			3	F17.MAA000607.3_9_M.1.1-1-1	3_9_M	Thymus	False	1	False	F17.MAA000607.3_9_M.1.1-1-1-1	one_assay_suffix	3m	1	nan	thymocyte	CL:0002420	DN to DP transition (most are Cd8+/ Cd4+, some undergoing VDJ recombination)	facs	3_9_M	187814.0	2034.0	male	nan	Thymus	nan	21	23
F18-B000827-3_38_F-1-1			3	F18.B000827.3_38_F.1.1-1-1	3_38_F	Thymus	False	1	False	F18.B000827.3_38_F.1.1-1-1-1	one_assay_suffix	3m	1	nan	DN4 thymocyte	CL:0002420	DN4 thymocyte	facs	3_38_F	359057.0	2307.0	female	Flowthrough	Thymus	nan	6	5
F18-B003275-3_38_F-1-1			3	F18.B003275.3_38_F.1.1-1-1	3_38_F	Brain_Non-Myeloid	False	1	False	F18.B003275.3_38_F.1.1-1-1-1	one_assay_suffix	3m	1	nan	CD8-positive, alpha-beta T cell	CL:0000128	nan	facs	3_38_F	635356.0	2083.0	female	Hippocampus	Brain_Non-Myeloid	nan	4	9
F18-B003291-3_39_F-1-1			3	F18.B003291.3_39_F.1.1-1-1	3_39_F	Thymus	False	1	False	F18.B003291.3_39_F.1.1-1-1-1	one_assay_suffix	3m	1	nan	thymocyte	CL:0002420	DN to DP transition (most are Cd8+/ Cd4+, some undergoing VDJ recombination)	facs	3_39_F	1307241.0	1237.0	female	Flowthrough	Thymus	nan	21	23
F18-MAA000607-3_9_M-1-1			3	F18.MAA000607.3_9_M.1.1-1-1	3_9_M	Thymus	False	1	False	F18.MAA000607.3_9_M.1.1-1-1-1	one_assay_suffix	3m	1	nan	thymocyte	CL:0002420	DN to DP transition (most are Cd8+/ Cd4+, some undergoing VDJ recombination)	facs	3_9_M	119260.0	1255.0	male	nan	Thymus	nan	21	23
F18-MAA000880-3_11_M-1-1			3	F18.MAA000880.3_11_M.1.1-1-1	3_11_M	Thymus	False	1	False	F18.MAA000880.3_11_M.1.1-1-1-1	one_assay_suffix	3m	1	nan	thymocyte	CL:0002420	proliferating thymocyte; DN to DP transition, dividing (some are Cd8+/ Cd4+, some undergoing VDJ recombination)	facs	3_11_M	942735.0	2588.0	male	nan	Thymus	nan	21	23
F19-B000827-3_38_F-1-1			3	F19.B000827.3_38_F.1.1-1-1	3_38_F	Thymus	False	1	False	F19.B000827.3_38_F.1.1-1-1-1	one_assay_suffix	3m	1	nan	DN4 thymocyte	CL:0002420	DN4 thymocyte	facs	3_38_F	516832.0	1783.0	female	Flowthrough	Thymus	nan	6	5
F19-B001750-3_38_F-1-1			3	F19.B001750.3_38_F.1.1-1-1	3_38_F	Spleen	False	1	False	F19.B001750.3_38_F.1.1-1-1-1	one_assay_suffix	3m	1	nan	CD8-positive, alpha-beta T cell	CL:0000084	Cd3e T cell	facs	3_38_F	349899.0	2016.0	female	nan	Spleen	nan	6	5
F19-B003291-3_39_F-1-1			3	F19.B003291.3_39_F.1.1-1-1	3_39_F	Thymus	False	1	False	F19.B003291.3_39_F.1.1-1-1-1	one_assay_suffix	3m	1	nan	thymocyte	CL:0002420	DN to DP transition (most are Cd8+/ Cd4+, some undergoing VDJ recombination)	facs	3_39_F	2099271.0	1236.0	female	Flowthrough	Thymus	nan	21	23
F19-MAA000607-3_9_M-1-1			3	F19.MAA000607.3_9_M.1.1-1-1	3_9_M	Thymus	False	1	False	F19.MAA000607.3_9_M.1.1-1-1-1	one_assay_suffix	3m	1	nan	DN4 thymocyte	CL:0002420	DN4 thymocyte	facs	3_9_M	234060.0	1896.0	male	nan	Thymus	nan	6	5
F19-MAA000880-3_11_M-1-1			3	F19.MAA000880.3_11_M.1.1-1-1	3_11_M	Thymus	False	1	False	F19.MAA000880.3_11_M.1.1-1-1-1	one_assay_suffix	3m	1	nan	DN4 thymocyte	CL:0002420	DN4 thymocyte	facs	3_11_M	1086914.0	1501.0	male	nan	Thymus	nan	6	5
F2-B000827-3_38_F-1-1			3	F2.B000827.3_38_F.1.1-1-1	3_38_F	Thymus	False	1	False	F2.B000827.3_38_F.1.1-1-1-1	one_assay_suffix	3m	1	nan	DN4 thymocyte	CL:0002420	DN4 thymocyte	facs	3_38_F	601046.0	1810.0	female	Flowthrough	Thymus	nan	6	5
F2-B000971-3_39_F-1-1			3	F2.B000971.3_39_F.1.1-1-1	3_39_F	Spleen	False	1	False	F2.B000971.3_39_F.1.1-1-1-1	one_assay_suffix	3m	1	nan	CD8-positive, alpha-beta T cell	CL:0000084	nan	facs	3_39_F	717110.0	1913.0	female	nan	Spleen	nan	4	9
F2-B003291-3_39_F-1-1			3	F2.B003291.3_39_F.1.1-1-1	3_39_F	Thymus	False	1	False	F2.B003291.3_39_F.1.1-1-1-1	one_assay_suffix	3m	1	nan	thymocyte	CL:0002420	DN to DP transition (most are Cd8+/ Cd4+, some undergoing VDJ recombination)	facs	3_39_F	703551.0	1663.0	female	Flowthrough	Thymus	nan	21	23
F2-MAA000607-3_9_M-1-1			3	F2.MAA000607.3_9_M.1.1-1-1	3_9_M	Thymus	False	1	False	F2.MAA000607.3_9_M.1.1-1-1-1	one_assay_suffix	3m	1	nan	DN4 thymocyte	CL:0002420	DN4 thymocyte	facs	3_9_M	342669.0	2673.0	male	nan	Thymus	nan	6	5
F2-MAA000779-3_11_M-1-1			3	F2.MAA000779.3_11_M.1.1-1-1	3_11_M	Spleen	False	1	False	F2.MAA000779.3_11_M.1.1-1-1-1	one_assay_suffix	3m	1	nan	CD8-positive, alpha-beta T cell	CL:0000084	Cd3e T cell	facs	3_11_M	242280.0	1560.0	male	nan	Spleen	nan	6	5
F20-B000827-3_38_F-1-1			3	F20.B000827.3_38_F.1.1-1-1	3_38_F	Thymus	False	1	False	F20.B000827.3_38_F.1.1-1-1-1	one_assay_suffix	3m	1	nan	DN4 thymocyte	CL:0002420	DN4 thymocyte	facs	3_38_F	578910.0	2019.0	female	Flowthrough	Thymus	nan	6	5
F20-B003291-3_39_F-1-1			3	F20.B003291.3_39_F.1.1-1-1	3_39_F	Thymus	False	1	False	F20.B003291.3_39_F.1.1-1-1-1	one_assay_suffix	3m	1	nan	thymocyte	CL:0002420	DN to DP transition (most are Cd8+/ Cd4+, some undergoing VDJ recombination)	facs	3_39_F	2148431.0	1133.0	female	Flowthrough	Thymus	nan	21	23
F20-MAA000607-3_9_M-1-1			3	F20.MAA000607.3_9_M.1.1-1-1	3_9_M	Thymus	False	1	False	F20.MAA000607.3_9_M.1.1-1-1-1	one_assay_suffix	3m	1	nan	thymocyte	CL:0002420	DN to DP transition (most are Cd8+/ Cd4+, some undergoing VDJ recombination)	facs	3_9_M	174203.0	1406.0	male	nan	Thymus	nan	21	23
F20-MAA000880-3_11_M-1-1			3	F20.MAA000880.3_11_M.1.1-1-1	3_11_M	Thymus	False	1	False	F20.MAA000880.3_11_M.1.1-1-1-1	one_assay_suffix	3m	1	nan	DN4 thymocyte	CL:0002420	DN4 thymocyte	facs	3_11_M	865056.0	1406.0	male	nan	Thymus	nan	6	5
F21-B000827-3_38_F-1-1			3	F21.B000827.3_38_F.1.1-1-1	3_38_F	Thymus	False	1	False	F21.B000827.3_38_F.1.1-1-1-1	one_assay_suffix	3m	1	nan	DN4 thymocyte	CL:0002420	DN4 thymocyte	facs	3_38_F	964305.0	2166.0	female	Flowthrough	Thymus	nan	6	5
F21-B003291-3_39_F-1-1			3	F21.B003291.3_39_F.1.1-1-1	3_39_F	Thymus	False	1	False	F21.B003291.3_39_F.1.1-1-1-1	one_assay_suffix	3m	1	nan	thymocyte	CL:0002420	DN to DP transition (most are Cd8+/ Cd4+, some undergoing VDJ recombination)	facs	3_39_F	1419033.0	945.0	female	Flowthrough	Thymus	nan	21	23
F21-MAA000508-3_9_M-1-1			3	F21.MAA000508.3_9_M.1.1-1-1	3_9_M	Spleen	False	1	False	F21.MAA000508.3_9_M.1.1-1-1-1	one_assay_suffix	3m	1	nan	CD8-positive, alpha-beta T cell	CL:0000084	Cd3e T cell	facs	3_9_M	253966.0	2218.0	male	nan	Spleen	nan	6	5
F21-MAA000530-3_8_M-1-1			3	F21.MAA000530.3_8_M.1.1-1-1	3_8_M	Lung	False	1	False	F21.MAA000530.3_8_M.1.1-1-1-1	one_assay_suffix	3m	1	nan	CD4-positive, alpha-beta T cell	CL:0000084	CD4+ T	facs	3_8_M	850317.0	2019.0	male	nan	Lung	nan	4	21
F21-MAA000607-3_9_M-1-1			3	F21.MAA000607.3_9_M.1.1-1-1	3_9_M	Thymus	False	1	False	F21.MAA000607.3_9_M.1.1-1-1-1	one_assay_suffix	3m	1	nan	thymocyte	CL:0002420	DN to DP transition (most are Cd8+/ Cd4+, some undergoing VDJ recombination)	facs	3_9_M	130053.0	1511.0	male	nan	Thymus	nan	21	23
F21-MAA000880-3_11_M-1-1			3	F21.MAA000880.3_11_M.1.1-1-1	3_11_M	Thymus	False	1	False	F21.MAA000880.3_11_M.1.1-1-1-1	one_assay_suffix	3m	1	nan	DN4 thymocyte	CL:0002420	DN4 thymocyte	facs	3_11_M	488916.0	1495.0	male	nan	Thymus	nan	6	5
F21-MAA000891-3_10_M-1-1			3	F21.MAA000891.3_10_M.1.1-1-1	3_10_M	Lung	False	1	False	F21.MAA000891.3_10_M.1.1-1-1-1	one_assay_suffix	3m	1	nan	NK cell	CL:0000623	Natural Killer	facs	3_10_M	1523611.0	2868.0	male	nan	Lung	nan	40	47
F21-MAA000907-3_11_M-1-1			3	F21.MAA000907.3_11_M.1.1-1-1	3_11_M	Liver	False	1	False	F21.MAA000907.3_11_M.1.1-1-1-1	one_assay_suffix	3m	1	nan	T cell	CL:0000623	nan	facs	3_11_M	311365.0	1782.0	male	Non-hepatocytes	Liver	nan	6	5
F22-B003291-3_39_F-1-1			3	F22.B003291.3_39_F.1.1-1-1	3_39_F	Thymus	False	1	False	F22.B003291.3_39_F.1.1-1-1-1	one_assay_suffix	3m	1	nan	thymocyte	CL:0002420	DN to DP transition (most are Cd8+/ Cd4+, some undergoing VDJ recombination)	facs	3_39_F	1701672.0	1043.0	female	Flowthrough	Thymus	nan	21	23
F22-MAA000607-3_9_M-1-1			3	F22.MAA000607.3_9_M.1.1-1-1	3_9_M	Thymus	False	1	False	F22.MAA000607.3_9_M.1.1-1-1-1	one_assay_suffix	3m	1	nan	DN4 thymocyte	CL:0002420	DN4 thymocyte	facs	3_9_M	110547.0	1434.0	male	nan	Thymus	nan	21	23
F22-MAA000609-3_8_M-1-1			3	F22.MAA000609.3_8_M.1.1-1-1	3_8_M	Thymus	False	1	False	F22.MAA000609.3_8_M.1.1-1-1-1	one_assay_suffix	3m	1	nan	thymocyte	CL:0002420	DN to DP transition (most are Cd8+/ Cd4+, some undergoing VDJ recombination)	facs	3_8_M	425259.0	2537.0	male	nan	Thymus	nan	21	23
F22-MAA000880-3_11_M-1-1			3	F22.MAA000880.3_11_M.1.1-1-1	3_11_M	Thymus	False	1	False	F22.MAA000880.3_11_M.1.1-1-1-1	one_assay_suffix	3m	1	nan	DN4 thymocyte	CL:0002420	DN4 thymocyte	facs	3_11_M	710603.0	1694.0	male	nan	Thymus	nan	6	5
F3-B000827-3_38_F-1-1			3	F3.B000827.3_38_F.1.1-1-1	3_38_F	Thymus	False	1	False	F3.B000827.3_38_F.1.1-1-1-1	one_assay_suffix	3m	1	nan	DN4 thymocyte	CL:0002420	DN4 thymocyte	facs	3_38_F	655548.0	1984.0	female	Flowthrough	Thymus	nan	6	5
F3-B003291-3_39_F-1-1			3	F3.B003291.3_39_F.1.1-1-1	3_39_F	Thymus	False	1	False	F3.B003291.3_39_F.1.1-1-1-1	one_assay_suffix	3m	1	nan	DN4 thymocyte	CL:0002420	DN4 thymocyte	facs	3_39_F	2350007.0	2579.0	female	Flowthrough	Thymus	nan	6	5
F3-MAA000607-3_9_M-1-1			3	F3.MAA000607.3_9_M.1.1-1-1	3_9_M	Thymus	False	1	False	F3.MAA000607.3_9_M.1.1-1-1-1	one_assay_suffix	3m	1	nan	DN4 thymocyte	CL:0002420	DN4 thymocyte	facs	3_9_M	318048.0	2370.0	male	nan	Thymus	nan	6	5
F4-B000827-3_38_F-1-1			3	F4.B000827.3_38_F.1.1-1-1	3_38_F	Thymus	False	1	False	F4.B000827.3_38_F.1.1-1-1-1	one_assay_suffix	3m	1	nan	DN4 thymocyte	CL:0002420	DN4 thymocyte	facs	3_38_F	540894.0	1814.0	female	Flowthrough	Thymus	nan	6	5
F4-B000971-3_39_F-1-1			3	F4.B000971.3_39_F.1.1-1-1	3_39_F	Spleen	False	1	False	F4.B000971.3_39_F.1.1-1-1-1	one_assay_suffix	3m	1	nan	CD4-positive, alpha-beta T cell	CL:0000084	Cd3e T cell	facs	3_39_F	2161995.0	2268.0	female	nan	Spleen	nan	4	21
F4-B003291-3_39_F-1-1			3	F4.B003291.3_39_F.1.1-1-1	3_39_F	Thymus	False	1	False	F4.B003291.3_39_F.1.1-1-1-1	one_assay_suffix	3m	1	nan	thymocyte	CL:0002420	DN to DP transition (most are Cd8+/ Cd4+, some undergoing VDJ recombination)	facs	3_39_F	1653474.0	1610.0	female	Flowthrough	Thymus	nan	21	23
F4-MAA000607-3_9_M-1-1			3	F4.MAA000607.3_9_M.1.1-1-1	3_9_M	Thymus	False	1	False	F4.MAA000607.3_9_M.1.1-1-1-1	one_assay_suffix	3m	1	nan	DN4 thymocyte	CL:0002420	DN4 thymocyte	facs	3_9_M	270627.0	1994.0	male	nan	Thymus	nan	6	5
F5-B000827-3_38_F-1-1			3	F5.B000827.3_38_F.1.1-1-1	3_38_F	Thymus	False	1	False	F5.B000827.3_38_F.1.1-1-1-1	one_assay_suffix	3m	1	nan	DN4 thymocyte	CL:0002420	DN4 thymocyte	facs	3_38_F	641802.0	1993.0	female	Flowthrough	Thymus	nan	6	5
F5-MAA000607-3_9_M-1-1			3	F5.MAA000607.3_9_M.1.1-1-1	3_9_M	Thymus	False	1	False	F5.MAA000607.3_9_M.1.1-1-1-1	one_assay_suffix	3m	1	nan	DN4 thymocyte	CL:0002420	DN4 thymocyte	facs	3_9_M	321674.0	2192.0	male	nan	Thymus	nan	6	5
F6-B000827-3_38_F-1-1			3	F6.B000827.3_38_F.1.1-1-1	3_38_F	Thymus	False	1	False	F6.B000827.3_38_F.1.1-1-1-1	one_assay_suffix	3m	1	nan	DN4 thymocyte	CL:0002420	DN4 thymocyte	facs	3_38_F	1122174.0	2713.0	female	Flowthrough	Thymus	nan	6	5
F6-B003291-3_39_F-1-1			3	F6.B003291.3_39_F.1.1-1-1	3_39_F	Thymus	False	1	False	F6.B003291.3_39_F.1.1-1-1-1	one_assay_suffix	3m	1	nan	thymocyte	CL:0002420	DN to DP transition (most are Cd8+/ Cd4+, some undergoing VDJ recombination)	facs	3_39_F	1341989.0	1865.0	female	Flowthrough	Thymus	nan	21	23
F6-MAA000607-3_9_M-1-1			3	F6.MAA000607.3_9_M.1.1-1-1	3_9_M	Thymus	False	1	False	F6.MAA000607.3_9_M.1.1-1-1-1	one_assay_suffix	3m	1	nan	thymocyte	CL:0002420	DN to DP transition (most are Cd8+/ Cd4+, some undergoing VDJ recombination)	facs	3_9_M	135235.0	1311.0	male	nan	Thymus	nan	21	23
F7-B000827-3_38_F-1-1			3	F7.B000827.3_38_F.1.1-1-1	3_38_F	Thymus	False	1	False	F7.B000827.3_38_F.1.1-1-1-1	one_assay_suffix	3m	1	nan	DN4 thymocyte	CL:0002420	DN4 thymocyte	facs	3_38_F	803326.0	1879.0	female	Flowthrough	Thymus	nan	6	5
F7-MAA000607-3_9_M-1-1			3	F7.MAA000607.3_9_M.1.1-1-1	3_9_M	Thymus	False	1	False	F7.MAA000607.3_9_M.1.1-1-1-1	one_assay_suffix	3m	1	nan	thymocyte	CL:0002420	DN to DP transition (most are Cd8+/ Cd4+, some undergoing VDJ recombination)	facs	3_9_M	260623.0	2103.0	male	nan	Thymus	nan	21	23
F7-MAA000609-3_8_M-1-1			3	F7.MAA000609.3_8_M.1.1-1-1	3_8_M	Thymus	False	1	False	F7.MAA000609.3_8_M.1.1-1-1-1	one_assay_suffix	3m	1	nan	DN4 thymocyte	CL:0002420	DN4 thymocyte	facs	3_8_M	1213552.0	2501.0	male	nan	Thymus	nan	6	5
F8-B000827-3_38_F-1-1			3	F8.B000827.3_38_F.1.1-1-1	3_38_F	Thymus	False	1	False	F8.B000827.3_38_F.1.1-1-1-1	one_assay_suffix	3m	1	nan	DN4 thymocyte	CL:0002420	DN4 thymocyte	facs	3_38_F	416178.0	1897.0	female	Flowthrough	Thymus	nan	6	5
F8-B003291-3_39_F-1-1			3	F8.B003291.3_39_F.1.1-1-1	3_39_F	Thymus	False	1	False	F8.B003291.3_39_F.1.1-1-1-1	one_assay_suffix	3m	1	nan	thymocyte	CL:0002420	DN to DP transition (most are Cd8+/ Cd4+, some undergoing VDJ recombination)	facs	3_39_F	798456.0	1291.0	female	Flowthrough	Thymus	nan	21	23
F8-MAA000442-3_11_M-1-1			3	F8.MAA000442.3_11_M.1.1-1-1	3_11_M	BAT	False	1	False	F8.MAA000442.3_11_M.1.1-1-1-1	one_assay_suffix	3m	1	nan	T cell	CL:0000084	nan	facs	3_11_M	791189.0	2108.0	male	Fat	BAT	nan	4	5
F8-MAA000556-3_9_M-1-1			3	F8.MAA000556.3_9_M.1.1-1-1	3_9_M	BAT	False	1	False	F8.MAA000556.3_9_M.1.1-1-1-1	one_assay_suffix	3m	1	nan	T cell	CL:0000084	nan	facs	3_9_M	626361.0	2430.0	male	Fat	BAT	nan	6	5
F8-MAA000607-3_9_M-1-1			3	F8.MAA000607.3_9_M.1.1-1-1	3_9_M	Thymus	False	1	False	F8.MAA000607.3_9_M.1.1-1-1-1	one_assay_suffix	3m	1	nan	thymocyte	CL:0002420	DN to DP transition (most are Cd8+/ Cd4+, some undergoing VDJ recombination)	facs	3_9_M	154580.0	1343.0	male	nan	Thymus	nan	21	23
F9-B003291-3_39_F-1-1			3	F9.B003291.3_39_F.1.1-1-1	3_39_F	Thymus	False	1	False	F9.B003291.3_39_F.1.1-1-1-1	one_assay_suffix	3m	1	nan	thymocyte	CL:0002420	DN to DP transition (most are Cd8+/ Cd4+, some undergoing VDJ recombination)	facs	3_39_F	446794.0	1331.0	female	Flowthrough	Thymus	nan	21	23
F9-D045067-3_38_F-1-1			3	F9.D045067.3_38_F.1.1-1-1	3_38_F	GAT	False	1	False	F9.D045067.3_38_F.1.1-1-1-1	one_assay_suffix	3m	1	nan	CD4-positive, alpha-beta T cell	CL:0000084	nan	facs	3_38_F	727490.0	1381.0	female	Fat	GAT	nan	6	5
F9-MAA000385-3_10_M-1-1			3	F9.MAA000385.3_10_M.1.1-1-1	3_10_M	SCAT	False	1	False	F9.MAA000385.3_10_M.1.1-1-1-1	one_assay_suffix	3m	1	nan	T cell	CL:0000084	nan	facs	3_10_M	794939.0	2746.0	male	Fat	SCAT	nan	6	5
F9-MAA000607-3_9_M-1-1			3	F9.MAA000607.3_9_M.1.1-1-1	3_9_M	Thymus	False	1	False	F9.MAA000607.3_9_M.1.1-1-1-1	one_assay_suffix	3m	1	nan	DN4 thymocyte	CL:0002420	DN4 thymocyte	facs	3_9_M	213972.0	2022.0	male	nan	Thymus	nan	6	5
F9-MAA000609-3_8_M-1-1			3	F9.MAA000609.3_8_M.1.1-1-1	3_8_M	Thymus	False	1	False	F9.MAA000609.3_8_M.1.1-1-1-1	one_assay_suffix	3m	1	nan	thymocyte	CL:0002420	DN to DP transition (most are Cd8+/ Cd4+, some undergoing VDJ recombination)	facs	3_8_M	55379.0	973.0	male	nan	Thymus	nan	21	23
F9-MAA000877-3_11_M-1-1			3	F9.MAA000877.3_11_M.1.1-1-1	3_11_M	MAT	False	1	False	F9.MAA000877.3_11_M.1.1-1-1-1	one_assay_suffix	3m	1	nan	CD8-positive, alpha-beta T cell	CL:0000084	nan	facs	3_11_M	617992.0	1609.0	male	Fat	MAT	nan	4	9
F9-MAA000880-3_11_M-1-1			3	F9.MAA000880.3_11_M.1.1-1-1	3_11_M	Thymus	False	1	False	F9.MAA000880.3_11_M.1.1-1-1-1	one_assay_suffix	3m	1	nan	DN4 thymocyte	CL:0002420	DN4 thymocyte	facs	3_11_M	405902.0	1100.0	male	nan	Thymus	nan	6	5
F9-MAA001865-3_38_F-1-1			3	F9.MAA001865.3_38_F.1.1-1-1	3_38_F	Trachea	False	1	False	F9.MAA001865.3_38_F.1.1-1-1-1	one_assay_suffix	3m	1	nan	T cell	CL:0000081	nan	facs	3_38_F	777644.0	3955.0	female	nan	Trachea	nan	21	23
G1-B000827-3_38_F-1-1	43.0	2.0	3	G1.B000827.3_38_F.1.1-1-1	3_38_F	Thymus	True	1	False	G1.B000827.3_38_F.1.1-1-1-1	one_assay_suffix	3m	1	nan	DN4 thymocyte	CL:0002420	DN4 thymocyte	facs	3_38_F	1583901.0	1940.0	female	Flowthrough	Thymus	nan	6	5
G1-B003291-3_39_F-1-1			3	G1.B003291.3_39_F.1.1-1-1	3_39_F	Thymus	False	1	False	G1.B003291.3_39_F.1.1-1-1-1	one_assay_suffix	3m	1	nan	thymocyte	CL:0002420	DN to DP transition (most are Cd8+/ Cd4+, some undergoing VDJ recombination)	facs	3_39_F	1590010.0	1933.0	female	Flowthrough	Thymus	nan	21	23
G1-MAA000607-3_9_M-1-1			3	G1.MAA000607.3_9_M.1.1-1-1	3_9_M	Thymus	False	1	False	G1.MAA000607.3_9_M.1.1-1-1-1	one_assay_suffix	3m	1	nan	thymocyte	CL:0002420	DN to DP transition (most are Cd8+/ Cd4+, some undergoing VDJ recombination)	facs	3_9_M	294162.0	1912.0	male	nan	Thymus	nan	6	23
G10-B000827-3_38_F-1-1			3	G10.B000827.3_38_F.1.1-1-1	3_38_F	Thymus	False	1	False	G10.B000827.3_38_F.1.1-1-1-1	one_assay_suffix	3m	1	nan	DN4 thymocyte	CL:0002420	DN4 thymocyte	facs	3_38_F	493097.0	1549.0	female	Flowthrough	Thymus	nan	6	5
G10-B001960-3_56_F-1-1			3	G10.B001960.3_56_F.1.1-1-1	3_56_F	BAT	False	1	False	G10.B001960.3_56_F.1.1-1-1-1	one_assay_suffix	3m	1	nan	NK cell	CL:0000084	nan	facs	3_56_F	3150442.0	2073.0	female	Fat	BAT	nan	4	9
G10-B002314-3_56_F-1-1			3	G10.B002314.3_56_F.1.1-1-1	3_56_F	MAT	False	1	False	G10.B002314.3_56_F.1.1-1-1-1	one_assay_suffix	3m	1	nan	CD8-positive, alpha-beta T cell	CL:0000084	nan	facs	3_56_F	2001280.0	2760.0	female	Fat	MAT	nan	4	9
G10-B003291-3_39_F-1-1			3	G10.B003291.3_39_F.1.1-1-1	3_39_F	Thymus	False	1	False	G10.B003291.3_39_F.1.1-1-1-1	one_assay_suffix	3m	1	nan	thymocyte	CL:0002420	DN to DP transition (most are Cd8+/ Cd4+, some undergoing VDJ recombination)	facs	3_39_F	1283442.0	1778.0	female	Flowthrough	Thymus	nan	21	23
G10-MAA000556-3_9_M-1-1			3	G10.MAA000556.3_9_M.1.1-1-1	3_9_M	BAT	False	1	False	G10.MAA000556.3_9_M.1.1-1-1-1	one_assay_suffix	3m	1	nan	T cell	CL:0000084	nan	facs	3_9_M	547052.0	2672.0	male	Fat	BAT	nan	6	5
G10-MAA000607-3_9_M-1-1			3	G10.MAA000607.3_9_M.1.1-1-1	3_9_M	Thymus	False	1	False	G10.MAA000607.3_9_M.1.1-1-1-1	one_assay_suffix	3m	1	nan	thymocyte	CL:0002420	proliferating thymocyte; DN to DP transition, dividing (some are Cd8+/ Cd4+, some undergoing VDJ recombination)	facs	3_9_M	581138.0	3143.0	male	nan	Thymus	nan	21	23
G10-MAA000877-3_11_M-1-1			3	G10.MAA000877.3_11_M.1.1-1-1	3_11_M	MAT	False	1	False	G10.MAA000877.3_11_M.1.1-1-1-1	one_assay_suffix	3m	1	nan	CD4-positive, alpha-beta T cell	CL:0000084	nan	facs	3_11_M	1127149.0	3261.0	male	Fat	MAT	nan	4	21
G10-MAA000880-3_11_M-1-1			3	G10.MAA000880.3_11_M.1.1-1-1	3_11_M	Thymus	False	1	False	G10.MAA000880.3_11_M.1.1-1-1-1	one_assay_suffix	3m	1	nan	DN4 thymocyte	CL:0002420	DN4 thymocyte	facs	3_11_M	529886.0	1123.0	male	nan	Thymus	nan	6	5
G10-MAA000934-3_9_M-1-1			3	G10.MAA000934.3_9_M.1.1-1-1	3_9_M	SCAT	False	1	False	G10.MAA000934.3_9_M.1.1-1-1-1	one_assay_suffix	3m	1	nan	T cell	CL:0000084	nan	facs	3_9_M	125054.0	1826.0	male	Fat	SCAT	nan	4	21
G11-B000827-3_38_F-1-1			3	G11.B000827.3_38_F.1.1-1-1	3_38_F	Thymus	False	1	False	G11.B000827.3_38_F.1.1-1-1-1	one_assay_suffix	3m	1	nan	DN4 thymocyte	CL:0002420	DN4 thymocyte	facs	3_38_F	505661.0	2084.0	female	Flowthrough	Thymus	nan	6	5
G11-B001216-3_38_F-1-1			3	G11.B001216.3_38_F.1.1-1-1	3_38_F	BAT	False	1	False	G11.B001216.3_38_F.1.1-1-1-1	one_assay_suffix	3m	1	nan	T cell	CL:0000084	nan	facs	3_38_F	738649.0	1328.0	female	Fat	BAT	nan	4	5
G11-B003291-3_39_F-1-1			3	G11.B003291.3_39_F.1.1-1-1	3_39_F	Thymus	False	1	False	G11.B003291.3_39_F.1.1-1-1-1	one_assay_suffix	3m	1	nan	thymocyte	CL:0002420	DN to DP transition (most are Cd8+/ Cd4+, some undergoing VDJ recombination)	facs	3_39_F	950835.0	1548.0	female	Flowthrough	Thymus	nan	21	23
G11-D045064-3_38_F-1-1			3	G11.D045064.3_38_F.1.1-1-1	3_38_F	MAT	False	1	False	G11.D045064.3_38_F.1.1-1-1-1	one_assay_suffix	3m	1	nan	CD4-positive, alpha-beta T cell	CL:0000084	nan	facs	3_38_F	757007.0	1238.0	female	Fat	MAT	nan	4	5
G11-MAA000607-3_9_M-1-1			3	G11.MAA000607.3_9_M.1.1-1-1	3_9_M	Thymus	False	1	False	G11.MAA000607.3_9_M.1.1-1-1-1	one_assay_suffix	3m	1	nan	thymocyte	CL:0002420	DN to DP transition (most are Cd8+/ Cd4+, some undergoing VDJ recombination)	facs	3_9_M	127120.0	1288.0	male	nan	Thymus	nan	21	23
G12-B000827-3_38_F-1-1			3	G12.B000827.3_38_F.1.1-1-1	3_38_F	Thymus	False	1	False	G12.B000827.3_38_F.1.1-1-1-1	one_assay_suffix	3m	1	nan	DN4 thymocyte	CL:0002420	DN4 thymocyte	facs	3_38_F	567671.0	1905.0	female	Flowthrough	Thymus	nan	6	5
G12-B000971-3_39_F-1-1			3	G12.B000971.3_39_F.1.1-1-1	3_39_F	Spleen	False	1	False	G12.B000971.3_39_F.1.1-1-1-1	one_assay_suffix	3m	1	nan	CD4-positive, alpha-beta T cell	CL:0000084	Cd3e T cell	facs	3_39_F	1506947.0	2045.0	female	nan	Spleen	nan	6	5
G12-B002314-3_56_F-1-1			3	G12.B002314.3_56_F.1.1-1-1	3_56_F	MAT	False	1	False	G12.B002314.3_56_F.1.1-1-1-1	one_assay_suffix	3m	1	nan	CD4-positive, alpha-beta T cell	CL:0000084	nan	facs	3_56_F	1219755.0	1677.0	female	Fat	MAT	nan	6	5
G12-B003291-3_39_F-1-1			3	G12.B003291.3_39_F.1.1-1-1	3_39_F	Thymus	False	1	False	G12.B003291.3_39_F.1.1-1-1-1	one_assay_suffix	3m	1	nan	thymocyte	CL:0002420	DN to DP transition (most are Cd8+/ Cd4+, some undergoing VDJ recombination)	facs	3_39_F	1382638.0	1638.0	female	Flowthrough	Thymus	nan	21	23
G12-MAA000442-3_11_M-1-1			3	G12.MAA000442.3_11_M.1.1-1-1	3_11_M	BAT	False	1	False	G12.MAA000442.3_11_M.1.1-1-1-1	one_assay_suffix	3m	1	nan	T cell	CL:0000084	nan	facs	3_11_M	536946.0	2001.0	male	Fat	BAT	nan	4	5
G12-MAA000607-3_9_M-1-1			3	G12.MAA000607.3_9_M.1.1-1-1	3_9_M	Thymus	False	1	False	G12.MAA000607.3_9_M.1.1-1-1-1	one_assay_suffix	3m	1	nan	DN4 thymocyte	CL:0002420	DN4 thymocyte	facs	3_9_M	264610.0	2186.0	male	nan	Thymus	nan	6	5
G13-B000827-3_38_F-1-1			3	G13.B000827.3_38_F.1.1-1-1	3_38_F	Thymus	False	1	False	G13.B000827.3_38_F.1.1-1-1-1	one_assay_suffix	3m	1	nan	DN4 thymocyte	CL:0002420	DN4 thymocyte	facs	3_38_F	791482.0	1779.0	female	Flowthrough	Thymus	nan	6	5
G13-B003291-3_39_F-1-1			3	G13.B003291.3_39_F.1.1-1-1	3_39_F	Thymus	False	1	False	G13.B003291.3_39_F.1.1-1-1-1	one_assay_suffix	3m	1	nan	thymocyte	CL:0002420	DN to DP transition (most are Cd8+/ Cd4+, some undergoing VDJ recombination)	facs	3_39_F	1150101.0	1419.0	female	Flowthrough	Thymus	nan	21	23
G13-D045064-3_38_F-1-1			3	G13.D045064.3_38_F.1.1-1-1	3_38_F	MAT	False	1	False	G13.D045064.3_38_F.1.1-1-1-1	one_assay_suffix	3m	1	nan	CD4-positive, alpha-beta T cell	CL:0000084	nan	facs	3_38_F	906619.0	1652.0	female	Fat	MAT	nan	6	5
G13-MAA000607-3_9_M-1-1			3	G13.MAA000607.3_9_M.1.1-1-1	3_9_M	Thymus	False	1	False	G13.MAA000607.3_9_M.1.1-1-1-1	one_assay_suffix	3m	1	nan	thymocyte	CL:0002420	DN to DP transition (most are Cd8+/ Cd4+, some undergoing VDJ recombination)	facs	3_9_M	136895.0	1335.0	male	nan	Thymus	nan	21	23
G13-MAA000844-3_10_M-1-1			3	G13.MAA000844.3_10_M.1.1-1-1	3_10_M	Marrow	False	1	False	G13.MAA000844.3_10_M.1.1-1-1-1	one_assay_suffix	3m	1	nan	mature alpha-beta T cell	CL:0002420	BM CD8 + CD4 T cell	facs	3_10_M	601170.0	2503.0	male	T-cells	Marrow	nan	4	9
G13-MAA000877-3_11_M-1-1			3	G13.MAA000877.3_11_M.1.1-1-1	3_11_M	MAT	False	1	False	G13.MAA000877.3_11_M.1.1-1-1-1	one_assay_suffix	3m	1	nan	CD4-positive, alpha-beta T cell	CL:0000084	nan	facs	3_11_M	398370.0	1542.0	male	Fat	MAT	nan	6	5
G14-B000827-3_38_F-1-1			3	G14.B000827.3_38_F.1.1-1-1	3_38_F	Thymus	False	1	False	G14.B000827.3_38_F.1.1-1-1-1	one_assay_suffix	3m	1	nan	DN4 thymocyte	CL:0002420	DN4 thymocyte	facs	3_38_F	518268.0	1630.0	female	Flowthrough	Thymus	nan	6	5
G14-B003291-3_39_F-1-1			3	G14.B003291.3_39_F.1.1-1-1	3_39_F	Thymus	False	1	False	G14.B003291.3_39_F.1.1-1-1-1	one_assay_suffix	3m	1	nan	thymocyte	CL:0002420	DN to DP transition (most are Cd8+/ Cd4+, some undergoing VDJ recombination)	facs	3_39_F	1556489.0	1906.0	female	Flowthrough	Thymus	nan	21	23
G14-MAA000607-3_9_M-1-1			3	G14.MAA000607.3_9_M.1.1-1-1	3_9_M	Thymus	False	1	False	G14.MAA000607.3_9_M.1.1-1-1-1	one_assay_suffix	3m	1	nan	thymocyte	CL:0002420	proliferating thymocyte; DN to DP transition, dividing (some are Cd8+/ Cd4+, some undergoing VDJ recombination)	facs	3_9_M	986202.0	5468.0	male	nan	Thymus	nan	21	23
G14-MAA000844-3_10_M-1-1			3	G14.MAA000844.3_10_M.1.1-1-1	3_10_M	Marrow	False	1	False	G14.MAA000844.3_10_M.1.1-1-1-1	one_assay_suffix	3m	1	nan	mature alpha-beta T cell	CL:0002420	BM CD8 + CD4 T cell	facs	3_10_M	876882.0	3289.0	male	T-cells	Marrow	nan	4	21
G15-B000827-3_38_F-1-1			3	G15.B000827.3_38_F.1.1-1-1	3_38_F	Thymus	False	1	False	G15.B000827.3_38_F.1.1-1-1-1	one_assay_suffix	3m	1	nan	DN4 thymocyte	CL:0002420	DN4 thymocyte	facs	3_38_F	577429.0	2172.0	female	Flowthrough	Thymus	nan	6	5
G15-B002314-3_56_F-1-1			3	G15.B002314.3_56_F.1.1-1-1	3_56_F	MAT	False	1	False	G15.B002314.3_56_F.1.1-1-1-1	one_assay_suffix	3m	1	nan	CD8-positive, alpha-beta T cell	CL:0000084	nan	facs	3_56_F	1088938.0	1820.0	female	Fat	MAT	nan	4	9
G15-B002431-3_39_F-1-1	36.0	2.0	3	G15.B002431.3_39_F.1.1-1-1	3_39_F	Aorta	True	1	False	G15.B002431.3_39_F.1.1-1-1-1	one_assay_suffix	3m	1	nan	professional antigen presenting cell	CL:0000145	nan	facs	3_39_F	1767596.0	1867.0	female	Heart	Aorta	nan	21	23
G15-B003291-3_39_F-1-1			3	G15.B003291.3_39_F.1.1-1-1	3_39_F	Thymus	False	1	False	G15.B003291.3_39_F.1.1-1-1-1	one_assay_suffix	3m	1	nan	thymocyte	CL:0002420	DN to DP transition (most are Cd8+/ Cd4+, some undergoing VDJ recombination)	facs	3_39_F	1372429.0	1313.0	female	Flowthrough	Thymus	nan	21	23
G15-D043520-3_39_F-1-1			3	G15.D043520.3_39_F.1.1-1-1	3_39_F	MAT	False	1	False	G15.D043520.3_39_F.1.1-1-1-1	one_assay_suffix	3m	1	nan	CD8-positive, alpha-beta T cell	CL:0000084	nan	facs	3_39_F	386570.0	1852.0	female	Fat	MAT	nan	6	5
G15-MAA000607-3_9_M-1-1			3	G15.MAA000607.3_9_M.1.1-1-1	3_9_M	Thymus	False	1	False	G15.MAA000607.3_9_M.1.1-1-1-1	one_assay_suffix	3m	1	nan	thymocyte	CL:0002420	DN to DP transition (most are Cd8+/ Cd4+, some undergoing VDJ recombination)	facs	3_9_M	128008.0	1551.0	male	nan	Thymus	nan	21	23
G15-MAA000779-3_11_M-1-1			3	G15.MAA000779.3_11_M.1.1-1-1	3_11_M	Spleen	False	1	False	G15.MAA000779.3_11_M.1.1-1-1-1	one_assay_suffix	3m	1	nan	CD8-positive, alpha-beta T cell	CL:0000084	Cd3e T cell	facs	3_11_M	225679.0	1488.0	male	nan	Spleen	nan	6	5
G15-MAA000880-3_11_M-1-1			3	G15.MAA000880.3_11_M.1.1-1-1	3_11_M	Thymus	False	1	False	G15.MAA000880.3_11_M.1.1-1-1-1	one_assay_suffix	3m	1	nan	DN4 thymocyte	CL:0002420	DN4 thymocyte	facs	3_11_M	1280216.0	2517.0	male	nan	Thymus	nan	6	5
G16-B000827-3_38_F-1-1			3	G16.B000827.3_38_F.1.1-1-1	3_38_F	Thymus	False	1	False	G16.B000827.3_38_F.1.1-1-1-1	one_assay_suffix	3m	1	nan	DN4 thymocyte	CL:0000894	DN4 thymocyte	facs	3_38_F	629683.0	1971.0	female	Flowthrough	Thymus	nan	4	9
G16-B000971-3_39_F-1-1			3	G16.B000971.3_39_F.1.1-1-1	3_39_F	Spleen	False	1	False	G16.B000971.3_39_F.1.1-1-1-1	one_assay_suffix	3m	1	nan	CD4-positive, alpha-beta T cell	CL:0000084	Cd3e T cell	facs	3_39_F	968126.0	2167.0	female	nan	Spleen	nan	4	21
G16-B002314-3_56_F-1-1			3	G16.B002314.3_56_F.1.1-1-1	3_56_F	MAT	False	1	False	G16.B002314.3_56_F.1.1-1-1-1	one_assay_suffix	3m	1	nan	CD4-positive, alpha-beta T cell	CL:0000084	nan	facs	3_56_F	878051.0	1963.0	female	Fat	MAT	nan	6	5
G16-D045067-3_38_F-1-1			3	G16.D045067.3_38_F.1.1-1-1	3_38_F	GAT	False	1	False	G16.D045067.3_38_F.1.1-1-1-1	one_assay_suffix	3m	1	nan	CD4-positive, alpha-beta T cell	CL:0000084	nan	facs	3_38_F	1165431.0	1566.0	female	Fat	GAT	nan	4	21
G16-MAA000607-3_9_M-1-1			3	G16.MAA000607.3_9_M.1.1-1-1	3_9_M	Thymus	False	1	False	G16.MAA000607.3_9_M.1.1-1-1-1	one_assay_suffix	3m	1	nan	DN4 thymocyte	CL:0002420	DN4 thymocyte	facs	3_9_M	253517.0	2093.0	male	nan	Thymus	nan	6	5
G16-MAA000880-3_11_M-1-1			3	G16.MAA000880.3_11_M.1.1-1-1	3_11_M	Thymus	False	1	False	G16.MAA000880.3_11_M.1.1-1-1-1	one_assay_suffix	3m	1	nan	DN4 thymocyte	CL:0002420	DN4 thymocyte	facs	3_11_M	530991.0	1743.0	male	nan	Thymus	nan	6	5
G16-MAA000914-3_9_M-1-1			3	G16.MAA000914.3_9_M.1.1-1-1	3_9_M	MAT	False	1	False	G16.MAA000914.3_9_M.1.1-1-1-1	one_assay_suffix	3m	1	nan	CD4-positive, alpha-beta T cell	CL:0000084	nan	facs	3_9_M	378802.0	3221.0	male	Fat	MAT	nan	6	5
G17-B000827-3_38_F-1-1			3	G17.B000827.3_38_F.1.1-1-1	3_38_F	Thymus	False	1	False	G17.B000827.3_38_F.1.1-1-1-1	one_assay_suffix	3m	1	nan	DN4 thymocyte	CL:0002420	DN4 thymocyte	facs	3_38_F	958501.0	2215.0	female	Flowthrough	Thymus	nan	4	5
G17-B003291-3_39_F-1-1			3	G17.B003291.3_39_F.1.1-1-1	3_39_F	Thymus	False	1	False	G17.B003291.3_39_F.1.1-1-1-1	one_assay_suffix	3m	1	nan	thymocyte	CL:0002420	DN to DP transition (most are Cd8+/ Cd4+, some undergoing VDJ recombination)	facs	3_39_F	2397312.0	2021.0	female	Flowthrough	Thymus	nan	21	23
G17-MAA000880-3_11_M-1-1			3	G17.MAA000880.3_11_M.1.1-1-1	3_11_M	Thymus	False	1	False	G17.MAA000880.3_11_M.1.1-1-1-1	one_assay_suffix	3m	1	nan	DN4 thymocyte	CL:0002420	DN4 thymocyte	facs	3_11_M	746833.0	1358.0	male	nan	Thymus	nan	6	5
G18-B000827-3_38_F-1-1			3	G18.B000827.3_38_F.1.1-1-1	3_38_F	Thymus	False	1	False	G18.B000827.3_38_F.1.1-1-1-1	one_assay_suffix	3m	1	nan	DN4 thymocyte	CL:0002420	DN4 thymocyte	facs	3_38_F	801249.0	2318.0	female	Flowthrough	Thymus	nan	6	5
G18-B003291-3_39_F-1-1	14.0	2.0	3	G18.B003291.3_39_F.1.1-1-1	3_39_F	Thymus	True	1	False	G18.B003291.3_39_F.1.1-1-1-1	one_assay_suffix	3m	1	nan	DN4 thymocyte	CL:0002420	DN4 thymocyte	facs	3_39_F	1091838.0	1513.0	female	Flowthrough	Thymus	nan	6	5
G18-MAA000508-3_9_M-1-1			3	G18.MAA000508.3_9_M.1.1-1-1	3_9_M	Spleen	False	1	False	G18.MAA000508.3_9_M.1.1-1-1-1	one_assay_suffix	3m	1	nan	CD8-positive, alpha-beta T cell	CL:0000084	Cd3e T cell	facs	3_9_M	240043.0	1839.0	male	nan	Spleen	nan	6	5
G18-MAA000607-3_9_M-1-1			3	G18.MAA000607.3_9_M.1.1-1-1	3_9_M	Thymus	False	1	False	G18.MAA000607.3_9_M.1.1-1-1-1	one_assay_suffix	3m	1	nan	thymocyte	CL:0002420	DN to DP transition (most are Cd8+/ Cd4+, some undergoing VDJ recombination)	facs	3_9_M	105565.0	1233.0	male	nan	Thymus	nan	21	23
G19-B000827-3_38_F-1-1			3	G19.B000827.3_38_F.1.1-1-1	3_38_F	Thymus	False	1	False	G19.B000827.3_38_F.1.1-1-1-1	one_assay_suffix	3m	1	nan	DN4 thymocyte	CL:0002420	DN4 thymocyte	facs	3_38_F	690462.0	2328.0	female	Flowthrough	Thymus	nan	6	5
G19-B003291-3_39_F-1-1			3	G19.B003291.3_39_F.1.1-1-1	3_39_F	Thymus	False	1	False	G19.B003291.3_39_F.1.1-1-1-1	one_assay_suffix	3m	1	nan	thymocyte	CL:0002420	proliferating thymocyte; DN to DP transition, dividing (some are Cd8+/ Cd4+, some undergoing VDJ recombination)	facs	3_39_F	3551591.0	2836.0	female	Flowthrough	Thymus	nan	21	23
G19-MAA000609-3_8_M-1-1			3	G19.MAA000609.3_8_M.1.1-1-1	3_8_M	Thymus	False	1	False	G19.MAA000609.3_8_M.1.1-1-1-1	one_assay_suffix	3m	1	nan	thymocyte	CL:0002420	DN to DP transition (most are Cd8+/ Cd4+, some undergoing VDJ recombination)	facs	3_8_M	192109.0	2152.0	male	nan	Thymus	nan	21	23
G19-MAA000880-3_11_M-1-1			3	G19.MAA000880.3_11_M.1.1-1-1	3_11_M	Thymus	False	1	False	G19.MAA000880.3_11_M.1.1-1-1-1	one_assay_suffix	3m	1	nan	thymocyte	CL:0002420	proliferating thymocyte; DN to DP transition, dividing (some are Cd8+/ Cd4+, some undergoing VDJ recombination)	facs	3_11_M	1321769.0	2967.0	male	nan	Thymus	nan	21	23
G2-B000827-3_38_F-1-1			3	G2.B000827.3_38_F.1.1-1-1	3_38_F	Thymus	False	1	False	G2.B000827.3_38_F.1.1-1-1-1	one_assay_suffix	3m	1	nan	DN4 thymocyte	CL:0002420	DN4 thymocyte	facs	3_38_F	1529351.0	2873.0	female	Flowthrough	Thymus	nan	6	5
G2-B003291-3_39_F-1-1			3	G2.B003291.3_39_F.1.1-1-1	3_39_F	Thymus	False	1	False	G2.B003291.3_39_F.1.1-1-1-1	one_assay_suffix	3m	1	nan	thymocyte	CL:0002420	DN to DP transition (most are Cd8+/ Cd4+, some undergoing VDJ recombination)	facs	3_39_F	1005744.0	1332.0	female	Flowthrough	Thymus	nan	21	23
G2-MAA000508-3_9_M-1-1			3	G2.MAA000508.3_9_M.1.1-1-1	3_9_M	Spleen	False	1	False	G2.MAA000508.3_9_M.1.1-1-1-1	one_assay_suffix	3m	1	nan	CD4-positive, alpha-beta T cell	CL:0000084	Cd3e T cell	facs	3_9_M	339738.0	1823.0	male	nan	Spleen	nan	6	5
G2-MAA000607-3_9_M-1-1			3	G2.MAA000607.3_9_M.1.1-1-1	3_9_M	Thymus	False	1	False	G2.MAA000607.3_9_M.1.1-1-1-1	one_assay_suffix	3m	1	nan	thymocyte	CL:0002420	DN to DP transition (most are Cd8+/ Cd4+, some undergoing VDJ recombination)	facs	3_9_M	308344.0	2223.0	male	nan	Thymus	nan	21	23
G2-MAA000844-3_10_M-1-1			3	G2.MAA000844.3_10_M.1.1-1-1	3_10_M	Marrow	False	1	False	G2.MAA000844.3_10_M.1.1-1-1-1	one_assay_suffix	3m	1	nan	CD4-positive, alpha-beta T cell	CL:0000815	BM CD4 T cell	facs	3_10_M	753902.0	2502.0	male	T-cells	Marrow	nan	4	21
G2-MAA001888-3_39_F-1-1			3	G2.MAA001888.3_39_F.1.1-1-1	3_39_F	Marrow	False	1	False	G2.MAA001888.3_39_F.1.1-1-1-1	one_assay_suffix	3m	1	nan	mature alpha-beta T cell	CL:0002420	BM CD8 + CD4 T cell	facs	3_39_F	211544.0	2061.0	female	T-cells	Marrow	nan	4	9
G20-B000827-3_38_F-1-1			3	G20.B000827.3_38_F.1.1-1-1	3_38_F	Thymus	False	1	False	G20.B000827.3_38_F.1.1-1-1-1	one_assay_suffix	3m	1	nan	DN4 thymocyte	CL:0002420	DN4 thymocyte	facs	3_38_F	497653.0	1841.0	female	Flowthrough	Thymus	nan	4	5
G20-B000971-3_39_F-1-1			3	G20.B000971.3_39_F.1.1-1-1	3_39_F	Spleen	False	1	False	G20.B000971.3_39_F.1.1-1-1-1	one_assay_suffix	3m	1	nan	CD4-positive, alpha-beta T cell	CL:0000084	Cd3e T cell	facs	3_39_F	893401.0	1826.0	female	nan	Spleen	nan	6	5
G20-B003291-3_39_F-1-1			3	G20.B003291.3_39_F.1.1-1-1	3_39_F	Thymus	False	1	False	G20.B003291.3_39_F.1.1-1-1-1	one_assay_suffix	3m	1	nan	thymocyte	CL:0002420	DN to DP transition (most are Cd8+/ Cd4+, some undergoing VDJ recombination)	facs	3_39_F	2164373.0	1372.0	female	Flowthrough	Thymus	nan	21	23
G20-MAA000607-3_9_M-1-1			3	G20.MAA000607.3_9_M.1.1-1-1	3_9_M	Thymus	False	1	False	G20.MAA000607.3_9_M.1.1-1-1-1	one_assay_suffix	3m	1	nan	thymocyte	CL:0002420	DN to DP transition (most are Cd8+/ Cd4+, some undergoing VDJ recombination)	facs	3_9_M	198398.0	1701.0	male	nan	Thymus	nan	21	23
G20-MAA000844-3_10_M-1-1			3	G20.MAA000844.3_10_M.1.1-1-1	3_10_M	Marrow	False	1	False	G20.MAA000844.3_10_M.1.1-1-1-1	one_assay_suffix	3m	1	nan	NK cell	CL:0000914	NK cell	facs	3_10_M	772802.0	2822.0	male	T-cells	Marrow	nan	4	9
G20-MAA000907-3_11_M-1-1			3	G20.MAA000907.3_11_M.1.1-1-1	3_11_M	Liver	False	1	False	G20.MAA000907.3_11_M.1.1-1-1-1	one_assay_suffix	3m	1	nan	NK cell	CL:0000623	nan	facs	3_11_M	717478.0	3172.0	male	Non-hepatocytes	Liver	nan	40	47
G21-B000827-3_38_F-1-1			3	G21.B000827.3_38_F.1.1-1-1	3_38_F	Thymus	False	1	False	G21.B000827.3_38_F.1.1-1-1-1	one_assay_suffix	3m	1	nan	DN4 thymocyte	CL:0002420	DN4 thymocyte	facs	3_38_F	916301.0	2049.0	female	Flowthrough	Thymus	nan	6	5
G21-B003291-3_39_F-1-1			3	G21.B003291.3_39_F.1.1-1-1	3_39_F	Thymus	False	1	False	G21.B003291.3_39_F.1.1-1-1-1	one_assay_suffix	3m	1	nan	thymocyte	CL:0002420	DN to DP transition (most are Cd8+/ Cd4+, some undergoing VDJ recombination)	facs	3_39_F	2272827.0	2092.0	female	Flowthrough	Thymus	nan	21	23
G21-MAA000526-3_9_M-1-1			3	G21.MAA000526.3_9_M.1.1-1-1	3_9_M	Lung	False	1	False	G21.MAA000526.3_9_M.1.1-1-1-1	one_assay_suffix	3m	1	nan	CD4-positive, alpha-beta T cell	CL:0000084	CD4+ T	facs	3_9_M	369515.0	1504.0	male	nan	Lung	nan	4	5
G21-MAA000577-3_8_M-1-1			3	G21.MAA000577.3_8_M.1.1-1-1	3_8_M	Pancreas	False	1	False	G21.MAA000577.3_8_M.1.1-1-1-1	one_assay_suffix	3m	1	nan	leukocyte	CL:0000738	nan	facs	3_8_M	1481279.0	1992.0	male	Endocrine	Pancreas	nan	4	9
G21-MAA000607-3_9_M-1-1			3	G21.MAA000607.3_9_M.1.1-1-1	3_9_M	Thymus	False	1	False	G21.MAA000607.3_9_M.1.1-1-1-1	one_assay_suffix	3m	1	nan	thymocyte	CL:0002420	DN to DP transition (most are Cd8+/ Cd4+, some undergoing VDJ recombination)	facs	3_9_M	116835.0	1421.0	male	nan	Thymus	nan	21	23
G21-MAA000609-3_8_M-1-1			3	G21.MAA000609.3_8_M.1.1-1-1	3_8_M	Thymus	False	1	False	G21.MAA000609.3_8_M.1.1-1-1-1	one_assay_suffix	3m	1	nan	thymocyte	CL:0002420	proliferating thymocyte; DN to DP transition, dividing (some are Cd8+/ Cd4+, some undergoing VDJ recombination)	facs	3_8_M	719735.0	4297.0	male	nan	Thymus	nan	21	23
G21-MAA000880-3_11_M-1-1			3	G21.MAA000880.3_11_M.1.1-1-1	3_11_M	Thymus	False	1	False	G21.MAA000880.3_11_M.1.1-1-1-1	one_assay_suffix	3m	1	nan	DN4 thymocyte	CL:0002420	DN4 thymocyte	facs	3_11_M	286025.0	1127.0	male	nan	Thymus	nan	6	5
G22-B000827-3_38_F-1-1			3	G22.B000827.3_38_F.1.1-1-1	3_38_F	Thymus	False	1	False	G22.B000827.3_38_F.1.1-1-1-1	one_assay_suffix	3m	1	nan	DN4 thymocyte	CL:0002420	DN4 thymocyte	facs	3_38_F	1111808.0	2074.0	female	Flowthrough	Thymus	nan	6	5
G22-B003291-3_39_F-1-1			3	G22.B003291.3_39_F.1.1-1-1	3_39_F	Thymus	False	1	False	G22.B003291.3_39_F.1.1-1-1-1	one_assay_suffix	3m	1	nan	thymocyte	CL:0002420	proliferating thymocyte; DN to DP transition, dividing (some are Cd8+/ Cd4+, some undergoing VDJ recombination)	facs	3_39_F	3838767.0	2398.0	female	Flowthrough	Thymus	nan	21	23
G22-MAA000607-3_9_M-1-1			3	G22.MAA000607.3_9_M.1.1-1-1	3_9_M	Thymus	False	1	False	G22.MAA000607.3_9_M.1.1-1-1-1	one_assay_suffix	3m	1	nan	DN4 thymocyte	CL:0002420	DN4 thymocyte	facs	3_9_M	156908.0	1549.0	male	nan	Thymus	nan	6	5
G22-MAA000880-3_11_M-1-1			3	G22.MAA000880.3_11_M.1.1-1-1	3_11_M	Thymus	False	1	False	G22.MAA000880.3_11_M.1.1-1-1-1	one_assay_suffix	3m	1	nan	thymocyte	CL:0002420	proliferating thymocyte; DN to DP transition, dividing (some are Cd8+/ Cd4+, some undergoing VDJ recombination)	facs	3_11_M	1192439.0	2216.0	male	nan	Thymus	nan	21	23
G22-MAA001888-3_39_F-1-1			3	G22.MAA001888.3_39_F.1.1-1-1	3_39_F	Marrow	False	1	False	G22.MAA001888.3_39_F.1.1-1-1-1	one_assay_suffix	3m	1	nan	mature alpha-beta T cell	CL:0000914	BM CD8 + CD4 T cell	facs	3_39_F	230270.0	3166.0	female	T-cells	Marrow	nan	4	9
G3-B000971-3_39_F-1-1	47.0	3.0	3	G3.B000971.3_39_F.1.1-1-1	3_39_F	Spleen	True	3	True	G3.B000971.3_39_F.1.1-1-1-1	one_assay_suffix	3m	1	nan	CD8-positive, alpha-beta T cell	CL:0000084	nan	facs	3_39_F	457603.0	1949.0	female	nan	Spleen	nan	6	5
G3-B003291-3_39_F-1-1			3	G3.B003291.3_39_F.1.1-1-1	3_39_F	Thymus	False	1	False	G3.B003291.3_39_F.1.1-1-1-1	one_assay_suffix	3m	1	nan	thymocyte	CL:0002420	DN to DP transition (most are Cd8+/ Cd4+, some undergoing VDJ recombination)	facs	3_39_F	1311096.0	1606.0	female	Flowthrough	Thymus	nan	21	23
G3-MAA000607-3_9_M-1-1			3	G3.MAA000607.3_9_M.1.1-1-1	3_9_M	Thymus	False	1	False	G3.MAA000607.3_9_M.1.1-1-1-1	one_assay_suffix	3m	1	nan	thymocyte	CL:0002420	DN to DP transition (most are Cd8+/ Cd4+, some undergoing VDJ recombination)	facs	3_9_M	165367.0	1507.0	male	nan	Thymus	nan	21	23
G3-MAA000779-3_11_M-1-1			3	G3.MAA000779.3_11_M.1.1-1-1	3_11_M	Spleen	False	1	False	G3.MAA000779.3_11_M.1.1-1-1-1	one_assay_suffix	3m	1	nan	CD4-positive, alpha-beta T cell	CL:0000084	Cd3e T cell	facs	3_11_M	201540.0	1385.0	male	nan	Spleen	nan	4	21
G4-B000827-3_38_F-1-1			3	G4.B000827.3_38_F.1.1-1-1	3_38_F	Thymus	False	1	False	G4.B000827.3_38_F.1.1-1-1-1	one_assay_suffix	3m	1	nan	DN4 thymocyte	CL:0002420	DN4 thymocyte	facs	3_38_F	802226.0	2087.0	female	Flowthrough	Thymus	nan	6	5
G4-B003291-3_39_F-1-1			3	G4.B003291.3_39_F.1.1-1-1	3_39_F	Thymus	False	1	False	G4.B003291.3_39_F.1.1-1-1-1	one_assay_suffix	3m	1	nan	thymocyte	CL:0002420	DN to DP transition (most are Cd8+/ Cd4+, some undergoing VDJ recombination)	facs	3_39_F	1625737.0	1678.0	female	Flowthrough	Thymus	nan	21	23
G4-MAA000607-3_9_M-1-1			3	G4.MAA000607.3_9_M.1.1-1-1	3_9_M	Thymus	False	1	False	G4.MAA000607.3_9_M.1.1-1-1-1	one_assay_suffix	3m	1	nan	thymocyte	CL:0002420	DN to DP transition (most are Cd8+/ Cd4+, some undergoing VDJ recombination)	facs	3_9_M	159120.0	1708.0	male	nan	Thymus	nan	6	23
G5-B000827-3_38_F-1-1			3	G5.B000827.3_38_F.1.1-1-1	3_38_F	Thymus	False	1	False	G5.B000827.3_38_F.1.1-1-1-1	one_assay_suffix	3m	1	nan	DN4 thymocyte	CL:0002420	DN4 thymocyte	facs	3_38_F	795619.0	1632.0	female	Flowthrough	Thymus	nan	6	5
G5-MAA000607-3_9_M-1-1			3	G5.MAA000607.3_9_M.1.1-1-1	3_9_M	Thymus	False	1	False	G5.MAA000607.3_9_M.1.1-1-1-1	one_assay_suffix	3m	1	nan	thymocyte	CL:0002420	DN to DP transition (most are Cd8+/ Cd4+, some undergoing VDJ recombination)	facs	3_9_M	171764.0	1688.0	male	nan	Thymus	nan	21	23
G6-B000827-3_38_F-1-1			3	G6.B000827.3_38_F.1.1-1-1	3_38_F	Thymus	False	1	False	G6.B000827.3_38_F.1.1-1-1-1	one_assay_suffix	3m	1	nan	DN4 thymocyte	CL:0002420	DN4 thymocyte	facs	3_38_F	849517.0	2240.0	female	Flowthrough	Thymus	nan	6	5
G6-B000971-3_39_F-1-1			3	G6.B000971.3_39_F.1.1-1-1	3_39_F	Spleen	False	1	False	G6.B000971.3_39_F.1.1-1-1-1	one_assay_suffix	3m	1	nan	CD8-positive, alpha-beta T cell	CL:0000084	Cd3e T cell	facs	3_39_F	1043734.0	2353.0	female	nan	Spleen	nan	6	5
G6-B003291-3_39_F-1-1			3	G6.B003291.3_39_F.1.1-1-1	3_39_F	Thymus	False	1	False	G6.B003291.3_39_F.1.1-1-1-1	one_assay_suffix	3m	1	nan	thymocyte	CL:0002420	DN to DP transition (most are Cd8+/ Cd4+, some undergoing VDJ recombination)	facs	3_39_F	1684235.0	1850.0	female	Flowthrough	Thymus	nan	21	23
G6-MAA000607-3_9_M-1-1			3	G6.MAA000607.3_9_M.1.1-1-1	3_9_M	Thymus	False	1	False	G6.MAA000607.3_9_M.1.1-1-1-1	one_assay_suffix	3m	1	nan	DN4 thymocyte	CL:0002420	DN4 thymocyte	facs	3_9_M	321689.0	2131.0	male	nan	Thymus	nan	6	5
G6-MAA000844-3_10_M-1-1			3	G6.MAA000844.3_10_M.1.1-1-1	3_10_M	Marrow	False	1	False	G6.MAA000844.3_10_M.1.1-1-1-1	one_assay_suffix	3m	1	nan	promonocyte	CL:0000576	monocyte + promonocyte	facs	3_10_M	873026.0	4862.0	male	T-cells	Marrow	nan	2	56
G6-MAA001888-3_39_F-1-1			3	G6.MAA001888.3_39_F.1.1-1-1	3_39_F	Marrow	False	1	False	G6.MAA001888.3_39_F.1.1-1-1-1	one_assay_suffix	3m	1	nan	NK cell	CL:0000914	NK cell	facs	3_39_F	235437.0	2863.0	female	T-cells	Marrow	nan	4	9
G7-B000827-3_38_F-1-1			3	G7.B000827.3_38_F.1.1-1-1	3_38_F	Thymus	False	1	False	G7.B000827.3_38_F.1.1-1-1-1	one_assay_suffix	3m	1	nan	DN4 thymocyte	CL:0002420	DN4 thymocyte	facs	3_38_F	765573.0	2040.0	female	Flowthrough	Thymus	nan	6	5
G7-B001750-3_38_F-1-1			3	G7.B001750.3_38_F.1.1-1-1	3_38_F	Spleen	False	1	False	G7.B001750.3_38_F.1.1-1-1-1	one_assay_suffix	3m	1	nan	CD4-positive, alpha-beta T cell	CL:0000084	Cd3e T cell	facs	3_38_F	477887.0	2524.0	female	nan	Spleen	nan	4	21
G7-B002428-3_38_F-1-1			3	G7.B002428.3_38_F.1.1-1-1	3_38_F	Heart	False	1	False	G7.B002428.3_38_F.1.1-1-1-1	one_assay_suffix	3m	1	nan	T cell	CL:0000738	T cell	facs	3_38_F	626163.0	1454.0	female	LA	Heart	nan	6	9
G7-B003291-3_39_F-1-1			3	G7.B003291.3_39_F.1.1-1-1	3_39_F	Thymus	False	1	False	G7.B003291.3_39_F.1.1-1-1-1	one_assay_suffix	3m	1	nan	thymocyte	CL:0002420	DN to DP transition (most are Cd8+/ Cd4+, some undergoing VDJ recombination)	facs	3_39_F	1858284.0	2066.0	female	Flowthrough	Thymus	nan	21	23
G7-D041904-3_10_M-1-1	16.0	2.0	3	G7.D041904.3_10_M.1.1-1-1	3_10_M	Tongue	True	1	False	G7.D041904.3_10_M.1.1-1-1-1	one_assay_suffix	3m	1	nan	basal cell of epidermis	CL:0002187	nan	facs	3_10_M	1245047.0	6713.0	male	nan	Tongue	nan	5	3
G7-D043526-3_39_F-1-1			3	G7.D043526.3_39_F.1.1-1-1	3_39_F	SCAT	False	1	False	G7.D043526.3_39_F.1.1-1-1-1	one_assay_suffix	3m	1	nan	T cell	CL:0000084	nan	facs	3_39_F	824110.0	1744.0	female	Fat	SCAT	nan	4	9
G7-MAA000556-3_9_M-1-1			3	G7.MAA000556.3_9_M.1.1-1-1	3_9_M	BAT	False	1	False	G7.MAA000556.3_9_M.1.1-1-1-1	one_assay_suffix	3m	1	nan	T cell	CL:0000084	nan	facs	3_9_M	360074.0	2049.0	male	Fat	BAT	nan	6	5
G7-MAA000607-3_9_M-1-1			3	G7.MAA000607.3_9_M.1.1-1-1	3_9_M	Thymus	False	1	False	G7.MAA000607.3_9_M.1.1-1-1-1	one_assay_suffix	3m	1	nan	DN4 thymocyte	CL:0002420	DN4 thymocyte	facs	3_9_M	224075.0	1833.0	male	nan	Thymus	nan	6	5
G7-MAA000844-3_10_M-1-1			3	G7.MAA000844.3_10_M.1.1-1-1	3_10_M	Marrow	False	1	False	G7.MAA000844.3_10_M.1.1-1-1-1	one_assay_suffix	3m	1	nan	macrophage	CL:0000235	CD4+ macrophage	facs	3_10_M	597448.0	3559.0	male	T-cells	Marrow	nan	4	48
G8-B000827-3_38_F-1-1			3	G8.B000827.3_38_F.1.1-1-1	3_38_F	Thymus	False	1	False	G8.B000827.3_38_F.1.1-1-1-1	one_assay_suffix	3m	1	nan	DN4 thymocyte	CL:0002420	DN4 thymocyte	facs	3_38_F	670637.0	1891.0	female	Flowthrough	Thymus	nan	4	21
G8-B003291-3_39_F-1-1	44.0	2.0	3	G8.B003291.3_39_F.1.1-1-1	3_39_F	Thymus	True	2	True	G8.B003291.3_39_F.1.1-1-1-1	one_assay_suffix	3m	1	nan	thymocyte	CL:0002420	DN to DP transition (most are Cd8+/ Cd4+, some undergoing VDJ recombination)	facs	3_39_F	1288530.0	1448.0	female	Flowthrough	Thymus	nan	21	23
G8-MAA000556-3_9_M-1-1			3	G8.MAA000556.3_9_M.1.1-1-1	3_9_M	BAT	False	1	False	G8.MAA000556.3_9_M.1.1-1-1-1	one_assay_suffix	3m	1	nan	T cell	CL:0000084	nan	facs	3_9_M	472360.0	2341.0	male	Fat	BAT	nan	4	21
G8-MAA000607-3_9_M-1-1			3	G8.MAA000607.3_9_M.1.1-1-1	3_9_M	Thymus	False	1	False	G8.MAA000607.3_9_M.1.1-1-1-1	one_assay_suffix	3m	1	nan	thymocyte	CL:0002420	DN to DP transition (most are Cd8+/ Cd4+, some undergoing VDJ recombination)	facs	3_9_M	131409.0	1338.0	male	nan	Thymus	nan	21	23
G8-MAA000880-3_11_M-1-1			3	G8.MAA000880.3_11_M.1.1-1-1	3_11_M	Thymus	False	1	False	G8.MAA000880.3_11_M.1.1-1-1-1	one_assay_suffix	3m	1	nan	DN4 thymocyte	CL:0002420	DN4 thymocyte	facs	3_11_M	1124387.0	1748.0	male	nan	Thymus	nan	6	5
G8-MAA001865-3_38_F-1-1			3	G8.MAA001865.3_38_F.1.1-1-1	3_38_F	Trachea	False	1	False	G8.MAA001865.3_38_F.1.1-1-1-1	one_assay_suffix	3m	1	nan	T cell	CL:0000081	nan	facs	3_38_F	197399.0	2401.0	female	nan	Trachea	nan	21	23
G9-B000827-3_38_F-1-1			3	G9.B000827.3_38_F.1.1-1-1	3_38_F	Thymus	False	1	False	G9.B000827.3_38_F.1.1-1-1-1	one_assay_suffix	3m	1	nan	DN4 thymocyte	CL:0002420	DN4 thymocyte	facs	3_38_F	687692.0	1869.0	female	Flowthrough	Thymus	nan	6	5
G9-B001216-3_38_F-1-1			3	G9.B001216.3_38_F.1.1-1-1	3_38_F	BAT	False	1	False	G9.B001216.3_38_F.1.1-1-1-1	one_assay_suffix	3m	1	nan	T cell	CL:0000084	nan	facs	3_38_F	715217.0	2125.0	female	Fat	BAT	nan	4	21
G9-B001750-3_38_F-1-1	34.0	2.0	3	G9.B001750.3_38_F.1.1-1-1	3_38_F	Spleen	True	2	True	G9.B001750.3_38_F.1.1-1-1-1	one_assay_suffix	3m	1	nan	B cell	CL:0000236	CD79a B cell	facs	3_38_F	777941.0	2965.0	female	nan	Spleen	nan	0	0
G9-B002955-3_56_F-1-1			3	G9.B002955.3_56_F.1.1-1-1	3_56_F	GAT	False	1	False	G9.B002955.3_56_F.1.1-1-1-1	one_assay_suffix	3m	1	nan	CD8-positive, alpha-beta T cell	CL:0000084	nan	facs	3_56_F	746253.0	2701.0	female	Fat	GAT	nan	4	5
G9-B003291-3_39_F-1-1			3	G9.B003291.3_39_F.1.1-1-1	3_39_F	Thymus	False	1	False	G9.B003291.3_39_F.1.1-1-1-1	one_assay_suffix	3m	1	nan	thymocyte	CL:0002420	DN to DP transition (most are Cd8+/ Cd4+, some undergoing VDJ recombination)	facs	3_39_F	956576.0	1300.0	female	Flowthrough	Thymus	nan	21	23
G9-MAA000607-3_9_M-1-1			3	G9.MAA000607.3_9_M.1.1-1-1	3_9_M	Thymus	False	1	False	G9.MAA000607.3_9_M.1.1-1-1-1	one_assay_suffix	3m	1	nan	thymocyte	CL:0002420	DN to DP transition (most are Cd8+/ Cd4+, some undergoing VDJ recombination)	facs	3_9_M	225351.0	1669.0	male	nan	Thymus	nan	21	23
G9-MAA001865-3_38_F-1-1			3	G9.MAA001865.3_38_F.1.1-1-1	3_38_F	Trachea	False	1	False	G9.MAA001865.3_38_F.1.1-1-1-1	one_assay_suffix	3m	1	nan	T cell	CL:0000081	nan	facs	3_38_F	1370668.0	6296.0	female	nan	Trachea	nan	21	23
H1-B000827-3_38_F-1-1			3	H1.B000827.3_38_F.1.1-1-1	3_38_F	Thymus	False	1	False	H1.B000827.3_38_F.1.1-1-1-1	one_assay_suffix	3m	1	nan	DN4 thymocyte	CL:0002420	DN4 thymocyte	facs	3_38_F	1570202.0	1662.0	female	Flowthrough	Thymus	nan	6	5
H1-B003291-3_39_F-1-1			3	H1.B003291.3_39_F.1.1-1-1	3_39_F	Thymus	False	1	False	H1.B003291.3_39_F.1.1-1-1-1	one_assay_suffix	3m	1	nan	thymocyte	CL:0000738	DN to DP transition (most are Cd8+/ Cd4+, some undergoing VDJ recombination)	facs	3_39_F	839002.0	2905.0	female	Flowthrough	Thymus	nan	21	23
H1-MAA000607-3_9_M-1-1			3	H1.MAA000607.3_9_M.1.1-1-1	3_9_M	Thymus	False	1	False	H1.MAA000607.3_9_M.1.1-1-1-1	one_assay_suffix	3m	1	nan	macrophage	CL:0000738	macrophage	facs	3_9_M	317284.0	2733.0	male	nan	Thymus	nan	15	17
H1-MAA000779-3_11_M-1-1			3	H1.MAA000779.3_11_M.1.1-1-1	3_11_M	Spleen	False	1	False	H1.MAA000779.3_11_M.1.1-1-1-1	one_assay_suffix	3m	1	nan	CD8-positive, alpha-beta T cell	CL:0000084	nan	facs	3_11_M	469737.0	2017.0	male	nan	Spleen	nan	6	5
H1-MAA001889-3_38_F-1-1	8.0	3.0	3	H1.MAA001889.3_38_F.1.1-1-1	3_38_F	Lung	True	3	True		unmatched																
H10-B000827-3_38_F-1-1			3	H10.B000827.3_38_F.1.1-1-1	3_38_F	Thymus	False	1	False	H10.B000827.3_38_F.1.1-1-1-1	one_assay_suffix	3m	1	nan	DN4 thymocyte	CL:0002420	DN4 thymocyte	facs	3_38_F	1126267.0	2580.0	female	Flowthrough	Thymus	nan	6	5
H10-B003291-3_39_F-1-1			3	H10.B003291.3_39_F.1.1-1-1	3_39_F	Thymus	False	1	False	H10.B003291.3_39_F.1.1-1-1-1	one_assay_suffix	3m	1	nan	thymocyte	CL:0002420	DN to DP transition (most are Cd8+/ Cd4+, some undergoing VDJ recombination)	facs	3_39_F	1557022.0	1677.0	female	Flowthrough	Thymus	nan	21	23
H10-MAA000508-3_9_M-1-1			3	H10.MAA000508.3_9_M.1.1-1-1	3_9_M	Spleen	False	1	False	H10.MAA000508.3_9_M.1.1-1-1-1	one_assay_suffix	3m	1	nan	CD8-positive, alpha-beta T cell	CL:0000084	Cd3e T cell	facs	3_9_M	294387.0	2271.0	male	nan	Spleen	nan	4	9
H10-MAA000607-3_9_M-1-1			3	H10.MAA000607.3_9_M.1.1-1-1	3_9_M	Thymus	False	1	False	H10.MAA000607.3_9_M.1.1-1-1-1	one_assay_suffix	3m	1	nan	thymocyte	CL:0002420	DN to DP transition (most are Cd8+/ Cd4+, some undergoing VDJ recombination)	facs	3_9_M	167488.0	1414.0	male	nan	Thymus	nan	21	23
H11-B000827-3_38_F-1-1			3	H11.B000827.3_38_F.1.1-1-1	3_38_F	Thymus	False	1	False	H11.B000827.3_38_F.1.1-1-1-1	one_assay_suffix	3m	1	nan	DN4 thymocyte	CL:0002420	DN4 thymocyte	facs	3_38_F	510448.0	1951.0	female	Flowthrough	Thymus	nan	4	21
H11-B000971-3_39_F-1-1			3	H11.B000971.3_39_F.1.1-1-1	3_39_F	Spleen	False	1	False	H11.B000971.3_39_F.1.1-1-1-1	one_assay_suffix	3m	1	nan	CD4-positive, alpha-beta T cell	CL:0000084	Cd3e T cell	facs	3_39_F	667605.0	1637.0	female	nan	Spleen	nan	6	5
H11-B003291-3_39_F-1-1			3	H11.B003291.3_39_F.1.1-1-1	3_39_F	Thymus	False	1	False	H11.B003291.3_39_F.1.1-1-1-1	one_assay_suffix	3m	1	nan	thymocyte	CL:0002420	proliferating thymocyte; DN to DP transition, dividing (some are Cd8+/ Cd4+, some undergoing VDJ recombination)	facs	3_39_F	2673769.0	3011.0	female	Flowthrough	Thymus	nan	21	23
H11-MAA000607-3_9_M-1-1			3	H11.MAA000607.3_9_M.1.1-1-1	3_9_M	Thymus	False	1	False	H11.MAA000607.3_9_M.1.1-1-1-1	one_assay_suffix	3m	1	nan	thymocyte	CL:0002420	DN to DP transition (most are Cd8+/ Cd4+, some undergoing VDJ recombination)	facs	3_9_M	264852.0	2034.0	male	nan	Thymus	nan	6	5
H11-MAA000880-3_11_M-1-1			3	H11.MAA000880.3_11_M.1.1-1-1	3_11_M	Thymus	False	1	False	H11.MAA000880.3_11_M.1.1-1-1-1	one_assay_suffix	3m	1	nan	DN4 thymocyte	CL:0002420	DN4 thymocyte	facs	3_11_M	559332.0	2148.0	male	nan	Thymus	nan	6	5
H11-MAA000934-3_9_M-1-1			3	H11.MAA000934.3_9_M.1.1-1-1	3_9_M	SCAT	False	1	False	H11.MAA000934.3_9_M.1.1-1-1-1	one_assay_suffix	3m	1	nan	NK cell	CL:0000084	nan	facs	3_9_M	126573.0	1816.0	male	Fat	SCAT	nan	4	21
H12-B000827-3_38_F-1-1			3	H12.B000827.3_38_F.1.1-1-1	3_38_F	Thymus	False	1	False	H12.B000827.3_38_F.1.1-1-1-1	one_assay_suffix	3m	1	nan	DN4 thymocyte	CL:0000894	DN4 thymocyte	facs	3_38_F	645511.0	2147.0	female	Flowthrough	Thymus	nan	4	9
H12-B002314-3_56_F-1-1			3	H12.B002314.3_56_F.1.1-1-1	3_56_F	MAT	False	1	False	H12.B002314.3_56_F.1.1-1-1-1	one_assay_suffix	3m	1	nan	CD4-positive, alpha-beta T cell	CL:0000084	nan	facs	3_56_F	1084935.0	2546.0	female	Fat	MAT	nan	4	9
H12-B003291-3_39_F-1-1			3	H12.B003291.3_39_F.1.1-1-1	3_39_F	Thymus	False	1	False	H12.B003291.3_39_F.1.1-1-1-1	one_assay_suffix	3m	1	nan	thymocyte	CL:0002420	DN to DP transition (most are Cd8+/ Cd4+, some undergoing VDJ recombination)	facs	3_39_F	1439663.0	1695.0	female	Flowthrough	Thymus	nan	21	23
H12-MAA000607-3_9_M-1-1			3	H12.MAA000607.3_9_M.1.1-1-1	3_9_M	Thymus	False	1	False	H12.MAA000607.3_9_M.1.1-1-1-1	one_assay_suffix	3m	1	nan	DN4 thymocyte	CL:0002420	DN4 thymocyte	facs	3_9_M	421160.0	2368.0	male	nan	Thymus	nan	6	5
H12-MAA000609-3_8_M-1-1			3	H12.MAA000609.3_8_M.1.1-1-1	3_8_M	Thymus	False	1	False	H12.MAA000609.3_8_M.1.1-1-1-1	one_assay_suffix	3m	1	nan	thymocyte	CL:0002420	proliferating thymocyte; DN to DP transition, dividing (some are Cd8+/ Cd4+, some undergoing VDJ recombination)	facs	3_8_M	490055.0	3085.0	male	nan	Thymus	nan	21	23
H12-MAA000914-3_9_M-1-1			3	H12.MAA000914.3_9_M.1.1-1-1	3_9_M	MAT	False	1	False	H12.MAA000914.3_9_M.1.1-1-1-1	one_assay_suffix	3m	1	nan	CD4-positive, alpha-beta T cell	CL:0000084	nan	facs	3_9_M	713443.0	3411.0	male	Fat	MAT	nan	4	21
H13-B000827-3_38_F-1-1			3	H13.B000827.3_38_F.1.1-1-1	3_38_F	Thymus	False	1	False	H13.B000827.3_38_F.1.1-1-1-1	one_assay_suffix	3m	1	nan	DN4 thymocyte	CL:0002420	DN4 thymocyte	facs	3_38_F	613137.0	2175.0	female	Flowthrough	Thymus	nan	6	5
H13-B002955-3_56_F-1-1			3	H13.B002955.3_56_F.1.1-1-1	3_56_F	GAT	False	1	False	H13.B002955.3_56_F.1.1-1-1-1	one_assay_suffix	3m	1	nan	CD8-positive, alpha-beta T cell	CL:0000084	nan	facs	3_56_F	468309.0	2286.0	female	Fat	GAT	nan	4	21
H13-B003291-3_39_F-1-1			3	H13.B003291.3_39_F.1.1-1-1	3_39_F	Thymus	False	1	False	H13.B003291.3_39_F.1.1-1-1-1	one_assay_suffix	3m	1	nan	DN4 thymocyte	CL:0002420	DN4 thymocyte	facs	3_39_F	1497863.0	1900.0	female	Flowthrough	Thymus	nan	6	5
H13-D043526-3_39_F-1-1			3	H13.D043526.3_39_F.1.1-1-1	3_39_F	SCAT	False	1	False	H13.D043526.3_39_F.1.1-1-1-1	one_assay_suffix	3m	1	nan	T cell	CL:0000084	nan	facs	3_39_F	272136.0	1521.0	female	Fat	SCAT	nan	6	5
H13-MAA000607-3_9_M-1-1			3	H13.MAA000607.3_9_M.1.1-1-1	3_9_M	Thymus	False	1	False	H13.MAA000607.3_9_M.1.1-1-1-1	one_assay_suffix	3m	1	nan	DN4 thymocyte	CL:0002420	DN4 thymocyte	facs	3_9_M	54379.0	1654.0	male	nan	Thymus	nan	6	5
H13-MAA000844-3_10_M-1-1			3	H13.MAA000844.3_10_M.1.1-1-1	3_10_M	Marrow	False	1	False	H13.MAA000844.3_10_M.1.1-1-1-1	one_assay_suffix	3m	1	nan	granulocytopoietic cell	CL:0002191	granulocytopoietic cell	facs	3_10_M	1826479.0	5029.0	male	T-cells	Marrow	nan	12	18
H13-MAA000880-3_11_M-1-1			3	H13.MAA000880.3_11_M.1.1-1-1	3_11_M	Thymus	False	1	False	H13.MAA000880.3_11_M.1.1-1-1-1	one_assay_suffix	3m	1	nan	DN4 thymocyte	CL:0002420	DN4 thymocyte	facs	3_11_M	631196.0	1321.0	male	nan	Thymus	nan	6	5
H14-B000827-3_38_F-1-1			3	H14.B000827.3_38_F.1.1-1-1	3_38_F	Thymus	False	1	False	H14.B000827.3_38_F.1.1-1-1-1	one_assay_suffix	3m	1	nan	DN4 thymocyte	CL:0002420	DN4 thymocyte	facs	3_38_F	586840.0	1778.0	female	Flowthrough	Thymus	nan	4	21
H14-B003291-3_39_F-1-1			3	H14.B003291.3_39_F.1.1-1-1	3_39_F	Thymus	False	1	False	H14.B003291.3_39_F.1.1-1-1-1	one_assay_suffix	3m	1	nan	thymocyte	CL:0002420	DN to DP transition (most are Cd8+/ Cd4+, some undergoing VDJ recombination)	facs	3_39_F	1957740.0	1681.0	female	Flowthrough	Thymus	nan	21	23
H14-D043520-3_39_F-1-1			3	H14.D043520.3_39_F.1.1-1-1	3_39_F	MAT	False	1	False	H14.D043520.3_39_F.1.1-1-1-1	one_assay_suffix	3m	1	nan	CD8-positive, alpha-beta T cell	CL:0000084	nan	facs	3_39_F	546028.0	1942.0	female	Fat	MAT	nan	6	5
H14-MAA000607-3_9_M-1-1			3	H14.MAA000607.3_9_M.1.1-1-1	3_9_M	Thymus	False	1	False	H14.MAA000607.3_9_M.1.1-1-1-1	one_assay_suffix	3m	1	nan	thymocyte	CL:0002420	DN to DP transition (most are Cd8+/ Cd4+, some undergoing VDJ recombination)	facs	3_9_M	203648.0	1646.0	male	nan	Thymus	nan	21	23
H14-MAA000779-3_11_M-1-1			3	H14.MAA000779.3_11_M.1.1-1-1	3_11_M	Spleen	False	1	False	H14.MAA000779.3_11_M.1.1-1-1-1	one_assay_suffix	3m	1	nan	CD4-positive, alpha-beta T cell	CL:0000084	Cd3e T cell	facs	3_11_M	183156.0	1334.0	male	nan	Spleen	nan	6	5
H14-MAA000877-3_11_M-1-1			3	H14.MAA000877.3_11_M.1.1-1-1	3_11_M	MAT	False	1	False	H14.MAA000877.3_11_M.1.1-1-1-1	one_assay_suffix	3m	1	nan	CD8-positive, alpha-beta T cell	CL:0000084	nan	facs	3_11_M	900834.0	1801.0	male	Fat	MAT	nan	6	5
H14-MAA000880-3_11_M-1-1			3	H14.MAA000880.3_11_M.1.1-1-1	3_11_M	Thymus	False	1	False	H14.MAA000880.3_11_M.1.1-1-1-1	one_assay_suffix	3m	1	nan	thymocyte	CL:0002420	proliferating thymocyte; DN to DP transition, dividing (some are Cd8+/ Cd4+, some undergoing VDJ recombination)	facs	3_11_M	1134221.0	3355.0	male	nan	Thymus	nan	21	23
H14-MAA000914-3_9_M-1-1			3	H14.MAA000914.3_9_M.1.1-1-1	3_9_M	MAT	False	1	False	H14.MAA000914.3_9_M.1.1-1-1-1	one_assay_suffix	3m	1	nan	CD4-positive, alpha-beta T cell	CL:0000084	nan	facs	3_9_M	222735.0	1487.0	male	Fat	MAT	nan	6	5
H15-B000827-3_38_F-1-1			3	H15.B000827.3_38_F.1.1-1-1	3_38_F	Thymus	False	1	False	H15.B000827.3_38_F.1.1-1-1-1	one_assay_suffix	3m	1	nan	DN4 thymocyte	CL:0002420	DN4 thymocyte	facs	3_38_F	612157.0	2127.0	female	Flowthrough	Thymus	nan	6	5
H15-B003291-3_39_F-1-1			3	H15.B003291.3_39_F.1.1-1-1	3_39_F	Thymus	False	1	False	H15.B003291.3_39_F.1.1-1-1-1	one_assay_suffix	3m	1	nan	thymocyte	CL:0002420	DN to DP transition (most are Cd8+/ Cd4+, some undergoing VDJ recombination)	facs	3_39_F	1587266.0	1394.0	female	Flowthrough	Thymus	nan	21	23
H15-MAA000607-3_9_M-1-1			3	H15.MAA000607.3_9_M.1.1-1-1	3_9_M	Thymus	False	1	False	H15.MAA000607.3_9_M.1.1-1-1-1	one_assay_suffix	3m	1	nan	thymocyte	CL:0002420	DN to DP transition (most are Cd8+/ Cd4+, some undergoing VDJ recombination)	facs	3_9_M	100781.0	1339.0	male	nan	Thymus	nan	21	23
H15-MAA000880-3_11_M-1-1			3	H15.MAA000880.3_11_M.1.1-1-1	3_11_M	Thymus	False	1	False	H15.MAA000880.3_11_M.1.1-1-1-1	one_assay_suffix	3m	1	nan	thymocyte	CL:0002420	proliferating thymocyte; DN to DP transition, dividing (some are Cd8+/ Cd4+, some undergoing VDJ recombination)	facs	3_11_M	940081.0	3298.0	male	nan	Thymus	nan	21	23
H16-B000827-3_38_F-1-1			3	H16.B000827.3_38_F.1.1-1-1	3_38_F	Thymus	False	1	False	H16.B000827.3_38_F.1.1-1-1-1	one_assay_suffix	3m	1	nan	DN4 thymocyte	CL:0002420	DN4 thymocyte	facs	3_38_F	462520.0	2464.0	female	Flowthrough	Thymus	nan	6	5
H16-D045058-3_39_F-1-1			3	H16.D045058.3_39_F.1.1-1-1	3_39_F	GAT	False	1	False	H16.D045058.3_39_F.1.1-1-1-1	one_assay_suffix	3m	1	nan	T cell	CL:0000084	nan	facs	3_39_F	1031905.0	2447.0	female	Fat	GAT	nan	4	21
H16-MAA000607-3_9_M-1-1			3	H16.MAA000607.3_9_M.1.1-1-1	3_9_M	Thymus	False	1	False	H16.MAA000607.3_9_M.1.1-1-1-1	one_assay_suffix	3m	1	nan	thymocyte	CL:0002420	DN to DP transition (most are Cd8+/ Cd4+, some undergoing VDJ recombination)	facs	3_9_M	132290.0	1504.0	male	nan	Thymus	nan	21	23
H16-MAA000779-3_11_M-1-1			3	H16.MAA000779.3_11_M.1.1-1-1	3_11_M	Spleen	False	1	False	H16.MAA000779.3_11_M.1.1-1-1-1	one_assay_suffix	3m	1	nan	CD4-positive, alpha-beta T cell	CL:0000084	Cd3e T cell	facs	3_11_M	242835.0	3148.0	male	nan	Spleen	nan	4	21
H16-MAA000880-3_11_M-1-1			3	H16.MAA000880.3_11_M.1.1-1-1	3_11_M	Thymus	False	1	False	H16.MAA000880.3_11_M.1.1-1-1-1	one_assay_suffix	3m	1	nan	thymocyte	CL:0002420	DN to DP transition (most are Cd8+/ Cd4+, some undergoing VDJ recombination)	facs	3_11_M	771609.0	2386.0	male	nan	Thymus	nan	21	23
H17-B000971-3_39_F-1-1			3	H17.B000971.3_39_F.1.1-1-1	3_39_F	Spleen	False	1	False	H17.B000971.3_39_F.1.1-1-1-1	one_assay_suffix	3m	1	nan	CD8-positive, alpha-beta T cell	CL:0000084	Cd3e T cell	facs	3_39_F	540234.0	1691.0	female	nan	Spleen	nan	6	5
H17-B003291-3_39_F-1-1			3	H17.B003291.3_39_F.1.1-1-1	3_39_F	Thymus	False	1	False	H17.B003291.3_39_F.1.1-1-1-1	one_assay_suffix	3m	1	nan	thymocyte	CL:0002420	DN to DP transition (most are Cd8+/ Cd4+, some undergoing VDJ recombination)	facs	3_39_F	1901287.0	1560.0	female	Flowthrough	Thymus	nan	21	23
H17-D045139-3_39_F-1-1	44.0	2.0	3	H17.D045139.3_39_F.1.1-1-1	3_39_F	Marrow	True	2	True	H17.D045139.3_39_F.1.1-1-1-1	one_assay_suffix	3m	1	nan	promonocyte	CL:0000557	monocyte + promonocyte	facs	3_39_F	444924.0	3039.0	female	Granulocytes	Marrow	nan	15	17
H17-MAA000607-3_9_M-1-1			3	H17.MAA000607.3_9_M.1.1-1-1	3_9_M	Thymus	False	1	False	H17.MAA000607.3_9_M.1.1-1-1-1	one_assay_suffix	3m	1	nan	thymocyte	CL:0002420	DN to DP transition (most are Cd8+/ Cd4+, some undergoing VDJ recombination)	facs	3_9_M	131267.0	1411.0	male	nan	Thymus	nan	21	23
H18-B003291-3_39_F-1-1			3	H18.B003291.3_39_F.1.1-1-1	3_39_F	Thymus	False	1	False	H18.B003291.3_39_F.1.1-1-1-1	one_assay_suffix	3m	1	nan	thymocyte	CL:0002420	DN to DP transition (most are Cd8+/ Cd4+, some undergoing VDJ recombination)	facs	3_39_F	2406011.0	1293.0	female	Flowthrough	Thymus	nan	21	23
H18-MAA000607-3_9_M-1-1			3	H18.MAA000607.3_9_M.1.1-1-1	3_9_M	Thymus	False	1	False	H18.MAA000607.3_9_M.1.1-1-1-1	one_assay_suffix	3m	1	nan	thymocyte	CL:0002420	DN to DP transition (most are Cd8+/ Cd4+, some undergoing VDJ recombination)	facs	3_9_M	173381.0	1730.0	male	nan	Thymus	nan	21	23
H19-B000827-3_38_F-1-1			3	H19.B000827.3_38_F.1.1-1-1	3_38_F	Thymus	False	1	False	H19.B000827.3_38_F.1.1-1-1-1	one_assay_suffix	3m	1	nan	DN4 thymocyte	CL:0002420	DN4 thymocyte	facs	3_38_F	818087.0	2119.0	female	Flowthrough	Thymus	nan	6	5
H19-MAA000607-3_9_M-1-1			3	H19.MAA000607.3_9_M.1.1-1-1	3_9_M	Thymus	False	1	False	H19.MAA000607.3_9_M.1.1-1-1-1	one_assay_suffix	3m	1	nan	DN4 thymocyte	CL:0002420	DN4 thymocyte	facs	3_9_M	218824.0	2301.0	male	nan	Thymus	nan	6	5
H2-B000827-3_38_F-1-1			3	H2.B000827.3_38_F.1.1-1-1	3_38_F	Thymus	False	1	False	H2.B000827.3_38_F.1.1-1-1-1	one_assay_suffix	3m	1	nan	DN4 thymocyte	CL:0002420	DN4 thymocyte	facs	3_38_F	870400.0	1806.0	female	Flowthrough	Thymus	nan	6	5
H2-B000971-3_39_F-1-1	25.0	2.0	3	H2.B000971.3_39_F.1.1-1-1	3_39_F	Spleen	True	2	True	H2.B000971.3_39_F.1.1-1-1-1	one_assay_suffix	3m	1	nan	CD8-positive, alpha-beta T cell	CL:0000084	nan	facs	3_39_F	871508.0	3760.0	female	nan	Spleen	nan	40	9
H2-B003291-3_39_F-1-1			3	H2.B003291.3_39_F.1.1-1-1	3_39_F	Thymus	False	1	False	H2.B003291.3_39_F.1.1-1-1-1	one_assay_suffix	3m	1	nan	thymocyte	CL:0002420	proliferating thymocyte; DN to DP transition, dividing (some are Cd8+/ Cd4+, some undergoing VDJ recombination)	facs	3_39_F	3343436.0	4201.0	female	Flowthrough	Thymus	nan	21	23
H2-MAA000607-3_9_M-1-1			3	H2.MAA000607.3_9_M.1.1-1-1	3_9_M	Thymus	False	1	False	H2.MAA000607.3_9_M.1.1-1-1-1	one_assay_suffix	3m	1	nan	thymocyte	CL:0002420	DN to DP transition (most are Cd8+/ Cd4+, some undergoing VDJ recombination)	facs	3_9_M	167740.0	1505.0	male	nan	Thymus	nan	21	23
H20-B003291-3_39_F-1-1			3	H20.B003291.3_39_F.1.1-1-1	3_39_F	Thymus	False	1	False	H20.B003291.3_39_F.1.1-1-1-1	one_assay_suffix	3m	1	nan	thymocyte	CL:0002420	DN to DP transition (most are Cd8+/ Cd4+, some undergoing VDJ recombination)	facs	3_39_F	2969255.0	1802.0	female	Flowthrough	Thymus	nan	21	23
H20-MAA000496-3_10_M-1-1			3	H20.MAA000496.3_10_M.1.1-1-1	3_10_M	Trachea	False	1	False	H20.MAA000496.3_10_M.1.1-1-1-1	one_assay_suffix	3m	1	nan	T cell	CL:0000081	nan	facs	3_10_M	625310.0	2740.0	male	nan	Trachea	nan	4	21
H20-MAA000607-3_9_M-1-1			3	H20.MAA000607.3_9_M.1.1-1-1	3_9_M	Thymus	False	1	False	H20.MAA000607.3_9_M.1.1-1-1-1	one_assay_suffix	3m	1	nan	thymocyte	CL:0002420	DN to DP transition (most are Cd8+/ Cd4+, some undergoing VDJ recombination)	facs	3_9_M	85550.0	1270.0	male	nan	Thymus	nan	21	23
H20-MAA000779-3_11_M-1-1			3	H20.MAA000779.3_11_M.1.1-1-1	3_11_M	Spleen	False	1	False	H20.MAA000779.3_11_M.1.1-1-1-1	one_assay_suffix	3m	1	nan	CD8-positive, alpha-beta T cell	CL:0000084	Cd3e T cell	facs	3_11_M	174840.0	1283.0	male	nan	Spleen	nan	6	5
H21-B000827-3_38_F-1-1			3	H21.B000827.3_38_F.1.1-1-1	3_38_F	Thymus	False	1	False	H21.B000827.3_38_F.1.1-1-1-1	one_assay_suffix	3m	1	nan	DN4 thymocyte	CL:0002420	DN4 thymocyte	facs	3_38_F	2290268.0	2035.0	female	Flowthrough	Thymus	nan	6	5
H21-B003291-3_39_F-1-1			3	H21.B003291.3_39_F.1.1-1-1	3_39_F	Thymus	False	1	False	H21.B003291.3_39_F.1.1-1-1-1	one_assay_suffix	3m	1	nan	thymocyte	CL:0002420	DN to DP transition (most are Cd8+/ Cd4+, some undergoing VDJ recombination)	facs	3_39_F	2515452.0	1023.0	female	Flowthrough	Thymus	nan	21	23
H21-MAA000607-3_9_M-1-1			3	H21.MAA000607.3_9_M.1.1-1-1	3_9_M	Thymus	False	1	False	H21.MAA000607.3_9_M.1.1-1-1-1	one_assay_suffix	3m	1	nan	DN4 thymocyte	CL:0002420	DN4 thymocyte	facs	3_9_M	300871.0	2465.0	male	nan	Thymus	nan	6	5
H21-MAA000880-3_11_M-1-1			3	H21.MAA000880.3_11_M.1.1-1-1	3_11_M	Thymus	False	1	False	H21.MAA000880.3_11_M.1.1-1-1-1	one_assay_suffix	3m	1	nan	DN4 thymocyte	CL:0000738	DN4 thymocyte	facs	3_11_M	580055.0	2356.0	male	nan	Thymus	nan	6	5
H21-MAA000891-3_10_M-1-1			3	H21.MAA000891.3_10_M.1.1-1-1	3_10_M	Lung	False	1	False	H21.MAA000891.3_10_M.1.1-1-1-1	one_assay_suffix	3m	1	nan	CD8-positive, alpha-beta T cell	CL:0000084	CD8+ T	facs	3_10_M	1974188.0	2555.0	male	nan	Lung	nan	4	9
H21-MAA001847-3_39_F-1-1			3	H21.MAA001847.3_39_F.1.1-1-1	3_39_F	Lung	False	1	False	H21.MAA001847.3_39_F.1.1-1-1-1	one_assay_suffix	3m	1	nan	CD4-positive, alpha-beta T cell	CL:0000084	CD4+ T	facs	3_39_F	343229.0	2657.0	female	EPCAM	Lung	nan	6	5
H21-MAA001865-3_38_F-1-1			3	H21.MAA001865.3_38_F.1.1-1-1	3_38_F	Trachea	False	1	False	H21.MAA001865.3_38_F.1.1-1-1-1	one_assay_suffix	3m	1	nan	T cell	CL:0000081	nan	facs	3_38_F	399987.0	4023.0	female	nan	Trachea	nan	21	23
H22-B000827-3_38_F-1-1			3	H22.B000827.3_38_F.1.1-1-1	3_38_F	Thymus	False	1	False	H22.B000827.3_38_F.1.1-1-1-1	one_assay_suffix	3m	1	nan	DN4 thymocyte	CL:0002420	DN4 thymocyte	facs	3_38_F	1635775.0	2856.0	female	Flowthrough	Thymus	nan	6	5
H22-B003290-3_38_F-1-1			3	H22.B003290.3_38_F.1.1-1-1	3_38_F	Brain_Non-Myeloid	False	1	False	H22.B003290.3_38_F.1.1-1-1-1	one_assay_suffix	3m	1	nan	T cell	CL:0000128	nan	facs	3_38_F	443368.0	1156.0	female	Striatum	Brain_Non-Myeloid	nan	6	5
H22-B003291-3_39_F-1-1			3	H22.B003291.3_39_F.1.1-1-1	3_39_F	Thymus	False	1	False	H22.B003291.3_39_F.1.1-1-1-1	one_assay_suffix	3m	1	nan	thymocyte	CL:0002420	DN to DP transition (most are Cd8+/ Cd4+, some undergoing VDJ recombination)	facs	3_39_F	2492681.0	1307.0	female	Flowthrough	Thymus	nan	21	23
H22-MAA000607-3_9_M-1-1			3	H22.MAA000607.3_9_M.1.1-1-1	3_9_M	Thymus	False	1	False	H22.MAA000607.3_9_M.1.1-1-1-1	one_assay_suffix	3m	1	nan	thymocyte	CL:0002420	DN to DP transition (most are Cd8+/ Cd4+, some undergoing VDJ recombination)	facs	3_9_M	200187.0	1812.0	male	nan	Thymus	nan	21	23
H22-MAA000609-3_8_M-1-1			3	H22.MAA000609.3_8_M.1.1-1-1	3_8_M	Thymus	False	1	False	H22.MAA000609.3_8_M.1.1-1-1-1	one_assay_suffix	3m	1	nan	thymocyte	CL:0002420	proliferating thymocyte; DN to DP transition, dividing (some are Cd8+/ Cd4+, some undergoing VDJ recombination)	facs	3_8_M	443322.0	3067.0	male	nan	Thymus	nan	21	23
H22-MAA000779-3_11_M-1-1			3	H22.MAA000779.3_11_M.1.1-1-1	3_11_M	Spleen	False	1	False	H22.MAA000779.3_11_M.1.1-1-1-1	one_assay_suffix	3m	1	nan	CD4-positive, alpha-beta T cell	CL:0000084	Cd3e T cell	facs	3_11_M	222283.0	1346.0	male	nan	Spleen	nan	6	5
H3-B000827-3_38_F-1-1			3	H3.B000827.3_38_F.1.1-1-1	3_38_F	Thymus	False	1	False	H3.B000827.3_38_F.1.1-1-1-1	one_assay_suffix	3m	1	nan	DN4 thymocyte	CL:0002420	DN4 thymocyte	facs	3_38_F	714110.0	2058.0	female	Flowthrough	Thymus	nan	6	5
H3-B000971-3_39_F-1-1	47.0	3.0	3	H3.B000971.3_39_F.1.1-1-1	3_39_F	Spleen	True	3	True	H3.B000971.3_39_F.1.1-1-1-1	one_assay_suffix	3m	1	nan	B cell	CL:0000236	CD79a B cell	facs	3_39_F	567841.0	3777.0	female	nan	Spleen	nan	0	48
H3-MAA000607-3_9_M-1-1			3	H3.MAA000607.3_9_M.1.1-1-1	3_9_M	Thymus	False	1	False	H3.MAA000607.3_9_M.1.1-1-1-1	one_assay_suffix	3m	1	nan	DN4 thymocyte	CL:0002420	DN4 thymocyte	facs	3_9_M	263506.0	2568.0	male	nan	Thymus	nan	6	5
H3-MAA001845-3_39_F-1-1	4.0	2.0	3	H3.MAA001845.3_39_F.1.1-1-1	3_39_F	Brain_Non-Myeloid	True	1	False		unmatched																
H4-B000827-3_38_F-1-1			3	H4.B000827.3_38_F.1.1-1-1	3_38_F	Thymus	False	1	False	H4.B000827.3_38_F.1.1-1-1-1	one_assay_suffix	3m	1	nan	DN4 thymocyte	CL:0002420	DN4 thymocyte	facs	3_38_F	639973.0	2065.0	female	Flowthrough	Thymus	nan	6	5
H4-B001717-3_38_F-1-1			3	H4.B001717.3_38_F.1.1-1-1	3_38_F	Kidney	False	1	False	H4.B001717.3_38_F.1.1-1-1-1	one_assay_suffix	3m	1	nan	T cell	CL:0002306	T cell	facs	3_38_F	456126.0	974.0	female	nan	Kidney	nan	6	5
H4-B003284-3_39_F-1-1			3	H4.B003284.3_39_F.1.1-1-1	3_39_F	Thymus	False	1	False		unmatched																
H4-B003291-3_39_F-1-1			3	H4.B003291.3_39_F.1.1-1-1	3_39_F	Thymus	False	1	False	H4.B003291.3_39_F.1.1-1-1-1	one_assay_suffix	3m	1	nan	thymocyte	CL:0002420	DN to DP transition (most are Cd8+/ Cd4+, some undergoing VDJ recombination)	facs	3_39_F	1445541.0	1621.0	female	Flowthrough	Thymus	nan	21	23
H4-MAA000607-3_9_M-1-1			3	H4.MAA000607.3_9_M.1.1-1-1	3_9_M	Thymus	False	1	False	H4.MAA000607.3_9_M.1.1-1-1-1	one_assay_suffix	3m	1	nan	thymocyte	CL:0002420	DN to DP transition (most are Cd8+/ Cd4+, some undergoing VDJ recombination)	facs	3_9_M	145119.0	1959.0	male	nan	Thymus	nan	21	23
H5-B000827-3_38_F-1-1			3	H5.B000827.3_38_F.1.1-1-1	3_38_F	Thymus	False	1	False	H5.B000827.3_38_F.1.1-1-1-1	one_assay_suffix	3m	1	nan	DN4 thymocyte	CL:0002420	DN4 thymocyte	facs	3_38_F	977055.0	1985.0	female	Flowthrough	Thymus	nan	6	5
H5-B000971-3_39_F-1-1			3	H5.B000971.3_39_F.1.1-1-1	3_39_F	Spleen	False	1	False	H5.B000971.3_39_F.1.1-1-1-1	one_assay_suffix	3m	1	nan	CD8-positive, alpha-beta T cell	CL:0000084	Cd3e T cell	facs	3_39_F	370811.0	1202.0	female	nan	Spleen	nan	6	5
H5-B003291-3_39_F-1-1			3	H5.B003291.3_39_F.1.1-1-1	3_39_F	Thymus	False	1	False	H5.B003291.3_39_F.1.1-1-1-1	one_assay_suffix	3m	1	nan	thymocyte	CL:0002420	proliferating thymocyte; DN to DP transition, dividing (some are Cd8+/ Cd4+, some undergoing VDJ recombination)	facs	3_39_F	3077201.0	3480.0	female	Flowthrough	Thymus	nan	21	23
H5-MAA000607-3_9_M-1-1			3	H5.MAA000607.3_9_M.1.1-1-1	3_9_M	Thymus	False	1	False	H5.MAA000607.3_9_M.1.1-1-1-1	one_assay_suffix	3m	1	nan	DN4 thymocyte	CL:0002420	DN4 thymocyte	facs	3_9_M	210736.0	1873.0	male	nan	Thymus	nan	6	5
H6-B000827-3_38_F-1-1			3	H6.B000827.3_38_F.1.1-1-1	3_38_F	Thymus	False	1	False	H6.B000827.3_38_F.1.1-1-1-1	one_assay_suffix	3m	1	nan	DN4 thymocyte	CL:0002420	DN4 thymocyte	facs	3_38_F	676421.0	1862.0	female	Flowthrough	Thymus	nan	6	5
H6-MAA000607-3_9_M-1-1			3	H6.MAA000607.3_9_M.1.1-1-1	3_9_M	Thymus	False	1	False	H6.MAA000607.3_9_M.1.1-1-1-1	one_assay_suffix	3m	1	nan	DN4 thymocyte	CL:0002420	DN4 thymocyte	facs	3_9_M	163804.0	1670.0	male	nan	Thymus	nan	4	21
H6-MAA000844-3_10_M-1-1			3	H6.MAA000844.3_10_M.1.1-1-1	3_10_M	Marrow	False	1	False	H6.MAA000844.3_10_M.1.1-1-1-1	one_assay_suffix	3m	1	nan	NK cell	CL:0000914	NK cell	facs	3_10_M	1232101.0	3289.0	male	T-cells	Marrow	nan	4	9
H7-B000827-3_38_F-1-1			3	H7.B000827.3_38_F.1.1-1-1	3_38_F	Thymus	False	1	False	H7.B000827.3_38_F.1.1-1-1-1	one_assay_suffix	3m	1	nan	DN4 thymocyte	CL:0002420	DN4 thymocyte	facs	3_38_F	633218.0	1833.0	female	Flowthrough	Thymus	nan	6	5
H7-B003291-3_39_F-1-1			3	H7.B003291.3_39_F.1.1-1-1	3_39_F	Thymus	False	1	False	H7.B003291.3_39_F.1.1-1-1-1	one_assay_suffix	3m	1	nan	DN4 thymocyte	CL:0002420	DN4 thymocyte	facs	3_39_F	1854044.0	1975.0	female	Flowthrough	Thymus	nan	6	5
H7-MAA000496-3_10_M-1-1			3	H7.MAA000496.3_10_M.1.1-1-1	3_10_M	Trachea	False	1	False	H7.MAA000496.3_10_M.1.1-1-1-1	one_assay_suffix	3m	1	nan	T cell	CL:0000081	nan	facs	3_10_M	551142.0	5007.0	male	nan	Trachea	nan	4	21
H7-MAA000607-3_9_M-1-1			3	H7.MAA000607.3_9_M.1.1-1-1	3_9_M	Thymus	False	1	False	H7.MAA000607.3_9_M.1.1-1-1-1	one_assay_suffix	3m	1	nan	thymocyte	CL:0002420	DN to DP transition (most are Cd8+/ Cd4+, some undergoing VDJ recombination)	facs	3_9_M	118411.0	1441.0	male	nan	Thymus	nan	21	23
H7-MAA000609-3_8_M-1-1			3	H7.MAA000609.3_8_M.1.1-1-1	3_8_M	Thymus	False	1	False	H7.MAA000609.3_8_M.1.1-1-1-1	one_assay_suffix	3m	1	nan	thymocyte	CL:0002420	DN to DP transition (most are Cd8+/ Cd4+, some undergoing VDJ recombination)	facs	3_8_M	1173486.0	2687.0	male	nan	Thymus	nan	21	23
H7-MAA000907-3_11_M-1-1			3	H7.MAA000907.3_11_M.1.1-1-1	3_11_M	Liver	False	1	False	H7.MAA000907.3_11_M.1.1-1-1-1	one_assay_suffix	3m	1	nan	mature NK T cell	CL:0000623	nan	facs	3_11_M	847937.0	4123.0	male	Non-hepatocytes	Liver	nan	4	9
H8-B000827-3_38_F-1-1			3	H8.B000827.3_38_F.1.1-1-1	3_38_F	Thymus	False	1	False	H8.B000827.3_38_F.1.1-1-1-1	one_assay_suffix	3m	1	nan	DN4 thymocyte	CL:0002420	DN4 thymocyte	facs	3_38_F	634548.0	1832.0	female	Flowthrough	Thymus	nan	6	5
H8-B001750-3_38_F-1-1			3	H8.B001750.3_38_F.1.1-1-1	3_38_F	Spleen	False	1	False	H8.B001750.3_38_F.1.1-1-1-1	one_assay_suffix	3m	1	nan	CD4-positive, alpha-beta T cell	CL:0000084	Cd3e T cell	facs	3_38_F	624099.0	2108.0	female	nan	Spleen	nan	6	5
H8-B002428-3_38_F-1-1			3	H8.B002428.3_38_F.1.1-1-1	3_38_F	Heart	False	1	False	H8.B002428.3_38_F.1.1-1-1-1	one_assay_suffix	3m	1	nan	T cell	CL:0000738	T cell	facs	3_38_F	497177.0	1242.0	female	LA	Heart	nan	6	5
H8-B002431-3_39_F-1-1			3	H8.B002431.3_39_F.1.1-1-1	3_39_F	Aorta	False	1	False		unmatched																
H8-B003291-3_39_F-1-1			3	H8.B003291.3_39_F.1.1-1-1	3_39_F	Thymus	False	1	False	H8.B003291.3_39_F.1.1-1-1-1	one_assay_suffix	3m	1	nan	thymocyte	CL:0002420	DN to DP transition (most are Cd8+/ Cd4+, some undergoing VDJ recombination)	facs	3_39_F	2083155.0	2187.0	female	Flowthrough	Thymus	nan	21	23
H8-D043526-3_39_F-1-1			3	H8.D043526.3_39_F.1.1-1-1	3_39_F	SCAT	False	1	False	H8.D043526.3_39_F.1.1-1-1-1	one_assay_suffix	3m	1	nan	T cell	CL:0000084	nan	facs	3_39_F	790104.0	1756.0	female	Fat	SCAT	nan	6	5
H8-MAA000607-3_9_M-1-1			3	H8.MAA000607.3_9_M.1.1-1-1	3_9_M	Thymus	False	1	False	H8.MAA000607.3_9_M.1.1-1-1-1	one_assay_suffix	3m	1	nan	DN4 thymocyte	CL:0002420	DN4 thymocyte	facs	3_9_M	198982.0	1947.0	male	nan	Thymus	nan	6	5
H8-MAA000880-3_11_M-1-1			3	H8.MAA000880.3_11_M.1.1-1-1	3_11_M	Thymus	False	1	False	H8.MAA000880.3_11_M.1.1-1-1-1	one_assay_suffix	3m	1	nan	thymocyte	CL:0002420	proliferating thymocyte; DN to DP transition, dividing (some are Cd8+/ Cd4+, some undergoing VDJ recombination)	facs	3_11_M	1441286.0	2864.0	male	nan	Thymus	nan	21	23
H9-B000827-3_38_F-1-1			3	H9.B000827.3_38_F.1.1-1-1	3_38_F	Thymus	False	1	False	H9.B000827.3_38_F.1.1-1-1-1	one_assay_suffix	3m	1	nan	DN4 thymocyte	CL:0002420	DN4 thymocyte	facs	3_38_F	772449.0	1653.0	female	Flowthrough	Thymus	nan	6	5
H9-B003291-3_39_F-1-1	5.0	2.0	3	H9.B003291.3_39_F.1.1-1-1	3_39_F	Thymus	True	1	False	H9.B003291.3_39_F.1.1-1-1-1	one_assay_suffix	3m	1	nan	thymocyte	CL:0002420	DN to DP transition (most are Cd8+/ Cd4+, some undergoing VDJ recombination)	facs	3_39_F	1355903.0	1536.0	female	Flowthrough	Thymus	nan	21	23
H9-MAA000607-3_9_M-1-1			3	H9.MAA000607.3_9_M.1.1-1-1	3_9_M	Thymus	False	1	False	H9.MAA000607.3_9_M.1.1-1-1-1	one_assay_suffix	3m	1	nan	thymocyte	CL:0002420	DN to DP transition (most are Cd8+/ Cd4+, some undergoing VDJ recombination)	facs	3_9_M	182010.0	1520.0	male	nan	Thymus	nan	21	23
H9-MAA000609-3_8_M-1-1			3	H9.MAA000609.3_8_M.1.1-1-1	3_8_M	Thymus	False	1	False	H9.MAA000609.3_8_M.1.1-1-1-1	one_assay_suffix	3m	1	nan	thymocyte	CL:0002420	DN to DP transition (most are Cd8+/ Cd4+, some undergoing VDJ recombination)	facs	3_8_M	275349.0	1439.0	male	nan	Thymus	nan	21	23
H9-MAA001889-3_38_F-1-1			3	H9.MAA001889.3_38_F.1.1-1-1	3_38_F	Lung	False	1	False		unmatched																
I1-B000827-3_38_F-1-1			3	I1.B000827.3_38_F.1.1-1-1	3_38_F	Thymus	False	1	False	I1.B000827.3_38_F.1.1-1-1-1	one_assay_suffix	3m	1	nan	DN4 thymocyte	CL:0002420	DN4 thymocyte	facs	3_38_F	803743.0	2092.0	female	Flowthrough	Thymus	nan	6	5
I1-B003291-3_39_F-1-1			3	I1.B003291.3_39_F.1.1-1-1	3_39_F	Thymus	False	1	False	I1.B003291.3_39_F.1.1-1-1-1	one_assay_suffix	3m	1	nan	thymocyte	CL:0002420	proliferating thymocyte; DN to DP transition, dividing (some are Cd8+/ Cd4+, some undergoing VDJ recombination)	facs	3_39_F	1253802.0	2872.0	female	Flowthrough	Thymus	nan	21	23
I1-MAA000844-3_10_M-1-1			3	I1.MAA000844.3_10_M.1.1-1-1	3_10_M	Marrow	False	1	False	I1.MAA000844.3_10_M.1.1-1-1-1	one_assay_suffix	3m	1	nan	mature alpha-beta T cell	CL:0000914	BM CD8 + CD4 T cell	facs	3_10_M	1149637.0	3786.0	male	T-cells	Marrow	nan	4	9
I1-MAA001847-3_39_F-1-1			3	I1.MAA001847.3_39_F.1.1-1-1	3_39_F	Lung	False	1	False	I1.MAA001847.3_39_F.1.1-1-1-1	one_assay_suffix	3m	1	nan	CD4-positive, alpha-beta T cell	CL:0000084	CD4+ T	facs	3_39_F	148837.0	2181.0	female	EPCAM	Lung	nan	6	5
I1-MAA001889-3_38_F-1-1	8.0	3.0	3	I1.MAA001889.3_38_F.1.1-1-1	3_38_F	Lung	True	3	True		unmatched																
I10-B000827-3_38_F-1-1			3	I10.B000827.3_38_F.1.1-1-1	3_38_F	Thymus	False	1	False	I10.B000827.3_38_F.1.1-1-1-1	one_assay_suffix	3m	1	nan	DN4 thymocyte	CL:0002420	DN4 thymocyte	facs	3_38_F	623273.0	2371.0	female	Flowthrough	Thymus	nan	6	5
I10-B002314-3_56_F-1-1			3	I10.B002314.3_56_F.1.1-1-1	3_56_F	MAT	False	1	False	I10.B002314.3_56_F.1.1-1-1-1	one_assay_suffix	3m	1	nan	CD4-positive, alpha-beta T cell	CL:0000084	nan	facs	3_56_F	841834.0	2685.0	female	Fat	MAT	nan	6	5
I10-B003291-3_39_F-1-1			3	I10.B003291.3_39_F.1.1-1-1	3_39_F	Thymus	False	1	False	I10.B003291.3_39_F.1.1-1-1-1	one_assay_suffix	3m	1	nan	DN4 thymocyte	CL:0002420	DN4 thymocyte	facs	3_39_F	866453.0	1929.0	female	Flowthrough	Thymus	nan	6	5
I10-D043526-3_39_F-1-1			3	I10.D043526.3_39_F.1.1-1-1	3_39_F	SCAT	False	1	False	I10.D043526.3_39_F.1.1-1-1-1	one_assay_suffix	3m	1	nan	T cell	CL:0000084	nan	facs	3_39_F	297740.0	1797.0	female	Fat	SCAT	nan	6	9
I10-D045064-3_38_F-1-1	28.0	2.0	3	I10.D045064.3_38_F.1.1-1-1	3_38_F	MAT	True	1	False	I10.D045064.3_38_F.1.1-1-1-1	one_assay_suffix	3m	1	nan	CD4-positive, alpha-beta T cell	CL:0000084	nan	facs	3_38_F	794711.0	1198.0	female	Fat	MAT	nan	6	5
I10-MAA000508-3_9_M-1-1			3	I10.MAA000508.3_9_M.1.1-1-1	3_9_M	Spleen	False	1	False	I10.MAA000508.3_9_M.1.1-1-1-1	one_assay_suffix	3m	1	nan	CD8-positive, alpha-beta T cell	CL:0000084	nan	facs	3_9_M	355047.0	2692.0	male	nan	Spleen	nan	4	9
I10-MAA000607-3_9_M-1-1			3	I10.MAA000607.3_9_M.1.1-1-1	3_9_M	Thymus	False	1	False	I10.MAA000607.3_9_M.1.1-1-1-1	one_assay_suffix	3m	1	nan	thymocyte	CL:0002420	DN to DP transition (most are Cd8+/ Cd4+, some undergoing VDJ recombination)	facs	3_9_M	170458.0	1476.0	male	nan	Thymus	nan	21	23
I10-MAA000880-3_11_M-1-1			3	I10.MAA000880.3_11_M.1.1-1-1	3_11_M	Thymus	False	1	False	I10.MAA000880.3_11_M.1.1-1-1-1	one_assay_suffix	3m	1	nan	DN4 thymocyte	CL:0002420	DN4 thymocyte	facs	3_11_M	396888.0	1298.0	male	nan	Thymus	nan	6	5
I11-B000827-3_38_F-1-1			3	I11.B000827.3_38_F.1.1-1-1	3_38_F	Thymus	False	1	False	I11.B000827.3_38_F.1.1-1-1-1	one_assay_suffix	3m	1	nan	DN4 thymocyte	CL:0002420	DN4 thymocyte	facs	3_38_F	489240.0	1859.0	female	Flowthrough	Thymus	nan	4	21
I11-B003291-3_39_F-1-1			3	I11.B003291.3_39_F.1.1-1-1	3_39_F	Thymus	False	1	False	I11.B003291.3_39_F.1.1-1-1-1	one_assay_suffix	3m	1	nan	thymocyte	CL:0002420	DN to DP transition (most are Cd8+/ Cd4+, some undergoing VDJ recombination)	facs	3_39_F	1127140.0	1415.0	female	Flowthrough	Thymus	nan	21	23
I11-D043526-3_39_F-1-1			3	I11.D043526.3_39_F.1.1-1-1	3_39_F	SCAT	False	1	False	I11.D043526.3_39_F.1.1-1-1-1	one_assay_suffix	3m	1	nan	CD8-positive, alpha-beta T cell	CL:0000084	nan	facs	3_39_F	585805.0	2369.0	female	Fat	SCAT	nan	4	9
I11-MAA000607-3_9_M-1-1			3	I11.MAA000607.3_9_M.1.1-1-1	3_9_M	Thymus	False	1	False	I11.MAA000607.3_9_M.1.1-1-1-1	one_assay_suffix	3m	1	nan	thymocyte	CL:0002420	DN to DP transition (most are Cd8+/ Cd4+, some undergoing VDJ recombination)	facs	3_9_M	329352.0	2814.0	male	nan	Thymus	nan	21	23
I11-MAA000934-3_9_M-1-1			3	I11.MAA000934.3_9_M.1.1-1-1	3_9_M	SCAT	False	1	False	I11.MAA000934.3_9_M.1.1-1-1-1	one_assay_suffix	3m	1	nan	T cell	CL:0000084	nan	facs	3_9_M	471716.0	4077.0	male	Fat	SCAT	nan	4	21
I12-B000826-3_39_F-1-1	0.0	2.0	3	I12.B000826.3_39_F.1.1-1-1	3_39_F	Brain_Myeloid	True	2	True	I12.B000826.3_39_F.1.1-1-1-1	one_assay_suffix	3m	1	nan	microglial cell	CL:0000129	nan	facs	3_39_F	519666.0	3051.0	female	Cortex	Brain_Myeloid	nan	3	2
I12-B000827-3_38_F-1-1			3	I12.B000827.3_38_F.1.1-1-1	3_38_F	Thymus	False	1	False	I12.B000827.3_38_F.1.1-1-1-1	one_assay_suffix	3m	1	nan	DN4 thymocyte	CL:0002420	DN4 thymocyte	facs	3_38_F	662950.0	2064.0	female	Flowthrough	Thymus	nan	6	5
I12-B001750-3_38_F-1-1			3	I12.B001750.3_38_F.1.1-1-1	3_38_F	Spleen	False	1	False	I12.B001750.3_38_F.1.1-1-1-1	one_assay_suffix	3m	1	nan	CD4-positive, alpha-beta T cell	CL:0000084	Cd3e T cell	facs	3_38_F	795459.0	1738.0	female	nan	Spleen	nan	4	5
I12-MAA000607-3_9_M-1-1			3	I12.MAA000607.3_9_M.1.1-1-1	3_9_M	Thymus	False	1	False	I12.MAA000607.3_9_M.1.1-1-1-1	one_assay_suffix	3m	1	nan	thymocyte	CL:0002420	DN to DP transition (most are Cd8+/ Cd4+, some undergoing VDJ recombination)	facs	3_9_M	171584.0	1433.0	male	nan	Thymus	nan	21	23
I12-MAA000609-3_8_M-1-1			3	I12.MAA000609.3_8_M.1.1-1-1	3_8_M	Thymus	False	1	False	I12.MAA000609.3_8_M.1.1-1-1-1	one_assay_suffix	3m	1	nan	thymocyte	CL:0002420	DN to DP transition (most are Cd8+/ Cd4+, some undergoing VDJ recombination)	facs	3_8_M	274605.0	2454.0	male	nan	Thymus	nan	21	23
I13-B000827-3_38_F-1-1			3	I13.B000827.3_38_F.1.1-1-1	3_38_F	Thymus	False	1	False	I13.B000827.3_38_F.1.1-1-1-1	one_assay_suffix	3m	1	nan	DN4 thymocyte	CL:0002420	DN4 thymocyte	facs	3_38_F	419819.0	1830.0	female	Flowthrough	Thymus	nan	6	5
I13-B000971-3_39_F-1-1			3	I13.B000971.3_39_F.1.1-1-1	3_39_F	Spleen	False	1	False	I13.B000971.3_39_F.1.1-1-1-1	one_assay_suffix	3m	1	nan	CD8-positive, alpha-beta T cell	CL:0000084	Cd3e T cell	facs	3_39_F	745598.0	2118.0	female	nan	Spleen	nan	6	5
I13-B002954-3_56_F-1-1			3	I13.B002954.3_56_F.1.1-1-1	3_56_F	SCAT	False	1	False	I13.B002954.3_56_F.1.1-1-1-1	one_assay_suffix	3m	1	nan	NK cell	nan	nan	facs	3_56_F	446336.0	1883.0	female	Fat	SCAT	nan	4	21
I13-B002955-3_56_F-1-1			3	I13.B002955.3_56_F.1.1-1-1	3_56_F	GAT	False	1	False	I13.B002955.3_56_F.1.1-1-1-1	one_assay_suffix	3m	1	nan	CD8-positive, alpha-beta T cell	CL:0000084	nan	facs	3_56_F	387017.0	2057.0	female	Fat	GAT	nan	6	5
I13-B003291-3_39_F-1-1			3	I13.B003291.3_39_F.1.1-1-1	3_39_F	Thymus	False	1	False	I13.B003291.3_39_F.1.1-1-1-1	one_assay_suffix	3m	1	nan	thymocyte	CL:0002420	DN to DP transition (most are Cd8+/ Cd4+, some undergoing VDJ recombination)	facs	3_39_F	730537.0	2122.0	female	Flowthrough	Thymus	nan	21	23
I13-MAA000385-3_10_M-1-1			3	I13.MAA000385.3_10_M.1.1-1-1	3_10_M	SCAT	False	1	False	I13.MAA000385.3_10_M.1.1-1-1-1	one_assay_suffix	3m	1	nan	T cell	CL:0000084	nan	facs	3_10_M	728226.0	3592.0	male	Fat	SCAT	nan	6	5
I13-MAA000607-3_9_M-1-1			3	I13.MAA000607.3_9_M.1.1-1-1	3_9_M	Thymus	False	1	False	I13.MAA000607.3_9_M.1.1-1-1-1	one_assay_suffix	3m	1	nan	thymocyte	CL:0002420	DN to DP transition (most are Cd8+/ Cd4+, some undergoing VDJ recombination)	facs	3_9_M	153744.0	1395.0	male	nan	Thymus	nan	21	23
I13-MAA000609-3_8_M-1-1			3	I13.MAA000609.3_8_M.1.1-1-1	3_8_M	Thymus	False	1	False	I13.MAA000609.3_8_M.1.1-1-1-1	one_assay_suffix	3m	1	nan	DN4 thymocyte	CL:0002420	DN4 thymocyte	facs	3_8_M	216105.0	1731.0	male	nan	Thymus	nan	6	5
I14-B000827-3_38_F-1-1			3	I14.B000827.3_38_F.1.1-1-1	3_38_F	Thymus	False	1	False	I14.B000827.3_38_F.1.1-1-1-1	one_assay_suffix	3m	1	nan	DN4 thymocyte	CL:0002420	DN4 thymocyte	facs	3_38_F	647439.0	2330.0	female	Flowthrough	Thymus	nan	6	5
I14-MAA000385-3_10_M-1-1			3	I14.MAA000385.3_10_M.1.1-1-1	3_10_M	SCAT	False	1	False	I14.MAA000385.3_10_M.1.1-1-1-1	one_assay_suffix	3m	1	nan	T cell	CL:0000084	nan	facs	3_10_M	739515.0	2740.0	male	Fat	SCAT	nan	6	5
I14-MAA000607-3_9_M-1-1			3	I14.MAA000607.3_9_M.1.1-1-1	3_9_M	Thymus	False	1	False	I14.MAA000607.3_9_M.1.1-1-1-1	one_assay_suffix	3m	1	nan	DN4 thymocyte	CL:0002420	DN4 thymocyte	facs	3_9_M	208900.0	1918.0	male	nan	Thymus	nan	6	5
I14-MAA000609-3_8_M-1-1			3	I14.MAA000609.3_8_M.1.1-1-1	3_8_M	Thymus	False	1	False	I14.MAA000609.3_8_M.1.1-1-1-1	one_assay_suffix	3m	1	nan	thymocyte	CL:0002420	DN to DP transition (most are Cd8+/ Cd4+, some undergoing VDJ recombination)	facs	3_8_M	248109.0	1656.0	male	nan	Thymus	nan	21	23
I14-MAA001842-3_38_F-1-1			3	I14.MAA001842.3_38_F.1.1-1-1	3_38_F	Marrow	False	1	False	I14.MAA001842.3_38_F.1.1-1-1-1	one_assay_suffix	3m	1	nan	mature alpha-beta T cell	CL:0002420	BM CD8 + CD4 T cell	facs	3_38_F	738628.0	2033.0	female	T-cells	Marrow	nan	4	9
I15-B000827-3_38_F-1-1			3	I15.B000827.3_38_F.1.1-1-1	3_38_F	Thymus	False	1	False	I15.B000827.3_38_F.1.1-1-1-1	one_assay_suffix	3m	1	nan	DN4 thymocyte	CL:0002420	DN4 thymocyte	facs	3_38_F	578240.0	2081.0	female	Flowthrough	Thymus	nan	6	5
I15-B001750-3_38_F-1-1			3	I15.B001750.3_38_F.1.1-1-1	3_38_F	Spleen	False	1	False	I15.B001750.3_38_F.1.1-1-1-1	one_assay_suffix	3m	1	nan	CD8-positive, alpha-beta T cell	CL:0000084	Cd3e T cell	facs	3_38_F	780117.0	2103.0	female	nan	Spleen	nan	6	5
I15-B002314-3_56_F-1-1			3	I15.B002314.3_56_F.1.1-1-1	3_56_F	MAT	False	1	False	I15.B002314.3_56_F.1.1-1-1-1	one_assay_suffix	3m	1	nan	CD4-positive, alpha-beta T cell	CL:0000084	nan	facs	3_56_F	1006256.0	1896.0	female	Fat	MAT	nan	6	5
I15-B003291-3_39_F-1-1			3	I15.B003291.3_39_F.1.1-1-1	3_39_F	Thymus	False	1	False	I15.B003291.3_39_F.1.1-1-1-1	one_assay_suffix	3m	1	nan	thymocyte	CL:0002420	DN to DP transition (most are Cd8+/ Cd4+, some undergoing VDJ recombination)	facs	3_39_F	855068.0	1323.0	female	Flowthrough	Thymus	nan	21	23
I15-MAA000607-3_9_M-1-1			3	I15.MAA000607.3_9_M.1.1-1-1	3_9_M	Thymus	False	1	False	I15.MAA000607.3_9_M.1.1-1-1-1	one_assay_suffix	3m	1	nan	DN4 thymocyte	CL:0002420	DN4 thymocyte	facs	3_9_M	215498.0	1974.0	male	nan	Thymus	nan	6	5
I16-B000827-3_38_F-1-1			3	I16.B000827.3_38_F.1.1-1-1	3_38_F	Thymus	False	1	False	I16.B000827.3_38_F.1.1-1-1-1	one_assay_suffix	3m	1	nan	DN4 thymocyte	CL:0002420	DN4 thymocyte	facs	3_38_F	786702.0	2105.0	female	Flowthrough	Thymus	nan	6	5
I16-B002955-3_56_F-1-1			3	I16.B002955.3_56_F.1.1-1-1	3_56_F	GAT	False	1	False	I16.B002955.3_56_F.1.1-1-1-1	one_assay_suffix	3m	1	nan	CD8-positive, alpha-beta T cell	CL:0000084	nan	facs	3_56_F	671551.0	1889.0	female	Fat	GAT	nan	6	5
I16-B003291-3_39_F-1-1			3	I16.B003291.3_39_F.1.1-1-1	3_39_F	Thymus	False	1	False	I16.B003291.3_39_F.1.1-1-1-1	one_assay_suffix	3m	1	nan	thymocyte	CL:0002420	DN to DP transition (most are Cd8+/ Cd4+, some undergoing VDJ recombination)	facs	3_39_F	667326.0	1296.0	female	Flowthrough	Thymus	nan	21	23
I16-D045058-3_39_F-1-1			3	I16.D045058.3_39_F.1.1-1-1	3_39_F	GAT	False	1	False	I16.D045058.3_39_F.1.1-1-1-1	one_assay_suffix	3m	1	nan	CD8-positive, alpha-beta T cell	CL:0000084	nan	facs	3_39_F	953671.0	1700.0	female	Fat	GAT	nan	4	9
I16-MAA000607-3_9_M-1-1			3	I16.MAA000607.3_9_M.1.1-1-1	3_9_M	Thymus	False	1	False	I16.MAA000607.3_9_M.1.1-1-1-1	one_assay_suffix	3m	1	nan	thymocyte	CL:0002420	proliferating thymocyte; DN to DP transition, dividing (some are Cd8+/ Cd4+, some undergoing VDJ recombination)	facs	3_9_M	638903.0	3814.0	male	nan	Thymus	nan	21	23
I16-MAA000609-3_8_M-1-1			3	I16.MAA000609.3_8_M.1.1-1-1	3_8_M	Thymus	False	1	False	I16.MAA000609.3_8_M.1.1-1-1-1	one_assay_suffix	3m	1	nan	DN4 thymocyte	CL:0002420	DN4 thymocyte	facs	3_8_M	97981.0	1923.0	male	nan	Thymus	nan	6	5
I16-MAA000779-3_11_M-1-1			3	I16.MAA000779.3_11_M.1.1-1-1	3_11_M	Spleen	False	1	False	I16.MAA000779.3_11_M.1.1-1-1-1	one_assay_suffix	3m	1	nan	CD4-positive, alpha-beta T cell	CL:0000084	Cd3e T cell	facs	3_11_M	220759.0	1434.0	male	nan	Spleen	nan	6	5
I16-MAA000880-3_11_M-1-1			3	I16.MAA000880.3_11_M.1.1-1-1	3_11_M	Thymus	False	1	False	I16.MAA000880.3_11_M.1.1-1-1-1	one_assay_suffix	3m	1	nan	DN4 thymocyte	CL:0002420	DN4 thymocyte	facs	3_11_M	684319.0	1764.0	male	nan	Thymus	nan	6	5
I17-B000827-3_38_F-1-1			3	I17.B000827.3_38_F.1.1-1-1	3_38_F	Thymus	False	1	False	I17.B000827.3_38_F.1.1-1-1-1	one_assay_suffix	3m	1	nan	DN4 thymocyte	CL:0002420	DN4 thymocyte	facs	3_38_F	541001.0	2240.0	female	Flowthrough	Thymus	nan	6	5
I17-B003291-3_39_F-1-1			3	I17.B003291.3_39_F.1.1-1-1	3_39_F	Thymus	False	1	False	I17.B003291.3_39_F.1.1-1-1-1	one_assay_suffix	3m	1	nan	thymocyte	CL:0002420	DN to DP transition (most are Cd8+/ Cd4+, some undergoing VDJ recombination)	facs	3_39_F	673768.0	1087.0	female	Flowthrough	Thymus	nan	21	23
I17-MAA000607-3_9_M-1-1			3	I17.MAA000607.3_9_M.1.1-1-1	3_9_M	Thymus	False	1	False	I17.MAA000607.3_9_M.1.1-1-1-1	one_assay_suffix	3m	1	nan	thymocyte	CL:0002420	DN to DP transition (most are Cd8+/ Cd4+, some undergoing VDJ recombination)	facs	3_9_M	162212.0	1473.0	male	nan	Thymus	nan	21	23
I18-B000827-3_38_F-1-1			3	I18.B000827.3_38_F.1.1-1-1	3_38_F	Thymus	False	1	False	I18.B000827.3_38_F.1.1-1-1-1	one_assay_suffix	3m	1	nan	DN4 thymocyte	CL:0002420	DN4 thymocyte	facs	3_38_F	617280.0	2268.0	female	Flowthrough	Thymus	nan	4	5
I18-B003291-3_39_F-1-1			3	I18.B003291.3_39_F.1.1-1-1	3_39_F	Thymus	False	1	False	I18.B003291.3_39_F.1.1-1-1-1	one_assay_suffix	3m	1	nan	thymocyte	CL:0002420	DN to DP transition (most are Cd8+/ Cd4+, some undergoing VDJ recombination)	facs	3_39_F	986954.0	1355.0	female	Flowthrough	Thymus	nan	21	23
I18-MAA000508-3_9_M-1-1			3	I18.MAA000508.3_9_M.1.1-1-1	3_9_M	Spleen	False	1	False	I18.MAA000508.3_9_M.1.1-1-1-1	one_assay_suffix	3m	1	nan	B cell	CL:0000236	nan	facs	3_9_M	573472.0	3552.0	male	nan	Spleen	nan	6	5
I18-MAA000607-3_9_M-1-1			3	I18.MAA000607.3_9_M.1.1-1-1	3_9_M	Thymus	False	1	False	I18.MAA000607.3_9_M.1.1-1-1-1	one_assay_suffix	3m	1	nan	thymocyte	CL:0002420	proliferating thymocyte; DN to DP transition, dividing (some are Cd8+/ Cd4+, some undergoing VDJ recombination)	facs	3_9_M	428582.0	3012.0	male	nan	Thymus	nan	21	23
I18-MAA000609-3_8_M-1-1			3	I18.MAA000609.3_8_M.1.1-1-1	3_8_M	Thymus	False	1	False	I18.MAA000609.3_8_M.1.1-1-1-1	one_assay_suffix	3m	1	nan	DN4 thymocyte	CL:0002420	DN4 thymocyte	facs	3_8_M	280902.0	2020.0	male	nan	Thymus	nan	6	5
I18-MAA000844-3_10_M-1-1			3	I18.MAA000844.3_10_M.1.1-1-1	3_10_M	Marrow	False	1	False	I18.MAA000844.3_10_M.1.1-1-1-1	one_assay_suffix	3m	1	nan	promonocyte	CL:0000576	monocyte + promonocyte	facs	3_10_M	1882523.0	6148.0	male	T-cells	Marrow	nan	37	56
I19-B000827-3_38_F-1-1			3	I19.B000827.3_38_F.1.1-1-1	3_38_F	Thymus	False	1	False	I19.B000827.3_38_F.1.1-1-1-1	one_assay_suffix	3m	1	nan	DN4 thymocyte	CL:0002420	DN4 thymocyte	facs	3_38_F	753778.0	2116.0	female	Flowthrough	Thymus	nan	4	5
I19-B003291-3_39_F-1-1			3	I19.B003291.3_39_F.1.1-1-1	3_39_F	Thymus	False	1	False	I19.B003291.3_39_F.1.1-1-1-1	one_assay_suffix	3m	1	nan	thymocyte	CL:0002420	proliferating thymocyte; DN to DP transition, dividing (some are Cd8+/ Cd4+, some undergoing VDJ recombination)	facs	3_39_F	1432229.0	2435.0	female	Flowthrough	Thymus	nan	21	23
I19-MAA000607-3_9_M-1-1			3	I19.MAA000607.3_9_M.1.1-1-1	3_9_M	Thymus	False	1	False	I19.MAA000607.3_9_M.1.1-1-1-1	one_assay_suffix	3m	1	nan	DN4 thymocyte	CL:0002420	DN4 thymocyte	facs	3_9_M	394115.0	2715.0	male	nan	Thymus	nan	6	5
I19-MAA000844-3_10_M-1-1			3	I19.MAA000844.3_10_M.1.1-1-1	3_10_M	Marrow	False	1	False	I19.MAA000844.3_10_M.1.1-1-1-1	one_assay_suffix	3m	1	nan	NK cell	CL:0000914	NK cell	facs	3_10_M	736190.0	2593.0	male	T-cells	Marrow	nan	40	47
I19-MAA000880-3_11_M-1-1			3	I19.MAA000880.3_11_M.1.1-1-1	3_11_M	Thymus	False	1	False	I19.MAA000880.3_11_M.1.1-1-1-1	one_assay_suffix	3m	1	nan	thymocyte	CL:0002420	proliferating thymocyte; DN to DP transition, dividing (some are Cd8+/ Cd4+, some undergoing VDJ recombination)	facs	3_11_M	1871005.0	2606.0	male	nan	Thymus	nan	21	23
I2-B000827-3_38_F-1-1			3	I2.B000827.3_38_F.1.1-1-1	3_38_F	Thymus	False	1	False	I2.B000827.3_38_F.1.1-1-1-1	one_assay_suffix	3m	1	nan	DN4 thymocyte	CL:0002420	DN4 thymocyte	facs	3_38_F	290956.0	1881.0	female	Flowthrough	Thymus	nan	6	5
I2-B000971-3_39_F-1-1	25.0	2.0	3	I2.B000971.3_39_F.1.1-1-1	3_39_F	Spleen	True	2	True	I2.B000971.3_39_F.1.1-1-1-1	one_assay_suffix	3m	1	nan	B cell	CL:0000236	CD79a B cell	facs	3_39_F	435659.0	3378.0	female	nan	Spleen	nan	0	0
I2-B003291-3_39_F-1-1			3	I2.B003291.3_39_F.1.1-1-1	3_39_F	Thymus	False	1	False	I2.B003291.3_39_F.1.1-1-1-1	one_assay_suffix	3m	1	nan	thymocyte	CL:0002420	proliferating thymocyte; DN to DP transition, dividing (some are Cd8+/ Cd4+, some undergoing VDJ recombination)	facs	3_39_F	1519811.0	3312.0	female	Flowthrough	Thymus	nan	21	23
I2-MAA000607-3_9_M-1-1			3	I2.MAA000607.3_9_M.1.1-1-1	3_9_M	Thymus	False	1	False	I2.MAA000607.3_9_M.1.1-1-1-1	one_assay_suffix	3m	1	nan	thymocyte	CL:0002420	proliferating thymocyte; DN to DP transition, dividing (some are Cd8+/ Cd4+, some undergoing VDJ recombination)	facs	3_9_M	502723.0	3476.0	male	nan	Thymus	nan	6	21
I2-MAA000844-3_10_M-1-1			3	I2.MAA000844.3_10_M.1.1-1-1	3_10_M	Marrow	False	1	False	I2.MAA000844.3_10_M.1.1-1-1-1	one_assay_suffix	3m	1	nan	NK cell	CL:0000094	Klrb1a/b/c(-) NK cell	facs	3_10_M	603133.0	2634.0	male	T-cells	Marrow	nan	43	8
I20-B000827-3_38_F-1-1			3	I20.B000827.3_38_F.1.1-1-1	3_38_F	Thymus	False	1	False	I20.B000827.3_38_F.1.1-1-1-1	one_assay_suffix	3m	1	nan	DN4 thymocyte	CL:0002420	DN4 thymocyte	facs	3_38_F	774807.0	2342.0	female	Flowthrough	Thymus	nan	6	5
I20-B001750-3_38_F-1-1			3	I20.B001750.3_38_F.1.1-1-1	3_38_F	Spleen	False	1	False	I20.B001750.3_38_F.1.1-1-1-1	one_assay_suffix	3m	1	nan	CD8-positive, alpha-beta T cell	CL:0000084	Cd3e T cell	facs	3_38_F	620306.0	1655.0	female	nan	Spleen	nan	6	5
I20-B003291-3_39_F-1-1			3	I20.B003291.3_39_F.1.1-1-1	3_39_F	Thymus	False	1	False	I20.B003291.3_39_F.1.1-1-1-1	one_assay_suffix	3m	1	nan	thymocyte	CL:0002420	DN to DP transition (most are Cd8+/ Cd4+, some undergoing VDJ recombination)	facs	3_39_F	1341899.0	1227.0	female	Flowthrough	Thymus	nan	21	23
I20-MAA000607-3_9_M-1-1			3	I20.MAA000607.3_9_M.1.1-1-1	3_9_M	Thymus	False	1	False	I20.MAA000607.3_9_M.1.1-1-1-1	one_assay_suffix	3m	1	nan	DN4 thymocyte	CL:0002420	DN4 thymocyte	facs	3_9_M	182627.0	1841.0	male	nan	Thymus	nan	6	5
I21-B000827-3_38_F-1-1			3	I21.B000827.3_38_F.1.1-1-1	3_38_F	Thymus	False	1	False	I21.B000827.3_38_F.1.1-1-1-1	one_assay_suffix	3m	1	nan	DN4 thymocyte	CL:0002420	DN4 thymocyte	facs	3_38_F	933251.0	2623.0	female	Flowthrough	Thymus	nan	6	5
I21-B003291-3_39_F-1-1			3	I21.B003291.3_39_F.1.1-1-1	3_39_F	Thymus	False	1	False	I21.B003291.3_39_F.1.1-1-1-1	one_assay_suffix	3m	1	nan	thymocyte	CL:0002420	DN to DP transition (most are Cd8+/ Cd4+, some undergoing VDJ recombination)	facs	3_39_F	1098939.0	1134.0	female	Flowthrough	Thymus	nan	21	23
I21-MAA000530-3_8_M-1-1			3	I21.MAA000530.3_8_M.1.1-1-1	3_8_M	Lung	False	1	False	I21.MAA000530.3_8_M.1.1-1-1-1	one_assay_suffix	3m	1	nan	CD4-positive, alpha-beta T cell	CL:0000084	CD4+ T	facs	3_8_M	1125783.0	2006.0	male	nan	Lung	nan	6	5
I21-MAA000607-3_9_M-1-1			3	I21.MAA000607.3_9_M.1.1-1-1	3_9_M	Thymus	False	1	False	I21.MAA000607.3_9_M.1.1-1-1-1	one_assay_suffix	3m	1	nan	thymocyte	CL:0002420	proliferating thymocyte; DN to DP transition, dividing (some are Cd8+/ Cd4+, some undergoing VDJ recombination)	facs	3_9_M	767471.0	4640.0	male	nan	Thymus	nan	21	23
I21-MAA000609-3_8_M-1-1			3	I21.MAA000609.3_8_M.1.1-1-1	3_8_M	Thymus	False	1	False	I21.MAA000609.3_8_M.1.1-1-1-1	one_assay_suffix	3m	1	nan	DN4 thymocyte	CL:0002420	DN4 thymocyte	facs	3_8_M	196926.0	1618.0	male	nan	Thymus	nan	6	5
I21-MAA000880-3_11_M-1-1			3	I21.MAA000880.3_11_M.1.1-1-1	3_11_M	Thymus	False	1	False	I21.MAA000880.3_11_M.1.1-1-1-1	one_assay_suffix	3m	1	nan	DN4 thymocyte	CL:0002420	DN4 thymocyte	facs	3_11_M	804250.0	2137.0	male	nan	Thymus	nan	6	5
I22-B000827-3_38_F-1-1			3	I22.B000827.3_38_F.1.1-1-1	3_38_F	Thymus	False	1	False	I22.B000827.3_38_F.1.1-1-1-1	one_assay_suffix	3m	1	nan	DN4 thymocyte	CL:0002420	DN4 thymocyte	facs	3_38_F	560978.0	1895.0	female	Flowthrough	Thymus	nan	6	5
I22-B003291-3_39_F-1-1			3	I22.B003291.3_39_F.1.1-1-1	3_39_F	Thymus	False	1	False	I22.B003291.3_39_F.1.1-1-1-1	one_assay_suffix	3m	1	nan	thymocyte	CL:0002420	DN to DP transition (most are Cd8+/ Cd4+, some undergoing VDJ recombination)	facs	3_39_F	1598698.0	1340.0	female	Flowthrough	Thymus	nan	21	23
I22-MAA000530-3_8_M-1-1			3	I22.MAA000530.3_8_M.1.1-1-1	3_8_M	Lung	False	1	False	I22.MAA000530.3_8_M.1.1-1-1-1	one_assay_suffix	3m	1	nan	CD4-positive, alpha-beta T cell	CL:0000084	CD4+ T	facs	3_8_M	586389.0	2328.0	male	nan	Lung	nan	6	5
I22-MAA000607-3_9_M-1-1			3	I22.MAA000607.3_9_M.1.1-1-1	3_9_M	Thymus	False	1	False	I22.MAA000607.3_9_M.1.1-1-1-1	one_assay_suffix	3m	1	nan	DN4 thymocyte	CL:0002420	DN4 thymocyte	facs	3_9_M	55165.0	2286.0	male	nan	Thymus	nan	6	5
I22-MAA000609-3_8_M-1-1			3	I22.MAA000609.3_8_M.1.1-1-1	3_8_M	Thymus	False	1	False	I22.MAA000609.3_8_M.1.1-1-1-1	one_assay_suffix	3m	1	nan	thymocyte	CL:0002420	DN to DP transition (most are Cd8+/ Cd4+, some undergoing VDJ recombination)	facs	3_8_M	169890.0	1323.0	male	nan	Thymus	nan	21	23
I22-MAA000880-3_11_M-1-1			3	I22.MAA000880.3_11_M.1.1-1-1	3_11_M	Thymus	False	1	False	I22.MAA000880.3_11_M.1.1-1-1-1	one_assay_suffix	3m	1	nan	macrophage	CL:0000738	macrophage	facs	3_11_M	1183871.0	2012.0	male	nan	Thymus	nan	37	41
I22-MAA001847-3_39_F-1-1			3	I22.MAA001847.3_39_F.1.1-1-1	3_39_F	Lung	False	1	False	I22.MAA001847.3_39_F.1.1-1-1-1	one_assay_suffix	3m	1	nan	CD4-positive, alpha-beta T cell	CL:0000084	CD4+ T	facs	3_39_F	222964.0	2254.0	female	EPCAM	Lung	nan	6	5
I3-B000827-3_38_F-1-1			3	I3.B000827.3_38_F.1.1-1-1	3_38_F	Thymus	False	1	False	I3.B000827.3_38_F.1.1-1-1-1	one_assay_suffix	3m	1	nan	DN4 thymocyte	CL:0002420	DN4 thymocyte	facs	3_38_F	686547.0	2260.0	female	Flowthrough	Thymus	nan	6	5
I3-B000971-3_39_F-1-1	47.0	3.0	3	I3.B000971.3_39_F.1.1-1-1	3_39_F	Spleen	True	3	True	I3.B000971.3_39_F.1.1-1-1-1	one_assay_suffix	3m	1	nan	CD8-positive, alpha-beta T cell	CL:0000084	Cd3e T cell	facs	3_39_F	1136765.0	3622.0	female	nan	Spleen	nan	6	5
I3-B003291-3_39_F-1-1			3	I3.B003291.3_39_F.1.1-1-1	3_39_F	Thymus	False	1	False	I3.B003291.3_39_F.1.1-1-1-1	one_assay_suffix	3m	1	nan	thymocyte	CL:0002420	DN to DP transition (most are Cd8+/ Cd4+, some undergoing VDJ recombination)	facs	3_39_F	833463.0	1526.0	female	Flowthrough	Thymus	nan	21	23
I3-MAA000508-3_9_M-1-1			3	I3.MAA000508.3_9_M.1.1-1-1	3_9_M	Spleen	False	1	False	I3.MAA000508.3_9_M.1.1-1-1-1	one_assay_suffix	3m	1	nan	CD4-positive, alpha-beta T cell	CL:0000084	Cd3e T cell	facs	3_9_M	340717.0	2172.0	male	nan	Spleen	nan	6	5
I3-MAA000607-3_9_M-1-1			3	I3.MAA000607.3_9_M.1.1-1-1	3_9_M	Thymus	False	1	False	I3.MAA000607.3_9_M.1.1-1-1-1	one_assay_suffix	3m	1	nan	thymocyte	CL:0002420	DN to DP transition (most are Cd8+/ Cd4+, some undergoing VDJ recombination)	facs	3_9_M	345313.0	2615.0	male	nan	Thymus	nan	21	23
I3-MAA000609-3_8_M-1-1			3	I3.MAA000609.3_8_M.1.1-1-1	3_8_M	Thymus	False	1	False	I3.MAA000609.3_8_M.1.1-1-1-1	one_assay_suffix	3m	1	nan	thymocyte	CL:0002420	proliferating thymocyte; DN to DP transition, dividing (some are Cd8+/ Cd4+, some undergoing VDJ recombination)	facs	3_8_M	2821643.0	4279.0	male	nan	Thymus	nan	21	23
I3-MAA000844-3_10_M-1-1			3	I3.MAA000844.3_10_M.1.1-1-1	3_10_M	Marrow	False	1	False	I3.MAA000844.3_10_M.1.1-1-1-1	one_assay_suffix	3m	1	nan	immature B cell	CL:0000236	immature B cell	facs	3_10_M	1251041.0	4590.0	male	T-cells	Marrow	nan	37	41
I4-B000827-3_38_F-1-1			3	I4.B000827.3_38_F.1.1-1-1	3_38_F	Thymus	False	1	False	I4.B000827.3_38_F.1.1-1-1-1	one_assay_suffix	3m	1	nan	DN4 thymocyte	CL:0002420	DN4 thymocyte	facs	3_38_F	1165572.0	2647.0	female	Flowthrough	Thymus	nan	6	5
I4-B000971-3_39_F-1-1			3	I4.B000971.3_39_F.1.1-1-1	3_39_F	Spleen	False	1	False	I4.B000971.3_39_F.1.1-1-1-1	one_assay_suffix	3m	1	nan	CD4-positive, alpha-beta T cell	CL:0000084	Cd3e T cell	facs	3_39_F	1321951.0	2239.0	female	nan	Spleen	nan	4	21
I4-B001750-3_38_F-1-1			3	I4.B001750.3_38_F.1.1-1-1	3_38_F	Spleen	False	1	False	I4.B001750.3_38_F.1.1-1-1-1	one_assay_suffix	3m	1	nan	CD8-positive, alpha-beta T cell	CL:0000084	Cd3e T cell	facs	3_38_F	489698.0	1867.0	female	nan	Spleen	nan	6	5
I4-B003291-3_39_F-1-1			3	I4.B003291.3_39_F.1.1-1-1	3_39_F	Thymus	False	1	False	I4.B003291.3_39_F.1.1-1-1-1	one_assay_suffix	3m	1	nan	thymocyte	CL:0002420	DN to DP transition (most are Cd8+/ Cd4+, some undergoing VDJ recombination)	facs	3_39_F	971550.0	1561.0	female	Flowthrough	Thymus	nan	21	23
I4-MAA000607-3_9_M-1-1			3	I4.MAA000607.3_9_M.1.1-1-1	3_9_M	Thymus	False	1	False	I4.MAA000607.3_9_M.1.1-1-1-1	one_assay_suffix	3m	1	nan	thymocyte	CL:0002420	DN to DP transition (most are Cd8+/ Cd4+, some undergoing VDJ recombination)	facs	3_9_M	300323.0	2664.0	male	nan	Thymus	nan	21	23
I4-MAA000609-3_8_M-1-1			3	I4.MAA000609.3_8_M.1.1-1-1	3_8_M	Thymus	False	1	False	I4.MAA000609.3_8_M.1.1-1-1-1	one_assay_suffix	3m	1	nan	thymocyte	CL:0002420	proliferating thymocyte; DN to DP transition, dividing (some are Cd8+/ Cd4+, some undergoing VDJ recombination)	facs	3_8_M	2982644.0	4271.0	male	nan	Thymus	nan	21	23
I4-MAA000638-3_9_M-1-1	46.0	2.0	3	I4.MAA000638.3_9_M.1.1-1-1	3_9_M	Brain_Non-Myeloid	True	1	False	I4.MAA000638.3_9_M.1.1-1-1-1	one_assay_suffix	3m	1	nan	oligodendrocyte	CL:0000128	nan	facs	3_9_M	137809.0	4029.0	male	Cerebellum	Brain_Non-Myeloid	nan	30	32
I5-B000827-3_38_F-1-1			3	I5.B000827.3_38_F.1.1-1-1	3_38_F	Thymus	False	1	False	I5.B000827.3_38_F.1.1-1-1-1	one_assay_suffix	3m	1	nan	DN4 thymocyte	CL:0002420	DN4 thymocyte	facs	3_38_F	562837.0	2365.0	female	Flowthrough	Thymus	nan	6	5
I5-B003291-3_39_F-1-1			3	I5.B003291.3_39_F.1.1-1-1	3_39_F	Thymus	False	1	False	I5.B003291.3_39_F.1.1-1-1-1	one_assay_suffix	3m	1	nan	DN4 thymocyte	CL:0002420	DN4 thymocyte	facs	3_39_F	745310.0	1594.0	female	Flowthrough	Thymus	nan	6	5
I5-MAA000607-3_9_M-1-1			3	I5.MAA000607.3_9_M.1.1-1-1	3_9_M	Thymus	False	1	False	I5.MAA000607.3_9_M.1.1-1-1-1	one_assay_suffix	3m	1	nan	thymocyte	CL:0002420	proliferating thymocyte; DN to DP transition, dividing (some are Cd8+/ Cd4+, some undergoing VDJ recombination)	facs	3_9_M	474325.0	3218.0	male	nan	Thymus	nan	21	23
I5-MAA000779-3_11_M-1-1			3	I5.MAA000779.3_11_M.1.1-1-1	3_11_M	Spleen	False	1	False	I5.MAA000779.3_11_M.1.1-1-1-1	one_assay_suffix	3m	1	nan	CD8-positive, alpha-beta T cell	CL:0000084	Cd3e T cell	facs	3_11_M	154495.0	1134.0	male	nan	Spleen	nan	4	9
I6-B000827-3_38_F-1-1			3	I6.B000827.3_38_F.1.1-1-1	3_38_F	Thymus	False	1	False	I6.B000827.3_38_F.1.1-1-1-1	one_assay_suffix	3m	1	nan	DN4 thymocyte	CL:0002420	DN4 thymocyte	facs	3_38_F	373099.0	1713.0	female	Flowthrough	Thymus	nan	6	5
I6-B000971-3_39_F-1-1			3	I6.B000971.3_39_F.1.1-1-1	3_39_F	Spleen	False	1	False	I6.B000971.3_39_F.1.1-1-1-1	one_assay_suffix	3m	1	nan	CD4-positive, alpha-beta T cell	CL:0000084	Cd3e T cell	facs	3_39_F	748097.0	1738.0	female	nan	Spleen	nan	4	5
I6-B003291-3_39_F-1-1			3	I6.B003291.3_39_F.1.1-1-1	3_39_F	Thymus	False	1	False	I6.B003291.3_39_F.1.1-1-1-1	one_assay_suffix	3m	1	nan	thymocyte	CL:0002420	DN to DP transition (most are Cd8+/ Cd4+, some undergoing VDJ recombination)	facs	3_39_F	660978.0	1742.0	female	Flowthrough	Thymus	nan	21	23
I6-MAA000607-3_9_M-1-1			3	I6.MAA000607.3_9_M.1.1-1-1	3_9_M	Thymus	False	1	False	I6.MAA000607.3_9_M.1.1-1-1-1	one_assay_suffix	3m	1	nan	DN4 thymocyte	CL:0002420	DN4 thymocyte	facs	3_9_M	203123.0	2363.0	male	nan	Thymus	nan	4	5
I7-B000827-3_38_F-1-1			3	I7.B000827.3_38_F.1.1-1-1	3_38_F	Thymus	False	1	False	I7.B000827.3_38_F.1.1-1-1-1	one_assay_suffix	3m	1	nan	DN4 thymocyte	CL:0002420	DN4 thymocyte	facs	3_38_F	633101.0	1937.0	female	Flowthrough	Thymus	nan	6	5
I7-B003291-3_39_F-1-1			3	I7.B003291.3_39_F.1.1-1-1	3_39_F	Thymus	False	1	False	I7.B003291.3_39_F.1.1-1-1-1	one_assay_suffix	3m	1	nan	thymocyte	CL:0002420	DN to DP transition (most are Cd8+/ Cd4+, some undergoing VDJ recombination)	facs	3_39_F	1199642.0	1425.0	female	Flowthrough	Thymus	nan	21	23
I8-B000827-3_38_F-1-1			3	I8.B000827.3_38_F.1.1-1-1	3_38_F	Thymus	False	1	False	I8.B000827.3_38_F.1.1-1-1-1	one_assay_suffix	3m	1	nan	DN4 thymocyte	CL:0002420	DN4 thymocyte	facs	3_38_F	523318.0	1643.0	female	Flowthrough	Thymus	nan	6	5
I8-B001750-3_38_F-1-1			3	I8.B001750.3_38_F.1.1-1-1	3_38_F	Spleen	False	1	False	I8.B001750.3_38_F.1.1-1-1-1	one_assay_suffix	3m	1	nan	CD4-positive, alpha-beta T cell	CL:0000084	Cd3e T cell	facs	3_38_F	664375.0	1867.0	female	nan	Spleen	nan	6	5
I8-MAA000556-3_9_M-1-1			3	I8.MAA000556.3_9_M.1.1-1-1	3_9_M	BAT	False	1	False	I8.MAA000556.3_9_M.1.1-1-1-1	one_assay_suffix	3m	1	nan	T cell	CL:0000084	nan	facs	3_9_M	315856.0	2005.0	male	Fat	BAT	nan	6	5
I8-MAA000607-3_9_M-1-1			3	I8.MAA000607.3_9_M.1.1-1-1	3_9_M	Thymus	False	1	False	I8.MAA000607.3_9_M.1.1-1-1-1	one_assay_suffix	3m	1	nan	thymocyte	CL:0002420	DN to DP transition (most are Cd8+/ Cd4+, some undergoing VDJ recombination)	facs	3_9_M	137050.0	1398.0	male	nan	Thymus	nan	6	23
I8-MAA000609-3_8_M-1-1			3	I8.MAA000609.3_8_M.1.1-1-1	3_8_M	Thymus	False	1	False	I8.MAA000609.3_8_M.1.1-1-1-1	one_assay_suffix	3m	1	nan	thymocyte	CL:0002420	DN to DP transition (most are Cd8+/ Cd4+, some undergoing VDJ recombination)	facs	3_8_M	854219.0	3060.0	male	nan	Thymus	nan	21	23
I8-MAA000880-3_11_M-1-1			3	I8.MAA000880.3_11_M.1.1-1-1	3_11_M	Thymus	False	1	False	I8.MAA000880.3_11_M.1.1-1-1-1	one_assay_suffix	3m	1	nan	DN4 thymocyte	CL:0002420	DN4 thymocyte	facs	3_11_M	355984.0	1850.0	male	nan	Thymus	nan	6	5
I9-B000827-3_38_F-1-1			3	I9.B000827.3_38_F.1.1-1-1	3_38_F	Thymus	False	1	False	I9.B000827.3_38_F.1.1-1-1-1	one_assay_suffix	3m	1	nan	DN4 thymocyte	CL:0002420	DN4 thymocyte	facs	3_38_F	478326.0	2024.0	female	Flowthrough	Thymus	nan	6	5
I9-B001960-3_56_F-1-1			3	I9.B001960.3_56_F.1.1-1-1	3_56_F	BAT	False	1	False	I9.B001960.3_56_F.1.1-1-1-1	one_assay_suffix	3m	1	nan	T cell	CL:0000084	nan	facs	3_56_F	610736.0	2036.0	female	Fat	BAT	nan	4	9
I9-B003291-3_39_F-1-1			3	I9.B003291.3_39_F.1.1-1-1	3_39_F	Thymus	False	1	False	I9.B003291.3_39_F.1.1-1-1-1	one_assay_suffix	3m	1	nan	thymocyte	CL:0002420	DN to DP transition (most are Cd8+/ Cd4+, some undergoing VDJ recombination)	facs	3_39_F	680117.0	1509.0	female	Flowthrough	Thymus	nan	21	23
I9-D043526-3_39_F-1-1			3	I9.D043526.3_39_F.1.1-1-1	3_39_F	SCAT	False	1	False	I9.D043526.3_39_F.1.1-1-1-1	one_assay_suffix	3m	1	nan	T cell	CL:0000084	nan	facs	3_39_F	430100.0	1702.0	female	Fat	SCAT	nan	6	5
I9-MAA000439-3_10_M-1-1			3	I9.MAA000439.3_10_M.1.1-1-1	3_10_M	GAT	False	1	False	I9.MAA000439.3_10_M.1.1-1-1-1	one_assay_suffix	3m	1	nan	CD8-positive, alpha-beta T cell	CL:0000084	nan	facs	3_10_M	400102.0	2713.0	male	Fat	GAT	nan	4	5
I9-MAA000607-3_9_M-1-1			3	I9.MAA000607.3_9_M.1.1-1-1	3_9_M	Thymus	False	1	False	I9.MAA000607.3_9_M.1.1-1-1-1	one_assay_suffix	3m	1	nan	thymocyte	CL:0002420	DN to DP transition (most are Cd8+/ Cd4+, some undergoing VDJ recombination)	facs	3_9_M	170903.0	1377.0	male	nan	Thymus	nan	21	23
I9-MAA000609-3_8_M-1-1			3	I9.MAA000609.3_8_M.1.1-1-1	3_8_M	Thymus	False	1	False	I9.MAA000609.3_8_M.1.1-1-1-1	one_assay_suffix	3m	1	nan	thymocyte	CL:0002420	DN to DP transition (most are Cd8+/ Cd4+, some undergoing VDJ recombination)	facs	3_8_M	315632.0	1469.0	male	nan	Thymus	nan	21	23
I9-MAA000877-3_11_M-1-1			3	I9.MAA000877.3_11_M.1.1-1-1	3_11_M	MAT	False	1	False	I9.MAA000877.3_11_M.1.1-1-1-1	one_assay_suffix	3m	1	nan	CD8-positive, alpha-beta T cell	CL:0000084	nan	facs	3_11_M	799423.0	2979.0	male	Fat	MAT	nan	6	5
I9-MAA000880-3_11_M-1-1			3	I9.MAA000880.3_11_M.1.1-1-1	3_11_M	Thymus	False	1	False	I9.MAA000880.3_11_M.1.1-1-1-1	one_assay_suffix	3m	1	nan	DN4 thymocyte	CL:0002420	DN4 thymocyte	facs	3_11_M	870124.0	1566.0	male	nan	Thymus	nan	6	5
J1-B000827-3_38_F-1-1			3	J1.B000827.3_38_F.1.1-1-1	3_38_F	Thymus	False	1	False	J1.B000827.3_38_F.1.1-1-1-1	one_assay_suffix	3m	1	nan	DN4 thymocyte	CL:0002420	DN4 thymocyte	facs	3_38_F	388057.0	1963.0	female	Flowthrough	Thymus	nan	6	5
J1-B000971-3_39_F-1-1			3	J1.B000971.3_39_F.1.1-1-1	3_39_F	Spleen	False	1	False	J1.B000971.3_39_F.1.1-1-1-1	one_assay_suffix	3m	1	nan	CD4-positive, alpha-beta T cell	CL:0000084	Cd3e T cell	facs	3_39_F	533291.0	1752.0	female	nan	Spleen	nan	6	5
J1-B003291-3_39_F-1-1			3	J1.B003291.3_39_F.1.1-1-1	3_39_F	Thymus	False	1	False	J1.B003291.3_39_F.1.1-1-1-1	one_assay_suffix	3m	1	nan	thymocyte	CL:0002420	DN to DP transition (most are Cd8+/ Cd4+, some undergoing VDJ recombination)	facs	3_39_F	376220.0	2095.0	female	Flowthrough	Thymus	nan	6	5
J1-MAA000607-3_9_M-1-1			3	J1.MAA000607.3_9_M.1.1-1-1	3_9_M	Thymus	False	1	False	J1.MAA000607.3_9_M.1.1-1-1-1	one_assay_suffix	3m	1	nan	thymocyte	CL:0002420	DN to DP transition (most are Cd8+/ Cd4+, some undergoing VDJ recombination)	facs	3_9_M	122339.0	1320.0	male	nan	Thymus	nan	21	23
J1-MAA001889-3_38_F-1-1	8.0	3.0	3	J1.MAA001889.3_38_F.1.1-1-1	3_38_F	Lung	True	3	True		unmatched																
J10-B000827-3_38_F-1-1			3	J10.B000827.3_38_F.1.1-1-1	3_38_F	Thymus	False	1	False	J10.B000827.3_38_F.1.1-1-1-1	one_assay_suffix	3m	1	nan	DN4 thymocyte	CL:0002420	DN4 thymocyte	facs	3_38_F	582439.0	2280.0	female	Flowthrough	Thymus	nan	6	5
J10-B002314-3_56_F-1-1			3	J10.B002314.3_56_F.1.1-1-1	3_56_F	MAT	False	1	False	J10.B002314.3_56_F.1.1-1-1-1	one_assay_suffix	3m	1	nan	CD8-positive, alpha-beta T cell	CL:0000084	nan	facs	3_56_F	908484.0	2186.0	female	Fat	MAT	nan	4	9
J10-B003291-3_39_F-1-1			3	J10.B003291.3_39_F.1.1-1-1	3_39_F	Thymus	False	1	False	J10.B003291.3_39_F.1.1-1-1-1	one_assay_suffix	3m	1	nan	thymocyte	CL:0002420	DN to DP transition (most are Cd8+/ Cd4+, some undergoing VDJ recombination)	facs	3_39_F	466043.0	1447.0	female	Flowthrough	Thymus	nan	21	23
J10-MAA000441-3_10_M-1-1			3	J10.MAA000441.3_10_M.1.1-1-1	3_10_M	BAT	False	1	False	J10.MAA000441.3_10_M.1.1-1-1-1	one_assay_suffix	3m	1	nan	T cell	CL:0000084	nan	facs	3_10_M	234445.0	2735.0	male	Fat	BAT	nan	6	5
J10-MAA000607-3_9_M-1-1			3	J10.MAA000607.3_9_M.1.1-1-1	3_9_M	Thymus	False	1	False	J10.MAA000607.3_9_M.1.1-1-1-1	one_assay_suffix	3m	1	nan	thymocyte	CL:0002420	proliferating thymocyte; DN to DP transition, dividing (some are Cd8+/ Cd4+, some undergoing VDJ recombination)	facs	3_9_M	1157900.0	5560.0	male	nan	Thymus	nan	21	23
J10-MAA000609-3_8_M-1-1			3	J10.MAA000609.3_8_M.1.1-1-1	3_8_M	Thymus	False	1	False	J10.MAA000609.3_8_M.1.1-1-1-1	one_assay_suffix	3m	1	nan	thymocyte	CL:0002420	proliferating thymocyte; DN to DP transition, dividing (some are Cd8+/ Cd4+, some undergoing VDJ recombination)	facs	3_8_M	833898.0	3959.0	male	nan	Thymus	nan	21	23
J10-MAA000844-3_10_M-1-1			3	J10.MAA000844.3_10_M.1.1-1-1	3_10_M	Marrow	False	1	False	J10.MAA000844.3_10_M.1.1-1-1-1	one_assay_suffix	3m	1	nan	mature alpha-beta T cell	CL:0002420	BM CD8 + CD4 T cell	facs	3_10_M	445135.0	2081.0	male	T-cells	Marrow	nan	4	9
J11-B000827-3_38_F-1-1			3	J11.B000827.3_38_F.1.1-1-1	3_38_F	Thymus	False	1	False	J11.B000827.3_38_F.1.1-1-1-1	one_assay_suffix	3m	1	nan	DN4 thymocyte	CL:0002420	DN4 thymocyte	facs	3_38_F	449303.0	1642.0	female	Flowthrough	Thymus	nan	6	5
J11-B000971-3_39_F-1-1			3	J11.B000971.3_39_F.1.1-1-1	3_39_F	Spleen	False	1	False	J11.B000971.3_39_F.1.1-1-1-1	one_assay_suffix	3m	1	nan	CD4-positive, alpha-beta T cell	CL:0000084	Cd3e T cell	facs	3_39_F	1064164.0	2060.0	female	nan	Spleen	nan	6	5
J11-B003291-3_39_F-1-1			3	J11.B003291.3_39_F.1.1-1-1	3_39_F	Thymus	False	1	False	J11.B003291.3_39_F.1.1-1-1-1	one_assay_suffix	3m	1	nan	thymocyte	CL:0002420	proliferating thymocyte; DN to DP transition, dividing (some are Cd8+/ Cd4+, some undergoing VDJ recombination)	facs	3_39_F	2365665.0	5067.0	female	Flowthrough	Thymus	nan	21	23
J11-MAA000607-3_9_M-1-1			3	J11.MAA000607.3_9_M.1.1-1-1	3_9_M	Thymus	False	1	False	J11.MAA000607.3_9_M.1.1-1-1-1	one_assay_suffix	3m	1	nan	DN4 thymocyte	CL:0002420	DN4 thymocyte	facs	3_9_M	236533.0	2081.0	male	nan	Thymus	nan	6	5
J11-MAA000609-3_8_M-1-1			3	J11.MAA000609.3_8_M.1.1-1-1	3_8_M	Thymus	False	1	False	J11.MAA000609.3_8_M.1.1-1-1-1	one_assay_suffix	3m	1	nan	thymocyte	CL:0002420	DN to DP transition (most are Cd8+/ Cd4+, some undergoing VDJ recombination)	facs	3_8_M	220944.0	2009.0	male	nan	Thymus	nan	21	23
J11-MAA000880-3_11_M-1-1			3	J11.MAA000880.3_11_M.1.1-1-1	3_11_M	Thymus	False	1	False	J11.MAA000880.3_11_M.1.1-1-1-1	one_assay_suffix	3m	1	nan	DN4 thymocyte	CL:0002420	DN4 thymocyte	facs	3_11_M	771538.0	1558.0	male	nan	Thymus	nan	6	5
J11-MAA001865-3_38_F-1-1			3	J11.MAA001865.3_38_F.1.1-1-1	3_38_F	Trachea	False	1	False	J11.MAA001865.3_38_F.1.1-1-1-1	one_assay_suffix	3m	1	nan	T cell	CL:0000081	nan	facs	3_38_F	380786.0	3880.0	female	nan	Trachea	nan	21	23
J12-B000827-3_38_F-1-1			3	J12.B000827.3_38_F.1.1-1-1	3_38_F	Thymus	False	1	False	J12.B000827.3_38_F.1.1-1-1-1	one_assay_suffix	3m	1	nan	DN4 thymocyte	CL:0002420	DN4 thymocyte	facs	3_38_F	457596.0	1554.0	female	Flowthrough	Thymus	nan	6	5
J12-B003291-3_39_F-1-1			3	J12.B003291.3_39_F.1.1-1-1	3_39_F	Thymus	False	1	False	J12.B003291.3_39_F.1.1-1-1-1	one_assay_suffix	3m	1	nan	thymocyte	CL:0002420	DN to DP transition (most are Cd8+/ Cd4+, some undergoing VDJ recombination)	facs	3_39_F	1299298.0	1688.0	female	Flowthrough	Thymus	nan	21	23
J12-D043526-3_39_F-1-1			3	J12.D043526.3_39_F.1.1-1-1	3_39_F	SCAT	False	1	False	J12.D043526.3_39_F.1.1-1-1-1	one_assay_suffix	3m	1	nan	NK cell	CL:0000084	nan	facs	3_39_F	344361.0	2271.0	female	Fat	SCAT	nan	4	21
J12-MAA000388-3_11_M-1-1			3	J12.MAA000388.3_11_M.1.1-1-1	3_11_M	GAT	False	1	False	J12.MAA000388.3_11_M.1.1-1-1-1	one_assay_suffix	3m	1	nan	CD4-positive, alpha-beta T cell	CL:0000084	nan	facs	3_11_M	96789.0	2317.0	male	Fat	GAT	nan	4	5
J12-MAA000607-3_9_M-1-1			3	J12.MAA000607.3_9_M.1.1-1-1	3_9_M	Thymus	False	1	False	J12.MAA000607.3_9_M.1.1-1-1-1	one_assay_suffix	3m	1	nan	DN4 thymocyte	CL:0002420	DN4 thymocyte	facs	3_9_M	220026.0	1763.0	male	nan	Thymus	nan	6	5
J12-MAA000609-3_8_M-1-1			3	J12.MAA000609.3_8_M.1.1-1-1	3_8_M	Thymus	False	1	False	J12.MAA000609.3_8_M.1.1-1-1-1	one_assay_suffix	3m	1	nan	thymocyte	CL:0002420	proliferating thymocyte; DN to DP transition, dividing (some are Cd8+/ Cd4+, some undergoing VDJ recombination)	facs	3_8_M	372147.0	3190.0	male	nan	Thymus	nan	21	23
J12-MAA000880-3_11_M-1-1			3	J12.MAA000880.3_11_M.1.1-1-1	3_11_M	Thymus	False	1	False	J12.MAA000880.3_11_M.1.1-1-1-1	one_assay_suffix	3m	1	nan	DN4 thymocyte	CL:0002420	DN4 thymocyte	facs	3_11_M	819461.0	1649.0	male	nan	Thymus	nan	6	5
J13-B001750-3_38_F-1-1			3	J13.B001750.3_38_F.1.1-1-1	3_38_F	Spleen	False	1	False	J13.B001750.3_38_F.1.1-1-1-1	one_assay_suffix	3m	1	nan	CD4-positive, alpha-beta T cell	CL:0000084	Cd3e T cell	facs	3_38_F	445653.0	1931.0	female	nan	Spleen	nan	6	5
J13-B003291-3_39_F-1-1			3	J13.B003291.3_39_F.1.1-1-1	3_39_F	Thymus	False	1	False	J13.B003291.3_39_F.1.1-1-1-1	one_assay_suffix	3m	1	nan	DN4 thymocyte	CL:0002420	DN4 thymocyte	facs	3_39_F	1050504.0	2146.0	female	Flowthrough	Thymus	nan	6	5
J13-MAA000385-3_10_M-1-1			3	J13.MAA000385.3_10_M.1.1-1-1	3_10_M	SCAT	False	1	False	J13.MAA000385.3_10_M.1.1-1-1-1	one_assay_suffix	3m	1	nan	T cell	CL:0000084	nan	facs	3_10_M	598946.0	2621.0	male	Fat	SCAT	nan	6	5
J13-MAA000607-3_9_M-1-1			3	J13.MAA000607.3_9_M.1.1-1-1	3_9_M	Thymus	False	1	False	J13.MAA000607.3_9_M.1.1-1-1-1	one_assay_suffix	3m	1	nan	thymocyte	CL:0002420	DN to DP transition (most are Cd8+/ Cd4+, some undergoing VDJ recombination)	facs	3_9_M	430793.0	2772.0	male	nan	Thymus	nan	21	23
J13-MAA000609-3_8_M-1-1			3	J13.MAA000609.3_8_M.1.1-1-1	3_8_M	Thymus	False	1	False	J13.MAA000609.3_8_M.1.1-1-1-1	one_assay_suffix	3m	1	nan	thymocyte	CL:0002420	DN to DP transition (most are Cd8+/ Cd4+, some undergoing VDJ recombination)	facs	3_8_M	224888.0	2234.0	male	nan	Thymus	nan	21	23
J14-B000827-3_38_F-1-1			3	J14.B000827.3_38_F.1.1-1-1	3_38_F	Thymus	False	1	False	J14.B000827.3_38_F.1.1-1-1-1	one_assay_suffix	3m	1	nan	DN4 thymocyte	CL:0002420	DN4 thymocyte	facs	3_38_F	343113.0	2647.0	female	Flowthrough	Thymus	nan	6	5
J14-B003291-3_39_F-1-1			3	J14.B003291.3_39_F.1.1-1-1	3_39_F	Thymus	False	1	False	J14.B003291.3_39_F.1.1-1-1-1	one_assay_suffix	3m	1	nan	thymocyte	CL:0002420	DN to DP transition (most are Cd8+/ Cd4+, some undergoing VDJ recombination)	facs	3_39_F	561195.0	1826.0	female	Flowthrough	Thymus	nan	21	23
J14-MAA000508-3_9_M-1-1			3	J14.MAA000508.3_9_M.1.1-1-1	3_9_M	Spleen	False	1	False	J14.MAA000508.3_9_M.1.1-1-1-1	one_assay_suffix	3m	1	nan	CD8-positive, alpha-beta T cell	CL:0000084	Cd3e T cell	facs	3_9_M	303869.0	2473.0	male	nan	Spleen	nan	6	5
J14-MAA000607-3_9_M-1-1			3	J14.MAA000607.3_9_M.1.1-1-1	3_9_M	Thymus	False	1	False	J14.MAA000607.3_9_M.1.1-1-1-1	one_assay_suffix	3m	1	nan	DN4 thymocyte	CL:0002420	DN4 thymocyte	facs	3_9_M	240168.0	1873.0	male	nan	Thymus	nan	6	5
J14-MAA000880-3_11_M-1-1			3	J14.MAA000880.3_11_M.1.1-1-1	3_11_M	Thymus	False	1	False	J14.MAA000880.3_11_M.1.1-1-1-1	one_assay_suffix	3m	1	nan	DN4 thymocyte	CL:0002420	DN4 thymocyte	facs	3_11_M	938947.0	1654.0	male	nan	Thymus	nan	6	5
J15-B000827-3_38_F-1-1			3	J15.B000827.3_38_F.1.1-1-1	3_38_F	Thymus	False	1	False	J15.B000827.3_38_F.1.1-1-1-1	one_assay_suffix	3m	1	nan	DN4 thymocyte	CL:0002420	DN4 thymocyte	facs	3_38_F	442262.0	1768.0	female	Flowthrough	Thymus	nan	6	23
J15-B001216-3_38_F-1-1			3	J15.B001216.3_38_F.1.1-1-1	3_38_F	BAT	False	1	False	J15.B001216.3_38_F.1.1-1-1-1	one_assay_suffix	3m	1	nan	T cell	CL:0000084	nan	facs	3_38_F	447849.0	935.0	female	Fat	BAT	nan	6	5
J15-B001960-3_56_F-1-1			3	J15.B001960.3_56_F.1.1-1-1	3_56_F	BAT	False	1	False	J15.B001960.3_56_F.1.1-1-1-1	one_assay_suffix	3m	1	nan	T cell	CL:0000084	nan	facs	3_56_F	1048976.0	1405.0	female	Fat	BAT	nan	6	5
J15-B003291-3_39_F-1-1			3	J15.B003291.3_39_F.1.1-1-1	3_39_F	Thymus	False	1	False	J15.B003291.3_39_F.1.1-1-1-1	one_assay_suffix	3m	1	nan	thymocyte	CL:0002420	DN to DP transition (most are Cd8+/ Cd4+, some undergoing VDJ recombination)	facs	3_39_F	1088195.0	1330.0	female	Flowthrough	Thymus	nan	6	23
J15-MAA000607-3_9_M-1-1			3	J15.MAA000607.3_9_M.1.1-1-1	3_9_M	Thymus	False	1	False	J15.MAA000607.3_9_M.1.1-1-1-1	one_assay_suffix	3m	1	nan	thymocyte	CL:0002420	DN to DP transition (most are Cd8+/ Cd4+, some undergoing VDJ recombination)	facs	3_9_M	162252.0	1824.0	male	nan	Thymus	nan	21	23
J15-MAA000609-3_8_M-1-1			3	J15.MAA000609.3_8_M.1.1-1-1	3_8_M	Thymus	False	1	False	J15.MAA000609.3_8_M.1.1-1-1-1	one_assay_suffix	3m	1	nan	thymocyte	CL:0002420	DN to DP transition (most are Cd8+/ Cd4+, some undergoing VDJ recombination)	facs	3_8_M	100576.0	1347.0	male	nan	Thymus	nan	21	23
J15-MAA000779-3_11_M-1-1			3	J15.MAA000779.3_11_M.1.1-1-1	3_11_M	Spleen	False	1	False	J15.MAA000779.3_11_M.1.1-1-1-1	one_assay_suffix	3m	1	nan	CD4-positive, alpha-beta T cell	CL:0000084	Cd3e T cell	facs	3_11_M	368851.0	1523.0	male	nan	Spleen	nan	6	5
J15-MAA001857-3_38_F-1-1	6.0	2.0	3	J15.MAA001857.3_38_F.1.1-1-1	3_38_F	Pancreas	True	1	False	J15.MAA001857.3_38_F.1.1-1-1-1	one_assay_suffix	3m	1	nan	pancreatic A cell	CL:0000173	nan	facs	3_38_F	1479663.0	7041.0	female	Endocrine	Pancreas	nan	14	16
J16-B000827-3_38_F-1-1			3	J16.B000827.3_38_F.1.1-1-1	3_38_F	Thymus	False	1	False	J16.B000827.3_38_F.1.1-1-1-1	one_assay_suffix	3m	1	nan	DN4 thymocyte	CL:0002420	DN4 thymocyte	facs	3_38_F	488068.0	1941.0	female	Flowthrough	Thymus	nan	6	5
J16-B003291-3_39_F-1-1			3	J16.B003291.3_39_F.1.1-1-1	3_39_F	Thymus	False	1	False	J16.B003291.3_39_F.1.1-1-1-1	one_assay_suffix	3m	1	nan	thymocyte	CL:0002420	DN to DP transition (most are Cd8+/ Cd4+, some undergoing VDJ recombination)	facs	3_39_F	1271594.0	1534.0	female	Flowthrough	Thymus	nan	21	23
J16-MAA000607-3_9_M-1-1			3	J16.MAA000607.3_9_M.1.1-1-1	3_9_M	Thymus	False	1	False	J16.MAA000607.3_9_M.1.1-1-1-1	one_assay_suffix	3m	1	nan	thymocyte	CL:0002420	DN to DP transition (most are Cd8+/ Cd4+, some undergoing VDJ recombination)	facs	3_9_M	346613.0	2200.0	male	nan	Thymus	nan	21	23
J16-MAA000609-3_8_M-1-1			3	J16.MAA000609.3_8_M.1.1-1-1	3_8_M	Thymus	False	1	False	J16.MAA000609.3_8_M.1.1-1-1-1	one_assay_suffix	3m	1	nan	thymocyte	CL:0002420	DN to DP transition (most are Cd8+/ Cd4+, some undergoing VDJ recombination)	facs	3_8_M	139778.0	1402.0	male	nan	Thymus	nan	6	23
J16-MAA000880-3_11_M-1-1			3	J16.MAA000880.3_11_M.1.1-1-1	3_11_M	Thymus	False	1	False	J16.MAA000880.3_11_M.1.1-1-1-1	one_assay_suffix	3m	1	nan	thymocyte	CL:0002420	DN to DP transition (most are Cd8+/ Cd4+, some undergoing VDJ recombination)	facs	3_11_M	1042500.0	1767.0	male	nan	Thymus	nan	21	23
J16-MAA000903-3_11_M-1-1			3	J16.MAA000903.3_11_M.1.1-1-1	3_11_M	Heart	False	1	False	J16.MAA000903.3_11_M.1.1-1-1-1	one_assay_suffix	3m	1	nan	T cell	CL:0000738	T cell	facs	3_11_M	871272.0	1858.0	male	RA	Heart	nan	4	21
J17-B003291-3_39_F-1-1			3	J17.B003291.3_39_F.1.1-1-1	3_39_F	Thymus	False	1	False	J17.B003291.3_39_F.1.1-1-1-1	one_assay_suffix	3m	1	nan	thymocyte	CL:0002420	DN to DP transition (most are Cd8+/ Cd4+, some undergoing VDJ recombination)	facs	3_39_F	696869.0	1430.0	female	Flowthrough	Thymus	nan	21	23
J17-MAA000594-3_8_M-1-1	10.0	3.0	3	J17.MAA000594.3_8_M.1.1-1-1	3_8_M	Aorta	True	3	True	J17.MAA000594.3_8_M.1.1-1-1-1	one_assay_suffix	3m	1	nan	macrophage	CL:0000145	leukocyte	facs	3_8_M	2794558.0	4659.0	male	Heart	Aorta	nan	4	21
J17-MAA000607-3_9_M-1-1			3	J17.MAA000607.3_9_M.1.1-1-1	3_9_M	Thymus	False	1	False	J17.MAA000607.3_9_M.1.1-1-1-1	one_assay_suffix	3m	1	nan	thymocyte	CL:0002420	DN to DP transition (most are Cd8+/ Cd4+, some undergoing VDJ recombination)	facs	3_9_M	181331.0	1617.0	male	nan	Thymus	nan	21	23
J18-B000827-3_38_F-1-1			3	J18.B000827.3_38_F.1.1-1-1	3_38_F	Thymus	False	1	False	J18.B000827.3_38_F.1.1-1-1-1	one_assay_suffix	3m	1	nan	DN4 thymocyte	CL:0002420	DN4 thymocyte	facs	3_38_F	734000.0	2739.0	female	Flowthrough	Thymus	nan	6	5
J18-B000971-3_39_F-1-1			3	J18.B000971.3_39_F.1.1-1-1	3_39_F	Spleen	False	1	False	J18.B000971.3_39_F.1.1-1-1-1	one_assay_suffix	3m	1	nan	CD4-positive, alpha-beta T cell	CL:0000084	Cd3e T cell	facs	3_39_F	537124.0	1569.0	female	nan	Spleen	nan	6	5
J18-B003291-3_39_F-1-1			3	J18.B003291.3_39_F.1.1-1-1	3_39_F	Thymus	False	1	False	J18.B003291.3_39_F.1.1-1-1-1	one_assay_suffix	3m	1	nan	thymocyte	CL:0002420	DN to DP transition (most are Cd8+/ Cd4+, some undergoing VDJ recombination)	facs	3_39_F	675513.0	1046.0	female	Flowthrough	Thymus	nan	21	23
J18-MAA000594-3_8_M-1-1	10.0	3.0	3	J18.MAA000594.3_8_M.1.1-1-1	3_8_M	Aorta	True	3	True	J18.MAA000594.3_8_M.1.1-1-1-1	one_assay_suffix	3m	1	nan	macrophage	CL:0000145	leukocyte	facs	3_8_M	2088067.0	6828.0	male	Heart	Aorta	nan	4	21
J18-MAA000607-3_9_M-1-1			3	J18.MAA000607.3_9_M.1.1-1-1	3_9_M	Thymus	False	1	False	J18.MAA000607.3_9_M.1.1-1-1-1	one_assay_suffix	3m	1	nan	thymocyte	CL:0002420	DN to DP transition (most are Cd8+/ Cd4+, some undergoing VDJ recombination)	facs	3_9_M	177774.0	1225.0	male	nan	Thymus	nan	21	23
J18-MAA000609-3_8_M-1-1			3	J18.MAA000609.3_8_M.1.1-1-1	3_8_M	Thymus	False	1	False	J18.MAA000609.3_8_M.1.1-1-1-1	one_assay_suffix	3m	1	nan	thymocyte	CL:0002420	proliferating thymocyte; DN to DP transition, dividing (some are Cd8+/ Cd4+, some undergoing VDJ recombination)	facs	3_8_M	337204.0	2568.0	male	nan	Thymus	nan	21	23
J18-MAA000880-3_11_M-1-1			3	J18.MAA000880.3_11_M.1.1-1-1	3_11_M	Thymus	False	1	False	J18.MAA000880.3_11_M.1.1-1-1-1	one_assay_suffix	3m	1	nan	DN4 thymocyte	CL:0002420	DN4 thymocyte	facs	3_11_M	664843.0	1330.0	male	nan	Thymus	nan	6	5
J19-B000827-3_38_F-1-1			3	J19.B000827.3_38_F.1.1-1-1	3_38_F	Thymus	False	1	False	J19.B000827.3_38_F.1.1-1-1-1	one_assay_suffix	3m	1	nan	DN4 thymocyte	CL:0002420	DN4 thymocyte	facs	3_38_F	544130.0	1702.0	female	Flowthrough	Thymus	nan	6	5
J19-B003291-3_39_F-1-1			3	J19.B003291.3_39_F.1.1-1-1	3_39_F	Thymus	False	1	False	J19.B003291.3_39_F.1.1-1-1-1	one_assay_suffix	3m	1	nan	thymocyte	CL:0002420	DN to DP transition (most are Cd8+/ Cd4+, some undergoing VDJ recombination)	facs	3_39_F	1378816.0	1296.0	female	Flowthrough	Thymus	nan	21	23
J19-MAA000594-3_8_M-1-1	10.0	3.0	3	J19.MAA000594.3_8_M.1.1-1-1	3_8_M	Aorta	True	3	True	J19.MAA000594.3_8_M.1.1-1-1-1	one_assay_suffix	3m	1	nan	fibrocyte	CL:0000145	leukocyte	facs	3_8_M	2017292.0	6906.0	male	Heart	Aorta	nan	35	39
J19-MAA000607-3_9_M-1-1			3	J19.MAA000607.3_9_M.1.1-1-1	3_9_M	Thymus	False	1	False	J19.MAA000607.3_9_M.1.1-1-1-1	one_assay_suffix	3m	1	nan	thymocyte	CL:0002420	proliferating thymocyte; DN to DP transition, dividing (some are Cd8+/ Cd4+, some undergoing VDJ recombination)	facs	3_9_M	510681.0	3240.0	male	nan	Thymus	nan	21	23
J19-MAA000609-3_8_M-1-1			3	J19.MAA000609.3_8_M.1.1-1-1	3_8_M	Thymus	False	1	False	J19.MAA000609.3_8_M.1.1-1-1-1	one_assay_suffix	3m	1	nan	DN4 thymocyte	CL:0002420	DN4 thymocyte	facs	3_8_M	202866.0	2136.0	male	nan	Thymus	nan	6	5
J19-MAA000844-3_10_M-1-1			3	J19.MAA000844.3_10_M.1.1-1-1	3_10_M	Marrow	False	1	False	J19.MAA000844.3_10_M.1.1-1-1-1	one_assay_suffix	3m	1	nan	NK cell	CL:0000914	NK cell	facs	3_10_M	901069.0	2711.0	male	T-cells	Marrow	nan	4	9
J19-MAA000880-3_11_M-1-1			3	J19.MAA000880.3_11_M.1.1-1-1	3_11_M	Thymus	False	1	False	J19.MAA000880.3_11_M.1.1-1-1-1	one_assay_suffix	3m	1	nan	DN4 thymocyte	CL:0002420	DN4 thymocyte	facs	3_11_M	473821.0	1298.0	male	nan	Thymus	nan	6	5
J2-B000827-3_38_F-1-1			3	J2.B000827.3_38_F.1.1-1-1	3_38_F	Thymus	False	1	False	J2.B000827.3_38_F.1.1-1-1-1	one_assay_suffix	3m	1	nan	DN4 thymocyte	CL:0002420	DN4 thymocyte	facs	3_38_F	477690.0	1971.0	female	Flowthrough	Thymus	nan	6	5
J2-B000971-3_39_F-1-1			3	J2.B000971.3_39_F.1.1-1-1	3_39_F	Spleen	False	1	False	J2.B000971.3_39_F.1.1-1-1-1	one_assay_suffix	3m	1	nan	CD8-positive, alpha-beta T cell	CL:0000084	Cd3e T cell	facs	3_39_F	515376.0	1601.0	female	nan	Spleen	nan	6	5
J2-B003291-3_39_F-1-1			3	J2.B003291.3_39_F.1.1-1-1	3_39_F	Thymus	False	1	False	J2.B003291.3_39_F.1.1-1-1-1	one_assay_suffix	3m	1	nan	thymocyte	CL:0002420	DN to DP transition (most are Cd8+/ Cd4+, some undergoing VDJ recombination)	facs	3_39_F	539525.0	1726.0	female	Flowthrough	Thymus	nan	21	23
J2-MAA000607-3_9_M-1-1			3	J2.MAA000607.3_9_M.1.1-1-1	3_9_M	Thymus	False	1	False	J2.MAA000607.3_9_M.1.1-1-1-1	one_assay_suffix	3m	1	nan	thymocyte	CL:0002420	DN to DP transition (most are Cd8+/ Cd4+, some undergoing VDJ recombination)	facs	3_9_M	250463.0	2156.0	male	nan	Thymus	nan	21	23
J20-B000827-3_38_F-1-1			3	J20.B000827.3_38_F.1.1-1-1	3_38_F	Thymus	False	1	False	J20.B000827.3_38_F.1.1-1-1-1	one_assay_suffix	3m	1	nan	DN4 thymocyte	CL:0002420	DN4 thymocyte	facs	3_38_F	745124.0	2015.0	female	Flowthrough	Thymus	nan	6	5
J20-B000971-3_39_F-1-1			3	J20.B000971.3_39_F.1.1-1-1	3_39_F	Spleen	False	1	False	J20.B000971.3_39_F.1.1-1-1-1	one_assay_suffix	3m	1	nan	CD8-positive, alpha-beta T cell	CL:0000084	Cd3e T cell	facs	3_39_F	843668.0	2266.0	female	nan	Spleen	nan	6	5
J20-B003291-3_39_F-1-1			3	J20.B003291.3_39_F.1.1-1-1	3_39_F	Thymus	False	1	False	J20.B003291.3_39_F.1.1-1-1-1	one_assay_suffix	3m	1	nan	thymocyte	CL:0002420	DN to DP transition (most are Cd8+/ Cd4+, some undergoing VDJ recombination)	facs	3_39_F	1702936.0	1397.0	female	Flowthrough	Thymus	nan	21	23
J20-MAA000508-3_9_M-1-1			3	J20.MAA000508.3_9_M.1.1-1-1	3_9_M	Spleen	False	1	False	J20.MAA000508.3_9_M.1.1-1-1-1	one_assay_suffix	3m	1	nan	CD8-positive, alpha-beta T cell	CL:0000084	Cd3e T cell	facs	3_9_M	309833.0	2380.0	male	nan	Spleen	nan	6	5
J20-MAA000607-3_9_M-1-1			3	J20.MAA000607.3_9_M.1.1-1-1	3_9_M	Thymus	False	1	False	J20.MAA000607.3_9_M.1.1-1-1-1	one_assay_suffix	3m	1	nan	DN4 thymocyte	CL:0002420	DN4 thymocyte	facs	3_9_M	219816.0	2030.0	male	nan	Thymus	nan	6	5
J20-MAA000609-3_8_M-1-1			3	J20.MAA000609.3_8_M.1.1-1-1	3_8_M	Thymus	False	1	False	J20.MAA000609.3_8_M.1.1-1-1-1	one_assay_suffix	3m	1	nan	DN4 thymocyte	CL:0002420	DN4 thymocyte	facs	3_8_M	195848.0	1694.0	male	nan	Thymus	nan	6	5
J20-MAA000779-3_11_M-1-1			3	J20.MAA000779.3_11_M.1.1-1-1	3_11_M	Spleen	False	1	False	J20.MAA000779.3_11_M.1.1-1-1-1	one_assay_suffix	3m	1	nan	CD4-positive, alpha-beta T cell	CL:0000084	Cd3e T cell	facs	3_11_M	498128.0	1995.0	male	nan	Spleen	nan	6	5
J20-MAA000801-3_11_M-1-1	41.0	2.0	3	J20.MAA000801.3_11_M.1.1-1-1	3_11_M	Kidney	True	1	False	J20.MAA000801.3_11_M.1.1-1-1-1	one_assay_suffix	3m	1	nan	T cell	CL:0000738	T cell	facs	3_11_M	403917.0	1483.0	male	nan	Kidney	nan	4	9
J20-MAA000880-3_11_M-1-1	45.0	2.0	3	J20.MAA000880.3_11_M.1.1-1-1	3_11_M	Thymus	True	2	True	J20.MAA000880.3_11_M.1.1-1-1-1	one_assay_suffix	3m	1	nan	thymocyte	CL:0002420	DN to DP transition (most are Cd8+/ Cd4+, some undergoing VDJ recombination)	facs	3_11_M	646022.0	3268.0	male	nan	Thymus	nan	21	23
J20-MAA000917-3_11_M-1-1			3	J20.MAA000917.3_11_M.1.1-1-1	3_11_M	Heart	False	1	False	J20.MAA000917.3_11_M.1.1-1-1-1	one_assay_suffix	3m	1	nan	T cell	CL:0000738	T cell	facs	3_11_M	552788.0	2731.0	male	LV	Heart	nan	4	9
J20-MAA001888-3_39_F-1-1			3	J20.MAA001888.3_39_F.1.1-1-1	3_39_F	Marrow	False	1	False	J20.MAA001888.3_39_F.1.1-1-1-1	one_assay_suffix	3m	1	nan	basophil	CL:0000767	basophil	facs	3_39_F	733108.0	6051.0	female	T-cells	Marrow	nan	40	35
J21-B003291-3_39_F-1-1			3	J21.B003291.3_39_F.1.1-1-1	3_39_F	Thymus	False	1	False	J21.B003291.3_39_F.1.1-1-1-1	one_assay_suffix	3m	1	nan	thymocyte	CL:0002420	DN to DP transition (most are Cd8+/ Cd4+, some undergoing VDJ recombination)	facs	3_39_F	1246063.0	1350.0	female	Flowthrough	Thymus	nan	21	23
J21-MAA000594-3_8_M-1-1			3	J21.MAA000594.3_8_M.1.1-1-1	3_8_M	Aorta	False	1	False	J21.MAA000594.3_8_M.1.1-1-1-1	one_assay_suffix	3m	1	nan	macrophage	CL:0000145	leukocyte	facs	3_8_M	1135583.0	4744.0	male	Heart	Aorta	nan	4	21
J21-MAA000607-3_9_M-1-1			3	J21.MAA000607.3_9_M.1.1-1-1	3_9_M	Thymus	False	1	False	J21.MAA000607.3_9_M.1.1-1-1-1	one_assay_suffix	3m	1	nan	DN4 thymocyte	CL:0002420	DN4 thymocyte	facs	3_9_M	264389.0	2266.0	male	nan	Thymus	nan	6	5
J21-MAA000609-3_8_M-1-1			3	J21.MAA000609.3_8_M.1.1-1-1	3_8_M	Thymus	False	1	False	J21.MAA000609.3_8_M.1.1-1-1-1	one_assay_suffix	3m	1	nan	thymocyte	CL:0002420	DN to DP transition (most are Cd8+/ Cd4+, some undergoing VDJ recombination)	facs	3_8_M	131706.0	1232.0	male	nan	Thymus	nan	21	23
J21-MAA000779-3_11_M-1-1			3	J21.MAA000779.3_11_M.1.1-1-1	3_11_M	Spleen	False	1	False	J21.MAA000779.3_11_M.1.1-1-1-1	one_assay_suffix	3m	1	nan	CD4-positive, alpha-beta T cell	CL:0000084	Cd3e T cell	facs	3_11_M	298479.0	1208.0	male	nan	Spleen	nan	6	5
J21-MAA001847-3_39_F-1-1			3	J21.MAA001847.3_39_F.1.1-1-1	3_39_F	Lung	False	1	False	J21.MAA001847.3_39_F.1.1-1-1-1	one_assay_suffix	3m	1	nan	CD4-positive, alpha-beta T cell	CL:0000084	CD4+ T	facs	3_39_F	270629.0	2336.0	female	EPCAM	Lung	nan	4	5
J22-B000827-3_38_F-1-1			3	J22.B000827.3_38_F.1.1-1-1	3_38_F	Thymus	False	1	False	J22.B000827.3_38_F.1.1-1-1-1	one_assay_suffix	3m	1	nan	DN4 thymocyte	CL:0002420	DN4 thymocyte	facs	3_38_F	423365.0	2056.0	female	Flowthrough	Thymus	nan	6	5
J22-B001750-3_38_F-1-1			3	J22.B001750.3_38_F.1.1-1-1	3_38_F	Spleen	False	1	False	J22.B001750.3_38_F.1.1-1-1-1	one_assay_suffix	3m	1	nan	CD4-positive, alpha-beta T cell	CL:0000084	Cd3e T cell	facs	3_38_F	568103.0	1829.0	female	nan	Spleen	nan	4	21
J22-B003291-3_39_F-1-1			3	J22.B003291.3_39_F.1.1-1-1	3_39_F	Thymus	False	1	False	J22.B003291.3_39_F.1.1-1-1-1	one_assay_suffix	3m	1	nan	thymocyte	CL:0002420	DN to DP transition (most are Cd8+/ Cd4+, some undergoing VDJ recombination)	facs	3_39_F	1510228.0	1208.0	female	Flowthrough	Thymus	nan	21	23
J22-MAA000607-3_9_M-1-1			3	J22.MAA000607.3_9_M.1.1-1-1	3_9_M	Thymus	False	1	False	J22.MAA000607.3_9_M.1.1-1-1-1	one_assay_suffix	3m	1	nan	thymocyte	CL:0002420	DN to DP transition (most are Cd8+/ Cd4+, some undergoing VDJ recombination)	facs	3_9_M	238689.0	1892.0	male	nan	Thymus	nan	21	23
J22-MAA000779-3_11_M-1-1			3	J22.MAA000779.3_11_M.1.1-1-1	3_11_M	Spleen	False	1	False	J22.MAA000779.3_11_M.1.1-1-1-1	one_assay_suffix	3m	1	nan	CD8-positive, alpha-beta T cell	CL:0000084	Cd3e T cell	facs	3_11_M	192865.0	1373.0	male	nan	Spleen	nan	6	5
J22-MAA000880-3_11_M-1-1			3	J22.MAA000880.3_11_M.1.1-1-1	3_11_M	Thymus	False	1	False	J22.MAA000880.3_11_M.1.1-1-1-1	one_assay_suffix	3m	1	nan	thymocyte	CL:0002420	DN to DP transition (most are Cd8+/ Cd4+, some undergoing VDJ recombination)	facs	3_11_M	279698.0	1608.0	male	nan	Thymus	nan	21	23
J22-MAA000891-3_10_M-1-1			3	J22.MAA000891.3_10_M.1.1-1-1	3_10_M	Lung	False	1	False	J22.MAA000891.3_10_M.1.1-1-1-1	one_assay_suffix	3m	1	nan	CD4-positive, alpha-beta T cell	CL:0000084	CD4+ T	facs	3_10_M	1556075.0	1726.0	male	nan	Lung	nan	6	5
J22-MAA001847-3_39_F-1-1			3	J22.MAA001847.3_39_F.1.1-1-1	3_39_F	Lung	False	1	False	J22.MAA001847.3_39_F.1.1-1-1-1	one_assay_suffix	3m	1	nan	CD4-positive, alpha-beta T cell	CL:0000084	CD4+ T	facs	3_39_F	367502.0	2780.0	female	EPCAM	Lung	nan	6	5
J22-MAA001888-3_39_F-1-1			3	J22.MAA001888.3_39_F.1.1-1-1	3_39_F	Marrow	False	1	False	J22.MAA001888.3_39_F.1.1-1-1-1	one_assay_suffix	3m	1	nan	mature alpha-beta T cell	CL:0002420	BM CD8 + CD4 T cell	facs	3_39_F	318091.0	2692.0	female	T-cells	Marrow	nan	4	9
J3-B000827-3_38_F-1-1			3	J3.B000827.3_38_F.1.1-1-1	3_38_F	Thymus	False	1	False	J3.B000827.3_38_F.1.1-1-1-1	one_assay_suffix	3m	1	nan	DN4 thymocyte	CL:0002420	DN4 thymocyte	facs	3_38_F	590554.0	1812.0	female	Flowthrough	Thymus	nan	6	5
J3-B000971-3_39_F-1-1			3	J3.B000971.3_39_F.1.1-1-1	3_39_F	Spleen	False	1	False	J3.B000971.3_39_F.1.1-1-1-1	one_assay_suffix	3m	1	nan	CD8-positive, alpha-beta T cell	CL:0000084	Cd3e T cell	facs	3_39_F	1151475.0	2072.0	female	nan	Spleen	nan	6	5
J3-B001750-3_38_F-1-1			3	J3.B001750.3_38_F.1.1-1-1	3_38_F	Spleen	False	1	False	J3.B001750.3_38_F.1.1-1-1-1	one_assay_suffix	3m	1	nan	CD8-positive, alpha-beta T cell	CL:0000084	Cd3e T cell	facs	3_38_F	435811.0	1285.0	female	nan	Spleen	nan	6	5
J3-B003291-3_39_F-1-1			3	J3.B003291.3_39_F.1.1-1-1	3_39_F	Thymus	False	1	False	J3.B003291.3_39_F.1.1-1-1-1	one_assay_suffix	3m	1	nan	thymocyte	CL:0002420	DN to DP transition (most are Cd8+/ Cd4+, some undergoing VDJ recombination)	facs	3_39_F	740236.0	1502.0	female	Flowthrough	Thymus	nan	21	23
J3-MAA000508-3_9_M-1-1			3	J3.MAA000508.3_9_M.1.1-1-1	3_9_M	Spleen	False	1	False	J3.MAA000508.3_9_M.1.1-1-1-1	one_assay_suffix	3m	1	nan	CD8-positive, alpha-beta T cell	CL:0000084	Cd3e T cell	facs	3_9_M	143606.0	1315.0	male	nan	Spleen	nan	6	5
J3-MAA000607-3_9_M-1-1			3	J3.MAA000607.3_9_M.1.1-1-1	3_9_M	Thymus	False	1	False	J3.MAA000607.3_9_M.1.1-1-1-1	one_assay_suffix	3m	1	nan	thymocyte	CL:0002420	DN to DP transition (most are Cd8+/ Cd4+, some undergoing VDJ recombination)	facs	3_9_M	267361.0	1970.0	male	nan	Thymus	nan	21	23
J4-B000827-3_38_F-1-1			3	J4.B000827.3_38_F.1.1-1-1	3_38_F	Thymus	False	1	False	J4.B000827.3_38_F.1.1-1-1-1	one_assay_suffix	3m	1	nan	DN4 thymocyte	CL:0002420	DN4 thymocyte	facs	3_38_F	362138.0	1825.0	female	Flowthrough	Thymus	nan	6	5
J4-B003291-3_39_F-1-1			3	J4.B003291.3_39_F.1.1-1-1	3_39_F	Thymus	False	1	False	J4.B003291.3_39_F.1.1-1-1-1	one_assay_suffix	3m	1	nan	thymocyte	CL:0002420	proliferating thymocyte; DN to DP transition, dividing (some are Cd8+/ Cd4+, some undergoing VDJ recombination)	facs	3_39_F	1666407.0	3082.0	female	Flowthrough	Thymus	nan	21	23
J4-MAA000607-3_9_M-1-1			3	J4.MAA000607.3_9_M.1.1-1-1	3_9_M	Thymus	False	1	False	J4.MAA000607.3_9_M.1.1-1-1-1	one_assay_suffix	3m	1	nan	thymocyte	CL:0002420	proliferating thymocyte; DN to DP transition, dividing (some are Cd8+/ Cd4+, some undergoing VDJ recombination)	facs	3_9_M	1060109.0	5761.0	male	nan	Thymus	nan	21	23
J4-MAA001888-3_39_F-1-1			3	J4.MAA001888.3_39_F.1.1-1-1	3_39_F	Marrow	False	1	False	J4.MAA001888.3_39_F.1.1-1-1-1	one_assay_suffix	3m	1	nan	NK cell	CL:0000914	NK cell	facs	3_39_F	434702.0	2922.0	female	T-cells	Marrow	nan	4	9
J5-B000827-3_38_F-1-1			3	J5.B000827.3_38_F.1.1-1-1	3_38_F	Thymus	False	1	False	J5.B000827.3_38_F.1.1-1-1-1	one_assay_suffix	3m	1	nan	DN4 thymocyte	CL:0002420	DN4 thymocyte	facs	3_38_F	315918.0	1673.0	female	Flowthrough	Thymus	nan	6	5
J5-B003291-3_39_F-1-1			3	J5.B003291.3_39_F.1.1-1-1	3_39_F	Thymus	False	1	False	J5.B003291.3_39_F.1.1-1-1-1	one_assay_suffix	3m	1	nan	thymocyte	CL:0002420	DN to DP transition (most are Cd8+/ Cd4+, some undergoing VDJ recombination)	facs	3_39_F	486510.0	1530.0	female	Flowthrough	Thymus	nan	21	23
J5-MAA000607-3_9_M-1-1			3	J5.MAA000607.3_9_M.1.1-1-1	3_9_M	Thymus	False	1	False	J5.MAA000607.3_9_M.1.1-1-1-1	one_assay_suffix	3m	1	nan	DN4 thymocyte	CL:0002420	DN4 thymocyte	facs	3_9_M	157551.0	1780.0	male	nan	Thymus	nan	6	23
J5-MAA000844-3_10_M-1-1	3.0	2.0	3	J5.MAA000844.3_10_M.1.1-1-1	3_10_M	Marrow	True	1	False	J5.MAA000844.3_10_M.1.1-1-1-1	one_assay_suffix	3m	1	nan	macrophage	CL:0000235	CD4+ macrophage	facs	3_10_M	1006737.0	3618.0	male	T-cells	Marrow	nan	4	48
J6-B000827-3_38_F-1-1			3	J6.B000827.3_38_F.1.1-1-1	3_38_F	Thymus	False	1	False	J6.B000827.3_38_F.1.1-1-1-1	one_assay_suffix	3m	1	nan	DN4 thymocyte	CL:0002420	DN4 thymocyte	facs	3_38_F	563254.0	2457.0	female	Flowthrough	Thymus	nan	6	5
J6-B001750-3_38_F-1-1			3	J6.B001750.3_38_F.1.1-1-1	3_38_F	Spleen	False	1	False	J6.B001750.3_38_F.1.1-1-1-1	one_assay_suffix	3m	1	nan	CD8-positive, alpha-beta T cell	CL:0000084	nan	facs	3_38_F	678791.0	2550.0	female	nan	Spleen	nan	4	9
J6-B003291-3_39_F-1-1			3	J6.B003291.3_39_F.1.1-1-1	3_39_F	Thymus	False	1	False	J6.B003291.3_39_F.1.1-1-1-1	one_assay_suffix	3m	1	nan	thymocyte	CL:0002420	DN to DP transition (most are Cd8+/ Cd4+, some undergoing VDJ recombination)	facs	3_39_F	458190.0	1413.0	female	Flowthrough	Thymus	nan	21	23
J6-MAA000607-3_9_M-1-1			3	J6.MAA000607.3_9_M.1.1-1-1	3_9_M	Thymus	False	1	False	J6.MAA000607.3_9_M.1.1-1-1-1	one_assay_suffix	3m	1	nan	thymocyte	CL:0002420	DN to DP transition (most are Cd8+/ Cd4+, some undergoing VDJ recombination)	facs	3_9_M	186424.0	1993.0	male	nan	Thymus	nan	21	23
J6-MAA001865-3_38_F-1-1			3	J6.MAA001865.3_38_F.1.1-1-1	3_38_F	Trachea	False	1	False	J6.MAA001865.3_38_F.1.1-1-1-1	one_assay_suffix	3m	1	nan	T cell	CL:0000081	nan	facs	3_38_F	703354.0	3749.0	female	nan	Trachea	nan	21	23
J7-B000827-3_38_F-1-1			3	J7.B000827.3_38_F.1.1-1-1	3_38_F	Thymus	False	1	False	J7.B000827.3_38_F.1.1-1-1-1	one_assay_suffix	3m	1	nan	DN4 thymocyte	CL:0002420	DN4 thymocyte	facs	3_38_F	694245.0	2079.0	female	Flowthrough	Thymus	nan	6	5
J7-B003291-3_39_F-1-1			3	J7.B003291.3_39_F.1.1-1-1	3_39_F	Thymus	False	1	False	J7.B003291.3_39_F.1.1-1-1-1	one_assay_suffix	3m	1	nan	thymocyte	CL:0002420	DN to DP transition (most are Cd8+/ Cd4+, some undergoing VDJ recombination)	facs	3_39_F	870814.0	1841.0	female	Flowthrough	Thymus	nan	21	23
J7-MAA000607-3_9_M-1-1			3	J7.MAA000607.3_9_M.1.1-1-1	3_9_M	Thymus	False	1	False	J7.MAA000607.3_9_M.1.1-1-1-1	one_assay_suffix	3m	1	nan	thymocyte	CL:0002420	proliferating thymocyte; DN to DP transition, dividing (some are Cd8+/ Cd4+, some undergoing VDJ recombination)	facs	3_9_M	277312.0	3045.0	male	nan	Thymus	nan	21	23
J7-MAA000844-3_10_M-1-1			3	J7.MAA000844.3_10_M.1.1-1-1	3_10_M	Marrow	False	1	False	J7.MAA000844.3_10_M.1.1-1-1-1	one_assay_suffix	3m	1	nan	mature alpha-beta T cell	CL:0002420	BM CD8 + CD4 T cell	facs	3_10_M	516683.0	2138.0	male	T-cells	Marrow	nan	6	5
J7-MAA000877-3_11_M-1-1	40.0	2.0	3	J7.MAA000877.3_11_M.1.1-1-1	3_11_M	MAT	True	1	False	J7.MAA000877.3_11_M.1.1-1-1-1	one_assay_suffix	3m	1	nan	mesenchymal stem cell of adipose	CL:0002570	mesenchymal progenitor	facs	3_11_M	1400751.0	3670.0	male	Fat	MAT	nan	1	1
J8-B000827-3_38_F-1-1			3	J8.B000827.3_38_F.1.1-1-1	3_38_F	Thymus	False	1	False	J8.B000827.3_38_F.1.1-1-1-1	one_assay_suffix	3m	1	nan	DN4 thymocyte	CL:0002420	DN4 thymocyte	facs	3_38_F	566731.0	2130.0	female	Flowthrough	Thymus	nan	6	5
J8-B003291-3_39_F-1-1			3	J8.B003291.3_39_F.1.1-1-1	3_39_F	Thymus	False	1	False	J8.B003291.3_39_F.1.1-1-1-1	one_assay_suffix	3m	1	nan	thymocyte	CL:0002420	DN to DP transition (most are Cd8+/ Cd4+, some undergoing VDJ recombination)	facs	3_39_F	932577.0	1700.0	female	Flowthrough	Thymus	nan	21	23
J8-D043526-3_39_F-1-1			3	J8.D043526.3_39_F.1.1-1-1	3_39_F	SCAT	False	1	False	J8.D043526.3_39_F.1.1-1-1-1	one_assay_suffix	3m	1	nan	T cell	CL:0000084	nan	facs	3_39_F	782867.0	1645.0	female	Fat	SCAT	nan	6	5
J8-MAA000609-3_8_M-1-1			3	J8.MAA000609.3_8_M.1.1-1-1	3_8_M	Thymus	False	1	False	J8.MAA000609.3_8_M.1.1-1-1-1	one_assay_suffix	3m	1	nan	thymocyte	CL:0002420	DN to DP transition (most are Cd8+/ Cd4+, some undergoing VDJ recombination)	facs	3_8_M	309482.0	1370.0	male	nan	Thymus	nan	21	23
J9-B000827-3_38_F-1-1			3	J9.B000827.3_38_F.1.1-1-1	3_38_F	Thymus	False	1	False	J9.B000827.3_38_F.1.1-1-1-1	one_assay_suffix	3m	1	nan	DN4 thymocyte	CL:0002420	DN4 thymocyte	facs	3_38_F	677363.0	2399.0	female	Flowthrough	Thymus	nan	6	5
J9-B003291-3_39_F-1-1			3	J9.B003291.3_39_F.1.1-1-1	3_39_F	Thymus	False	1	False	J9.B003291.3_39_F.1.1-1-1-1	one_assay_suffix	3m	1	nan	thymocyte	CL:0002420	DN to DP transition (most are Cd8+/ Cd4+, some undergoing VDJ recombination)	facs	3_39_F	613740.0	1570.0	female	Flowthrough	Thymus	nan	21	23
J9-MAA000556-3_9_M-1-1			3	J9.MAA000556.3_9_M.1.1-1-1	3_9_M	BAT	False	1	False	J9.MAA000556.3_9_M.1.1-1-1-1	one_assay_suffix	3m	1	nan	T cell	CL:0000084	nan	facs	3_9_M	570314.0	2212.0	male	Fat	BAT	nan	6	5
J9-MAA000607-3_9_M-1-1			3	J9.MAA000607.3_9_M.1.1-1-1	3_9_M	Thymus	False	1	False	J9.MAA000607.3_9_M.1.1-1-1-1	one_assay_suffix	3m	1	nan	DN4 thymocyte	CL:0002420	DN4 thymocyte	facs	3_9_M	209390.0	1771.0	male	nan	Thymus	nan	6	5
J9-MAA000609-3_8_M-1-1			3	J9.MAA000609.3_8_M.1.1-1-1	3_8_M	Thymus	False	1	False	J9.MAA000609.3_8_M.1.1-1-1-1	one_assay_suffix	3m	1	nan	thymocyte	CL:0002420	DN to DP transition (most are Cd8+/ Cd4+, some undergoing VDJ recombination)	facs	3_8_M	226009.0	1406.0	male	nan	Thymus	nan	21	23
J9-MAA000877-3_11_M-1-1			3	J9.MAA000877.3_11_M.1.1-1-1	3_11_M	MAT	False	1	False	J9.MAA000877.3_11_M.1.1-1-1-1	one_assay_suffix	3m	1	nan	CD8-positive, alpha-beta T cell	CL:0000084	nan	facs	3_11_M	555101.0	1897.0	male	Fat	MAT	nan	6	5
K1-B000827-3_38_F-1-1			3	K1.B000827.3_38_F.1.1-1-1	3_38_F	Thymus	False	1	False	K1.B000827.3_38_F.1.1-1-1-1	one_assay_suffix	3m	1	nan	DN4 thymocyte	CL:0002420	DN4 thymocyte	facs	3_38_F	490926.0	1687.0	female	Flowthrough	Thymus	nan	6	5
K1-B003291-3_39_F-1-1			3	K1.B003291.3_39_F.1.1-1-1	3_39_F	Thymus	False	1	False	K1.B003291.3_39_F.1.1-1-1-1	one_assay_suffix	3m	1	nan	thymocyte	CL:0002420	DN to DP transition (most are Cd8+/ Cd4+, some undergoing VDJ recombination)	facs	3_39_F	276486.0	2208.0	female	Flowthrough	Thymus	nan	21	23
K1-MAA000607-3_9_M-1-1			3	K1.MAA000607.3_9_M.1.1-1-1	3_9_M	Thymus	False	1	False	K1.MAA000607.3_9_M.1.1-1-1-1	one_assay_suffix	3m	1	nan	thymocyte	CL:0002420	DN to DP transition (most are Cd8+/ Cd4+, some undergoing VDJ recombination)	facs	3_9_M	118565.0	1333.0	male	nan	Thymus	nan	21	23
K10-B000827-3_38_F-1-1			3	K10.B000827.3_38_F.1.1-1-1	3_38_F	Thymus	False	1	False	K10.B000827.3_38_F.1.1-1-1-1	one_assay_suffix	3m	1	nan	DN4 thymocyte	CL:0002420	DN4 thymocyte	facs	3_38_F	958886.0	3284.0	female	Flowthrough	Thymus	nan	6	5
K10-B001960-3_56_F-1-1			3	K10.B001960.3_56_F.1.1-1-1	3_56_F	BAT	False	1	False	K10.B001960.3_56_F.1.1-1-1-1	one_assay_suffix	3m	1	nan	T cell	CL:0000084	nan	facs	3_56_F	1563587.0	2311.0	female	Fat	BAT	nan	4	9
K10-B003291-3_39_F-1-1			3	K10.B003291.3_39_F.1.1-1-1	3_39_F	Thymus	False	1	False	K10.B003291.3_39_F.1.1-1-1-1	one_assay_suffix	3m	1	nan	thymocyte	CL:0002420	DN to DP transition (most are Cd8+/ Cd4+, some undergoing VDJ recombination)	facs	3_39_F	532263.0	1578.0	female	Flowthrough	Thymus	nan	21	23
K10-D043526-3_39_F-1-1			3	K10.D043526.3_39_F.1.1-1-1	3_39_F	SCAT	False	1	False	K10.D043526.3_39_F.1.1-1-1-1	one_assay_suffix	3m	1	nan	NK cell	CL:0000084	nan	facs	3_39_F	489670.0	1653.0	female	Fat	SCAT	nan	4	21
K10-MAA000607-3_9_M-1-1			3	K10.MAA000607.3_9_M.1.1-1-1	3_9_M	Thymus	False	1	False	K10.MAA000607.3_9_M.1.1-1-1-1	one_assay_suffix	3m	1	nan	thymocyte	CL:0002420	DN to DP transition (most are Cd8+/ Cd4+, some undergoing VDJ recombination)	facs	3_9_M	331283.0	1967.0	male	nan	Thymus	nan	21	23
K10-MAA000609-3_8_M-1-1			3	K10.MAA000609.3_8_M.1.1-1-1	3_8_M	Thymus	False	1	False	K10.MAA000609.3_8_M.1.1-1-1-1	one_assay_suffix	3m	1	nan	thymocyte	CL:0002420	DN to DP transition (most are Cd8+/ Cd4+, some undergoing VDJ recombination)	facs	3_8_M	199274.0	1397.0	male	nan	Thymus	nan	21	23
K10-MAA000880-3_11_M-1-1			3	K10.MAA000880.3_11_M.1.1-1-1	3_11_M	Thymus	False	1	False	K10.MAA000880.3_11_M.1.1-1-1-1	one_assay_suffix	3m	1	nan	DN4 thymocyte	CL:0002420	DN4 thymocyte	facs	3_11_M	306147.0	1157.0	male	nan	Thymus	nan	6	5
K10-MAA000934-3_9_M-1-1			3	K10.MAA000934.3_9_M.1.1-1-1	3_9_M	SCAT	False	1	False	K10.MAA000934.3_9_M.1.1-1-1-1	one_assay_suffix	3m	1	nan	T cell	CL:0000084	nan	facs	3_9_M	91310.0	2163.0	male	Fat	SCAT	nan	4	48
K10-MAA001865-3_38_F-1-1			3	K10.MAA001865.3_38_F.1.1-1-1	3_38_F	Trachea	False	1	False	K10.MAA001865.3_38_F.1.1-1-1-1	one_assay_suffix	3m	1	nan	T cell	CL:0000081	nan	facs	3_38_F	2116278.0	5692.0	female	nan	Trachea	nan	21	23
K11-B000827-3_38_F-1-1			3	K11.B000827.3_38_F.1.1-1-1	3_38_F	Thymus	False	1	False	K11.B000827.3_38_F.1.1-1-1-1	one_assay_suffix	3m	1	nan	DN4 thymocyte	CL:0002420	DN4 thymocyte	facs	3_38_F	672185.0	2027.0	female	Flowthrough	Thymus	nan	6	5
K11-B002314-3_56_F-1-1			3	K11.B002314.3_56_F.1.1-1-1	3_56_F	MAT	False	1	False	K11.B002314.3_56_F.1.1-1-1-1	one_assay_suffix	3m	1	nan	CD4-positive, alpha-beta T cell	nan	nan	facs	3_56_F	845108.0	2436.0	female	Fat	MAT	nan	4	21
K11-B003291-3_39_F-1-1			3	K11.B003291.3_39_F.1.1-1-1	3_39_F	Thymus	False	1	False	K11.B003291.3_39_F.1.1-1-1-1	one_assay_suffix	3m	1	nan	thymocyte	CL:0002420	DN to DP transition (most are Cd8+/ Cd4+, some undergoing VDJ recombination)	facs	3_39_F	710926.0	1379.0	female	Flowthrough	Thymus	nan	21	23
K11-MAA000607-3_9_M-1-1			3	K11.MAA000607.3_9_M.1.1-1-1	3_9_M	Thymus	False	1	False	K11.MAA000607.3_9_M.1.1-1-1-1	one_assay_suffix	3m	1	nan	DN4 thymocyte	CL:0002420	DN4 thymocyte	facs	3_9_M	296240.0	2160.0	male	nan	Thymus	nan	6	5
K11-MAA000880-3_11_M-1-1			3	K11.MAA000880.3_11_M.1.1-1-1	3_11_M	Thymus	False	1	False	K11.MAA000880.3_11_M.1.1-1-1-1	one_assay_suffix	3m	1	nan	thymocyte	CL:0002420	DN to DP transition (most are Cd8+/ Cd4+, some undergoing VDJ recombination)	facs	3_11_M	373044.0	1134.0	male	nan	Thymus	nan	21	23
K12-B000827-3_38_F-1-1			3	K12.B000827.3_38_F.1.1-1-1	3_38_F	Thymus	False	1	False	K12.B000827.3_38_F.1.1-1-1-1	one_assay_suffix	3m	1	nan	DN4 thymocyte	CL:0002420	DN4 thymocyte	facs	3_38_F	744257.0	2006.0	female	Flowthrough	Thymus	nan	6	5
K12-B003291-3_39_F-1-1			3	K12.B003291.3_39_F.1.1-1-1	3_39_F	Thymus	False	1	False	K12.B003291.3_39_F.1.1-1-1-1	one_assay_suffix	3m	1	nan	thymocyte	CL:0002420	DN to DP transition (most are Cd8+/ Cd4+, some undergoing VDJ recombination)	facs	3_39_F	830931.0	1511.0	female	Flowthrough	Thymus	nan	21	23
K12-MAA000607-3_9_M-1-1			3	K12.MAA000607.3_9_M.1.1-1-1	3_9_M	Thymus	False	1	False	K12.MAA000607.3_9_M.1.1-1-1-1	one_assay_suffix	3m	1	nan	DN4 thymocyte	CL:0002420	DN4 thymocyte	facs	3_9_M	323030.0	2071.0	male	nan	Thymus	nan	6	5
K12-MAA000609-3_8_M-1-1			3	K12.MAA000609.3_8_M.1.1-1-1	3_8_M	Thymus	False	1	False	K12.MAA000609.3_8_M.1.1-1-1-1	one_assay_suffix	3m	1	nan	thymocyte	CL:0002420	DN to DP transition (most are Cd8+/ Cd4+, some undergoing VDJ recombination)	facs	3_8_M	132950.0	1792.0	male	nan	Thymus	nan	21	23
K12-MAA000913-3_9_M-1-1			3	K12.MAA000913.3_9_M.1.1-1-1	3_9_M	GAT	False	1	False	K12.MAA000913.3_9_M.1.1-1-1-1	one_assay_suffix	3m	1	nan	CD8-positive, alpha-beta T cell	CL:0000084	nan	facs	3_9_M	452259.0	1914.0	male	Fat	GAT	nan	6	5
K12-MAA001889-3_38_F-1-1			3	K12.MAA001889.3_38_F.1.1-1-1	3_38_F	Lung	False	1	False	K12.MAA001889.3_38_F.1.1-1-1-1	one_assay_suffix	3m	1	nan	regulatory T cell	CL:0000084	Regulatory T	facs	3_38_F	605863.0	1493.0	female	EPCAM	Lung	nan	4	21
K13-B000827-3_38_F-1-1			3	K13.B000827.3_38_F.1.1-1-1	3_38_F	Thymus	False	1	False	K13.B000827.3_38_F.1.1-1-1-1	one_assay_suffix	3m	1	nan	DN4 thymocyte	CL:0002420	DN4 thymocyte	facs	3_38_F	577803.0	2227.0	female	Flowthrough	Thymus	nan	6	5
K13-B001750-3_38_F-1-1			3	K13.B001750.3_38_F.1.1-1-1	3_38_F	Spleen	False	1	False	K13.B001750.3_38_F.1.1-1-1-1	one_assay_suffix	3m	1	nan	CD4-positive, alpha-beta T cell	CL:0000084	Cd3e T cell	facs	3_38_F	451507.0	1620.0	female	nan	Spleen	nan	6	5
K13-B003291-3_39_F-1-1			3	K13.B003291.3_39_F.1.1-1-1	3_39_F	Thymus	False	1	False	K13.B003291.3_39_F.1.1-1-1-1	one_assay_suffix	3m	1	nan	DN4 thymocyte	CL:0002420	DN4 thymocyte	facs	3_39_F	569204.0	1543.0	female	Flowthrough	Thymus	nan	6	5
K13-D043526-3_39_F-1-1			3	K13.D043526.3_39_F.1.1-1-1	3_39_F	SCAT	False	1	False	K13.D043526.3_39_F.1.1-1-1-1	one_assay_suffix	3m	1	nan	T cell	CL:0000084	nan	facs	3_39_F	382104.0	1950.0	female	Fat	SCAT	nan	6	5
K13-MAA000607-3_9_M-1-1			3	K13.MAA000607.3_9_M.1.1-1-1	3_9_M	Thymus	False	1	False	K13.MAA000607.3_9_M.1.1-1-1-1	one_assay_suffix	3m	1	nan	thymocyte	CL:0002420	DN to DP transition (most are Cd8+/ Cd4+, some undergoing VDJ recombination)	facs	3_9_M	249207.0	1596.0	male	nan	Thymus	nan	21	23
K13-MAA000609-3_8_M-1-1			3	K13.MAA000609.3_8_M.1.1-1-1	3_8_M	Thymus	False	1	False	K13.MAA000609.3_8_M.1.1-1-1-1	one_assay_suffix	3m	1	nan	thymocyte	CL:0002420	DN to DP transition (most are Cd8+/ Cd4+, some undergoing VDJ recombination)	facs	3_8_M	115401.0	1245.0	male	nan	Thymus	nan	21	23
K13-MAA000880-3_11_M-1-1			3	K13.MAA000880.3_11_M.1.1-1-1	3_11_M	Thymus	False	1	False	K13.MAA000880.3_11_M.1.1-1-1-1	one_assay_suffix	3m	1	nan	DN4 thymocyte	CL:0002420	DN4 thymocyte	facs	3_11_M	609136.0	1349.0	male	nan	Thymus	nan	6	5
K14-B000827-3_38_F-1-1			3	K14.B000827.3_38_F.1.1-1-1	3_38_F	Thymus	False	1	False	K14.B000827.3_38_F.1.1-1-1-1	one_assay_suffix	3m	1	nan	DN4 thymocyte	CL:0002420	DN4 thymocyte	facs	3_38_F	531983.0	2218.0	female	Flowthrough	Thymus	nan	6	5
K14-B001750-3_38_F-1-1			3	K14.B001750.3_38_F.1.1-1-1	3_38_F	Spleen	False	1	False	K14.B001750.3_38_F.1.1-1-1-1	one_assay_suffix	3m	1	nan	CD4-positive, alpha-beta T cell	CL:0000084	Cd3e T cell	facs	3_38_F	483497.0	1979.0	female	nan	Spleen	nan	6	5
K14-B003291-3_39_F-1-1			3	K14.B003291.3_39_F.1.1-1-1	3_39_F	Thymus	False	1	False	K14.B003291.3_39_F.1.1-1-1-1	one_assay_suffix	3m	1	nan	thymocyte	CL:0002420	proliferating thymocyte; DN to DP transition, dividing (some are Cd8+/ Cd4+, some undergoing VDJ recombination)	facs	3_39_F	1447859.0	3600.0	female	Flowthrough	Thymus	nan	21	23
K14-MAA000556-3_9_M-1-1			3	K14.MAA000556.3_9_M.1.1-1-1	3_9_M	BAT	False	1	False	K14.MAA000556.3_9_M.1.1-1-1-1	one_assay_suffix	3m	1	nan	T cell	CL:0000084	nan	facs	3_9_M	545059.0	2794.0	male	Fat	BAT	nan	6	5
K14-MAA000607-3_9_M-1-1			3	K14.MAA000607.3_9_M.1.1-1-1	3_9_M	Thymus	False	1	False	K14.MAA000607.3_9_M.1.1-1-1-1	one_assay_suffix	3m	1	nan	thymocyte	CL:0002420	DN to DP transition (most are Cd8+/ Cd4+, some undergoing VDJ recombination)	facs	3_9_M	259557.0	1618.0	male	nan	Thymus	nan	21	23
K14-MAA000609-3_8_M-1-1			3	K14.MAA000609.3_8_M.1.1-1-1	3_8_M	Thymus	False	1	False	K14.MAA000609.3_8_M.1.1-1-1-1	one_assay_suffix	3m	1	nan	thymocyte	CL:0002420	proliferating thymocyte; DN to DP transition, dividing (some are Cd8+/ Cd4+, some undergoing VDJ recombination)	facs	3_8_M	580846.0	3959.0	male	nan	Thymus	nan	21	23
K14-MAA000877-3_11_M-1-1			3	K14.MAA000877.3_11_M.1.1-1-1	3_11_M	MAT	False	1	False	K14.MAA000877.3_11_M.1.1-1-1-1	one_assay_suffix	3m	1	nan	CD4-positive, alpha-beta T cell	CL:0000084	nan	facs	3_11_M	428785.0	1700.0	male	Fat	MAT	nan	6	5
K14-MAA000880-3_11_M-1-1			3	K14.MAA000880.3_11_M.1.1-1-1	3_11_M	Thymus	False	1	False	K14.MAA000880.3_11_M.1.1-1-1-1	one_assay_suffix	3m	1	nan	thymocyte	CL:0002420	DN to DP transition (most are Cd8+/ Cd4+, some undergoing VDJ recombination)	facs	3_11_M	782674.0	1894.0	male	nan	Thymus	nan	21	23
K15-B000827-3_38_F-1-1			3	K15.B000827.3_38_F.1.1-1-1	3_38_F	Thymus	False	1	False	K15.B000827.3_38_F.1.1-1-1-1	one_assay_suffix	3m	1	nan	DN4 thymocyte	CL:0002420	DN4 thymocyte	facs	3_38_F	476723.0	1646.0	female	Flowthrough	Thymus	nan	6	5
K15-B001960-3_56_F-1-1			3	K15.B001960.3_56_F.1.1-1-1	3_56_F	BAT	False	1	False	K15.B001960.3_56_F.1.1-1-1-1	one_assay_suffix	3m	1	nan	T cell	CL:0000084	nan	facs	3_56_F	1235338.0	1605.0	female	Fat	BAT	nan	6	5
K15-B003291-3_39_F-1-1			3	K15.B003291.3_39_F.1.1-1-1	3_39_F	Thymus	False	1	False	K15.B003291.3_39_F.1.1-1-1-1	one_assay_suffix	3m	1	nan	thymocyte	CL:0002420	proliferating thymocyte; DN to DP transition, dividing (some are Cd8+/ Cd4+, some undergoing VDJ recombination)	facs	3_39_F	2517423.0	4135.0	female	Flowthrough	Thymus	nan	21	23
K15-MAA000607-3_9_M-1-1			3	K15.MAA000607.3_9_M.1.1-1-1	3_9_M	Thymus	False	1	False	K15.MAA000607.3_9_M.1.1-1-1-1	one_assay_suffix	3m	1	nan	thymocyte	CL:0002420	proliferating thymocyte; DN to DP transition, dividing (some are Cd8+/ Cd4+, some undergoing VDJ recombination)	facs	3_9_M	782935.0	3137.0	male	nan	Thymus	nan	21	23
K15-MAA000609-3_8_M-1-1			3	K15.MAA000609.3_8_M.1.1-1-1	3_8_M	Thymus	False	1	False	K15.MAA000609.3_8_M.1.1-1-1-1	one_assay_suffix	3m	1	nan	thymocyte	CL:0002420	DN to DP transition (most are Cd8+/ Cd4+, some undergoing VDJ recombination)	facs	3_8_M	109840.0	1285.0	male	nan	Thymus	nan	21	23
K15-MAA000779-3_11_M-1-1			3	K15.MAA000779.3_11_M.1.1-1-1	3_11_M	Spleen	False	1	False	K15.MAA000779.3_11_M.1.1-1-1-1	one_assay_suffix	3m	1	nan	CD4-positive, alpha-beta T cell	CL:0000084	Cd3e T cell	facs	3_11_M	260579.0	1449.0	male	nan	Spleen	nan	6	5
K15-MAA000877-3_11_M-1-1			3	K15.MAA000877.3_11_M.1.1-1-1	3_11_M	MAT	False	1	False	K15.MAA000877.3_11_M.1.1-1-1-1	one_assay_suffix	3m	1	nan	CD8-positive, alpha-beta T cell	CL:0000084	nan	facs	3_11_M	1013381.0	1869.0	male	Fat	MAT	nan	6	5
K15-MAA000880-3_11_M-1-1			3	K15.MAA000880.3_11_M.1.1-1-1	3_11_M	Thymus	False	1	False	K15.MAA000880.3_11_M.1.1-1-1-1	one_assay_suffix	3m	1	nan	DN4 thymocyte	CL:0002420	DN4 thymocyte	facs	3_11_M	663087.0	1908.0	male	nan	Thymus	nan	6	5
K16-B000827-3_38_F-1-1			3	K16.B000827.3_38_F.1.1-1-1	3_38_F	Thymus	False	1	False	K16.B000827.3_38_F.1.1-1-1-1	one_assay_suffix	3m	1	nan	DN4 thymocyte	CL:0002420	DN4 thymocyte	facs	3_38_F	471028.0	1877.0	female	Flowthrough	Thymus	nan	6	5
K16-B002314-3_56_F-1-1			3	K16.B002314.3_56_F.1.1-1-1	3_56_F	MAT	False	1	False	K16.B002314.3_56_F.1.1-1-1-1	one_assay_suffix	3m	1	nan	CD4-positive, alpha-beta T cell	CL:0000084	nan	facs	3_56_F	788603.0	1565.0	female	Fat	MAT	nan	6	5
K16-B003291-3_39_F-1-1			3	K16.B003291.3_39_F.1.1-1-1	3_39_F	Thymus	False	1	False	K16.B003291.3_39_F.1.1-1-1-1	one_assay_suffix	3m	1	nan	thymocyte	CL:0002420	DN to DP transition (most are Cd8+/ Cd4+, some undergoing VDJ recombination)	facs	3_39_F	1429748.0	1594.0	female	Flowthrough	Thymus	nan	21	23
K16-MAA000607-3_9_M-1-1			3	K16.MAA000607.3_9_M.1.1-1-1	3_9_M	Thymus	False	1	False	K16.MAA000607.3_9_M.1.1-1-1-1	one_assay_suffix	3m	1	nan	epithelial cell of thymus	CL:0002420	TECs	facs	3_9_M	63700.0	1109.0	male	nan	Thymus	nan	6	5
K16-MAA000609-3_8_M-1-1			3	K16.MAA000609.3_8_M.1.1-1-1	3_8_M	Thymus	False	1	False	K16.MAA000609.3_8_M.1.1-1-1-1	one_assay_suffix	3m	1	nan	DN4 thymocyte	CL:0002420	DN4 thymocyte	facs	3_8_M	162353.0	1953.0	male	nan	Thymus	nan	6	5
K16-MAA000877-3_11_M-1-1			3	K16.MAA000877.3_11_M.1.1-1-1	3_11_M	MAT	False	1	False	K16.MAA000877.3_11_M.1.1-1-1-1	one_assay_suffix	3m	1	nan	CD8-positive, alpha-beta T cell	CL:0000084	nan	facs	3_11_M	75727.0	1636.0	male	Fat	MAT	nan	6	5
K16-MAA000880-3_11_M-1-1			3	K16.MAA000880.3_11_M.1.1-1-1	3_11_M	Thymus	False	1	False	K16.MAA000880.3_11_M.1.1-1-1-1	one_assay_suffix	3m	1	nan	DN4 thymocyte	CL:0002420	DN4 thymocyte	facs	3_11_M	679119.0	1966.0	male	nan	Thymus	nan	6	5
K17-B000827-3_38_F-1-1			3	K17.B000827.3_38_F.1.1-1-1	3_38_F	Thymus	False	1	False	K17.B000827.3_38_F.1.1-1-1-1	one_assay_suffix	3m	1	nan	DN4 thymocyte	CL:0002420	DN4 thymocyte	facs	3_38_F	577989.0	2287.0	female	Flowthrough	Thymus	nan	6	5
K17-B003291-3_39_F-1-1			3	K17.B003291.3_39_F.1.1-1-1	3_39_F	Thymus	False	1	False	K17.B003291.3_39_F.1.1-1-1-1	one_assay_suffix	3m	1	nan	thymocyte	CL:0002420	proliferating thymocyte; DN to DP transition, dividing (some are Cd8+/ Cd4+, some undergoing VDJ recombination)	facs	3_39_F	2287108.0	3360.0	female	Flowthrough	Thymus	nan	21	23
K17-MAA000607-3_9_M-1-1			3	K17.MAA000607.3_9_M.1.1-1-1	3_9_M	Thymus	False	1	False	K17.MAA000607.3_9_M.1.1-1-1-1	one_assay_suffix	3m	1	nan	thymocyte	CL:0002420	DN to DP transition (most are Cd8+/ Cd4+, some undergoing VDJ recombination)	facs	3_9_M	301647.0	1422.0	male	nan	Thymus	nan	21	23
K17-MAA000609-3_8_M-1-1			3	K17.MAA000609.3_8_M.1.1-1-1	3_8_M	Thymus	False	1	False	K17.MAA000609.3_8_M.1.1-1-1-1	one_assay_suffix	3m	1	nan	thymocyte	CL:0002420	DN to DP transition (most are Cd8+/ Cd4+, some undergoing VDJ recombination)	facs	3_8_M	192034.0	1796.0	male	nan	Thymus	nan	6	23
K17-MAA000844-3_10_M-1-1			3	K17.MAA000844.3_10_M.1.1-1-1	3_10_M	Marrow	False	1	False	K17.MAA000844.3_10_M.1.1-1-1-1	one_assay_suffix	3m	1	nan	mature alpha-beta T cell	CL:0002420	BM CD8 + CD4 T cell	facs	3_10_M	848521.0	3005.0	male	T-cells	Marrow	nan	4	9
K17-MAA000880-3_11_M-1-1			3	K17.MAA000880.3_11_M.1.1-1-1	3_11_M	Thymus	False	1	False	K17.MAA000880.3_11_M.1.1-1-1-1	one_assay_suffix	3m	1	nan	DN4 thymocyte	CL:0002420	DN4 thymocyte	facs	3_11_M	642708.0	1387.0	male	nan	Thymus	nan	6	5
K18-B000827-3_38_F-1-1			3	K18.B000827.3_38_F.1.1-1-1	3_38_F	Thymus	False	1	False	K18.B000827.3_38_F.1.1-1-1-1	one_assay_suffix	3m	1	nan	DN4 thymocyte	CL:0002420	DN4 thymocyte	facs	3_38_F	250761.0	1550.0	female	Flowthrough	Thymus	nan	6	5
K18-B001750-3_38_F-1-1			3	K18.B001750.3_38_F.1.1-1-1	3_38_F	Spleen	False	1	False	K18.B001750.3_38_F.1.1-1-1-1	one_assay_suffix	3m	1	nan	CD4-positive, alpha-beta T cell	CL:0000084	Cd3e T cell	facs	3_38_F	1799596.0	2279.0	female	nan	Spleen	nan	4	21
K18-B003291-3_39_F-1-1			3	K18.B003291.3_39_F.1.1-1-1	3_39_F	Thymus	False	1	False	K18.B003291.3_39_F.1.1-1-1-1	one_assay_suffix	3m	1	nan	thymocyte	CL:0002420	DN to DP transition (most are Cd8+/ Cd4+, some undergoing VDJ recombination)	facs	3_39_F	1865296.0	1880.0	female	Flowthrough	Thymus	nan	21	23
K18-MAA000607-3_9_M-1-1			3	K18.MAA000607.3_9_M.1.1-1-1	3_9_M	Thymus	False	1	False	K18.MAA000607.3_9_M.1.1-1-1-1	one_assay_suffix	3m	1	nan	thymocyte	CL:0002420	DN to DP transition (most are Cd8+/ Cd4+, some undergoing VDJ recombination)	facs	3_9_M	453310.0	2424.0	male	nan	Thymus	nan	21	23
K18-MAA000609-3_8_M-1-1			3	K18.MAA000609.3_8_M.1.1-1-1	3_8_M	Thymus	False	1	False	K18.MAA000609.3_8_M.1.1-1-1-1	one_assay_suffix	3m	1	nan	thymocyte	CL:0002420	proliferating thymocyte; DN to DP transition, dividing (some are Cd8+/ Cd4+, some undergoing VDJ recombination)	facs	3_8_M	718253.0	4597.0	male	nan	Thymus	nan	21	23
K18-MAA000844-3_10_M-1-1	11.0	2.0	3	K18.MAA000844.3_10_M.1.1-1-1	3_10_M	Marrow	True	2	True	K18.MAA000844.3_10_M.1.1-1-1-1	one_assay_suffix	3m	1	nan	promonocyte	CL:0000576	monocyte + promonocyte	facs	3_10_M	929299.0	4127.0	male	T-cells	Marrow	nan	2	4
K18-MAA000880-3_11_M-1-1	39.0	2.0	3	K18.MAA000880.3_11_M.1.1-1-1	3_11_M	Thymus	True	2	True	K18.MAA000880.3_11_M.1.1-1-1-1	one_assay_suffix	3m	1	nan	DN4 thymocyte	CL:0002420	DN4 thymocyte	facs	3_11_M	645511.0	2822.0	male	nan	Thymus	nan	6	23
K18-MAA001888-3_39_F-1-1			3	K18.MAA001888.3_39_F.1.1-1-1	3_39_F	Marrow	False	1	False	K18.MAA001888.3_39_F.1.1-1-1-1	one_assay_suffix	3m	1	nan	mature alpha-beta T cell	CL:0000236	BM CD8 + CD4 T cell	facs	3_39_F	297813.0	3876.0	female	T-cells	Marrow	nan	4	9
K19-B003291-3_39_F-1-1			3	K19.B003291.3_39_F.1.1-1-1	3_39_F	Thymus	False	1	False	K19.B003291.3_39_F.1.1-1-1-1	one_assay_suffix	3m	1	nan	DN4 thymocyte	CL:0002420	DN4 thymocyte	facs	3_39_F	1347175.0	2007.0	female	Flowthrough	Thymus	nan	6	5
K19-MAA000508-3_9_M-1-1			3	K19.MAA000508.3_9_M.1.1-1-1	3_9_M	Spleen	False	1	False	K19.MAA000508.3_9_M.1.1-1-1-1	one_assay_suffix	3m	1	nan	CD8-positive, alpha-beta T cell	CL:0000084	nan	facs	3_9_M	228885.0	2179.0	male	nan	Spleen	nan	4	9
K19-MAA000609-3_8_M-1-1			3	K19.MAA000609.3_8_M.1.1-1-1	3_8_M	Thymus	False	1	False	K19.MAA000609.3_8_M.1.1-1-1-1	one_assay_suffix	3m	1	nan	DN4 thymocyte	CL:0002420	DN4 thymocyte	facs	3_8_M	88141.0	1300.0	male	nan	Thymus	nan	6	23
K19-MAA000844-3_10_M-1-1	41.0	2.0	3	K19.MAA000844.3_10_M.1.1-1-1	3_10_M	Marrow	True	1	False	K19.MAA000844.3_10_M.1.1-1-1-1	one_assay_suffix	3m	1	nan	mature alpha-beta T cell	CL:0000236	BM CD8 + CD4 T cell	facs	3_10_M	348059.0	2690.0	male	T-cells	Marrow	nan	4	48
K19-MAA000880-3_11_M-1-1			3	K19.MAA000880.3_11_M.1.1-1-1	3_11_M	Thymus	False	1	False	K19.MAA000880.3_11_M.1.1-1-1-1	one_assay_suffix	3m	1	nan	DN4 thymocyte	CL:0002420	DN4 thymocyte	facs	3_11_M	656679.0	1173.0	male	nan	Thymus	nan	6	5
K2-B000633-3_56_F-1-1			3	K2.B000633.3_56_F.1.1-1-1	3_56_F	Heart	False	1	False	K2.B000633.3_56_F.1.1-1-1-1	one_assay_suffix	3m	1	nan	T cell	CL:0000738	T cell	facs	3_56_F	563928.0	3086.0	female	RV	Heart	nan	4	21
K2-B000827-3_38_F-1-1			3	K2.B000827.3_38_F.1.1-1-1	3_38_F	Thymus	False	1	False	K2.B000827.3_38_F.1.1-1-1-1	one_assay_suffix	3m	1	nan	DN4 thymocyte	CL:0002420	DN4 thymocyte	facs	3_38_F	829877.0	2485.0	female	Flowthrough	Thymus	nan	6	5
K2-B003291-3_39_F-1-1			3	K2.B003291.3_39_F.1.1-1-1	3_39_F	Thymus	False	1	False	K2.B003291.3_39_F.1.1-1-1-1	one_assay_suffix	3m	1	nan	thymocyte	CL:0002420	DN to DP transition (most are Cd8+/ Cd4+, some undergoing VDJ recombination)	facs	3_39_F	101203.0	1277.0	female	Flowthrough	Thymus	nan	21	23
K2-MAA000508-3_9_M-1-1			3	K2.MAA000508.3_9_M.1.1-1-1	3_9_M	Spleen	False	1	False	K2.MAA000508.3_9_M.1.1-1-1-1	one_assay_suffix	3m	1	nan	CD8-positive, alpha-beta T cell	CL:0000084	Cd3e T cell	facs	3_9_M	486592.0	2075.0	male	nan	Spleen	nan	6	5
K2-MAA000564-3_10_M-1-1			3	K2.MAA000564.3_10_M.1.1-1-1	3_10_M	Brain_Non-Myeloid	False	1	False	K2.MAA000564.3_10_M.1.1-1-1-1	one_assay_suffix	3m	1	nan	CD8-positive, alpha-beta T cell	CL:0000128	nan	facs	3_10_M	478973.0	1584.0	male	Striatum	Brain_Non-Myeloid	nan	4	21
K2-MAA000607-3_9_M-1-1			3	K2.MAA000607.3_9_M.1.1-1-1	3_9_M	Thymus	False	1	False	K2.MAA000607.3_9_M.1.1-1-1-1	one_assay_suffix	3m	1	nan	thymocyte	CL:0002420	DN to DP transition (most are Cd8+/ Cd4+, some undergoing VDJ recombination)	facs	3_9_M	191637.0	1620.0	male	nan	Thymus	nan	21	23
K20-B000827-3_38_F-1-1			3	K20.B000827.3_38_F.1.1-1-1	3_38_F	Thymus	False	1	False	K20.B000827.3_38_F.1.1-1-1-1	one_assay_suffix	3m	1	nan	DN4 thymocyte	CL:0002420	DN4 thymocyte	facs	3_38_F	664740.0	2064.0	female	Flowthrough	Thymus	nan	6	5
K20-B003291-3_39_F-1-1			3	K20.B003291.3_39_F.1.1-1-1	3_39_F	Thymus	False	1	False	K20.B003291.3_39_F.1.1-1-1-1	one_assay_suffix	3m	1	nan	thymocyte	CL:0002420	DN to DP transition (most are Cd8+/ Cd4+, some undergoing VDJ recombination)	facs	3_39_F	1373887.0	1324.0	female	Flowthrough	Thymus	nan	21	23
K20-MAA000607-3_9_M-1-1			3	K20.MAA000607.3_9_M.1.1-1-1	3_9_M	Thymus	False	1	False	K20.MAA000607.3_9_M.1.1-1-1-1	one_assay_suffix	3m	1	nan	thymocyte	CL:0002420	DN to DP transition (most are Cd8+/ Cd4+, some undergoing VDJ recombination)	facs	3_9_M	284114.0	1594.0	male	nan	Thymus	nan	21	23
K20-MAA000880-3_11_M-1-1			3	K20.MAA000880.3_11_M.1.1-1-1	3_11_M	Thymus	False	1	False	K20.MAA000880.3_11_M.1.1-1-1-1	one_assay_suffix	3m	1	nan	thymocyte	CL:0002420	DN to DP transition (most are Cd8+/ Cd4+, some undergoing VDJ recombination)	facs	3_11_M	464351.0	1083.0	male	nan	Thymus	nan	21	23
K21-B003291-3_39_F-1-1			3	K21.B003291.3_39_F.1.1-1-1	3_39_F	Thymus	False	1	False	K21.B003291.3_39_F.1.1-1-1-1	one_assay_suffix	3m	1	nan	thymocyte	CL:0002420	proliferating thymocyte; DN to DP transition, dividing (some are Cd8+/ Cd4+, some undergoing VDJ recombination)	facs	3_39_F	2229165.0	2546.0	female	Flowthrough	Thymus	nan	21	23
K21-MAA000530-3_8_M-1-1			3	K21.MAA000530.3_8_M.1.1-1-1	3_8_M	Lung	False	1	False	K21.MAA000530.3_8_M.1.1-1-1-1	one_assay_suffix	3m	1	nan	CD4-positive, alpha-beta T cell	CL:0000084	CD4+ T	facs	3_8_M	296046.0	1723.0	male	nan	Lung	nan	6	5
K21-MAA000577-3_8_M-1-1			3	K21.MAA000577.3_8_M.1.1-1-1	3_8_M	Pancreas	False	1	False	K21.MAA000577.3_8_M.1.1-1-1-1	one_assay_suffix	3m	1	nan	leukocyte	CL:0000738	nan	facs	3_8_M	1676289.0	2086.0	male	Endocrine	Pancreas	nan	40	47
K21-MAA000607-3_9_M-1-1			3	K21.MAA000607.3_9_M.1.1-1-1	3_9_M	Thymus	False	1	False	K21.MAA000607.3_9_M.1.1-1-1-1	one_assay_suffix	3m	1	nan	DN4 thymocyte	CL:0002420	DN4 thymocyte	facs	3_9_M	320031.0	1841.0	male	nan	Thymus	nan	6	5
K21-MAA000609-3_8_M-1-1			3	K21.MAA000609.3_8_M.1.1-1-1	3_8_M	Thymus	False	1	False	K21.MAA000609.3_8_M.1.1-1-1-1	one_assay_suffix	3m	1	nan	thymocyte	CL:0002420	DN to DP transition (most are Cd8+/ Cd4+, some undergoing VDJ recombination)	facs	3_8_M	127265.0	1234.0	male	nan	Thymus	nan	21	23
K21-MAA000779-3_11_M-1-1			3	K21.MAA000779.3_11_M.1.1-1-1	3_11_M	Spleen	False	1	False	K21.MAA000779.3_11_M.1.1-1-1-1	one_assay_suffix	3m	1	nan	CD4-positive, alpha-beta T cell	CL:0000084	Cd3e T cell	facs	3_11_M	298360.0	1501.0	male	nan	Spleen	nan	6	5
K21-MAA000880-3_11_M-1-1			3	K21.MAA000880.3_11_M.1.1-1-1	3_11_M	Thymus	False	1	False	K21.MAA000880.3_11_M.1.1-1-1-1	one_assay_suffix	3m	1	nan	DN4 thymocyte	CL:0002420	DN4 thymocyte	facs	3_11_M	254922.0	1102.0	male	nan	Thymus	nan	6	5
K22-B000827-3_38_F-1-1			3	K22.B000827.3_38_F.1.1-1-1	3_38_F	Thymus	False	1	False	K22.B000827.3_38_F.1.1-1-1-1	one_assay_suffix	3m	1	nan	DN4 thymocyte	CL:0002420	DN4 thymocyte	facs	3_38_F	502077.0	2220.0	female	Flowthrough	Thymus	nan	6	5
K22-B003291-3_39_F-1-1			3	K22.B003291.3_39_F.1.1-1-1	3_39_F	Thymus	False	1	False	K22.B003291.3_39_F.1.1-1-1-1	one_assay_suffix	3m	1	nan	thymocyte	CL:0002420	proliferating thymocyte; DN to DP transition, dividing (some are Cd8+/ Cd4+, some undergoing VDJ recombination)	facs	3_39_F	3167941.0	4230.0	female	Flowthrough	Thymus	nan	21	23
K22-MAA000880-3_11_M-1-1			3	K22.MAA000880.3_11_M.1.1-1-1	3_11_M	Thymus	False	1	False	K22.MAA000880.3_11_M.1.1-1-1-1	one_assay_suffix	3m	1	nan	DN4 thymocyte	CL:0002420	DN4 thymocyte	facs	3_11_M	503980.0	1346.0	male	nan	Thymus	nan	6	5
K3-B000827-3_38_F-1-1			3	K3.B000827.3_38_F.1.1-1-1	3_38_F	Thymus	False	1	False	K3.B000827.3_38_F.1.1-1-1-1	one_assay_suffix	3m	1	nan	DN4 thymocyte	CL:0002420	DN4 thymocyte	facs	3_38_F	462948.0	1637.0	female	Flowthrough	Thymus	nan	6	5
K3-B003291-3_39_F-1-1	26.0	2.0	3	K3.B003291.3_39_F.1.1-1-1	3_39_F	Thymus	True	1	False	K3.B003291.3_39_F.1.1-1-1-1	one_assay_suffix	3m	1	nan	thymocyte	CL:0002420	DN to DP transition (most are Cd8+/ Cd4+, some undergoing VDJ recombination)	facs	3_39_F	636807.0	1595.0	female	Flowthrough	Thymus	nan	21	23
K3-MAA000607-3_9_M-1-1			3	K3.MAA000607.3_9_M.1.1-1-1	3_9_M	Thymus	False	1	False	K3.MAA000607.3_9_M.1.1-1-1-1	one_assay_suffix	3m	1	nan	thymocyte	CL:0002420	DN to DP transition (most are Cd8+/ Cd4+, some undergoing VDJ recombination)	facs	3_9_M	211075.0	1651.0	male	nan	Thymus	nan	21	23
K4-B000827-3_38_F-1-1			3	K4.B000827.3_38_F.1.1-1-1	3_38_F	Thymus	False	1	False	K4.B000827.3_38_F.1.1-1-1-1	one_assay_suffix	3m	1	nan	DN4 thymocyte	CL:0002420	DN4 thymocyte	facs	3_38_F	903235.0	2560.0	female	Flowthrough	Thymus	nan	6	5
K4-B003291-3_39_F-1-1			3	K4.B003291.3_39_F.1.1-1-1	3_39_F	Thymus	False	1	False	K4.B003291.3_39_F.1.1-1-1-1	one_assay_suffix	3m	1	nan	thymocyte	CL:0002420	DN to DP transition (most are Cd8+/ Cd4+, some undergoing VDJ recombination)	facs	3_39_F	836311.0	1638.0	female	Flowthrough	Thymus	nan	21	23
K4-MAA000607-3_9_M-1-1			3	K4.MAA000607.3_9_M.1.1-1-1	3_9_M	Thymus	False	1	False	K4.MAA000607.3_9_M.1.1-1-1-1	one_assay_suffix	3m	1	nan	thymocyte	CL:0002420	DN to DP transition (most are Cd8+/ Cd4+, some undergoing VDJ recombination)	facs	3_9_M	245134.0	1988.0	male	nan	Thymus	nan	21	23
K5-B000827-3_38_F-1-1			3	K5.B000827.3_38_F.1.1-1-1	3_38_F	Thymus	False	1	False	K5.B000827.3_38_F.1.1-1-1-1	one_assay_suffix	3m	1	nan	DN4 thymocyte	CL:0002420	DN4 thymocyte	facs	3_38_F	844742.0	2320.0	female	Flowthrough	Thymus	nan	4	5
K5-B003291-3_39_F-1-1			3	K5.B003291.3_39_F.1.1-1-1	3_39_F	Thymus	False	1	False	K5.B003291.3_39_F.1.1-1-1-1	one_assay_suffix	3m	1	nan	thymocyte	CL:0002420	DN to DP transition (most are Cd8+/ Cd4+, some undergoing VDJ recombination)	facs	3_39_F	529280.0	1626.0	female	Flowthrough	Thymus	nan	21	23
K5-MAA000508-3_9_M-1-1			3	K5.MAA000508.3_9_M.1.1-1-1	3_9_M	Spleen	False	1	False	K5.MAA000508.3_9_M.1.1-1-1-1	one_assay_suffix	3m	1	nan	CD8-positive, alpha-beta T cell	CL:0000084	Cd3e T cell	facs	3_9_M	292016.0	2294.0	male	nan	Spleen	nan	6	5
K5-MAA000607-3_9_M-1-1			3	K5.MAA000607.3_9_M.1.1-1-1	3_9_M	Thymus	False	1	False	K5.MAA000607.3_9_M.1.1-1-1-1	one_assay_suffix	3m	1	nan	thymocyte	CL:0002420	DN to DP transition (most are Cd8+/ Cd4+, some undergoing VDJ recombination)	facs	3_9_M	154124.0	1364.0	male	nan	Thymus	nan	21	23
K5-MAA000609-3_8_M-1-1			3	K5.MAA000609.3_8_M.1.1-1-1	3_8_M	Thymus	False	1	False	K5.MAA000609.3_8_M.1.1-1-1-1	one_assay_suffix	3m	1	nan	thymocyte	CL:0002420	proliferating thymocyte; DN to DP transition, dividing (some are Cd8+/ Cd4+, some undergoing VDJ recombination)	facs	3_8_M	2147240.0	3371.0	male	nan	Thymus	nan	21	23
K5-MAA001888-3_39_F-1-1			3	K5.MAA001888.3_39_F.1.1-1-1	3_39_F	Marrow	False	1	False	K5.MAA001888.3_39_F.1.1-1-1-1	one_assay_suffix	3m	1	nan	promonocyte	CL:0000576	monocyte + promonocyte	facs	3_39_F	521092.0	4529.0	female	T-cells	Marrow	nan	2	4
K6-B000827-3_38_F-1-1			3	K6.B000827.3_38_F.1.1-1-1	3_38_F	Thymus	False	1	False	K6.B000827.3_38_F.1.1-1-1-1	one_assay_suffix	3m	1	nan	DN4 thymocyte	CL:0002420	DN4 thymocyte	facs	3_38_F	392191.0	1902.0	female	Flowthrough	Thymus	nan	4	21
K6-B000971-3_39_F-1-1			3	K6.B000971.3_39_F.1.1-1-1	3_39_F	Spleen	False	1	False	K6.B000971.3_39_F.1.1-1-1-1	one_assay_suffix	3m	1	nan	CD4-positive, alpha-beta T cell	CL:0000084	Cd3e T cell	facs	3_39_F	610596.0	1959.0	female	nan	Spleen	nan	4	21
K6-B003291-3_39_F-1-1			3	K6.B003291.3_39_F.1.1-1-1	3_39_F	Thymus	False	1	False	K6.B003291.3_39_F.1.1-1-1-1	one_assay_suffix	3m	1	nan	thymocyte	CL:0002420	DN to DP transition (most are Cd8+/ Cd4+, some undergoing VDJ recombination)	facs	3_39_F	722040.0	1530.0	female	Flowthrough	Thymus	nan	21	23
K6-MAA000607-3_9_M-1-1			3	K6.MAA000607.3_9_M.1.1-1-1	3_9_M	Thymus	False	1	False	K6.MAA000607.3_9_M.1.1-1-1-1	one_assay_suffix	3m	1	nan	thymocyte	CL:0002420	DN to DP transition (most are Cd8+/ Cd4+, some undergoing VDJ recombination)	facs	3_9_M	161621.0	1648.0	male	nan	Thymus	nan	21	23
K6-MAA000844-3_10_M-1-1			3	K6.MAA000844.3_10_M.1.1-1-1	3_10_M	Marrow	False	1	False	K6.MAA000844.3_10_M.1.1-1-1-1	one_assay_suffix	3m	1	nan	mature alpha-beta T cell	CL:0000937	BM CD8 + CD4 T cell	facs	3_10_M	1703565.0	3907.0	male	T-cells	Marrow	nan	4	9
K7-B000827-3_38_F-1-1			3	K7.B000827.3_38_F.1.1-1-1	3_38_F	Thymus	False	1	False	K7.B000827.3_38_F.1.1-1-1-1	one_assay_suffix	3m	1	nan	DN4 thymocyte	CL:0002420	DN4 thymocyte	facs	3_38_F	583642.0	1878.0	female	Flowthrough	Thymus	nan	6	5
K7-B001750-3_38_F-1-1			3	K7.B001750.3_38_F.1.1-1-1	3_38_F	Spleen	False	1	False	K7.B001750.3_38_F.1.1-1-1-1	one_assay_suffix	3m	1	nan	CD8-positive, alpha-beta T cell	CL:0000084	Cd3e T cell	facs	3_38_F	605561.0	1889.0	female	nan	Spleen	nan	6	5
K7-B002431-3_39_F-1-1			3	K7.B002431.3_39_F.1.1-1-1	3_39_F	Aorta	False	1	False		unmatched																
K7-B003291-3_39_F-1-1			3	K7.B003291.3_39_F.1.1-1-1	3_39_F	Thymus	False	1	False	K7.B003291.3_39_F.1.1-1-1-1	one_assay_suffix	3m	1	nan	DN4 thymocyte	CL:0002420	DN4 thymocyte	facs	3_39_F	472601.0	1833.0	female	Flowthrough	Thymus	nan	6	5
K7-MAA000442-3_11_M-1-1			3	K7.MAA000442.3_11_M.1.1-1-1	3_11_M	BAT	False	1	False	K7.MAA000442.3_11_M.1.1-1-1-1	one_assay_suffix	3m	1	nan	T cell	CL:0000084	nan	facs	3_11_M	668574.0	2315.0	male	Fat	BAT	nan	4	5
K7-MAA000607-3_9_M-1-1			3	K7.MAA000607.3_9_M.1.1-1-1	3_9_M	Thymus	False	1	False	K7.MAA000607.3_9_M.1.1-1-1-1	one_assay_suffix	3m	1	nan	thymocyte	CL:0002420	DN to DP transition (most are Cd8+/ Cd4+, some undergoing VDJ recombination)	facs	3_9_M	223851.0	2075.0	male	nan	Thymus	nan	21	23
K7-MAA000609-3_8_M-1-1			3	K7.MAA000609.3_8_M.1.1-1-1	3_8_M	Thymus	False	1	False	K7.MAA000609.3_8_M.1.1-1-1-1	one_assay_suffix	3m	1	nan	DN4 thymocyte	CL:0002420	DN4 thymocyte	facs	3_8_M	516399.0	1921.0	male	nan	Thymus	nan	6	5
K7-MAA000844-3_10_M-1-1			3	K7.MAA000844.3_10_M.1.1-1-1	3_10_M	Marrow	False	1	False	K7.MAA000844.3_10_M.1.1-1-1-1	one_assay_suffix	3m	1	nan	mature alpha-beta T cell	CL:0002420	BM CD8 + CD4 T cell	facs	3_10_M	475820.0	3195.0	male	T-cells	Marrow	nan	4	9
K7-MAA000880-3_11_M-1-1			3	K7.MAA000880.3_11_M.1.1-1-1	3_11_M	Thymus	False	1	False	K7.MAA000880.3_11_M.1.1-1-1-1	one_assay_suffix	3m	1	nan	DN4 thymocyte	CL:0002420	DN4 thymocyte	facs	3_11_M	558495.0	1370.0	male	nan	Thymus	nan	6	5
K8-B000827-3_38_F-1-1			3	K8.B000827.3_38_F.1.1-1-1	3_38_F	Thymus	False	1	False	K8.B000827.3_38_F.1.1-1-1-1	one_assay_suffix	3m	1	nan	DN4 thymocyte	CL:0002420	DN4 thymocyte	facs	3_38_F	664137.0	2032.0	female	Flowthrough	Thymus	nan	6	5
K8-B001750-3_38_F-1-1			3	K8.B001750.3_38_F.1.1-1-1	3_38_F	Spleen	False	1	False	K8.B001750.3_38_F.1.1-1-1-1	one_assay_suffix	3m	1	nan	CD8-positive, alpha-beta T cell	CL:0000084	Cd3e T cell	facs	3_38_F	848595.0	1897.0	female	nan	Spleen	nan	6	5
K8-B003291-3_39_F-1-1			3	K8.B003291.3_39_F.1.1-1-1	3_39_F	Thymus	False	1	False	K8.B003291.3_39_F.1.1-1-1-1	one_assay_suffix	3m	1	nan	thymocyte	CL:0002420	DN to DP transition (most are Cd8+/ Cd4+, some undergoing VDJ recombination)	facs	3_39_F	433593.0	1105.0	female	Flowthrough	Thymus	nan	21	23
K8-D043526-3_39_F-1-1			3	K8.D043526.3_39_F.1.1-1-1	3_39_F	SCAT	False	1	False	K8.D043526.3_39_F.1.1-1-1-1	one_assay_suffix	3m	1	nan	B cell	CL:0000236	nan	facs	3_39_F	399410.0	1168.0	female	Fat	SCAT	nan	0	0
K8-MAA000607-3_9_M-1-1			3	K8.MAA000607.3_9_M.1.1-1-1	3_9_M	Thymus	False	1	False	K8.MAA000607.3_9_M.1.1-1-1-1	one_assay_suffix	3m	1	nan	thymocyte	CL:0002420	DN to DP transition (most are Cd8+/ Cd4+, some undergoing VDJ recombination)	facs	3_9_M	162991.0	1429.0	male	nan	Thymus	nan	21	23
K8-MAA000609-3_8_M-1-1			3	K8.MAA000609.3_8_M.1.1-1-1	3_8_M	Thymus	False	1	False	K8.MAA000609.3_8_M.1.1-1-1-1	one_assay_suffix	3m	1	nan	DN4 thymocyte	CL:0002420	DN4 thymocyte	facs	3_8_M	389471.0	1722.0	male	nan	Thymus	nan	6	5
K9-B000827-3_38_F-1-1			3	K9.B000827.3_38_F.1.1-1-1	3_38_F	Thymus	False	1	False	K9.B000827.3_38_F.1.1-1-1-1	one_assay_suffix	3m	1	nan	DN4 thymocyte	CL:0002420	DN4 thymocyte	facs	3_38_F	390790.0	1992.0	female	Flowthrough	Thymus	nan	6	5
K9-B001960-3_56_F-1-1			3	K9.B001960.3_56_F.1.1-1-1	3_56_F	BAT	False	1	False	K9.B001960.3_56_F.1.1-1-1-1	one_assay_suffix	3m	1	nan	T cell	CL:0000084	nan	facs	3_56_F	1076973.0	1723.0	female	Fat	BAT	nan	6	5
K9-B003291-3_39_F-1-1			3	K9.B003291.3_39_F.1.1-1-1	3_39_F	Thymus	False	1	False	K9.B003291.3_39_F.1.1-1-1-1	one_assay_suffix	3m	1	nan	thymocyte	CL:0002420	proliferating thymocyte; DN to DP transition, dividing (some are Cd8+/ Cd4+, some undergoing VDJ recombination)	facs	3_39_F	1245370.0	3128.0	female	Flowthrough	Thymus	nan	21	23
K9-D043526-3_39_F-1-1			3	K9.D043526.3_39_F.1.1-1-1	3_39_F	SCAT	False	1	False	K9.D043526.3_39_F.1.1-1-1-1	one_assay_suffix	3m	1	nan	T cell	CL:0000084	nan	facs	3_39_F	771958.0	1798.0	female	Fat	SCAT	nan	6	5
K9-MAA000441-3_10_M-1-1			3	K9.MAA000441.3_10_M.1.1-1-1	3_10_M	BAT	False	1	False	K9.MAA000441.3_10_M.1.1-1-1-1	one_assay_suffix	3m	1	nan	T cell	CL:0000084	nan	facs	3_10_M	143709.0	1874.0	male	Fat	BAT	nan	6	5
K9-MAA000607-3_9_M-1-1			3	K9.MAA000607.3_9_M.1.1-1-1	3_9_M	Thymus	False	1	False	K9.MAA000607.3_9_M.1.1-1-1-1	one_assay_suffix	3m	1	nan	DN4 thymocyte	CL:0002420	DN4 thymocyte	facs	3_9_M	520949.0	3163.0	male	nan	Thymus	nan	6	23
K9-MAA000609-3_8_M-1-1	14.0	2.0	3	K9.MAA000609.3_8_M.1.1-1-1	3_8_M	Thymus	True	1	False	K9.MAA000609.3_8_M.1.1-1-1-1	one_assay_suffix	3m	1	nan	DN4 thymocyte	CL:0002420	DN4 thymocyte	facs	3_8_M	368054.0	2593.0	male	nan	Thymus	nan	6	5
K9-MAA000801-3_11_M-1-1	18.0	2.0	3	K9.MAA000801.3_11_M.1.1-1-1	3_11_M	Kidney	True	2	True	K9.MAA000801.3_11_M.1.1-1-1-1	one_assay_suffix	3m	1	nan	kidney collecting duct epithelial cell	CL:0002306	kidney collecting duct epithelial cell	facs	3_11_M	186070.0	1806.0	male	nan	Kidney	nan	8	40
K9-MAA000844-3_10_M-1-1			3	K9.MAA000844.3_10_M.1.1-1-1	3_10_M	Marrow	False	1	False	K9.MAA000844.3_10_M.1.1-1-1-1	one_assay_suffix	3m	1	nan	NK cell	CL:0000914	NK cell	facs	3_10_M	710275.0	2520.0	male	T-cells	Marrow	nan	4	9
K9-MAA000880-3_11_M-1-1			3	K9.MAA000880.3_11_M.1.1-1-1	3_11_M	Thymus	False	1	False	K9.MAA000880.3_11_M.1.1-1-1-1	one_assay_suffix	3m	1	nan	thymocyte	CL:0002420	proliferating thymocyte; DN to DP transition, dividing (some are Cd8+/ Cd4+, some undergoing VDJ recombination)	facs	3_11_M	639928.0	1786.0	male	nan	Thymus	nan	21	23
L1-B000827-3_38_F-1-1			3	L1.B000827.3_38_F.1.1-1-1	3_38_F	Thymus	False	1	False	L1.B000827.3_38_F.1.1-1-1-1	one_assay_suffix	3m	1	nan	DN4 thymocyte	CL:0002420	DN4 thymocyte	facs	3_38_F	506208.0	2288.0	female	Flowthrough	Thymus	nan	6	5
L1-B003291-3_39_F-1-1			3	L1.B003291.3_39_F.1.1-1-1	3_39_F	Thymus	False	1	False	L1.B003291.3_39_F.1.1-1-1-1	one_assay_suffix	3m	1	nan	thymocyte	CL:0002420	DN to DP transition (most are Cd8+/ Cd4+, some undergoing VDJ recombination)	facs	3_39_F	190140.0	1520.0	female	Flowthrough	Thymus	nan	21	23
L1-MAA000398-3_9_M-1-1	24.0	2.0	3	L1.MAA000398.3_9_M.1.1-1-1	3_9_M	Heart	True	2	True	L1.MAA000398.3_9_M.1.1-1-1-1	one_assay_suffix	3m	1	nan	endothelial cell of coronary artery	CL:0000115	coronary vascular endothelial cell	facs	3_9_M	106062.0	2538.0	male	LA	Heart	nan	7	6
L1-MAA000607-3_9_M-1-1			3	L1.MAA000607.3_9_M.1.1-1-1	3_9_M	Thymus	False	1	False	L1.MAA000607.3_9_M.1.1-1-1-1	one_assay_suffix	3m	1	nan	thymocyte	CL:0002420	DN to DP transition (most are Cd8+/ Cd4+, some undergoing VDJ recombination)	facs	3_9_M	735883.0	2635.0	male	nan	Thymus	nan	21	23
L10-B001750-3_38_F-1-1			3	L10.B001750.3_38_F.1.1-1-1	3_38_F	Spleen	False	1	False	L10.B001750.3_38_F.1.1-1-1-1	one_assay_suffix	3m	1	nan	CD8-positive, alpha-beta T cell	CL:0000084	Cd3e T cell	facs	3_38_F	542907.0	2004.0	female	nan	Spleen	nan	6	5
L10-B003291-3_39_F-1-1			3	L10.B003291.3_39_F.1.1-1-1	3_39_F	Thymus	False	1	False	L10.B003291.3_39_F.1.1-1-1-1	one_assay_suffix	3m	1	nan	thymocyte	CL:0002420	DN to DP transition (most are Cd8+/ Cd4+, some undergoing VDJ recombination)	facs	3_39_F	564415.0	1622.0	female	Flowthrough	Thymus	nan	21	23
L10-MAA000556-3_9_M-1-1			3	L10.MAA000556.3_9_M.1.1-1-1	3_9_M	BAT	False	1	False	L10.MAA000556.3_9_M.1.1-1-1-1	one_assay_suffix	3m	1	nan	T cell	CL:0000084	nan	facs	3_9_M	690721.0	2348.0	male	Fat	BAT	nan	4	9
L10-MAA000609-3_8_M-1-1			3	L10.MAA000609.3_8_M.1.1-1-1	3_8_M	Thymus	False	1	False	L10.MAA000609.3_8_M.1.1-1-1-1	one_assay_suffix	3m	1	nan	thymocyte	CL:0002420	DN to DP transition (most are Cd8+/ Cd4+, some undergoing VDJ recombination)	facs	3_8_M	238022.0	1610.0	male	nan	Thymus	nan	21	23
L10-MAA000844-3_10_M-1-1			3	L10.MAA000844.3_10_M.1.1-1-1	3_10_M	Marrow	False	1	False	L10.MAA000844.3_10_M.1.1-1-1-1	one_assay_suffix	3m	1	nan	basophil	CL:0000767	basophil	facs	3_10_M	859830.0	3575.0	male	T-cells	Marrow	nan	6	5
L10-MAA000877-3_11_M-1-1			3	L10.MAA000877.3_11_M.1.1-1-1	3_11_M	MAT	False	1	False	L10.MAA000877.3_11_M.1.1-1-1-1	one_assay_suffix	3m	1	nan	CD8-positive, alpha-beta T cell	CL:0000084	nan	facs	3_11_M	768684.0	1881.0	male	Fat	MAT	nan	6	5
L10-MAA000880-3_11_M-1-1			3	L10.MAA000880.3_11_M.1.1-1-1	3_11_M	Thymus	False	1	False	L10.MAA000880.3_11_M.1.1-1-1-1	one_assay_suffix	3m	1	nan	DN4 thymocyte	CL:0002420	DN4 thymocyte	facs	3_11_M	457345.0	1193.0	male	nan	Thymus	nan	6	5
L10-MAA000934-3_9_M-1-1			3	L10.MAA000934.3_9_M.1.1-1-1	3_9_M	SCAT	False	1	False	L10.MAA000934.3_9_M.1.1-1-1-1	one_assay_suffix	3m	1	nan	T cell	CL:0000084	nan	facs	3_9_M	154278.0	2216.0	male	Fat	SCAT	nan	4	5
L11-B000827-3_38_F-1-1			3	L11.B000827.3_38_F.1.1-1-1	3_38_F	Thymus	False	1	False	L11.B000827.3_38_F.1.1-1-1-1	one_assay_suffix	3m	1	nan	DN4 thymocyte	CL:0002420	DN4 thymocyte	facs	3_38_F	961604.0	2643.0	female	Flowthrough	Thymus	nan	6	5
L11-B003291-3_39_F-1-1			3	L11.B003291.3_39_F.1.1-1-1	3_39_F	Thymus	False	1	False	L11.B003291.3_39_F.1.1-1-1-1	one_assay_suffix	3m	1	nan	thymocyte	CL:0002420	DN to DP transition (most are Cd8+/ Cd4+, some undergoing VDJ recombination)	facs	3_39_F	966391.0	1659.0	female	Flowthrough	Thymus	nan	21	23
L11-D045067-3_38_F-1-1			3	L11.D045067.3_38_F.1.1-1-1	3_38_F	GAT	False	1	False	L11.D045067.3_38_F.1.1-1-1-1	one_assay_suffix	3m	1	nan	CD4-positive, alpha-beta T cell	CL:0000084	nan	facs	3_38_F	1088269.0	1406.0	female	Fat	GAT	nan	6	5
L11-MAA000439-3_10_M-1-1			3	L11.MAA000439.3_10_M.1.1-1-1	3_10_M	GAT	False	1	False	L11.MAA000439.3_10_M.1.1-1-1-1	one_assay_suffix	3m	1	nan	CD8-positive, alpha-beta T cell	CL:0000084	nan	facs	3_10_M	324897.0	1992.0	male	Fat	GAT	nan	6	5
L11-MAA000609-3_8_M-1-1			3	L11.MAA000609.3_8_M.1.1-1-1	3_8_M	Thymus	False	1	False	L11.MAA000609.3_8_M.1.1-1-1-1	one_assay_suffix	3m	1	nan	thymocyte	CL:0002420	proliferating thymocyte; DN to DP transition, dividing (some are Cd8+/ Cd4+, some undergoing VDJ recombination)	facs	3_8_M	396744.0	2684.0	male	nan	Thymus	nan	21	23
L11-MAA000877-3_11_M-1-1			3	L11.MAA000877.3_11_M.1.1-1-1	3_11_M	MAT	False	1	False	L11.MAA000877.3_11_M.1.1-1-1-1	one_assay_suffix	3m	1	nan	CD4-positive, alpha-beta T cell	CL:0000084	nan	facs	3_11_M	502675.0	1580.0	male	Fat	MAT	nan	6	5
L11-MAA000880-3_11_M-1-1			3	L11.MAA000880.3_11_M.1.1-1-1	3_11_M	Thymus	False	1	False	L11.MAA000880.3_11_M.1.1-1-1-1	one_assay_suffix	3m	1	nan	DN4 thymocyte	CL:0002420	DN4 thymocyte	facs	3_11_M	391001.0	1351.0	male	nan	Thymus	nan	6	5
L12-B001750-3_38_F-1-1			3	L12.B001750.3_38_F.1.1-1-1	3_38_F	Spleen	False	1	False	L12.B001750.3_38_F.1.1-1-1-1	one_assay_suffix	3m	1	nan	CD8-positive, alpha-beta T cell	CL:0000084	Cd3e T cell	facs	3_38_F	1237168.0	2378.0	female	nan	Spleen	nan	6	5
L12-B003291-3_39_F-1-1			3	L12.B003291.3_39_F.1.1-1-1	3_39_F	Thymus	False	1	False	L12.B003291.3_39_F.1.1-1-1-1	one_assay_suffix	3m	1	nan	thymocyte	CL:0002420	DN to DP transition (most are Cd8+/ Cd4+, some undergoing VDJ recombination)	facs	3_39_F	815850.0	1368.0	female	Flowthrough	Thymus	nan	21	23
L12-MAA000441-3_10_M-1-1			3	L12.MAA000441.3_10_M.1.1-1-1	3_10_M	BAT	False	1	False	L12.MAA000441.3_10_M.1.1-1-1-1	one_assay_suffix	3m	1	nan	T cell	CL:0000084	nan	facs	3_10_M	253250.0	2460.0	male	Fat	BAT	nan	4	5
L12-MAA000607-3_9_M-1-1			3	L12.MAA000607.3_9_M.1.1-1-1	3_9_M	Thymus	False	1	False	L12.MAA000607.3_9_M.1.1-1-1-1	one_assay_suffix	3m	1	nan	thymocyte	CL:0002420	DN to DP transition (most are Cd8+/ Cd4+, some undergoing VDJ recombination)	facs	3_9_M	293444.0	1494.0	male	nan	Thymus	nan	21	23
L12-MAA000609-3_8_M-1-1			3	L12.MAA000609.3_8_M.1.1-1-1	3_8_M	Thymus	False	1	False	L12.MAA000609.3_8_M.1.1-1-1-1	one_assay_suffix	3m	1	nan	DN4 thymocyte	CL:0002420	DN4 thymocyte	facs	3_8_M	180298.0	2022.0	male	nan	Thymus	nan	6	5
L12-MAA000880-3_11_M-1-1			3	L12.MAA000880.3_11_M.1.1-1-1	3_11_M	Thymus	False	1	False	L12.MAA000880.3_11_M.1.1-1-1-1	one_assay_suffix	3m	1	nan	DN4 thymocyte	CL:0002420	DN4 thymocyte	facs	3_11_M	860384.0	1567.0	male	nan	Thymus	nan	6	5
L13-B000827-3_38_F-1-1	23.0	2.0	3	L13.B000827.3_38_F.1.1-1-1	3_38_F	Thymus	True	2	True	L13.B000827.3_38_F.1.1-1-1-1	one_assay_suffix	3m	1	nan	DN4 thymocyte	CL:0002420	DN4 thymocyte	facs	3_38_F	391115.0	1771.0	female	Flowthrough	Thymus	nan	6	5
L13-B002314-3_56_F-1-1	43.0	2.0	3	L13.B002314.3_56_F.1.1-1-1	3_56_F	MAT	True	1	False	L13.B002314.3_56_F.1.1-1-1-1	one_assay_suffix	3m	1	nan	CD4-positive, alpha-beta T cell	CL:0000084	nan	facs	3_56_F	748073.0	2320.0	female	Fat	MAT	nan	4	5
L13-B002707-3_39_F-1-1			3	L13.B002707.3_39_F.1.1-1-1	3_39_F	BAT	False	1	False	L13.B002707.3_39_F.1.1-1-1-1	one_assay_suffix	3m	1	nan	T cell	CL:0000084	nan	facs	3_39_F	117015.0	1708.0	female	Fat	BAT	nan	6	5
L13-B003291-3_39_F-1-1			3	L13.B003291.3_39_F.1.1-1-1	3_39_F	Thymus	False	1	False	L13.B003291.3_39_F.1.1-1-1-1	one_assay_suffix	3m	1	nan	thymocyte	CL:0002420	DN to DP transition (most are Cd8+/ Cd4+, some undergoing VDJ recombination)	facs	3_39_F	557774.0	1447.0	female	Flowthrough	Thymus	nan	21	23
L13-MAA000609-3_8_M-1-1			3	L13.MAA000609.3_8_M.1.1-1-1	3_8_M	Thymus	False	1	False	L13.MAA000609.3_8_M.1.1-1-1-1	one_assay_suffix	3m	1	nan	thymocyte	CL:0002420	DN to DP transition (most are Cd8+/ Cd4+, some undergoing VDJ recombination)	facs	3_8_M	130125.0	1347.0	male	nan	Thymus	nan	6	23
L13-MAA000880-3_11_M-1-1			3	L13.MAA000880.3_11_M.1.1-1-1	3_11_M	Thymus	False	1	False	L13.MAA000880.3_11_M.1.1-1-1-1	one_assay_suffix	3m	1	nan	DN4 thymocyte	CL:0002420	DN4 thymocyte	facs	3_11_M	794013.0	1429.0	male	nan	Thymus	nan	6	5
L13-MAA000913-3_9_M-1-1			3	L13.MAA000913.3_9_M.1.1-1-1	3_9_M	GAT	False	1	False	L13.MAA000913.3_9_M.1.1-1-1-1	one_assay_suffix	3m	1	nan	CD8-positive, alpha-beta T cell	CL:0000084	nan	facs	3_9_M	257611.0	1648.0	male	Fat	GAT	nan	6	5
L13-MAA000934-3_9_M-1-1			3	L13.MAA000934.3_9_M.1.1-1-1	3_9_M	SCAT	False	1	False	L13.MAA000934.3_9_M.1.1-1-1-1	one_assay_suffix	3m	1	nan	T cell	CL:0000084	nan	facs	3_9_M	166412.0	2044.0	male	Fat	SCAT	nan	4	5
L14-B000827-3_38_F-1-1			3	L14.B000827.3_38_F.1.1-1-1	3_38_F	Thymus	False	1	False	L14.B000827.3_38_F.1.1-1-1-1	one_assay_suffix	3m	1	nan	DN4 thymocyte	CL:0002420	DN4 thymocyte	facs	3_38_F	495263.0	1846.0	female	Flowthrough	Thymus	nan	6	5
L14-B003291-3_39_F-1-1			3	L14.B003291.3_39_F.1.1-1-1	3_39_F	Thymus	False	1	False	L14.B003291.3_39_F.1.1-1-1-1	one_assay_suffix	3m	1	nan	thymocyte	CL:0002420	DN to DP transition (most are Cd8+/ Cd4+, some undergoing VDJ recombination)	facs	3_39_F	707187.0	1407.0	female	Flowthrough	Thymus	nan	21	23
L14-MAA000508-3_9_M-1-1			3	L14.MAA000508.3_9_M.1.1-1-1	3_9_M	Spleen	False	1	False	L14.MAA000508.3_9_M.1.1-1-1-1	one_assay_suffix	3m	1	nan	CD8-positive, alpha-beta T cell	CL:0000084	Cd3e T cell	facs	3_9_M	393559.0	2310.0	male	nan	Spleen	nan	6	5
L14-MAA000556-3_9_M-1-1			3	L14.MAA000556.3_9_M.1.1-1-1	3_9_M	BAT	False	1	False	L14.MAA000556.3_9_M.1.1-1-1-1	one_assay_suffix	3m	1	nan	T cell	CL:0000084	nan	facs	3_9_M	203440.0	1609.0	male	Fat	BAT	nan	6	5
L14-MAA000609-3_8_M-1-1			3	L14.MAA000609.3_8_M.1.1-1-1	3_8_M	Thymus	False	1	False	L14.MAA000609.3_8_M.1.1-1-1-1	one_assay_suffix	3m	1	nan	thymocyte	CL:0002420	DN to DP transition (most are Cd8+/ Cd4+, some undergoing VDJ recombination)	facs	3_8_M	116734.0	1303.0	male	nan	Thymus	nan	21	23
L14-MAA000880-3_11_M-1-1			3	L14.MAA000880.3_11_M.1.1-1-1	3_11_M	Thymus	False	1	False	L14.MAA000880.3_11_M.1.1-1-1-1	one_assay_suffix	3m	1	nan	DN4 thymocyte	CL:0002420	DN4 thymocyte	facs	3_11_M	765789.0	1801.0	male	nan	Thymus	nan	6	5
L15-B000971-3_39_F-1-1			3	L15.B000971.3_39_F.1.1-1-1	3_39_F	Spleen	False	1	False	L15.B000971.3_39_F.1.1-1-1-1	one_assay_suffix	3m	1	nan	CD8-positive, alpha-beta T cell	CL:0000084	Cd3e T cell	facs	3_39_F	1018754.0	1996.0	female	nan	Spleen	nan	6	5
L15-B003291-3_39_F-1-1			3	L15.B003291.3_39_F.1.1-1-1	3_39_F	Thymus	False	1	False	L15.B003291.3_39_F.1.1-1-1-1	one_assay_suffix	3m	1	nan	thymocyte	CL:0002420	DN to DP transition (most are Cd8+/ Cd4+, some undergoing VDJ recombination)	facs	3_39_F	720719.0	1336.0	female	Flowthrough	Thymus	nan	21	23
L15-MAA000439-3_10_M-1-1			3	L15.MAA000439.3_10_M.1.1-1-1	3_10_M	GAT	False	1	False	L15.MAA000439.3_10_M.1.1-1-1-1	one_assay_suffix	3m	1	nan	CD8-positive, alpha-beta T cell	CL:0000084	nan	facs	3_10_M	802031.0	2654.0	male	Fat	GAT	nan	6	5
L15-MAA000441-3_10_M-1-1			3	L15.MAA000441.3_10_M.1.1-1-1	3_10_M	BAT	False	1	False	L15.MAA000441.3_10_M.1.1-1-1-1	one_assay_suffix	3m	1	nan	T cell	CL:0000084	nan	facs	3_10_M	340994.0	2703.0	male	Fat	BAT	nan	4	5
L15-MAA000609-3_8_M-1-1			3	L15.MAA000609.3_8_M.1.1-1-1	3_8_M	Thymus	False	1	False	L15.MAA000609.3_8_M.1.1-1-1-1	one_assay_suffix	3m	1	nan	thymocyte	CL:0002420	DN to DP transition (most are Cd8+/ Cd4+, some undergoing VDJ recombination)	facs	3_8_M	67588.0	1325.0	male	nan	Thymus	nan	21	23
L15-MAA000641-3_9_M-1-1			3	L15.MAA000641.3_9_M.1.1-1-1	3_9_M	Brain_Non-Myeloid	False	1	False	L15.MAA000641.3_9_M.1.1-1-1-1	one_assay_suffix	3m	1	nan	T cell	CL:0000128	nan	facs	3_9_M	440153.0	1148.0	male	Cerebellum	Brain_Non-Myeloid	nan	6	5
L15-MAA000779-3_11_M-1-1			3	L15.MAA000779.3_11_M.1.1-1-1	3_11_M	Spleen	False	1	False	L15.MAA000779.3_11_M.1.1-1-1-1	one_assay_suffix	3m	1	nan	CD4-positive, alpha-beta T cell	CL:0000084	Cd3e T cell	facs	3_11_M	374162.0	1329.0	male	nan	Spleen	nan	6	5
L15-MAA000880-3_11_M-1-1			3	L15.MAA000880.3_11_M.1.1-1-1	3_11_M	Thymus	False	1	False	L15.MAA000880.3_11_M.1.1-1-1-1	one_assay_suffix	3m	1	nan	thymocyte	CL:0002420	DN to DP transition (most are Cd8+/ Cd4+, some undergoing VDJ recombination)	facs	3_11_M	584982.0	2205.0	male	nan	Thymus	nan	21	23
L16-B000827-3_38_F-1-1			3	L16.B000827.3_38_F.1.1-1-1	3_38_F	Thymus	False	1	False	L16.B000827.3_38_F.1.1-1-1-1	one_assay_suffix	3m	1	nan	DN4 thymocyte	CL:0002420	DN4 thymocyte	facs	3_38_F	781930.0	2034.0	female	Flowthrough	Thymus	nan	6	5
L16-B003291-3_39_F-1-1			3	L16.B003291.3_39_F.1.1-1-1	3_39_F	Thymus	False	1	False	L16.B003291.3_39_F.1.1-1-1-1	one_assay_suffix	3m	1	nan	thymocyte	CL:0002420	DN to DP transition (most are Cd8+/ Cd4+, some undergoing VDJ recombination)	facs	3_39_F	1819164.0	2553.0	female	Flowthrough	Thymus	nan	21	23
L16-MAA000779-3_11_M-1-1			3	L16.MAA000779.3_11_M.1.1-1-1	3_11_M	Spleen	False	1	False	L16.MAA000779.3_11_M.1.1-1-1-1	one_assay_suffix	3m	1	nan	CD4-positive, alpha-beta T cell	CL:0000084	Cd3e T cell	facs	3_11_M	528027.0	1696.0	male	nan	Spleen	nan	4	21
L16-MAA000880-3_11_M-1-1			3	L16.MAA000880.3_11_M.1.1-1-1	3_11_M	Thymus	False	1	False	L16.MAA000880.3_11_M.1.1-1-1-1	one_assay_suffix	3m	1	nan	DN4 thymocyte	CL:0002420	DN4 thymocyte	facs	3_11_M	931519.0	1710.0	male	nan	Thymus	nan	6	5
L17-B000827-3_38_F-1-1			3	L17.B000827.3_38_F.1.1-1-1	3_38_F	Thymus	False	1	False	L17.B000827.3_38_F.1.1-1-1-1	one_assay_suffix	3m	1	nan	DN4 thymocyte	CL:0002420	DN4 thymocyte	facs	3_38_F	639026.0	2111.0	female	Flowthrough	Thymus	nan	6	5
L17-B003291-3_39_F-1-1			3	L17.B003291.3_39_F.1.1-1-1	3_39_F	Thymus	False	1	False	L17.B003291.3_39_F.1.1-1-1-1	one_assay_suffix	3m	1	nan	thymocyte	CL:0002420	DN to DP transition (most are Cd8+/ Cd4+, some undergoing VDJ recombination)	facs	3_39_F	1083459.0	1419.0	female	Flowthrough	Thymus	nan	21	23
L17-MAA000607-3_9_M-1-1			3	L17.MAA000607.3_9_M.1.1-1-1	3_9_M	Thymus	False	1	False	L17.MAA000607.3_9_M.1.1-1-1-1	one_assay_suffix	3m	1	nan	thymocyte	CL:0002420	DN to DP transition (most are Cd8+/ Cd4+, some undergoing VDJ recombination)	facs	3_9_M	381169.0	1597.0	male	nan	Thymus	nan	21	23
L17-MAA000880-3_11_M-1-1	2.0	3.0	3	L17.MAA000880.3_11_M.1.1-1-1	3_11_M	Thymus	True	3	True	L17.MAA000880.3_11_M.1.1-1-1-1	one_assay_suffix	3m	1	nan	thymocyte	CL:0002420	proliferating thymocyte; DN to DP transition, dividing (some are Cd8+/ Cd4+, some undergoing VDJ recombination)	facs	3_11_M	1013160.0	3383.0	male	nan	Thymus	nan	21	23
L18-B000827-3_38_F-1-1			3	L18.B000827.3_38_F.1.1-1-1	3_38_F	Thymus	False	1	False	L18.B000827.3_38_F.1.1-1-1-1	one_assay_suffix	3m	1	nan	DN4 thymocyte	CL:0002420	DN4 thymocyte	facs	3_38_F	389563.0	1633.0	female	Flowthrough	Thymus	nan	6	5
L18-B001750-3_38_F-1-1			3	L18.B001750.3_38_F.1.1-1-1	3_38_F	Spleen	False	1	False	L18.B001750.3_38_F.1.1-1-1-1	one_assay_suffix	3m	1	nan	CD8-positive, alpha-beta T cell	CL:0000084	Cd3e T cell	facs	3_38_F	1694168.0	2005.0	female	nan	Spleen	nan	6	5
L18-B003291-3_39_F-1-1			3	L18.B003291.3_39_F.1.1-1-1	3_39_F	Thymus	False	1	False	L18.B003291.3_39_F.1.1-1-1-1	one_assay_suffix	3m	1	nan	thymocyte	CL:0002420	DN to DP transition (most are Cd8+/ Cd4+, some undergoing VDJ recombination)	facs	3_39_F	1234277.0	1179.0	female	Flowthrough	Thymus	nan	21	23
L18-MAA000508-3_9_M-1-1			3	L18.MAA000508.3_9_M.1.1-1-1	3_9_M	Spleen	False	1	False	L18.MAA000508.3_9_M.1.1-1-1-1	one_assay_suffix	3m	1	nan	CD4-positive, alpha-beta T cell	CL:0000084	nan	facs	3_9_M	295955.0	2123.0	male	nan	Spleen	nan	4	21
L18-MAA000607-3_9_M-1-1			3	L18.MAA000607.3_9_M.1.1-1-1	3_9_M	Thymus	False	1	False	L18.MAA000607.3_9_M.1.1-1-1-1	one_assay_suffix	3m	1	nan	thymocyte	CL:0002420	proliferating thymocyte; DN to DP transition, dividing (some are Cd8+/ Cd4+, some undergoing VDJ recombination)	facs	3_9_M	2487452.0	6420.0	male	nan	Thymus	nan	21	23
L18-MAA000609-3_8_M-1-1			3	L18.MAA000609.3_8_M.1.1-1-1	3_8_M	Thymus	False	1	False	L18.MAA000609.3_8_M.1.1-1-1-1	one_assay_suffix	3m	1	nan	thymocyte	CL:0002420	DN to DP transition (most are Cd8+/ Cd4+, some undergoing VDJ recombination)	facs	3_8_M	95560.0	1333.0	male	nan	Thymus	nan	21	23
L18-MAA000880-3_11_M-1-1	2.0	3.0	3	L18.MAA000880.3_11_M.1.1-1-1	3_11_M	Thymus	True	3	True	L18.MAA000880.3_11_M.1.1-1-1-1	one_assay_suffix	3m	1	nan	thymocyte	CL:0002420	proliferating thymocyte; DN to DP transition, dividing (some are Cd8+/ Cd4+, some undergoing VDJ recombination)	facs	3_11_M	1375835.0	4718.0	male	nan	Thymus	nan	21	23
L18-MAA001888-3_39_F-1-1			3	L18.MAA001888.3_39_F.1.1-1-1	3_39_F	Marrow	False	1	False	L18.MAA001888.3_39_F.1.1-1-1-1	one_assay_suffix	3m	1	nan	NK cell	CL:0000914	NK cell	facs	3_39_F	302298.0	3172.0	female	T-cells	Marrow	nan	4	9
L19-B000827-3_38_F-1-1	29.0	2.0	3	L19.B000827.3_38_F.1.1-1-1	3_38_F	Thymus	True	2	True	L19.B000827.3_38_F.1.1-1-1-1	one_assay_suffix	3m	1	nan	DN4 thymocyte	CL:0002420	DN4 thymocyte	facs	3_38_F	1012686.0	2432.0	female	Flowthrough	Thymus	nan	6	5
L19-B003291-3_39_F-1-1			3	L19.B003291.3_39_F.1.1-1-1	3_39_F	Thymus	False	1	False	L19.B003291.3_39_F.1.1-1-1-1	one_assay_suffix	3m	1	nan	thymocyte	CL:0002420	DN to DP transition (most are Cd8+/ Cd4+, some undergoing VDJ recombination)	facs	3_39_F	1675560.0	1162.0	female	Flowthrough	Thymus	nan	21	23
L19-MAA000607-3_9_M-1-1			3	L19.MAA000607.3_9_M.1.1-1-1	3_9_M	Thymus	False	1	False	L19.MAA000607.3_9_M.1.1-1-1-1	one_assay_suffix	3m	1	nan	thymocyte	CL:0002420	proliferating thymocyte; DN to DP transition, dividing (some are Cd8+/ Cd4+, some undergoing VDJ recombination)	facs	3_9_M	1249042.0	4014.0	male	nan	Thymus	nan	21	23
L19-MAA000609-3_8_M-1-1			3	L19.MAA000609.3_8_M.1.1-1-1	3_8_M	Thymus	False	1	False	L19.MAA000609.3_8_M.1.1-1-1-1	one_assay_suffix	3m	1	nan	thymocyte	CL:0002420	DN to DP transition (most are Cd8+/ Cd4+, some undergoing VDJ recombination)	facs	3_8_M	102004.0	1230.0	male	nan	Thymus	nan	6	23
L19-MAA000844-3_10_M-1-1			3	L19.MAA000844.3_10_M.1.1-1-1	3_10_M	Marrow	False	1	False	L19.MAA000844.3_10_M.1.1-1-1-1	one_assay_suffix	3m	1	nan	mature alpha-beta T cell	CL:0000236	BM CD8 + CD4 T cell	facs	3_10_M	1015653.0	3780.0	male	T-cells	Marrow	nan	4	9
L19-MAA000880-3_11_M-1-1	22.0	2.0	3	L19.MAA000880.3_11_M.1.1-1-1	3_11_M	Thymus	True	2	True	L19.MAA000880.3_11_M.1.1-1-1-1	one_assay_suffix	3m	1	nan	DN4 thymocyte	CL:0002420	DN4 thymocyte	facs	3_11_M	557060.0	2510.0	male	nan	Thymus	nan	6	23
L2-B000827-3_38_F-1-1			3	L2.B000827.3_38_F.1.1-1-1	3_38_F	Thymus	False	1	False	L2.B000827.3_38_F.1.1-1-1-1	one_assay_suffix	3m	1	nan	DN4 thymocyte	CL:0002420	DN4 thymocyte	facs	3_38_F	498286.0	2050.0	female	Flowthrough	Thymus	nan	6	5
L2-B001750-3_38_F-1-1			3	L2.B001750.3_38_F.1.1-1-1	3_38_F	Spleen	False	1	False	L2.B001750.3_38_F.1.1-1-1-1	one_assay_suffix	3m	1	nan	CD8-positive, alpha-beta T cell	CL:0000084	Cd3e T cell	facs	3_38_F	312408.0	2062.0	female	nan	Spleen	nan	6	5
L2-B003291-3_39_F-1-1			3	L2.B003291.3_39_F.1.1-1-1	3_39_F	Thymus	False	1	False	L2.B003291.3_39_F.1.1-1-1-1	one_assay_suffix	3m	1	nan	thymocyte	CL:0002420	DN to DP transition (most are Cd8+/ Cd4+, some undergoing VDJ recombination)	facs	3_39_F	364868.0	1293.0	female	Flowthrough	Thymus	nan	21	23
L2-MAA000508-3_9_M-1-1			3	L2.MAA000508.3_9_M.1.1-1-1	3_9_M	Spleen	False	1	False	L2.MAA000508.3_9_M.1.1-1-1-1	one_assay_suffix	3m	1	nan	CD4-positive, alpha-beta T cell	CL:0000084	Cd3e T cell	facs	3_9_M	321334.0	1949.0	male	nan	Spleen	nan	6	5
L2-MAA000607-3_9_M-1-1			3	L2.MAA000607.3_9_M.1.1-1-1	3_9_M	Thymus	False	1	False	L2.MAA000607.3_9_M.1.1-1-1-1	one_assay_suffix	3m	1	nan	thymocyte	CL:0002420	DN to DP transition (most are Cd8+/ Cd4+, some undergoing VDJ recombination)	facs	3_9_M	158279.0	1596.0	male	nan	Thymus	nan	21	23
L2-MAA000844-3_10_M-1-1			3	L2.MAA000844.3_10_M.1.1-1-1	3_10_M	Marrow	False	1	False	L2.MAA000844.3_10_M.1.1-1-1-1	one_assay_suffix	3m	1	nan	mature alpha-beta T cell	CL:0002420	BM CD8 + CD4 T cell	facs	3_10_M	566800.0	2195.0	male	T-cells	Marrow	nan	4	9
L20-B000827-3_38_F-1-1			3	L20.B000827.3_38_F.1.1-1-1	3_38_F	Thymus	False	1	False	L20.B000827.3_38_F.1.1-1-1-1	one_assay_suffix	3m	1	nan	DN4 thymocyte	CL:0002420	DN4 thymocyte	facs	3_38_F	942874.0	2011.0	female	Flowthrough	Thymus	nan	6	5
L20-MAA000508-3_9_M-1-1			3	L20.MAA000508.3_9_M.1.1-1-1	3_9_M	Spleen	False	1	False	L20.MAA000508.3_9_M.1.1-1-1-1	one_assay_suffix	3m	1	nan	CD4-positive, alpha-beta T cell	CL:0000084	Cd3e T cell	facs	3_9_M	371981.0	2480.0	male	nan	Spleen	nan	4	21
L20-MAA000607-3_9_M-1-1			3	L20.MAA000607.3_9_M.1.1-1-1	3_9_M	Thymus	False	1	False	L20.MAA000607.3_9_M.1.1-1-1-1	one_assay_suffix	3m	1	nan	DN4 thymocyte	CL:0002420	DN4 thymocyte	facs	3_9_M	538695.0	2231.0	male	nan	Thymus	nan	6	5
L20-MAA000609-3_8_M-1-1			3	L20.MAA000609.3_8_M.1.1-1-1	3_8_M	Thymus	False	1	False	L20.MAA000609.3_8_M.1.1-1-1-1	one_assay_suffix	3m	1	nan	thymocyte	CL:0002420	DN to DP transition (most are Cd8+/ Cd4+, some undergoing VDJ recombination)	facs	3_8_M	103528.0	1337.0	male	nan	Thymus	nan	21	23
L20-MAA000880-3_11_M-1-1			3	L20.MAA000880.3_11_M.1.1-1-1	3_11_M	Thymus	False	1	False	L20.MAA000880.3_11_M.1.1-1-1-1	one_assay_suffix	3m	1	nan	thymocyte	CL:0002420	DN to DP transition (most are Cd8+/ Cd4+, some undergoing VDJ recombination)	facs	3_11_M	394316.0	1240.0	male	nan	Thymus	nan	21	23
L21-B000827-3_38_F-1-1			3	L21.B000827.3_38_F.1.1-1-1	3_38_F	Thymus	False	1	False	L21.B000827.3_38_F.1.1-1-1-1	one_assay_suffix	3m	1	nan	DN4 thymocyte	CL:0002420	DN4 thymocyte	facs	3_38_F	3161337.0	3502.0	female	Flowthrough	Thymus	nan	4	21
L21-B003291-3_39_F-1-1			3	L21.B003291.3_39_F.1.1-1-1	3_39_F	Thymus	False	1	False	L21.B003291.3_39_F.1.1-1-1-1	one_assay_suffix	3m	1	nan	thymocyte	CL:0002420	proliferating thymocyte; DN to DP transition, dividing (some are Cd8+/ Cd4+, some undergoing VDJ recombination)	facs	3_39_F	2232145.0	2447.0	female	Flowthrough	Thymus	nan	21	23
L21-MAA000530-3_8_M-1-1			3	L21.MAA000530.3_8_M.1.1-1-1	3_8_M	Lung	False	1	False	L21.MAA000530.3_8_M.1.1-1-1-1	one_assay_suffix	3m	1	nan	CD4-positive, alpha-beta T cell	CL:0000084	CD4+ T	facs	3_8_M	579842.0	1826.0	male	nan	Lung	nan	6	5
L21-MAA000577-3_8_M-1-1			3	L21.MAA000577.3_8_M.1.1-1-1	3_8_M	Pancreas	False	1	False	L21.MAA000577.3_8_M.1.1-1-1-1	one_assay_suffix	3m	1	nan	leukocyte	CL:0000738	nan	facs	3_8_M	2325003.0	2311.0	male	Endocrine	Pancreas	nan	4	9
L21-MAA000609-3_8_M-1-1			3	L21.MAA000609.3_8_M.1.1-1-1	3_8_M	Thymus	False	1	False	L21.MAA000609.3_8_M.1.1-1-1-1	one_assay_suffix	3m	1	nan	thymocyte	CL:0002420	DN to DP transition (most are Cd8+/ Cd4+, some undergoing VDJ recombination)	facs	3_8_M	280306.0	2184.0	male	nan	Thymus	nan	6	23
L21-MAA000801-3_11_M-1-1			3	L21.MAA000801.3_11_M.1.1-1-1	3_11_M	Kidney	False	1	False	L21.MAA000801.3_11_M.1.1-1-1-1	one_assay_suffix	3m	1	nan	T cell	CL:0000738	T cell	facs	3_11_M	617126.0	1868.0	male	nan	Kidney	nan	4	21
L21-MAA001892-3_38_F-1-1			3	L21.MAA001892.3_38_F.1.1-1-1	3_38_F	Lung	False	1	False	L21.MAA001892.3_38_F.1.1-1-1-1	one_assay_suffix	3m	1	nan	CD4-positive, alpha-beta T cell	CL:0000084	CD4+ T	facs	3_38_F	228362.0	1502.0	female	Endomucin	Lung	nan	6	5
L22-B000827-3_38_F-1-1			3	L22.B000827.3_38_F.1.1-1-1	3_38_F	Thymus	False	1	False	L22.B000827.3_38_F.1.1-1-1-1	one_assay_suffix	3m	1	nan	DN4 thymocyte	CL:0002420	DN4 thymocyte	facs	3_38_F	619917.0	2202.0	female	Flowthrough	Thymus	nan	6	5
L22-B003291-3_39_F-1-1			3	L22.B003291.3_39_F.1.1-1-1	3_39_F	Thymus	False	1	False	L22.B003291.3_39_F.1.1-1-1-1	one_assay_suffix	3m	1	nan	thymocyte	CL:0002420	DN to DP transition (most are Cd8+/ Cd4+, some undergoing VDJ recombination)	facs	3_39_F	1226210.0	970.0	female	Flowthrough	Thymus	nan	21	23
L22-MAA000607-3_9_M-1-1			3	L22.MAA000607.3_9_M.1.1-1-1	3_9_M	Thymus	False	1	False	L22.MAA000607.3_9_M.1.1-1-1-1	one_assay_suffix	3m	1	nan	DN4 thymocyte	CL:0002420	DN4 thymocyte	facs	3_9_M	320060.0	2161.0	male	nan	Thymus	nan	6	5
L22-MAA000880-3_11_M-1-1			3	L22.MAA000880.3_11_M.1.1-1-1	3_11_M	Thymus	False	1	False	L22.MAA000880.3_11_M.1.1-1-1-1	one_assay_suffix	3m	1	nan	DN4 thymocyte	CL:0002420	DN4 thymocyte	facs	3_11_M	317863.0	986.0	male	nan	Thymus	nan	6	5
L22-MAA001847-3_39_F-1-1			3	L22.MAA001847.3_39_F.1.1-1-1	3_39_F	Lung	False	1	False	L22.MAA001847.3_39_F.1.1-1-1-1	one_assay_suffix	3m	1	nan	CD4-positive, alpha-beta T cell	CL:0000084	CD4+ T	facs	3_39_F	114868.0	1462.0	female	EPCAM	Lung	nan	4	5
L3-B000827-3_38_F-1-1			3	L3.B000827.3_38_F.1.1-1-1	3_38_F	Thymus	False	1	False	L3.B000827.3_38_F.1.1-1-1-1	one_assay_suffix	3m	1	nan	DN4 thymocyte	CL:0000894	DN4 thymocyte	facs	3_38_F	631622.0	2088.0	female	Flowthrough	Thymus	nan	4	9
L3-B000971-3_39_F-1-1			3	L3.B000971.3_39_F.1.1-1-1	3_39_F	Spleen	False	1	False	L3.B000971.3_39_F.1.1-1-1-1	one_assay_suffix	3m	1	nan	CD4-positive, alpha-beta T cell	CL:0000084	Cd3e T cell	facs	3_39_F	759441.0	1899.0	female	nan	Spleen	nan	6	5
L3-B003291-3_39_F-1-1			3	L3.B003291.3_39_F.1.1-1-1	3_39_F	Thymus	False	1	False	L3.B003291.3_39_F.1.1-1-1-1	one_assay_suffix	3m	1	nan	thymocyte	CL:0002420	DN to DP transition (most are Cd8+/ Cd4+, some undergoing VDJ recombination)	facs	3_39_F	238959.0	1694.0	female	Flowthrough	Thymus	nan	21	23
L3-MAA000884-3_10_M-1-1			3	L3.MAA000884.3_10_M.1.1-1-1	3_10_M	Pancreas	False	1	False	L3.MAA000884.3_10_M.1.1-1-1-1	one_assay_suffix	3m	1	nan	pancreatic B cell	CL:0000169	nan	facs	3_10_M	654132.0	6200.0	male	Endocrine	Pancreas	nan	14	16
L3-MAA001865-3_38_F-1-1			3	L3.MAA001865.3_38_F.1.1-1-1	3_38_F	Trachea	False	1	False	L3.MAA001865.3_38_F.1.1-1-1-1	one_assay_suffix	3m	1	nan	T cell	CL:0000081	nan	facs	3_38_F	172262.0	2247.0	female	nan	Trachea	nan	21	23
L4-B000827-3_38_F-1-1			3	L4.B000827.3_38_F.1.1-1-1	3_38_F	Thymus	False	1	False	L4.B000827.3_38_F.1.1-1-1-1	one_assay_suffix	3m	1	nan	DN4 thymocyte	CL:0002420	DN4 thymocyte	facs	3_38_F	352583.0	1836.0	female	Flowthrough	Thymus	nan	6	5
L4-B003285-3_38_F-1-1			3	L4.B003285.3_38_F.1.1-1-1	3_38_F	Thymus	False	1	False	L4.B003285.3_38_F.1.1-1-1-1	one_assay_suffix	3m	1	nan	thymocyte	CL:0002420	DN to DP transition (most are Cd8+/ Cd4+, some undergoing VDJ recombination)	facs	3_38_F	444432.0	1433.0	female	Epithelium	Thymus	nan	21	23
L4-B003291-3_39_F-1-1			3	L4.B003291.3_39_F.1.1-1-1	3_39_F	Thymus	False	1	False	L4.B003291.3_39_F.1.1-1-1-1	one_assay_suffix	3m	1	nan	thymocyte	CL:0002420	DN to DP transition (most are Cd8+/ Cd4+, some undergoing VDJ recombination)	facs	3_39_F	959725.0	1464.0	female	Flowthrough	Thymus	nan	21	23
L4-MAA000607-3_9_M-1-1			3	L4.MAA000607.3_9_M.1.1-1-1	3_9_M	Thymus	False	1	False	L4.MAA000607.3_9_M.1.1-1-1-1	one_assay_suffix	3m	1	nan	thymocyte	CL:0002420	DN to DP transition (most are Cd8+/ Cd4+, some undergoing VDJ recombination)	facs	3_9_M	275941.0	1418.0	male	nan	Thymus	nan	21	23
L4-MAA001865-3_38_F-1-1			3	L4.MAA001865.3_38_F.1.1-1-1	3_38_F	Trachea	False	1	False	L4.MAA001865.3_38_F.1.1-1-1-1	one_assay_suffix	3m	1	nan	T cell	CL:0000081	nan	facs	3_38_F	536220.0	4039.0	female	nan	Trachea	nan	21	23
L5-B000827-3_38_F-1-1			3	L5.B000827.3_38_F.1.1-1-1	3_38_F	Thymus	False	1	False	L5.B000827.3_38_F.1.1-1-1-1	one_assay_suffix	3m	1	nan	DN4 thymocyte	CL:0002420	DN4 thymocyte	facs	3_38_F	298202.0	1643.0	female	Flowthrough	Thymus	nan	6	5
L5-B002762-3_39_F-1-1			3	L5.B002762.3_39_F.1.1-1-1	3_39_F	Diaphragm	False	1	False	L5.B002762.3_39_F.1.1-1-1-1	one_assay_suffix	3m	1	nan	mesenchymal stem cell	CL:0000134	nan	facs	3_39_F	224959.0	3555.0	female	Limb_Muscle	Diaphragm	nan	1	1
L5-B003291-3_39_F-1-1			3	L5.B003291.3_39_F.1.1-1-1	3_39_F	Thymus	False	1	False	L5.B003291.3_39_F.1.1-1-1-1	one_assay_suffix	3m	1	nan	thymocyte	CL:0002420	DN to DP transition (most are Cd8+/ Cd4+, some undergoing VDJ recombination)	facs	3_39_F	848881.0	1867.0	female	Flowthrough	Thymus	nan	21	23
L5-MAA000508-3_9_M-1-1			3	L5.MAA000508.3_9_M.1.1-1-1	3_9_M	Spleen	False	1	False	L5.MAA000508.3_9_M.1.1-1-1-1	one_assay_suffix	3m	1	nan	CD8-positive, alpha-beta T cell	CL:0000084	Cd3e T cell	facs	3_9_M	383749.0	2441.0	male	nan	Spleen	nan	6	5
L5-MAA000607-3_9_M-1-1			3	L5.MAA000607.3_9_M.1.1-1-1	3_9_M	Thymus	False	1	False	L5.MAA000607.3_9_M.1.1-1-1-1	one_assay_suffix	3m	1	nan	thymocyte	CL:0002420	DN to DP transition (most are Cd8+/ Cd4+, some undergoing VDJ recombination)	facs	3_9_M	280608.0	1623.0	male	nan	Thymus	nan	21	23
L6-B000827-3_38_F-1-1	17.0	2.0	3	L6.B000827.3_38_F.1.1-1-1	3_38_F	Thymus	True	1	False	L6.B000827.3_38_F.1.1-1-1-1	one_assay_suffix	3m	1	nan	DN4 thymocyte	CL:0002420	DN4 thymocyte	facs	3_38_F	514051.0	2018.0	female	Flowthrough	Thymus	nan	6	5
L6-B001750-3_38_F-1-1			3	L6.B001750.3_38_F.1.1-1-1	3_38_F	Spleen	False	1	False	L6.B001750.3_38_F.1.1-1-1-1	one_assay_suffix	3m	1	nan	CD4-positive, alpha-beta T cell	CL:0000084	Cd3e T cell	facs	3_38_F	316106.0	1925.0	female	nan	Spleen	nan	4	5
L6-B003291-3_39_F-1-1			3	L6.B003291.3_39_F.1.1-1-1	3_39_F	Thymus	False	1	False	L6.B003291.3_39_F.1.1-1-1-1	one_assay_suffix	3m	1	nan	thymocyte	CL:0002420	DN to DP transition (most are Cd8+/ Cd4+, some undergoing VDJ recombination)	facs	3_39_F	1158400.0	2104.0	female	Flowthrough	Thymus	nan	21	23
L6-MAA000607-3_9_M-1-1			3	L6.MAA000607.3_9_M.1.1-1-1	3_9_M	Thymus	False	1	False	L6.MAA000607.3_9_M.1.1-1-1-1	one_assay_suffix	3m	1	nan	thymocyte	CL:0002420	DN to DP transition (most are Cd8+/ Cd4+, some undergoing VDJ recombination)	facs	3_9_M	404245.0	2202.0	male	nan	Thymus	nan	21	23
L6-MAA000880-3_11_M-1-1			3	L6.MAA000880.3_11_M.1.1-1-1	3_11_M	Thymus	False	1	False	L6.MAA000880.3_11_M.1.1-1-1-1	one_assay_suffix	3m	1	nan	DN4 thymocyte	CL:0002420	DN4 thymocyte	facs	3_11_M	1766587.0	2155.0	male	nan	Thymus	nan	6	5
L6-MAA001889-3_38_F-1-1			3	L6.MAA001889.3_38_F.1.1-1-1	3_38_F	Lung	False	1	False	L6.MAA001889.3_38_F.1.1-1-1-1	one_assay_suffix	3m	1	nan	CD4-positive, alpha-beta T cell	CL:0000084	CD4+ T	facs	3_38_F	941287.0	1677.0	female	EPCAM	Lung	nan	6	5
L7-B000827-3_38_F-1-1			3	L7.B000827.3_38_F.1.1-1-1	3_38_F	Thymus	False	1	False	L7.B000827.3_38_F.1.1-1-1-1	one_assay_suffix	3m	1	nan	DN4 thymocyte	CL:0002420	DN4 thymocyte	facs	3_38_F	866067.0	2314.0	female	Flowthrough	Thymus	nan	6	5
L7-B001750-3_38_F-1-1			3	L7.B001750.3_38_F.1.1-1-1	3_38_F	Spleen	False	1	False	L7.B001750.3_38_F.1.1-1-1-1	one_assay_suffix	3m	1	nan	CD8-positive, alpha-beta T cell	CL:0000084	nan	facs	3_38_F	1046028.0	3180.0	female	nan	Spleen	nan	4	9
L7-B003291-3_39_F-1-1			3	L7.B003291.3_39_F.1.1-1-1	3_39_F	Thymus	False	1	False	L7.B003291.3_39_F.1.1-1-1-1	one_assay_suffix	3m	1	nan	thymocyte	CL:0002420	DN to DP transition (most are Cd8+/ Cd4+, some undergoing VDJ recombination)	facs	3_39_F	993229.0	1467.0	female	Flowthrough	Thymus	nan	21	23
L7-MAA000607-3_9_M-1-1			3	L7.MAA000607.3_9_M.1.1-1-1	3_9_M	Thymus	False	1	False	L7.MAA000607.3_9_M.1.1-1-1-1	one_assay_suffix	3m	1	nan	DN4 thymocyte	CL:0002420	DN4 thymocyte	facs	3_9_M	287474.0	1597.0	male	nan	Thymus	nan	6	23
L7-MAA000609-3_8_M-1-1			3	L7.MAA000609.3_8_M.1.1-1-1	3_8_M	Thymus	False	1	False	L7.MAA000609.3_8_M.1.1-1-1-1	one_assay_suffix	3m	1	nan	thymocyte	CL:0002420	proliferating thymocyte; DN to DP transition, dividing (some are Cd8+/ Cd4+, some undergoing VDJ recombination)	facs	3_8_M	1072265.0	3007.0	male	nan	Thymus	nan	21	23
L8-B000827-3_38_F-1-1			3	L8.B000827.3_38_F.1.1-1-1	3_38_F	Thymus	False	1	False	L8.B000827.3_38_F.1.1-1-1-1	one_assay_suffix	3m	1	nan	DN4 thymocyte	CL:0002420	DN4 thymocyte	facs	3_38_F	660975.0	2124.0	female	Flowthrough	Thymus	nan	6	5
L8-B001750-3_38_F-1-1			3	L8.B001750.3_38_F.1.1-1-1	3_38_F	Spleen	False	1	False	L8.B001750.3_38_F.1.1-1-1-1	one_assay_suffix	3m	1	nan	CD8-positive, alpha-beta T cell	CL:0000084	nan	facs	3_38_F	1108255.0	2496.0	female	nan	Spleen	nan	4	9
L8-B003285-3_38_F-1-1			3	L8.B003285.3_38_F.1.1-1-1	3_38_F	Thymus	False	1	False	L8.B003285.3_38_F.1.1-1-1-1	one_assay_suffix	3m	1	nan	thymocyte	CL:0002420	DN to DP transition (most are Cd8+/ Cd4+, some undergoing VDJ recombination)	facs	3_38_F	782057.0	1798.0	female	Epithelium	Thymus	nan	21	23
L8-B003291-3_39_F-1-1			3	L8.B003291.3_39_F.1.1-1-1	3_39_F	Thymus	False	1	False	L8.B003291.3_39_F.1.1-1-1-1	one_assay_suffix	3m	1	nan	thymocyte	CL:0002420	DN to DP transition (most are Cd8+/ Cd4+, some undergoing VDJ recombination)	facs	3_39_F	974732.0	1753.0	female	Flowthrough	Thymus	nan	6	23
L8-MAA000556-3_9_M-1-1			3	L8.MAA000556.3_9_M.1.1-1-1	3_9_M	BAT	False	1	False	L8.MAA000556.3_9_M.1.1-1-1-1	one_assay_suffix	3m	1	nan	T cell	CL:0000084	nan	facs	3_9_M	368800.0	1766.0	male	Fat	BAT	nan	6	5
L8-MAA000607-3_9_M-1-1			3	L8.MAA000607.3_9_M.1.1-1-1	3_9_M	Thymus	False	1	False	L8.MAA000607.3_9_M.1.1-1-1-1	one_assay_suffix	3m	1	nan	thymocyte	CL:0002420	proliferating thymocyte; DN to DP transition, dividing (some are Cd8+/ Cd4+, some undergoing VDJ recombination)	facs	3_9_M	1290417.0	3753.0	male	nan	Thymus	nan	21	23
L8-MAA000609-3_8_M-1-1			3	L8.MAA000609.3_8_M.1.1-1-1	3_8_M	Thymus	False	1	False	L8.MAA000609.3_8_M.1.1-1-1-1	one_assay_suffix	3m	1	nan	thymocyte	CL:0002420	DN to DP transition (most are Cd8+/ Cd4+, some undergoing VDJ recombination)	facs	3_8_M	289398.0	1443.0	male	nan	Thymus	nan	21	23
L8-MAA000880-3_11_M-1-1			3	L8.MAA000880.3_11_M.1.1-1-1	3_11_M	Thymus	False	1	False	L8.MAA000880.3_11_M.1.1-1-1-1	one_assay_suffix	3m	1	nan	DN4 thymocyte	CL:0002420	DN4 thymocyte	facs	3_11_M	640670.0	1226.0	male	nan	Thymus	nan	6	5
L9-B000127-3_38_F-1-1			3	L9.B000127.3_38_F.1.1-1-1	3_38_F	SCAT	False	1	False	L9.B000127.3_38_F.1.1-1-1-1	one_assay_suffix	3m	1	nan	T cell	CL:0000084	nan	facs	3_38_F	539686.0	1161.0	female	Fat	SCAT	nan	6	5
L9-B000827-3_38_F-1-1			3	L9.B000827.3_38_F.1.1-1-1	3_38_F	Thymus	False	1	False	L9.B000827.3_38_F.1.1-1-1-1	one_assay_suffix	3m	1	nan	DN4 thymocyte	CL:0002420	DN4 thymocyte	facs	3_38_F	405444.0	1947.0	female	Flowthrough	Thymus	nan	6	5
L9-B000971-3_39_F-1-1			3	L9.B000971.3_39_F.1.1-1-1	3_39_F	Spleen	False	1	False	L9.B000971.3_39_F.1.1-1-1-1	one_assay_suffix	3m	1	nan	CD4-positive, alpha-beta T cell	CL:0000084	Cd3e T cell	facs	3_39_F	516802.0	1678.0	female	nan	Spleen	nan	6	5
L9-D043526-3_39_F-1-1			3	L9.D043526.3_39_F.1.1-1-1	3_39_F	SCAT	False	1	False	L9.D043526.3_39_F.1.1-1-1-1	one_assay_suffix	3m	1	nan	T cell	CL:0000084	nan	facs	3_39_F	485392.0	1920.0	female	Fat	SCAT	nan	6	5
L9-MAA000442-3_11_M-1-1			3	L9.MAA000442.3_11_M.1.1-1-1	3_11_M	BAT	False	1	False	L9.MAA000442.3_11_M.1.1-1-1-1	one_assay_suffix	3m	1	nan	T cell	CL:0000084	nan	facs	3_11_M	1010351.0	2559.0	male	Fat	BAT	nan	6	5
L9-MAA000607-3_9_M-1-1			3	L9.MAA000607.3_9_M.1.1-1-1	3_9_M	Thymus	False	1	False	L9.MAA000607.3_9_M.1.1-1-1-1	one_assay_suffix	3m	1	nan	thymocyte	CL:0002420	DN to DP transition (most are Cd8+/ Cd4+, some undergoing VDJ recombination)	facs	3_9_M	322486.0	1517.0	male	nan	Thymus	nan	21	23
L9-MAA000609-3_8_M-1-1			3	L9.MAA000609.3_8_M.1.1-1-1	3_8_M	Thymus	False	1	False	L9.MAA000609.3_8_M.1.1-1-1-1	one_assay_suffix	3m	1	nan	thymocyte	CL:0002420	DN to DP transition (most are Cd8+/ Cd4+, some undergoing VDJ recombination)	facs	3_8_M	190068.0	1313.0	male	nan	Thymus	nan	21	23
L9-MAA000877-3_11_M-1-1			3	L9.MAA000877.3_11_M.1.1-1-1	3_11_M	MAT	False	1	False	L9.MAA000877.3_11_M.1.1-1-1-1	one_assay_suffix	3m	1	nan	CD4-positive, alpha-beta T cell	CL:0000084	nan	facs	3_11_M	363046.0	1634.0	male	Fat	MAT	nan	6	5
L9-MAA000880-3_11_M-1-1			3	L9.MAA000880.3_11_M.1.1-1-1	3_11_M	Thymus	False	1	False	L9.MAA000880.3_11_M.1.1-1-1-1	one_assay_suffix	3m	1	nan	DN4 thymocyte	CL:0002420	DN4 thymocyte	facs	3_11_M	785575.0	1325.0	male	nan	Thymus	nan	6	5
L9-MAA001844-3_38_F-1-1			3	L9.MAA001844.3_38_F.1.1-1-1	3_38_F	Marrow	False	1	False	L9.MAA001844.3_38_F.1.1-1-1-1	one_assay_suffix	3m	1	nan	mature alpha-beta T cell	CL:0000815	BM CD8 + CD4 T cell	facs	3_38_F	956124.0	3236.0	female	KLS	Marrow	nan	16	9
M1-B000827-3_38_F-1-1			3	M1.B000827.3_38_F.1.1-1-1	3_38_F	Thymus	False	1	False	M1.B000827.3_38_F.1.1-1-1-1	one_assay_suffix	3m	1	nan	DN4 thymocyte	CL:0002420	DN4 thymocyte	facs	3_38_F	886131.0	2356.0	female	Flowthrough	Thymus	nan	6	5
M1-B000971-3_39_F-1-1			3	M1.B000971.3_39_F.1.1-1-1	3_39_F	Spleen	False	1	False	M1.B000971.3_39_F.1.1-1-1-1	one_assay_suffix	3m	1	nan	CD4-positive, alpha-beta T cell	CL:0000084	Cd3e T cell	facs	3_39_F	748142.0	1792.0	female	nan	Spleen	nan	6	5
M1-B003291-3_39_F-1-1			3	M1.B003291.3_39_F.1.1-1-1	3_39_F	Thymus	False	1	False	M1.B003291.3_39_F.1.1-1-1-1	one_assay_suffix	3m	1	nan	thymocyte	CL:0002420	DN to DP transition (most are Cd8+/ Cd4+, some undergoing VDJ recombination)	facs	3_39_F	717817.0	1279.0	female	Flowthrough	Thymus	nan	21	23
M1-MAA000607-3_9_M-1-1			3	M1.MAA000607.3_9_M.1.1-1-1	3_9_M	Thymus	False	1	False	M1.MAA000607.3_9_M.1.1-1-1-1	one_assay_suffix	3m	1	nan	thymocyte	CL:0002420	DN to DP transition (most are Cd8+/ Cd4+, some undergoing VDJ recombination)	facs	3_9_M	364548.0	1503.0	male	nan	Thymus	nan	21	23
M1-MAA000844-3_10_M-1-1			3	M1.MAA000844.3_10_M.1.1-1-1	3_10_M	Marrow	False	1	False	M1.MAA000844.3_10_M.1.1-1-1-1	one_assay_suffix	3m	1	nan	granulocyte monocyte progenitor cell	CL:0000557	granulocyte monocyte progenitor cell	facs	3_10_M	2114081.0	6739.0	male	T-cells	Marrow	nan	16	26
M1-MAA001847-3_39_F-1-1			3	M1.MAA001847.3_39_F.1.1-1-1	3_39_F	Lung	False	1	False	M1.MAA001847.3_39_F.1.1-1-1-1	one_assay_suffix	3m	1	nan	CD8-positive, alpha-beta T cell	CL:0000084	CD8+ T	facs	3_39_F	144863.0	2108.0	female	EPCAM	Lung	nan	4	9
M1-MAA001889-3_38_F-1-1	9.0	2.0	3	M1.MAA001889.3_38_F.1.1-1-1	3_38_F	Lung	True	2	True		unmatched																
M10-B000127-3_38_F-1-1			3	M10.B000127.3_38_F.1.1-1-1	3_38_F	SCAT	False	1	False	M10.B000127.3_38_F.1.1-1-1-1	one_assay_suffix	3m	1	nan	NK cell	CL:0000084	nan	facs	3_38_F	581893.0	1181.0	female	Fat	SCAT	nan	4	21
M10-B000827-3_38_F-1-1			3	M10.B000827.3_38_F.1.1-1-1	3_38_F	Thymus	False	1	False	M10.B000827.3_38_F.1.1-1-1-1	one_assay_suffix	3m	1	nan	DN4 thymocyte	CL:0002420	DN4 thymocyte	facs	3_38_F	1154862.0	3418.0	female	Flowthrough	Thymus	nan	6	5
M10-B003291-3_39_F-1-1			3	M10.B003291.3_39_F.1.1-1-1	3_39_F	Thymus	False	1	False	M10.B003291.3_39_F.1.1-1-1-1	one_assay_suffix	3m	1	nan	thymocyte	CL:0002420	DN to DP transition (most are Cd8+/ Cd4+, some undergoing VDJ recombination)	facs	3_39_F	1634528.0	2054.0	female	Flowthrough	Thymus	nan	21	23
M10-D043526-3_39_F-1-1			3	M10.D043526.3_39_F.1.1-1-1	3_39_F	SCAT	False	1	False	M10.D043526.3_39_F.1.1-1-1-1	one_assay_suffix	3m	1	nan	CD8-positive, alpha-beta T cell	CL:0000084	nan	facs	3_39_F	480042.0	2191.0	female	Fat	SCAT	nan	6	5
M10-D045064-3_38_F-1-1			3	M10.D045064.3_38_F.1.1-1-1	3_38_F	MAT	False	1	False	M10.D045064.3_38_F.1.1-1-1-1	one_assay_suffix	3m	1	nan	CD4-positive, alpha-beta T cell	CL:0000084	nan	facs	3_38_F	362750.0	1063.0	female	Fat	MAT	nan	6	5
M10-MAA000442-3_11_M-1-1			3	M10.MAA000442.3_11_M.1.1-1-1	3_11_M	BAT	False	1	False	M10.MAA000442.3_11_M.1.1-1-1-1	one_assay_suffix	3m	1	nan	T cell	CL:0000084	nan	facs	3_11_M	419963.0	1681.0	male	Fat	BAT	nan	6	5
M10-MAA000607-3_9_M-1-1			3	M10.MAA000607.3_9_M.1.1-1-1	3_9_M	Thymus	False	1	False	M10.MAA000607.3_9_M.1.1-1-1-1	one_assay_suffix	3m	1	nan	thymocyte	CL:0002420	proliferating thymocyte; DN to DP transition, dividing (some are Cd8+/ Cd4+, some undergoing VDJ recombination)	facs	3_9_M	1483060.0	4305.0	male	nan	Thymus	nan	21	23
M10-MAA000609-3_8_M-1-1			3	M10.MAA000609.3_8_M.1.1-1-1	3_8_M	Thymus	False	1	False	M10.MAA000609.3_8_M.1.1-1-1-1	one_assay_suffix	3m	1	nan	thymocyte	CL:0002420	DN to DP transition (most are Cd8+/ Cd4+, some undergoing VDJ recombination)	facs	3_8_M	323717.0	2359.0	male	nan	Thymus	nan	21	23
M10-MAA000880-3_11_M-1-1			3	M10.MAA000880.3_11_M.1.1-1-1	3_11_M	Thymus	False	1	False	M10.MAA000880.3_11_M.1.1-1-1-1	one_assay_suffix	3m	1	nan	thymocyte	CL:0002420	DN to DP transition (most are Cd8+/ Cd4+, some undergoing VDJ recombination)	facs	3_11_M	751763.0	1913.0	male	nan	Thymus	nan	21	23
M10-MAA000934-3_9_M-1-1			3	M10.MAA000934.3_9_M.1.1-1-1	3_9_M	SCAT	False	1	False	M10.MAA000934.3_9_M.1.1-1-1-1	one_assay_suffix	3m	1	nan	NK cell	CL:0000084	nan	facs	3_9_M	137356.0	1832.0	male	Fat	SCAT	nan	4	21
M10-MAA001888-3_39_F-1-1			3	M10.MAA001888.3_39_F.1.1-1-1	3_39_F	Marrow	False	1	False	M10.MAA001888.3_39_F.1.1-1-1-1	one_assay_suffix	3m	1	nan	NK cell	CL:0000914	NK cell	facs	3_39_F	240972.0	2507.0	female	T-cells	Marrow	nan	4	9
M10-MAA001889-3_38_F-1-1			3	M10.MAA001889.3_38_F.1.1-1-1	3_38_F	Lung	False	1	False	M10.MAA001889.3_38_F.1.1-1-1-1	one_assay_suffix	3m	1	nan	CD4-positive, alpha-beta T cell	CL:0000084	CD4+ T	facs	3_38_F	746173.0	1416.0	female	EPCAM	Lung	nan	4	21
M11-B000827-3_38_F-1-1			3	M11.B000827.3_38_F.1.1-1-1	3_38_F	Thymus	False	1	False	M11.B000827.3_38_F.1.1-1-1-1	one_assay_suffix	3m	1	nan	thymocyte	CL:0002420	proliferating thymocyte; DN to DP transition, dividing (some are Cd8+/ Cd4+, some undergoing VDJ recombination)	facs	3_38_F	889843.0	2785.0	female	Flowthrough	Thymus	nan	6	5
M11-B000971-3_39_F-1-1			3	M11.B000971.3_39_F.1.1-1-1	3_39_F	Spleen	False	1	False	M11.B000971.3_39_F.1.1-1-1-1	one_assay_suffix	3m	1	nan	CD8-positive, alpha-beta T cell	CL:0000084	nan	facs	3_39_F	682107.0	2237.0	female	nan	Spleen	nan	4	9
M11-B001750-3_38_F-1-1			3	M11.B001750.3_38_F.1.1-1-1	3_38_F	Spleen	False	1	False	M11.B001750.3_38_F.1.1-1-1-1	one_assay_suffix	3m	1	nan	CD8-positive, alpha-beta T cell	CL:0000084	Cd3e T cell	facs	3_38_F	214184.0	1369.0	female	nan	Spleen	nan	6	5
M11-B002314-3_56_F-1-1			3	M11.B002314.3_56_F.1.1-1-1	3_56_F	MAT	False	1	False	M11.B002314.3_56_F.1.1-1-1-1	one_assay_suffix	3m	1	nan	CD4-positive, alpha-beta T cell	CL:0000084	nan	facs	3_56_F	856804.0	1643.0	female	Fat	MAT	nan	6	5
M11-B002707-3_39_F-1-1			3	M11.B002707.3_39_F.1.1-1-1	3_39_F	BAT	False	1	False	M11.B002707.3_39_F.1.1-1-1-1	one_assay_suffix	3m	1	nan	T cell	CL:0000084	nan	facs	3_39_F	134908.0	1647.0	female	Fat	BAT	nan	4	9
M11-B003291-3_39_F-1-1			3	M11.B003291.3_39_F.1.1-1-1	3_39_F	Thymus	False	1	False	M11.B003291.3_39_F.1.1-1-1-1	one_assay_suffix	3m	1	nan	thymocyte	CL:0002420	DN to DP transition (most are Cd8+/ Cd4+, some undergoing VDJ recombination)	facs	3_39_F	988844.0	1781.0	female	Flowthrough	Thymus	nan	21	23
M11-MAA000385-3_10_M-1-1			3	M11.MAA000385.3_10_M.1.1-1-1	3_10_M	SCAT	False	1	False	M11.MAA000385.3_10_M.1.1-1-1-1	one_assay_suffix	3m	1	nan	T cell	CL:0000084	nan	facs	3_10_M	585931.0	3630.0	male	Fat	SCAT	nan	4	48
M11-MAA000607-3_9_M-1-1			3	M11.MAA000607.3_9_M.1.1-1-1	3_9_M	Thymus	False	1	False	M11.MAA000607.3_9_M.1.1-1-1-1	one_assay_suffix	3m	1	nan	thymocyte	CL:0002420	proliferating thymocyte; DN to DP transition, dividing (some are Cd8+/ Cd4+, some undergoing VDJ recombination)	facs	3_9_M	1108526.0	3950.0	male	nan	Thymus	nan	21	23
M11-MAA000609-3_8_M-1-1			3	M11.MAA000609.3_8_M.1.1-1-1	3_8_M	Thymus	False	1	False	M11.MAA000609.3_8_M.1.1-1-1-1	one_assay_suffix	3m	1	nan	thymocyte	CL:0002420	DN to DP transition (most are Cd8+/ Cd4+, some undergoing VDJ recombination)	facs	3_8_M	132798.0	1434.0	male	nan	Thymus	nan	21	23
M11-MAA000880-3_11_M-1-1			3	M11.MAA000880.3_11_M.1.1-1-1	3_11_M	Thymus	False	1	False	M11.MAA000880.3_11_M.1.1-1-1-1	one_assay_suffix	3m	1	nan	DN4 thymocyte	CL:0002420	DN4 thymocyte	facs	3_11_M	569878.0	1594.0	male	nan	Thymus	nan	6	5
M11-MAA000914-3_9_M-1-1			3	M11.MAA000914.3_9_M.1.1-1-1	3_9_M	MAT	False	1	False	M11.MAA000914.3_9_M.1.1-1-1-1	one_assay_suffix	3m	1	nan	B cell	CL:0000084	nan	facs	3_9_M	1354889.0	2565.0	male	Fat	MAT	nan	4	48
M11-MAA001888-3_39_F-1-1			3	M11.MAA001888.3_39_F.1.1-1-1	3_39_F	Marrow	False	1	False	M11.MAA001888.3_39_F.1.1-1-1-1	one_assay_suffix	3m	1	nan	mature alpha-beta T cell	CL:0000815	BM CD8 + CD4 T cell	facs	3_39_F	304677.0	2841.0	female	T-cells	Marrow	nan	4	21
M12-B000827-3_38_F-1-1			3	M12.B000827.3_38_F.1.1-1-1	3_38_F	Thymus	False	1	False	M12.B000827.3_38_F.1.1-1-1-1	one_assay_suffix	3m	1	nan	thymocyte	CL:0002420	proliferating thymocyte; DN to DP transition, dividing (some are Cd8+/ Cd4+, some undergoing VDJ recombination)	facs	3_38_F	1583669.0	3972.0	female	Flowthrough	Thymus	nan	6	21
M12-B003283-3_38_F-1-1	30.0	2.0	3	M12.B003283.3_38_F.1.1-1-1	3_38_F	Skin	True	1	False	M12.B003283.3_38_F.1.1-1-1-1	one_assay_suffix	3m	1	nan	bulge keratinocyte	CL:0002337	outer bulge	facs	3_38_F	620079.0	3234.0	female	Telogen	Skin	nan	39	45
M12-B003291-3_39_F-1-1			3	M12.B003291.3_39_F.1.1-1-1	3_39_F	Thymus	False	1	False	M12.B003291.3_39_F.1.1-1-1-1	one_assay_suffix	3m	1	nan	thymocyte	CL:0002420	DN to DP transition (most are Cd8+/ Cd4+, some undergoing VDJ recombination)	facs	3_39_F	147361.0	1580.0	female	Flowthrough	Thymus	nan	21	23
M12-MAA000388-3_11_M-1-1			3	M12.MAA000388.3_11_M.1.1-1-1	3_11_M	GAT	False	1	False	M12.MAA000388.3_11_M.1.1-1-1-1	one_assay_suffix	3m	1	nan	CD8-positive, alpha-beta T cell	CL:0000084	nan	facs	3_11_M	96782.0	2148.0	male	Fat	GAT	nan	4	48
M12-MAA000508-3_9_M-1-1			3	M12.MAA000508.3_9_M.1.1-1-1	3_9_M	Spleen	False	1	False	M12.MAA000508.3_9_M.1.1-1-1-1	one_assay_suffix	3m	1	nan	CD4-positive, alpha-beta T cell	CL:0000084	Cd3e T cell	facs	3_9_M	379285.0	2587.0	male	nan	Spleen	nan	4	21
M12-MAA000607-3_9_M-1-1			3	M12.MAA000607.3_9_M.1.1-1-1	3_9_M	Thymus	False	1	False	M12.MAA000607.3_9_M.1.1-1-1-1	one_assay_suffix	3m	1	nan	thymocyte	CL:0002420	DN to DP transition (most are Cd8+/ Cd4+, some undergoing VDJ recombination)	facs	3_9_M	249409.0	1571.0	male	nan	Thymus	nan	21	23
M12-MAA000609-3_8_M-1-1			3	M12.MAA000609.3_8_M.1.1-1-1	3_8_M	Thymus	False	1	False	M12.MAA000609.3_8_M.1.1-1-1-1	one_assay_suffix	3m	1	nan	thymocyte	CL:0002420	DN to DP transition (most are Cd8+/ Cd4+, some undergoing VDJ recombination)	facs	3_8_M	108098.0	1247.0	male	nan	Thymus	nan	21	23
M12-MAA000880-3_11_M-1-1			3	M12.MAA000880.3_11_M.1.1-1-1	3_11_M	Thymus	False	1	False	M12.MAA000880.3_11_M.1.1-1-1-1	one_assay_suffix	3m	1	nan	DN4 thymocyte	CL:0002420	DN4 thymocyte	facs	3_11_M	349446.0	1138.0	male	nan	Thymus	nan	6	5
M13-B000827-3_38_F-1-1			3	M13.B000827.3_38_F.1.1-1-1	3_38_F	Thymus	False	1	False	M13.B000827.3_38_F.1.1-1-1-1	one_assay_suffix	3m	1	nan	DN4 thymocyte	CL:0002420	DN4 thymocyte	facs	3_38_F	455237.0	1581.0	female	Flowthrough	Thymus	nan	6	5
M13-B003291-3_39_F-1-1			3	M13.B003291.3_39_F.1.1-1-1	3_39_F	Thymus	False	1	False	M13.B003291.3_39_F.1.1-1-1-1	one_assay_suffix	3m	1	nan	thymocyte	CL:0002420	DN to DP transition (most are Cd8+/ Cd4+, some undergoing VDJ recombination)	facs	3_39_F	970296.0	1378.0	female	Flowthrough	Thymus	nan	21	23
M13-MAA000556-3_9_M-1-1			3	M13.MAA000556.3_9_M.1.1-1-1	3_9_M	BAT	False	1	False	M13.MAA000556.3_9_M.1.1-1-1-1	one_assay_suffix	3m	1	nan	T cell	CL:0000084	nan	facs	3_9_M	449575.0	1741.0	male	Fat	BAT	nan	6	5
M13-MAA000607-3_9_M-1-1			3	M13.MAA000607.3_9_M.1.1-1-1	3_9_M	Thymus	False	1	False	M13.MAA000607.3_9_M.1.1-1-1-1	one_assay_suffix	3m	1	nan	thymocyte	CL:0002420	DN to DP transition (most are Cd8+/ Cd4+, some undergoing VDJ recombination)	facs	3_9_M	156390.0	1258.0	male	nan	Thymus	nan	21	23
M13-MAA000609-3_8_M-1-1			3	M13.MAA000609.3_8_M.1.1-1-1	3_8_M	Thymus	False	1	False	M13.MAA000609.3_8_M.1.1-1-1-1	one_assay_suffix	3m	1	nan	thymocyte	CL:0002420	DN to DP transition (most are Cd8+/ Cd4+, some undergoing VDJ recombination)	facs	3_8_M	195032.0	1593.0	male	nan	Thymus	nan	21	23
M13-MAA000844-3_10_M-1-1			3	M13.MAA000844.3_10_M.1.1-1-1	3_10_M	Marrow	False	1	False	M13.MAA000844.3_10_M.1.1-1-1-1	one_assay_suffix	3m	1	nan	CD4-positive, alpha-beta T cell	CL:0000815	BM CD4 T cell	facs	3_10_M	825008.0	1927.0	male	T-cells	Marrow	nan	4	21
M13-MAA000877-3_11_M-1-1			3	M13.MAA000877.3_11_M.1.1-1-1	3_11_M	MAT	False	1	False	M13.MAA000877.3_11_M.1.1-1-1-1	one_assay_suffix	3m	1	nan	CD4-positive, alpha-beta T cell	CL:0000084	nan	facs	3_11_M	1417420.0	3019.0	male	Fat	MAT	nan	6	48
M13-MAA000880-3_11_M-1-1			3	M13.MAA000880.3_11_M.1.1-1-1	3_11_M	Thymus	False	1	False	M13.MAA000880.3_11_M.1.1-1-1-1	one_assay_suffix	3m	1	nan	DN4 thymocyte	CL:0002420	DN4 thymocyte	facs	3_11_M	434857.0	1573.0	male	nan	Thymus	nan	6	5
M14-B000827-3_38_F-1-1			3	M14.B000827.3_38_F.1.1-1-1	3_38_F	Thymus	False	1	False	M14.B000827.3_38_F.1.1-1-1-1	one_assay_suffix	3m	1	nan	DN4 thymocyte	CL:0002420	DN4 thymocyte	facs	3_38_F	409690.0	1374.0	female	Flowthrough	Thymus	nan	6	5
M14-B000971-3_39_F-1-1			3	M14.B000971.3_39_F.1.1-1-1	3_39_F	Spleen	False	1	False	M14.B000971.3_39_F.1.1-1-1-1	one_assay_suffix	3m	1	nan	CD8-positive, alpha-beta T cell	CL:0000084	nan	facs	3_39_F	1259067.0	3109.0	female	nan	Spleen	nan	4	9
M14-B003291-3_39_F-1-1			3	M14.B003291.3_39_F.1.1-1-1	3_39_F	Thymus	False	1	False	M14.B003291.3_39_F.1.1-1-1-1	one_assay_suffix	3m	1	nan	thymocyte	CL:0002420	DN to DP transition (most are Cd8+/ Cd4+, some undergoing VDJ recombination)	facs	3_39_F	1161641.0	1652.0	female	Flowthrough	Thymus	nan	21	23
M14-MAA000556-3_9_M-1-1			3	M14.MAA000556.3_9_M.1.1-1-1	3_9_M	BAT	False	1	False	M14.MAA000556.3_9_M.1.1-1-1-1	one_assay_suffix	3m	1	nan	T cell	CL:0000084	nan	facs	3_9_M	375513.0	1585.0	male	Fat	BAT	nan	6	5
M14-MAA000607-3_9_M-1-1			3	M14.MAA000607.3_9_M.1.1-1-1	3_9_M	Thymus	False	1	False	M14.MAA000607.3_9_M.1.1-1-1-1	one_assay_suffix	3m	1	nan	thymocyte	CL:0002420	DN to DP transition (most are Cd8+/ Cd4+, some undergoing VDJ recombination)	facs	3_9_M	370691.0	1747.0	male	nan	Thymus	nan	21	23
M14-MAA000609-3_8_M-1-1			3	M14.MAA000609.3_8_M.1.1-1-1	3_8_M	Thymus	False	1	False	M14.MAA000609.3_8_M.1.1-1-1-1	one_assay_suffix	3m	1	nan	thymocyte	CL:0002420	DN to DP transition (most are Cd8+/ Cd4+, some undergoing VDJ recombination)	facs	3_8_M	181757.0	1614.0	male	nan	Thymus	nan	21	23
M14-MAA000844-3_10_M-1-1			3	M14.MAA000844.3_10_M.1.1-1-1	3_10_M	Marrow	False	1	False	M14.MAA000844.3_10_M.1.1-1-1-1	one_assay_suffix	3m	1	nan	promonocyte	CL:0000576	monocyte + promonocyte	facs	3_10_M	1054442.0	3706.0	male	T-cells	Marrow	nan	2	4
M14-MAA001865-3_38_F-1-1			3	M14.MAA001865.3_38_F.1.1-1-1	3_38_F	Trachea	False	1	False	M14.MAA001865.3_38_F.1.1-1-1-1	one_assay_suffix	3m	1	nan	T cell	CL:0000081	nan	facs	3_38_F	413291.0	2770.0	female	nan	Trachea	nan	4	21
M15-B000827-3_38_F-1-1			3	M15.B000827.3_38_F.1.1-1-1	3_38_F	Thymus	False	1	False	M15.B000827.3_38_F.1.1-1-1-1	one_assay_suffix	3m	1	nan	DN4 thymocyte	CL:0002420	DN4 thymocyte	facs	3_38_F	665877.0	2127.0	female	Flowthrough	Thymus	nan	6	5
M15-B002314-3_56_F-1-1			3	M15.B002314.3_56_F.1.1-1-1	3_56_F	MAT	False	1	False	M15.B002314.3_56_F.1.1-1-1-1	one_assay_suffix	3m	1	nan	CD8-positive, alpha-beta T cell	CL:0000084	nan	facs	3_56_F	988897.0	1846.0	female	Fat	MAT	nan	4	9
M15-B003291-3_39_F-1-1			3	M15.B003291.3_39_F.1.1-1-1	3_39_F	Thymus	False	1	False	M15.B003291.3_39_F.1.1-1-1-1	one_assay_suffix	3m	1	nan	thymocyte	CL:0002420	DN to DP transition (most are Cd8+/ Cd4+, some undergoing VDJ recombination)	facs	3_39_F	1312678.0	1525.0	female	Flowthrough	Thymus	nan	21	23
M15-MAA000607-3_9_M-1-1			3	M15.MAA000607.3_9_M.1.1-1-1	3_9_M	Thymus	False	1	False	M15.MAA000607.3_9_M.1.1-1-1-1	one_assay_suffix	3m	1	nan	thymocyte	CL:0002420	DN to DP transition (most are Cd8+/ Cd4+, some undergoing VDJ recombination)	facs	3_9_M	269757.0	1574.0	male	nan	Thymus	nan	21	23
M15-MAA000880-3_11_M-1-1			3	M15.MAA000880.3_11_M.1.1-1-1	3_11_M	Thymus	False	1	False	M15.MAA000880.3_11_M.1.1-1-1-1	one_assay_suffix	3m	1	nan	thymocyte	CL:0002420	DN to DP transition (most are Cd8+/ Cd4+, some undergoing VDJ recombination)	facs	3_11_M	577391.0	1358.0	male	nan	Thymus	nan	21	23
M15-MAA001888-3_39_F-1-1			3	M15.MAA001888.3_39_F.1.1-1-1	3_39_F	Marrow	False	1	False	M15.MAA001888.3_39_F.1.1-1-1-1	one_assay_suffix	3m	1	nan	NK cell	CL:0000914	NK cell	facs	3_39_F	336788.0	2679.0	female	T-cells	Marrow	nan	4	9
M16-B000827-3_38_F-1-1			3	M16.B000827.3_38_F.1.1-1-1	3_38_F	Thymus	False	1	False	M16.B000827.3_38_F.1.1-1-1-1	one_assay_suffix	3m	1	nan	DN4 thymocyte	CL:0002420	DN4 thymocyte	facs	3_38_F	553014.0	2405.0	female	Flowthrough	Thymus	nan	6	5
M16-B000971-3_39_F-1-1			3	M16.B000971.3_39_F.1.1-1-1	3_39_F	Spleen	False	1	False	M16.B000971.3_39_F.1.1-1-1-1	one_assay_suffix	3m	1	nan	CD4-positive, alpha-beta T cell	CL:0000084	Cd3e T cell	facs	3_39_F	309785.0	1278.0	female	nan	Spleen	nan	6	5
M16-B001960-3_56_F-1-1			3	M16.B001960.3_56_F.1.1-1-1	3_56_F	BAT	False	1	False	M16.B001960.3_56_F.1.1-1-1-1	one_assay_suffix	3m	1	nan	T cell	CL:0000084	nan	facs	3_56_F	933577.0	1702.0	female	Fat	BAT	nan	6	5
M16-B003291-3_39_F-1-1			3	M16.B003291.3_39_F.1.1-1-1	3_39_F	Thymus	False	1	False	M16.B003291.3_39_F.1.1-1-1-1	one_assay_suffix	3m	1	nan	thymocyte	CL:0002420	DN to DP transition (most are Cd8+/ Cd4+, some undergoing VDJ recombination)	facs	3_39_F	232987.0	1387.0	female	Flowthrough	Thymus	nan	21	23
M16-D043520-3_39_F-1-1			3	M16.D043520.3_39_F.1.1-1-1	3_39_F	MAT	False	1	False	M16.D043520.3_39_F.1.1-1-1-1	one_assay_suffix	3m	1	nan	CD8-positive, alpha-beta T cell	CL:0000084	nan	facs	3_39_F	586219.0	2028.0	female	Fat	MAT	nan	4	9
M16-MAA000508-3_9_M-1-1			3	M16.MAA000508.3_9_M.1.1-1-1	3_9_M	Spleen	False	1	False	M16.MAA000508.3_9_M.1.1-1-1-1	one_assay_suffix	3m	1	nan	CD4-positive, alpha-beta T cell	CL:0000084	Cd3e T cell	facs	3_9_M	232282.0	1986.0	male	nan	Spleen	nan	6	5
M16-MAA000607-3_9_M-1-1			3	M16.MAA000607.3_9_M.1.1-1-1	3_9_M	Thymus	False	1	False	M16.MAA000607.3_9_M.1.1-1-1-1	one_assay_suffix	3m	1	nan	DN4 thymocyte	CL:0002420	DN4 thymocyte	facs	3_9_M	834264.0	3058.0	male	nan	Thymus	nan	6	5
M16-MAA000844-3_10_M-1-1			3	M16.MAA000844.3_10_M.1.1-1-1	3_10_M	Marrow	False	1	False	M16.MAA000844.3_10_M.1.1-1-1-1	one_assay_suffix	3m	1	nan	NK cell	CL:0000914	NK cell	facs	3_10_M	1129380.0	3722.0	male	T-cells	Marrow	nan	4	9
M16-MAA000877-3_11_M-1-1			3	M16.MAA000877.3_11_M.1.1-1-1	3_11_M	MAT	False	1	False	M16.MAA000877.3_11_M.1.1-1-1-1	one_assay_suffix	3m	1	nan	CD4-positive, alpha-beta T cell	CL:0000084	nan	facs	3_11_M	1692330.0	2515.0	male	Fat	MAT	nan	6	5
M16-MAA000880-3_11_M-1-1			3	M16.MAA000880.3_11_M.1.1-1-1	3_11_M	Thymus	False	1	False	M16.MAA000880.3_11_M.1.1-1-1-1	one_assay_suffix	3m	1	nan	DN4 thymocyte	CL:0002420	DN4 thymocyte	facs	3_11_M	561723.0	1407.0	male	nan	Thymus	nan	6	5
M17-B000827-3_38_F-1-1			3	M17.B000827.3_38_F.1.1-1-1	3_38_F	Thymus	False	1	False	M17.B000827.3_38_F.1.1-1-1-1	one_assay_suffix	3m	1	nan	DN4 thymocyte	CL:0002420	DN4 thymocyte	facs	3_38_F	650638.0	1842.0	female	Flowthrough	Thymus	nan	6	5
M17-B000971-3_39_F-1-1			3	M17.B000971.3_39_F.1.1-1-1	3_39_F	Spleen	False	1	False	M17.B000971.3_39_F.1.1-1-1-1	one_assay_suffix	3m	1	nan	CD8-positive, alpha-beta T cell	CL:0000084	Cd3e T cell	facs	3_39_F	240040.0	669.0	female	nan	Spleen	nan	6	5
M17-B003291-3_39_F-1-1			3	M17.B003291.3_39_F.1.1-1-1	3_39_F	Thymus	False	1	False	M17.B003291.3_39_F.1.1-1-1-1	one_assay_suffix	3m	1	nan	thymocyte	CL:0002420	DN to DP transition (most are Cd8+/ Cd4+, some undergoing VDJ recombination)	facs	3_39_F	2554464.0	1683.0	female	Flowthrough	Thymus	nan	21	23
M17-MAA000508-3_9_M-1-1			3	M17.MAA000508.3_9_M.1.1-1-1	3_9_M	Spleen	False	1	False	M17.MAA000508.3_9_M.1.1-1-1-1	one_assay_suffix	3m	1	nan	CD8-positive, alpha-beta T cell	CL:0000084	Cd3e T cell	facs	3_9_M	292942.0	2102.0	male	nan	Spleen	nan	6	5
M17-MAA000607-3_9_M-1-1			3	M17.MAA000607.3_9_M.1.1-1-1	3_9_M	Thymus	False	1	False	M17.MAA000607.3_9_M.1.1-1-1-1	one_assay_suffix	3m	1	nan	DN4 thymocyte	CL:0002420	DN4 thymocyte	facs	3_9_M	301547.0	1633.0	male	nan	Thymus	nan	6	5
M17-MAA000880-3_11_M-1-1			3	M17.MAA000880.3_11_M.1.1-1-1	3_11_M	Thymus	False	1	False	M17.MAA000880.3_11_M.1.1-1-1-1	one_assay_suffix	3m	1	nan	thymocyte	CL:0002420	DN to DP transition (most are Cd8+/ Cd4+, some undergoing VDJ recombination)	facs	3_11_M	478821.0	961.0	male	nan	Thymus	nan	21	23
M17-MAA001889-3_38_F-1-1	7.0	2.0	3	M17.MAA001889.3_38_F.1.1-1-1	3_38_F	Lung	True	2	True		unmatched																
M18-B000827-3_38_F-1-1			3	M18.B000827.3_38_F.1.1-1-1	3_38_F	Thymus	False	1	False	M18.B000827.3_38_F.1.1-1-1-1	one_assay_suffix	3m	1	nan	DN4 thymocyte	CL:0002420	DN4 thymocyte	facs	3_38_F	737078.0	1916.0	female	Flowthrough	Thymus	nan	6	5
M18-B001750-3_38_F-1-1			3	M18.B001750.3_38_F.1.1-1-1	3_38_F	Spleen	False	1	False	M18.B001750.3_38_F.1.1-1-1-1	one_assay_suffix	3m	1	nan	CD8-positive, alpha-beta T cell	CL:0000084	Cd3e T cell	facs	3_38_F	766352.0	2169.0	female	nan	Spleen	nan	6	5
M18-B003291-3_39_F-1-1			3	M18.B003291.3_39_F.1.1-1-1	3_39_F	Thymus	False	1	False	M18.B003291.3_39_F.1.1-1-1-1	one_assay_suffix	3m	1	nan	thymocyte	CL:0002420	DN to DP transition (most are Cd8+/ Cd4+, some undergoing VDJ recombination)	facs	3_39_F	1623559.0	1391.0	female	Flowthrough	Thymus	nan	21	23
M18-B003728-3_56_F-1-1			3	M18.B003728.3_56_F.1.1-1-1	3_56_F	Brain_Non-Myeloid	False	1	False		unmatched																
M18-MAA000607-3_9_M-1-1			3	M18.MAA000607.3_9_M.1.1-1-1	3_9_M	Thymus	False	1	False	M18.MAA000607.3_9_M.1.1-1-1-1	one_assay_suffix	3m	1	nan	thymocyte	CL:0002420	DN to DP transition (most are Cd8+/ Cd4+, some undergoing VDJ recombination)	facs	3_9_M	259200.0	1520.0	male	nan	Thymus	nan	21	23
M18-MAA000609-3_8_M-1-1			3	M18.MAA000609.3_8_M.1.1-1-1	3_8_M	Thymus	False	1	False	M18.MAA000609.3_8_M.1.1-1-1-1	one_assay_suffix	3m	1	nan	thymocyte	CL:0002420	proliferating thymocyte; DN to DP transition, dividing (some are Cd8+/ Cd4+, some undergoing VDJ recombination)	facs	3_8_M	481816.0	2804.0	male	nan	Thymus	nan	21	23
M18-MAA000880-3_11_M-1-1			3	M18.MAA000880.3_11_M.1.1-1-1	3_11_M	Thymus	False	1	False	M18.MAA000880.3_11_M.1.1-1-1-1	one_assay_suffix	3m	1	nan	DN4 thymocyte	CL:0002420	DN4 thymocyte	facs	3_11_M	841500.0	1201.0	male	nan	Thymus	nan	6	5
M18-MAA000907-3_11_M-1-1			3	M18.MAA000907.3_11_M.1.1-1-1	3_11_M	Liver	False	1	False	M18.MAA000907.3_11_M.1.1-1-1-1	one_assay_suffix	3m	1	nan	mature NK T cell	CL:0000623	nan	facs	3_11_M	449556.0	2036.0	male	Non-hepatocytes	Liver	nan	40	47
M18-MAA001889-3_38_F-1-1	7.0	2.0	3	M18.MAA001889.3_38_F.1.1-1-1	3_38_F	Lung	True	2	True	M18.MAA001889.3_38_F.1.1-1-1-1	one_assay_suffix	3m	1	nan	T cell	nan	T cell	facs	3_38_F	7688.0	1024.0	female	EPCAM	Lung	nan	4	5
M19-B000827-3_38_F-1-1			3	M19.B000827.3_38_F.1.1-1-1	3_38_F	Thymus	False	1	False	M19.B000827.3_38_F.1.1-1-1-1	one_assay_suffix	3m	1	nan	DN4 thymocyte	CL:0002420	DN4 thymocyte	facs	3_38_F	820773.0	2348.0	female	Flowthrough	Thymus	nan	6	5
M19-B003291-3_39_F-1-1	27.0	2.0	3	M19.B003291.3_39_F.1.1-1-1	3_39_F	Thymus	True	1	False	M19.B003291.3_39_F.1.1-1-1-1	one_assay_suffix	3m	1	nan	thymocyte	CL:0002420	DN to DP transition (most are Cd8+/ Cd4+, some undergoing VDJ recombination)	facs	3_39_F	1512941.0	1223.0	female	Flowthrough	Thymus	nan	21	23
M19-MAA000607-3_9_M-1-1			3	M19.MAA000607.3_9_M.1.1-1-1	3_9_M	Thymus	False	1	False	M19.MAA000607.3_9_M.1.1-1-1-1	one_assay_suffix	3m	1	nan	thymocyte	CL:0002420	DN to DP transition (most are Cd8+/ Cd4+, some undergoing VDJ recombination)	facs	3_9_M	212426.0	1421.0	male	nan	Thymus	nan	21	23
M19-MAA000609-3_8_M-1-1			3	M19.MAA000609.3_8_M.1.1-1-1	3_8_M	Thymus	False	1	False	M19.MAA000609.3_8_M.1.1-1-1-1	one_assay_suffix	3m	1	nan	DN4 thymocyte	CL:0002420	DN4 thymocyte	facs	3_8_M	229060.0	2406.0	male	nan	Thymus	nan	6	5
M19-MAA000844-3_10_M-1-1			3	M19.MAA000844.3_10_M.1.1-1-1	3_10_M	Marrow	False	1	False	M19.MAA000844.3_10_M.1.1-1-1-1	one_assay_suffix	3m	1	nan	promonocyte	CL:0000576	monocyte + promonocyte	facs	3_10_M	707828.0	4000.0	male	T-cells	Marrow	nan	12	52
M19-MAA000880-3_11_M-1-1			3	M19.MAA000880.3_11_M.1.1-1-1	3_11_M	Thymus	False	1	False	M19.MAA000880.3_11_M.1.1-1-1-1	one_assay_suffix	3m	1	nan	thymocyte	CL:0002420	DN to DP transition (most are Cd8+/ Cd4+, some undergoing VDJ recombination)	facs	3_11_M	459763.0	992.0	male	nan	Thymus	nan	21	23
M2-B000827-3_38_F-1-1			3	M2.B000827.3_38_F.1.1-1-1	3_38_F	Thymus	False	1	False	M2.B000827.3_38_F.1.1-1-1-1	one_assay_suffix	3m	1	nan	DN4 thymocyte	CL:0002420	DN4 thymocyte	facs	3_38_F	1185667.0	2184.0	female	Flowthrough	Thymus	nan	6	5
M2-B003291-3_39_F-1-1			3	M2.B003291.3_39_F.1.1-1-1	3_39_F	Thymus	False	1	False	M2.B003291.3_39_F.1.1-1-1-1	one_assay_suffix	3m	1	nan	thymocyte	CL:0002420	DN to DP transition (most are Cd8+/ Cd4+, some undergoing VDJ recombination)	facs	3_39_F	746128.0	1569.0	female	Flowthrough	Thymus	nan	21	23
M2-MAA000607-3_9_M-1-1			3	M2.MAA000607.3_9_M.1.1-1-1	3_9_M	Thymus	False	1	False	M2.MAA000607.3_9_M.1.1-1-1-1	one_assay_suffix	3m	1	nan	thymocyte	CL:0002420	proliferating thymocyte; DN to DP transition, dividing (some are Cd8+/ Cd4+, some undergoing VDJ recombination)	facs	3_9_M	844817.0	2704.0	male	nan	Thymus	nan	21	23
M20-B000827-3_38_F-1-1			3	M20.B000827.3_38_F.1.1-1-1	3_38_F	Thymus	False	1	False	M20.B000827.3_38_F.1.1-1-1-1	one_assay_suffix	3m	1	nan	DN4 thymocyte	CL:0002420	DN4 thymocyte	facs	3_38_F	3600325.0	3560.0	female	Flowthrough	Thymus	nan	6	5
M20-B003291-3_39_F-1-1			3	M20.B003291.3_39_F.1.1-1-1	3_39_F	Thymus	False	1	False	M20.B003291.3_39_F.1.1-1-1-1	one_assay_suffix	3m	1	nan	thymocyte	CL:0002420	DN to DP transition (most are Cd8+/ Cd4+, some undergoing VDJ recombination)	facs	3_39_F	1823998.0	1084.0	female	Flowthrough	Thymus	nan	21	23
M20-MAA000607-3_9_M-1-1			3	M20.MAA000607.3_9_M.1.1-1-1	3_9_M	Thymus	False	1	False	M20.MAA000607.3_9_M.1.1-1-1-1	one_assay_suffix	3m	1	nan	thymocyte	CL:0002420	DN to DP transition (most are Cd8+/ Cd4+, some undergoing VDJ recombination)	facs	3_9_M	183771.0	1362.0	male	nan	Thymus	nan	21	23
M20-MAA000609-3_8_M-1-1			3	M20.MAA000609.3_8_M.1.1-1-1	3_8_M	Thymus	False	1	False	M20.MAA000609.3_8_M.1.1-1-1-1	one_assay_suffix	3m	1	nan	thymocyte	CL:0002420	DN to DP transition (most are Cd8+/ Cd4+, some undergoing VDJ recombination)	facs	3_8_M	73338.0	1109.0	male	nan	Thymus	nan	21	23
M20-MAA000880-3_11_M-1-1			3	M20.MAA000880.3_11_M.1.1-1-1	3_11_M	Thymus	False	1	False	M20.MAA000880.3_11_M.1.1-1-1-1	one_assay_suffix	3m	1	nan	DN4 thymocyte	CL:0002420	DN4 thymocyte	facs	3_11_M	956175.0	1726.0	male	nan	Thymus	nan	6	5
M20-MAA001888-3_39_F-1-1			3	M20.MAA001888.3_39_F.1.1-1-1	3_39_F	Marrow	False	1	False	M20.MAA001888.3_39_F.1.1-1-1-1	one_assay_suffix	3m	1	nan	NK cell	CL:0000914	NK cell	facs	3_39_F	324656.0	2821.0	female	T-cells	Marrow	nan	40	9
M21-B000827-3_38_F-1-1			3	M21.B000827.3_38_F.1.1-1-1	3_38_F	Thymus	False	1	False	M21.B000827.3_38_F.1.1-1-1-1	one_assay_suffix	3m	1	nan	DN4 thymocyte	CL:0002420	DN4 thymocyte	facs	3_38_F	1680777.0	1898.0	female	Flowthrough	Thymus	nan	6	5
M21-B003291-3_39_F-1-1			3	M21.B003291.3_39_F.1.1-1-1	3_39_F	Thymus	False	1	False	M21.B003291.3_39_F.1.1-1-1-1	one_assay_suffix	3m	1	nan	thymocyte	CL:0002420	DN to DP transition (most are Cd8+/ Cd4+, some undergoing VDJ recombination)	facs	3_39_F	1996445.0	1231.0	female	Flowthrough	Thymus	nan	21	23
M21-MAA000526-3_9_M-1-1			3	M21.MAA000526.3_9_M.1.1-1-1	3_9_M	Lung	False	1	False	M21.MAA000526.3_9_M.1.1-1-1-1	one_assay_suffix	3m	1	nan	CD4-positive, alpha-beta T cell	CL:0000084	CD4+ T	facs	3_9_M	547601.0	2785.0	male	nan	Lung	nan	4	5
M21-MAA000607-3_9_M-1-1			3	M21.MAA000607.3_9_M.1.1-1-1	3_9_M	Thymus	False	1	False	M21.MAA000607.3_9_M.1.1-1-1-1	one_assay_suffix	3m	1	nan	thymocyte	CL:0002420	DN to DP transition (most are Cd8+/ Cd4+, some undergoing VDJ recombination)	facs	3_9_M	320657.0	1633.0	male	nan	Thymus	nan	21	23
M21-MAA000609-3_8_M-1-1			3	M21.MAA000609.3_8_M.1.1-1-1	3_8_M	Thymus	False	1	False	M21.MAA000609.3_8_M.1.1-1-1-1	one_assay_suffix	3m	1	nan	DN4 thymocyte	CL:0002420	DN4 thymocyte	facs	3_8_M	495743.0	3051.0	male	nan	Thymus	nan	6	5
M21-MAA000880-3_11_M-1-1			3	M21.MAA000880.3_11_M.1.1-1-1	3_11_M	Thymus	False	1	False	M21.MAA000880.3_11_M.1.1-1-1-1	one_assay_suffix	3m	1	nan	DN4 thymocyte	CL:0002420	DN4 thymocyte	facs	3_11_M	614802.0	1325.0	male	nan	Thymus	nan	6	5
M22-B000827-3_38_F-1-1			3	M22.B000827.3_38_F.1.1-1-1	3_38_F	Thymus	False	1	False	M22.B000827.3_38_F.1.1-1-1-1	one_assay_suffix	3m	1	nan	DN4 thymocyte	CL:0002420	DN4 thymocyte	facs	3_38_F	650843.0	1531.0	female	Flowthrough	Thymus	nan	6	5
M22-B003291-3_39_F-1-1			3	M22.B003291.3_39_F.1.1-1-1	3_39_F	Thymus	False	1	False	M22.B003291.3_39_F.1.1-1-1-1	one_assay_suffix	3m	1	nan	thymocyte	CL:0002420	DN to DP transition (most are Cd8+/ Cd4+, some undergoing VDJ recombination)	facs	3_39_F	2113878.0	1156.0	female	Flowthrough	Thymus	nan	21	23
M22-MAA000508-3_9_M-1-1			3	M22.MAA000508.3_9_M.1.1-1-1	3_9_M	Spleen	False	1	False	M22.MAA000508.3_9_M.1.1-1-1-1	one_assay_suffix	3m	1	nan	CD4-positive, alpha-beta T cell	CL:0000084	Cd3e T cell	facs	3_9_M	328919.0	1934.0	male	nan	Spleen	nan	6	5
M22-MAA000607-3_9_M-1-1			3	M22.MAA000607.3_9_M.1.1-1-1	3_9_M	Thymus	False	1	False	M22.MAA000607.3_9_M.1.1-1-1-1	one_assay_suffix	3m	1	nan	thymocyte	CL:0002420	DN to DP transition (most are Cd8+/ Cd4+, some undergoing VDJ recombination)	facs	3_9_M	490959.0	2029.0	male	nan	Thymus	nan	21	23
M22-MAA000609-3_8_M-1-1			3	M22.MAA000609.3_8_M.1.1-1-1	3_8_M	Thymus	False	1	False	M22.MAA000609.3_8_M.1.1-1-1-1	one_assay_suffix	3m	1	nan	thymocyte	CL:0002420	DN to DP transition (most are Cd8+/ Cd4+, some undergoing VDJ recombination)	facs	3_8_M	236702.0	1763.0	male	nan	Thymus	nan	21	23
M22-MAA000880-3_11_M-1-1			3	M22.MAA000880.3_11_M.1.1-1-1	3_11_M	Thymus	False	1	False	M22.MAA000880.3_11_M.1.1-1-1-1	one_assay_suffix	3m	1	nan	DN4 thymocyte	CL:0002420	DN4 thymocyte	facs	3_11_M	794034.0	1134.0	male	nan	Thymus	nan	6	5
M22-MAA001888-3_39_F-1-1			3	M22.MAA001888.3_39_F.1.1-1-1	3_39_F	Marrow	False	1	False	M22.MAA001888.3_39_F.1.1-1-1-1	one_assay_suffix	3m	1	nan	NK cell	CL:0000914	NK cell	facs	3_39_F	232155.0	2249.0	female	T-cells	Marrow	nan	4	9
M3-B000827-3_38_F-1-1			3	M3.B000827.3_38_F.1.1-1-1	3_38_F	Thymus	False	1	False	M3.B000827.3_38_F.1.1-1-1-1	one_assay_suffix	3m	1	nan	DN4 thymocyte	CL:0002420	DN4 thymocyte	facs	3_38_F	542279.0	1926.0	female	Flowthrough	Thymus	nan	6	5
M3-B003291-3_39_F-1-1			3	M3.B003291.3_39_F.1.1-1-1	3_39_F	Thymus	False	1	False	M3.B003291.3_39_F.1.1-1-1-1	one_assay_suffix	3m	1	nan	thymocyte	CL:0002420	DN to DP transition (most are Cd8+/ Cd4+, some undergoing VDJ recombination)	facs	3_39_F	642010.0	2077.0	female	Flowthrough	Thymus	nan	21	23
M3-MAA000607-3_9_M-1-1			3	M3.MAA000607.3_9_M.1.1-1-1	3_9_M	Thymus	False	1	False	M3.MAA000607.3_9_M.1.1-1-1-1	one_assay_suffix	3m	1	nan	DN4 thymocyte	CL:0002420	DN4 thymocyte	facs	3_9_M	540518.0	2387.0	male	nan	Thymus	nan	6	5
M3-MAA000844-3_10_M-1-1			3	M3.MAA000844.3_10_M.1.1-1-1	3_10_M	Marrow	False	1	False	M3.MAA000844.3_10_M.1.1-1-1-1	one_assay_suffix	3m	1	nan	CD4-positive, alpha-beta T cell	CL:0000815	BM CD4 T cell	facs	3_10_M	501142.0	2312.0	male	T-cells	Marrow	nan	4	21
M3-MAA001888-3_39_F-1-1			3	M3.MAA001888.3_39_F.1.1-1-1	3_39_F	Marrow	False	1	False	M3.MAA001888.3_39_F.1.1-1-1-1	one_assay_suffix	3m	1	nan	mature alpha-beta T cell	CL:0002420	BM CD8 + CD4 T cell	facs	3_39_F	264166.0	3086.0	female	T-cells	Marrow	nan	6	5
M4-B000827-3_38_F-1-1			3	M4.B000827.3_38_F.1.1-1-1	3_38_F	Thymus	False	1	False	M4.B000827.3_38_F.1.1-1-1-1	one_assay_suffix	3m	1	nan	DN4 thymocyte	CL:0002420	DN4 thymocyte	facs	3_38_F	803327.0	2173.0	female	Flowthrough	Thymus	nan	6	5
M4-B003291-3_39_F-1-1			3	M4.B003291.3_39_F.1.1-1-1	3_39_F	Thymus	False	1	False	M4.B003291.3_39_F.1.1-1-1-1	one_assay_suffix	3m	1	nan	DN4 thymocyte	CL:0002420	DN4 thymocyte	facs	3_39_F	452799.0	2430.0	female	Flowthrough	Thymus	nan	6	5
M4-MAA000607-3_9_M-1-1			3	M4.MAA000607.3_9_M.1.1-1-1	3_9_M	Thymus	False	1	False	M4.MAA000607.3_9_M.1.1-1-1-1	one_assay_suffix	3m	1	nan	thymocyte	CL:0002420	DN to DP transition (most are Cd8+/ Cd4+, some undergoing VDJ recombination)	facs	3_9_M	247650.0	1425.0	male	nan	Thymus	nan	21	23
M5-B000827-3_38_F-1-1			3	M5.B000827.3_38_F.1.1-1-1	3_38_F	Thymus	False	1	False	M5.B000827.3_38_F.1.1-1-1-1	one_assay_suffix	3m	1	nan	DN4 thymocyte	CL:0002420	DN4 thymocyte	facs	3_38_F	1333408.0	2927.0	female	Flowthrough	Thymus	nan	6	5
M5-B003291-3_39_F-1-1			3	M5.B003291.3_39_F.1.1-1-1	3_39_F	Thymus	False	1	False	M5.B003291.3_39_F.1.1-1-1-1	one_assay_suffix	3m	1	nan	DN4 thymocyte	CL:0002420	DN4 thymocyte	facs	3_39_F	1321976.0	1995.0	female	Flowthrough	Thymus	nan	6	5
M5-MAA000607-3_9_M-1-1			3	M5.MAA000607.3_9_M.1.1-1-1	3_9_M	Thymus	False	1	False	M5.MAA000607.3_9_M.1.1-1-1-1	one_assay_suffix	3m	1	nan	thymocyte	CL:0002420	DN to DP transition (most are Cd8+/ Cd4+, some undergoing VDJ recombination)	facs	3_9_M	313161.0	1576.0	male	nan	Thymus	nan	21	23
M5-MAA000844-3_10_M-1-1			3	M5.MAA000844.3_10_M.1.1-1-1	3_10_M	Marrow	False	1	False	M5.MAA000844.3_10_M.1.1-1-1-1	one_assay_suffix	3m	1	nan	mature alpha-beta T cell	CL:0000236	BM CD8 + CD4 T cell	facs	3_10_M	802187.0	3758.0	male	T-cells	Marrow	nan	4	9
M6-B000827-3_38_F-1-1			3	M6.B000827.3_38_F.1.1-1-1	3_38_F	Thymus	False	1	False	M6.B000827.3_38_F.1.1-1-1-1	one_assay_suffix	3m	1	nan	DN4 thymocyte	CL:0002420	DN4 thymocyte	facs	3_38_F	1102972.0	2316.0	female	Flowthrough	Thymus	nan	6	5
M6-B003291-3_39_F-1-1			3	M6.B003291.3_39_F.1.1-1-1	3_39_F	Thymus	False	1	False	M6.B003291.3_39_F.1.1-1-1-1	one_assay_suffix	3m	1	nan	thymocyte	CL:0002420	DN to DP transition (most are Cd8+/ Cd4+, some undergoing VDJ recombination)	facs	3_39_F	1045651.0	1561.0	female	Flowthrough	Thymus	nan	21	23
M6-MAA000607-3_9_M-1-1			3	M6.MAA000607.3_9_M.1.1-1-1	3_9_M	Thymus	False	1	False	M6.MAA000607.3_9_M.1.1-1-1-1	one_assay_suffix	3m	1	nan	thymocyte	CL:0002420	DN to DP transition (most are Cd8+/ Cd4+, some undergoing VDJ recombination)	facs	3_9_M	374383.0	1903.0	male	nan	Thymus	nan	6	23
M6-MAA001888-3_39_F-1-1			3	M6.MAA001888.3_39_F.1.1-1-1	3_39_F	Marrow	False	1	False	M6.MAA001888.3_39_F.1.1-1-1-1	one_assay_suffix	3m	1	nan	NK cell	CL:0000914	NK cell	facs	3_39_F	276313.0	2783.0	female	T-cells	Marrow	nan	4	9
M7-B000827-3_38_F-1-1			3	M7.B000827.3_38_F.1.1-1-1	3_38_F	Thymus	False	1	False	M7.B000827.3_38_F.1.1-1-1-1	one_assay_suffix	3m	1	nan	DN4 thymocyte	CL:0002420	DN4 thymocyte	facs	3_38_F	590129.0	2089.0	female	Flowthrough	Thymus	nan	6	5
M7-B000971-3_39_F-1-1			3	M7.B000971.3_39_F.1.1-1-1	3_39_F	Spleen	False	1	False	M7.B000971.3_39_F.1.1-1-1-1	one_assay_suffix	3m	1	nan	CD8-positive, alpha-beta T cell	CL:0000084	Cd3e T cell	facs	3_39_F	927988.0	1804.0	female	nan	Spleen	nan	6	5
M7-B003291-3_39_F-1-1			3	M7.B003291.3_39_F.1.1-1-1	3_39_F	Thymus	False	1	False	M7.B003291.3_39_F.1.1-1-1-1	one_assay_suffix	3m	1	nan	thymocyte	CL:0002420	DN to DP transition (most are Cd8+/ Cd4+, some undergoing VDJ recombination)	facs	3_39_F	702344.0	1478.0	female	Flowthrough	Thymus	nan	21	23
M7-MAA000607-3_9_M-1-1			3	M7.MAA000607.3_9_M.1.1-1-1	3_9_M	Thymus	False	1	False	M7.MAA000607.3_9_M.1.1-1-1-1	one_assay_suffix	3m	1	nan	thymocyte	CL:0002420	DN to DP transition (most are Cd8+/ Cd4+, some undergoing VDJ recombination)	facs	3_9_M	202673.0	1454.0	male	nan	Thymus	nan	21	23
M7-MAA000880-3_11_M-1-1	18.0	2.0	3	M7.MAA000880.3_11_M.1.1-1-1	3_11_M	Thymus	True	2	True	M7.MAA000880.3_11_M.1.1-1-1-1	one_assay_suffix	3m	1	nan	thymocyte	CL:0002420	DN to DP transition (most are Cd8+/ Cd4+, some undergoing VDJ recombination)	facs	3_11_M	850396.0	1513.0	male	nan	Thymus	nan	21	23
M8-B000127-3_38_F-1-1			3	M8.B000127.3_38_F.1.1-1-1	3_38_F	SCAT	False	1	False	M8.B000127.3_38_F.1.1-1-1-1	one_assay_suffix	3m	1	nan	T cell	CL:0000084	nan	facs	3_38_F	654993.0	1298.0	female	Fat	SCAT	nan	6	5
M8-B003291-3_39_F-1-1			3	M8.B003291.3_39_F.1.1-1-1	3_39_F	Thymus	False	1	False	M8.B003291.3_39_F.1.1-1-1-1	one_assay_suffix	3m	1	nan	DN4 thymocyte	CL:0002420	DN4 thymocyte	facs	3_39_F	1016377.0	1697.0	female	Flowthrough	Thymus	nan	6	5
M8-D043526-3_39_F-1-1			3	M8.D043526.3_39_F.1.1-1-1	3_39_F	SCAT	False	1	False	M8.D043526.3_39_F.1.1-1-1-1	one_assay_suffix	3m	1	nan	T cell	CL:0000084	nan	facs	3_39_F	635941.0	1325.0	female	Fat	SCAT	nan	4	21
M8-MAA000607-3_9_M-1-1	6.0	2.0	3	M8.MAA000607.3_9_M.1.1-1-1	3_9_M	Thymus	True	1	False	M8.MAA000607.3_9_M.1.1-1-1-1	one_assay_suffix	3m	1	nan	DN4 thymocyte	CL:0002420	DN4 thymocyte	facs	3_9_M	237583.0	1639.0	male	nan	Thymus	nan	6	5
M8-MAA000609-3_8_M-1-1			3	M8.MAA000609.3_8_M.1.1-1-1	3_8_M	Thymus	False	1	False	M8.MAA000609.3_8_M.1.1-1-1-1	one_assay_suffix	3m	1	nan	thymocyte	CL:0002420	DN to DP transition (most are Cd8+/ Cd4+, some undergoing VDJ recombination)	facs	3_8_M	361078.0	1513.0	male	nan	Thymus	nan	21	23
M8-MAA000779-3_11_M-1-1			3	M8.MAA000779.3_11_M.1.1-1-1	3_11_M	Spleen	False	1	False	M8.MAA000779.3_11_M.1.1-1-1-1	one_assay_suffix	3m	1	nan	CD4-positive, alpha-beta T cell	CL:0000084	Cd3e T cell	facs	3_11_M	451469.0	1315.0	male	nan	Spleen	nan	6	5
M9-B000827-3_38_F-1-1			3	M9.B000827.3_38_F.1.1-1-1	3_38_F	Thymus	False	1	False	M9.B000827.3_38_F.1.1-1-1-1	one_assay_suffix	3m	1	nan	DN4 thymocyte	CL:0002420	DN4 thymocyte	facs	3_38_F	847179.0	2268.0	female	Flowthrough	Thymus	nan	6	5
M9-B000971-3_39_F-1-1			3	M9.B000971.3_39_F.1.1-1-1	3_39_F	Spleen	False	1	False	M9.B000971.3_39_F.1.1-1-1-1	one_assay_suffix	3m	1	nan	CD8-positive, alpha-beta T cell	CL:0000084	nan	facs	3_39_F	826654.0	2729.0	female	nan	Spleen	nan	4	9
M9-B003291-3_39_F-1-1			3	M9.B003291.3_39_F.1.1-1-1	3_39_F	Thymus	False	1	False	M9.B003291.3_39_F.1.1-1-1-1	one_assay_suffix	3m	1	nan	thymocyte	CL:0002420	DN to DP transition (most are Cd8+/ Cd4+, some undergoing VDJ recombination)	facs	3_39_F	1144771.0	1596.0	female	Flowthrough	Thymus	nan	21	23
M9-MAA000385-3_10_M-1-1			3	M9.MAA000385.3_10_M.1.1-1-1	3_10_M	SCAT	False	1	False	M9.MAA000385.3_10_M.1.1-1-1-1	one_assay_suffix	3m	1	nan	T cell	CL:0000084	nan	facs	3_10_M	474197.0	2182.0	male	Fat	SCAT	nan	6	5
M9-MAA000508-3_9_M-1-1			3	M9.MAA000508.3_9_M.1.1-1-1	3_9_M	Spleen	False	1	False	M9.MAA000508.3_9_M.1.1-1-1-1	one_assay_suffix	3m	1	nan	CD8-positive, alpha-beta T cell	CL:0000084	nan	facs	3_9_M	213810.0	2005.0	male	nan	Spleen	nan	4	9
M9-MAA000607-3_9_M-1-1			3	M9.MAA000607.3_9_M.1.1-1-1	3_9_M	Thymus	False	1	False	M9.MAA000607.3_9_M.1.1-1-1-1	one_assay_suffix	3m	1	nan	DN4 thymocyte	CL:0002420	DN4 thymocyte	facs	3_9_M	380198.0	1865.0	male	nan	Thymus	nan	6	23
M9-MAA000609-3_8_M-1-1			3	M9.MAA000609.3_8_M.1.1-1-1	3_8_M	Thymus	False	1	False	M9.MAA000609.3_8_M.1.1-1-1-1	one_assay_suffix	3m	1	nan	DN4 thymocyte	CL:0002420	DN4 thymocyte	facs	3_8_M	482766.0	1884.0	male	nan	Thymus	nan	6	5
M9-MAA000934-3_9_M-1-1			3	M9.MAA000934.3_9_M.1.1-1-1	3_9_M	SCAT	False	1	False	M9.MAA000934.3_9_M.1.1-1-1-1	one_assay_suffix	3m	1	nan	CD8-positive, alpha-beta T cell	CL:0000084	nan	facs	3_9_M	148145.0	2295.0	male	Fat	SCAT	nan	4	9
M9-MAA001888-3_39_F-1-1			3	M9.MAA001888.3_39_F.1.1-1-1	3_39_F	Marrow	False	1	False	M9.MAA001888.3_39_F.1.1-1-1-1	one_assay_suffix	3m	1	nan	mature alpha-beta T cell	CL:0002420	BM CD8 + CD4 T cell	facs	3_39_F	302714.0	2957.0	female	T-cells	Marrow	nan	6	21
N1-B000827-3_38_F-1-1			3	N1.B000827.3_38_F.1.1-1-1	3_38_F	Thymus	False	1	False	N1.B000827.3_38_F.1.1-1-1-1	one_assay_suffix	3m	1	nan	DN4 thymocyte	CL:0002420	DN4 thymocyte	facs	3_38_F	861967.0	2457.0	female	Flowthrough	Thymus	nan	4	21
N1-B003291-3_39_F-1-1			3	N1.B003291.3_39_F.1.1-1-1	3_39_F	Thymus	False	1	False	N1.B003291.3_39_F.1.1-1-1-1	one_assay_suffix	3m	1	nan	thymocyte	CL:0002420	DN to DP transition (most are Cd8+/ Cd4+, some undergoing VDJ recombination)	facs	3_39_F	815862.0	1452.0	female	Flowthrough	Thymus	nan	21	23
N1-MAA000779-3_11_M-1-1			3	N1.MAA000779.3_11_M.1.1-1-1	3_11_M	Spleen	False	1	False	N1.MAA000779.3_11_M.1.1-1-1-1	one_assay_suffix	3m	1	nan	CD4-positive, alpha-beta T cell	CL:0000084	Cd3e T cell	facs	3_11_M	408560.0	1527.0	male	nan	Spleen	nan	6	5
N1-MAA001888-3_39_F-1-1			3	N1.MAA001888.3_39_F.1.1-1-1	3_39_F	Marrow	False	1	False	N1.MAA001888.3_39_F.1.1-1-1-1	one_assay_suffix	3m	1	nan	NK cell	CL:0000824	NK cell	facs	3_39_F	552309.0	4349.0	female	T-cells	Marrow	nan	40	9
N1-MAA001889-3_38_F-1-1	9.0	2.0	3	N1.MAA001889.3_38_F.1.1-1-1	3_38_F	Lung	True	2	True		unmatched																
N10-B002955-3_56_F-1-1			3	N10.B002955.3_56_F.1.1-1-1	3_56_F	GAT	False	1	False	N10.B002955.3_56_F.1.1-1-1-1	one_assay_suffix	3m	1	nan	CD8-positive, alpha-beta T cell	CL:0000084	nan	facs	3_56_F	762074.0	2419.0	female	Fat	GAT	nan	6	5
N10-B003291-3_39_F-1-1			3	N10.B003291.3_39_F.1.1-1-1	3_39_F	Thymus	False	1	False	N10.B003291.3_39_F.1.1-1-1-1	one_assay_suffix	3m	1	nan	thymocyte	CL:0002420	DN to DP transition (most are Cd8+/ Cd4+, some undergoing VDJ recombination)	facs	3_39_F	888703.0	1614.0	female	Flowthrough	Thymus	nan	21	23
N10-D043520-3_39_F-1-1			3	N10.D043520.3_39_F.1.1-1-1	3_39_F	MAT	False	1	False	N10.D043520.3_39_F.1.1-1-1-1	one_assay_suffix	3m	1	nan	CD8-positive, alpha-beta T cell	CL:0000084	nan	facs	3_39_F	617237.0	2026.0	female	Fat	MAT	nan	4	9
N10-MAA000442-3_11_M-1-1			3	N10.MAA000442.3_11_M.1.1-1-1	3_11_M	BAT	False	1	False	N10.MAA000442.3_11_M.1.1-1-1-1	one_assay_suffix	3m	1	nan	T cell	CL:0000084	nan	facs	3_11_M	526942.0	2117.0	male	Fat	BAT	nan	6	5
N10-MAA000607-3_9_M-1-1			3	N10.MAA000607.3_9_M.1.1-1-1	3_9_M	Thymus	False	1	False	N10.MAA000607.3_9_M.1.1-1-1-1	one_assay_suffix	3m	1	nan	thymocyte	CL:0002420	DN to DP transition (most are Cd8+/ Cd4+, some undergoing VDJ recombination)	facs	3_9_M	296518.0	1783.0	male	nan	Thymus	nan	21	23
N10-MAA000609-3_8_M-1-1			3	N10.MAA000609.3_8_M.1.1-1-1	3_8_M	Thymus	False	1	False	N10.MAA000609.3_8_M.1.1-1-1-1	one_assay_suffix	3m	1	nan	thymocyte	CL:0002420	DN to DP transition (most are Cd8+/ Cd4+, some undergoing VDJ recombination)	facs	3_8_M	404294.0	1992.0	male	nan	Thymus	nan	21	23
N10-MAA000880-3_11_M-1-1			3	N10.MAA000880.3_11_M.1.1-1-1	3_11_M	Thymus	False	1	False	N10.MAA000880.3_11_M.1.1-1-1-1	one_assay_suffix	3m	1	nan	thymocyte	CL:0002420	DN to DP transition (most are Cd8+/ Cd4+, some undergoing VDJ recombination)	facs	3_11_M	505634.0	962.0	male	nan	Thymus	nan	6	23
N10-MAA000914-3_9_M-1-1			3	N10.MAA000914.3_9_M.1.1-1-1	3_9_M	MAT	False	1	False	N10.MAA000914.3_9_M.1.1-1-1-1	one_assay_suffix	3m	1	nan	CD4-positive, alpha-beta T cell	CL:0000084	nan	facs	3_9_M	1291398.0	2206.0	male	Fat	MAT	nan	6	5
N11-B000827-3_38_F-1-1			3	N11.B000827.3_38_F.1.1-1-1	3_38_F	Thymus	False	1	False	N11.B000827.3_38_F.1.1-1-1-1	one_assay_suffix	3m	1	nan	DN4 thymocyte	CL:0002420	DN4 thymocyte	facs	3_38_F	450279.0	2091.0	female	Flowthrough	Thymus	nan	6	5
N11-B002707-3_39_F-1-1			3	N11.B002707.3_39_F.1.1-1-1	3_39_F	BAT	False	1	False	N11.B002707.3_39_F.1.1-1-1-1	one_assay_suffix	3m	1	nan	T cell	CL:0000084	nan	facs	3_39_F	252995.0	1674.0	female	Fat	BAT	nan	6	5
N11-B003291-3_39_F-1-1			3	N11.B003291.3_39_F.1.1-1-1	3_39_F	Thymus	False	1	False	N11.B003291.3_39_F.1.1-1-1-1	one_assay_suffix	3m	1	nan	thymocyte	CL:0002420	DN to DP transition (most are Cd8+/ Cd4+, some undergoing VDJ recombination)	facs	3_39_F	835301.0	1218.0	female	Flowthrough	Thymus	nan	21	23
N11-D045064-3_38_F-1-1			3	N11.D045064.3_38_F.1.1-1-1	3_38_F	MAT	False	1	False	N11.D045064.3_38_F.1.1-1-1-1	one_assay_suffix	3m	1	nan	CD4-positive, alpha-beta T cell	CL:0000084	nan	facs	3_38_F	828665.0	1232.0	female	Fat	MAT	nan	6	5
N11-MAA000609-3_8_M-1-1			3	N11.MAA000609.3_8_M.1.1-1-1	3_8_M	Thymus	False	1	False	N11.MAA000609.3_8_M.1.1-1-1-1	one_assay_suffix	3m	1	nan	thymocyte	CL:0002420	DN to DP transition (most are Cd8+/ Cd4+, some undergoing VDJ recombination)	facs	3_8_M	97503.0	1435.0	male	nan	Thymus	nan	21	23
N11-MAA000880-3_11_M-1-1			3	N11.MAA000880.3_11_M.1.1-1-1	3_11_M	Thymus	False	1	False	N11.MAA000880.3_11_M.1.1-1-1-1	one_assay_suffix	3m	1	nan	DN4 thymocyte	CL:0002420	DN4 thymocyte	facs	3_11_M	524547.0	1301.0	male	nan	Thymus	nan	4	9
N11-MAA000914-3_9_M-1-1			3	N11.MAA000914.3_9_M.1.1-1-1	3_9_M	MAT	False	1	False	N11.MAA000914.3_9_M.1.1-1-1-1	one_assay_suffix	3m	1	nan	CD4-positive, alpha-beta T cell	CL:0000084	nan	facs	3_9_M	741701.0	1513.0	male	Fat	MAT	nan	6	5
N12-B000827-3_38_F-1-1			3	N12.B000827.3_38_F.1.1-1-1	3_38_F	Thymus	False	1	False	N12.B000827.3_38_F.1.1-1-1-1	one_assay_suffix	3m	1	nan	DN4 thymocyte	CL:0002420	DN4 thymocyte	facs	3_38_F	335640.0	1975.0	female	Flowthrough	Thymus	nan	6	5
N12-B001750-3_38_F-1-1			3	N12.B001750.3_38_F.1.1-1-1	3_38_F	Spleen	False	1	False	N12.B001750.3_38_F.1.1-1-1-1	one_assay_suffix	3m	1	nan	CD8-positive, alpha-beta T cell	CL:0000084	Cd3e T cell	facs	3_38_F	441836.0	1774.0	female	nan	Spleen	nan	6	5
N12-B003291-3_39_F-1-1			3	N12.B003291.3_39_F.1.1-1-1	3_39_F	Thymus	False	1	False	N12.B003291.3_39_F.1.1-1-1-1	one_assay_suffix	3m	1	nan	thymocyte	CL:0002420	DN to DP transition (most are Cd8+/ Cd4+, some undergoing VDJ recombination)	facs	3_39_F	1248114.0	1819.0	female	Flowthrough	Thymus	nan	21	23
N12-MAA000607-3_9_M-1-1			3	N12.MAA000607.3_9_M.1.1-1-1	3_9_M	Thymus	False	1	False	N12.MAA000607.3_9_M.1.1-1-1-1	one_assay_suffix	3m	1	nan	DN4 thymocyte	CL:0002420	DN4 thymocyte	facs	3_9_M	443787.0	2103.0	male	nan	Thymus	nan	6	5
N12-MAA000609-3_8_M-1-1			3	N12.MAA000609.3_8_M.1.1-1-1	3_8_M	Thymus	False	1	False	N12.MAA000609.3_8_M.1.1-1-1-1	one_assay_suffix	3m	1	nan	DN4 thymocyte	CL:0002420	DN4 thymocyte	facs	3_8_M	102290.0	2026.0	male	nan	Thymus	nan	6	5
N12-MAA000844-3_10_M-1-1			3	N12.MAA000844.3_10_M.1.1-1-1	3_10_M	Marrow	False	1	False	N12.MAA000844.3_10_M.1.1-1-1-1	one_assay_suffix	3m	1	nan	mature alpha-beta T cell	CL:0002420	BM CD8 + CD4 T cell	facs	3_10_M	688199.0	2079.0	male	T-cells	Marrow	nan	4	9
N12-MAA000877-3_11_M-1-1			3	N12.MAA000877.3_11_M.1.1-1-1	3_11_M	MAT	False	1	False	N12.MAA000877.3_11_M.1.1-1-1-1	one_assay_suffix	3m	1	nan	CD8-positive, alpha-beta T cell	CL:0000084	nan	facs	3_11_M	790321.0	2253.0	male	Fat	MAT	nan	4	9
N12-MAA000880-3_11_M-1-1			3	N12.MAA000880.3_11_M.1.1-1-1	3_11_M	Thymus	False	1	False	N12.MAA000880.3_11_M.1.1-1-1-1	one_assay_suffix	3m	1	nan	DN4 thymocyte	CL:0002420	DN4 thymocyte	facs	3_11_M	559011.0	1324.0	male	nan	Thymus	nan	6	5
N12-MAA001888-3_39_F-1-1			3	N12.MAA001888.3_39_F.1.1-1-1	3_39_F	Marrow	False	1	False	N12.MAA001888.3_39_F.1.1-1-1-1	one_assay_suffix	3m	1	nan	mature alpha-beta T cell	CL:0000236	BM CD8 + CD4 T cell	facs	3_39_F	249166.0	3520.0	female	T-cells	Marrow	nan	40	47
N12-MAA001889-3_38_F-1-1			3	N12.MAA001889.3_38_F.1.1-1-1	3_38_F	Lung	False	1	False	N12.MAA001889.3_38_F.1.1-1-1-1	one_assay_suffix	3m	1	nan	NK cell	CL:0000623	Natural Killer	facs	3_38_F	2433816.0	1906.0	female	EPCAM	Lung	nan	40	47
N13-B000827-3_38_F-1-1			3	N13.B000827.3_38_F.1.1-1-1	3_38_F	Thymus	False	1	False	N13.B000827.3_38_F.1.1-1-1-1	one_assay_suffix	3m	1	nan	DN4 thymocyte	CL:0002420	DN4 thymocyte	facs	3_38_F	490712.0	1791.0	female	Flowthrough	Thymus	nan	6	5
N13-B001960-3_56_F-1-1			3	N13.B001960.3_56_F.1.1-1-1	3_56_F	BAT	False	1	False	N13.B001960.3_56_F.1.1-1-1-1	one_assay_suffix	3m	1	nan	T cell	CL:0000084	nan	facs	3_56_F	1046913.0	1649.0	female	Fat	BAT	nan	6	5
N13-B002314-3_56_F-1-1			3	N13.B002314.3_56_F.1.1-1-1	3_56_F	MAT	False	1	False	N13.B002314.3_56_F.1.1-1-1-1	one_assay_suffix	3m	1	nan	CD4-positive, alpha-beta T cell	CL:0000084	nan	facs	3_56_F	1307821.0	2170.0	female	Fat	MAT	nan	6	5
N13-B003291-3_39_F-1-1			3	N13.B003291.3_39_F.1.1-1-1	3_39_F	Thymus	False	1	False	N13.B003291.3_39_F.1.1-1-1-1	one_assay_suffix	3m	1	nan	thymocyte	CL:0002420	DN to DP transition (most are Cd8+/ Cd4+, some undergoing VDJ recombination)	facs	3_39_F	1166793.0	1515.0	female	Flowthrough	Thymus	nan	21	23
N13-MAA000607-3_9_M-1-1			3	N13.MAA000607.3_9_M.1.1-1-1	3_9_M	Thymus	False	1	False	N13.MAA000607.3_9_M.1.1-1-1-1	one_assay_suffix	3m	1	nan	thymocyte	CL:0000738	DN to DP transition (most are Cd8+/ Cd4+, some undergoing VDJ recombination)	facs	3_9_M	553417.0	2104.0	male	nan	Thymus	nan	21	23
N13-MAA000877-3_11_M-1-1			3	N13.MAA000877.3_11_M.1.1-1-1	3_11_M	MAT	False	1	False	N13.MAA000877.3_11_M.1.1-1-1-1	one_assay_suffix	3m	1	nan	CD4-positive, alpha-beta T cell	CL:0000084	nan	facs	3_11_M	1407476.0	2886.0	male	Fat	MAT	nan	4	5
N13-MAA000880-3_11_M-1-1			3	N13.MAA000880.3_11_M.1.1-1-1	3_11_M	Thymus	False	1	False	N13.MAA000880.3_11_M.1.1-1-1-1	one_assay_suffix	3m	1	nan	DN4 thymocyte	CL:0002420	DN4 thymocyte	facs	3_11_M	569838.0	1407.0	male	nan	Thymus	nan	6	5
N13-MAA001888-3_39_F-1-1			3	N13.MAA001888.3_39_F.1.1-1-1	3_39_F	Marrow	False	1	False	N13.MAA001888.3_39_F.1.1-1-1-1	one_assay_suffix	3m	1	nan	NK cell	CL:0000914	NK cell	facs	3_39_F	419613.0	3737.0	female	T-cells	Marrow	nan	4	9
N14-B000827-3_38_F-1-1			3	N14.B000827.3_38_F.1.1-1-1	3_38_F	Thymus	False	1	False	N14.B000827.3_38_F.1.1-1-1-1	one_assay_suffix	3m	1	nan	DN4 thymocyte	CL:0002420	DN4 thymocyte	facs	3_38_F	417812.0	1907.0	female	Flowthrough	Thymus	nan	6	5
N14-B002707-3_39_F-1-1			3	N14.B002707.3_39_F.1.1-1-1	3_39_F	BAT	False	1	False	N14.B002707.3_39_F.1.1-1-1-1	one_assay_suffix	3m	1	nan	T cell	CL:0000084	nan	facs	3_39_F	283619.0	1859.0	female	Fat	BAT	nan	6	5
N14-B003291-3_39_F-1-1			3	N14.B003291.3_39_F.1.1-1-1	3_39_F	Thymus	False	1	False	N14.B003291.3_39_F.1.1-1-1-1	one_assay_suffix	3m	1	nan	thymocyte	CL:0002420	DN to DP transition (most are Cd8+/ Cd4+, some undergoing VDJ recombination)	facs	3_39_F	1923767.0	2152.0	female	Flowthrough	Thymus	nan	21	23
N14-MAA000385-3_10_M-1-1			3	N14.MAA000385.3_10_M.1.1-1-1	3_10_M	SCAT	False	1	False	N14.MAA000385.3_10_M.1.1-1-1-1	one_assay_suffix	3m	1	nan	B cell	CL:0000236	nan	facs	3_10_M	1150334.0	3151.0	male	Fat	SCAT	nan	4	48
N14-MAA000607-3_9_M-1-1			3	N14.MAA000607.3_9_M.1.1-1-1	3_9_M	Thymus	False	1	False	N14.MAA000607.3_9_M.1.1-1-1-1	one_assay_suffix	3m	1	nan	thymocyte	CL:0002420	proliferating thymocyte; DN to DP transition, dividing (some are Cd8+/ Cd4+, some undergoing VDJ recombination)	facs	3_9_M	1592649.0	4119.0	male	nan	Thymus	nan	21	23
N14-MAA000609-3_8_M-1-1			3	N14.MAA000609.3_8_M.1.1-1-1	3_8_M	Thymus	False	1	False	N14.MAA000609.3_8_M.1.1-1-1-1	one_assay_suffix	3m	1	nan	thymocyte	CL:0002420	DN to DP transition (most are Cd8+/ Cd4+, some undergoing VDJ recombination)	facs	3_8_M	157614.0	1577.0	male	nan	Thymus	nan	21	23
N14-MAA000779-3_11_M-1-1	33.0	3.0	3	N14.MAA000779.3_11_M.1.1-1-1	3_11_M	Spleen	True	1	False	N14.MAA000779.3_11_M.1.1-1-1-1	one_assay_suffix	3m	1	nan	CD4-positive, alpha-beta T cell	CL:0000084	nan	facs	3_11_M	541740.0	1732.0	male	nan	Spleen	nan	4	9
N14-MAA000880-3_11_M-1-1			3	N14.MAA000880.3_11_M.1.1-1-1	3_11_M	Thymus	False	1	False	N14.MAA000880.3_11_M.1.1-1-1-1	one_assay_suffix	3m	1	nan	DN4 thymocyte	CL:0002420	DN4 thymocyte	facs	3_11_M	600463.0	1422.0	male	nan	Thymus	nan	6	5
N15-B000827-3_38_F-1-1			3	N15.B000827.3_38_F.1.1-1-1	3_38_F	Thymus	False	1	False	N15.B000827.3_38_F.1.1-1-1-1	one_assay_suffix	3m	1	nan	DN4 thymocyte	CL:0002420	DN4 thymocyte	facs	3_38_F	429731.0	2318.0	female	Flowthrough	Thymus	nan	6	5
N15-B003291-3_39_F-1-1			3	N15.B003291.3_39_F.1.1-1-1	3_39_F	Thymus	False	1	False	N15.B003291.3_39_F.1.1-1-1-1	one_assay_suffix	3m	1	nan	thymocyte	CL:0002420	DN to DP transition (most are Cd8+/ Cd4+, some undergoing VDJ recombination)	facs	3_39_F	1098293.0	1419.0	female	Flowthrough	Thymus	nan	21	23
N15-MAA000607-3_9_M-1-1			3	N15.MAA000607.3_9_M.1.1-1-1	3_9_M	Thymus	False	1	False	N15.MAA000607.3_9_M.1.1-1-1-1	one_assay_suffix	3m	1	nan	thymocyte	CL:0002420	DN to DP transition (most are Cd8+/ Cd4+, some undergoing VDJ recombination)	facs	3_9_M	387856.0	1571.0	male	nan	Thymus	nan	21	23
N15-MAA000880-3_11_M-1-1			3	N15.MAA000880.3_11_M.1.1-1-1	3_11_M	Thymus	False	1	False	N15.MAA000880.3_11_M.1.1-1-1-1	one_assay_suffix	3m	1	nan	DN4 thymocyte	CL:0002420	DN4 thymocyte	facs	3_11_M	680181.0	1806.0	male	nan	Thymus	nan	6	5
N15-MAA001865-3_38_F-1-1			3	N15.MAA001865.3_38_F.1.1-1-1	3_38_F	Trachea	False	1	False	N15.MAA001865.3_38_F.1.1-1-1-1	one_assay_suffix	3m	1	nan	T cell	CL:0000081	nan	facs	3_38_F	436389.0	3594.0	female	nan	Trachea	nan	21	23
N16-B000827-3_38_F-1-1			3	N16.B000827.3_38_F.1.1-1-1	3_38_F	Thymus	False	1	False	N16.B000827.3_38_F.1.1-1-1-1	one_assay_suffix	3m	1	nan	DN4 thymocyte	CL:0002420	DN4 thymocyte	facs	3_38_F	242281.0	1586.0	female	Flowthrough	Thymus	nan	6	5
N16-B001750-3_38_F-1-1			3	N16.B001750.3_38_F.1.1-1-1	3_38_F	Spleen	False	1	False	N16.B001750.3_38_F.1.1-1-1-1	one_assay_suffix	3m	1	nan	CD4-positive, alpha-beta T cell	CL:0000084	Cd3e T cell	facs	3_38_F	309378.0	1237.0	female	nan	Spleen	nan	6	5
N16-B003291-3_39_F-1-1			3	N16.B003291.3_39_F.1.1-1-1	3_39_F	Thymus	False	1	False	N16.B003291.3_39_F.1.1-1-1-1	one_assay_suffix	3m	1	nan	thymocyte	CL:0002420	DN to DP transition (most are Cd8+/ Cd4+, some undergoing VDJ recombination)	facs	3_39_F	885077.0	1229.0	female	Flowthrough	Thymus	nan	21	23
N16-MAA000607-3_9_M-1-1			3	N16.MAA000607.3_9_M.1.1-1-1	3_9_M	Thymus	False	1	False	N16.MAA000607.3_9_M.1.1-1-1-1	one_assay_suffix	3m	1	nan	thymocyte	CL:0002420	DN to DP transition (most are Cd8+/ Cd4+, some undergoing VDJ recombination)	facs	3_9_M	293926.0	1446.0	male	nan	Thymus	nan	21	23
N16-MAA000844-3_10_M-1-1			3	N16.MAA000844.3_10_M.1.1-1-1	3_10_M	Marrow	False	1	False	N16.MAA000844.3_10_M.1.1-1-1-1	one_assay_suffix	3m	1	nan	NK cell	CL:0000094	Klrb1a/b/c(-) NK cell	facs	3_10_M	1967837.0	3525.0	male	T-cells	Marrow	nan	11	8
N16-MAA000877-3_11_M-1-1			3	N16.MAA000877.3_11_M.1.1-1-1	3_11_M	MAT	False	1	False	N16.MAA000877.3_11_M.1.1-1-1-1	one_assay_suffix	3m	1	nan	CD8-positive, alpha-beta T cell	CL:0000084	nan	facs	3_11_M	568308.0	2182.0	male	Fat	MAT	nan	6	5
N16-MAA000880-3_11_M-1-1			3	N16.MAA000880.3_11_M.1.1-1-1	3_11_M	Thymus	False	1	False	N16.MAA000880.3_11_M.1.1-1-1-1	one_assay_suffix	3m	1	nan	thymocyte	CL:0002420	DN to DP transition (most are Cd8+/ Cd4+, some undergoing VDJ recombination)	facs	3_11_M	236500.0	796.0	male	nan	Thymus	nan	21	23
N16-MAA000934-3_9_M-1-1			3	N16.MAA000934.3_9_M.1.1-1-1	3_9_M	SCAT	False	1	False	N16.MAA000934.3_9_M.1.1-1-1-1	one_assay_suffix	3m	1	nan	CD4-positive, alpha-beta T cell	CL:0000623	nan	facs	3_9_M	112862.0	2338.0	male	Fat	SCAT	nan	40	47
N16-MAA001888-3_39_F-1-1			3	N16.MAA001888.3_39_F.1.1-1-1	3_39_F	Marrow	False	1	False	N16.MAA001888.3_39_F.1.1-1-1-1	one_assay_suffix	3m	1	nan	NK cell	CL:0000914	NK cell	facs	3_39_F	243145.0	2294.0	female	T-cells	Marrow	nan	4	9
N17-B000827-3_38_F-1-1			3	N17.B000827.3_38_F.1.1-1-1	3_38_F	Thymus	False	1	False	N17.B000827.3_38_F.1.1-1-1-1	one_assay_suffix	3m	1	nan	DN4 thymocyte	CL:0002420	DN4 thymocyte	facs	3_38_F	1117137.0	3688.0	female	Flowthrough	Thymus	nan	4	21
N17-B000971-3_39_F-1-1			3	N17.B000971.3_39_F.1.1-1-1	3_39_F	Spleen	False	1	False	N17.B000971.3_39_F.1.1-1-1-1	one_assay_suffix	3m	1	nan	CD4-positive, alpha-beta T cell	CL:0000084	Cd3e T cell	facs	3_39_F	372949.0	1300.0	female	nan	Spleen	nan	6	5
N17-B003291-3_39_F-1-1			3	N17.B003291.3_39_F.1.1-1-1	3_39_F	Thymus	False	1	False	N17.B003291.3_39_F.1.1-1-1-1	one_assay_suffix	3m	1	nan	thymocyte	CL:0002420	DN to DP transition (most are Cd8+/ Cd4+, some undergoing VDJ recombination)	facs	3_39_F	631428.0	2548.0	female	Flowthrough	Thymus	nan	21	23
N17-MAA000607-3_9_M-1-1			3	N17.MAA000607.3_9_M.1.1-1-1	3_9_M	Thymus	False	1	False	N17.MAA000607.3_9_M.1.1-1-1-1	one_assay_suffix	3m	1	nan	thymocyte	CL:0002420	DN to DP transition (most are Cd8+/ Cd4+, some undergoing VDJ recombination)	facs	3_9_M	512588.0	1946.0	male	nan	Thymus	nan	6	23
N17-MAA000609-3_8_M-1-1			3	N17.MAA000609.3_8_M.1.1-1-1	3_8_M	Thymus	False	1	False	N17.MAA000609.3_8_M.1.1-1-1-1	one_assay_suffix	3m	1	nan	DN4 thymocyte	CL:0002420	DN4 thymocyte	facs	3_8_M	143305.0	1424.0	male	nan	Thymus	nan	6	5
N17-MAA000880-3_11_M-1-1			3	N17.MAA000880.3_11_M.1.1-1-1	3_11_M	Thymus	False	1	False	N17.MAA000880.3_11_M.1.1-1-1-1	one_assay_suffix	3m	1	nan	DN4 thymocyte	CL:0002420	DN4 thymocyte	facs	3_11_M	529770.0	1477.0	male	nan	Thymus	nan	6	5
N18-B000827-3_38_F-1-1			3	N18.B000827.3_38_F.1.1-1-1	3_38_F	Thymus	False	1	False	N18.B000827.3_38_F.1.1-1-1-1	one_assay_suffix	3m	1	nan	DN4 thymocyte	CL:0002420	DN4 thymocyte	facs	3_38_F	473273.0	2172.0	female	Flowthrough	Thymus	nan	6	5
N18-B001750-3_38_F-1-1			3	N18.B001750.3_38_F.1.1-1-1	3_38_F	Spleen	False	1	False	N18.B001750.3_38_F.1.1-1-1-1	one_assay_suffix	3m	1	nan	CD4-positive, alpha-beta T cell	CL:0000084	Cd3e T cell	facs	3_38_F	717694.0	1750.0	female	nan	Spleen	nan	6	5
N18-MAA000561-3_10_M-1-1	11.0	2.0	3	N18.MAA000561.3_10_M.1.1-1-1	3_10_M	Brain_Non-Myeloid	True	2	True	N18.MAA000561.3_10_M.1.1-1-1-1	one_assay_suffix	3m	1	nan	CD8-positive, alpha-beta T cell	CL:0000128	nan	facs	3_10_M	973696.0	2452.0	male	Cortex	Brain_Non-Myeloid	nan	4	9
N18-MAA000607-3_9_M-1-1			3	N18.MAA000607.3_9_M.1.1-1-1	3_9_M	Thymus	False	1	False	N18.MAA000607.3_9_M.1.1-1-1-1	one_assay_suffix	3m	1	nan	thymocyte	CL:0002420	DN to DP transition (most are Cd8+/ Cd4+, some undergoing VDJ recombination)	facs	3_9_M	354366.0	1766.0	male	nan	Thymus	nan	21	23
N18-MAA000609-3_8_M-1-1			3	N18.MAA000609.3_8_M.1.1-1-1	3_8_M	Thymus	False	1	False	N18.MAA000609.3_8_M.1.1-1-1-1	one_assay_suffix	3m	1	nan	thymocyte	CL:0002420	DN to DP transition (most are Cd8+/ Cd4+, some undergoing VDJ recombination)	facs	3_8_M	131611.0	1395.0	male	nan	Thymus	nan	21	23
N18-MAA000844-3_10_M-1-1			3	N18.MAA000844.3_10_M.1.1-1-1	3_10_M	Marrow	False	1	False	N18.MAA000844.3_10_M.1.1-1-1-1	one_assay_suffix	3m	1	nan	mature alpha-beta T cell	CL:0000236	BM CD8 + CD4 T cell	facs	3_10_M	1770583.0	3461.0	male	T-cells	Marrow	nan	4	48
N18-MAA000880-3_11_M-1-1			3	N18.MAA000880.3_11_M.1.1-1-1	3_11_M	Thymus	False	1	False	N18.MAA000880.3_11_M.1.1-1-1-1	one_assay_suffix	3m	1	nan	DN4 thymocyte	CL:0002420	DN4 thymocyte	facs	3_11_M	622282.0	1709.0	male	nan	Thymus	nan	6	5
N18-MAA001847-3_39_F-1-1			3	N18.MAA001847.3_39_F.1.1-1-1	3_39_F	Lung	False	1	False	N18.MAA001847.3_39_F.1.1-1-1-1	one_assay_suffix	3m	1	nan	CD4-positive, alpha-beta T cell	CL:0000084	CD4+ T	facs	3_39_F	258395.0	2582.0	female	EPCAM	Lung	nan	4	5
N19-B000827-3_38_F-1-1			3	N19.B000827.3_38_F.1.1-1-1	3_38_F	Thymus	False	1	False	N19.B000827.3_38_F.1.1-1-1-1	one_assay_suffix	3m	1	nan	DN4 thymocyte	CL:0002420	DN4 thymocyte	facs	3_38_F	580754.0	1968.0	female	Flowthrough	Thymus	nan	6	5
N19-B003291-3_39_F-1-1			3	N19.B003291.3_39_F.1.1-1-1	3_39_F	Thymus	False	1	False	N19.B003291.3_39_F.1.1-1-1-1	one_assay_suffix	3m	1	nan	DN4 thymocyte	CL:0002420	DN4 thymocyte	facs	3_39_F	1726599.0	1341.0	female	Flowthrough	Thymus	nan	6	23
N19-MAA000607-3_9_M-1-1			3	N19.MAA000607.3_9_M.1.1-1-1	3_9_M	Thymus	False	1	False	N19.MAA000607.3_9_M.1.1-1-1-1	one_assay_suffix	3m	1	nan	thymocyte	CL:0002420	DN to DP transition (most are Cd8+/ Cd4+, some undergoing VDJ recombination)	facs	3_9_M	356564.0	1521.0	male	nan	Thymus	nan	21	23
N19-MAA000609-3_8_M-1-1			3	N19.MAA000609.3_8_M.1.1-1-1	3_8_M	Thymus	False	1	False	N19.MAA000609.3_8_M.1.1-1-1-1	one_assay_suffix	3m	1	nan	thymocyte	CL:0002420	DN to DP transition (most are Cd8+/ Cd4+, some undergoing VDJ recombination)	facs	3_8_M	83655.0	1258.0	male	nan	Thymus	nan	21	23
N19-MAA000936-3_9_M-1-1	33.0	3.0	3	N19.MAA000936.3_9_M.1.1-1-1	3_9_M	Heart	True	1	False	N19.MAA000936.3_9_M.1.1-1-1-1	one_assay_suffix	3m	1	nan	T cell	CL:0000738	T cell	facs	3_9_M	181788.0	2712.0	male	RA	Heart	nan	4	21
N19-MAA001884-3_38_F-1-1	35.0	2.0	3	N19.MAA001884.3_38_F.1.1-1-1	3_38_F	Marrow	True	2	True	N19.MAA001884.3_38_F.1.1-1-1-1	one_assay_suffix	3m	1	nan	CD4-positive, alpha-beta T cell	CL:0000236	BM CD4 T cell	facs	3_38_F	1133352.0	3842.0	female	B-cells	Marrow	nan	4	48
N2-B001750-3_38_F-1-1			3	N2.B001750.3_38_F.1.1-1-1	3_38_F	Spleen	False	1	False	N2.B001750.3_38_F.1.1-1-1-1	one_assay_suffix	3m	1	nan	CD4-positive, alpha-beta T cell	CL:0000084	Cd3e T cell	facs	3_38_F	519610.0	2106.0	female	nan	Spleen	nan	6	5
N2-B003291-3_39_F-1-1			3	N2.B003291.3_39_F.1.1-1-1	3_39_F	Thymus	False	1	False	N2.B003291.3_39_F.1.1-1-1-1	one_assay_suffix	3m	1	nan	thymocyte	CL:0002420	DN to DP transition (most are Cd8+/ Cd4+, some undergoing VDJ recombination)	facs	3_39_F	982872.0	1619.0	female	Flowthrough	Thymus	nan	21	23
N2-MAA000607-3_9_M-1-1			3	N2.MAA000607.3_9_M.1.1-1-1	3_9_M	Thymus	False	1	False	N2.MAA000607.3_9_M.1.1-1-1-1	one_assay_suffix	3m	1	nan	DN4 thymocyte	CL:0002420	DN4 thymocyte	facs	3_9_M	436075.0	2163.0	male	nan	Thymus	nan	6	5
N20-B000827-3_38_F-1-1			3	N20.B000827.3_38_F.1.1-1-1	3_38_F	Thymus	False	1	False	N20.B000827.3_38_F.1.1-1-1-1	one_assay_suffix	3m	1	nan	DN4 thymocyte	CL:0002420	DN4 thymocyte	facs	3_38_F	430250.0	1978.0	female	Flowthrough	Thymus	nan	6	5
N20-B003291-3_39_F-1-1			3	N20.B003291.3_39_F.1.1-1-1	3_39_F	Thymus	False	1	False	N20.B003291.3_39_F.1.1-1-1-1	one_assay_suffix	3m	1	nan	thymocyte	CL:0002420	DN to DP transition (most are Cd8+/ Cd4+, some undergoing VDJ recombination)	facs	3_39_F	1391261.0	888.0	female	Flowthrough	Thymus	nan	21	23
N20-MAA000508-3_9_M-1-1			3	N20.MAA000508.3_9_M.1.1-1-1	3_9_M	Spleen	False	1	False	N20.MAA000508.3_9_M.1.1-1-1-1	one_assay_suffix	3m	1	nan	CD4-positive, alpha-beta T cell	CL:0000084	Cd3e T cell	facs	3_9_M	276672.0	2415.0	male	nan	Spleen	nan	6	5
N20-MAA000607-3_9_M-1-1			3	N20.MAA000607.3_9_M.1.1-1-1	3_9_M	Thymus	False	1	False	N20.MAA000607.3_9_M.1.1-1-1-1	one_assay_suffix	3m	1	nan	DN4 thymocyte	CL:0002420	DN4 thymocyte	facs	3_9_M	314879.0	1658.0	male	nan	Thymus	nan	6	5
N20-MAA000609-3_8_M-1-1			3	N20.MAA000609.3_8_M.1.1-1-1	3_8_M	Thymus	False	1	False	N20.MAA000609.3_8_M.1.1-1-1-1	one_assay_suffix	3m	1	nan	thymocyte	CL:0002420	DN to DP transition (most are Cd8+/ Cd4+, some undergoing VDJ recombination)	facs	3_8_M	124379.0	1441.0	male	nan	Thymus	nan	21	23
N20-MAA000880-3_11_M-1-1			3	N20.MAA000880.3_11_M.1.1-1-1	3_11_M	Thymus	False	1	False	N20.MAA000880.3_11_M.1.1-1-1-1	one_assay_suffix	3m	1	nan	thymocyte	CL:0002420	DN to DP transition (most are Cd8+/ Cd4+, some undergoing VDJ recombination)	facs	3_11_M	475103.0	1054.0	male	nan	Thymus	nan	21	23
N20-MAA001847-3_39_F-1-1			3	N20.MAA001847.3_39_F.1.1-1-1	3_39_F	Lung	False	1	False	N20.MAA001847.3_39_F.1.1-1-1-1	one_assay_suffix	3m	1	nan	CD8-positive, alpha-beta T cell	CL:0000084	CD8+ T	facs	3_39_F	224756.0	2745.0	female	EPCAM	Lung	nan	4	9
N20-MAA001865-3_38_F-1-1			3	N20.MAA001865.3_38_F.1.1-1-1	3_38_F	Trachea	False	1	False	N20.MAA001865.3_38_F.1.1-1-1-1	one_assay_suffix	3m	1	nan	T cell	CL:0000081	nan	facs	3_38_F	651846.0	4644.0	female	nan	Trachea	nan	21	23
N21-B000827-3_38_F-1-1			3	N21.B000827.3_38_F.1.1-1-1	3_38_F	Thymus	False	1	False	N21.B000827.3_38_F.1.1-1-1-1	one_assay_suffix	3m	1	nan	DN4 thymocyte	CL:0002420	DN4 thymocyte	facs	3_38_F	992236.0	1853.0	female	Flowthrough	Thymus	nan	6	5
N21-B003291-3_39_F-1-1			3	N21.B003291.3_39_F.1.1-1-1	3_39_F	Thymus	False	1	False	N21.B003291.3_39_F.1.1-1-1-1	one_assay_suffix	3m	1	nan	thymocyte	CL:0002420	DN to DP transition (most are Cd8+/ Cd4+, some undergoing VDJ recombination)	facs	3_39_F	2548000.0	1311.0	female	Flowthrough	Thymus	nan	21	23
N21-MAA000526-3_9_M-1-1			3	N21.MAA000526.3_9_M.1.1-1-1	3_9_M	Lung	False	1	False	N21.MAA000526.3_9_M.1.1-1-1-1	one_assay_suffix	3m	1	nan	CD4-positive, alpha-beta T cell	CL:0000084	CD4+ T	facs	3_9_M	637649.0	2019.0	male	nan	Lung	nan	6	5
N21-MAA000607-3_9_M-1-1			3	N21.MAA000607.3_9_M.1.1-1-1	3_9_M	Thymus	False	1	False	N21.MAA000607.3_9_M.1.1-1-1-1	one_assay_suffix	3m	1	nan	thymocyte	CL:0002420	DN to DP transition (most are Cd8+/ Cd4+, some undergoing VDJ recombination)	facs	3_9_M	487960.0	1848.0	male	nan	Thymus	nan	21	23
N21-MAA000609-3_8_M-1-1			3	N21.MAA000609.3_8_M.1.1-1-1	3_8_M	Thymus	False	1	False	N21.MAA000609.3_8_M.1.1-1-1-1	one_assay_suffix	3m	1	nan	thymocyte	CL:0002420	DN to DP transition (most are Cd8+/ Cd4+, some undergoing VDJ recombination)	facs	3_8_M	246888.0	1602.0	male	nan	Thymus	nan	21	23
N21-MAA000880-3_11_M-1-1	22.0	2.0	3	N21.MAA000880.3_11_M.1.1-1-1	3_11_M	Thymus	True	2	True	N21.MAA000880.3_11_M.1.1-1-1-1	one_assay_suffix	3m	1	nan	DN4 thymocyte	CL:0002420	DN4 thymocyte	facs	3_11_M	397551.0	969.0	male	nan	Thymus	nan	21	23
N22-B000827-3_38_F-1-1			3	N22.B000827.3_38_F.1.1-1-1	3_38_F	Thymus	False	1	False	N22.B000827.3_38_F.1.1-1-1-1	one_assay_suffix	3m	1	nan	DN4 thymocyte	CL:0002420	DN4 thymocyte	facs	3_38_F	519286.0	1892.0	female	Flowthrough	Thymus	nan	6	5
N22-MAA000530-3_8_M-1-1			3	N22.MAA000530.3_8_M.1.1-1-1	3_8_M	Lung	False	1	False	N22.MAA000530.3_8_M.1.1-1-1-1	one_assay_suffix	3m	1	nan	CD4-positive, alpha-beta T cell	CL:0000084	CD4+ T	facs	3_8_M	1405316.0	1972.0	male	nan	Lung	nan	6	5
N22-MAA000607-3_9_M-1-1			3	N22.MAA000607.3_9_M.1.1-1-1	3_9_M	Thymus	False	1	False	N22.MAA000607.3_9_M.1.1-1-1-1	one_assay_suffix	3m	1	nan	thymocyte	CL:0002420	proliferating thymocyte; DN to DP transition, dividing (some are Cd8+/ Cd4+, some undergoing VDJ recombination)	facs	3_9_M	2034500.0	5234.0	male	nan	Thymus	nan	21	23
N22-MAA000609-3_8_M-1-1			3	N22.MAA000609.3_8_M.1.1-1-1	3_8_M	Thymus	False	1	False	N22.MAA000609.3_8_M.1.1-1-1-1	one_assay_suffix	3m	1	nan	thymocyte	CL:0002420	DN to DP transition (most are Cd8+/ Cd4+, some undergoing VDJ recombination)	facs	3_8_M	123148.0	1278.0	male	nan	Thymus	nan	21	23
N22-MAA000848-3_10_M-1-1			3	N22.MAA000848.3_10_M.1.1-1-1	3_10_M	Marrow	False	1	False	N22.MAA000848.3_10_M.1.1-1-1-1	one_assay_suffix	3m	1	nan	granulocyte monocyte progenitor cell	CL:0002036	granulocyte monocyte progenitor cell	facs	3_10_M	856532.0	5412.0	male	KLS	Marrow	nan	16	35
N22-MAA000880-3_11_M-1-1			3	N22.MAA000880.3_11_M.1.1-1-1	3_11_M	Thymus	False	1	False	N22.MAA000880.3_11_M.1.1-1-1-1	one_assay_suffix	3m	1	nan	DN4 thymocyte	CL:0002420	DN4 thymocyte	facs	3_11_M	358122.0	1154.0	male	nan	Thymus	nan	6	5
N3-B000827-3_38_F-1-1			3	N3.B000827.3_38_F.1.1-1-1	3_38_F	Thymus	False	1	False	N3.B000827.3_38_F.1.1-1-1-1	one_assay_suffix	3m	1	nan	DN4 thymocyte	CL:0002420	DN4 thymocyte	facs	3_38_F	519742.0	2266.0	female	Flowthrough	Thymus	nan	6	5
N3-B000971-3_39_F-1-1			3	N3.B000971.3_39_F.1.1-1-1	3_39_F	Spleen	False	1	False	N3.B000971.3_39_F.1.1-1-1-1	one_assay_suffix	3m	1	nan	CD4-positive, alpha-beta T cell	CL:0000084	Cd3e T cell	facs	3_39_F	807779.0	2037.0	female	nan	Spleen	nan	4	21
N3-B003291-3_39_F-1-1			3	N3.B003291.3_39_F.1.1-1-1	3_39_F	Thymus	False	1	False	N3.B003291.3_39_F.1.1-1-1-1	one_assay_suffix	3m	1	nan	thymocyte	CL:0002420	DN to DP transition (most are Cd8+/ Cd4+, some undergoing VDJ recombination)	facs	3_39_F	790839.0	1741.0	female	Flowthrough	Thymus	nan	21	23
N4-B000827-3_38_F-1-1			3	N4.B000827.3_38_F.1.1-1-1	3_38_F	Thymus	False	1	False	N4.B000827.3_38_F.1.1-1-1-1	one_assay_suffix	3m	1	nan	DN4 thymocyte	CL:0002420	DN4 thymocyte	facs	3_38_F	561553.0	2356.0	female	Flowthrough	Thymus	nan	6	5
N4-B003291-3_39_F-1-1			3	N4.B003291.3_39_F.1.1-1-1	3_39_F	Thymus	False	1	False	N4.B003291.3_39_F.1.1-1-1-1	one_assay_suffix	3m	1	nan	thymocyte	CL:0002420	DN to DP transition (most are Cd8+/ Cd4+, some undergoing VDJ recombination)	facs	3_39_F	598210.0	1642.0	female	Flowthrough	Thymus	nan	21	23
N4-MAA000607-3_9_M-1-1			3	N4.MAA000607.3_9_M.1.1-1-1	3_9_M	Thymus	False	1	False	N4.MAA000607.3_9_M.1.1-1-1-1	one_assay_suffix	3m	1	nan	thymocyte	CL:0002420	DN to DP transition (most are Cd8+/ Cd4+, some undergoing VDJ recombination)	facs	3_9_M	256933.0	1415.0	male	nan	Thymus	nan	21	23
N4-MAA000779-3_11_M-1-1	15.0	2.0	3	N4.MAA000779.3_11_M.1.1-1-1	3_11_M	Spleen	True	1	False	N4.MAA000779.3_11_M.1.1-1-1-1	one_assay_suffix	3m	1	nan	CD4-positive, alpha-beta T cell	CL:0000084	Cd3e T cell	facs	3_11_M	183496.0	1071.0	male	nan	Spleen	nan	6	5
N5-B003291-3_39_F-1-1			3	N5.B003291.3_39_F.1.1-1-1	3_39_F	Thymus	False	1	False	N5.B003291.3_39_F.1.1-1-1-1	one_assay_suffix	3m	1	nan	thymocyte	CL:0002420	DN to DP transition (most are Cd8+/ Cd4+, some undergoing VDJ recombination)	facs	3_39_F	994799.0	1570.0	female	Flowthrough	Thymus	nan	21	23
N5-MAA000607-3_9_M-1-1			3	N5.MAA000607.3_9_M.1.1-1-1	3_9_M	Thymus	False	1	False	N5.MAA000607.3_9_M.1.1-1-1-1	one_assay_suffix	3m	1	nan	thymocyte	CL:0002420	DN to DP transition (most are Cd8+/ Cd4+, some undergoing VDJ recombination)	facs	3_9_M	250550.0	1509.0	male	nan	Thymus	nan	21	23
N5-MAA001888-3_39_F-1-1			3	N5.MAA001888.3_39_F.1.1-1-1	3_39_F	Marrow	False	1	False	N5.MAA001888.3_39_F.1.1-1-1-1	one_assay_suffix	3m	1	nan	mature alpha-beta T cell	CL:0000236	BM CD8 + CD4 T cell	facs	3_39_F	240379.0	2979.0	female	T-cells	Marrow	nan	4	9
N6-B000827-3_38_F-1-1			3	N6.B000827.3_38_F.1.1-1-1	3_38_F	Thymus	False	1	False	N6.B000827.3_38_F.1.1-1-1-1	one_assay_suffix	3m	1	nan	DN4 thymocyte	CL:0000894	DN4 thymocyte	facs	3_38_F	1137055.0	3017.0	female	Flowthrough	Thymus	nan	4	21
N6-B003291-3_39_F-1-1			3	N6.B003291.3_39_F.1.1-1-1	3_39_F	Thymus	False	1	False	N6.B003291.3_39_F.1.1-1-1-1	one_assay_suffix	3m	1	nan	thymocyte	CL:0002420	DN to DP transition (most are Cd8+/ Cd4+, some undergoing VDJ recombination)	facs	3_39_F	1010331.0	1380.0	female	Flowthrough	Thymus	nan	21	23
N6-MAA000607-3_9_M-1-1			3	N6.MAA000607.3_9_M.1.1-1-1	3_9_M	Thymus	False	1	False	N6.MAA000607.3_9_M.1.1-1-1-1	one_assay_suffix	3m	1	nan	DN4 thymocyte	CL:0002420	DN4 thymocyte	facs	3_9_M	429296.0	2217.0	male	nan	Thymus	nan	6	5
N7-B003291-3_39_F-1-1			3	N7.B003291.3_39_F.1.1-1-1	3_39_F	Thymus	False	1	False	N7.B003291.3_39_F.1.1-1-1-1	one_assay_suffix	3m	1	nan	thymocyte	CL:0002420	DN to DP transition (most are Cd8+/ Cd4+, some undergoing VDJ recombination)	facs	3_39_F	701288.0	1986.0	female	Flowthrough	Thymus	nan	21	23
N7-D043526-3_39_F-1-1			3	N7.D043526.3_39_F.1.1-1-1	3_39_F	SCAT	False	1	False	N7.D043526.3_39_F.1.1-1-1-1	one_assay_suffix	3m	1	nan	T cell	CL:0000084	nan	facs	3_39_F	633566.0	1309.0	female	Fat	SCAT	nan	6	5
N7-MAA000607-3_9_M-1-1	40.0	2.0	3	N7.MAA000607.3_9_M.1.1-1-1	3_9_M	Thymus	True	1	False	N7.MAA000607.3_9_M.1.1-1-1-1	one_assay_suffix	3m	1	nan	DN4 thymocyte	CL:0002420	DN4 thymocyte	facs	3_9_M	396443.0	2011.0	male	nan	Thymus	nan	6	5
N7-MAA000609-3_8_M-1-1			3	N7.MAA000609.3_8_M.1.1-1-1	3_8_M	Thymus	False	1	False	N7.MAA000609.3_8_M.1.1-1-1-1	one_assay_suffix	3m	1	nan	thymocyte	CL:0002420	proliferating thymocyte; DN to DP transition, dividing (some are Cd8+/ Cd4+, some undergoing VDJ recombination)	facs	3_8_M	1838423.0	4521.0	male	nan	Thymus	nan	21	23
N7-MAA000880-3_11_M-1-1			3	N7.MAA000880.3_11_M.1.1-1-1	3_11_M	Thymus	False	1	False	N7.MAA000880.3_11_M.1.1-1-1-1	one_assay_suffix	3m	1	nan	thymocyte	CL:0002420	DN to DP transition (most are Cd8+/ Cd4+, some undergoing VDJ recombination)	facs	3_11_M	1296212.0	1645.0	male	nan	Thymus	nan	21	23
N8-B000827-3_38_F-1-1			3	N8.B000827.3_38_F.1.1-1-1	3_38_F	Thymus	False	1	False	N8.B000827.3_38_F.1.1-1-1-1	one_assay_suffix	3m	1	nan	DN4 thymocyte	CL:0002420	DN4 thymocyte	facs	3_38_F	290641.0	1705.0	female	Flowthrough	Thymus	nan	6	5
N8-B000971-3_39_F-1-1			3	N8.B000971.3_39_F.1.1-1-1	3_39_F	Spleen	False	1	False	N8.B000971.3_39_F.1.1-1-1-1	one_assay_suffix	3m	1	nan	CD4-positive, alpha-beta T cell	CL:0000084	Cd3e T cell	facs	3_39_F	444175.0	1724.0	female	nan	Spleen	nan	4	5
N8-B001750-3_38_F-1-1			3	N8.B001750.3_38_F.1.1-1-1	3_38_F	Spleen	False	1	False	N8.B001750.3_38_F.1.1-1-1-1	one_assay_suffix	3m	1	nan	CD8-positive, alpha-beta T cell	CL:0000084	Cd3e T cell	facs	3_38_F	518023.0	1920.0	female	nan	Spleen	nan	6	5
N8-B003291-3_39_F-1-1			3	N8.B003291.3_39_F.1.1-1-1	3_39_F	Thymus	False	1	False	N8.B003291.3_39_F.1.1-1-1-1	one_assay_suffix	3m	1	nan	thymocyte	CL:0002420	DN to DP transition (most are Cd8+/ Cd4+, some undergoing VDJ recombination)	facs	3_39_F	597833.0	1426.0	female	Flowthrough	Thymus	nan	21	23
N8-MAA000442-3_11_M-1-1			3	N8.MAA000442.3_11_M.1.1-1-1	3_11_M	BAT	False	1	False	N8.MAA000442.3_11_M.1.1-1-1-1	one_assay_suffix	3m	1	nan	T cell	CL:0000084	nan	facs	3_11_M	449915.0	2047.0	male	Fat	BAT	nan	4	5
N8-MAA000508-3_9_M-1-1			3	N8.MAA000508.3_9_M.1.1-1-1	3_9_M	Spleen	False	1	False	N8.MAA000508.3_9_M.1.1-1-1-1	one_assay_suffix	3m	1	nan	CD4-positive, alpha-beta T cell	CL:0000084	Cd3e T cell	facs	3_9_M	264855.0	1970.0	male	nan	Spleen	nan	6	5
N8-MAA000607-3_9_M-1-1			3	N8.MAA000607.3_9_M.1.1-1-1	3_9_M	Thymus	False	1	False	N8.MAA000607.3_9_M.1.1-1-1-1	one_assay_suffix	3m	1	nan	thymocyte	CL:0002420	DN to DP transition (most are Cd8+/ Cd4+, some undergoing VDJ recombination)	facs	3_9_M	329644.0	1733.0	male	nan	Thymus	nan	21	23
N8-MAA000609-3_8_M-1-1			3	N8.MAA000609.3_8_M.1.1-1-1	3_8_M	Thymus	False	1	False	N8.MAA000609.3_8_M.1.1-1-1-1	one_assay_suffix	3m	1	nan	thymocyte	CL:0002420	proliferating thymocyte; DN to DP transition, dividing (some are Cd8+/ Cd4+, some undergoing VDJ recombination)	facs	3_8_M	872665.0	3871.0	male	nan	Thymus	nan	21	23
N8-MAA000880-3_11_M-1-1			3	N8.MAA000880.3_11_M.1.1-1-1	3_11_M	Thymus	False	1	False	N8.MAA000880.3_11_M.1.1-1-1-1	one_assay_suffix	3m	1	nan	thymocyte	CL:0002420	DN to DP transition (most are Cd8+/ Cd4+, some undergoing VDJ recombination)	facs	3_11_M	508326.0	1002.0	male	nan	Thymus	nan	21	23
N8-MAA001888-3_39_F-1-1			3	N8.MAA001888.3_39_F.1.1-1-1	3_39_F	Marrow	False	1	False	N8.MAA001888.3_39_F.1.1-1-1-1	one_assay_suffix	3m	1	nan	NK cell	CL:0000094	Klrb1a/b/c(-) NK cell	facs	3_39_F	343730.0	3445.0	female	T-cells	Marrow	nan	11	7
N9-B000827-3_38_F-1-1			3	N9.B000827.3_38_F.1.1-1-1	3_38_F	Thymus	False	1	False	N9.B000827.3_38_F.1.1-1-1-1	one_assay_suffix	3m	1	nan	DN4 thymocyte	CL:0002420	DN4 thymocyte	facs	3_38_F	373681.0	1473.0	female	Flowthrough	Thymus	nan	4	21
N9-B001750-3_38_F-1-1			3	N9.B001750.3_38_F.1.1-1-1	3_38_F	Spleen	False	1	False	N9.B001750.3_38_F.1.1-1-1-1	one_assay_suffix	3m	1	nan	CD8-positive, alpha-beta T cell	CL:0000084	Cd3e T cell	facs	3_38_F	342102.0	1761.0	female	nan	Spleen	nan	6	5
N9-B002314-3_56_F-1-1			3	N9.B002314.3_56_F.1.1-1-1	3_56_F	MAT	False	1	False	N9.B002314.3_56_F.1.1-1-1-1	one_assay_suffix	3m	1	nan	CD8-positive, alpha-beta T cell	CL:0000084	nan	facs	3_56_F	1346614.0	1790.0	female	Fat	MAT	nan	4	9
N9-B003291-3_39_F-1-1			3	N9.B003291.3_39_F.1.1-1-1	3_39_F	Thymus	False	1	False	N9.B003291.3_39_F.1.1-1-1-1	one_assay_suffix	3m	1	nan	thymocyte	CL:0002420	DN to DP transition (most are Cd8+/ Cd4+, some undergoing VDJ recombination)	facs	3_39_F	1351930.0	2196.0	female	Flowthrough	Thymus	nan	21	23
N9-MAA000441-3_10_M-1-1			3	N9.MAA000441.3_10_M.1.1-1-1	3_10_M	BAT	False	1	False	N9.MAA000441.3_10_M.1.1-1-1-1	one_assay_suffix	3m	1	nan	T cell	CL:0000084	nan	facs	3_10_M	252898.0	2243.0	male	Fat	BAT	nan	6	5
N9-MAA000607-3_9_M-1-1			3	N9.MAA000607.3_9_M.1.1-1-1	3_9_M	Thymus	False	1	False	N9.MAA000607.3_9_M.1.1-1-1-1	one_assay_suffix	3m	1	nan	thymocyte	CL:0002420	DN to DP transition (most are Cd8+/ Cd4+, some undergoing VDJ recombination)	facs	3_9_M	249156.0	1331.0	male	nan	Thymus	nan	21	23
N9-MAA000609-3_8_M-1-1			3	N9.MAA000609.3_8_M.1.1-1-1	3_8_M	Thymus	False	1	False	N9.MAA000609.3_8_M.1.1-1-1-1	one_assay_suffix	3m	1	nan	thymocyte	CL:0002420	DN to DP transition (most are Cd8+/ Cd4+, some undergoing VDJ recombination)	facs	3_8_M	225254.0	1216.0	male	nan	Thymus	nan	21	23
N9-MAA000844-3_10_M-1-1			3	N9.MAA000844.3_10_M.1.1-1-1	3_10_M	Marrow	False	1	False	N9.MAA000844.3_10_M.1.1-1-1-1	one_assay_suffix	3m	1	nan	NK cell	CL:0000914	NK cell	facs	3_10_M	1254519.0	2697.0	male	T-cells	Marrow	nan	4	47
N9-MAA000880-3_11_M-1-1			3	N9.MAA000880.3_11_M.1.1-1-1	3_11_M	Thymus	False	1	False	N9.MAA000880.3_11_M.1.1-1-1-1	one_assay_suffix	3m	1	nan	DN4 thymocyte	CL:0002420	DN4 thymocyte	facs	3_11_M	483938.0	1106.0	male	nan	Thymus	nan	6	5
O1-B000827-3_38_F-1-1			3	O1.B000827.3_38_F.1.1-1-1	3_38_F	Thymus	False	1	False	O1.B000827.3_38_F.1.1-1-1-1	one_assay_suffix	3m	1	nan	DN4 thymocyte	CL:0002420	DN4 thymocyte	facs	3_38_F	612843.0	2389.0	female	Flowthrough	Thymus	nan	6	5
O1-B001750-3_38_F-1-1			3	O1.B001750.3_38_F.1.1-1-1	3_38_F	Spleen	False	1	False	O1.B001750.3_38_F.1.1-1-1-1	one_assay_suffix	3m	1	nan	CD4-positive, alpha-beta T cell	CL:0000084	Cd3e T cell	facs	3_38_F	1141272.0	2134.0	female	nan	Spleen	nan	4	5
O1-B002762-3_39_F-1-1			3	O1.B002762.3_39_F.1.1-1-1	3_39_F	Diaphragm	False	1	False	O1.B002762.3_39_F.1.1-1-1-1	one_assay_suffix	3m	1	nan	T cell	nan	nan	facs	3_39_F	43297.0	1185.0	female	Limb_Muscle	Diaphragm	nan	4	21
O1-B003285-3_38_F-1-1			3	O1.B003285.3_38_F.1.1-1-1	3_38_F	Thymus	False	1	False	O1.B003285.3_38_F.1.1-1-1-1	one_assay_suffix	3m	1	nan	thymocyte	CL:0002420	DN to DP transition (most are Cd8+/ Cd4+, some undergoing VDJ recombination)	facs	3_38_F	176810.0	1674.0	female	Epithelium	Thymus	nan	21	23
O1-B003291-3_39_F-1-1	16.0	2.0	3	O1.B003291.3_39_F.1.1-1-1	3_39_F	Thymus	True	1	False	O1.B003291.3_39_F.1.1-1-1-1	one_assay_suffix	3m	1	nan	thymocyte	CL:0002420	DN to DP transition (most are Cd8+/ Cd4+, some undergoing VDJ recombination)	facs	3_39_F	448355.0	1655.0	female	Flowthrough	Thymus	nan	21	23
O1-MAA000607-3_9_M-1-1			3	O1.MAA000607.3_9_M.1.1-1-1	3_9_M	Thymus	False	1	False	O1.MAA000607.3_9_M.1.1-1-1-1	one_assay_suffix	3m	1	nan	thymocyte	CL:0002420	DN to DP transition (most are Cd8+/ Cd4+, some undergoing VDJ recombination)	facs	3_9_M	391302.0	1614.0	male	nan	Thymus	nan	21	23
O10-B000636-3_56_F-1-1			3	O10.B000636.3_56_F.1.1-1-1	3_56_F	Heart	False	1	False	O10.B000636.3_56_F.1.1-1-1-1	one_assay_suffix	3m	1	nan	T cell	CL:0000738	T cell	facs	3_56_F	780059.0	2183.0	female	LV	Heart	nan	4	9
O10-B000827-3_38_F-1-1			3	O10.B000827.3_38_F.1.1-1-1	3_38_F	Thymus	False	1	False	O10.B000827.3_38_F.1.1-1-1-1	one_assay_suffix	3m	1	nan	DN4 thymocyte	CL:0002420	DN4 thymocyte	facs	3_38_F	207948.0	2038.0	female	Flowthrough	Thymus	nan	6	5
O10-B002314-3_56_F-1-1			3	O10.B002314.3_56_F.1.1-1-1	3_56_F	MAT	False	1	False	O10.B002314.3_56_F.1.1-1-1-1	one_assay_suffix	3m	1	nan	CD8-positive, alpha-beta T cell	CL:0000084	nan	facs	3_56_F	955933.0	2600.0	female	Fat	MAT	nan	4	9
O10-B003291-3_39_F-1-1			3	O10.B003291.3_39_F.1.1-1-1	3_39_F	Thymus	False	1	False	O10.B003291.3_39_F.1.1-1-1-1	one_assay_suffix	3m	1	nan	thymocyte	CL:0002420	DN to DP transition (most are Cd8+/ Cd4+, some undergoing VDJ recombination)	facs	3_39_F	422330.0	1416.0	female	Flowthrough	Thymus	nan	21	23
O10-MAA000385-3_10_M-1-1			3	O10.MAA000385.3_10_M.1.1-1-1	3_10_M	SCAT	False	1	False	O10.MAA000385.3_10_M.1.1-1-1-1	one_assay_suffix	3m	1	nan	T cell	CL:0000084	nan	facs	3_10_M	504253.0	2303.0	male	Fat	SCAT	nan	6	5
O10-MAA000556-3_9_M-1-1			3	O10.MAA000556.3_9_M.1.1-1-1	3_9_M	BAT	False	1	False	O10.MAA000556.3_9_M.1.1-1-1-1	one_assay_suffix	3m	1	nan	T cell	CL:0000084	nan	facs	3_9_M	563611.0	2464.0	male	Fat	BAT	nan	4	21
O10-MAA000607-3_9_M-1-1			3	O10.MAA000607.3_9_M.1.1-1-1	3_9_M	Thymus	False	1	False	O10.MAA000607.3_9_M.1.1-1-1-1	one_assay_suffix	3m	1	nan	thymocyte	CL:0002420	DN to DP transition (most are Cd8+/ Cd4+, some undergoing VDJ recombination)	facs	3_9_M	425264.0	1902.0	male	nan	Thymus	nan	6	23
O10-MAA000609-3_8_M-1-1			3	O10.MAA000609.3_8_M.1.1-1-1	3_8_M	Thymus	False	1	False	O10.MAA000609.3_8_M.1.1-1-1-1	one_assay_suffix	3m	1	nan	thymocyte	CL:0002420	proliferating thymocyte; DN to DP transition, dividing (some are Cd8+/ Cd4+, some undergoing VDJ recombination)	facs	3_8_M	502337.0	3253.0	male	nan	Thymus	nan	21	23
O10-MAA000877-3_11_M-1-1			3	O10.MAA000877.3_11_M.1.1-1-1	3_11_M	MAT	False	1	False	O10.MAA000877.3_11_M.1.1-1-1-1	one_assay_suffix	3m	1	nan	CD4-positive, alpha-beta T cell	CL:0000084	nan	facs	3_11_M	440464.0	1610.0	male	Fat	MAT	nan	6	5
O10-MAA000880-3_11_M-1-1			3	O10.MAA000880.3_11_M.1.1-1-1	3_11_M	Thymus	False	1	False	O10.MAA000880.3_11_M.1.1-1-1-1	one_assay_suffix	3m	1	nan	thymocyte	CL:0002420	DN to DP transition (most are Cd8+/ Cd4+, some undergoing VDJ recombination)	facs	3_11_M	746041.0	1840.0	male	nan	Thymus	nan	21	23
O10-MAA000914-3_9_M-1-1	24.0	2.0	3	O10.MAA000914.3_9_M.1.1-1-1	3_9_M	MAT	True	2	True	O10.MAA000914.3_9_M.1.1-1-1-1	one_assay_suffix	3m	1	nan	CD4-positive, alpha-beta T cell	CL:0000084	nan	facs	3_9_M	458356.0	1583.0	male	Fat	MAT	nan	6	5
O10-MAA001888-3_39_F-1-1			3	O10.MAA001888.3_39_F.1.1-1-1	3_39_F	Marrow	False	1	False	O10.MAA001888.3_39_F.1.1-1-1-1	one_assay_suffix	3m	1	nan	promonocyte	CL:0000576	monocyte + promonocyte	facs	3_39_F	619607.0	5943.0	female	T-cells	Marrow	nan	2	17
O11-B003291-3_39_F-1-1			3	O11.B003291.3_39_F.1.1-1-1	3_39_F	Thymus	False	1	False	O11.B003291.3_39_F.1.1-1-1-1	one_assay_suffix	3m	1	nan	thymocyte	CL:0002420	DN to DP transition (most are Cd8+/ Cd4+, some undergoing VDJ recombination)	facs	3_39_F	799870.0	1402.0	female	Flowthrough	Thymus	nan	21	23
O11-D042186-3_8_M-1-1			3	O11.D042186.3_8_M.1.1-1-1	3_8_M	Limb_Muscle	False	1	False	O11.D042186.3_8_M.1.1-1-1-1	one_assay_suffix	3m	1	nan	T cell	CL:0000084	nan	facs	3_8_M	368751.0	2858.0	male	ForelimbandHindlimb	Limb_Muscle	nan	4	21
O11-D043520-3_39_F-1-1			3	O11.D043520.3_39_F.1.1-1-1	3_39_F	MAT	False	1	False	O11.D043520.3_39_F.1.1-1-1-1	one_assay_suffix	3m	1	nan	CD8-positive, alpha-beta T cell	CL:0000084	nan	facs	3_39_F	462013.0	1482.0	female	Fat	MAT	nan	4	5
O11-MAA000607-3_9_M-1-1			3	O11.MAA000607.3_9_M.1.1-1-1	3_9_M	Thymus	False	1	False	O11.MAA000607.3_9_M.1.1-1-1-1	one_assay_suffix	3m	1	nan	DN4 thymocyte	CL:0002420	DN4 thymocyte	facs	3_9_M	403930.0	1974.0	male	nan	Thymus	nan	6	5
O11-MAA000609-3_8_M-1-1			3	O11.MAA000609.3_8_M.1.1-1-1	3_8_M	Thymus	False	1	False	O11.MAA000609.3_8_M.1.1-1-1-1	one_assay_suffix	3m	1	nan	thymocyte	CL:0002420	DN to DP transition (most are Cd8+/ Cd4+, some undergoing VDJ recombination)	facs	3_8_M	103300.0	1257.0	male	nan	Thymus	nan	21	23
O11-MAA000880-3_11_M-1-1			3	O11.MAA000880.3_11_M.1.1-1-1	3_11_M	Thymus	False	1	False	O11.MAA000880.3_11_M.1.1-1-1-1	one_assay_suffix	3m	1	nan	thymocyte	CL:0002420	DN to DP transition (most are Cd8+/ Cd4+, some undergoing VDJ recombination)	facs	3_11_M	444895.0	961.0	male	nan	Thymus	nan	21	23
O11-MAA000913-3_9_M-1-1			3	O11.MAA000913.3_9_M.1.1-1-1	3_9_M	GAT	False	1	False	O11.MAA000913.3_9_M.1.1-1-1-1	one_assay_suffix	3m	1	nan	CD8-positive, alpha-beta T cell	CL:0000084	nan	facs	3_9_M	386056.0	1929.0	male	Fat	GAT	nan	4	9
O11-MAA000914-3_9_M-1-1			3	O11.MAA000914.3_9_M.1.1-1-1	3_9_M	MAT	False	1	False	O11.MAA000914.3_9_M.1.1-1-1-1	one_assay_suffix	3m	1	nan	CD4-positive, alpha-beta T cell	CL:0000084	nan	facs	3_9_M	1415944.0	1889.0	male	Fat	MAT	nan	6	5
O11-MAA001888-3_39_F-1-1			3	O11.MAA001888.3_39_F.1.1-1-1	3_39_F	Marrow	False	1	False	O11.MAA001888.3_39_F.1.1-1-1-1	one_assay_suffix	3m	1	nan	NK cell	CL:0000236	NK cell	facs	3_39_F	270105.0	3152.0	female	T-cells	Marrow	nan	40	47
O12-B000827-3_38_F-1-1			3	O12.B000827.3_38_F.1.1-1-1	3_38_F	Thymus	False	1	False	O12.B000827.3_38_F.1.1-1-1-1	one_assay_suffix	3m	1	nan	DN4 thymocyte	CL:0002420	DN4 thymocyte	facs	3_38_F	360962.0	2210.0	female	Flowthrough	Thymus	nan	6	5
O12-B002314-3_56_F-1-1			3	O12.B002314.3_56_F.1.1-1-1	3_56_F	MAT	False	1	False	O12.B002314.3_56_F.1.1-1-1-1	one_assay_suffix	3m	1	nan	CD4-positive, alpha-beta T cell	CL:0000084	nan	facs	3_56_F	841181.0	1805.0	female	Fat	MAT	nan	6	5
O12-B003291-3_39_F-1-1			3	O12.B003291.3_39_F.1.1-1-1	3_39_F	Thymus	False	1	False	O12.B003291.3_39_F.1.1-1-1-1	one_assay_suffix	3m	1	nan	thymocyte	CL:0002420	DN to DP transition (most are Cd8+/ Cd4+, some undergoing VDJ recombination)	facs	3_39_F	675724.0	1357.0	female	Flowthrough	Thymus	nan	21	23
O12-D043526-3_39_F-1-1	33.0	3.0	3	O12.D043526.3_39_F.1.1-1-1	3_39_F	SCAT	True	1	False	O12.D043526.3_39_F.1.1-1-1-1	one_assay_suffix	3m	1	nan	NK cell	CL:0000084	nan	facs	3_39_F	1826811.0	3460.0	female	Fat	SCAT	nan	4	21
O12-MAA000607-3_9_M-1-1			3	O12.MAA000607.3_9_M.1.1-1-1	3_9_M	Thymus	False	1	False	O12.MAA000607.3_9_M.1.1-1-1-1	one_assay_suffix	3m	1	nan	DN4 thymocyte	CL:0002420	DN4 thymocyte	facs	3_9_M	432627.0	1894.0	male	nan	Thymus	nan	6	5
O12-MAA000609-3_8_M-1-1			3	O12.MAA000609.3_8_M.1.1-1-1	3_8_M	Thymus	False	1	False	O12.MAA000609.3_8_M.1.1-1-1-1	one_assay_suffix	3m	1	nan	thymocyte	CL:0002420	DN to DP transition (most are Cd8+/ Cd4+, some undergoing VDJ recombination)	facs	3_8_M	81017.0	1249.0	male	nan	Thymus	nan	21	23
O12-MAA000877-3_11_M-1-1			3	O12.MAA000877.3_11_M.1.1-1-1	3_11_M	MAT	False	1	False	O12.MAA000877.3_11_M.1.1-1-1-1	one_assay_suffix	3m	1	nan	CD4-positive, alpha-beta T cell	CL:0000084	nan	facs	3_11_M	596609.0	3739.0	male	Fat	MAT	nan	4	21
O12-MAA000880-3_11_M-1-1			3	O12.MAA000880.3_11_M.1.1-1-1	3_11_M	Thymus	False	1	False	O12.MAA000880.3_11_M.1.1-1-1-1	one_assay_suffix	3m	1	nan	thymocyte	CL:0002420	proliferating thymocyte; DN to DP transition, dividing (some are Cd8+/ Cd4+, some undergoing VDJ recombination)	facs	3_11_M	970720.0	2581.0	male	nan	Thymus	nan	21	23
O13-B000127-3_38_F-1-1			3	O13.B000127.3_38_F.1.1-1-1	3_38_F	SCAT	False	1	False	O13.B000127.3_38_F.1.1-1-1-1	one_assay_suffix	3m	1	nan	T cell	CL:0000084	nan	facs	3_38_F	236525.0	1603.0	female	Fat	SCAT	nan	6	5
O13-B000827-3_38_F-1-1			3	O13.B000827.3_38_F.1.1-1-1	3_38_F	Thymus	False	1	False	O13.B000827.3_38_F.1.1-1-1-1	one_assay_suffix	3m	1	nan	DN4 thymocyte	CL:0002420	DN4 thymocyte	facs	3_38_F	259044.0	2646.0	female	Flowthrough	Thymus	nan	6	5
O13-B002314-3_56_F-1-1			3	O13.B002314.3_56_F.1.1-1-1	3_56_F	MAT	False	1	False	O13.B002314.3_56_F.1.1-1-1-1	one_assay_suffix	3m	1	nan	CD4-positive, alpha-beta T cell	CL:0000084	nan	facs	3_56_F	541133.0	1835.0	female	Fat	MAT	nan	4	21
O13-B003291-3_39_F-1-1			3	O13.B003291.3_39_F.1.1-1-1	3_39_F	Thymus	False	1	False	O13.B003291.3_39_F.1.1-1-1-1	one_assay_suffix	3m	1	nan	thymocyte	CL:0002420	DN to DP transition (most are Cd8+/ Cd4+, some undergoing VDJ recombination)	facs	3_39_F	799687.0	1861.0	female	Flowthrough	Thymus	nan	21	23
O13-D042105-3_11_M-1-1			3	O13.D042105.3_11_M.1.1-1-1	3_11_M	Diaphragm	False	1	False	O13.D042105.3_11_M.1.1-1-1-1	one_assay_suffix	3m	1	nan	T cell	CL:0000134	nan	facs	3_11_M	720797.0	2677.0	male	Limb_Muscle	Diaphragm	nan	21	23
O13-MAA000508-3_9_M-1-1			3	O13.MAA000508.3_9_M.1.1-1-1	3_9_M	Spleen	False	1	False	O13.MAA000508.3_9_M.1.1-1-1-1	one_assay_suffix	3m	1	nan	CD4-positive, alpha-beta T cell	CL:0000084	Cd3e T cell	facs	3_9_M	281035.0	1885.0	male	nan	Spleen	nan	6	5
O13-MAA000607-3_9_M-1-1			3	O13.MAA000607.3_9_M.1.1-1-1	3_9_M	Thymus	False	1	False	O13.MAA000607.3_9_M.1.1-1-1-1	one_assay_suffix	3m	1	nan	thymocyte	CL:0002420	DN to DP transition (most are Cd8+/ Cd4+, some undergoing VDJ recombination)	facs	3_9_M	359197.0	1744.0	male	nan	Thymus	nan	21	23
O13-MAA000609-3_8_M-1-1			3	O13.MAA000609.3_8_M.1.1-1-1	3_8_M	Thymus	False	1	False	O13.MAA000609.3_8_M.1.1-1-1-1	one_assay_suffix	3m	1	nan	thymocyte	CL:0002420	DN to DP transition (most are Cd8+/ Cd4+, some undergoing VDJ recombination)	facs	3_8_M	78153.0	1425.0	male	nan	Thymus	nan	21	23
O13-MAA000880-3_11_M-1-1			3	O13.MAA000880.3_11_M.1.1-1-1	3_11_M	Thymus	False	1	False	O13.MAA000880.3_11_M.1.1-1-1-1	one_assay_suffix	3m	1	nan	DN4 thymocyte	CL:0002420	DN4 thymocyte	facs	3_11_M	537651.0	1218.0	male	nan	Thymus	nan	6	5
O13-MAA000914-3_9_M-1-1			3	O13.MAA000914.3_9_M.1.1-1-1	3_9_M	MAT	False	1	False	O13.MAA000914.3_9_M.1.1-1-1-1	one_assay_suffix	3m	1	nan	CD4-positive, alpha-beta T cell	CL:0000084	nan	facs	3_9_M	807685.0	2465.0	male	Fat	MAT	nan	6	5
O13-MAA001888-3_39_F-1-1			3	O13.MAA001888.3_39_F.1.1-1-1	3_39_F	Marrow	False	1	False	O13.MAA001888.3_39_F.1.1-1-1-1	one_assay_suffix	3m	1	nan	NK cell	CL:0000914	NK cell	facs	3_39_F	322590.0	2718.0	female	T-cells	Marrow	nan	4	9
O14-B000827-3_38_F-1-1			3	O14.B000827.3_38_F.1.1-1-1	3_38_F	Thymus	False	1	False	O14.B000827.3_38_F.1.1-1-1-1	one_assay_suffix	3m	1	nan	DN4 thymocyte	CL:0000894	DN4 thymocyte	facs	3_38_F	128510.0	2087.0	female	Flowthrough	Thymus	nan	4	21
O14-B003291-3_39_F-1-1			3	O14.B003291.3_39_F.1.1-1-1	3_39_F	Thymus	False	1	False	O14.B003291.3_39_F.1.1-1-1-1	one_assay_suffix	3m	1	nan	DN4 thymocyte	CL:0002420	DN4 thymocyte	facs	3_39_F	564008.0	1561.0	female	Flowthrough	Thymus	nan	21	23
O14-MAA000385-3_10_M-1-1			3	O14.MAA000385.3_10_M.1.1-1-1	3_10_M	SCAT	False	1	False	O14.MAA000385.3_10_M.1.1-1-1-1	one_assay_suffix	3m	1	nan	T cell	CL:0000084	nan	facs	3_10_M	642533.0	2072.0	male	Fat	SCAT	nan	4	5
O14-MAA000441-3_10_M-1-1			3	O14.MAA000441.3_10_M.1.1-1-1	3_10_M	BAT	False	1	False	O14.MAA000441.3_10_M.1.1-1-1-1	one_assay_suffix	3m	1	nan	T cell	CL:0000084	nan	facs	3_10_M	190757.0	1991.0	male	Fat	BAT	nan	6	5
O14-MAA000508-3_9_M-1-1			3	O14.MAA000508.3_9_M.1.1-1-1	3_9_M	Spleen	False	1	False	O14.MAA000508.3_9_M.1.1-1-1-1	one_assay_suffix	3m	1	nan	CD4-positive, alpha-beta T cell	CL:0000084	Cd3e T cell	facs	3_9_M	185534.0	1715.0	male	nan	Spleen	nan	4	21
O14-MAA000556-3_9_M-1-1	3.0	2.0	3	O14.MAA000556.3_9_M.1.1-1-1	3_9_M	BAT	True	1	False	O14.MAA000556.3_9_M.1.1-1-1-1	one_assay_suffix	3m	1	nan	T cell	CL:0000084	nan	facs	3_9_M	404306.0	1624.0	male	Fat	BAT	nan	6	5
O14-MAA000607-3_9_M-1-1			3	O14.MAA000607.3_9_M.1.1-1-1	3_9_M	Thymus	False	1	False	O14.MAA000607.3_9_M.1.1-1-1-1	one_assay_suffix	3m	1	nan	thymocyte	CL:0002420	DN to DP transition (most are Cd8+/ Cd4+, some undergoing VDJ recombination)	facs	3_9_M	319583.0	1597.0	male	nan	Thymus	nan	21	23
O14-MAA000609-3_8_M-1-1			3	O14.MAA000609.3_8_M.1.1-1-1	3_8_M	Thymus	False	1	False	O14.MAA000609.3_8_M.1.1-1-1-1	one_assay_suffix	3m	1	nan	thymocyte	CL:0002420	DN to DP transition (most are Cd8+/ Cd4+, some undergoing VDJ recombination)	facs	3_8_M	151308.0	1633.0	male	nan	Thymus	nan	21	23
O14-MAA000880-3_11_M-1-1			3	O14.MAA000880.3_11_M.1.1-1-1	3_11_M	Thymus	False	1	False	O14.MAA000880.3_11_M.1.1-1-1-1	one_assay_suffix	3m	1	nan	DN4 thymocyte	CL:0002420	DN4 thymocyte	facs	3_11_M	931114.0	2021.0	male	nan	Thymus	nan	6	5
O14-MAA000914-3_9_M-1-1			3	O14.MAA000914.3_9_M.1.1-1-1	3_9_M	MAT	False	1	False	O14.MAA000914.3_9_M.1.1-1-1-1	one_assay_suffix	3m	1	nan	CD8-positive, alpha-beta T cell	CL:0000084	nan	facs	3_9_M	1264336.0	2364.0	male	Fat	MAT	nan	4	9
O14-MAA001889-3_38_F-1-1			3	O14.MAA001889.3_38_F.1.1-1-1	3_38_F	Lung	False	1	False		unmatched																
O15-B001960-3_56_F-1-1			3	O15.B001960.3_56_F.1.1-1-1	3_56_F	BAT	False	1	False	O15.B001960.3_56_F.1.1-1-1-1	one_assay_suffix	3m	1	nan	T cell	CL:0000084	nan	facs	3_56_F	956544.0	1646.0	female	Fat	BAT	nan	6	5
O15-B003291-3_39_F-1-1			3	O15.B003291.3_39_F.1.1-1-1	3_39_F	Thymus	False	1	False	O15.B003291.3_39_F.1.1-1-1-1	one_assay_suffix	3m	1	nan	DN4 thymocyte	CL:0002420	DN4 thymocyte	facs	3_39_F	201125.0	1161.0	female	Flowthrough	Thymus	nan	6	5
O15-D042185-3_9_M-1-1			3	O15.D042185.3_9_M.1.1-1-1	3_9_M	Limb_Muscle	False	1	False	O15.D042185.3_9_M.1.1-1-1-1	one_assay_suffix	3m	1	nan	T cell	CL:0000084	nan	facs	3_9_M	117074.0	2456.0	male	ForelimbandHindlimb	Limb_Muscle	nan	6	9
O15-MAA000508-3_9_M-1-1			3	O15.MAA000508.3_9_M.1.1-1-1	3_9_M	Spleen	False	1	False	O15.MAA000508.3_9_M.1.1-1-1-1	one_assay_suffix	3m	1	nan	CD4-positive, alpha-beta T cell	CL:0000084	Cd3e T cell	facs	3_9_M	165924.0	1620.0	male	nan	Spleen	nan	4	21
O15-MAA000607-3_9_M-1-1			3	O15.MAA000607.3_9_M.1.1-1-1	3_9_M	Thymus	False	1	False	O15.MAA000607.3_9_M.1.1-1-1-1	one_assay_suffix	3m	1	nan	DN4 thymocyte	CL:0002420	DN4 thymocyte	facs	3_9_M	287166.0	1729.0	male	nan	Thymus	nan	6	5
O15-MAA000609-3_8_M-1-1			3	O15.MAA000609.3_8_M.1.1-1-1	3_8_M	Thymus	False	1	False	O15.MAA000609.3_8_M.1.1-1-1-1	one_assay_suffix	3m	1	nan	thymocyte	CL:0002420	DN to DP transition (most are Cd8+/ Cd4+, some undergoing VDJ recombination)	facs	3_8_M	91894.0	1793.0	male	nan	Thymus	nan	6	5
O15-MAA000844-3_10_M-1-1			3	O15.MAA000844.3_10_M.1.1-1-1	3_10_M	Marrow	False	1	False	O15.MAA000844.3_10_M.1.1-1-1-1	one_assay_suffix	3m	1	nan	CD4-positive, alpha-beta T cell	CL:0000815	BM CD4 T cell	facs	3_10_M	207700.0	1505.0	male	T-cells	Marrow	nan	4	21
O15-MAA000880-3_11_M-1-1	4.0	2.0	3	O15.MAA000880.3_11_M.1.1-1-1	3_11_M	Thymus	True	1	False	O15.MAA000880.3_11_M.1.1-1-1-1	one_assay_suffix	3m	1	nan	thymocyte	CL:0002420	DN to DP transition (most are Cd8+/ Cd4+, some undergoing VDJ recombination)	facs	3_11_M	836285.0	1315.0	male	nan	Thymus	nan	21	23
O16-B000827-3_38_F-1-1			3	O16.B000827.3_38_F.1.1-1-1	3_38_F	Thymus	False	1	False	O16.B000827.3_38_F.1.1-1-1-1	one_assay_suffix	3m	1	nan	DN4 thymocyte	CL:0002420	DN4 thymocyte	facs	3_38_F	371461.0	2089.0	female	Flowthrough	Thymus	nan	4	5
O16-B002314-3_56_F-1-1			3	O16.B002314.3_56_F.1.1-1-1	3_56_F	MAT	False	1	False	O16.B002314.3_56_F.1.1-1-1-1	one_assay_suffix	3m	1	nan	CD8-positive, alpha-beta T cell	CL:0000084	nan	facs	3_56_F	1172868.0	2566.0	female	Fat	MAT	nan	4	9
O16-B003291-3_39_F-1-1			3	O16.B003291.3_39_F.1.1-1-1	3_39_F	Thymus	False	1	False	O16.B003291.3_39_F.1.1-1-1-1	one_assay_suffix	3m	1	nan	thymocyte	CL:0002420	DN to DP transition (most are Cd8+/ Cd4+, some undergoing VDJ recombination)	facs	3_39_F	976911.0	1279.0	female	Flowthrough	Thymus	nan	21	23
O16-D042185-3_9_M-1-1			3	O16.D042185.3_9_M.1.1-1-1	3_9_M	Limb_Muscle	False	1	False	O16.D042185.3_9_M.1.1-1-1-1	one_assay_suffix	3m	1	nan	T cell	CL:0000084	nan	facs	3_9_M	80100.0	2183.0	male	ForelimbandHindlimb	Limb_Muscle	nan	4	21
O16-MAA000607-3_9_M-1-1			3	O16.MAA000607.3_9_M.1.1-1-1	3_9_M	Thymus	False	1	False	O16.MAA000607.3_9_M.1.1-1-1-1	one_assay_suffix	3m	1	nan	thymocyte	CL:0002420	DN to DP transition (most are Cd8+/ Cd4+, some undergoing VDJ recombination)	facs	3_9_M	423876.0	1924.0	male	nan	Thymus	nan	21	23
O16-MAA000609-3_8_M-1-1			3	O16.MAA000609.3_8_M.1.1-1-1	3_8_M	Thymus	False	1	False	O16.MAA000609.3_8_M.1.1-1-1-1	one_assay_suffix	3m	1	nan	DN4 thymocyte	CL:0002420	DN4 thymocyte	facs	3_8_M	79640.0	1082.0	male	nan	Thymus	nan	6	5
O16-MAA000880-3_11_M-1-1			3	O16.MAA000880.3_11_M.1.1-1-1	3_11_M	Thymus	False	1	False	O16.MAA000880.3_11_M.1.1-1-1-1	one_assay_suffix	3m	1	nan	DN4 thymocyte	CL:0002420	DN4 thymocyte	facs	3_11_M	641598.0	1268.0	male	nan	Thymus	nan	6	5
O16-MAA001865-3_38_F-1-1			3	O16.MAA001865.3_38_F.1.1-1-1	3_38_F	Trachea	False	1	False	O16.MAA001865.3_38_F.1.1-1-1-1	one_assay_suffix	3m	1	nan	T cell	CL:0000081	nan	facs	3_38_F	545284.0	4094.0	female	nan	Trachea	nan	21	23
O17-B000827-3_38_F-1-1			3	O17.B000827.3_38_F.1.1-1-1	3_38_F	Thymus	False	1	False	O17.B000827.3_38_F.1.1-1-1-1	one_assay_suffix	3m	1	nan	DN4 thymocyte	CL:0002420	DN4 thymocyte	facs	3_38_F	208801.0	2228.0	female	Flowthrough	Thymus	nan	6	5
O17-B002769-3_39_F-1-1			3	O17.B002769.3_39_F.1.1-1-1	3_39_F	Limb_Muscle	False	1	False	O17.B002769.3_39_F.1.1-1-1-1	one_assay_suffix	3m	1	nan	T cell	CL:0000084	nan	facs	3_39_F	141338.0	2375.0	female	ForelimbandHindlimb	Limb_Muscle	nan	4	9
O17-B003291-3_39_F-1-1			3	O17.B003291.3_39_F.1.1-1-1	3_39_F	Thymus	False	1	False	O17.B003291.3_39_F.1.1-1-1-1	one_assay_suffix	3m	1	nan	thymocyte	CL:0002420	DN to DP transition (most are Cd8+/ Cd4+, some undergoing VDJ recombination)	facs	3_39_F	1078205.0	2273.0	female	Flowthrough	Thymus	nan	21	23
O17-D042186-3_8_M-1-1			3	O17.D042186.3_8_M.1.1-1-1	3_8_M	Limb_Muscle	False	1	False	O17.D042186.3_8_M.1.1-1-1-1	one_assay_suffix	3m	1	nan	T cell	CL:0000084	nan	facs	3_8_M	475902.0	2283.0	male	ForelimbandHindlimb	Limb_Muscle	nan	6	5
O17-D045064-3_38_F-1-1	5.0	2.0	3	O17.D045064.3_38_F.1.1-1-1	3_38_F	MAT	True	1	False	O17.D045064.3_38_F.1.1-1-1-1	one_assay_suffix	3m	1	nan	endothelial cell	CL:0000115	nan	facs	3_38_F	56992.0	2226.0	female	Fat	MAT	nan	22	25
O17-MAA000607-3_9_M-1-1			3	O17.MAA000607.3_9_M.1.1-1-1	3_9_M	Thymus	False	1	False	O17.MAA000607.3_9_M.1.1-1-1-1	one_assay_suffix	3m	1	nan	thymocyte	CL:0002420	DN to DP transition (most are Cd8+/ Cd4+, some undergoing VDJ recombination)	facs	3_9_M	227687.0	1479.0	male	nan	Thymus	nan	21	23
O17-MAA000609-3_8_M-1-1			3	O17.MAA000609.3_8_M.1.1-1-1	3_8_M	Thymus	False	1	False	O17.MAA000609.3_8_M.1.1-1-1-1	one_assay_suffix	3m	1	nan	thymocyte	CL:0002420	DN to DP transition (most are Cd8+/ Cd4+, some undergoing VDJ recombination)	facs	3_8_M	96350.0	1288.0	male	nan	Thymus	nan	21	23
O17-MAA001454-3_38_F-1-1			3	O17.MAA001454.3_38_F.1.1-1-1	3_38_F	Diaphragm	False	1	False	O17.MAA001454.3_38_F.1.1-1-1-1	one_assay_suffix	3m	1	nan	T cell	CL:0000542	nan	facs	3_38_F	696922.0	1629.0	female	Limb_Muscle	Diaphragm	nan	4	21
O17-MAA001844-3_38_F-1-1			3	O17.MAA001844.3_38_F.1.1-1-1	3_38_F	Marrow	False	1	False	O17.MAA001844.3_38_F.1.1-1-1-1	one_assay_suffix	3m	1	nan	promonocyte	CL:0000236	monocyte + promonocyte	facs	3_38_F	868831.0	3031.0	female	KLS	Marrow	nan	4	17
O18-B000827-3_38_F-1-1			3	O18.B000827.3_38_F.1.1-1-1	3_38_F	Thymus	False	1	False	O18.B000827.3_38_F.1.1-1-1-1	one_assay_suffix	3m	1	nan	DN4 thymocyte	CL:0002420	DN4 thymocyte	facs	3_38_F	174846.0	2027.0	female	Flowthrough	Thymus	nan	6	5
O18-B003291-3_39_F-1-1			3	O18.B003291.3_39_F.1.1-1-1	3_39_F	Thymus	False	1	False	O18.B003291.3_39_F.1.1-1-1-1	one_assay_suffix	3m	1	nan	thymocyte	CL:0002420	DN to DP transition (most are Cd8+/ Cd4+, some undergoing VDJ recombination)	facs	3_39_F	597128.0	1216.0	female	Flowthrough	Thymus	nan	21	23
O18-D042186-3_8_M-1-1	32.0	2.0	3	O18.D042186.3_8_M.1.1-1-1	3_8_M	Limb_Muscle	True	1	False	O18.D042186.3_8_M.1.1-1-1-1	one_assay_suffix	3m	1	nan	T cell	CL:0000084	nan	facs	3_8_M	625308.0	2686.0	male	ForelimbandHindlimb	Limb_Muscle	nan	4	21
O18-MAA000594-3_8_M-1-1			3	O18.MAA000594.3_8_M.1.1-1-1	3_8_M	Aorta	False	1	False	O18.MAA000594.3_8_M.1.1-1-1-1	one_assay_suffix	3m	1	nan	fibrocyte	CL:0000145	leukocyte	facs	3_8_M	914929.0	2948.0	male	Heart	Aorta	nan	4	48
O18-MAA000607-3_9_M-1-1			3	O18.MAA000607.3_9_M.1.1-1-1	3_9_M	Thymus	False	1	False	O18.MAA000607.3_9_M.1.1-1-1-1	one_assay_suffix	3m	1	nan	thymocyte	CL:0002420	DN to DP transition (most are Cd8+/ Cd4+, some undergoing VDJ recombination)	facs	3_9_M	343206.0	1898.0	male	nan	Thymus	nan	21	23
O18-MAA000609-3_8_M-1-1			3	O18.MAA000609.3_8_M.1.1-1-1	3_8_M	Thymus	False	1	False	O18.MAA000609.3_8_M.1.1-1-1-1	one_assay_suffix	3m	1	nan	thymocyte	CL:0002420	DN to DP transition (most are Cd8+/ Cd4+, some undergoing VDJ recombination)	facs	3_8_M	151298.0	1395.0	male	nan	Thymus	nan	21	23
O18-MAA000880-3_11_M-1-1	39.0	2.0	3	O18.MAA000880.3_11_M.1.1-1-1	3_11_M	Thymus	True	2	True	O18.MAA000880.3_11_M.1.1-1-1-1	one_assay_suffix	3m	1	nan	thymocyte	CL:0002420	proliferating thymocyte; DN to DP transition, dividing (some are Cd8+/ Cd4+, some undergoing VDJ recombination)	facs	3_11_M	1326382.0	2872.0	male	nan	Thymus	nan	21	23
O19-B000827-3_38_F-1-1			3	O19.B000827.3_38_F.1.1-1-1	3_38_F	Thymus	False	1	False	O19.B000827.3_38_F.1.1-1-1-1	one_assay_suffix	3m	1	nan	DN4 thymocyte	CL:0002420	DN4 thymocyte	facs	3_38_F	470482.0	2107.0	female	Flowthrough	Thymus	nan	6	5
O19-B002769-3_39_F-1-1			3	O19.B002769.3_39_F.1.1-1-1	3_39_F	Limb_Muscle	False	1	False	O19.B002769.3_39_F.1.1-1-1-1	one_assay_suffix	3m	1	nan	T cell	CL:0000084	nan	facs	3_39_F	322091.0	1760.0	female	ForelimbandHindlimb	Limb_Muscle	nan	4	21
O19-B003291-3_39_F-1-1			3	O19.B003291.3_39_F.1.1-1-1	3_39_F	Thymus	False	1	False	O19.B003291.3_39_F.1.1-1-1-1	one_assay_suffix	3m	1	nan	thymocyte	CL:0002420	proliferating thymocyte; DN to DP transition, dividing (some are Cd8+/ Cd4+, some undergoing VDJ recombination)	facs	3_39_F	2018324.0	2598.0	female	Flowthrough	Thymus	nan	21	23
O19-D042105-3_11_M-1-1	42.0	2.0	3	O19.D042105.3_11_M.1.1-1-1	3_11_M	Diaphragm	True	2	True	O19.D042105.3_11_M.1.1-1-1-1	one_assay_suffix	3m	1	nan	T cell	CL:0000542	nan	facs	3_11_M	359086.0	1989.0	male	Limb_Muscle	Diaphragm	nan	4	21
O19-MAA000607-3_9_M-1-1			3	O19.MAA000607.3_9_M.1.1-1-1	3_9_M	Thymus	False	1	False	O19.MAA000607.3_9_M.1.1-1-1-1	one_assay_suffix	3m	1	nan	thymocyte	CL:0002420	DN to DP transition (most are Cd8+/ Cd4+, some undergoing VDJ recombination)	facs	3_9_M	354145.0	1909.0	male	nan	Thymus	nan	21	23
O19-MAA000609-3_8_M-1-1			3	O19.MAA000609.3_8_M.1.1-1-1	3_8_M	Thymus	False	1	False	O19.MAA000609.3_8_M.1.1-1-1-1	one_assay_suffix	3m	1	nan	thymocyte	CL:0002420	proliferating thymocyte; DN to DP transition, dividing (some are Cd8+/ Cd4+, some undergoing VDJ recombination)	facs	3_8_M	409723.0	3666.0	male	nan	Thymus	nan	21	23
O19-MAA000880-3_11_M-1-1			3	O19.MAA000880.3_11_M.1.1-1-1	3_11_M	Thymus	False	1	False	O19.MAA000880.3_11_M.1.1-1-1-1	one_assay_suffix	3m	1	nan	thymocyte	CL:0002420	DN to DP transition (most are Cd8+/ Cd4+, some undergoing VDJ recombination)	facs	3_11_M	172600.0	762.0	male	nan	Thymus	nan	21	23
O19-MAA001884-3_38_F-1-1	35.0	2.0	3	O19.MAA001884.3_38_F.1.1-1-1	3_38_F	Marrow	True	2	True	O19.MAA001884.3_38_F.1.1-1-1-1	one_assay_suffix	3m	1	nan	naive B cell	CL:0000788	naïve B cell	facs	3_38_F	1281546.0	3277.0	female	B-cells	Marrow	nan	0	0
O2-B000827-3_38_F-1-1			3	O2.B000827.3_38_F.1.1-1-1	3_38_F	Thymus	False	1	False	O2.B000827.3_38_F.1.1-1-1-1	one_assay_suffix	3m	1	nan	DN4 thymocyte	CL:0002420	DN4 thymocyte	facs	3_38_F	263916.0	1835.0	female	Flowthrough	Thymus	nan	6	5
O2-B000971-3_39_F-1-1			3	O2.B000971.3_39_F.1.1-1-1	3_39_F	Spleen	False	1	False	O2.B000971.3_39_F.1.1-1-1-1	one_assay_suffix	3m	1	nan	CD4-positive, alpha-beta T cell	CL:0000084	Cd3e T cell	facs	3_39_F	442698.0	1966.0	female	nan	Spleen	nan	6	5
O2-B001750-3_38_F-1-1			3	O2.B001750.3_38_F.1.1-1-1	3_38_F	Spleen	False	1	False	O2.B001750.3_38_F.1.1-1-1-1	one_assay_suffix	3m	1	nan	CD4-positive, alpha-beta T cell	CL:0000084	Cd3e T cell	facs	3_38_F	241585.0	1921.0	female	nan	Spleen	nan	6	5
O2-B003291-3_39_F-1-1			3	O2.B003291.3_39_F.1.1-1-1	3_39_F	Thymus	False	1	False	O2.B003291.3_39_F.1.1-1-1-1	one_assay_suffix	3m	1	nan	thymocyte	CL:0002420	DN to DP transition (most are Cd8+/ Cd4+, some undergoing VDJ recombination)	facs	3_39_F	982964.0	1889.0	female	Flowthrough	Thymus	nan	21	23
O2-D042105-3_11_M-1-1			3	O2.D042105.3_11_M.1.1-1-1	3_11_M	Diaphragm	False	1	False	O2.D042105.3_11_M.1.1-1-1-1	one_assay_suffix	3m	1	nan	T cell	CL:0000542	nan	facs	3_11_M	605742.0	1911.0	male	Limb_Muscle	Diaphragm	nan	4	5
O2-MAA000607-3_9_M-1-1			3	O2.MAA000607.3_9_M.1.1-1-1	3_9_M	Thymus	False	1	False	O2.MAA000607.3_9_M.1.1-1-1-1	one_assay_suffix	3m	1	nan	DN4 thymocyte	CL:0002420	DN4 thymocyte	facs	3_9_M	1139480.0	3347.0	male	nan	Thymus	nan	6	5
O2-MAA000844-3_10_M-1-1			3	O2.MAA000844.3_10_M.1.1-1-1	3_10_M	Marrow	False	1	False	O2.MAA000844.3_10_M.1.1-1-1-1	one_assay_suffix	3m	1	nan	mature alpha-beta T cell	CL:0000236	BM CD8 + CD4 T cell	facs	3_10_M	548047.0	3261.0	male	T-cells	Marrow	nan	4	9
O2-MAA001888-3_39_F-1-1			3	O2.MAA001888.3_39_F.1.1-1-1	3_39_F	Marrow	False	1	False	O2.MAA001888.3_39_F.1.1-1-1-1	one_assay_suffix	3m	1	nan	mature alpha-beta T cell	CL:0000815	BM CD8 + CD4 T cell	facs	3_39_F	139321.0	1911.0	female	T-cells	Marrow	nan	4	21
O20-B000827-3_38_F-1-1			3	O20.B000827.3_38_F.1.1-1-1	3_38_F	Thymus	False	1	False	O20.B000827.3_38_F.1.1-1-1-1	one_assay_suffix	3m	1	nan	DN4 thymocyte	CL:0002420	DN4 thymocyte	facs	3_38_F	318317.0	1980.0	female	Flowthrough	Thymus	nan	6	5
O20-D042186-3_8_M-1-1			3	O20.D042186.3_8_M.1.1-1-1	3_8_M	Limb_Muscle	False	1	False	O20.D042186.3_8_M.1.1-1-1-1	one_assay_suffix	3m	1	nan	T cell	CL:0000084	nan	facs	3_8_M	471268.0	2403.0	male	ForelimbandHindlimb	Limb_Muscle	nan	6	5
O20-MAA000607-3_9_M-1-1			3	O20.MAA000607.3_9_M.1.1-1-1	3_9_M	Thymus	False	1	False	O20.MAA000607.3_9_M.1.1-1-1-1	one_assay_suffix	3m	1	nan	DN4 thymocyte	CL:0002420	DN4 thymocyte	facs	3_9_M	494473.0	2315.0	male	nan	Thymus	nan	6	5
O20-MAA000609-3_8_M-1-1			3	O20.MAA000609.3_8_M.1.1-1-1	3_8_M	Thymus	False	1	False	O20.MAA000609.3_8_M.1.1-1-1-1	one_assay_suffix	3m	1	nan	thymocyte	CL:0002420	proliferating thymocyte; DN to DP transition, dividing (some are Cd8+/ Cd4+, some undergoing VDJ recombination)	facs	3_8_M	485921.0	4328.0	male	nan	Thymus	nan	21	23
O20-MAA000880-3_11_M-1-1			3	O20.MAA000880.3_11_M.1.1-1-1	3_11_M	Thymus	False	1	False	O20.MAA000880.3_11_M.1.1-1-1-1	one_assay_suffix	3m	1	nan	DN4 thymocyte	CL:0002420	DN4 thymocyte	facs	3_11_M	725783.0	1270.0	male	nan	Thymus	nan	6	5
O20-MAA001865-3_38_F-1-1			3	O20.MAA001865.3_38_F.1.1-1-1	3_38_F	Trachea	False	1	False	O20.MAA001865.3_38_F.1.1-1-1-1	one_assay_suffix	3m	1	nan	T cell	CL:0000081	nan	facs	3_38_F	701820.0	4632.0	female	nan	Trachea	nan	21	23
O21-B000827-3_38_F-1-1			3	O21.B000827.3_38_F.1.1-1-1	3_38_F	Thymus	False	1	False	O21.B000827.3_38_F.1.1-1-1-1	one_assay_suffix	3m	1	nan	DN4 thymocyte	CL:0002420	DN4 thymocyte	facs	3_38_F	496580.0	3284.0	female	Flowthrough	Thymus	nan	6	5
O21-B001689-3_38_F-1-1	23.0	2.0	3	O21.B001689.3_38_F.1.1-1-1	3_38_F	Brain_Myeloid	True	2	True	O21.B001689.3_38_F.1.1-1-1-1	one_assay_suffix	3m	1	nan	microglial cell	CL:0000129	nan	facs	3_38_F	328421.0	3261.0	female	Hippocampus	Brain_Myeloid	nan	3	2
O21-B003291-3_39_F-1-1			3	O21.B003291.3_39_F.1.1-1-1	3_39_F	Thymus	False	1	False	O21.B003291.3_39_F.1.1-1-1-1	one_assay_suffix	3m	1	nan	DN4 thymocyte	CL:0002420	DN4 thymocyte	facs	3_39_F	1704453.0	1556.0	female	Flowthrough	Thymus	nan	6	5
O21-D042185-3_9_M-1-1			3	O21.D042185.3_9_M.1.1-1-1	3_9_M	Limb_Muscle	False	1	False	O21.D042185.3_9_M.1.1-1-1-1	one_assay_suffix	3m	1	nan	T cell	CL:0000084	nan	facs	3_9_M	141275.0	2377.0	male	ForelimbandHindlimb	Limb_Muscle	nan	6	5
O21-MAA000530-3_8_M-1-1			3	O21.MAA000530.3_8_M.1.1-1-1	3_8_M	Lung	False	1	False	O21.MAA000530.3_8_M.1.1-1-1-1	one_assay_suffix	3m	1	nan	CD4-positive, alpha-beta T cell	CL:0000084	CD4+ T	facs	3_8_M	863250.0	2448.0	male	nan	Lung	nan	6	5
O21-MAA000607-3_9_M-1-1			3	O21.MAA000607.3_9_M.1.1-1-1	3_9_M	Thymus	False	1	False	O21.MAA000607.3_9_M.1.1-1-1-1	one_assay_suffix	3m	1	nan	thymocyte	CL:0002420	proliferating thymocyte; DN to DP transition, dividing (some are Cd8+/ Cd4+, some undergoing VDJ recombination)	facs	3_9_M	1394140.0	4081.0	male	nan	Thymus	nan	21	23
O21-MAA000609-3_8_M-1-1			3	O21.MAA000609.3_8_M.1.1-1-1	3_8_M	Thymus	False	1	False	O21.MAA000609.3_8_M.1.1-1-1-1	one_assay_suffix	3m	1	nan	thymocyte	CL:0002420	DN to DP transition (most are Cd8+/ Cd4+, some undergoing VDJ recombination)	facs	3_8_M	119228.0	1319.0	male	nan	Thymus	nan	21	23
O21-MAA000880-3_11_M-1-1			3	O21.MAA000880.3_11_M.1.1-1-1	3_11_M	Thymus	False	1	False	O21.MAA000880.3_11_M.1.1-1-1-1	one_assay_suffix	3m	1	nan	thymocyte	CL:0002420	DN to DP transition (most are Cd8+/ Cd4+, some undergoing VDJ recombination)	facs	3_11_M	497125.0	975.0	male	nan	Thymus	nan	21	23
O21-MAA001888-3_39_F-1-1			3	O21.MAA001888.3_39_F.1.1-1-1	3_39_F	Marrow	False	1	False	O21.MAA001888.3_39_F.1.1-1-1-1	one_assay_suffix	3m	1	nan	NK cell	CL:0000914	NK cell	facs	3_39_F	555275.0	3609.0	female	T-cells	Marrow	nan	4	9
O22-B000827-3_38_F-1-1	19.0	2.0	3	O22.B000827.3_38_F.1.1-1-1	3_38_F	Thymus	True	1	False	O22.B000827.3_38_F.1.1-1-1-1	one_assay_suffix	3m	1	nan	DN4 thymocyte	CL:0002420	DN4 thymocyte	facs	3_38_F	476682.0	2184.0	female	Flowthrough	Thymus	nan	6	5
O22-B003291-3_39_F-1-1	38.0	2.0	3	O22.B003291.3_39_F.1.1-1-1	3_39_F	Thymus	True	1	False	O22.B003291.3_39_F.1.1-1-1-1	one_assay_suffix	3m	1	nan	thymocyte	CL:0002420	DN to DP transition (most are Cd8+/ Cd4+, some undergoing VDJ recombination)	facs	3_39_F	1388322.0	1022.0	female	Flowthrough	Thymus	nan	21	23
O22-MAA000526-3_9_M-1-1			3	O22.MAA000526.3_9_M.1.1-1-1	3_9_M	Lung	False	1	False	O22.MAA000526.3_9_M.1.1-1-1-1	one_assay_suffix	3m	1	nan	CD4-positive, alpha-beta T cell	CL:0000084	CD4+ T	facs	3_9_M	371076.0	1992.0	male	nan	Lung	nan	6	5
O22-MAA000607-3_9_M-1-1			3	O22.MAA000607.3_9_M.1.1-1-1	3_9_M	Thymus	False	1	False	O22.MAA000607.3_9_M.1.1-1-1-1	one_assay_suffix	3m	1	nan	thymocyte	CL:0002420	DN to DP transition (most are Cd8+/ Cd4+, some undergoing VDJ recombination)	facs	3_9_M	272387.0	1504.0	male	nan	Thymus	nan	21	23
O22-MAA000609-3_8_M-1-1			3	O22.MAA000609.3_8_M.1.1-1-1	3_8_M	Thymus	False	1	False	O22.MAA000609.3_8_M.1.1-1-1-1	one_assay_suffix	3m	1	nan	DN4 thymocyte	CL:0002420	DN4 thymocyte	facs	3_8_M	248782.0	2210.0	male	nan	Thymus	nan	6	5
O22-MAA000779-3_11_M-1-1			3	O22.MAA000779.3_11_M.1.1-1-1	3_11_M	Spleen	False	1	False	O22.MAA000779.3_11_M.1.1-1-1-1	one_assay_suffix	3m	1	nan	CD4-positive, alpha-beta T cell	CL:0000084	Cd3e T cell	facs	3_11_M	508044.0	1461.0	male	nan	Spleen	nan	6	5
O22-MAA000880-3_11_M-1-1			3	O22.MAA000880.3_11_M.1.1-1-1	3_11_M	Thymus	False	1	False	O22.MAA000880.3_11_M.1.1-1-1-1	one_assay_suffix	3m	1	nan	DN4 thymocyte	CL:0002420	DN4 thymocyte	facs	3_11_M	420386.0	1140.0	male	nan	Thymus	nan	6	5
O22-MAA000891-3_10_M-1-1			3	O22.MAA000891.3_10_M.1.1-1-1	3_10_M	Lung	False	1	False	O22.MAA000891.3_10_M.1.1-1-1-1	one_assay_suffix	3m	1	nan	CD4-positive, alpha-beta T cell	CL:0000084	CD4+ T	facs	3_10_M	1044824.0	1338.0	male	nan	Lung	nan	6	5
O3-B000827-3_38_F-1-1			3	O3.B000827.3_38_F.1.1-1-1	3_38_F	Thymus	False	1	False	O3.B000827.3_38_F.1.1-1-1-1	one_assay_suffix	3m	1	nan	DN4 thymocyte	CL:0002420	DN4 thymocyte	facs	3_38_F	492821.0	1941.0	female	Flowthrough	Thymus	nan	6	5
O3-B002428-3_38_F-1-1	29.0	2.0	3	O3.B002428.3_38_F.1.1-1-1	3_38_F	Heart	True	2	True	O3.B002428.3_38_F.1.1-1-1-1	one_assay_suffix	3m	1	nan	fibroblast of cardiac tissue	CL:0000738	fibroblast of cardiac tissue	facs	3_38_F	758616.0	3049.0	female	LA	Heart	nan	17	15
O3-B002762-3_39_F-1-1			3	O3.B002762.3_39_F.1.1-1-1	3_39_F	Diaphragm	False	1	False	O3.B002762.3_39_F.1.1-1-1-1	one_assay_suffix	3m	1	nan	T cell	CL:0000542	nan	facs	3_39_F	103490.0	1229.0	female	Limb_Muscle	Diaphragm	nan	4	21
O3-B003291-3_39_F-1-1			3	O3.B003291.3_39_F.1.1-1-1	3_39_F	Thymus	False	1	False	O3.B003291.3_39_F.1.1-1-1-1	one_assay_suffix	3m	1	nan	thymocyte	CL:0002420	DN to DP transition (most are Cd8+/ Cd4+, some undergoing VDJ recombination)	facs	3_39_F	665699.0	1324.0	female	Flowthrough	Thymus	nan	21	23
O3-D042186-3_8_M-1-1			3	O3.D042186.3_8_M.1.1-1-1	3_8_M	Limb_Muscle	False	1	False	O3.D042186.3_8_M.1.1-1-1-1	one_assay_suffix	3m	1	nan	T cell	CL:0000084	nan	facs	3_8_M	358195.0	2446.0	male	ForelimbandHindlimb	Limb_Muscle	nan	6	5
O3-MAA000607-3_9_M-1-1			3	O3.MAA000607.3_9_M.1.1-1-1	3_9_M	Thymus	False	1	False	O3.MAA000607.3_9_M.1.1-1-1-1	one_assay_suffix	3m	1	nan	DN4 thymocyte	CL:0002420	DN4 thymocyte	facs	3_9_M	805632.0	3002.0	male	nan	Thymus	nan	6	5
O3-MAA000779-3_11_M-1-1			3	O3.MAA000779.3_11_M.1.1-1-1	3_11_M	Spleen	False	1	False	O3.MAA000779.3_11_M.1.1-1-1-1	one_assay_suffix	3m	1	nan	CD4-positive, alpha-beta T cell	CL:0000084	Cd3e T cell	facs	3_11_M	334735.0	1408.0	male	nan	Spleen	nan	6	5
O4-B000827-3_38_F-1-1			3	O4.B000827.3_38_F.1.1-1-1	3_38_F	Thymus	False	1	False	O4.B000827.3_38_F.1.1-1-1-1	one_assay_suffix	3m	1	nan	DN4 thymocyte	CL:0002420	DN4 thymocyte	facs	3_38_F	424169.0	1725.0	female	Flowthrough	Thymus	nan	6	5
O4-B001750-3_38_F-1-1			3	O4.B001750.3_38_F.1.1-1-1	3_38_F	Spleen	False	1	False	O4.B001750.3_38_F.1.1-1-1-1	one_assay_suffix	3m	1	nan	CD8-positive, alpha-beta T cell	CL:0000084	nan	facs	3_38_F	447960.0	2125.0	female	nan	Spleen	nan	4	9
O4-B003291-3_39_F-1-1			3	O4.B003291.3_39_F.1.1-1-1	3_39_F	Thymus	False	1	False	O4.B003291.3_39_F.1.1-1-1-1	one_assay_suffix	3m	1	nan	thymocyte	CL:0002420	DN to DP transition (most are Cd8+/ Cd4+, some undergoing VDJ recombination)	facs	3_39_F	1174408.0	1857.0	female	Flowthrough	Thymus	nan	21	23
O4-D042186-3_8_M-1-1			3	O4.D042186.3_8_M.1.1-1-1	3_8_M	Limb_Muscle	False	1	False	O4.D042186.3_8_M.1.1-1-1-1	one_assay_suffix	3m	1	nan	T cell	CL:0000084	nan	facs	3_8_M	258965.0	1962.0	male	ForelimbandHindlimb	Limb_Muscle	nan	6	5
O4-MAA000607-3_9_M-1-1			3	O4.MAA000607.3_9_M.1.1-1-1	3_9_M	Thymus	False	1	False	O4.MAA000607.3_9_M.1.1-1-1-1	one_assay_suffix	3m	1	nan	thymocyte	CL:0002420	proliferating thymocyte; DN to DP transition, dividing (some are Cd8+/ Cd4+, some undergoing VDJ recombination)	facs	3_9_M	742104.0	3547.0	male	nan	Thymus	nan	21	23
O5-B000827-3_38_F-1-1			3	O5.B000827.3_38_F.1.1-1-1	3_38_F	Thymus	False	1	False	O5.B000827.3_38_F.1.1-1-1-1	one_assay_suffix	3m	1	nan	DN4 thymocyte	CL:0002420	DN4 thymocyte	facs	3_38_F	215327.0	1894.0	female	Flowthrough	Thymus	nan	6	5
O5-B003291-3_39_F-1-1			3	O5.B003291.3_39_F.1.1-1-1	3_39_F	Thymus	False	1	False	O5.B003291.3_39_F.1.1-1-1-1	one_assay_suffix	3m	1	nan	thymocyte	CL:0002420	DN to DP transition (most are Cd8+/ Cd4+, some undergoing VDJ recombination)	facs	3_39_F	431266.0	1722.0	female	Flowthrough	Thymus	nan	21	23
O5-D042186-3_8_M-1-1			3	O5.D042186.3_8_M.1.1-1-1	3_8_M	Limb_Muscle	False	1	False	O5.D042186.3_8_M.1.1-1-1-1	one_assay_suffix	3m	1	nan	T cell	CL:0000084	nan	facs	3_8_M	413837.0	2126.0	male	ForelimbandHindlimb	Limb_Muscle	nan	6	5
O5-MAA000607-3_9_M-1-1			3	O5.MAA000607.3_9_M.1.1-1-1	3_9_M	Thymus	False	1	False	O5.MAA000607.3_9_M.1.1-1-1-1	one_assay_suffix	3m	1	nan	thymocyte	CL:0002420	proliferating thymocyte; DN to DP transition, dividing (some are Cd8+/ Cd4+, some undergoing VDJ recombination)	facs	3_9_M	1005955.0	3333.0	male	nan	Thymus	nan	21	23
O5-MAA001888-3_39_F-1-1			3	O5.MAA001888.3_39_F.1.1-1-1	3_39_F	Marrow	False	1	False	O5.MAA001888.3_39_F.1.1-1-1-1	one_assay_suffix	3m	1	nan	mature alpha-beta T cell	CL:0000815	BM CD8 + CD4 T cell	facs	3_39_F	289278.0	2821.0	female	T-cells	Marrow	nan	4	9
O6-B000827-3_38_F-1-1			3	O6.B000827.3_38_F.1.1-1-1	3_38_F	Thymus	False	1	False	O6.B000827.3_38_F.1.1-1-1-1	one_assay_suffix	3m	1	nan	DN4 thymocyte	CL:0002420	DN4 thymocyte	facs	3_38_F	618245.0	2219.0	female	Flowthrough	Thymus	nan	6	5
O6-B003291-3_39_F-1-1			3	O6.B003291.3_39_F.1.1-1-1	3_39_F	Thymus	False	1	False	O6.B003291.3_39_F.1.1-1-1-1	one_assay_suffix	3m	1	nan	DN4 thymocyte	CL:0002420	DN4 thymocyte	facs	3_39_F	1332548.0	4101.0	female	Flowthrough	Thymus	nan	21	23
O6-MAA000508-3_9_M-1-1			3	O6.MAA000508.3_9_M.1.1-1-1	3_9_M	Spleen	False	1	False	O6.MAA000508.3_9_M.1.1-1-1-1	one_assay_suffix	3m	1	nan	CD4-positive, alpha-beta T cell	CL:0000084	Cd3e T cell	facs	3_9_M	287137.0	1985.0	male	nan	Spleen	nan	6	5
O6-MAA000607-3_9_M-1-1			3	O6.MAA000607.3_9_M.1.1-1-1	3_9_M	Thymus	False	1	False	O6.MAA000607.3_9_M.1.1-1-1-1	one_assay_suffix	3m	1	nan	thymocyte	CL:0002420	proliferating thymocyte; DN to DP transition, dividing (some are Cd8+/ Cd4+, some undergoing VDJ recombination)	facs	3_9_M	1128705.0	5745.0	male	nan	Thymus	nan	21	23
O6-MAA000779-3_11_M-1-1			3	O6.MAA000779.3_11_M.1.1-1-1	3_11_M	Spleen	False	1	False	O6.MAA000779.3_11_M.1.1-1-1-1	one_assay_suffix	3m	1	nan	CD4-positive, alpha-beta T cell	CL:0000084	Cd3e T cell	facs	3_11_M	419215.0	1444.0	male	nan	Spleen	nan	6	5
O6-MAA001888-3_39_F-1-1			3	O6.MAA001888.3_39_F.1.1-1-1	3_39_F	Marrow	False	1	False	O6.MAA001888.3_39_F.1.1-1-1-1	one_assay_suffix	3m	1	nan	CD4-positive, alpha-beta T cell	CL:0000815	BM CD4 T cell	facs	3_39_F	219223.0	1983.0	female	T-cells	Marrow	nan	4	21
O7-B000827-3_38_F-1-1			3	O7.B000827.3_38_F.1.1-1-1	3_38_F	Thymus	False	1	False	O7.B000827.3_38_F.1.1-1-1-1	one_assay_suffix	3m	1	nan	DN4 thymocyte	CL:0002420	DN4 thymocyte	facs	3_38_F	434528.0	2036.0	female	Flowthrough	Thymus	nan	6	5
O7-B000971-3_39_F-1-1			3	O7.B000971.3_39_F.1.1-1-1	3_39_F	Spleen	False	1	False	O7.B000971.3_39_F.1.1-1-1-1	one_assay_suffix	3m	1	nan	CD4-positive, alpha-beta T cell	CL:0000084	Cd3e T cell	facs	3_39_F	176945.0	1185.0	female	nan	Spleen	nan	6	5
O7-B002762-3_39_F-1-1			3	O7.B002762.3_39_F.1.1-1-1	3_39_F	Diaphragm	False	1	False	O7.B002762.3_39_F.1.1-1-1-1	one_assay_suffix	3m	1	nan	T cell	CL:0000542	nan	facs	3_39_F	160355.0	1203.0	female	Limb_Muscle	Diaphragm	nan	6	5
O7-B002954-3_56_F-1-1			3	O7.B002954.3_56_F.1.1-1-1	3_56_F	SCAT	False	1	False	O7.B002954.3_56_F.1.1-1-1-1	one_assay_suffix	3m	1	nan	T cell	CL:0000084	nan	facs	3_56_F	777667.0	2515.0	female	Fat	SCAT	nan	6	5
O7-B003291-3_39_F-1-1			3	O7.B003291.3_39_F.1.1-1-1	3_39_F	Thymus	False	1	False	O7.B003291.3_39_F.1.1-1-1-1	one_assay_suffix	3m	1	nan	thymocyte	CL:0002420	DN to DP transition (most are Cd8+/ Cd4+, some undergoing VDJ recombination)	facs	3_39_F	899375.0	1446.0	female	Flowthrough	Thymus	nan	21	23
O7-D042185-3_9_M-1-1			3	O7.D042185.3_9_M.1.1-1-1	3_9_M	Limb_Muscle	False	1	False	O7.D042185.3_9_M.1.1-1-1-1	one_assay_suffix	3m	1	nan	T cell	CL:0000084	nan	facs	3_9_M	270402.0	2372.0	male	ForelimbandHindlimb	Limb_Muscle	nan	4	9
O7-D042186-3_8_M-1-1			3	O7.D042186.3_8_M.1.1-1-1	3_8_M	Limb_Muscle	False	1	False	O7.D042186.3_8_M.1.1-1-1-1	one_assay_suffix	3m	1	nan	T cell	CL:0000084	nan	facs	3_8_M	456353.0	2854.0	male	ForelimbandHindlimb	Limb_Muscle	nan	4	5
O7-MAA000556-3_9_M-1-1			3	O7.MAA000556.3_9_M.1.1-1-1	3_9_M	BAT	False	1	False	O7.MAA000556.3_9_M.1.1-1-1-1	one_assay_suffix	3m	1	nan	T cell	CL:0000084	nan	facs	3_9_M	254409.0	2131.0	male	Fat	BAT	nan	4	9
O7-MAA000607-3_9_M-1-1			3	O7.MAA000607.3_9_M.1.1-1-1	3_9_M	Thymus	False	1	False	O7.MAA000607.3_9_M.1.1-1-1-1	one_assay_suffix	3m	1	nan	thymocyte	CL:0002420	DN to DP transition (most are Cd8+/ Cd4+, some undergoing VDJ recombination)	facs	3_9_M	392844.0	1958.0	male	nan	Thymus	nan	21	23
O7-MAA000609-3_8_M-1-1			3	O7.MAA000609.3_8_M.1.1-1-1	3_8_M	Thymus	False	1	False	O7.MAA000609.3_8_M.1.1-1-1-1	one_assay_suffix	3m	1	nan	thymocyte	CL:0002420	DN to DP transition (most are Cd8+/ Cd4+, some undergoing VDJ recombination)	facs	3_8_M	773810.0	1760.0	male	nan	Thymus	nan	21	23
O8-B000827-3_38_F-1-1			3	O8.B000827.3_38_F.1.1-1-1	3_38_F	Thymus	False	1	False	O8.B000827.3_38_F.1.1-1-1-1	one_assay_suffix	3m	1	nan	DN4 thymocyte	CL:0002420	DN4 thymocyte	facs	3_38_F	388045.0	1972.0	female	Flowthrough	Thymus	nan	6	5
O8-B003291-3_39_F-1-1			3	O8.B003291.3_39_F.1.1-1-1	3_39_F	Thymus	False	1	False	O8.B003291.3_39_F.1.1-1-1-1	one_assay_suffix	3m	1	nan	thymocyte	CL:0002420	DN to DP transition (most are Cd8+/ Cd4+, some undergoing VDJ recombination)	facs	3_39_F	707164.0	1487.0	female	Flowthrough	Thymus	nan	21	23
O8-MAA000607-3_9_M-1-1			3	O8.MAA000607.3_9_M.1.1-1-1	3_9_M	Thymus	False	1	False	O8.MAA000607.3_9_M.1.1-1-1-1	one_assay_suffix	3m	1	nan	DN4 thymocyte	CL:0002420	DN4 thymocyte	facs	3_9_M	488754.0	2044.0	male	nan	Thymus	nan	6	5
O8-MAA000609-3_8_M-1-1			3	O8.MAA000609.3_8_M.1.1-1-1	3_8_M	Thymus	False	1	False	O8.MAA000609.3_8_M.1.1-1-1-1	one_assay_suffix	3m	1	nan	thymocyte	CL:0002420	proliferating thymocyte; DN to DP transition, dividing (some are Cd8+/ Cd4+, some undergoing VDJ recombination)	facs	3_8_M	546751.0	2966.0	male	nan	Thymus	nan	21	23
O8-MAA000880-3_11_M-1-1			3	O8.MAA000880.3_11_M.1.1-1-1	3_11_M	Thymus	False	1	False	O8.MAA000880.3_11_M.1.1-1-1-1	one_assay_suffix	3m	1	nan	DN4 thymocyte	CL:0002420	DN4 thymocyte	facs	3_11_M	686968.0	1321.0	male	nan	Thymus	nan	6	5
O9-B000827-3_38_F-1-1			3	O9.B000827.3_38_F.1.1-1-1	3_38_F	Thymus	False	1	False	O9.B000827.3_38_F.1.1-1-1-1	one_assay_suffix	3m	1	nan	DN4 thymocyte	CL:0002420	DN4 thymocyte	facs	3_38_F	232607.0	1963.0	female	Flowthrough	Thymus	nan	6	5
O9-B003291-3_39_F-1-1			3	O9.B003291.3_39_F.1.1-1-1	3_39_F	Thymus	False	1	False	O9.B003291.3_39_F.1.1-1-1-1	one_assay_suffix	3m	1	nan	thymocyte	CL:0002420	DN to DP transition (most are Cd8+/ Cd4+, some undergoing VDJ recombination)	facs	3_39_F	475234.0	1481.0	female	Flowthrough	Thymus	nan	21	23
O9-D042185-3_9_M-1-1			3	O9.D042185.3_9_M.1.1-1-1	3_9_M	Limb_Muscle	False	1	False	O9.D042185.3_9_M.1.1-1-1-1	one_assay_suffix	3m	1	nan	T cell	CL:0000084	nan	facs	3_9_M	161062.0	2507.0	male	ForelimbandHindlimb	Limb_Muscle	nan	4	21
O9-MAA000385-3_10_M-1-1			3	O9.MAA000385.3_10_M.1.1-1-1	3_10_M	SCAT	False	1	False	O9.MAA000385.3_10_M.1.1-1-1-1	one_assay_suffix	3m	1	nan	T cell	CL:0000084	nan	facs	3_10_M	373427.0	2044.0	male	Fat	SCAT	nan	6	5
O9-MAA000607-3_9_M-1-1			3	O9.MAA000607.3_9_M.1.1-1-1	3_9_M	Thymus	False	1	False	O9.MAA000607.3_9_M.1.1-1-1-1	one_assay_suffix	3m	1	nan	thymocyte	CL:0002420	proliferating thymocyte; DN to DP transition, dividing (some are Cd8+/ Cd4+, some undergoing VDJ recombination)	facs	3_9_M	828240.0	4125.0	male	nan	Thymus	nan	21	23
O9-MAA000609-3_8_M-1-1			3	O9.MAA000609.3_8_M.1.1-1-1	3_8_M	Thymus	False	1	False	O9.MAA000609.3_8_M.1.1-1-1-1	one_assay_suffix	3m	1	nan	thymocyte	CL:0002420	proliferating thymocyte; DN to DP transition, dividing (some are Cd8+/ Cd4+, some undergoing VDJ recombination)	facs	3_8_M	655250.0	3434.0	male	nan	Thymus	nan	21	23
O9-MAA000914-3_9_M-1-1			3	O9.MAA000914.3_9_M.1.1-1-1	3_9_M	MAT	False	1	False	O9.MAA000914.3_9_M.1.1-1-1-1	one_assay_suffix	3m	1	nan	CD4-positive, alpha-beta T cell	CL:0000084	nan	facs	3_9_M	1649381.0	3387.0	male	Fat	MAT	nan	4	21
O9-MAA001888-3_39_F-1-1			3	O9.MAA001888.3_39_F.1.1-1-1	3_39_F	Marrow	False	1	False	O9.MAA001888.3_39_F.1.1-1-1-1	one_assay_suffix	3m	1	nan	mature alpha-beta T cell	CL:0000815	BM CD8 + CD4 T cell	facs	3_39_F	214911.0	2253.0	female	T-cells	Marrow	nan	4	9
P1-B000827-3_38_F-1-1			3	P1.B000827.3_38_F.1.1-1-1	3_38_F	Thymus	False	1	False	P1.B000827.3_38_F.1.1-1-1-1	one_assay_suffix	3m	1	nan	DN4 thymocyte	CL:0002420	DN4 thymocyte	facs	3_38_F	346343.0	1988.0	female	Flowthrough	Thymus	nan	6	5
P1-B003291-3_39_F-1-1			3	P1.B003291.3_39_F.1.1-1-1	3_39_F	Thymus	False	1	False	P1.B003291.3_39_F.1.1-1-1-1	one_assay_suffix	3m	1	nan	thymocyte	CL:0002420	DN to DP transition (most are Cd8+/ Cd4+, some undergoing VDJ recombination)	facs	3_39_F	655853.0	1922.0	female	Flowthrough	Thymus	nan	21	23
P1-MAA000607-3_9_M-1-1			3	P1.MAA000607.3_9_M.1.1-1-1	3_9_M	Thymus	False	1	False	P1.MAA000607.3_9_M.1.1-1-1-1	one_assay_suffix	3m	1	nan	DN4 thymocyte	CL:0002420	DN4 thymocyte	facs	3_9_M	253847.0	1267.0	male	nan	Thymus	nan	6	5
P10-B003291-3_39_F-1-1			3	P10.B003291.3_39_F.1.1-1-1	3_39_F	Thymus	False	1	False	P10.B003291.3_39_F.1.1-1-1-1	one_assay_suffix	3m	1	nan	thymocyte	CL:0002420	DN to DP transition (most are Cd8+/ Cd4+, some undergoing VDJ recombination)	facs	3_39_F	235216.0	1402.0	female	Flowthrough	Thymus	nan	21	23
P10-MAA000385-3_10_M-1-1			3	P10.MAA000385.3_10_M.1.1-1-1	3_10_M	SCAT	False	1	False	P10.MAA000385.3_10_M.1.1-1-1-1	one_assay_suffix	3m	1	nan	T cell	CL:0000084	nan	facs	3_10_M	713258.0	2410.0	male	Fat	SCAT	nan	4	9
P10-MAA000607-3_9_M-1-1			3	P10.MAA000607.3_9_M.1.1-1-1	3_9_M	Thymus	False	1	False	P10.MAA000607.3_9_M.1.1-1-1-1	one_assay_suffix	3m	1	nan	DN4 thymocyte	CL:0002420	DN4 thymocyte	facs	3_9_M	227041.0	1591.0	male	nan	Thymus	nan	6	5
P10-MAA000609-3_8_M-1-1			3	P10.MAA000609.3_8_M.1.1-1-1	3_8_M	Thymus	False	1	False	P10.MAA000609.3_8_M.1.1-1-1-1	one_assay_suffix	3m	1	nan	DN4 thymocyte	nan	DN4 thymocyte	facs	3_8_M	21765.0	1547.0	male	nan	Thymus	nan	6	5
P10-MAA000880-3_11_M-1-1			3	P10.MAA000880.3_11_M.1.1-1-1	3_11_M	Thymus	False	1	False	P10.MAA000880.3_11_M.1.1-1-1-1	one_assay_suffix	3m	1	nan	thymocyte	CL:0002420	proliferating thymocyte; DN to DP transition, dividing (some are Cd8+/ Cd4+, some undergoing VDJ recombination)	facs	3_11_M	1095013.0	1787.0	male	nan	Thymus	nan	21	23
P11-B000827-3_38_F-1-1			3	P11.B000827.3_38_F.1.1-1-1	3_38_F	Thymus	False	1	False	P11.B000827.3_38_F.1.1-1-1-1	one_assay_suffix	3m	1	nan	DN4 thymocyte	CL:0002420	DN4 thymocyte	facs	3_38_F	362263.0	1708.0	female	Flowthrough	Thymus	nan	6	5
P11-B002769-3_39_F-1-1			3	P11.B002769.3_39_F.1.1-1-1	3_39_F	Limb_Muscle	False	1	False	P11.B002769.3_39_F.1.1-1-1-1	one_assay_suffix	3m	1	nan	T cell	CL:0000084	nan	facs	3_39_F	564250.0	1995.0	female	ForelimbandHindlimb	Limb_Muscle	nan	4	21
P11-B003291-3_39_F-1-1			3	P11.B003291.3_39_F.1.1-1-1	3_39_F	Thymus	False	1	False	P11.B003291.3_39_F.1.1-1-1-1	one_assay_suffix	3m	1	nan	thymocyte	CL:0002420	DN to DP transition (most are Cd8+/ Cd4+, some undergoing VDJ recombination)	facs	3_39_F	850840.0	1502.0	female	Flowthrough	Thymus	nan	21	23
P11-D042185-3_9_M-1-1			3	P11.D042185.3_9_M.1.1-1-1	3_9_M	Limb_Muscle	False	1	False	P11.D042185.3_9_M.1.1-1-1-1	one_assay_suffix	3m	1	nan	T cell	CL:0000084	nan	facs	3_9_M	57438.0	1578.0	male	ForelimbandHindlimb	Limb_Muscle	nan	6	5
P11-MAA000607-3_9_M-1-1			3	P11.MAA000607.3_9_M.1.1-1-1	3_9_M	Thymus	False	1	False	P11.MAA000607.3_9_M.1.1-1-1-1	one_assay_suffix	3m	1	nan	DN4 thymocyte	CL:0002420	DN4 thymocyte	facs	3_9_M	239627.0	1730.0	male	nan	Thymus	nan	6	5
P11-MAA000609-3_8_M-1-1			3	P11.MAA000609.3_8_M.1.1-1-1	3_8_M	Thymus	False	1	False	P11.MAA000609.3_8_M.1.1-1-1-1	one_assay_suffix	3m	1	nan	thymocyte	CL:0002420	proliferating thymocyte; DN to DP transition, dividing (some are Cd8+/ Cd4+, some undergoing VDJ recombination)	facs	3_8_M	344864.0	3252.0	male	nan	Thymus	nan	21	23
P11-MAA000844-3_10_M-1-1			3	P11.MAA000844.3_10_M.1.1-1-1	3_10_M	Marrow	False	1	False	P11.MAA000844.3_10_M.1.1-1-1-1	one_assay_suffix	3m	1	nan	mature alpha-beta T cell	CL:0002420	BM CD8 + CD4 T cell	facs	3_10_M	257538.0	1898.0	male	T-cells	Marrow	nan	4	9
P11-MAA000880-3_11_M-1-1			3	P11.MAA000880.3_11_M.1.1-1-1	3_11_M	Thymus	False	1	False	P11.MAA000880.3_11_M.1.1-1-1-1	one_assay_suffix	3m	1	nan	thymocyte	CL:0002420	DN to DP transition (most are Cd8+/ Cd4+, some undergoing VDJ recombination)	facs	3_11_M	359701.0	1037.0	male	nan	Thymus	nan	21	23
P11-MAA000914-3_9_M-1-1			3	P11.MAA000914.3_9_M.1.1-1-1	3_9_M	MAT	False	1	False	P11.MAA000914.3_9_M.1.1-1-1-1	one_assay_suffix	3m	1	nan	CD4-positive, alpha-beta T cell	CL:0000084	nan	facs	3_9_M	507038.0	1601.0	male	Fat	MAT	nan	6	5
P12-B000827-3_38_F-1-1			3	P12.B000827.3_38_F.1.1-1-1	3_38_F	Thymus	False	1	False	P12.B000827.3_38_F.1.1-1-1-1	one_assay_suffix	3m	1	nan	DN4 thymocyte	CL:0002420	DN4 thymocyte	facs	3_38_F	361958.0	2134.0	female	Flowthrough	Thymus	nan	6	5
P12-B003291-3_39_F-1-1			3	P12.B003291.3_39_F.1.1-1-1	3_39_F	Thymus	False	1	False	P12.B003291.3_39_F.1.1-1-1-1	one_assay_suffix	3m	1	nan	thymocyte	CL:0002420	DN to DP transition (most are Cd8+/ Cd4+, some undergoing VDJ recombination)	facs	3_39_F	825766.0	1583.0	female	Flowthrough	Thymus	nan	21	23
P12-D042186-3_8_M-1-1			3	P12.D042186.3_8_M.1.1-1-1	3_8_M	Limb_Muscle	False	1	False	P12.D042186.3_8_M.1.1-1-1-1	one_assay_suffix	3m	1	nan	T cell	CL:0000084	nan	facs	3_8_M	286897.0	2457.0	male	ForelimbandHindlimb	Limb_Muscle	nan	4	5
P12-MAA000508-3_9_M-1-1			3	P12.MAA000508.3_9_M.1.1-1-1	3_9_M	Spleen	False	1	False	P12.MAA000508.3_9_M.1.1-1-1-1	one_assay_suffix	3m	1	nan	CD4-positive, alpha-beta T cell	CL:0000084	Cd3e T cell	facs	3_9_M	79816.0	1258.0	male	nan	Spleen	nan	6	5
P12-MAA000607-3_9_M-1-1			3	P12.MAA000607.3_9_M.1.1-1-1	3_9_M	Thymus	False	1	False	P12.MAA000607.3_9_M.1.1-1-1-1	one_assay_suffix	3m	1	nan	DN4 thymocyte	CL:0002420	DN4 thymocyte	facs	3_9_M	324706.0	2722.0	male	nan	Thymus	nan	6	5
P12-MAA000609-3_8_M-1-1			3	P12.MAA000609.3_8_M.1.1-1-1	3_8_M	Thymus	False	1	False	P12.MAA000609.3_8_M.1.1-1-1-1	one_assay_suffix	3m	1	nan	DN4 thymocyte	CL:0002420	DN4 thymocyte	facs	3_8_M	107000.0	1701.0	male	nan	Thymus	nan	6	5
P12-MAA000844-3_10_M-1-1			3	P12.MAA000844.3_10_M.1.1-1-1	3_10_M	Marrow	False	1	False	P12.MAA000844.3_10_M.1.1-1-1-1	one_assay_suffix	3m	1	nan	CD4-positive, alpha-beta T cell	CL:0000815	BM CD4 T cell	facs	3_10_M	136188.0	1208.0	male	T-cells	Marrow	nan	4	21
P12-MAA000877-3_11_M-1-1			3	P12.MAA000877.3_11_M.1.1-1-1	3_11_M	MAT	False	1	False	P12.MAA000877.3_11_M.1.1-1-1-1	one_assay_suffix	3m	1	nan	CD8-positive, alpha-beta T cell	CL:0000084	nan	facs	3_11_M	437812.0	2341.0	male	Fat	MAT	nan	6	5
P12-MAA000880-3_11_M-1-1			3	P12.MAA000880.3_11_M.1.1-1-1	3_11_M	Thymus	False	1	False	P12.MAA000880.3_11_M.1.1-1-1-1	one_assay_suffix	3m	1	nan	thymocyte	CL:0002420	DN to DP transition (most are Cd8+/ Cd4+, some undergoing VDJ recombination)	facs	3_11_M	712383.0	1862.0	male	nan	Thymus	nan	21	23
P12-MAA000914-3_9_M-1-1			3	P12.MAA000914.3_9_M.1.1-1-1	3_9_M	MAT	False	1	False	P12.MAA000914.3_9_M.1.1-1-1-1	one_assay_suffix	3m	1	nan	CD4-positive, alpha-beta T cell	CL:0000084	nan	facs	3_9_M	529502.0	1774.0	male	Fat	MAT	nan	4	5
P13-B000827-3_38_F-1-1			3	P13.B000827.3_38_F.1.1-1-1	3_38_F	Thymus	False	1	False	P13.B000827.3_38_F.1.1-1-1-1	one_assay_suffix	3m	1	nan	DN4 thymocyte	CL:0002420	DN4 thymocyte	facs	3_38_F	212890.0	2112.0	female	Flowthrough	Thymus	nan	6	5
P13-B001960-3_56_F-1-1	15.0	2.0	3	P13.B001960.3_56_F.1.1-1-1	3_56_F	BAT	True	1	False	P13.B001960.3_56_F.1.1-1-1-1	one_assay_suffix	3m	1	nan	T cell	CL:0000084	nan	facs	3_56_F	242837.0	1635.0	female	Fat	BAT	nan	6	5
P13-B002314-3_56_F-1-1			3	P13.B002314.3_56_F.1.1-1-1	3_56_F	MAT	False	1	False	P13.B002314.3_56_F.1.1-1-1-1	one_assay_suffix	3m	1	nan	CD8-positive, alpha-beta T cell	CL:0000084	nan	facs	3_56_F	337497.0	2128.0	female	Fat	MAT	nan	4	9
P13-B003291-3_39_F-1-1			3	P13.B003291.3_39_F.1.1-1-1	3_39_F	Thymus	False	1	False	P13.B003291.3_39_F.1.1-1-1-1	one_assay_suffix	3m	1	nan	thymocyte	CL:0002420	DN to DP transition (most are Cd8+/ Cd4+, some undergoing VDJ recombination)	facs	3_39_F	700197.0	1743.0	female	Flowthrough	Thymus	nan	21	23
P13-D042186-3_8_M-1-1			3	P13.D042186.3_8_M.1.1-1-1	3_8_M	Limb_Muscle	False	1	False	P13.D042186.3_8_M.1.1-1-1-1	one_assay_suffix	3m	1	nan	T cell	CL:0000084	nan	facs	3_8_M	315583.0	2592.0	male	ForelimbandHindlimb	Limb_Muscle	nan	4	21
P13-MAA000607-3_9_M-1-1			3	P13.MAA000607.3_9_M.1.1-1-1	3_9_M	Thymus	False	1	False	P13.MAA000607.3_9_M.1.1-1-1-1	one_assay_suffix	3m	1	nan	thymocyte	CL:0002420	DN to DP transition (most are Cd8+/ Cd4+, some undergoing VDJ recombination)	facs	3_9_M	266196.0	1779.0	male	nan	Thymus	nan	6	23
P13-MAA000609-3_8_M-1-1			3	P13.MAA000609.3_8_M.1.1-1-1	3_8_M	Thymus	False	1	False	P13.MAA000609.3_8_M.1.1-1-1-1	one_assay_suffix	3m	1	nan	DN4 thymocyte	CL:0002420	DN4 thymocyte	facs	3_8_M	186462.0	2447.0	male	nan	Thymus	nan	6	5
P13-MAA000844-3_10_M-1-1			3	P13.MAA000844.3_10_M.1.1-1-1	3_10_M	Marrow	False	1	False	P13.MAA000844.3_10_M.1.1-1-1-1	one_assay_suffix	3m	1	nan	CD4-positive, alpha-beta T cell	CL:0000815	BM CD4 T cell	facs	3_10_M	188861.0	1886.0	male	T-cells	Marrow	nan	4	48
P13-MAA000880-3_11_M-1-1			3	P13.MAA000880.3_11_M.1.1-1-1	3_11_M	Thymus	False	1	False	P13.MAA000880.3_11_M.1.1-1-1-1	one_assay_suffix	3m	1	nan	DN4 thymocyte	CL:0002420	DN4 thymocyte	facs	3_11_M	385167.0	4212.0	male	nan	Thymus	nan	6	23
P13-MAA000914-3_9_M-1-1			3	P13.MAA000914.3_9_M.1.1-1-1	3_9_M	MAT	False	1	False	P13.MAA000914.3_9_M.1.1-1-1-1	one_assay_suffix	3m	1	nan	CD4-positive, alpha-beta T cell	CL:0000084	nan	facs	3_9_M	1239035.0	2296.0	male	Fat	MAT	nan	6	5
P14-B000827-3_38_F-1-1			3	P14.B000827.3_38_F.1.1-1-1	3_38_F	Thymus	False	1	False	P14.B000827.3_38_F.1.1-1-1-1	one_assay_suffix	3m	1	nan	DN4 thymocyte	CL:0002420	DN4 thymocyte	facs	3_38_F	136496.0	2377.0	female	Flowthrough	Thymus	nan	6	5
P14-B003291-3_39_F-1-1			3	P14.B003291.3_39_F.1.1-1-1	3_39_F	Thymus	False	1	False	P14.B003291.3_39_F.1.1-1-1-1	one_assay_suffix	3m	1	nan	thymocyte	CL:0002420	DN to DP transition (most are Cd8+/ Cd4+, some undergoing VDJ recombination)	facs	3_39_F	649130.0	1697.0	female	Flowthrough	Thymus	nan	21	23
P14-D042473-3_10_M-1-1			3	P14.D042473.3_10_M.1.1-1-1	3_10_M	Limb_Muscle	False	1	False	P14.D042473.3_10_M.1.1-1-1-1	one_assay_suffix	3m	1	nan	T cell	CL:0000084	nan	facs	3_10_M	433287.0	1958.0	male	ForelimbandHindlimb	Limb_Muscle	nan	6	5
P14-MAA000508-3_9_M-1-1			3	P14.MAA000508.3_9_M.1.1-1-1	3_9_M	Spleen	False	1	False	P14.MAA000508.3_9_M.1.1-1-1-1	one_assay_suffix	3m	1	nan	CD4-positive, alpha-beta T cell	CL:0000084	Cd3e T cell	facs	3_9_M	246972.0	1845.0	male	nan	Spleen	nan	6	5
P14-MAA000556-3_9_M-1-1			3	P14.MAA000556.3_9_M.1.1-1-1	3_9_M	BAT	False	1	False	P14.MAA000556.3_9_M.1.1-1-1-1	one_assay_suffix	3m	1	nan	T cell	CL:0000084	nan	facs	3_9_M	334607.0	2350.0	male	Fat	BAT	nan	4	9
P14-MAA000607-3_9_M-1-1			3	P14.MAA000607.3_9_M.1.1-1-1	3_9_M	Thymus	False	1	False	P14.MAA000607.3_9_M.1.1-1-1-1	one_assay_suffix	3m	1	nan	thymocyte	CL:0002420	proliferating thymocyte; DN to DP transition, dividing (some are Cd8+/ Cd4+, some undergoing VDJ recombination)	facs	3_9_M	1324535.0	4578.0	male	nan	Thymus	nan	21	23
P14-MAA000609-3_8_M-1-1			3	P14.MAA000609.3_8_M.1.1-1-1	3_8_M	Thymus	False	1	False	P14.MAA000609.3_8_M.1.1-1-1-1	one_assay_suffix	3m	1	nan	DN4 thymocyte	CL:0002420	DN4 thymocyte	facs	3_8_M	122429.0	2240.0	male	nan	Thymus	nan	6	5
P14-MAA000880-3_11_M-1-1	20.0	2.0	3	P14.MAA000880.3_11_M.1.1-1-1	3_11_M	Thymus	True	2	True	P14.MAA000880.3_11_M.1.1-1-1-1	one_assay_suffix	3m	1	nan	DN4 thymocyte	CL:0002420	DN4 thymocyte	facs	3_11_M	588837.0	1418.0	male	nan	Thymus	nan	6	5
P14-MAA000914-3_9_M-1-1			3	P14.MAA000914.3_9_M.1.1-1-1	3_9_M	MAT	False	1	False	P14.MAA000914.3_9_M.1.1-1-1-1	one_assay_suffix	3m	1	nan	CD4-positive, alpha-beta T cell	CL:0000084	nan	facs	3_9_M	688184.0	2018.0	male	Fat	MAT	nan	6	5
P14-MAA001889-3_38_F-1-1			3	P14.MAA001889.3_38_F.1.1-1-1	3_38_F	Lung	False	1	False	P14.MAA001889.3_38_F.1.1-1-1-1	one_assay_suffix	3m	1	nan	CD4-positive, alpha-beta T cell	CL:0000084	CD4+ T	facs	3_38_F	943029.0	1442.0	female	EPCAM	Lung	nan	6	5
P15-B000827-3_38_F-1-1			3	P15.B000827.3_38_F.1.1-1-1	3_38_F	Thymus	False	1	False	P15.B000827.3_38_F.1.1-1-1-1	one_assay_suffix	3m	1	nan	DN4 thymocyte	CL:0002420	DN4 thymocyte	facs	3_38_F	453099.0	1995.0	female	Flowthrough	Thymus	nan	6	5
P15-B003291-3_39_F-1-1			3	P15.B003291.3_39_F.1.1-1-1	3_39_F	Thymus	False	1	False	P15.B003291.3_39_F.1.1-1-1-1	one_assay_suffix	3m	1	nan	thymocyte	CL:0002420	DN to DP transition (most are Cd8+/ Cd4+, some undergoing VDJ recombination)	facs	3_39_F	1062686.0	1528.0	female	Flowthrough	Thymus	nan	21	23
P15-MAA000607-3_9_M-1-1			3	P15.MAA000607.3_9_M.1.1-1-1	3_9_M	Thymus	False	1	False	P15.MAA000607.3_9_M.1.1-1-1-1	one_assay_suffix	3m	1	nan	thymocyte	CL:0002420	DN to DP transition (most are Cd8+/ Cd4+, some undergoing VDJ recombination)	facs	3_9_M	428275.0	2065.0	male	nan	Thymus	nan	21	23
P15-MAA000609-3_8_M-1-1			3	P15.MAA000609.3_8_M.1.1-1-1	3_8_M	Thymus	False	1	False	P15.MAA000609.3_8_M.1.1-1-1-1	one_assay_suffix	3m	1	nan	thymocyte	CL:0002420	DN to DP transition (most are Cd8+/ Cd4+, some undergoing VDJ recombination)	facs	3_8_M	122590.0	1664.0	male	nan	Thymus	nan	21	23
P15-MAA000880-3_11_M-1-1			3	P15.MAA000880.3_11_M.1.1-1-1	3_11_M	Thymus	False	1	False	P15.MAA000880.3_11_M.1.1-1-1-1	one_assay_suffix	3m	1	nan	DN4 thymocyte	CL:0002420	DN4 thymocyte	facs	3_11_M	1119267.0	1765.0	male	nan	Thymus	nan	6	5
P15-MAA001888-3_39_F-1-1			3	P15.MAA001888.3_39_F.1.1-1-1	3_39_F	Marrow	False	1	False	P15.MAA001888.3_39_F.1.1-1-1-1	one_assay_suffix	3m	1	nan	mature alpha-beta T cell	CL:0000236	BM CD8 + CD4 T cell	facs	3_39_F	134798.0	3302.0	female	T-cells	Marrow	nan	4	9
P16-B000827-3_38_F-1-1			3	P16.B000827.3_38_F.1.1-1-1	3_38_F	Thymus	False	1	False	P16.B000827.3_38_F.1.1-1-1-1	one_assay_suffix	3m	1	nan	DN4 thymocyte	CL:0002420	DN4 thymocyte	facs	3_38_F	376996.0	1829.0	female	Flowthrough	Thymus	nan	6	5
P16-B000971-3_39_F-1-1			3	P16.B000971.3_39_F.1.1-1-1	3_39_F	Spleen	False	1	False	P16.B000971.3_39_F.1.1-1-1-1	one_assay_suffix	3m	1	nan	CD4-positive, alpha-beta T cell	CL:0000084	Cd3e T cell	facs	3_39_F	521007.0	1376.0	female	nan	Spleen	nan	6	5
P16-B001750-3_38_F-1-1			3	P16.B001750.3_38_F.1.1-1-1	3_38_F	Spleen	False	1	False	P16.B001750.3_38_F.1.1-1-1-1	one_assay_suffix	3m	1	nan	CD4-positive, alpha-beta T cell	CL:0000084	Cd3e T cell	facs	3_38_F	583174.0	1573.0	female	nan	Spleen	nan	6	5
P16-B003291-3_39_F-1-1			3	P16.B003291.3_39_F.1.1-1-1	3_39_F	Thymus	False	1	False	P16.B003291.3_39_F.1.1-1-1-1	one_assay_suffix	3m	1	nan	DN4 thymocyte	CL:0002420	DN4 thymocyte	facs	3_39_F	1344116.0	1760.0	female	Flowthrough	Thymus	nan	6	5
P16-MAA000385-3_10_M-1-1			3	P16.MAA000385.3_10_M.1.1-1-1	3_10_M	SCAT	False	1	False	P16.MAA000385.3_10_M.1.1-1-1-1	one_assay_suffix	3m	1	nan	T cell	CL:0000084	nan	facs	3_10_M	195279.0	2330.0	male	Fat	SCAT	nan	4	9
P16-MAA000508-3_9_M-1-1			3	P16.MAA000508.3_9_M.1.1-1-1	3_9_M	Spleen	False	1	False	P16.MAA000508.3_9_M.1.1-1-1-1	one_assay_suffix	3m	1	nan	CD8-positive, alpha-beta T cell	CL:0000084	Cd3e T cell	facs	3_9_M	210885.0	2335.0	male	nan	Spleen	nan	6	5
P16-MAA000607-3_9_M-1-1			3	P16.MAA000607.3_9_M.1.1-1-1	3_9_M	Thymus	False	1	False	P16.MAA000607.3_9_M.1.1-1-1-1	one_assay_suffix	3m	1	nan	thymocyte	CL:0002420	DN to DP transition (most are Cd8+/ Cd4+, some undergoing VDJ recombination)	facs	3_9_M	174836.0	1380.0	male	nan	Thymus	nan	21	23
P16-MAA000609-3_8_M-1-1			3	P16.MAA000609.3_8_M.1.1-1-1	3_8_M	Thymus	False	1	False	P16.MAA000609.3_8_M.1.1-1-1-1	one_assay_suffix	3m	1	nan	thymocyte	CL:0002420	DN to DP transition (most are Cd8+/ Cd4+, some undergoing VDJ recombination)	facs	3_8_M	92813.0	1297.0	male	nan	Thymus	nan	21	23
P16-MAA000880-3_11_M-1-1			3	P16.MAA000880.3_11_M.1.1-1-1	3_11_M	Thymus	False	1	False	P16.MAA000880.3_11_M.1.1-1-1-1	one_assay_suffix	3m	1	nan	DN4 thymocyte	CL:0002420	DN4 thymocyte	facs	3_11_M	1039213.0	1429.0	male	nan	Thymus	nan	6	5
P17-B000827-3_38_F-1-1			3	P17.B000827.3_38_F.1.1-1-1	3_38_F	Thymus	False	1	False	P17.B000827.3_38_F.1.1-1-1-1	one_assay_suffix	3m	1	nan	DN4 thymocyte	CL:0002420	DN4 thymocyte	facs	3_38_F	224416.0	2176.0	female	Flowthrough	Thymus	nan	6	5
P17-B003291-3_39_F-1-1			3	P17.B003291.3_39_F.1.1-1-1	3_39_F	Thymus	False	1	False	P17.B003291.3_39_F.1.1-1-1-1	one_assay_suffix	3m	1	nan	thymocyte	CL:0002420	DN to DP transition (most are Cd8+/ Cd4+, some undergoing VDJ recombination)	facs	3_39_F	1027457.0	1697.0	female	Flowthrough	Thymus	nan	21	23
P17-MAA000508-3_9_M-1-1			3	P17.MAA000508.3_9_M.1.1-1-1	3_9_M	Spleen	False	1	False	P17.MAA000508.3_9_M.1.1-1-1-1	one_assay_suffix	3m	1	nan	CD4-positive, alpha-beta T cell	CL:0000084	Cd3e T cell	facs	3_9_M	198898.0	1684.0	male	nan	Spleen	nan	6	5
P17-MAA000607-3_9_M-1-1			3	P17.MAA000607.3_9_M.1.1-1-1	3_9_M	Thymus	False	1	False	P17.MAA000607.3_9_M.1.1-1-1-1	one_assay_suffix	3m	1	nan	thymocyte	CL:0002420	DN to DP transition (most are Cd8+/ Cd4+, some undergoing VDJ recombination)	facs	3_9_M	177711.0	1787.0	male	nan	Thymus	nan	21	23
P17-MAA000609-3_8_M-1-1			3	P17.MAA000609.3_8_M.1.1-1-1	3_8_M	Thymus	False	1	False	P17.MAA000609.3_8_M.1.1-1-1-1	one_assay_suffix	3m	1	nan	thymocyte	CL:0002420	DN to DP transition (most are Cd8+/ Cd4+, some undergoing VDJ recombination)	facs	3_8_M	128809.0	1316.0	male	nan	Thymus	nan	21	23
P18-B000827-3_38_F-1-1			3	P18.B000827.3_38_F.1.1-1-1	3_38_F	Thymus	False	1	False	P18.B000827.3_38_F.1.1-1-1-1	one_assay_suffix	3m	1	nan	DN4 thymocyte	CL:0000894	DN4 thymocyte	facs	3_38_F	203507.0	2116.0	female	Flowthrough	Thymus	nan	4	21
P18-B003291-3_39_F-1-1			3	P18.B003291.3_39_F.1.1-1-1	3_39_F	Thymus	False	1	False	P18.B003291.3_39_F.1.1-1-1-1	one_assay_suffix	3m	1	nan	thymocyte	CL:0002420	proliferating thymocyte; DN to DP transition, dividing (some are Cd8+/ Cd4+, some undergoing VDJ recombination)	facs	3_39_F	1867434.0	2606.0	female	Flowthrough	Thymus	nan	21	23
P18-MAA000508-3_9_M-1-1			3	P18.MAA000508.3_9_M.1.1-1-1	3_9_M	Spleen	False	1	False	P18.MAA000508.3_9_M.1.1-1-1-1	one_assay_suffix	3m	1	nan	CD8-positive, alpha-beta T cell	CL:0000084	Cd3e T cell	facs	3_9_M	358968.0	3022.0	male	nan	Spleen	nan	6	5
P18-MAA000607-3_9_M-1-1			3	P18.MAA000607.3_9_M.1.1-1-1	3_9_M	Thymus	False	1	False	P18.MAA000607.3_9_M.1.1-1-1-1	one_assay_suffix	3m	1	nan	DN4 thymocyte	CL:0002420	DN4 thymocyte	facs	3_9_M	381898.0	1874.0	male	nan	Thymus	nan	6	5
P18-MAA000609-3_8_M-1-1			3	P18.MAA000609.3_8_M.1.1-1-1	3_8_M	Thymus	False	1	False	P18.MAA000609.3_8_M.1.1-1-1-1	one_assay_suffix	3m	1	nan	DN4 thymocyte	CL:0002420	DN4 thymocyte	facs	3_8_M	135784.0	1577.0	male	nan	Thymus	nan	6	23
P18-MAA000844-3_10_M-1-1			3	P18.MAA000844.3_10_M.1.1-1-1	3_10_M	Marrow	False	1	False	P18.MAA000844.3_10_M.1.1-1-1-1	one_assay_suffix	3m	1	nan	mature alpha-beta T cell	CL:0002420	BM CD8 + CD4 T cell	facs	3_10_M	130568.0	1709.0	male	T-cells	Marrow	nan	6	5
P18-MAA000880-3_11_M-1-1	2.0	3.0	3	P18.MAA000880.3_11_M.1.1-1-1	3_11_M	Thymus	True	3	True	P18.MAA000880.3_11_M.1.1-1-1-1	one_assay_suffix	3m	1	nan	DN4 thymocyte	CL:0002420	DN4 thymocyte	facs	3_11_M	862221.0	1261.0	male	nan	Thymus	nan	6	5
P18-MAA001888-3_39_F-1-1			3	P18.MAA001888.3_39_F.1.1-1-1	3_39_F	Marrow	False	1	False	P18.MAA001888.3_39_F.1.1-1-1-1	one_assay_suffix	3m	1	nan	CD4-positive, alpha-beta T cell	CL:0000815	BM CD4 T cell	facs	3_39_F	171879.0	2445.0	female	T-cells	Marrow	nan	4	21
P19-B001750-3_38_F-1-1			3	P19.B001750.3_38_F.1.1-1-1	3_38_F	Spleen	False	1	False	P19.B001750.3_38_F.1.1-1-1-1	one_assay_suffix	3m	1	nan	CD8-positive, alpha-beta T cell	CL:0000084	nan	facs	3_38_F	913238.0	2343.0	female	nan	Spleen	nan	4	47
P19-B003291-3_39_F-1-1			3	P19.B003291.3_39_F.1.1-1-1	3_39_F	Thymus	False	1	False	P19.B003291.3_39_F.1.1-1-1-1	one_assay_suffix	3m	1	nan	thymocyte	CL:0002420	DN to DP transition (most are Cd8+/ Cd4+, some undergoing VDJ recombination)	facs	3_39_F	1189762.0	1155.0	female	Flowthrough	Thymus	nan	21	23
P19-D042473-3_10_M-1-1			3	P19.D042473.3_10_M.1.1-1-1	3_10_M	Limb_Muscle	False	1	False	P19.D042473.3_10_M.1.1-1-1-1	one_assay_suffix	3m	1	nan	T cell	CL:0000084	nan	facs	3_10_M	359450.0	1733.0	male	ForelimbandHindlimb	Limb_Muscle	nan	6	5
P19-MAA000508-3_9_M-1-1			3	P19.MAA000508.3_9_M.1.1-1-1	3_9_M	Spleen	False	1	False	P19.MAA000508.3_9_M.1.1-1-1-1	one_assay_suffix	3m	1	nan	CD4-positive, alpha-beta T cell	CL:0000084	Cd3e T cell	facs	3_9_M	260846.0	1878.0	male	nan	Spleen	nan	4	21
P19-MAA000607-3_9_M-1-1			3	P19.MAA000607.3_9_M.1.1-1-1	3_9_M	Thymus	False	1	False	P19.MAA000607.3_9_M.1.1-1-1-1	one_assay_suffix	3m	1	nan	thymocyte	CL:0002420	DN to DP transition (most are Cd8+/ Cd4+, some undergoing VDJ recombination)	facs	3_9_M	255633.0	1624.0	male	nan	Thymus	nan	21	23
P19-MAA000609-3_8_M-1-1			3	P19.MAA000609.3_8_M.1.1-1-1	3_8_M	Thymus	False	1	False	P19.MAA000609.3_8_M.1.1-1-1-1	one_assay_suffix	3m	1	nan	DN4 thymocyte	CL:0002420	DN4 thymocyte	facs	3_8_M	159639.0	1995.0	male	nan	Thymus	nan	6	5
P19-MAA000779-3_11_M-1-1			3	P19.MAA000779.3_11_M.1.1-1-1	3_11_M	Spleen	False	1	False	P19.MAA000779.3_11_M.1.1-1-1-1	one_assay_suffix	3m	1	nan	CD4-positive, alpha-beta T cell	CL:0000084	Cd3e T cell	facs	3_11_M	277771.0	1227.0	male	nan	Spleen	nan	6	5
P19-MAA000880-3_11_M-1-1			3	P19.MAA000880.3_11_M.1.1-1-1	3_11_M	Thymus	False	1	False	P19.MAA000880.3_11_M.1.1-1-1-1	one_assay_suffix	3m	1	nan	thymocyte	CL:0002420	DN to DP transition (most are Cd8+/ Cd4+, some undergoing VDJ recombination)	facs	3_11_M	706372.0	1028.0	male	nan	Thymus	nan	21	23
P2-B000827-3_38_F-1-1			3	P2.B000827.3_38_F.1.1-1-1	3_38_F	Thymus	False	1	False	P2.B000827.3_38_F.1.1-1-1-1	one_assay_suffix	3m	1	nan	DN4 thymocyte	CL:0002420	DN4 thymocyte	facs	3_38_F	476946.0	2660.0	female	Flowthrough	Thymus	nan	6	5
P2-B003291-3_39_F-1-1			3	P2.B003291.3_39_F.1.1-1-1	3_39_F	Thymus	False	1	False	P2.B003291.3_39_F.1.1-1-1-1	one_assay_suffix	3m	1	nan	thymocyte	CL:0002420	proliferating thymocyte; DN to DP transition, dividing (some are Cd8+/ Cd4+, some undergoing VDJ recombination)	facs	3_39_F	1872023.0	3292.0	female	Flowthrough	Thymus	nan	21	23
P2-MAA000607-3_9_M-1-1			3	P2.MAA000607.3_9_M.1.1-1-1	3_9_M	Thymus	False	1	False	P2.MAA000607.3_9_M.1.1-1-1-1	one_assay_suffix	3m	1	nan	thymocyte	CL:0002420	DN to DP transition (most are Cd8+/ Cd4+, some undergoing VDJ recombination)	facs	3_9_M	235380.0	1264.0	male	nan	Thymus	nan	21	23
P2-MAA000779-3_11_M-1-1			3	P2.MAA000779.3_11_M.1.1-1-1	3_11_M	Spleen	False	1	False	P2.MAA000779.3_11_M.1.1-1-1-1	one_assay_suffix	3m	1	nan	CD4-positive, alpha-beta T cell	CL:0000084	Cd3e T cell	facs	3_11_M	466957.0	1275.0	male	nan	Spleen	nan	6	5
P2-MAA000844-3_10_M-1-1			3	P2.MAA000844.3_10_M.1.1-1-1	3_10_M	Marrow	False	1	False	P2.MAA000844.3_10_M.1.1-1-1-1	one_assay_suffix	3m	1	nan	mature alpha-beta T cell	CL:0002420	BM CD8 + CD4 T cell	facs	3_10_M	428836.0	2617.0	male	T-cells	Marrow	nan	6	5
P20-B000827-3_38_F-1-1			3	P20.B000827.3_38_F.1.1-1-1	3_38_F	Thymus	False	1	False	P20.B000827.3_38_F.1.1-1-1-1	one_assay_suffix	3m	1	nan	DN4 thymocyte	CL:0002420	DN4 thymocyte	facs	3_38_F	389653.0	2049.0	female	Flowthrough	Thymus	nan	6	5
P20-B000971-3_39_F-1-1			3	P20.B000971.3_39_F.1.1-1-1	3_39_F	Spleen	False	1	False	P20.B000971.3_39_F.1.1-1-1-1	one_assay_suffix	3m	1	nan	CD8-positive, alpha-beta T cell	CL:0000084	Cd3e T cell	facs	3_39_F	490258.0	1558.0	female	nan	Spleen	nan	4	21
P20-B001750-3_38_F-1-1			3	P20.B001750.3_38_F.1.1-1-1	3_38_F	Spleen	False	1	False	P20.B001750.3_38_F.1.1-1-1-1	one_assay_suffix	3m	1	nan	CD8-positive, alpha-beta T cell	CL:0000084	Cd3e T cell	facs	3_38_F	815827.0	1956.0	female	nan	Spleen	nan	6	5
P20-B003291-3_39_F-1-1			3	P20.B003291.3_39_F.1.1-1-1	3_39_F	Thymus	False	1	False	P20.B003291.3_39_F.1.1-1-1-1	one_assay_suffix	3m	1	nan	DN4 thymocyte	CL:0002420	DN4 thymocyte	facs	3_39_F	1331708.0	1403.0	female	Flowthrough	Thymus	nan	6	5
P20-MAA000508-3_9_M-1-1			3	P20.MAA000508.3_9_M.1.1-1-1	3_9_M	Spleen	False	1	False	P20.MAA000508.3_9_M.1.1-1-1-1	one_assay_suffix	3m	1	nan	CD8-positive, alpha-beta T cell	CL:0000084	Cd3e T cell	facs	3_9_M	255490.0	1837.0	male	nan	Spleen	nan	6	9
P20-MAA000609-3_8_M-1-1			3	P20.MAA000609.3_8_M.1.1-1-1	3_8_M	Thymus	False	1	False	P20.MAA000609.3_8_M.1.1-1-1-1	one_assay_suffix	3m	1	nan	thymocyte	CL:0002420	DN to DP transition (most are Cd8+/ Cd4+, some undergoing VDJ recombination)	facs	3_8_M	241477.0	2503.0	male	nan	Thymus	nan	21	23
P20-MAA001847-3_39_F-1-1			3	P20.MAA001847.3_39_F.1.1-1-1	3_39_F	Lung	False	1	False		unmatched																
P21-B000827-3_38_F-1-1			3	P21.B000827.3_38_F.1.1-1-1	3_38_F	Thymus	False	1	False	P21.B000827.3_38_F.1.1-1-1-1	one_assay_suffix	3m	1	nan	DN4 thymocyte	CL:0002420	DN4 thymocyte	facs	3_38_F	94101.0	1689.0	female	Flowthrough	Thymus	nan	6	5
P21-B003291-3_39_F-1-1			3	P21.B003291.3_39_F.1.1-1-1	3_39_F	Thymus	False	1	False	P21.B003291.3_39_F.1.1-1-1-1	one_assay_suffix	3m	1	nan	thymocyte	CL:0002420	DN to DP transition (most are Cd8+/ Cd4+, some undergoing VDJ recombination)	facs	3_39_F	1119629.0	1587.0	female	Flowthrough	Thymus	nan	21	23
P21-D042186-3_8_M-1-1			3	P21.D042186.3_8_M.1.1-1-1	3_8_M	Limb_Muscle	False	1	False	P21.D042186.3_8_M.1.1-1-1-1	one_assay_suffix	3m	1	nan	T cell	CL:0000084	nan	facs	3_8_M	457653.0	2642.0	male	ForelimbandHindlimb	Limb_Muscle	nan	6	5
P21-MAA000607-3_9_M-1-1			3	P21.MAA000607.3_9_M.1.1-1-1	3_9_M	Thymus	False	1	False	P21.MAA000607.3_9_M.1.1-1-1-1	one_assay_suffix	3m	1	nan	DN4 thymocyte	CL:0002420	DN4 thymocyte	facs	3_9_M	325825.0	1866.0	male	nan	Thymus	nan	6	5
P21-MAA000609-3_8_M-1-1			3	P21.MAA000609.3_8_M.1.1-1-1	3_8_M	Thymus	False	1	False	P21.MAA000609.3_8_M.1.1-1-1-1	one_assay_suffix	3m	1	nan	thymocyte	CL:0002420	DN to DP transition (most are Cd8+/ Cd4+, some undergoing VDJ recombination)	facs	3_8_M	100090.0	1259.0	male	nan	Thymus	nan	21	23
P21-MAA000779-3_11_M-1-1			3	P21.MAA000779.3_11_M.1.1-1-1	3_11_M	Spleen	False	1	False	P21.MAA000779.3_11_M.1.1-1-1-1	one_assay_suffix	3m	1	nan	CD8-positive, alpha-beta T cell	CL:0000084	Cd3e T cell	facs	3_11_M	327273.0	1455.0	male	nan	Spleen	nan	6	5
P21-MAA000880-3_11_M-1-1	45.0	2.0	3	P21.MAA000880.3_11_M.1.1-1-1	3_11_M	Thymus	True	2	True	P21.MAA000880.3_11_M.1.1-1-1-1	one_assay_suffix	3m	1	nan	thymocyte	CL:0002420	proliferating thymocyte; DN to DP transition, dividing (some are Cd8+/ Cd4+, some undergoing VDJ recombination)	facs	3_11_M	1196890.0	3290.0	male	nan	Thymus	nan	21	23
P21-MAA001454-3_38_F-1-1			3	P21.MAA001454.3_38_F.1.1-1-1	3_38_F	Diaphragm	False	1	False	P21.MAA001454.3_38_F.1.1-1-1-1	one_assay_suffix	3m	1	nan	T cell	CL:0000542	nan	facs	3_38_F	539170.0	1476.0	female	Limb_Muscle	Diaphragm	nan	6	5
P21-MAA001888-3_39_F-1-1			3	P21.MAA001888.3_39_F.1.1-1-1	3_39_F	Marrow	False	1	False	P21.MAA001888.3_39_F.1.1-1-1-1	one_assay_suffix	3m	1	nan	CD4-positive, alpha-beta T cell	CL:0000815	BM CD4 T cell	facs	3_39_F	79812.0	1945.0	female	T-cells	Marrow	nan	4	21
P22-B003291-3_39_F-1-1			3	P22.B003291.3_39_F.1.1-1-1	3_39_F	Thymus	False	1	False	P22.B003291.3_39_F.1.1-1-1-1	one_assay_suffix	3m	1	nan	thymocyte	CL:0002420	DN to DP transition (most are Cd8+/ Cd4+, some undergoing VDJ recombination)	facs	3_39_F	1577456.0	1117.0	female	Flowthrough	Thymus	nan	21	23
P22-D042185-3_9_M-1-1			3	P22.D042185.3_9_M.1.1-1-1	3_9_M	Limb_Muscle	False	1	False	P22.D042185.3_9_M.1.1-1-1-1	one_assay_suffix	3m	1	nan	T cell	nan	nan	facs	3_9_M	27658.0	1278.0	male	ForelimbandHindlimb	Limb_Muscle	nan	6	5
P22-D042473-3_10_M-1-1			3	P22.D042473.3_10_M.1.1-1-1	3_10_M	Limb_Muscle	False	1	False	P22.D042473.3_10_M.1.1-1-1-1	one_assay_suffix	3m	1	nan	T cell	CL:0000084	nan	facs	3_10_M	358692.0	2100.0	male	ForelimbandHindlimb	Limb_Muscle	nan	6	5
P22-MAA000530-3_8_M-1-1			3	P22.MAA000530.3_8_M.1.1-1-1	3_8_M	Lung	False	1	False	P22.MAA000530.3_8_M.1.1-1-1-1	one_assay_suffix	3m	1	nan	CD4-positive, alpha-beta T cell	CL:0000084	CD4+ T	facs	3_8_M	528905.0	2235.0	male	nan	Lung	nan	6	5
P22-MAA000607-3_9_M-1-1			3	P22.MAA000607.3_9_M.1.1-1-1	3_9_M	Thymus	False	1	False	P22.MAA000607.3_9_M.1.1-1-1-1	one_assay_suffix	3m	1	nan	thymocyte	CL:0002420	DN to DP transition (most are Cd8+/ Cd4+, some undergoing VDJ recombination)	facs	3_9_M	390949.0	2047.0	male	nan	Thymus	nan	21	23
P22-MAA000609-3_8_M-1-1			3	P22.MAA000609.3_8_M.1.1-1-1	3_8_M	Thymus	False	1	False	P22.MAA000609.3_8_M.1.1-1-1-1	one_assay_suffix	3m	1	nan	thymocyte	CL:0002420	DN to DP transition (most are Cd8+/ Cd4+, some undergoing VDJ recombination)	facs	3_8_M	70150.0	1121.0	male	nan	Thymus	nan	21	23
P22-MAA000880-3_11_M-1-1			3	P22.MAA000880.3_11_M.1.1-1-1	3_11_M	Thymus	False	1	False	P22.MAA000880.3_11_M.1.1-1-1-1	one_assay_suffix	3m	1	nan	thymocyte	CL:0002420	DN to DP transition (most are Cd8+/ Cd4+, some undergoing VDJ recombination)	facs	3_11_M	444832.0	1087.0	male	nan	Thymus	nan	21	23
P3-B000827-3_38_F-1-1			3	P3.B000827.3_38_F.1.1-1-1	3_38_F	Thymus	False	1	False	P3.B000827.3_38_F.1.1-1-1-1	one_assay_suffix	3m	1	nan	DN4 thymocyte	CL:0002420	DN4 thymocyte	facs	3_38_F	424318.0	1875.0	female	Flowthrough	Thymus	nan	6	5
P3-B003291-3_39_F-1-1			3	P3.B003291.3_39_F.1.1-1-1	3_39_F	Thymus	False	1	False	P3.B003291.3_39_F.1.1-1-1-1	one_assay_suffix	3m	1	nan	thymocyte	CL:0002420	DN to DP transition (most are Cd8+/ Cd4+, some undergoing VDJ recombination)	facs	3_39_F	1030815.0	2044.0	female	Flowthrough	Thymus	nan	21	23
P3-D042103-3_11_M-1			3	P3.D042103.3_11_M.1-1-1	3_11_M	Limb_Muscle	False	1	False	P3.D042103.3_11_M.1-1-1-1	one_assay_suffix	3m	1	nan	T cell	CL:0000084	nan	facs	3_11_M	756680.0	1540.0	male	ForelimbandHindlimb	Limb_Muscle	nan	6	5
P3-D042186-3_8_M-1-1			3	P3.D042186.3_8_M.1.1-1-1	3_8_M	Limb_Muscle	False	1	False	P3.D042186.3_8_M.1.1-1-1-1	one_assay_suffix	3m	1	nan	T cell	CL:0000084	nan	facs	3_8_M	314772.0	2116.0	male	ForelimbandHindlimb	Limb_Muscle	nan	6	5
P3-MAA000607-3_9_M-1-1			3	P3.MAA000607.3_9_M.1.1-1-1	3_9_M	Thymus	False	1	False	P3.MAA000607.3_9_M.1.1-1-1-1	one_assay_suffix	3m	1	nan	thymocyte	CL:0002420	DN to DP transition (most are Cd8+/ Cd4+, some undergoing VDJ recombination)	facs	3_9_M	443703.0	2282.0	male	nan	Thymus	nan	21	23
P3-MAA001888-3_39_F-1-1			3	P3.MAA001888.3_39_F.1.1-1-1	3_39_F	Marrow	False	1	False	P3.MAA001888.3_39_F.1.1-1-1-1	one_assay_suffix	3m	1	nan	NK cell	CL:0000914	NK cell	facs	3_39_F	305847.0	3194.0	female	T-cells	Marrow	nan	4	9
P4-B000827-3_38_F-1-1			3	P4.B000827.3_38_F.1.1-1-1	3_38_F	Thymus	False	1	False	P4.B000827.3_38_F.1.1-1-1-1	one_assay_suffix	3m	1	nan	DN4 thymocyte	CL:0002420	DN4 thymocyte	facs	3_38_F	382816.0	1739.0	female	Flowthrough	Thymus	nan	6	5
P4-B001750-3_38_F-1-1			3	P4.B001750.3_38_F.1.1-1-1	3_38_F	Spleen	False	1	False	P4.B001750.3_38_F.1.1-1-1-1	one_assay_suffix	3m	1	nan	CD4-positive, alpha-beta T cell	CL:0000084	Cd3e T cell	facs	3_38_F	552333.0	1857.0	female	nan	Spleen	nan	6	5
P4-B003291-3_39_F-1-1			3	P4.B003291.3_39_F.1.1-1-1	3_39_F	Thymus	False	1	False	P4.B003291.3_39_F.1.1-1-1-1	one_assay_suffix	3m	1	nan	thymocyte	CL:0002420	DN to DP transition (most are Cd8+/ Cd4+, some undergoing VDJ recombination)	facs	3_39_F	863777.0	1521.0	female	Flowthrough	Thymus	nan	21	23
P4-D042185-3_9_M-1-1			3	P4.D042185.3_9_M.1.1-1-1	3_9_M	Limb_Muscle	False	1	False	P4.D042185.3_9_M.1.1-1-1-1	one_assay_suffix	3m	1	nan	T cell	CL:0000084	nan	facs	3_9_M	318484.0	2147.0	male	ForelimbandHindlimb	Limb_Muscle	nan	4	21
P4-MAA000779-3_11_M-1-1			3	P4.MAA000779.3_11_M.1.1-1-1	3_11_M	Spleen	False	1	False	P4.MAA000779.3_11_M.1.1-1-1-1	one_assay_suffix	3m	1	nan	CD8-positive, alpha-beta T cell	CL:0000084	Cd3e T cell	facs	3_11_M	507554.0	1496.0	male	nan	Spleen	nan	6	5
P4-MAA000844-3_10_M-1-1			3	P4.MAA000844.3_10_M.1.1-1-1	3_10_M	Marrow	False	1	False	P4.MAA000844.3_10_M.1.1-1-1-1	one_assay_suffix	3m	1	nan	promonocyte	CL:0000576	monocyte + promonocyte	facs	3_10_M	939877.0	4759.0	male	T-cells	Marrow	nan	2	17
P5-B000827-3_38_F-1-1			3	P5.B000827.3_38_F.1.1-1-1	3_38_F	Thymus	False	1	False	P5.B000827.3_38_F.1.1-1-1-1	one_assay_suffix	3m	1	nan	DN4 thymocyte	CL:0002420	DN4 thymocyte	facs	3_38_F	163237.0	1609.0	female	Flowthrough	Thymus	nan	6	5
P5-B003291-3_39_F-1-1			3	P5.B003291.3_39_F.1.1-1-1	3_39_F	Thymus	False	1	False	P5.B003291.3_39_F.1.1-1-1-1	one_assay_suffix	3m	1	nan	thymocyte	CL:0002420	DN to DP transition (most are Cd8+/ Cd4+, some undergoing VDJ recombination)	facs	3_39_F	579259.0	1706.0	female	Flowthrough	Thymus	nan	21	23
P5-D042105-3_11_M-1-1			3	P5.D042105.3_11_M.1.1-1-1	3_11_M	Diaphragm	False	1	False	P5.D042105.3_11_M.1.1-1-1-1	one_assay_suffix	3m	1	nan	T cell	CL:0000542	nan	facs	3_11_M	838898.0	2074.0	male	Limb_Muscle	Diaphragm	nan	6	5
P5-D042186-3_8_M-1-1			3	P5.D042186.3_8_M.1.1-1-1	3_8_M	Limb_Muscle	False	1	False	P5.D042186.3_8_M.1.1-1-1-1	one_assay_suffix	3m	1	nan	T cell	CL:0000084	nan	facs	3_8_M	257233.0	1906.0	male	ForelimbandHindlimb	Limb_Muscle	nan	6	5
P5-MAA000508-3_9_M-1-1			3	P5.MAA000508.3_9_M.1.1-1-1	3_9_M	Spleen	False	1	False	P5.MAA000508.3_9_M.1.1-1-1-1	one_assay_suffix	3m	1	nan	CD4-positive, alpha-beta T cell	CL:0000084	Cd3e T cell	facs	3_9_M	147813.0	1960.0	male	nan	Spleen	nan	6	5
P6-B000827-3_38_F-1-1			3	P6.B000827.3_38_F.1.1-1-1	3_38_F	Thymus	False	1	False	P6.B000827.3_38_F.1.1-1-1-1	one_assay_suffix	3m	1	nan	DN4 thymocyte	CL:0002420	DN4 thymocyte	facs	3_38_F	450957.0	2672.0	female	Flowthrough	Thymus	nan	6	5
P6-B002010-3_39_F-1-1			3	P6.B002010.3_39_F.1.1-1-1	3_39_F	Heart	False	1	False	P6.B002010.3_39_F.1.1-1-1-1	one_assay_suffix	3m	1	nan	T cell	CL:0000738	T cell	facs	3_39_F	314239.0	2494.0	female	RA	Heart	nan	4	21
P6-B003291-3_39_F-1-1			3	P6.B003291.3_39_F.1.1-1-1	3_39_F	Thymus	False	1	False	P6.B003291.3_39_F.1.1-1-1-1	one_assay_suffix	3m	1	nan	thymocyte	CL:0002420	DN to DP transition (most are Cd8+/ Cd4+, some undergoing VDJ recombination)	facs	3_39_F	609738.0	1600.0	female	Flowthrough	Thymus	nan	21	23
P6-MAA000508-3_9_M-1-1			3	P6.MAA000508.3_9_M.1.1-1-1	3_9_M	Spleen	False	1	False	P6.MAA000508.3_9_M.1.1-1-1-1	one_assay_suffix	3m	1	nan	CD8-positive, alpha-beta T cell	CL:0000084	Cd3e T cell	facs	3_9_M	219618.0	1959.0	male	nan	Spleen	nan	6	5
P6-MAA000607-3_9_M-1-1			3	P6.MAA000607.3_9_M.1.1-1-1	3_9_M	Thymus	False	1	False	P6.MAA000607.3_9_M.1.1-1-1-1	one_assay_suffix	3m	1	nan	thymocyte	CL:0002420	proliferating thymocyte; DN to DP transition, dividing (some are Cd8+/ Cd4+, some undergoing VDJ recombination)	facs	3_9_M	972424.0	3869.0	male	nan	Thymus	nan	21	23
P6-MAA000880-3_11_M-1-1			3	P6.MAA000880.3_11_M.1.1-1-1	3_11_M	Thymus	False	1	False	P6.MAA000880.3_11_M.1.1-1-1-1	one_assay_suffix	3m	1	nan	DN4 thymocyte	CL:0002420	DN4 thymocyte	facs	3_11_M	900376.0	1401.0	male	nan	Thymus	nan	6	5
P6-MAA001865-3_38_F-1-1			3	P6.MAA001865.3_38_F.1.1-1-1	3_38_F	Trachea	False	1	False	P6.MAA001865.3_38_F.1.1-1-1-1	one_assay_suffix	3m	1	nan	T cell	CL:0000081	nan	facs	3_38_F	394388.0	2934.0	female	nan	Trachea	nan	4	9
P7-B000827-3_38_F-1-1			3	P7.B000827.3_38_F.1.1-1-1	3_38_F	Thymus	False	1	False	P7.B000827.3_38_F.1.1-1-1-1	one_assay_suffix	3m	1	nan	DN4 thymocyte	CL:0002420	DN4 thymocyte	facs	3_38_F	691365.0	2500.0	female	Flowthrough	Thymus	nan	6	5
P7-B003291-3_39_F-1-1			3	P7.B003291.3_39_F.1.1-1-1	3_39_F	Thymus	False	1	False	P7.B003291.3_39_F.1.1-1-1-1	one_assay_suffix	3m	1	nan	thymocyte	CL:0002420	DN to DP transition (most are Cd8+/ Cd4+, some undergoing VDJ recombination)	facs	3_39_F	757215.0	1272.0	female	Flowthrough	Thymus	nan	21	23
P7-MAA000442-3_11_M-1-1			3	P7.MAA000442.3_11_M.1.1-1-1	3_11_M	BAT	False	1	False	P7.MAA000442.3_11_M.1.1-1-1-1	one_assay_suffix	3m	1	nan	T cell	CL:0000084	nan	facs	3_11_M	286367.0	1831.0	male	Fat	BAT	nan	4	5
P7-MAA000607-3_9_M-1-1			3	P7.MAA000607.3_9_M.1.1-1-1	3_9_M	Thymus	False	1	False	P7.MAA000607.3_9_M.1.1-1-1-1	one_assay_suffix	3m	1	nan	thymocyte	CL:0002420	DN to DP transition (most are Cd8+/ Cd4+, some undergoing VDJ recombination)	facs	3_9_M	167582.0	1405.0	male	nan	Thymus	nan	21	23
P7-MAA000609-3_8_M-1-1			3	P7.MAA000609.3_8_M.1.1-1-1	3_8_M	Thymus	False	1	False	P7.MAA000609.3_8_M.1.1-1-1-1	one_assay_suffix	3m	1	nan	thymocyte	CL:0002420	DN to DP transition (most are Cd8+/ Cd4+, some undergoing VDJ recombination)	facs	3_8_M	472664.0	1632.0	male	nan	Thymus	nan	21	23
P7-MAA000779-3_11_M-1-1			3	P7.MAA000779.3_11_M.1.1-1-1	3_11_M	Spleen	False	1	False	P7.MAA000779.3_11_M.1.1-1-1-1	one_assay_suffix	3m	1	nan	CD8-positive, alpha-beta T cell	CL:0000084	Cd3e T cell	facs	3_11_M	511520.0	2162.0	male	nan	Spleen	nan	6	5
P7-MAA000880-3_11_M-1-1			3	P7.MAA000880.3_11_M.1.1-1-1	3_11_M	Thymus	False	1	False	P7.MAA000880.3_11_M.1.1-1-1-1	one_assay_suffix	3m	1	nan	DN4 thymocyte	CL:0002420	DN4 thymocyte	facs	3_11_M	290377.0	854.0	male	nan	Thymus	nan	6	5
P8-B000827-3_38_F-1-1			3	P8.B000827.3_38_F.1.1-1-1	3_38_F	Thymus	False	1	False	P8.B000827.3_38_F.1.1-1-1-1	one_assay_suffix	3m	1	nan	DN4 thymocyte	CL:0002420	DN4 thymocyte	facs	3_38_F	391291.0	1670.0	female	Flowthrough	Thymus	nan	6	5
P8-B001750-3_38_F-1-1			3	P8.B001750.3_38_F.1.1-1-1	3_38_F	Spleen	False	1	False	P8.B001750.3_38_F.1.1-1-1-1	one_assay_suffix	3m	1	nan	CD8-positive, alpha-beta T cell	CL:0000084	nan	facs	3_38_F	678647.0	2200.0	female	nan	Spleen	nan	4	9
P8-B003291-3_39_F-1-1			3	P8.B003291.3_39_F.1.1-1-1	3_39_F	Thymus	False	1	False	P8.B003291.3_39_F.1.1-1-1-1	one_assay_suffix	3m	1	nan	DN4 thymocyte	CL:0002420	DN4 thymocyte	facs	3_39_F	1171125.0	1570.0	female	Flowthrough	Thymus	nan	6	5
P8-D042186-3_8_M-1-1			3	P8.D042186.3_8_M.1.1-1-1	3_8_M	Limb_Muscle	False	1	False	P8.D042186.3_8_M.1.1-1-1-1	one_assay_suffix	3m	1	nan	T cell	CL:0000084	nan	facs	3_8_M	237077.0	2399.0	male	ForelimbandHindlimb	Limb_Muscle	nan	4	5
P8-MAA000556-3_9_M-1-1			3	P8.MAA000556.3_9_M.1.1-1-1	3_9_M	BAT	False	1	False	P8.MAA000556.3_9_M.1.1-1-1-1	one_assay_suffix	3m	1	nan	T cell	CL:0000084	nan	facs	3_9_M	148373.0	1530.0	male	Fat	BAT	nan	6	5
P8-MAA000607-3_9_M-1-1			3	P8.MAA000607.3_9_M.1.1-1-1	3_9_M	Thymus	False	1	False	P8.MAA000607.3_9_M.1.1-1-1-1	one_assay_suffix	3m	1	nan	DN4 thymocyte	CL:0002420	DN4 thymocyte	facs	3_9_M	395947.0	2208.0	male	nan	Thymus	nan	6	5
P8-MAA000609-3_8_M-1-1			3	P8.MAA000609.3_8_M.1.1-1-1	3_8_M	Thymus	False	1	False	P8.MAA000609.3_8_M.1.1-1-1-1	one_assay_suffix	3m	1	nan	thymocyte	CL:0002420	DN to DP transition (most are Cd8+/ Cd4+, some undergoing VDJ recombination)	facs	3_8_M	231746.0	1484.0	male	nan	Thymus	nan	21	23
P8-MAA000779-3_11_M-1-1			3	P8.MAA000779.3_11_M.1.1-1-1	3_11_M	Spleen	False	1	False	P8.MAA000779.3_11_M.1.1-1-1-1	one_assay_suffix	3m	1	nan	CD4-positive, alpha-beta T cell	CL:0000084	Cd3e T cell	facs	3_11_M	181942.0	1281.0	male	nan	Spleen	nan	6	5
P8-MAA000844-3_10_M-1-1			3	P8.MAA000844.3_10_M.1.1-1-1	3_10_M	Marrow	False	1	False	P8.MAA000844.3_10_M.1.1-1-1-1	one_assay_suffix	3m	1	nan	NK cell	CL:0000914	NK cell	facs	3_10_M	269259.0	2016.0	male	T-cells	Marrow	nan	4	47
P8-MAA000880-3_11_M-1-1			3	P8.MAA000880.3_11_M.1.1-1-1	3_11_M	Thymus	False	1	False	P8.MAA000880.3_11_M.1.1-1-1-1	one_assay_suffix	3m	1	nan	thymocyte	CL:0002420	DN to DP transition (most are Cd8+/ Cd4+, some undergoing VDJ recombination)	facs	3_11_M	505635.0	947.0	male	nan	Thymus	nan	21	23
P9-B000127-3_38_F-1-1			3	P9.B000127.3_38_F.1.1-1-1	3_38_F	SCAT	False	1	False	P9.B000127.3_38_F.1.1-1-1-1	one_assay_suffix	3m	1	nan	CD4-positive, alpha-beta T cell	CL:0000084	nan	facs	3_38_F	331850.0	1986.0	female	Fat	SCAT	nan	40	47
P9-B000827-3_38_F-1-1			3	P9.B000827.3_38_F.1.1-1-1	3_38_F	Thymus	False	1	False	P9.B000827.3_38_F.1.1-1-1-1	one_assay_suffix	3m	1	nan	DN4 thymocyte	CL:0002420	DN4 thymocyte	facs	3_38_F	109021.0	1583.0	female	Flowthrough	Thymus	nan	6	5
P9-B002769-3_39_F-1-1			3	P9.B002769.3_39_F.1.1-1-1	3_39_F	Limb_Muscle	False	1	False	P9.B002769.3_39_F.1.1-1-1-1	one_assay_suffix	3m	1	nan	T cell	CL:0000084	nan	facs	3_39_F	261470.0	1560.0	female	ForelimbandHindlimb	Limb_Muscle	nan	6	5
P9-B003291-3_39_F-1-1			3	P9.B003291.3_39_F.1.1-1-1	3_39_F	Thymus	False	1	False	P9.B003291.3_39_F.1.1-1-1-1	one_assay_suffix	3m	1	nan	DN4 thymocyte	CL:0002420	DN4 thymocyte	facs	3_39_F	975430.0	2029.0	female	Flowthrough	Thymus	nan	6	5
P9-D042473-3_10_M-1-1			3	P9.D042473.3_10_M.1.1-1-1	3_10_M	Limb_Muscle	False	1	False	P9.D042473.3_10_M.1.1-1-1-1	one_assay_suffix	3m	1	nan	T cell	nan	nan	facs	3_10_M	44587.0	1719.0	male	ForelimbandHindlimb	Limb_Muscle	nan	4	21
P9-MAA000556-3_9_M-1-1			3	P9.MAA000556.3_9_M.1.1-1-1	3_9_M	BAT	False	1	False	P9.MAA000556.3_9_M.1.1-1-1-1	one_assay_suffix	3m	1	nan	T cell	CL:0000084	nan	facs	3_9_M	166551.0	1423.0	male	Fat	BAT	nan	6	5
P9-MAA000607-3_9_M-1-1			3	P9.MAA000607.3_9_M.1.1-1-1	3_9_M	Thymus	False	1	False	P9.MAA000607.3_9_M.1.1-1-1-1	one_assay_suffix	3m	1	nan	thymocyte	CL:0002420	DN to DP transition (most are Cd8+/ Cd4+, some undergoing VDJ recombination)	facs	3_9_M	451804.0	2452.0	male	nan	Thymus	nan	21	23
P9-MAA000609-3_8_M-1-1			3	P9.MAA000609.3_8_M.1.1-1-1	3_8_M	Thymus	False	1	False	P9.MAA000609.3_8_M.1.1-1-1-1	one_assay_suffix	3m	1	nan	thymocyte	CL:0002420	DN to DP transition (most are Cd8+/ Cd4+, some undergoing VDJ recombination)	facs	3_8_M	295403.0	1756.0	male	nan	Thymus	nan	21	23
P9-MAA000844-3_10_M-1-1			3	P9.MAA000844.3_10_M.1.1-1-1	3_10_M	Marrow	False	1	False	P9.MAA000844.3_10_M.1.1-1-1-1	one_assay_suffix	3m	1	nan	late pro-B cell	CL:0002048	late pro B cell	facs	3_10_M	667398.0	4297.0	male	T-cells	Marrow	nan	37	41
P9-MAA000877-3_11_M-1-1			3	P9.MAA000877.3_11_M.1.1-1-1	3_11_M	MAT	False	1	False	P9.MAA000877.3_11_M.1.1-1-1-1	one_assay_suffix	3m	1	nan	B cell	CL:0000236	nan	facs	3_11_M	608425.0	2375.0	male	Fat	MAT	nan	0	48
P9-MAA000880-3_11_M-1-1			3	P9.MAA000880.3_11_M.1.1-1-1	3_11_M	Thymus	False	1	False	P9.MAA000880.3_11_M.1.1-1-1-1	one_assay_suffix	3m	1	nan	thymocyte	CL:0002420	DN to DP transition (most are Cd8+/ Cd4+, some undergoing VDJ recombination)	facs	3_11_M	617302.0	1666.0	male	nan	Thymus	nan	21	23
P9-MAA001888-3_39_F-1-1			3	P9.MAA001888.3_39_F.1.1-1-1	3_39_F	Marrow	False	1	False	P9.MAA001888.3_39_F.1.1-1-1-1	one_assay_suffix	3m	1	nan	CD4-positive, alpha-beta T cell	CL:0000815	BM CD4 T cell	facs	3_39_F	171976.0	1960.0	female	T-cells	Marrow	nan	4	21
A10_B000795_B008545_S10			18	A10_B000795_B008545_S10	18_47_F	MAT	False	1	False		unmatched																
A10_B000805_B008544_S10	74.0	2.0	18	A10_B000805_B008544_S10	18_46_F	SCAT	True	2	True		unmatched																
A10_B001369_B009009_S10			18	A10_B001369_B009009_S10	18_47_F	Thymus	False	1	False		unmatched																
A11_B000795_B008545_S11			18	A11_B000795_B008545_S11	18_47_F	MAT	False	1	False		unmatched																
A11_B001369_B009009_S11			18	A11_B001369_B009009_S11	18_47_F	Thymus	False	1	False		unmatched																
A11_B002709_B009018_S11			18	A11_B002709_B009018_S11	18_53_M	Spleen	False	1	False		unmatched																
A11_B003007_B009008_S11			18	A11_B003007_B009008_S11	18_46_F	Thymus	False	1	False		unmatched																
A11_B003017_B009010_S11			18	A11_B003017_B009010_S11	18_45_M	Thymus	False	1	False		unmatched																
A12_B000794_B008549_S12			18	A12_B000794_B008549_S12	18_47_F	GAT	False	1	False		unmatched																
A12_B002459_B007461_S12	52.0	2.0	18	A12_B002459_B007461_S12	18_46_F	Marrow	True	2	True		unmatched																
A12_B002709_B009018_S12	76.0	2.0	18	A12_B002709_B009018_S12	18_53_M	Spleen	True	2	True		unmatched																
A12_B003007_B009008_S12			18	A12_B003007_B009008_S12	18_46_F	Thymus	False	1	False		unmatched																
A12_B003017_B009010_S12			18	A12_B003017_B009010_S12	18_45_M	Thymus	False	1	False		unmatched																
A12_D045342_B009019_S12			18	A12_D045342_B009019_S12	18_45_M	Spleen	False	1	False		unmatched																
A13_B000794_B008549_S13	68.0	3.0	18	A13_B000794_B008549_S13	18_47_F	GAT	True	2	True		unmatched																
A13_B002452_B009020_S13			18	A13_B002452_B009020_S13	18_47_F	Spleen	False	1	False		unmatched																
A13_B003007_B009008_S13			18	A13_B003007_B009008_S13	18_46_F	Thymus	False	1	False		unmatched																
A13_B003017_B009010_S13			18	A13_B003017_B009010_S13	18_45_M	Thymus	False	1	False		unmatched																
A13_B003022_B008546_S13			18	A13_B003022_B008546_S13	18_45_M	MAT	False	1	False		unmatched																
A14_B000170_B009955_S14	29.0	7.0	18	A14_B000170_B009955_S14	18_53_M	Heart	True	7	True		unmatched																
A14_B000515_B008434_S14			18	A14_B000515_B008434_S14	18_53_M	BAT	False	1	False		unmatched																
A14_B000794_B008549_S14	100.0	7.0	18	A14_B000794_B008549_S14	18_47_F	GAT	True	6	True		unmatched																
A14_B000795_B008545_S14			18	A14_B000795_B008545_S14	18_47_F	MAT	False	1	False		unmatched																
A14_B000800_B008432_S14	37.0	2.0	18	A14_B000800_B008432_S14	18_47_F	BAT	True	2	True		unmatched																
A14_B000806_B008540_S14			18	A14_B000806_B008540_S14	18_46_F	MAT	False	1	False		unmatched																
A14_B002452_B009020_S14	79.0	2.0	18	A14_B002452_B009020_S14	18_47_F	Spleen	True	1	False		unmatched																
A14_B003007_B009008_S14	98.0	5.0	18	A14_B003007_B009008_S14	18_46_F	Thymus	True	3	True		unmatched																
A14_B003017_B009010_S14			18	A14_B003017_B009010_S14	18_45_M	Thymus	False	1	False		unmatched																
A15_B000477_B008543_S15			18	A15_B000477_B008543_S15	18_53_M	MAT	False	1	False		unmatched																
A15_B000491_B009016_S15			18	A15_B000491_B009016_S15	18_47_F	Thymus	False	1	False		unmatched																
A15_B000795_B008545_S15			18	A15_B000795_B008545_S15	18_47_F	MAT	False	1	False		unmatched																
A15_B000805_B008544_S15	19.0	10.0	18	A15_B000805_B008544_S15	18_46_F	SCAT	True	9	True		unmatched																
A15_B001369_B009009_S15			18	A15_B001369_B009009_S15	18_47_F	Thymus	False	1	False		unmatched																
A15_B002452_B009020_S15			18	A15_B002452_B009020_S15	18_47_F	Spleen	False	1	False		unmatched																
A15_B003017_B009010_S15			18	A15_B003017_B009010_S15	18_45_M	Thymus	False	1	False		unmatched																
A15_D045405_B009854_S15			18	A15_D045405_B009854_S15	18_45_M	Marrow	False	1	False		unmatched																
A16_B000120_B007345_S16	80.0	2.0	18	A16_B000120_B007345_S16	18_47_F	Trachea	True	1	False		unmatched																
A16_B000172_B009958_S16	72.0	7.0	18	A16_B000172_B009958_S16	18_53_M	Heart	True	6	True		unmatched																
A16_B000472_B009891_S16	16.0	6.0	18	A16_B000472_B009891_S16	18_53_M	Marrow	True	6	True		unmatched																
A16_B000767_B009945_S16	102.0	2.0	18	A16_B000767_B009945_S16	18_46_F	Liver	True	2	True		unmatched																
A16_B000795_B008545_S16			18	A16_B000795_B008545_S16	18_47_F	MAT	False	1	False		unmatched																
A16_B001363_B009260_S256			18	A16_B001363_B009260_S256	18_46_F	Brain_Non-Myeloid	False	1	False		unmatched																
A16_B002459_B007461_S16			18	A16_B002459_B007461_S16	18_46_F	Marrow	False	1	False		unmatched																
A16_B003017_B009010_S16			18	A16_B003017_B009010_S16	18_45_M	Thymus	False	1	False		unmatched																
A16_D045342_B009019_S16			18	A16_D045342_B009019_S16	18_45_M	Spleen	False	1	False		unmatched																
A16_D045405_B009854_S16			18	A16_D045405_B009854_S16	18_45_M	Marrow	False	1	False		unmatched																
A17_B000767_B009945_S17			18	A17_B000767_B009945_S17	18_46_F	Liver	False	1	False		unmatched																
A17_B002459_B007461_S17			18	A17_B002459_B007461_S17	18_46_F	Marrow	False	1	False		unmatched																
A17_B003017_B009010_S17			18	A17_B003017_B009010_S17	18_45_M	Thymus	False	1	False		unmatched																
A18_B003017_B009010_S18			18	A18_B003017_B009010_S18	18_45_M	Thymus	False	1	False		unmatched																
A19_B002452_B009020_S19			18	A19_B002452_B009020_S19	18_47_F	Spleen	False	1	False		unmatched																
A19_B002459_B007461_S19			18	A19_B002459_B007461_S19	18_46_F	Marrow	False	1	False		unmatched																
A19_B002828_B007462_S19	22.0	3.0	18	A19_B002828_B007462_S19	18_47_F	Marrow	True	3	True		unmatched																
A19_B003017_B009010_S19			18	A19_B003017_B009010_S19	18_45_M	Thymus	False	1	False		unmatched																
A1_B001247_B009941_S1	10.0	18.0	18	A1_B001247_B009941_S1	18_46_F	Liver	True	18	True		unmatched																
A1_B002452_B009020_S1			18	A1_B002452_B009020_S1	18_47_F	Spleen	False	1	False		unmatched																
A1_B002459_B007461_S1			18	A1_B002459_B007461_S1	18_46_F	Marrow	False	1	False		unmatched																
A1_B002828_B007462_S1			18	A1_B002828_B007462_S1	18_47_F	Marrow	False	1	False		unmatched																
A1_B003007_B009008_S1	81.0	2.0	18	A1_B003007_B009008_S1	18_46_F	Thymus	True	1	False		unmatched																
A20_B000236_B009007_S20			18	A20_B000236_B009007_S20	18_53_M	Thymus	False	1	False		unmatched																
A20_B001363_B009260_S260	34.0	10.0	18	A20_B001363_B009260_S260	18_46_F	Brain_Non-Myeloid	True	10	True		unmatched																
A20_B001369_B009009_S20			18	A20_B001369_B009009_S20	18_47_F	Thymus	False	1	False		unmatched																
A20_B003017_B009010_S20			18	A20_B003017_B009010_S20	18_45_M	Thymus	False	1	False		unmatched																
A21_B001369_B009009_S21			18	A21_B001369_B009009_S21	18_47_F	Thymus	False	1	False		unmatched																
A21_B002459_B007461_S21	96.0	2.0	18	A21_B002459_B007461_S21	18_46_F	Marrow	True	2	True		unmatched																
A21_B003007_B009008_S21	9.0	9.0	18	A21_B003007_B009008_S21	18_46_F	Thymus	True	1	False		unmatched																
A21_B003017_B009010_S21			18	A21_B003017_B009010_S21	18_45_M	Thymus	False	1	False		unmatched																
A21_D045342_B009019_S21			18	A21_D045342_B009019_S21	18_45_M	Spleen	False	1	False		unmatched																
A2_B001247_B009941_S2	10.0	18.0	18	A2_B001247_B009941_S2	18_46_F	Liver	True	18	True		unmatched																
A2_B002709_B009018_S2	24.0	11.0	18	A2_B002709_B009018_S2	18_53_M	Spleen	True	11	True		unmatched																
A2_B002843_B009897_S2	90.0	2.0	18	A2_B002843_B009897_S2	18_47_F	Lung	True	2	True		unmatched																
A2_B003007_B009008_S2			18	A2_B003007_B009008_S2	18_46_F	Thymus	False	1	False		unmatched																
A3_B000794_B008549_S3			18	A3_B000794_B008549_S3	18_47_F	GAT	False	1	False		unmatched																
A3_B001369_B009009_S3			18	A3_B001369_B009009_S3	18_47_F	Thymus	False	1	False		unmatched																
A3_B002459_B007461_S3	21.0	10.0	18	A3_B002459_B007461_S3	18_46_F	Marrow	True	7	True		unmatched																
A3_B003007_B009008_S3			18	A3_B003007_B009008_S3	18_46_F	Thymus	False	1	False		unmatched																
A4_B002452_B009020_S4			18	A4_B002452_B009020_S4	18_47_F	Spleen	False	1	False		unmatched																
A4_B002828_B007462_S4	22.0	3.0	18	A4_B002828_B007462_S4	18_47_F	Marrow	True	3	True		unmatched																
A4_B003007_B009008_S4			18	A4_B003007_B009008_S4	18_46_F	Thymus	False	1	False		unmatched																
A4_B003017_B009010_S4			18	A4_B003017_B009010_S4	18_45_M	Thymus	False	1	False		unmatched																
A5_B001369_B009009_S5			18	A5_B001369_B009009_S5	18_47_F	Thymus	False	1	False		unmatched																
A5_B003007_B009008_S5			18	A5_B003007_B009008_S5	18_46_F	Thymus	False	1	False		unmatched																
A5_B003017_B009010_S5			18	A5_B003017_B009010_S5	18_45_M	Thymus	False	1	False		unmatched																
A6_B000235_B007504_S6			18	A6_B000235_B007504_S6	18_53_M	Thymus	False	1	False		unmatched																
A6_B000750_B007346_S6			18	A6_B000750_B007346_S6	18_45_M	Trachea	False	1	False		unmatched																
A6_B001369_B009009_S6			18	A6_B001369_B009009_S6	18_47_F	Thymus	False	1	False		unmatched																
A7_B002459_B007461_S7			18	A7_B002459_B007461_S7	18_46_F	Marrow	False	1	False		unmatched																
A8_B000814_B008548_S8			18	A8_B000814_B008548_S8	18_46_F	GAT	False	1	False		unmatched																
A8_B003007_B009008_S8			18	A8_B003007_B009008_S8	18_46_F	Thymus	False	1	False		unmatched																
A8_B003017_B009010_S8			18	A8_B003017_B009010_S8	18_45_M	Thymus	False	1	False		unmatched																
A9_B000788_B008433_S9			18	A9_B000788_B008433_S9	18_46_F	BAT	False	1	False		unmatched																
A9_B000794_B008549_S9	100.0	7.0	18	A9_B000794_B008549_S9	18_47_F	GAT	True	6	True		unmatched																
A9_B000808_B008541_S9	100.0	7.0	18	A9_B000808_B008541_S9	18_47_F	SCAT	True	6	True		unmatched																
A9_B000814_B008548_S9			18	A9_B000814_B008548_S9	18_46_F	GAT	False	1	False		unmatched																
A9_B001369_B009009_S9			18	A9_B001369_B009009_S9	18_47_F	Thymus	False	1	False		unmatched																
A9_B002459_B007461_S9			18	A9_B002459_B007461_S9	18_46_F	Marrow	False	1	False		unmatched																
B10_B000505_B008435_S34			18	B10_B000505_B008435_S34	18_45_M	GAT	False	1	False		unmatched																
B10_B000795_B008545_S34			18	B10_B000795_B008545_S34	18_47_F	MAT	False	1	False		unmatched																
B10_B000806_B008540_S34			18	B10_B000806_B008540_S34	18_46_F	MAT	False	1	False		unmatched																
B10_B000808_B008541_S34	106.0	2.0	18	B10_B000808_B008541_S34	18_47_F	SCAT	True	2	True		unmatched																
B10_B001369_B009009_S34			18	B10_B001369_B009009_S34	18_47_F	Thymus	False	1	False		unmatched																
B10_B002459_B007461_S34			18	B10_B002459_B007461_S34	18_46_F	Marrow	False	1	False		unmatched																
B10_B003007_B009008_S34			18	B10_B003007_B009008_S34	18_46_F	Thymus	False	1	False		unmatched																
B10_B003017_B009010_S34			18	B10_B003017_B009010_S34	18_45_M	Thymus	False	1	False		unmatched																
B11_B000236_B009007_S35			18	B11_B000236_B009007_S35	18_53_M	Thymus	False	1	False		unmatched																
B11_B000477_B008543_S35	140.0	2.0	18	B11_B000477_B008543_S35	18_53_M	MAT	True	1	False		unmatched																
B11_B000767_B009945_S35			18	B11_B000767_B009945_S35	18_46_F	Liver	False	1	False		unmatched																
B11_B000794_B008549_S35	37.0	2.0	18	B11_B000794_B008549_S35	18_47_F	GAT	True	2	True		unmatched																
B11_B000805_B008544_S35			18	B11_B000805_B008544_S35	18_46_F	SCAT	False	1	False		unmatched																
B11_B000814_B008548_S35			18	B11_B000814_B008548_S35	18_46_F	GAT	False	1	False		unmatched																
B11_B001369_B009009_S35			18	B11_B001369_B009009_S35	18_47_F	Thymus	False	1	False		unmatched																
B11_B002459_B007461_S35			18	B11_B002459_B007461_S35	18_46_F	Marrow	False	1	False		unmatched																
B11_B002673_B007460_S35			18	B11_B002673_B007460_S35	18_53_M	Marrow	False	1	False		unmatched																
B11_B002828_B007462_S35			18	B11_B002828_B007462_S35	18_47_F	Marrow	False	1	False		unmatched																
B11_B003017_B009010_S35			18	B11_B003017_B009010_S35	18_45_M	Thymus	False	1	False		unmatched																
B12_B000236_B009007_S36			18	B12_B000236_B009007_S36	18_53_M	Thymus	False	1	False		unmatched																
B12_B000505_B008435_S36			18	B12_B000505_B008435_S36	18_45_M	GAT	False	1	False		unmatched																
B12_B000800_B008432_S36	42.0	7.0	18	B12_B000800_B008432_S36	18_47_F	BAT	True	6	True		unmatched																
B12_B000805_B008544_S36			18	B12_B000805_B008544_S36	18_46_F	SCAT	False	1	False		unmatched																
B12_B000806_B008540_S36	94.0	9.0	18	B12_B000806_B008540_S36	18_46_F	MAT	True	5	True		unmatched																
B12_B002459_B007461_S36			18	B12_B002459_B007461_S36	18_46_F	Marrow	False	1	False		unmatched																
B12_B002828_B007462_S36			18	B12_B002828_B007462_S36	18_47_F	Marrow	False	1	False		unmatched																
B13_B000236_B009007_S37			18	B13_B000236_B009007_S37	18_53_M	Thymus	False	1	False		unmatched																
B13_B000794_B008549_S37	68.0	3.0	18	B13_B000794_B008549_S37	18_47_F	GAT	True	2	True		unmatched																
B13_B000795_B008545_S37			18	B13_B000795_B008545_S37	18_47_F	MAT	False	1	False		unmatched																
B13_B001369_B009009_S37			18	B13_B001369_B009009_S37	18_47_F	Thymus	False	1	False		unmatched																
B13_B002452_B009020_S37	137.0	3.0	18	B13_B002452_B009020_S37	18_47_F	Spleen	True	1	False		unmatched																
B13_B002459_B007461_S37	28.0	5.0	18	B13_B002459_B007461_S37	18_46_F	Marrow	True	5	True		unmatched																
B13_B002709_B009018_S37	121.0	2.0	18	B13_B002709_B009018_S37	18_53_M	Spleen	True	2	True		unmatched																
B13_B003022_B008546_S37			18	B13_B003022_B008546_S37	18_45_M	MAT	False	1	False		unmatched																
B13_D045342_B009019_S37			18	B13_D045342_B009019_S37	18_45_M	Spleen	False	1	False		unmatched																
B14_B000236_B009007_S38			18	B14_B000236_B009007_S38	18_53_M	Thymus	False	1	False		unmatched																
B14_B000505_B008435_S38			18	B14_B000505_B008435_S38	18_45_M	GAT	False	1	False		unmatched																
B14_B000806_B008540_S38			18	B14_B000806_B008540_S38	18_46_F	MAT	False	1	False		unmatched																
B14_B000808_B008541_S38	124.0	2.0	18	B14_B000808_B008541_S38	18_47_F	SCAT	True	2	True		unmatched																
B14_B000814_B008548_S38			18	B14_B000814_B008548_S38	18_46_F	GAT	False	1	False		unmatched																
B14_B002459_B007461_S38			18	B14_B002459_B007461_S38	18_46_F	Marrow	False	1	False		unmatched																
B14_B003017_B009010_S38			18	B14_B003017_B009010_S38	18_45_M	Thymus	False	1	False		unmatched																
B15_B000171_B009952_S39	104.0	2.0	18	B15_B000171_B009952_S39	18_53_M	Heart	True	2	True		unmatched																
B15_B000236_B009007_S39			18	B15_B000236_B009007_S39	18_53_M	Thymus	False	1	False		unmatched																
B15_B000477_B008543_S39			18	B15_B000477_B008543_S39	18_53_M	MAT	False	1	False		unmatched																
B15_B000794_B008549_S39			18	B15_B000794_B008549_S39	18_47_F	GAT	False	1	False		unmatched																
B15_B000795_B008545_S39	27.0	3.0	18	B15_B000795_B008545_S39	18_47_F	MAT	True	2	True		unmatched																
B15_B001369_B009009_S39	66.0	3.0	18	B15_B001369_B009009_S39	18_47_F	Thymus	True	2	True		unmatched																
B15_B002417_B009885_S39	40.0	5.0	18	B15_B002417_B009885_S39	18_47_F	Marrow	True	3	True		unmatched																
B15_B002459_B007461_S39	21.0	10.0	18	B15_B002459_B007461_S39	18_46_F	Marrow	True	7	True		unmatched																
B15_B002709_B009018_S39			18	B15_B002709_B009018_S39	18_53_M	Spleen	False	1	False		unmatched																
B15_B002828_B007462_S39	7.0	3.0	18	B15_B002828_B007462_S39	18_47_F	Marrow	True	3	True		unmatched																
B15_B003017_B009010_S39			18	B15_B003017_B009010_S39	18_45_M	Thymus	False	1	False		unmatched																
B16_B000477_B008543_S40	84.0	6.0	18	B16_B000477_B008543_S40	18_53_M	MAT	True	6	True		unmatched																
B16_B000805_B008544_S40			18	B16_B000805_B008544_S40	18_46_F	SCAT	False	1	False		unmatched																
B16_B002459_B007461_S40			18	B16_B002459_B007461_S40	18_46_F	Marrow	False	1	False		unmatched																
B16_B003007_B009008_S40			18	B16_B003007_B009008_S40	18_46_F	Thymus	False	1	False		unmatched																
B17_B000236_B009007_S41			18	B17_B000236_B009007_S41	18_53_M	Thymus	False	1	False		unmatched																
B17_B001363_B009260_S281			18	B17_B001363_B009260_S281	18_46_F	Brain_Non-Myeloid	False	1	False		unmatched																
B17_B001366_B009293_S233	34.0	10.0	18	B17_B001366_B009293_S233	18_46_F	Brain_Non-Myeloid	True	10	True		unmatched																
B17_B002459_B007461_S41	11.0	2.0	18	B17_B002459_B007461_S41	18_46_F	Marrow	True	1	False		unmatched																
B17_B003007_B009008_S41			18	B17_B003007_B009008_S41	18_46_F	Thymus	False	1	False		unmatched																
B17_B003017_B009010_S41			18	B17_B003017_B009010_S41	18_45_M	Thymus	False	1	False		unmatched																
B18_B000235_B007504_S42	39.0	2.0	18	B18_B000235_B007504_S42	18_53_M	Thymus	True	2	True		unmatched																
B18_B000236_B009007_S42			18	B18_B000236_B009007_S42	18_53_M	Thymus	False	1	False		unmatched																
B18_B002709_B009018_S42			18	B18_B002709_B009018_S42	18_53_M	Spleen	False	1	False		unmatched																
B18_B003017_B009010_S42			18	B18_B003017_B009010_S42	18_45_M	Thymus	False	1	False		unmatched																
B19_B000235_B007504_S43	39.0	2.0	18	B19_B000235_B007504_S43	18_53_M	Thymus	True	2	True		unmatched																
B19_B000236_B009007_S43			18	B19_B000236_B009007_S43	18_53_M	Thymus	False	1	False		unmatched																
B19_B000263_B007344_S43	19.0	10.0	18	B19_B000263_B007344_S43	18_46_F	Trachea	True	9	True		unmatched																
B19_B000268_B009896_S43	94.0	9.0	18	B19_B000268_B009896_S43	18_46_F	Lung	True	5	True		unmatched																
B19_B003007_B009008_S43			18	B19_B003007_B009008_S43	18_46_F	Thymus	False	1	False		unmatched																
B19_B003017_B009010_S43			18	B19_B003017_B009010_S43	18_45_M	Thymus	False	1	False		unmatched																
B1_B000808_B008541_S25			18	B1_B000808_B008541_S25	18_47_F	SCAT	False	1	False		unmatched																
B1_B001369_B009009_S25			18	B1_B001369_B009009_S25	18_47_F	Thymus	False	1	False		unmatched																
B1_B002459_B007461_S25			18	B1_B002459_B007461_S25	18_46_F	Marrow	False	1	False		unmatched																
B1_B002673_B007460_S25			18	B1_B002673_B007460_S25	18_53_M	Marrow	False	1	False		unmatched																
B1_B003007_B009008_S25			18	B1_B003007_B009008_S25	18_46_F	Thymus	False	1	False		unmatched																
B1_D045342_B009019_S25			18	B1_D045342_B009019_S25	18_45_M	Spleen	False	1	False		unmatched																
B20_B000236_B009007_S44			18	B20_B000236_B009007_S44	18_53_M	Thymus	False	1	False		unmatched																
B20_B001247_B009941_S44	10.0	18.0	18	B20_B001247_B009941_S44	18_46_F	Liver	True	18	True		unmatched																
B20_B002459_B007461_S44	139.0	2.0	18	B20_B002459_B007461_S44	18_46_F	Marrow	True	2	True		unmatched																
B20_B002828_B007462_S44			18	B20_B002828_B007462_S44	18_47_F	Marrow	False	1	False		unmatched																
B20_B003007_B009008_S44			18	B20_B003007_B009008_S44	18_46_F	Thymus	False	1	False		unmatched																
B20_B003017_B009010_S44			18	B20_B003017_B009010_S44	18_45_M	Thymus	False	1	False		unmatched																
B21_B000236_B009007_S45			18	B21_B000236_B009007_S45	18_53_M	Thymus	False	1	False		unmatched																
B21_B000248_B009895_S45	24.0	11.0	18	B21_B000248_B009895_S45	18_53_M	Lung	True	11	True		unmatched																
B21_B000266_B009900_S45			18	B21_B000266_B009900_S45	18_46_F	Lung	False	1	False		unmatched																
B21_B000268_B009896_S45			18	B21_B000268_B009896_S45	18_46_F	Lung	False	1	False		unmatched																
B21_B001247_B009941_S45	10.0	18.0	18	B21_B001247_B009941_S45	18_46_F	Liver	True	18	True		unmatched																
B21_B002452_B009020_S45			18	B21_B002452_B009020_S45	18_47_F	Spleen	False	1	False		unmatched																
B21_B002459_B007461_S45	67.0	2.0	18	B21_B002459_B007461_S45	18_46_F	Marrow	True	2	True		unmatched																
B21_B002709_B009018_S45			18	B21_B002709_B009018_S45	18_53_M	Spleen	False	1	False		unmatched																
B21_B003007_B009008_S45			18	B21_B003007_B009008_S45	18_46_F	Thymus	False	1	False		unmatched																
B21_B003017_B009010_S45			18	B21_B003017_B009010_S45	18_45_M	Thymus	False	1	False		unmatched																
B22_B000236_B009007_S46			18	B22_B000236_B009007_S46	18_53_M	Thymus	False	1	False		unmatched																
B22_B000767_B009945_S46	17.0	7.0	18	B22_B000767_B009945_S46	18_46_F	Liver	True	7	True		unmatched																
B22_B001247_B009941_S46	10.0	18.0	18	B22_B001247_B009941_S46	18_46_F	Liver	True	18	True		unmatched																
B22_B001369_B009009_S46			18	B22_B001369_B009009_S46	18_47_F	Thymus	False	1	False		unmatched																
B22_B002452_B009020_S46	3.0	2.0	18	B22_B002452_B009020_S46	18_47_F	Spleen	True	2	True		unmatched																
B22_B002459_B007461_S46	10.0	18.0	18	B22_B002459_B007461_S46	18_46_F	Marrow	True	18	True		unmatched																
B22_B003007_B009008_S46	93.0	7.0	18	B22_B003007_B009008_S46	18_46_F	Thymus	True	5	True		unmatched																
B2_B001247_B009941_S26	10.0	18.0	18	B2_B001247_B009941_S26	18_46_F	Liver	True	18	True		unmatched																
B2_B001369_B009009_S26			18	B2_B001369_B009009_S26	18_47_F	Thymus	False	1	False		unmatched																
B2_B003007_B009008_S26	86.0	3.0	18	B2_B003007_B009008_S26	18_46_F	Thymus	True	3	True		unmatched																
B2_B003017_B009010_S26			18	B2_B003017_B009010_S26	18_45_M	Thymus	False	1	False		unmatched																
B2_D045367_B009017_S26			18	B2_D045367_B009017_S26	18_45_M	Thymus	False	1	False		unmatched																
B2_D045405_B009854_S26			18	B2_D045405_B009854_S26	18_45_M	Marrow	False	1	False		unmatched																
B3_B000236_B009007_S27			18	B3_B000236_B009007_S27	18_53_M	Thymus	False	1	False		unmatched																
B3_B000794_B008549_S27			18	B3_B000794_B008549_S27	18_47_F	GAT	False	1	False		unmatched																
B3_B001369_B009009_S27			18	B3_B001369_B009009_S27	18_47_F	Thymus	False	1	False		unmatched																
B3_B002452_B009020_S27	25.0	4.0	18	B3_B002452_B009020_S27	18_47_F	Spleen	True	2	True		unmatched																
B3_B003007_B009008_S27			18	B3_B003007_B009008_S27	18_46_F	Thymus	False	1	False		unmatched																
B3_B003017_B009010_S27			18	B3_B003017_B009010_S27	18_45_M	Thymus	False	1	False		unmatched																
B4_B002681_B009943_S28	72.0	7.0	18	B4_B002681_B009943_S28	18_53_M	Liver	True	6	True		unmatched																
B5_B001369_B009009_S29			18	B5_B001369_B009009_S29	18_47_F	Thymus	False	1	False		unmatched																
B5_B002341_B009297_S257			18	B5_B002341_B009297_S257	18_46_F	Brain_Non-Myeloid	False	1	False		unmatched																
B5_B002459_B007461_S29			18	B5_B002459_B007461_S29	18_46_F	Marrow	False	1	False		unmatched																
B5_B002466_B009898_S29			18	B5_B002466_B009898_S29	18_45_M	Lung	False	1	False		unmatched																
B5_B002524_S29			18	B5_B002524_S29			False	1	False		unmatched																
B5_B003017_B009010_S29			18	B5_B003017_B009010_S29	18_45_M	Thymus	False	1	False		unmatched																
B6_B001369_B009009_S30			18	B6_B001369_B009009_S30	18_47_F	Thymus	False	1	False		unmatched																
B6_B002452_B009020_S30			18	B6_B002452_B009020_S30	18_47_F	Spleen	False	1	False		unmatched																
B6_B002459_B007461_S30			18	B6_B002459_B007461_S30	18_46_F	Marrow	False	1	False		unmatched																
B7_B000767_B009945_S31	75.0	3.0	18	B7_B000767_B009945_S31	18_46_F	Liver	True	3	True		unmatched																
B7_B001369_B009009_S31			18	B7_B001369_B009009_S31	18_47_F	Thymus	False	1	False		unmatched																
B7_B003007_B009008_S31			18	B7_B003007_B009008_S31	18_46_F	Thymus	False	1	False		unmatched																
B8_B000236_B009007_S32			18	B8_B000236_B009007_S32	18_53_M	Thymus	False	1	False		unmatched																
B8_B000501_B008542_S32	108.0	3.0	18	B8_B000501_B008542_S32	18_45_M	SCAT	True	3	True		unmatched																
B8_B001369_B009009_S32			18	B8_B001369_B009009_S32	18_47_F	Thymus	False	1	False		unmatched																
B8_B002459_B007461_S32	103.0	3.0	18	B8_B002459_B007461_S32	18_46_F	Marrow	True	3	True		unmatched																
B8_B002709_B009018_S32			18	B8_B002709_B009018_S32	18_53_M	Spleen	False	1	False		unmatched																
B8_B003007_B009008_S32			18	B8_B003007_B009008_S32	18_46_F	Thymus	False	1	False		unmatched																
B9_B000236_B009007_S33			18	B9_B000236_B009007_S33	18_53_M	Thymus	False	1	False		unmatched																
B9_B000477_B008543_S33			18	B9_B000477_B008543_S33	18_53_M	MAT	False	1	False		unmatched																
B9_B000487_B008360_S33			18	B9_B000487_B008360_S33	18_45_M	BAT	False	1	False		unmatched																
B9_B000505_B008435_S33			18	B9_B000505_B008435_S33	18_45_M	GAT	False	1	False		unmatched																
B9_B000767_B009945_S33	136.0	2.0	18	B9_B000767_B009945_S33	18_46_F	Liver	True	2	True		unmatched																
B9_B000795_B008545_S33	27.0	3.0	18	B9_B000795_B008545_S33	18_47_F	MAT	True	2	True		unmatched																
B9_B000806_B008540_S33			18	B9_B000806_B008540_S33	18_46_F	MAT	False	1	False		unmatched																
B9_B001369_B009009_S33			18	B9_B001369_B009009_S33	18_47_F	Thymus	False	1	False		unmatched																
B9_B002452_B009020_S33			18	B9_B002452_B009020_S33	18_47_F	Spleen	False	1	False		unmatched																
B9_B002459_B007461_S33			18	B9_B002459_B007461_S33	18_46_F	Marrow	False	1	False		unmatched																
B9_B003007_B009008_S33			18	B9_B003007_B009008_S33	18_46_F	Thymus	False	1	False		unmatched																
B9_B003017_B009010_S33			18	B9_B003017_B009010_S33	18_45_M	Thymus	False	1	False		unmatched																
C10_B000524_B009242_S58	5.0	23.0	18	C10_B000524_B009242_S58	18_53_M	Trachea	True	20	True		unmatched																
C10_B000794_B008549_S58	15.0	2.0	18	C10_B000794_B008549_S58	18_47_F	GAT	True	2	True		unmatched																
C10_B000795_B008545_S58	22.0	3.0	18	C10_B000795_B008545_S58	18_47_F	MAT	True	3	True		unmatched																
C10_B000808_B008541_S58			18	C10_B000808_B008541_S58	18_47_F	SCAT	False	1	False		unmatched																
C10_B000814_B008548_S58			18	C10_B000814_B008548_S58	18_46_F	GAT	False	1	False		unmatched																
C10_B002459_B007461_S58			18	C10_B002459_B007461_S58	18_46_F	Marrow	False	1	False		unmatched																
C10_B002828_B007462_S58	2.0	11.0	18	C10_B002828_B007462_S58	18_47_F	Marrow	True	11	True		unmatched																
C10_B003007_B009008_S58	5.0	23.0	18	C10_B003007_B009008_S58	18_46_F	Thymus	True	2	True		unmatched																
C10_B003017_B009010_S58			18	C10_B003017_B009010_S58	18_45_M	Thymus	False	1	False		unmatched																
C11_B000524_B009242_S59	5.0	23.0	18	C11_B000524_B009242_S59	18_53_M	Trachea	True	20	True		unmatched																
C11_B000788_B008433_S59			18	C11_B000788_B008433_S59	18_46_F	BAT	False	1	False		unmatched																
C11_B000794_B008549_S59			18	C11_B000794_B008549_S59	18_47_F	GAT	False	1	False		unmatched																
C11_B000795_B008545_S59			18	C11_B000795_B008545_S59	18_47_F	MAT	False	1	False		unmatched																
C11_B001369_B009009_S59			18	C11_B001369_B009009_S59	18_47_F	Thymus	False	1	False		unmatched																
C11_B002417_B009885_S59	42.0	7.0	18	C11_B002417_B009885_S59	18_47_F	Marrow	True	6	True		unmatched																
C11_B002452_B009020_S59	19.0	10.0	18	C11_B002452_B009020_S59	18_47_F	Spleen	True	1	False		unmatched																
C11_B002828_B007462_S59			18	C11_B002828_B007462_S59	18_47_F	Marrow	False	1	False		unmatched																
C11_B003017_B009010_S59			18	C11_B003017_B009010_S59	18_45_M	Thymus	False	1	False		unmatched																
C12_B000236_B009007_S60			18	C12_B000236_B009007_S60	18_53_M	Thymus	False	1	False		unmatched																
C12_B000501_B008542_S60	113.0	4.0	18	C12_B000501_B008542_S60	18_45_M	SCAT	True	4	True		unmatched																
C12_B000524_B009242_S60	5.0	23.0	18	C12_B000524_B009242_S60	18_53_M	Trachea	True	20	True		unmatched																
C12_B000794_B008549_S60	100.0	7.0	18	C12_B000794_B008549_S60	18_47_F	GAT	True	6	True		unmatched																
C12_B000808_B008541_S60			18	C12_B000808_B008541_S60	18_47_F	SCAT	False	1	False		unmatched																
C12_B000814_B008548_S60			18	C12_B000814_B008548_S60	18_46_F	GAT	False	1	False		unmatched																
C12_B002459_B007461_S60			18	C12_B002459_B007461_S60	18_46_F	Marrow	False	1	False		unmatched																
C12_B002828_B007462_S60	2.0	11.0	18	C12_B002828_B007462_S60	18_47_F	Marrow	True	11	True		unmatched																
C12_B003017_B009010_S60			18	C12_B003017_B009010_S60	18_45_M	Thymus	False	1	False		unmatched																
C13_B000236_B009007_S61			18	C13_B000236_B009007_S61	18_53_M	Thymus	False	1	False		unmatched																
C13_B000515_B008434_S61			18	C13_B000515_B008434_S61	18_53_M	BAT	False	1	False		unmatched																
C13_B000524_B009242_S61	5.0	23.0	18	C13_B000524_B009242_S61	18_53_M	Trachea	True	20	True		unmatched																
C13_B000795_B008545_S61	117.0	2.0	18	C13_B000795_B008545_S61	18_47_F	MAT	True	2	True		unmatched																
C13_B001369_B009009_S61			18	C13_B001369_B009009_S61	18_47_F	Thymus	False	1	False		unmatched																
C13_B002459_B007461_S61	10.0	18.0	18	C13_B002459_B007461_S61	18_46_F	Marrow	True	18	True		unmatched																
C13_B003017_B009010_S61			18	C13_B003017_B009010_S61	18_45_M	Thymus	False	1	False		unmatched																
C14_B000171_B009952_S62	104.0	2.0	18	C14_B000171_B009952_S62	18_53_M	Heart	True	2	True		unmatched																
C14_B000236_B009007_S62			18	C14_B000236_B009007_S62	18_53_M	Thymus	False	1	False		unmatched																
C14_B000524_B009242_S62	5.0	23.0	18	C14_B000524_B009242_S62	18_53_M	Trachea	True	20	True		unmatched																
C14_B000788_B008433_S62	87.0	5.0	18	C14_B000788_B008433_S62	18_46_F	BAT	True	1	False		unmatched																
C14_B000795_B008545_S62	44.0	3.0	18	C14_B000795_B008545_S62	18_47_F	MAT	True	3	True		unmatched																
C14_B000808_B008541_S62			18	C14_B000808_B008541_S62	18_47_F	SCAT	False	1	False		unmatched																
C14_B000814_B008548_S62	10.0	18.0	18	C14_B000814_B008548_S62	18_46_F	GAT	True	18	True		unmatched																
C14_B001369_B009009_S62			18	C14_B001369_B009009_S62	18_47_F	Thymus	False	1	False		unmatched																
C14_B002459_B007461_S62			18	C14_B002459_B007461_S62	18_46_F	Marrow	False	1	False		unmatched																
C14_B003017_B009010_S62			18	C14_B003017_B009010_S62	18_45_M	Thymus	False	1	False		unmatched																
C14_B003022_B008546_S62			18	C14_B003022_B008546_S62	18_45_M	MAT	False	1	False		unmatched																
C15_B000236_B009007_S63			18	C15_B000236_B009007_S63	18_53_M	Thymus	False	1	False		unmatched																
C15_B000263_B007344_S63	94.0	9.0	18	C15_B000263_B007344_S63	18_46_F	Trachea	True	5	True		unmatched																
C15_B000524_B009242_S63	5.0	23.0	18	C15_B000524_B009242_S63	18_53_M	Trachea	True	20	True		unmatched																
C15_B000806_B008540_S63			18	C15_B000806_B008540_S63	18_46_F	MAT	False	1	False		unmatched																
C15_B001369_B009009_S63			18	C15_B001369_B009009_S63	18_47_F	Thymus	False	1	False		unmatched																
C15_B002459_B007461_S63			18	C15_B002459_B007461_S63	18_46_F	Marrow	False	1	False		unmatched																
C15_B003007_B009008_S63			18	C15_B003007_B009008_S63	18_46_F	Thymus	False	1	False		unmatched																
C15_B003017_B009010_S63			18	C15_B003017_B009010_S63	18_45_M	Thymus	False	1	False		unmatched																
C15_B003022_B008546_S63			18	C15_B003022_B008546_S63	18_45_M	MAT	False	1	False		unmatched																
C15_D045405_B009854_S63			18	C15_D045405_B009854_S63	18_45_M	Marrow	False	1	False		unmatched																
C16_B000477_B008543_S64			18	C16_B000477_B008543_S64	18_53_M	MAT	False	1	False		unmatched																
C16_B000524_B009242_S64	5.0	23.0	18	C16_B000524_B009242_S64	18_53_M	Trachea	True	20	True		unmatched																
C16_B001363_B009260_S4			18	C16_B001363_B009260_S4	18_46_F	Brain_Non-Myeloid	False	1	False		unmatched																
C16_B001369_B009009_S64			18	C16_B001369_B009009_S64	18_47_F	Thymus	False	1	False		unmatched																
C16_B002452_B009020_S64			18	C16_B002452_B009020_S64	18_47_F	Spleen	False	1	False		unmatched																
C16_B003017_B009010_S64			18	C16_B003017_B009010_S64	18_45_M	Thymus	False	1	False		unmatched																
C16_D045405_B009854_S64			18	C16_D045405_B009854_S64	18_45_M	Marrow	False	1	False		unmatched																
C17_B000236_B009007_S65			18	C17_B000236_B009007_S65	18_53_M	Thymus	False	1	False		unmatched																
C17_B000524_B009242_S65	5.0	23.0	18	C17_B000524_B009242_S65	18_53_M	Trachea	True	20	True		unmatched																
C17_B001369_B009009_S65			18	C17_B001369_B009009_S65	18_47_F	Thymus	False	1	False		unmatched																
C17_B001372_B006663_S65	34.0	10.0	18	C17_B001372_B006663_S65	18_46_F	Brain_Non-Myeloid	True	10	True		unmatched																
C17_B002452_B009020_S65	114.0	3.0	18	C17_B002452_B009020_S65	18_47_F	Spleen	True	2	True		unmatched																
C17_B003007_B009008_S65			18	C17_B003007_B009008_S65	18_46_F	Thymus	False	1	False		unmatched																
C18_B000171_B009952_S66	84.0	6.0	18	C18_B000171_B009952_S66	18_53_M	Heart	True	6	True		unmatched																
C18_B000236_B009007_S66			18	C18_B000236_B009007_S66	18_53_M	Thymus	False	1	False		unmatched																
C18_B000524_B009242_S66	5.0	23.0	18	C18_B000524_B009242_S66	18_53_M	Trachea	True	20	True		unmatched																
C18_B001369_B009009_S66			18	C18_B001369_B009009_S66	18_47_F	Thymus	False	1	False		unmatched																
C18_B001372_B006663_S66	137.0	3.0	18	C18_B001372_B006663_S66	18_46_F	Brain_Non-Myeloid	True	2	True		unmatched																
C18_B002828_B007462_S66	20.0	3.0	18	C18_B002828_B007462_S66	18_47_F	Marrow	True	3	True		unmatched																
C18_B003007_B009008_S66	99.0	2.0	18	C18_B003007_B009008_S66	18_46_F	Thymus	True	2	True		unmatched																
C19_B000120_B007345_S67			18	C19_B000120_B007345_S67	18_47_F	Trachea	False	1	False		unmatched																
C19_B000236_B009007_S67			18	C19_B000236_B009007_S67	18_53_M	Thymus	False	1	False		unmatched																
C19_B000524_B009242_S67	5.0	23.0	18	C19_B000524_B009242_S67	18_53_M	Trachea	True	20	True		unmatched																
C19_B001369_B009009_S67			18	C19_B001369_B009009_S67	18_47_F	Thymus	False	1	False		unmatched																
C19_B001372_B006663_S67			18	C19_B001372_B006663_S67	18_46_F	Brain_Non-Myeloid	False	1	False		unmatched																
C19_B002452_B009020_S67			18	C19_B002452_B009020_S67	18_47_F	Spleen	False	1	False		unmatched																
C19_B002828_B007462_S67	101.0	6.0	18	C19_B002828_B007462_S67	18_47_F	Marrow	True	6	True		unmatched																
C1_B000524_B009242_S49	5.0	23.0	18	C1_B000524_B009242_S49	18_53_M	Trachea	True	20	True		unmatched																
C1_B002459_B007461_S49			18	C1_B002459_B007461_S49	18_46_F	Marrow	False	1	False		unmatched																
C1_B002828_B007462_S49	122.0	5.0	18	C1_B002828_B007462_S49	18_47_F	Marrow	True	4	True		unmatched																
C1_B003007_B009008_S49			18	C1_B003007_B009008_S49	18_46_F	Thymus	False	1	False		unmatched																
C20_B000175_B009333_S68_L004			18	C20_B000175_B009333_S68_L004	18_53_M	Brain_Non-Myeloid	False	1	False		unmatched																
C20_B000236_B009007_S68			18	C20_B000236_B009007_S68	18_53_M	Thymus	False	1	False		unmatched																
C20_B000268_B009896_S68			18	C20_B000268_B009896_S68	18_46_F	Lung	False	1	False		unmatched																
C20_B002452_B009020_S68			18	C20_B002452_B009020_S68	18_47_F	Spleen	False	1	False		unmatched																
C20_B002709_B009018_S68	24.0	11.0	18	C20_B002709_B009018_S68	18_53_M	Spleen	True	11	True		unmatched																
C20_B002828_B007462_S68	122.0	5.0	18	C20_B002828_B007462_S68	18_47_F	Marrow	True	4	True		unmatched																
C20_B002832_B007443_S68			18	C20_B002832_B007443_S68	18_47_F	Pancreas	False	1	False		unmatched																
C20_B003007_B009008_S68			18	C20_B003007_B009008_S68	18_46_F	Thymus	False	1	False		unmatched																
C21_B000236_B009007_S69			18	C21_B000236_B009007_S69	18_53_M	Thymus	False	1	False		unmatched																
C21_B000524_B009242_S69	5.0	23.0	18	C21_B000524_B009242_S69	18_53_M	Trachea	True	20	True		unmatched																
C21_B001369_B009009_S69			18	C21_B001369_B009009_S69	18_47_F	Thymus	False	1	False		unmatched																
C21_B002452_B009020_S69			18	C21_B002452_B009020_S69	18_47_F	Spleen	False	1	False		unmatched																
C21_B003007_B009008_S69			18	C21_B003007_B009008_S69	18_46_F	Thymus	False	1	False		unmatched																
C21_B003017_B009010_S69			18	C21_B003017_B009010_S69	18_45_M	Thymus	False	1	False		unmatched																
C21_D045405_B009854_S69			18	C21_D045405_B009854_S69	18_45_M	Marrow	False	1	False		unmatched																
C22_B000171_B009952_S70	12.0	4.0	18	C22_B000171_B009952_S70	18_53_M	Heart	True	4	True		unmatched																
C22_B000236_B009007_S70			18	C22_B000236_B009007_S70	18_53_M	Thymus	False	1	False		unmatched																
C22_B000248_B009895_S70			18	C22_B000248_B009895_S70	18_53_M	Lung	False	1	False		unmatched																
C22_B000524_B009242_S70	5.0	23.0	18	C22_B000524_B009242_S70	18_53_M	Trachea	True	20	True		unmatched																
C22_B000767_B009945_S70			18	C22_B000767_B009945_S70	18_46_F	Liver	False	1	False		unmatched																
C22_B002459_B007461_S70			18	C22_B002459_B007461_S70	18_46_F	Marrow	False	1	False		unmatched																
C22_B003017_B009010_S70			18	C22_B003017_B009010_S70	18_45_M	Thymus	False	1	False		unmatched																
C2_B000229_B009899_S50	72.0	7.0	18	C2_B000229_B009899_S50	18_53_M	Lung	True	6	True		unmatched																
C2_B000524_B009242_S50	5.0	23.0	18	C2_B000524_B009242_S50	18_53_M	Trachea	True	20	True		unmatched																
C2_B001369_B009009_S50			18	C2_B001369_B009009_S50	18_47_F	Thymus	False	1	False		unmatched																
C2_B002459_B007461_S50			18	C2_B002459_B007461_S50	18_46_F	Marrow	False	1	False		unmatched																
C2_B002466_B009898_S50			18	C2_B002466_B009898_S50	18_45_M	Lung	False	1	False		unmatched																
C2_B002673_B007460_S50			18	C2_B002673_B007460_S50	18_53_M	Marrow	False	1	False		unmatched																
C2_B002709_B009018_S50	24.0	11.0	18	C2_B002709_B009018_S50	18_53_M	Spleen	True	11	True		unmatched																
C2_B002828_B007462_S50			18	C2_B002828_B007462_S50	18_47_F	Marrow	False	1	False		unmatched																
C2_B003017_B009010_S50			18	C2_B003017_B009010_S50	18_45_M	Thymus	False	1	False		unmatched																
C2_D045342_B009019_S50			18	C2_D045342_B009019_S50	18_45_M	Spleen	False	1	False		unmatched																
C3_B000236_B009007_S51			18	C3_B000236_B009007_S51	18_53_M	Thymus	False	1	False		unmatched																
C3_B000524_B009242_S51	5.0	23.0	18	C3_B000524_B009242_S51	18_53_M	Trachea	True	20	True		unmatched																
C3_B001369_B009009_S51			18	C3_B001369_B009009_S51	18_47_F	Thymus	False	1	False		unmatched																
C4_B000524_B009242_S52	5.0	23.0	18	C4_B000524_B009242_S52	18_53_M	Trachea	True	20	True		unmatched																
C4_B001369_B009009_S52			18	C4_B001369_B009009_S52	18_47_F	Thymus	False	1	False		unmatched																
C4_B002459_B007461_S52			18	C4_B002459_B007461_S52	18_46_F	Marrow	False	1	False		unmatched																
C4_B002466_B009898_S52			18	C4_B002466_B009898_S52	18_45_M	Lung	False	1	False		unmatched																
C4_B002709_B009018_S52			18	C4_B002709_B009018_S52	18_53_M	Spleen	False	1	False		unmatched																
C4_B003007_B009008_S52	99.0	2.0	18	C4_B003007_B009008_S52	18_46_F	Thymus	True	2	True		unmatched																
C5_B000236_B009007_S53			18	C5_B000236_B009007_S53	18_53_M	Thymus	False	1	False		unmatched																
C5_B001369_B009009_S53			18	C5_B001369_B009009_S53	18_47_F	Thymus	False	1	False		unmatched																
C5_B002459_B007461_S53			18	C5_B002459_B007461_S53	18_46_F	Marrow	False	1	False		unmatched																
C5_B002709_B009018_S53			18	C5_B002709_B009018_S53	18_53_M	Spleen	False	1	False		unmatched																
C5_B002828_B007462_S53			18	C5_B002828_B007462_S53	18_47_F	Marrow	False	1	False		unmatched																
C5_B003007_B009008_S53			18	C5_B003007_B009008_S53	18_46_F	Thymus	False	1	False		unmatched																
C5_B003017_B009010_S53			18	C5_B003017_B009010_S53	18_45_M	Thymus	False	1	False		unmatched																
C6_B000524_B009242_S54	5.0	23.0	18	C6_B000524_B009242_S54	18_53_M	Trachea	True	20	True		unmatched																
C6_B001369_B009009_S54			18	C6_B001369_B009009_S54	18_47_F	Thymus	False	1	False		unmatched																
C6_B002452_B009020_S54			18	C6_B002452_B009020_S54	18_47_F	Spleen	False	1	False		unmatched																
C6_B002459_B007461_S54			18	C6_B002459_B007461_S54	18_46_F	Marrow	False	1	False		unmatched																
C6_B003017_B009010_S54			18	C6_B003017_B009010_S54	18_45_M	Thymus	False	1	False		unmatched																
C7_B000524_B009242_S55	5.0	23.0	18	C7_B000524_B009242_S55	18_53_M	Trachea	True	20	True		unmatched																
C7_B000750_B007346_S55			18	C7_B000750_B007346_S55	18_45_M	Trachea	False	1	False		unmatched																
C7_B000767_B009945_S55			18	C7_B000767_B009945_S55	18_46_F	Liver	False	1	False		unmatched																
C7_B001369_B009009_S55			18	C7_B001369_B009009_S55	18_47_F	Thymus	False	1	False		unmatched																
C7_B003017_B009010_S55			18	C7_B003017_B009010_S55	18_45_M	Thymus	False	1	False		unmatched																
C8_B000236_B009007_S56			18	C8_B000236_B009007_S56	18_53_M	Thymus	False	1	False		unmatched																
C8_B000524_B009242_S56	5.0	23.0	18	C8_B000524_B009242_S56	18_53_M	Trachea	True	20	True		unmatched																
C8_B000794_B008549_S56	70.0	2.0	18	C8_B000794_B008549_S56	18_47_F	GAT	True	2	True		unmatched																
C8_B001369_B009009_S56			18	C8_B001369_B009009_S56	18_47_F	Thymus	False	1	False		unmatched																
C8_B002843_B009897_S56			18	C8_B002843_B009897_S56	18_47_F	Lung	False	1	False		unmatched																
C8_B003007_B009008_S56	18.0	8.0	18	C8_B003007_B009008_S56	18_46_F	Thymus	True	5	True		unmatched																
C9_B000236_B009007_S57			18	C9_B000236_B009007_S57	18_53_M	Thymus	False	1	False		unmatched																
C9_B000524_B009242_S57	5.0	23.0	18	C9_B000524_B009242_S57	18_53_M	Trachea	True	20	True		unmatched																
C9_B002828_B007462_S57			18	C9_B002828_B007462_S57	18_47_F	Marrow	False	1	False		unmatched																
D10_B000236_B009007_S82			18	D10_B000236_B009007_S82	18_53_M	Thymus	False	1	False		unmatched																
D10_B000263_B007344_S82	123.0	4.0	18	D10_B000263_B007344_S82	18_46_F	Trachea	True	3	True		unmatched																
D10_B000490_B009961_S82			18	D10_B000490_B009961_S82	18_47_F	Heart	False	1	False		unmatched																
D10_B000805_B008544_S82			18	D10_B000805_B008544_S82	18_46_F	SCAT	False	1	False		unmatched																
D10_B001369_B009009_S82			18	D10_B001369_B009009_S82	18_47_F	Thymus	False	1	False		unmatched																
D10_B003007_B009008_S82			18	D10_B003007_B009008_S82	18_46_F	Thymus	False	1	False		unmatched																
D11_B000236_B009007_S83			18	D11_B000236_B009007_S83	18_53_M	Thymus	False	1	False		unmatched																
D11_B000805_B008544_S83	19.0	10.0	18	D11_B000805_B008544_S83	18_46_F	SCAT	True	9	True		unmatched																
D11_B000806_B008540_S83			18	D11_B000806_B008540_S83	18_46_F	MAT	False	1	False		unmatched																
D11_B001369_B009009_S83			18	D11_B001369_B009009_S83	18_47_F	Thymus	False	1	False		unmatched																
D11_B002508_B009949_S83	87.0	5.0	18	D11_B002508_B009949_S83	18_45_M	Kidney	True	4	True		unmatched																
D11_B003017_B009010_S83			18	D11_B003017_B009010_S83	18_45_M	Thymus	False	1	False		unmatched																
D12_B000236_B009007_S84			18	D12_B000236_B009007_S84	18_53_M	Thymus	False	1	False		unmatched																
D12_B000477_B008543_S84			18	D12_B000477_B008543_S84	18_53_M	MAT	False	1	False		unmatched																
D12_B000788_B008433_S84	57.0	4.0	18	D12_B000788_B008433_S84	18_46_F	BAT	True	2	True		unmatched																
D12_B000794_B008549_S84			18	D12_B000794_B008549_S84	18_47_F	GAT	False	1	False		unmatched																
D12_B000806_B008540_S84			18	D12_B000806_B008540_S84	18_46_F	MAT	False	1	False		unmatched																
D12_B000808_B008541_S84	100.0	7.0	18	D12_B000808_B008541_S84	18_47_F	SCAT	True	6	True		unmatched																
D12_B001369_B009009_S84			18	D12_B001369_B009009_S84	18_47_F	Thymus	False	1	False		unmatched																
D12_B002709_B009018_S84			18	D12_B002709_B009018_S84	18_53_M	Spleen	False	1	False		unmatched																
D12_B003007_B009008_S84	5.0	23.0	18	D12_B003007_B009008_S84	18_46_F	Thymus	True	2	True		unmatched																
D13_B000236_B009007_S85			18	D13_B000236_B009007_S85	18_53_M	Thymus	False	1	False		unmatched																
D13_B000505_B008435_S85			18	D13_B000505_B008435_S85	18_45_M	GAT	False	1	False		unmatched																
D13_B003017_B009010_S85			18	D13_B003017_B009010_S85	18_45_M	Thymus	False	1	False		unmatched																
D13_D045405_B009854_S85	113.0	4.0	18	D13_D045405_B009854_S85	18_45_M	Marrow	True	4	True		unmatched																
D14_B000236_B009007_S86			18	D14_B000236_B009007_S86	18_53_M	Thymus	False	1	False		unmatched																
D14_B000477_B008543_S86	94.0	9.0	18	D14_B000477_B008543_S86	18_53_M	MAT	True	1	False		unmatched																
D14_B000490_B009961_S86	63.0	3.0	18	D14_B000490_B009961_S86	18_47_F	Heart	True	2	True		unmatched																
D14_B000795_B008545_S86			18	D14_B000795_B008545_S86	18_47_F	MAT	False	1	False		unmatched																
D14_B000806_B008540_S86			18	D14_B000806_B008540_S86	18_46_F	MAT	False	1	False		unmatched																
D14_B000814_B008548_S86			18	D14_B000814_B008548_S86	18_46_F	GAT	False	1	False		unmatched																
D14_B001369_B009009_S86			18	D14_B001369_B009009_S86	18_47_F	Thymus	False	1	False		unmatched																
D14_B002459_B007461_S86	139.0	2.0	18	D14_B002459_B007461_S86	18_46_F	Marrow	True	2	True		unmatched																
D14_B003007_B009008_S86	68.0	3.0	18	D14_B003007_B009008_S86	18_46_F	Thymus	True	1	False		unmatched																
D15_B000805_B008544_S87			18	D15_B000805_B008544_S87	18_46_F	SCAT	False	1	False		unmatched																
D15_B001369_B009009_S87			18	D15_B001369_B009009_S87	18_47_F	Thymus	False	1	False		unmatched																
D15_B002452_B009020_S87			18	D15_B002452_B009020_S87	18_47_F	Spleen	False	1	False		unmatched																
D15_B003017_B009010_S87			18	D15_B003017_B009010_S87	18_45_M	Thymus	False	1	False		unmatched																
D15_D045405_B009854_S87			18	D15_D045405_B009854_S87	18_45_M	Marrow	False	1	False		unmatched																
D16_B000236_B009007_S88			18	D16_B000236_B009007_S88	18_53_M	Thymus	False	1	False		unmatched																
D16_B000505_B008435_S88			18	D16_B000505_B008435_S88	18_45_M	GAT	False	1	False		unmatched																
D16_B000805_B008544_S88	74.0	2.0	18	D16_B000805_B008544_S88	18_46_F	SCAT	True	2	True		unmatched																
D16_B000808_B008541_S88	127.0	2.0	18	D16_B000808_B008541_S88	18_47_F	SCAT	True	2	True		unmatched																
D16_B003007_B009008_S88	95.0	5.0	18	D16_B003007_B009008_S88	18_46_F	Thymus	True	3	True		unmatched																
D16_B003017_B009010_S88			18	D16_B003017_B009010_S88	18_45_M	Thymus	False	1	False		unmatched																
D17_B000236_B009007_S89			18	D17_B000236_B009007_S89	18_53_M	Thymus	False	1	False		unmatched																
D17_B000490_B009961_S89			18	D17_B000490_B009961_S89	18_47_F	Heart	False	1	False		unmatched																
D17_B001363_B009260_S29			18	D17_B001363_B009260_S29	18_46_F	Brain_Non-Myeloid	False	1	False		unmatched																
D17_B002459_B007461_S89	0.0	2.0	18	D17_B002459_B007461_S89	18_46_F	Marrow	True	2	True		unmatched																
D17_B002709_B009018_S89			18	D17_B002709_B009018_S89	18_53_M	Spleen	False	1	False		unmatched																
D17_B003007_B009008_S89			18	D17_B003007_B009008_S89	18_46_F	Thymus	False	1	False		unmatched																
D17_B003017_B009010_S89			18	D17_B003017_B009010_S89	18_45_M	Thymus	False	1	False		unmatched																
D17_D045405_B009854_S89	83.0	2.0	18	D17_D045405_B009854_S89	18_45_M	Marrow	True	2	True		unmatched																
D18_B000236_B009007_S90			18	D18_B000236_B009007_S90	18_53_M	Thymus	False	1	False		unmatched																
D18_B001369_B009009_S90			18	D18_B001369_B009009_S90	18_47_F	Thymus	False	1	False		unmatched																
D18_B002459_B007461_S90			18	D18_B002459_B007461_S90	18_46_F	Marrow	False	1	False		unmatched																
D18_B002673_B007460_S90			18	D18_B002673_B007460_S90	18_53_M	Marrow	False	1	False		unmatched																
D18_B002709_B009018_S90			18	D18_B002709_B009018_S90	18_53_M	Spleen	False	1	False		unmatched																
D18_B003007_B009008_S90	131.0	2.0	18	D18_B003007_B009008_S90	18_46_F	Thymus	True	1	False		unmatched																
D18_B003017_B009010_S90			18	D18_B003017_B009010_S90	18_45_M	Thymus	False	1	False		unmatched																
D18_D045405_B009854_S90			18	D18_D045405_B009854_S90	18_45_M	Marrow	False	1	False		unmatched																
D19_B000236_B009007_S91			18	D19_B000236_B009007_S91	18_53_M	Thymus	False	1	False		unmatched																
D19_B000472_B009891_S91	16.0	6.0	18	D19_B000472_B009891_S91	18_53_M	Marrow	True	6	True		unmatched																
D19_B001369_B009009_S91			18	D19_B001369_B009009_S91	18_47_F	Thymus	False	1	False		unmatched																
D19_B003007_B009008_S91			18	D19_B003007_B009008_S91	18_46_F	Thymus	False	1	False		unmatched																
D19_D045405_B009854_S91	80.0	2.0	18	D19_D045405_B009854_S91	18_45_M	Marrow	True	1	False		unmatched																
D1_B000236_B009007_S73	64.0	3.0	18	D1_B000236_B009007_S73	18_53_M	Thymus	True	3	True		unmatched																
D1_B002709_B009018_S73			18	D1_B002709_B009018_S73	18_53_M	Spleen	False	1	False		unmatched																
D1_B002843_B009897_S73	90.0	2.0	18	D1_B002843_B009897_S73	18_47_F	Lung	True	2	True		unmatched																
D1_B003017_B009010_S73			18	D1_B003017_B009010_S73	18_45_M	Thymus	False	1	False		unmatched																
D20_B000265_B009901_S92			18	D20_B000265_B009901_S92	18_47_F	Lung	False	1	False		unmatched																
D20_B002507_B009457_S176			18	D20_B002507_B009457_S176	18_45_M	Brain_Non-Myeloid	False	1	False		unmatched																
D20_B002508_B009949_S92	87.0	5.0	18	D20_B002508_B009949_S92	18_45_M	Kidney	True	4	True		unmatched																
D20_B003007_B009008_S92			18	D20_B003007_B009008_S92	18_46_F	Thymus	False	1	False		unmatched																
D20_B003017_B009010_S92			18	D20_B003017_B009010_S92	18_45_M	Thymus	False	1	False		unmatched																
D20_D045342_B009019_S92			18	D20_D045342_B009019_S92	18_45_M	Spleen	False	1	False		unmatched																
D21_B000176_B008056_S93			18	D21_B000176_B008056_S93	18_53_M	Brain_Non-Myeloid	False	1	False		unmatched																
D21_B001363_B009260_S33	34.0	10.0	18	D21_B001363_B009260_S33	18_46_F	Brain_Non-Myeloid	True	10	True		unmatched																
D21_B003017_B009010_S93			18	D21_B003017_B009010_S93	18_45_M	Thymus	False	1	False		unmatched																
D21_D045405_B009854_S93			18	D21_D045405_B009854_S93	18_45_M	Marrow	False	1	False		unmatched																
D22_B000236_B009007_S94			18	D22_B000236_B009007_S94	18_53_M	Thymus	False	1	False		unmatched																
D22_B000268_B009896_S94	94.0	9.0	18	D22_B000268_B009896_S94	18_46_F	Lung	True	5	True		unmatched																
D22_B003007_B009008_S94			18	D22_B003007_B009008_S94	18_46_F	Thymus	False	1	False		unmatched																
D22_B003017_B009010_S94			18	D22_B003017_B009010_S94	18_45_M	Thymus	False	1	False		unmatched																
D2_B000236_B009007_S74			18	D2_B000236_B009007_S74	18_53_M	Thymus	False	1	False		unmatched																
D2_B001369_B009009_S74			18	D2_B001369_B009009_S74	18_47_F	Thymus	False	1	False		unmatched																
D2_B002508_B009949_S74	87.0	5.0	18	D2_B002508_B009949_S74	18_45_M	Kidney	True	4	True		unmatched																
D2_B003007_B009008_S74	98.0	5.0	18	D2_B003007_B009008_S74	18_46_F	Thymus	True	3	True		unmatched																
D2_B003017_B009010_S74			18	D2_B003017_B009010_S74	18_45_M	Thymus	False	1	False		unmatched																
D3_B000794_B008549_S75			18	D3_B000794_B008549_S75	18_47_F	GAT	False	1	False		unmatched																
D3_B002466_B009898_S75			18	D3_B002466_B009898_S75	18_45_M	Lung	False	1	False		unmatched																
D3_B002508_B009949_S75	87.0	5.0	18	D3_B002508_B009949_S75	18_45_M	Kidney	True	4	True		unmatched																
D3_B003017_B009010_S75			18	D3_B003017_B009010_S75	18_45_M	Thymus	False	1	False		unmatched																
D4_B000236_B009007_S76			18	D4_B000236_B009007_S76	18_53_M	Thymus	False	1	False		unmatched																
D4_B001369_B009009_S76			18	D4_B001369_B009009_S76	18_47_F	Thymus	False	1	False		unmatched																
D4_B002709_B009018_S76			18	D4_B002709_B009018_S76	18_53_M	Spleen	False	1	False		unmatched																
D4_B002828_B007462_S76	122.0	5.0	18	D4_B002828_B007462_S76	18_47_F	Marrow	True	4	True		unmatched																
D4_D045405_B009854_S76	113.0	4.0	18	D4_D045405_B009854_S76	18_45_M	Marrow	True	4	True		unmatched																
D5_B000236_B009007_S77			18	D5_B000236_B009007_S77	18_53_M	Thymus	False	1	False		unmatched																
D5_B001369_B009009_S77			18	D5_B001369_B009009_S77	18_47_F	Thymus	False	1	False		unmatched																
D5_B003007_B009008_S77			18	D5_B003007_B009008_S77	18_46_F	Thymus	False	1	False		unmatched																
D5_B003017_B009010_S77			18	D5_B003017_B009010_S77	18_45_M	Thymus	False	1	False		unmatched																
D6_B000236_B009007_S78			18	D6_B000236_B009007_S78	18_53_M	Thymus	False	1	False		unmatched																
D6_B001369_B009009_S78			18	D6_B001369_B009009_S78	18_47_F	Thymus	False	1	False		unmatched																
D6_B002452_B009020_S78			18	D6_B002452_B009020_S78	18_47_F	Spleen	False	1	False		unmatched																
D6_B002828_B007462_S78	115.0	2.0	18	D6_B002828_B007462_S78	18_47_F	Marrow	True	2	True		unmatched																
D6_B003007_B009008_S78			18	D6_B003007_B009008_S78	18_46_F	Thymus	False	1	False		unmatched																
D6_B003017_B009010_S78			18	D6_B003017_B009010_S78	18_45_M	Thymus	False	1	False		unmatched																
D7_B000795_B008545_S79	95.0	5.0	18	D7_B000795_B008545_S79	18_47_F	MAT	True	2	True		unmatched																
D7_B002452_B009020_S79			18	D7_B002452_B009020_S79	18_47_F	Spleen	False	1	False		unmatched																
D7_B003007_B009008_S79			18	D7_B003007_B009008_S79	18_46_F	Thymus	False	1	False		unmatched																
D7_B003017_B009010_S79			18	D7_B003017_B009010_S79	18_45_M	Thymus	False	1	False		unmatched																
D8_B000236_B009007_S80			18	D8_B000236_B009007_S80	18_53_M	Thymus	False	1	False		unmatched																
D8_B000491_B009016_S80			18	D8_B000491_B009016_S80	18_47_F	Thymus	False	1	False		unmatched																
D8_B001369_B009009_S80			18	D8_B001369_B009009_S80	18_47_F	Thymus	False	1	False		unmatched																
D8_B002843_B009897_S80			18	D8_B002843_B009897_S80	18_47_F	Lung	False	1	False		unmatched																
D8_B003017_B009010_S80			18	D8_B003017_B009010_S80	18_45_M	Thymus	False	1	False		unmatched																
D9_B000477_B008543_S81			18	D9_B000477_B008543_S81	18_53_M	MAT	False	1	False		unmatched																
D9_B000505_B008435_S81			18	D9_B000505_B008435_S81	18_45_M	GAT	False	1	False		unmatched																
D9_B000806_B008540_S81			18	D9_B000806_B008540_S81	18_46_F	MAT	False	1	False		unmatched																
D9_B001369_B009009_S81	134.0	2.0	18	D9_B001369_B009009_S81	18_47_F	Thymus	True	2	True		unmatched																
D9_B002452_B009020_S81	85.0	2.0	18	D9_B002452_B009020_S81	18_47_F	Spleen	True	1	False		unmatched																
D9_B002459_B007461_S81			18	D9_B002459_B007461_S81	18_46_F	Marrow	False	1	False		unmatched																
D9_B002828_B007462_S81			18	D9_B002828_B007462_S81	18_47_F	Marrow	False	1	False		unmatched																
E10_B000236_B009007_S106			18	E10_B000236_B009007_S106	18_53_M	Thymus	False	1	False		unmatched																
E10_B000477_B008543_S106	24.0	11.0	18	E10_B000477_B008543_S106	18_53_M	MAT	True	11	True		unmatched																
E10_B000505_B008435_S106	65.0	7.0	18	E10_B000505_B008435_S106	18_45_M	GAT	True	7	True		unmatched																
E10_B000795_B008545_S106	9.0	9.0	18	E10_B000795_B008545_S106	18_47_F	MAT	True	8	True		unmatched																
E10_B000800_B008432_S106	117.0	2.0	18	E10_B000800_B008432_S106	18_47_F	BAT	True	2	True		unmatched																
E10_B001360_B009953_S106			18	E10_B001360_B009953_S106	18_46_F	Heart	False	1	False		unmatched																
E10_B001369_B009009_S106			18	E10_B001369_B009009_S106	18_47_F	Thymus	False	1	False		unmatched																
E10_B002452_B009020_S106			18	E10_B002452_B009020_S106	18_47_F	Spleen	False	1	False		unmatched																
E10_B003017_B009010_S106			18	E10_B003017_B009010_S106	18_45_M	Thymus	False	1	False		unmatched																
E11_B000477_B008543_S107			18	E11_B000477_B008543_S107	18_53_M	MAT	False	1	False		unmatched																
E11_B002452_B009020_S107			18	E11_B002452_B009020_S107	18_47_F	Spleen	False	1	False		unmatched																
E11_B002459_B007461_S107			18	E11_B002459_B007461_S107	18_46_F	Marrow	False	1	False		unmatched																
E11_B003017_B009010_S107			18	E11_B003017_B009010_S107	18_45_M	Thymus	False	1	False		unmatched																
E11_B003022_B008546_S107			18	E11_B003022_B008546_S107	18_45_M	MAT	False	1	False		unmatched																
E11_D045342_B009019_S107	59.0	2.0	18	E11_D045342_B009019_S107	18_45_M	Spleen	True	2	True		unmatched																
E12_B000236_B009007_S108			18	E12_B000236_B009007_S108	18_53_M	Thymus	False	1	False		unmatched																
E12_B000814_B008548_S108			18	E12_B000814_B008548_S108	18_46_F	GAT	False	1	False		unmatched																
E12_B002828_B007462_S108	61.0	3.0	18	E12_B002828_B007462_S108	18_47_F	Marrow	True	2	True		unmatched																
E12_B003007_B009008_S108			18	E12_B003007_B009008_S108	18_46_F	Thymus	False	1	False		unmatched																
E12_B003017_B009010_S108			18	E12_B003017_B009010_S108	18_45_M	Thymus	False	1	False		unmatched																
E13_B000171_B009952_S109	84.0	6.0	18	E13_B000171_B009952_S109	18_53_M	Heart	True	6	True		unmatched																
E13_B000236_B009007_S109			18	E13_B000236_B009007_S109	18_53_M	Thymus	False	1	False		unmatched																
E13_B000767_B009945_S109			18	E13_B000767_B009945_S109	18_46_F	Liver	False	1	False		unmatched																
E13_B002459_B007461_S109	129.0	2.0	18	E13_B002459_B007461_S109	18_46_F	Marrow	True	2	True		unmatched																
E13_B003017_B009010_S109			18	E13_B003017_B009010_S109	18_45_M	Thymus	False	1	False		unmatched																
E14_B000236_B009007_S110			18	E14_B000236_B009007_S110	18_53_M	Thymus	False	1	False		unmatched																
E14_B000490_B009961_S110	44.0	3.0	18	E14_B000490_B009961_S110	18_47_F	Heart	True	3	True		unmatched																
E14_B000788_B008433_S110			18	E14_B000788_B008433_S110	18_46_F	BAT	False	1	False		unmatched																
E14_B000795_B008545_S110	9.0	9.0	18	E14_B000795_B008545_S110	18_47_F	MAT	True	8	True		unmatched																
E14_B000808_B008541_S110	93.0	7.0	18	E14_B000808_B008541_S110	18_47_F	SCAT	True	2	True		unmatched																
E14_B001369_B009009_S110			18	E14_B001369_B009009_S110	18_47_F	Thymus	False	1	False		unmatched																
E14_B002452_B009020_S110			18	E14_B002452_B009020_S110	18_47_F	Spleen	False	1	False		unmatched																
E14_B002459_B007461_S110			18	E14_B002459_B007461_S110	18_46_F	Marrow	False	1	False		unmatched																
E14_B002828_B007462_S110			18	E14_B002828_B007462_S110	18_47_F	Marrow	False	1	False		unmatched																
E14_B003007_B009008_S110			18	E14_B003007_B009008_S110	18_46_F	Thymus	False	1	False		unmatched																
E14_D045405_B009854_S110			18	E14_D045405_B009854_S110	18_45_M	Marrow	False	1	False		unmatched																
E15_B000236_B009007_S111			18	E15_B000236_B009007_S111	18_53_M	Thymus	False	1	False		unmatched																
E15_B000806_B008540_S111	78.0	3.0	18	E15_B000806_B008540_S111	18_46_F	MAT	True	3	True		unmatched																
E15_B001369_B009009_S111			18	E15_B001369_B009009_S111	18_47_F	Thymus	False	1	False		unmatched																
E15_B002452_B009020_S111	114.0	3.0	18	E15_B002452_B009020_S111	18_47_F	Spleen	True	2	True		unmatched																
E15_B002459_B007461_S111			18	E15_B002459_B007461_S111	18_46_F	Marrow	False	1	False		unmatched																
E15_B002828_B007462_S111	18.0	8.0	18	E15_B002828_B007462_S111	18_47_F	Marrow	True	3	True		unmatched																
E15_B003022_B008546_S111	108.0	3.0	18	E15_B003022_B008546_S111	18_45_M	MAT	True	3	True		unmatched																
E16_B000236_B009007_S112			18	E16_B000236_B009007_S112	18_53_M	Thymus	False	1	False		unmatched																
E16_B000477_B008543_S112			18	E16_B000477_B008543_S112	18_53_M	MAT	False	1	False		unmatched																
E16_B001369_B009009_S112			18	E16_B001369_B009009_S112	18_47_F	Thymus	False	1	False		unmatched																
E16_B003007_B009008_S112			18	E16_B003007_B009008_S112	18_46_F	Thymus	False	1	False		unmatched																
E17_B000236_B009007_S113			18	E17_B000236_B009007_S113	18_53_M	Thymus	False	1	False		unmatched																
E17_B001369_B009009_S113			18	E17_B001369_B009009_S113	18_47_F	Thymus	False	1	False		unmatched																
E17_B002459_B007461_S113			18	E17_B002459_B007461_S113	18_46_F	Marrow	False	1	False		unmatched																
E17_B003007_B009008_S113	18.0	8.0	18	E17_B003007_B009008_S113	18_46_F	Thymus	True	5	True		unmatched																
E17_B003017_B009010_S113			18	E17_B003017_B009010_S113	18_45_M	Thymus	False	1	False		unmatched																
E18_B000236_B009007_S114			18	E18_B000236_B009007_S114	18_53_M	Thymus	False	1	False		unmatched																
E18_B001369_B009009_S114			18	E18_B001369_B009009_S114	18_47_F	Thymus	False	1	False		unmatched																
E18_B002709_B009018_S114			18	E18_B002709_B009018_S114	18_53_M	Spleen	False	1	False		unmatched																
E18_B003007_B009008_S114			18	E18_B003007_B009008_S114	18_46_F	Thymus	False	1	False		unmatched																
E18_B003017_B009010_S114			18	E18_B003017_B009010_S114	18_45_M	Thymus	False	1	False		unmatched																
E19_B000236_B009007_S115			18	E19_B000236_B009007_S115	18_53_M	Thymus	False	1	False		unmatched																
E19_B000248_B009895_S115	24.0	11.0	18	E19_B000248_B009895_S115	18_53_M	Lung	True	11	True		unmatched																
E19_B000767_B009945_S115	110.0	9.0	18	E19_B000767_B009945_S115	18_46_F	Liver	True	6	True		unmatched																
E19_B001369_B009009_S115			18	E19_B001369_B009009_S115	18_47_F	Thymus	False	1	False		unmatched																
E19_B003007_B009008_S115	18.0	8.0	18	E19_B003007_B009008_S115	18_46_F	Thymus	True	5	True		unmatched																
E19_B003017_B009010_S115			18	E19_B003017_B009010_S115	18_45_M	Thymus	False	1	False		unmatched																
E1_B000236_B009007_S97			18	E1_B000236_B009007_S97	18_53_M	Thymus	False	1	False		unmatched																
E1_B000767_B009945_S97			18	E1_B000767_B009945_S97	18_46_F	Liver	False	1	False		unmatched																
E1_B002828_B007462_S97	141.0	3.0	18	E1_B002828_B007462_S97	18_47_F	Marrow	True	3	True		unmatched																
E1_B003007_B009008_S97	95.0	5.0	18	E1_B003007_B009008_S97	18_46_F	Thymus	True	3	True		unmatched																
E1_B003017_B009010_S97			18	E1_B003017_B009010_S97	18_45_M	Thymus	False	1	False		unmatched																
E1_D045367_B009017_S97			18	E1_D045367_B009017_S97	18_45_M	Thymus	False	1	False		unmatched																
E20_B000236_B009007_S116			18	E20_B000236_B009007_S116	18_53_M	Thymus	False	1	False		unmatched																
E20_B000767_B009945_S116			18	E20_B000767_B009945_S116	18_46_F	Liver	False	1	False		unmatched																
E20_B001369_B009009_S116			18	E20_B001369_B009009_S116	18_47_F	Thymus	False	1	False		unmatched																
E20_B002338_B009294_S92	4.0	4.0	18	E20_B002338_B009294_S92	18_47_F	Brain_Non-Myeloid	True	2	True		unmatched																
E20_B003017_B009010_S116			18	E20_B003017_B009010_S116	18_45_M	Thymus	False	1	False		unmatched																
E21_B000236_B009007_S117			18	E21_B000236_B009007_S117	18_53_M	Thymus	False	1	False		unmatched																
E21_B001369_B009009_S117	31.0	2.0	18	E21_B001369_B009009_S117	18_47_F	Thymus	True	1	False		unmatched																
E21_B002843_B009897_S117	49.0	4.0	18	E21_B002843_B009897_S117	18_47_F	Lung	True	3	True		unmatched																
E21_B003007_B009008_S117			18	E21_B003007_B009008_S117	18_46_F	Thymus	False	1	False		unmatched																
E21_B003017_B009010_S117			18	E21_B003017_B009010_S117	18_45_M	Thymus	False	1	False		unmatched																
E22_B000120_B007345_S118			18	E22_B000120_B007345_S118	18_47_F	Trachea	False	1	False		unmatched																
E22_B000236_B009007_S118			18	E22_B000236_B009007_S118	18_53_M	Thymus	False	1	False		unmatched																
E22_B000750_B007346_S118	55.0	2.0	18	E22_B000750_B007346_S118	18_45_M	Trachea	True	2	True		unmatched																
E22_B001059_B009342_S118	78.0	3.0	18	E22_B001059_B009342_S118	18_46_F	Brain_Non-Myeloid	True	3	True		unmatched																
E22_B001369_B009009_S118			18	E22_B001369_B009009_S118	18_47_F	Thymus	False	1	False		unmatched																
E22_B002709_B009018_S118			18	E22_B002709_B009018_S118	18_53_M	Spleen	False	1	False		unmatched																
E22_B002843_B009897_S118			18	E22_B002843_B009897_S118	18_47_F	Lung	False	1	False		unmatched																
E22_B003007_B009008_S118			18	E22_B003007_B009008_S118	18_46_F	Thymus	False	1	False		unmatched																
E22_B003017_B009010_S118			18	E22_B003017_B009010_S118	18_45_M	Thymus	False	1	False		unmatched																
E2_B000236_B009007_S98			18	E2_B000236_B009007_S98	18_53_M	Thymus	False	1	False		unmatched																
E2_B001369_B009009_S98	107.0	4.0	18	E2_B001369_B009009_S98	18_47_F	Thymus	True	3	True		unmatched																
E2_B002452_B009020_S98			18	E2_B002452_B009020_S98	18_47_F	Spleen	False	1	False		unmatched																
E2_B002459_B007461_S98	67.0	2.0	18	E2_B002459_B007461_S98	18_46_F	Marrow	True	2	True		unmatched																
E2_B002709_B009018_S98			18	E2_B002709_B009018_S98	18_53_M	Spleen	False	1	False		unmatched																
E2_B003007_B009008_S98			18	E2_B003007_B009008_S98	18_46_F	Thymus	False	1	False		unmatched																
E2_B003017_B009010_S98			18	E2_B003017_B009010_S98	18_45_M	Thymus	False	1	False		unmatched																
E2_D045405_B009854_S98			18	E2_D045405_B009854_S98	18_45_M	Marrow	False	1	False		unmatched																
E3_B002709_B009018_S99			18	E3_B002709_B009018_S99	18_53_M	Spleen	False	1	False		unmatched																
E3_B003007_B009008_S99			18	E3_B003007_B009008_S99	18_46_F	Thymus	False	1	False		unmatched																
E3_B003017_B009010_S99			18	E3_B003017_B009010_S99	18_45_M	Thymus	False	1	False		unmatched																
E4_B001369_B009009_S100			18	E4_B001369_B009009_S100	18_47_F	Thymus	False	1	False		unmatched																
E4_B002459_B007461_S100			18	E4_B002459_B007461_S100	18_46_F	Marrow	False	1	False		unmatched																
E4_B002466_B009898_S100			18	E4_B002466_B009898_S100	18_45_M	Lung	False	1	False		unmatched																
E4_B003017_B009010_S100			18	E4_B003017_B009010_S100	18_45_M	Thymus	False	1	False		unmatched																
E5_B000236_B009007_S101			18	E5_B000236_B009007_S101	18_53_M	Thymus	False	1	False		unmatched																
E5_B000268_B009896_S101	17.0	7.0	18	E5_B000268_B009896_S101	18_46_F	Lung	True	7	True		unmatched																
E5_B000482_B009012_S101			18	E5_B000482_B009012_S101	18_46_F	Thymus	False	1	False		unmatched																
E5_B003017_B009010_S101			18	E5_B003017_B009010_S101	18_45_M	Thymus	False	1	False		unmatched																
E6_B000120_B007345_S102			18	E6_B000120_B007345_S102	18_47_F	Trachea	False	1	False		unmatched																
E6_B000236_B009007_S102			18	E6_B000236_B009007_S102	18_53_M	Thymus	False	1	False		unmatched																
E6_B000268_B009896_S102	17.0	7.0	18	E6_B000268_B009896_S102	18_46_F	Lung	True	7	True		unmatched																
E6_B002452_B009020_S102			18	E6_B002452_B009020_S102	18_47_F	Spleen	False	1	False		unmatched																
E6_B002459_B007461_S102			18	E6_B002459_B007461_S102	18_46_F	Marrow	False	1	False		unmatched																
E6_B003017_B009010_S102			18	E6_B003017_B009010_S102	18_45_M	Thymus	False	1	False		unmatched																
E6_D045405_B009854_S102			18	E6_D045405_B009854_S102	18_45_M	Marrow	False	1	False		unmatched																
E7_B000491_B009016_S103			18	E7_B000491_B009016_S103	18_47_F	Thymus	False	1	False		unmatched																
E7_B001369_B009009_S103			18	E7_B001369_B009009_S103	18_47_F	Thymus	False	1	False		unmatched																
E7_B003007_B009008_S103	98.0	5.0	18	E7_B003007_B009008_S103	18_46_F	Thymus	True	3	True		unmatched																
E7_B003017_B009010_S103			18	E7_B003017_B009010_S103	18_45_M	Thymus	False	1	False		unmatched																
E8_B000236_B009007_S104			18	E8_B000236_B009007_S104	18_53_M	Thymus	False	1	False		unmatched																
E8_B000767_B009945_S104	17.0	7.0	18	E8_B000767_B009945_S104	18_46_F	Liver	True	7	True		unmatched																
E8_B001369_B009009_S104			18	E8_B001369_B009009_S104	18_47_F	Thymus	False	1	False		unmatched																
E8_B002459_B007461_S104	21.0	10.0	18	E8_B002459_B007461_S104	18_46_F	Marrow	True	7	True		unmatched																
E8_B003007_B009008_S104			18	E8_B003007_B009008_S104	18_46_F	Thymus	False	1	False		unmatched																
E8_B003017_B009010_S104			18	E8_B003017_B009010_S104	18_45_M	Thymus	False	1	False		unmatched																
E9_B000800_B008432_S105			18	E9_B000800_B008432_S105	18_47_F	BAT	False	1	False		unmatched																
E9_B000805_B008544_S105	47.0	9.0	18	E9_B000805_B008544_S105	18_46_F	SCAT	True	8	True		unmatched																
E9_B000808_B008541_S105	106.0	2.0	18	E9_B000808_B008541_S105	18_47_F	SCAT	True	2	True		unmatched																
E9_B001369_B009009_S105			18	E9_B001369_B009009_S105	18_47_F	Thymus	False	1	False		unmatched																
E9_B002459_B007461_S105			18	E9_B002459_B007461_S105	18_46_F	Marrow	False	1	False		unmatched																
E9_B003007_B009008_S105			18	E9_B003007_B009008_S105	18_46_F	Thymus	False	1	False		unmatched																
E9_B003017_B009010_S105			18	E9_B003017_B009010_S105	18_45_M	Thymus	False	1	False		unmatched																
E9_B003022_B008546_S105	69.0	2.0	18	E9_B003022_B008546_S105	18_45_M	MAT	True	2	True		unmatched																
F10_B000236_B009007_S130			18	F10_B000236_B009007_S130	18_53_M	Thymus	False	1	False		unmatched																
F10_B000505_B008435_S130	65.0	7.0	18	F10_B000505_B008435_S130	18_45_M	GAT	True	7	True		unmatched																
F10_B000806_B008540_S130			18	F10_B000806_B008540_S130	18_46_F	MAT	False	1	False		unmatched																
F10_B001369_B009009_S130			18	F10_B001369_B009009_S130	18_47_F	Thymus	False	1	False		unmatched																
F10_B002452_B009020_S130			18	F10_B002452_B009020_S130	18_47_F	Spleen	False	1	False		unmatched																
F10_B002459_B007461_S130			18	F10_B002459_B007461_S130	18_46_F	Marrow	False	1	False		unmatched																
F11_B000171_B009952_S131			18	F11_B000171_B009952_S131	18_53_M	Heart	False	1	False		unmatched																
F11_B000477_B008543_S131	73.0	4.0	18	F11_B000477_B008543_S131	18_53_M	MAT	True	3	True		unmatched																
F11_B000808_B008541_S131			18	F11_B000808_B008541_S131	18_47_F	SCAT	False	1	False		unmatched																
F11_B001369_B009009_S131			18	F11_B001369_B009009_S131	18_47_F	Thymus	False	1	False		unmatched																
F11_B002458_B009893_S131	122.0	5.0	18	F11_B002458_B009893_S131	18_47_F	Marrow	True	4	True		unmatched																
F11_B003017_B009010_S131			18	F11_B003017_B009010_S131	18_45_M	Thymus	False	1	False		unmatched																
F12_B000236_B009007_S132			18	F12_B000236_B009007_S132	18_53_M	Thymus	False	1	False		unmatched																
F12_B000477_B008543_S132	72.0	7.0	18	F12_B000477_B008543_S132	18_53_M	MAT	True	6	True		unmatched																
F12_B000795_B008545_S132	49.0	4.0	18	F12_B000795_B008545_S132	18_47_F	MAT	True	3	True		unmatched																
F12_B000805_B008544_S132	34.0	10.0	18	F12_B000805_B008544_S132	18_46_F	SCAT	True	10	True		unmatched																
F12_B000808_B008541_S132	97.0	6.0	18	F12_B000808_B008541_S132	18_47_F	SCAT	True	6	True		unmatched																
F12_B001369_B009009_S132	134.0	2.0	18	F12_B001369_B009009_S132	18_47_F	Thymus	True	2	True		unmatched																
F12_B002452_B009020_S132			18	F12_B002452_B009020_S132	18_47_F	Spleen	False	1	False		unmatched																
F12_B002459_B007461_S132	47.0	9.0	18	F12_B002459_B007461_S132	18_46_F	Marrow	True	8	True		unmatched																
F12_B002828_B007462_S132			18	F12_B002828_B007462_S132	18_47_F	Marrow	False	1	False		unmatched																
F12_B003007_B009008_S132	60.0	4.0	18	F12_B003007_B009008_S132	18_46_F	Thymus	True	1	False		unmatched																
F12_B003017_B009010_S132			18	F12_B003017_B009010_S132	18_45_M	Thymus	False	1	False		unmatched																
F13_B000236_B009007_S133			18	F13_B000236_B009007_S133	18_53_M	Thymus	False	1	False		unmatched																
F13_B000505_B008435_S133			18	F13_B000505_B008435_S133	18_45_M	GAT	False	1	False		unmatched																
F13_B000806_B008540_S133	28.0	5.0	18	F13_B000806_B008540_S133	18_46_F	MAT	True	5	True		unmatched																
F13_B001369_B009009_S133			18	F13_B001369_B009009_S133	18_47_F	Thymus	False	1	False		unmatched																
F13_B002459_B007461_S133			18	F13_B002459_B007461_S133	18_46_F	Marrow	False	1	False		unmatched																
F13_B002709_B009018_S133			18	F13_B002709_B009018_S133	18_53_M	Spleen	False	1	False		unmatched																
F13_B002828_B007462_S133			18	F13_B002828_B007462_S133	18_47_F	Marrow	False	1	False		unmatched																
F13_B003007_B009008_S133			18	F13_B003007_B009008_S133	18_46_F	Thymus	False	1	False		unmatched																
F13_B003017_B009010_S133			18	F13_B003017_B009010_S133	18_45_M	Thymus	False	1	False		unmatched																
F14_B000171_B009952_S134			18	F14_B000171_B009952_S134	18_53_M	Heart	False	1	False		unmatched																
F14_B000236_B009007_S134			18	F14_B000236_B009007_S134	18_53_M	Thymus	False	1	False		unmatched																
F14_B000806_B008540_S134			18	F14_B000806_B008540_S134	18_46_F	MAT	False	1	False		unmatched																
F14_B003007_B009008_S134			18	F14_B003007_B009008_S134	18_46_F	Thymus	False	1	False		unmatched																
F14_B003022_B008546_S134	56.0	4.0	18	F14_B003022_B008546_S134	18_45_M	MAT	True	3	True		unmatched																
F15_B000171_B009952_S135	29.0	7.0	18	F15_B000171_B009952_S135	18_53_M	Heart	True	7	True		unmatched																
F15_B000236_B009007_S135			18	F15_B000236_B009007_S135	18_53_M	Thymus	False	1	False		unmatched																
F15_B000814_B008548_S135			18	F15_B000814_B008548_S135	18_46_F	GAT	False	1	False		unmatched																
F15_B001369_B009009_S135			18	F15_B001369_B009009_S135	18_47_F	Thymus	False	1	False		unmatched																
F15_B002417_B009885_S135			18	F15_B002417_B009885_S135	18_47_F	Marrow	False	1	False		unmatched																
F15_B002452_B009020_S135	47.0	9.0	18	F15_B002452_B009020_S135	18_47_F	Spleen	True	1	False		unmatched																
F15_B002459_B007461_S135			18	F15_B002459_B007461_S135	18_46_F	Marrow	False	1	False		unmatched																
F15_B003017_B009010_S135			18	F15_B003017_B009010_S135	18_45_M	Thymus	False	1	False		unmatched																
F15_D045405_B009854_S135			18	F15_D045405_B009854_S135	18_45_M	Marrow	False	1	False		unmatched																
F16_B000171_B009952_S136	73.0	4.0	18	F16_B000171_B009952_S136	18_53_M	Heart	True	3	True		unmatched																
F16_B000477_B008543_S136	84.0	6.0	18	F16_B000477_B008543_S136	18_53_M	MAT	True	6	True		unmatched																
F16_B000800_B008432_S136	42.0	7.0	18	F16_B000800_B008432_S136	18_47_F	BAT	True	6	True		unmatched																
F16_B000805_B008544_S136			18	F16_B000805_B008544_S136	18_46_F	SCAT	False	1	False		unmatched																
F16_B000808_B008541_S136	61.0	3.0	18	F16_B000808_B008541_S136	18_47_F	SCAT	True	2	True		unmatched																
F16_B000814_B008548_S136			18	F16_B000814_B008548_S136	18_46_F	GAT	False	1	False		unmatched																
F16_B002459_B007461_S136			18	F16_B002459_B007461_S136	18_46_F	Marrow	False	1	False		unmatched																
F16_B003007_B009008_S136	93.0	7.0	18	F16_B003007_B009008_S136	18_46_F	Thymus	True	5	True		unmatched																
F16_B003017_B009010_S136			18	F16_B003017_B009010_S136	18_45_M	Thymus	False	1	False		unmatched																
F17_B000236_B009007_S137			18	F17_B000236_B009007_S137	18_53_M	Thymus	False	1	False		unmatched																
F17_B000524_B009242_S137	60.0	4.0	18	F17_B000524_B009242_S137	18_53_M	Trachea	True	3	True		unmatched																
F17_B001369_B009009_S137			18	F17_B001369_B009009_S137	18_47_F	Thymus	False	1	False		unmatched																
F17_B003007_B009008_S137			18	F17_B003007_B009008_S137	18_46_F	Thymus	False	1	False		unmatched																
F17_B003017_B009010_S137			18	F17_B003017_B009010_S137	18_45_M	Thymus	False	1	False		unmatched																
F18_B000236_B009007_S138			18	F18_B000236_B009007_S138	18_53_M	Thymus	False	1	False		unmatched																
F18_B000524_B009242_S138	60.0	4.0	18	F18_B000524_B009242_S138	18_53_M	Trachea	True	3	True		unmatched																
F18_B003007_B009008_S138			18	F18_B003007_B009008_S138	18_46_F	Thymus	False	1	False		unmatched																
F18_B003017_B009010_S138			18	F18_B003017_B009010_S138	18_45_M	Thymus	False	1	False		unmatched																
F19_B000236_B009007_S139			18	F19_B000236_B009007_S139	18_53_M	Thymus	False	1	False		unmatched																
F19_B000524_B009242_S139	60.0	4.0	18	F19_B000524_B009242_S139	18_53_M	Trachea	True	3	True		unmatched																
F19_B002459_B007461_S139	21.0	10.0	18	F19_B002459_B007461_S139	18_46_F	Marrow	True	7	True		unmatched																
F19_B002466_B009898_S139			18	F19_B002466_B009898_S139	18_45_M	Lung	False	1	False		unmatched																
F19_B002709_B009018_S139			18	F19_B002709_B009018_S139	18_53_M	Spleen	False	1	False		unmatched																
F19_B003007_B009008_S139			18	F19_B003007_B009008_S139	18_46_F	Thymus	False	1	False		unmatched																
F19_B003017_B009010_S139			18	F19_B003017_B009010_S139	18_45_M	Thymus	False	1	False		unmatched																
F19_D045342_B009019_S139			18	F19_D045342_B009019_S139	18_45_M	Spleen	False	1	False		unmatched																
F1_B000236_B009007_S121			18	F1_B000236_B009007_S121	18_53_M	Thymus	False	1	False		unmatched																
F1_B000794_B008549_S121			18	F1_B000794_B008549_S121	18_47_F	GAT	False	1	False		unmatched																
F1_B001369_B009009_S121			18	F1_B001369_B009009_S121	18_47_F	Thymus	False	1	False		unmatched																
F1_B002459_B007461_S121			18	F1_B002459_B007461_S121	18_46_F	Marrow	False	1	False		unmatched																
F1_B002709_B009018_S121			18	F1_B002709_B009018_S121	18_53_M	Spleen	False	1	False		unmatched																
F1_B002828_B007462_S121	42.0	7.0	18	F1_B002828_B007462_S121	18_47_F	Marrow	True	6	True		unmatched																
F1_B003007_B009008_S121			18	F1_B003007_B009008_S121	18_46_F	Thymus	False	1	False		unmatched																
F20_B000236_B009007_S140			18	F20_B000236_B009007_S140	18_53_M	Thymus	False	1	False		unmatched																
F20_B001369_B009009_S140			18	F20_B001369_B009009_S140	18_47_F	Thymus	False	1	False		unmatched																
F20_B002417_B009885_S140	101.0	6.0	18	F20_B002417_B009885_S140	18_47_F	Marrow	True	6	True		unmatched																
F20_B002459_B007461_S140	33.0	2.0	18	F20_B002459_B007461_S140	18_46_F	Marrow	True	2	True		unmatched																
F20_B002673_B007460_S140			18	F20_B002673_B007460_S140	18_53_M	Marrow	False	1	False		unmatched																
F20_B003007_B009008_S140			18	F20_B003007_B009008_S140	18_46_F	Thymus	False	1	False		unmatched																
F20_B003017_B009010_S140			18	F20_B003017_B009010_S140	18_45_M	Thymus	False	1	False		unmatched																
F20_D045405_B009854_S140			18	F20_D045405_B009854_S140	18_45_M	Marrow	False	1	False		unmatched																
F21_B000236_B009007_S141			18	F21_B000236_B009007_S141	18_53_M	Thymus	False	1	False		unmatched																
F21_B001369_B009009_S141			18	F21_B001369_B009009_S141	18_47_F	Thymus	False	1	False		unmatched																
F21_B002452_B009020_S141			18	F21_B002452_B009020_S141	18_47_F	Spleen	False	1	False		unmatched																
F21_B002459_B007461_S141			18	F21_B002459_B007461_S141	18_46_F	Marrow	False	1	False		unmatched																
F21_B003017_B009010_S141			18	F21_B003017_B009010_S141	18_45_M	Thymus	False	1	False		unmatched																
F21_D045405_B009854_S141			18	F21_D045405_B009854_S141	18_45_M	Marrow	False	1	False		unmatched																
F22_B000236_B009007_S142			18	F22_B000236_B009007_S142	18_53_M	Thymus	False	1	False		unmatched																
F22_B002459_B007461_S142	25.0	4.0	18	F22_B002459_B007461_S142	18_46_F	Marrow	True	2	True		unmatched																
F22_B003007_B009008_S142			18	F22_B003007_B009008_S142	18_46_F	Thymus	False	1	False		unmatched																
F22_B003017_B009010_S142			18	F22_B003017_B009010_S142	18_45_M	Thymus	False	1	False		unmatched																
F2_B000236_B009007_S122			18	F2_B000236_B009007_S122	18_53_M	Thymus	False	1	False		unmatched																
F2_B001247_B009941_S122	78.0	3.0	18	F2_B001247_B009941_S122	18_46_F	Liver	True	3	True		unmatched																
F2_B001369_B009009_S122			18	F2_B001369_B009009_S122	18_47_F	Thymus	False	1	False		unmatched																
F2_B003007_B009008_S122			18	F2_B003007_B009008_S122	18_46_F	Thymus	False	1	False		unmatched																
F2_B003017_B009010_S122			18	F2_B003017_B009010_S122	18_45_M	Thymus	False	1	False		unmatched																
F3_B000236_B009007_S123			18	F3_B000236_B009007_S123	18_53_M	Thymus	False	1	False		unmatched																
F3_B000814_B008548_S123			18	F3_B000814_B008548_S123	18_46_F	GAT	False	1	False		unmatched																
F3_B001369_B009009_S123			18	F3_B001369_B009009_S123	18_47_F	Thymus	False	1	False		unmatched																
F3_B002341_B009297_S51			18	F3_B002341_B009297_S51	18_46_F	Brain_Non-Myeloid	False	1	False		unmatched																
F3_B002828_B007462_S123			18	F3_B002828_B007462_S123	18_47_F	Marrow	False	1	False		unmatched																
F3_B003017_B009010_S123			18	F3_B003017_B009010_S123	18_45_M	Thymus	False	1	False		unmatched																
F4_B000236_B009007_S124			18	F4_B000236_B009007_S124	18_53_M	Thymus	False	1	False		unmatched																
F4_B000767_B009945_S124	77.0	2.0	18	F4_B000767_B009945_S124	18_46_F	Liver	True	2	True		unmatched																
F4_B001369_B009009_S124			18	F4_B001369_B009009_S124	18_47_F	Thymus	False	1	False		unmatched																
F4_B002341_B009297_S52	19.0	10.0	18	F4_B002341_B009297_S52	18_46_F	Brain_Non-Myeloid	True	9	True		unmatched																
F4_B002828_B007462_S124	107.0	4.0	18	F4_B002828_B007462_S124	18_47_F	Marrow	True	3	True		unmatched																
F4_B003017_B009010_S124			18	F4_B003017_B009010_S124	18_45_M	Thymus	False	1	False		unmatched																
F5_B000236_B009007_S125	76.0	2.0	18	F5_B000236_B009007_S125	18_53_M	Thymus	True	2	True		unmatched																
F5_B001369_B009009_S125			18	F5_B001369_B009009_S125	18_47_F	Thymus	False	1	False		unmatched																
F5_B002459_B007461_S125	28.0	5.0	18	F5_B002459_B007461_S125	18_46_F	Marrow	True	5	True		unmatched																
F5_B002828_B007462_S125	116.0	2.0	18	F5_B002828_B007462_S125	18_47_F	Marrow	True	2	True		unmatched																
F5_B003017_B009010_S125			18	F5_B003017_B009010_S125	18_45_M	Thymus	False	1	False		unmatched																
F6_B000236_B009007_S126			18	F6_B000236_B009007_S126	18_53_M	Thymus	False	1	False		unmatched																
F6_B001369_B009009_S126			18	F6_B001369_B009009_S126	18_47_F	Thymus	False	1	False		unmatched																
F6_B002459_B007461_S126	71.0	2.0	18	F6_B002459_B007461_S126	18_46_F	Marrow	True	2	True		unmatched																
F6_B002828_B007462_S126			18	F6_B002828_B007462_S126	18_47_F	Marrow	False	1	False		unmatched																
F6_B003007_B009008_S126	18.0	8.0	18	F6_B003007_B009008_S126	18_46_F	Thymus	True	5	True		unmatched																
F6_B003017_B009010_S126			18	F6_B003017_B009010_S126	18_45_M	Thymus	False	1	False		unmatched																
F6_D045342_B009019_S126			18	F6_D045342_B009019_S126	18_45_M	Spleen	False	1	False		unmatched																
F7_B000236_B009007_S127	36.0	4.0	18	F7_B000236_B009007_S127	18_53_M	Thymus	True	4	True		unmatched																
F7_B001369_B009009_S127			18	F7_B001369_B009009_S127	18_47_F	Thymus	False	1	False		unmatched																
F7_B002466_B009898_S127			18	F7_B002466_B009898_S127	18_45_M	Lung	False	1	False		unmatched																
F7_B002819_B009892_S127	119.0	2.0	18	F7_B002819_B009892_S127	18_46_F	Marrow	True	2	True		unmatched																
F7_B003017_B009010_S127			18	F7_B003017_B009010_S127	18_45_M	Thymus	False	1	False		unmatched																
F7_B00480_B0008539_S127			18	F7_B00480_B0008539_S127			False	1	False		unmatched																
F8_B000236_B009007_S128			18	F8_B000236_B009007_S128	18_53_M	Thymus	False	1	False		unmatched																
F8_B001369_B009009_S128			18	F8_B001369_B009009_S128	18_47_F	Thymus	False	1	False		unmatched																
F8_B003007_B009008_S128			18	F8_B003007_B009008_S128	18_46_F	Thymus	False	1	False		unmatched																
F8_B003017_B009010_S128			18	F8_B003017_B009010_S128	18_45_M	Thymus	False	1	False		unmatched																
F9_B000171_B009952_S129	109.0	2.0	18	F9_B000171_B009952_S129	18_53_M	Heart	True	2	True		unmatched																
F9_B001369_B009009_S129			18	F9_B001369_B009009_S129	18_47_F	Thymus	False	1	False		unmatched																
F9_B002459_B007461_S129			18	F9_B002459_B007461_S129	18_46_F	Marrow	False	1	False		unmatched																
F9_B003007_B009008_S129			18	F9_B003007_B009008_S129	18_46_F	Thymus	False	1	False		unmatched																
F9_B003017_B009010_S129			18	F9_B003017_B009010_S129	18_45_M	Thymus	False	1	False		unmatched																
F9_B003022_B008546_S129			18	F9_B003022_B008546_S129	18_45_M	MAT	False	1	False		unmatched																
G10_B000120_B007345_S154	7.0	3.0	18	G10_B000120_B007345_S154	18_47_F	Trachea	True	3	True		unmatched																
G10_B000236_B009007_S154			18	G10_B000236_B009007_S154	18_53_M	Thymus	False	1	False		unmatched																
G10_B000806_B008540_S154			18	G10_B000806_B008540_S154	18_46_F	MAT	False	1	False		unmatched																
G10_B001369_B009009_S154			18	G10_B001369_B009009_S154	18_47_F	Thymus	False	1	False		unmatched																
G10_B002452_B009020_S154	21.0	10.0	18	G10_B002452_B009020_S154	18_47_F	Spleen	True	3	True		unmatched																
G10_B003007_B009008_S154			18	G10_B003007_B009008_S154	18_46_F	Thymus	False	1	False		unmatched																
G10_B003017_B009010_S154			18	G10_B003017_B009010_S154	18_45_M	Thymus	False	1	False		unmatched																
G10_B003022_B008546_S154			18	G10_B003022_B008546_S154	18_45_M	MAT	False	1	False		unmatched																
G11_B000501_B008542_S155			18	G11_B000501_B008542_S155	18_45_M	SCAT	False	1	False		unmatched																
G11_B000788_B008433_S155			18	G11_B000788_B008433_S155	18_46_F	BAT	False	1	False		unmatched																
G11_B000814_B008548_S155			18	G11_B000814_B008548_S155	18_46_F	GAT	False	1	False		unmatched																
G11_B001369_B009009_S155			18	G11_B001369_B009009_S155	18_47_F	Thymus	False	1	False		unmatched																
G11_B003007_B009008_S155			18	G11_B003007_B009008_S155	18_46_F	Thymus	False	1	False		unmatched																
G11_B003017_B009010_S155			18	G11_B003017_B009010_S155	18_45_M	Thymus	False	1	False		unmatched																
G11_B00480_B0008539_S155			18	G11_B00480_B0008539_S155			False	1	False		unmatched																
G11_D045405_B009854_S155			18	G11_D045405_B009854_S155	18_45_M	Marrow	False	1	False		unmatched																
G12_B000236_B009007_S156			18	G12_B000236_B009007_S156	18_53_M	Thymus	False	1	False		unmatched																
G12_B000808_B008541_S156			18	G12_B000808_B008541_S156	18_47_F	SCAT	False	1	False		unmatched																
G12_B001369_B009009_S156			18	G12_B001369_B009009_S156	18_47_F	Thymus	False	1	False		unmatched																
G12_B003017_B009010_S156			18	G12_B003017_B009010_S156	18_45_M	Thymus	False	1	False		unmatched																
G12_B003022_B008546_S156			18	G12_B003022_B008546_S156	18_45_M	MAT	False	1	False		unmatched																
G12_D045367_B009017_S156			18	G12_D045367_B009017_S156	18_45_M	Thymus	False	1	False		unmatched																
G13_B000171_B009952_S157	29.0	7.0	18	G13_B000171_B009952_S157	18_53_M	Heart	True	7	True		unmatched																
G13_B000236_B009007_S157			18	G13_B000236_B009007_S157	18_53_M	Thymus	False	1	False		unmatched																
G13_B000794_B008549_S157	105.0	3.0	18	G13_B000794_B008549_S157	18_47_F	GAT	True	2	True		unmatched																
G13_B000795_B008545_S157			18	G13_B000795_B008545_S157	18_47_F	MAT	False	1	False		unmatched																
G13_B001369_B009009_S157			18	G13_B001369_B009009_S157	18_47_F	Thymus	False	1	False		unmatched																
G13_B003017_B009010_S157			18	G13_B003017_B009010_S157	18_45_M	Thymus	False	1	False		unmatched																
G14_B000477_B008543_S158			18	G14_B000477_B008543_S158	18_53_M	MAT	False	1	False		unmatched																
G14_B000795_B008545_S158	44.0	3.0	18	G14_B000795_B008545_S158	18_47_F	MAT	True	3	True		unmatched																
G14_B001369_B009009_S158			18	G14_B001369_B009009_S158	18_47_F	Thymus	False	1	False		unmatched																
G14_B002709_B009018_S158			18	G14_B002709_B009018_S158	18_53_M	Spleen	False	1	False		unmatched																
G14_B003007_B009008_S158			18	G14_B003007_B009008_S158	18_46_F	Thymus	False	1	False		unmatched																
G14_B003017_B009010_S158			18	G14_B003017_B009010_S158	18_45_M	Thymus	False	1	False		unmatched																
G14_B003022_B008546_S158	56.0	4.0	18	G14_B003022_B008546_S158	18_45_M	MAT	True	3	True		unmatched																
G15_B000169_B009950_S159	105.0	3.0	18	G15_B000169_B009950_S159	18_53_M	Heart	True	1	False		unmatched																
G15_B000236_B009007_S159			18	G15_B000236_B009007_S159	18_53_M	Thymus	False	1	False		unmatched																
G15_B001369_B009009_S159			18	G15_B001369_B009009_S159	18_47_F	Thymus	False	1	False		unmatched																
G15_B002828_B007462_S159	38.0	2.0	18	G15_B002828_B007462_S159	18_47_F	Marrow	True	2	True		unmatched																
G15_B003007_B009008_S159			18	G15_B003007_B009008_S159	18_46_F	Thymus	False	1	False		unmatched																
G15_B003017_B009010_S159			18	G15_B003017_B009010_S159	18_45_M	Thymus	False	1	False		unmatched																
G16_B000236_B009007_S160			18	G16_B000236_B009007_S160	18_53_M	Thymus	False	1	False		unmatched																
G16_B000505_B008435_S160			18	G16_B000505_B008435_S160	18_45_M	GAT	False	1	False		unmatched																
G16_B000795_B008545_S160			18	G16_B000795_B008545_S160	18_47_F	MAT	False	1	False		unmatched																
G16_B001369_B009009_S160			18	G16_B001369_B009009_S160	18_47_F	Thymus	False	1	False		unmatched																
G16_B002828_B007462_S160			18	G16_B002828_B007462_S160	18_47_F	Marrow	False	1	False		unmatched																
G16_B003017_B009010_S160			18	G16_B003017_B009010_S160	18_45_M	Thymus	False	1	False		unmatched																
G16_B003022_B008546_S160			18	G16_B003022_B008546_S160	18_45_M	MAT	False	1	False		unmatched																
G16_D045342_B009019_S160			18	G16_D045342_B009019_S160	18_45_M	Spleen	False	1	False		unmatched																
G16_D045405_B009854_S160	43.0	2.0	18	G16_D045405_B009854_S160	18_45_M	Marrow	True	2	True		unmatched																
G17_B000236_B009007_S161			18	G17_B000236_B009007_S161	18_53_M	Thymus	False	1	False		unmatched																
G17_B000524_B009242_S161	36.0	4.0	18	G17_B000524_B009242_S161	18_53_M	Trachea	True	4	True		unmatched																
G17_B001369_B009009_S161			18	G17_B001369_B009009_S161	18_47_F	Thymus	False	1	False		unmatched																
G17_B002831_B007445_S161			18	G17_B002831_B007445_S161	18_47_F	Pancreas	False	1	False		unmatched																
G17_B003017_B009010_S161			18	G17_B003017_B009010_S161	18_45_M	Thymus	False	1	False		unmatched																
G18_B000236_B009007_S162			18	G18_B000236_B009007_S162	18_53_M	Thymus	False	1	False		unmatched																
G18_B000524_B009242_S162	36.0	4.0	18	G18_B000524_B009242_S162	18_53_M	Trachea	True	4	True		unmatched																
G18_B002452_B009020_S162	123.0	4.0	18	G18_B002452_B009020_S162	18_47_F	Spleen	True	1	False		unmatched																
G18_B002843_B009897_S162			18	G18_B002843_B009897_S162	18_47_F	Lung	False	1	False		unmatched																
G19_B000171_B009952_S163	29.0	7.0	18	G19_B000171_B009952_S163	18_53_M	Heart	True	7	True		unmatched																
G19_B000236_B009007_S163			18	G19_B000236_B009007_S163	18_53_M	Thymus	False	1	False		unmatched																
G19_B000524_B009242_S163	36.0	4.0	18	G19_B000524_B009242_S163	18_53_M	Trachea	True	4	True		unmatched																
G19_B000750_B007346_S163			18	G19_B000750_B007346_S163	18_45_M	Trachea	False	1	False		unmatched																
G19_B001369_B009009_S163			18	G19_B001369_B009009_S163	18_47_F	Thymus	False	1	False		unmatched																
G19_B002417_B009885_S163	95.0	5.0	18	G19_B002417_B009885_S163	18_47_F	Marrow	True	2	True		unmatched																
G19_B003007_B009008_S163			18	G19_B003007_B009008_S163	18_46_F	Thymus	False	1	False		unmatched																
G19_B003017_B009010_S163			18	G19_B003017_B009010_S163	18_45_M	Thymus	False	1	False		unmatched																
G1_B001369_B009009_S145			18	G1_B001369_B009009_S145	18_47_F	Thymus	False	1	False		unmatched																
G1_B002466_B009898_S145			18	G1_B002466_B009898_S145	18_45_M	Lung	False	1	False		unmatched																
G1_B002828_B007462_S145			18	G1_B002828_B007462_S145	18_47_F	Marrow	False	1	False		unmatched																
G20_B003007_B009008_S164			18	G20_B003007_B009008_S164	18_46_F	Thymus	False	1	False		unmatched																
G20_B003017_B009010_S164			18	G20_B003017_B009010_S164	18_45_M	Thymus	False	1	False		unmatched																
G21_B000236_B009007_S165			18	G21_B000236_B009007_S165	18_53_M	Thymus	False	1	False		unmatched																
G21_B001369_B009009_S165			18	G21_B001369_B009009_S165	18_47_F	Thymus	False	1	False		unmatched																
G21_B002459_B007461_S165			18	G21_B002459_B007461_S165	18_46_F	Marrow	False	1	False		unmatched																
G21_B002828_B007462_S165	101.0	6.0	18	G21_B002828_B007462_S165	18_47_F	Marrow	True	6	True		unmatched																
G21_B003007_B009008_S165			18	G21_B003007_B009008_S165	18_46_F	Thymus	False	1	False		unmatched																
G21_D045342_B009019_S165			18	G21_D045342_B009019_S165	18_45_M	Spleen	False	1	False		unmatched																
G21_D045367_B009017_S165			18	G21_D045367_B009017_S165	18_45_M	Thymus	False	1	False		unmatched																
G22_B001363_B009260_S106	34.0	10.0	18	G22_B001363_B009260_S106	18_46_F	Brain_Non-Myeloid	True	10	True		unmatched																
G22_B001369_B009009_S166			18	G22_B001369_B009009_S166	18_47_F	Thymus	False	1	False		unmatched																
G22_B003017_B009010_S166			18	G22_B003017_B009010_S166	18_45_M	Thymus	False	1	False		unmatched																
G2_B000236_B009007_S146			18	G2_B000236_B009007_S146	18_53_M	Thymus	False	1	False		unmatched																
G2_B002459_B007461_S146	85.0	2.0	18	G2_B002459_B007461_S146	18_46_F	Marrow	True	1	False		unmatched																
G2_B002709_B009018_S146			18	G2_B002709_B009018_S146	18_53_M	Spleen	False	1	False		unmatched																
G2_B002828_B007462_S146	42.0	7.0	18	G2_B002828_B007462_S146	18_47_F	Marrow	True	6	True		unmatched																
G2_B003017_B009010_S146			18	G2_B003017_B009010_S146	18_45_M	Thymus	False	1	False		unmatched																
G2_D045405_B009854_S146	118.0	2.0	18	G2_D045405_B009854_S146	18_45_M	Marrow	True	2	True		unmatched																
G3_B001369_B009009_S147			18	G3_B001369_B009009_S147	18_47_F	Thymus	False	1	False		unmatched																
G3_B003017_B009010_S147			18	G3_B003017_B009010_S147	18_45_M	Thymus	False	1	False		unmatched																
G4_B001369_B009009_S148			18	G4_B001369_B009009_S148	18_47_F	Thymus	False	1	False		unmatched																
G4_B002828_B007462_S148	2.0	11.0	18	G4_B002828_B007462_S148	18_47_F	Marrow	True	11	True		unmatched																
G4_B003007_B009008_S148			18	G4_B003007_B009008_S148	18_46_F	Thymus	False	1	False		unmatched																
G4_B003017_B009010_S148			18	G4_B003017_B009010_S148	18_45_M	Thymus	False	1	False		unmatched																
G4_D045342_B009019_S148	43.0	2.0	18	G4_D045342_B009019_S148	18_45_M	Spleen	True	2	True		unmatched																
G5_B000236_B009007_S149			18	G5_B000236_B009007_S149	18_53_M	Thymus	False	1	False		unmatched																
G5_B001369_B009009_S149			18	G5_B001369_B009009_S149	18_47_F	Thymus	False	1	False		unmatched																
G5_B002524_S149			18	G5_B002524_S149			False	1	False		unmatched																
G5_B002843_B009897_S149	40.0	5.0	18	G5_B002843_B009897_S149	18_47_F	Lung	True	3	True		unmatched																
G5_B003017_B009010_S149			18	G5_B003017_B009010_S149	18_45_M	Thymus	False	1	False		unmatched																
G6_B000236_B009007_S150			18	G6_B000236_B009007_S150	18_53_M	Thymus	False	1	False		unmatched																
G6_B001369_B009009_S150			18	G6_B001369_B009009_S150	18_47_F	Thymus	False	1	False		unmatched																
G6_B002341_B009297_S78	34.0	10.0	18	G6_B002341_B009297_S78	18_46_F	Brain_Non-Myeloid	True	10	True		unmatched																
G6_B002452_B009020_S150			18	G6_B002452_B009020_S150	18_47_F	Spleen	False	1	False		unmatched																
G6_B003007_B009008_S150			18	G6_B003007_B009008_S150	18_46_F	Thymus	False	1	False		unmatched																
G7_B000169_B009950_S151			18	G7_B000169_B009950_S151	18_53_M	Heart	False	1	False		unmatched																
G7_B000236_B009007_S151			18	G7_B000236_B009007_S151	18_53_M	Thymus	False	1	False		unmatched																
G7_B001369_B009009_S151			18	G7_B001369_B009009_S151	18_47_F	Thymus	False	1	False		unmatched																
G7_B002828_B007462_S151	2.0	11.0	18	G7_B002828_B007462_S151	18_47_F	Marrow	True	11	True		unmatched																
G7_B003007_B009008_S151			18	G7_B003007_B009008_S151	18_46_F	Thymus	False	1	False		unmatched																
G7_B003017_B009010_S151			18	G7_B003017_B009010_S151	18_45_M	Thymus	False	1	False		unmatched																
G7_B003682_B009883_S151			18	G7_B003682_B009883_S151	18_53_M	Marrow	False	1	False		unmatched																
G8_B001369_B009009_S152			18	G8_B001369_B009009_S152	18_47_F	Thymus	False	1	False		unmatched																
G8_B002459_B007461_S152	129.0	2.0	18	G8_B002459_B007461_S152	18_46_F	Marrow	True	2	True		unmatched																
G8_B003007_B009008_S152	86.0	3.0	18	G8_B003007_B009008_S152	18_46_F	Thymus	True	3	True		unmatched																
G8_B003017_B009010_S152			18	G8_B003017_B009010_S152	18_45_M	Thymus	False	1	False		unmatched																
G9_B000236_B009007_S153			18	G9_B000236_B009007_S153	18_53_M	Thymus	False	1	False		unmatched																
G9_B000505_B008435_S153			18	G9_B000505_B008435_S153	18_45_M	GAT	False	1	False		unmatched																
G9_B000808_B008541_S153			18	G9_B000808_B008541_S153	18_47_F	SCAT	False	1	False		unmatched																
G9_B000814_B008548_S153	47.0	9.0	18	G9_B000814_B008548_S153	18_46_F	GAT	True	8	True		unmatched																
G9_B001369_B009009_S153			18	G9_B001369_B009009_S153	18_47_F	Thymus	False	1	False		unmatched																
G9_B002709_B009018_S153			18	G9_B002709_B009018_S153	18_53_M	Spleen	False	1	False		unmatched																
G9_B002828_B007462_S153			18	G9_B002828_B007462_S153	18_47_F	Marrow	False	1	False		unmatched																
G9_B003007_B009008_S153	61.0	3.0	18	G9_B003007_B009008_S153	18_46_F	Thymus	True	1	False		unmatched																
G9_B003017_B009010_S153			18	G9_B003017_B009010_S153	18_45_M	Thymus	False	1	False		unmatched																
H10_B000236_B009007_S178			18	H10_B000236_B009007_S178	18_53_M	Thymus	False	1	False		unmatched																
H10_B000263_B007344_S178			18	H10_B000263_B007344_S178	18_46_F	Trachea	False	1	False		unmatched																
H10_B000794_B008549_S178			18	H10_B000794_B008549_S178	18_47_F	GAT	False	1	False		unmatched																
H10_B000800_B008432_S178			18	H10_B000800_B008432_S178	18_47_F	BAT	False	1	False		unmatched																
H10_B000805_B008544_S178	10.0	18.0	18	H10_B000805_B008544_S178	18_46_F	SCAT	True	18	True		unmatched																
H10_B000806_B008540_S178			18	H10_B000806_B008540_S178	18_46_F	MAT	False	1	False		unmatched																
H10_B001369_B009009_S178			18	H10_B001369_B009009_S178	18_47_F	Thymus	False	1	False		unmatched																
H10_B002459_B007461_S178	92.0	2.0	18	H10_B002459_B007461_S178	18_46_F	Marrow	True	2	True		unmatched																
H10_B003017_B009010_S178			18	H10_B003017_B009010_S178	18_45_M	Thymus	False	1	False		unmatched																
H11_B000236_B009007_S179	64.0	3.0	18	H11_B000236_B009007_S179	18_53_M	Thymus	True	3	True		unmatched																
H11_B002673_B007460_S179			18	H11_B002673_B007460_S179	18_53_M	Marrow	False	1	False		unmatched																
H11_B002828_B007462_S179			18	H11_B002828_B007462_S179	18_47_F	Marrow	False	1	False		unmatched																
H12_B000236_B009007_S180			18	H12_B000236_B009007_S180	18_53_M	Thymus	False	1	False		unmatched																
H12_B000477_B008543_S180			18	H12_B000477_B008543_S180	18_53_M	MAT	False	1	False		unmatched																
H12_B000505_B008435_S180	83.0	2.0	18	H12_B000505_B008435_S180	18_45_M	GAT	True	2	True		unmatched																
H12_B000795_B008545_S180			18	H12_B000795_B008545_S180	18_47_F	MAT	False	1	False		unmatched																
H12_B000805_B008544_S180			18	H12_B000805_B008544_S180	18_46_F	SCAT	False	1	False		unmatched																
H12_B003017_B009010_S180			18	H12_B003017_B009010_S180	18_45_M	Thymus	False	1	False		unmatched																
H13_B000236_B009007_S181			18	H13_B000236_B009007_S181	18_53_M	Thymus	False	1	False		unmatched																
H13_B000477_B008543_S181			18	H13_B000477_B008543_S181	18_53_M	MAT	False	1	False		unmatched																
H13_B000505_B008435_S181	65.0	7.0	18	H13_B000505_B008435_S181	18_45_M	GAT	True	7	True		unmatched																
H13_B000795_B008545_S181	38.0	2.0	18	H13_B000795_B008545_S181	18_47_F	MAT	True	2	True		unmatched																
H13_B002459_B007461_S181			18	H13_B002459_B007461_S181	18_46_F	Marrow	False	1	False		unmatched																
H13_B002828_B007462_S181			18	H13_B002828_B007462_S181	18_47_F	Marrow	False	1	False		unmatched																
H13_B003007_B009008_S181			18	H13_B003007_B009008_S181	18_46_F	Thymus	False	1	False		unmatched																
H13_B003017_B009010_S181			18	H13_B003017_B009010_S181	18_45_M	Thymus	False	1	False		unmatched																
H13_D045342_B009019_S181			18	H13_D045342_B009019_S181	18_45_M	Spleen	False	1	False		unmatched																
H14_B000236_B009007_S182			18	H14_B000236_B009007_S182	18_53_M	Thymus	False	1	False		unmatched																
H14_B000477_B008543_S182			18	H14_B000477_B008543_S182	18_53_M	MAT	False	1	False		unmatched																
H14_B000788_B008433_S182	10.0	18.0	18	H14_B000788_B008433_S182	18_46_F	BAT	True	18	True		unmatched																
H14_B000805_B008544_S182	47.0	9.0	18	H14_B000805_B008544_S182	18_46_F	SCAT	True	8	True		unmatched																
H14_B001369_B009009_S182			18	H14_B001369_B009009_S182	18_47_F	Thymus	False	1	False		unmatched																
H14_B002459_B007461_S182	92.0	2.0	18	H14_B002459_B007461_S182	18_46_F	Marrow	True	2	True		unmatched																
H14_B002709_B009018_S182	72.0	7.0	18	H14_B002709_B009018_S182	18_53_M	Spleen	True	6	True		unmatched																
H14_B003007_B009008_S182			18	H14_B003007_B009008_S182	18_46_F	Thymus	False	1	False		unmatched																
H14_B003017_B009010_S182			18	H14_B003017_B009010_S182	18_45_M	Thymus	False	1	False		unmatched																
H14_B003022_B008546_S182			18	H14_B003022_B008546_S182	18_45_M	MAT	False	1	False		unmatched																
H15_B000236_B009007_S183			18	H15_B000236_B009007_S183	18_53_M	Thymus	False	1	False		unmatched																
H15_B000505_B008435_S183	65.0	7.0	18	H15_B000505_B008435_S183	18_45_M	GAT	True	7	True		unmatched																
H15_B000800_B008432_S183			18	H15_B000800_B008432_S183	18_47_F	BAT	False	1	False		unmatched																
H15_B000806_B008540_S183			18	H15_B000806_B008540_S183	18_46_F	MAT	False	1	False		unmatched																
H15_B001369_B009009_S183			18	H15_B001369_B009009_S183	18_47_F	Thymus	False	1	False		unmatched																
H15_B002710_B009962_S183			18	H15_B002710_B009962_S183	18_53_M	Aorta	False	1	False		unmatched																
H15_B003017_B009010_S183			18	H15_B003017_B009010_S183	18_45_M	Thymus	False	1	False		unmatched																
H16_B000236_B009007_S184			18	H16_B000236_B009007_S184	18_53_M	Thymus	False	1	False		unmatched																
H16_B000477_B008543_S184			18	H16_B000477_B008543_S184	18_53_M	MAT	False	1	False		unmatched																
H16_B000806_B008540_S184			18	H16_B000806_B008540_S184	18_46_F	MAT	False	1	False		unmatched																
H16_B001360_B009953_S184	51.0	8.0	18	H16_B001360_B009953_S184	18_46_F	Heart	True	8	True		unmatched																
H16_B001363_B009260_S124			18	H16_B001363_B009260_S124	18_46_F	Brain_Non-Myeloid	False	1	False		unmatched																
H16_B001369_B009009_S184			18	H16_B001369_B009009_S184	18_47_F	Thymus	False	1	False		unmatched																
H16_B002417_B009885_S184			18	H16_B002417_B009885_S184	18_47_F	Marrow	False	1	False		unmatched																
H16_B002709_B009018_S184			18	H16_B002709_B009018_S184	18_53_M	Spleen	False	1	False		unmatched																
H16_B002828_B007462_S184			18	H16_B002828_B007462_S184	18_47_F	Marrow	False	1	False		unmatched																
H16_B003007_B009008_S184			18	H16_B003007_B009008_S184	18_46_F	Thymus	False	1	False		unmatched																
H16_B003017_B009010_S184			18	H16_B003017_B009010_S184	18_45_M	Thymus	False	1	False		unmatched																
H17_B001360_B009953_S185	51.0	8.0	18	H17_B001360_B009953_S185	18_46_F	Heart	True	8	True		unmatched																
H17_B002452_B009020_S185	3.0	2.0	18	H17_B002452_B009020_S185	18_47_F	Spleen	True	2	True		unmatched																
H17_B002459_B007461_S185			18	H17_B002459_B007461_S185	18_46_F	Marrow	False	1	False		unmatched																
H17_B002709_B009018_S185			18	H17_B002709_B009018_S185	18_53_M	Spleen	False	1	False		unmatched																
H17_B003007_B009008_S185	35.0	2.0	18	H17_B003007_B009008_S185	18_46_F	Thymus	True	1	False		unmatched																
H17_B003017_B009010_S185			18	H17_B003017_B009010_S185	18_45_M	Thymus	False	1	False		unmatched																
H18_B000236_B009007_S186			18	H18_B000236_B009007_S186	18_53_M	Thymus	False	1	False		unmatched																
H18_B001369_B009009_S186			18	H18_B001369_B009009_S186	18_47_F	Thymus	False	1	False		unmatched																
H18_B002452_B009020_S186	21.0	10.0	18	H18_B002452_B009020_S186	18_47_F	Spleen	True	3	True		unmatched																
H18_B002459_B007461_S186			18	H18_B002459_B007461_S186	18_46_F	Marrow	False	1	False		unmatched																
H18_B002828_B007462_S186			18	H18_B002828_B007462_S186	18_47_F	Marrow	False	1	False		unmatched																
H18_B003017_B009010_S186			18	H18_B003017_B009010_S186	18_45_M	Thymus	False	1	False		unmatched																
H19_B000236_B009007_S187			18	H19_B000236_B009007_S187	18_53_M	Thymus	False	1	False		unmatched																
H19_B001247_B009941_S187	47.0	9.0	18	H19_B001247_B009941_S187	18_46_F	Liver	True	8	True		unmatched																
H19_B001360_B009953_S187	51.0	8.0	18	H19_B001360_B009953_S187	18_46_F	Heart	True	8	True		unmatched																
H19_B002709_B009018_S187			18	H19_B002709_B009018_S187	18_53_M	Spleen	False	1	False		unmatched																
H1_B000236_B009007_S169			18	H1_B000236_B009007_S169	18_53_M	Thymus	False	1	False		unmatched																
H1_B001362_B009954_S169			18	H1_B001362_B009954_S169	18_47_F	Heart	False	1	False		unmatched																
H1_B002452_B009020_S169			18	H1_B002452_B009020_S169	18_47_F	Spleen	False	1	False		unmatched																
H1_B002459_B007461_S169			18	H1_B002459_B007461_S169	18_46_F	Marrow	False	1	False		unmatched																
H1_B003017_B009010_S169			18	H1_B003017_B009010_S169	18_45_M	Thymus	False	1	False		unmatched																
H20_B000236_B009007_S188			18	H20_B000236_B009007_S188	18_53_M	Thymus	False	1	False		unmatched																
H20_B001360_B009953_S188	51.0	8.0	18	H20_B001360_B009953_S188	18_46_F	Heart	True	8	True		unmatched																
H20_B001369_B009009_S188			18	H20_B001369_B009009_S188	18_47_F	Thymus	False	1	False		unmatched																
H20_B002417_B009885_S188	133.0	2.0	18	H20_B002417_B009885_S188	18_47_F	Marrow	True	2	True		unmatched																
H20_B002459_B007461_S188	140.0	2.0	18	H20_B002459_B007461_S188	18_46_F	Marrow	True	1	False		unmatched																
H20_B002466_B009898_S188			18	H20_B002466_B009898_S188	18_45_M	Lung	False	1	False		unmatched																
H20_B002828_B007462_S188	115.0	2.0	18	H20_B002828_B007462_S188	18_47_F	Marrow	True	2	True		unmatched																
H20_B003007_B009008_S188			18	H20_B003007_B009008_S188	18_46_F	Thymus	False	1	False		unmatched																
H20_D045405_B009854_S188			18	H20_D045405_B009854_S188	18_45_M	Marrow	False	1	False		unmatched																
H21_B000236_B009007_S189			18	H21_B000236_B009007_S189	18_53_M	Thymus	False	1	False		unmatched																
H21_B000263_B007344_S189	28.0	5.0	18	H21_B000263_B007344_S189	18_46_F	Trachea	True	5	True		unmatched																
H21_B001360_B009953_S189	51.0	8.0	18	H21_B001360_B009953_S189	18_46_F	Heart	True	8	True		unmatched																
H21_B001369_B009009_S189			18	H21_B001369_B009009_S189	18_47_F	Thymus	False	1	False		unmatched																
H21_B001372_B006663_S189			18	H21_B001372_B006663_S189	18_46_F	Brain_Non-Myeloid	False	1	False		unmatched																
H21_B002459_B007461_S189			18	H21_B002459_B007461_S189	18_46_F	Marrow	False	1	False		unmatched																
H21_B002828_B007462_S189			18	H21_B002828_B007462_S189	18_47_F	Marrow	False	1	False		unmatched																
H21_B003017_B009010_S189			18	H21_B003017_B009010_S189	18_45_M	Thymus	False	1	False		unmatched																
H22_B000236_B009007_S190			18	H22_B000236_B009007_S190	18_53_M	Thymus	False	1	False		unmatched																
H22_B002459_B007461_S190			18	H22_B002459_B007461_S190	18_46_F	Marrow	False	1	False		unmatched																
H22_B002673_B007460_S190			18	H22_B002673_B007460_S190	18_53_M	Marrow	False	1	False		unmatched																
H22_B003007_B009008_S190			18	H22_B003007_B009008_S190	18_46_F	Thymus	False	1	False		unmatched																
H2_B002709_B009018_S170			18	H2_B002709_B009018_S170	18_53_M	Spleen	False	1	False		unmatched																
H2_B003017_B009010_S170			18	H2_B003017_B009010_S170	18_45_M	Thymus	False	1	False		unmatched																
H2_D045342_B009019_S170			18	H2_D045342_B009019_S170	18_45_M	Spleen	False	1	False		unmatched																
H2_D045405_B009854_S170	113.0	4.0	18	H2_D045405_B009854_S170	18_45_M	Marrow	True	4	True		unmatched																
H3_B000236_B009007_S171			18	H3_B000236_B009007_S171	18_53_M	Thymus	False	1	False		unmatched																
H3_B000794_B008549_S171			18	H3_B000794_B008549_S171	18_47_F	GAT	False	1	False		unmatched																
H3_B002452_B009020_S171	56.0	4.0	18	H3_B002452_B009020_S171	18_47_F	Spleen	True	1	False		unmatched																
H3_B002459_B007461_S171			18	H3_B002459_B007461_S171	18_46_F	Marrow	False	1	False		unmatched																
H3_B003007_B009008_S171			18	H3_B003007_B009008_S171	18_46_F	Thymus	False	1	False		unmatched																
H3_B003017_B009010_S171			18	H3_B003017_B009010_S171	18_45_M	Thymus	False	1	False		unmatched																
H4_B000236_B009007_S172	64.0	3.0	18	H4_B000236_B009007_S172	18_53_M	Thymus	True	3	True		unmatched																
H4_B001369_B009009_S172			18	H4_B001369_B009009_S172	18_47_F	Thymus	False	1	False		unmatched																
H4_B002828_B007462_S172			18	H4_B002828_B007462_S172	18_47_F	Marrow	False	1	False		unmatched																
H4_B003007_B009008_S172			18	H4_B003007_B009008_S172	18_46_F	Thymus	False	1	False		unmatched																
H5_B000236_B009007_S173			18	H5_B000236_B009007_S173	18_53_M	Thymus	False	1	False		unmatched																
H5_B000263_B007344_S173	91.0	2.0	18	H5_B000263_B007344_S173	18_46_F	Trachea	True	2	True		unmatched																
H5_D045405_B009854_S173			18	H5_D045405_B009854_S173	18_45_M	Marrow	False	1	False		unmatched																
H6_B000236_B009007_S174			18	H6_B000236_B009007_S174	18_53_M	Thymus	False	1	False		unmatched																
H6_B002452_B009020_S174			18	H6_B002452_B009020_S174	18_47_F	Spleen	False	1	False		unmatched																
H6_B003007_B009008_S174			18	H6_B003007_B009008_S174	18_46_F	Thymus	False	1	False		unmatched																
H6_B003017_B009010_S174			18	H6_B003017_B009010_S174	18_45_M	Thymus	False	1	False		unmatched																
H7_B000171_B009952_S175			18	H7_B000171_B009952_S175	18_53_M	Heart	False	1	False		unmatched																
H7_B000236_B009007_S175			18	H7_B000236_B009007_S175	18_53_M	Thymus	False	1	False		unmatched																
H7_B001369_B009009_S175			18	H7_B001369_B009009_S175	18_47_F	Thymus	False	1	False		unmatched																
H7_B003007_B009008_S175			18	H7_B003007_B009008_S175	18_46_F	Thymus	False	1	False		unmatched																
H7_B003017_B009010_S175			18	H7_B003017_B009010_S175	18_45_M	Thymus	False	1	False		unmatched																
H8_B000236_B009007_S176			18	H8_B000236_B009007_S176	18_53_M	Thymus	False	1	False		unmatched																
H8_B002459_B007461_S176	71.0	2.0	18	H8_B002459_B007461_S176	18_46_F	Marrow	True	2	True		unmatched																
H8_B003007_B009008_S176			18	H8_B003007_B009008_S176	18_46_F	Thymus	False	1	False		unmatched																
H8_B00480_B0008539_S176	72.0	7.0	18	H8_B00480_B0008539_S176			True	1	False		unmatched																
H9_B000236_B009007_S177			18	H9_B000236_B009007_S177	18_53_M	Thymus	False	1	False		unmatched																
H9_B001369_B009009_S177			18	H9_B001369_B009009_S177	18_47_F	Thymus	False	1	False		unmatched																
H9_B003007_B009008_S177			18	H9_B003007_B009008_S177	18_46_F	Thymus	False	1	False		unmatched																
H9_B003017_B009010_S177			18	H9_B003017_B009010_S177	18_45_M	Thymus	False	1	False		unmatched																
I10_B000236_B009007_S202			18	I10_B000236_B009007_S202	18_53_M	Thymus	False	1	False		unmatched																
I10_B001369_B009009_S202			18	I10_B001369_B009009_S202	18_47_F	Thymus	False	1	False		unmatched																
I10_B002459_B007461_S202			18	I10_B002459_B007461_S202	18_46_F	Marrow	False	1	False		unmatched																
I10_B002828_B007462_S202			18	I10_B002828_B007462_S202	18_47_F	Marrow	False	1	False		unmatched																
I10_B003017_B009010_S202			18	I10_B003017_B009010_S202	18_45_M	Thymus	False	1	False		unmatched																
I11_B000236_B009007_S203			18	I11_B000236_B009007_S203	18_53_M	Thymus	False	1	False		unmatched																
I11_B000750_B007346_S203			18	I11_B000750_B007346_S203	18_45_M	Trachea	False	1	False		unmatched																
I11_B000795_B008545_S203	98.0	5.0	18	I11_B000795_B008545_S203	18_47_F	MAT	True	2	True		unmatched																
I11_B000805_B008544_S203	88.0	2.0	18	I11_B000805_B008544_S203	18_46_F	SCAT	True	2	True		unmatched																
I11_B000806_B008540_S203			18	I11_B000806_B008540_S203	18_46_F	MAT	False	1	False		unmatched																
I11_B002452_B009020_S203	66.0	3.0	18	I11_B002452_B009020_S203	18_47_F	Spleen	True	2	True		unmatched																
I11_B003007_B009008_S203			18	I11_B003007_B009008_S203	18_46_F	Thymus	False	1	False		unmatched																
I11_B003017_B009010_S203			18	I11_B003017_B009010_S203	18_45_M	Thymus	False	1	False		unmatched																
I12_B000236_B009007_S204			18	I12_B000236_B009007_S204	18_53_M	Thymus	False	1	False		unmatched																
I12_B000805_B008544_S204			18	I12_B000805_B008544_S204	18_46_F	SCAT	False	1	False		unmatched																
I12_B000806_B008540_S204			18	I12_B000806_B008540_S204	18_46_F	MAT	False	1	False		unmatched																
I12_B001359_B009951_S204			18	I12_B001359_B009951_S204	18_47_F	Heart	False	1	False		unmatched																
I12_B003007_B009008_S204			18	I12_B003007_B009008_S204	18_46_F	Thymus	False	1	False		unmatched																
I12_B003017_B009010_S204			18	I12_B003017_B009010_S204	18_45_M	Thymus	False	1	False		unmatched																
I13_B000236_B009007_S205			18	I13_B000236_B009007_S205	18_53_M	Thymus	False	1	False		unmatched																
I13_B000788_B008433_S205	57.0	4.0	18	I13_B000788_B008433_S205	18_46_F	BAT	True	2	True		unmatched																
I13_B000806_B008540_S205			18	I13_B000806_B008540_S205	18_46_F	MAT	False	1	False		unmatched																
I13_B002828_B007462_S205	49.0	4.0	18	I13_B002828_B007462_S205	18_47_F	Marrow	True	3	True		unmatched																
I13_B003007_B009008_S205			18	I13_B003007_B009008_S205	18_46_F	Thymus	False	1	False		unmatched																
I13_B003022_B008546_S205			18	I13_B003022_B008546_S205	18_45_M	MAT	False	1	False		unmatched																
I14_B000236_B009007_S206			18	I14_B000236_B009007_S206	18_53_M	Thymus	False	1	False		unmatched																
I14_B000477_B008543_S206			18	I14_B000477_B008543_S206	18_53_M	MAT	False	1	False		unmatched																
I14_B000808_B008541_S206			18	I14_B000808_B008541_S206	18_47_F	SCAT	False	1	False		unmatched																
I14_B001369_B009009_S206			18	I14_B001369_B009009_S206	18_47_F	Thymus	False	1	False		unmatched																
I14_B002459_B007461_S206			18	I14_B002459_B007461_S206	18_46_F	Marrow	False	1	False		unmatched																
I14_B003017_B009010_S206			18	I14_B003017_B009010_S206	18_45_M	Thymus	False	1	False		unmatched																
I15_B000236_B009007_S207			18	I15_B000236_B009007_S207	18_53_M	Thymus	False	1	False		unmatched																
I15_B000263_B007344_S207	88.0	2.0	18	I15_B000263_B007344_S207	18_46_F	Trachea	True	2	True		unmatched																
I15_B000477_B008543_S207			18	I15_B000477_B008543_S207	18_53_M	MAT	False	1	False		unmatched																
I15_B000794_B008549_S207			18	I15_B000794_B008549_S207	18_47_F	GAT	False	1	False		unmatched																
I15_B000808_B008541_S207	97.0	6.0	18	I15_B000808_B008541_S207	18_47_F	SCAT	True	6	True		unmatched																
I15_B001369_B009009_S207			18	I15_B001369_B009009_S207	18_47_F	Thymus	False	1	False		unmatched																
I15_B002459_B007461_S207			18	I15_B002459_B007461_S207	18_46_F	Marrow	False	1	False		unmatched																
I15_B003007_B009008_S207			18	I15_B003007_B009008_S207	18_46_F	Thymus	False	1	False		unmatched																
I15_B003017_B009010_S207			18	I15_B003017_B009010_S207	18_45_M	Thymus	False	1	False		unmatched																
I15_D045405_B009854_S207			18	I15_D045405_B009854_S207	18_45_M	Marrow	False	1	False		unmatched																
I16_B000236_B009007_S208			18	I16_B000236_B009007_S208	18_53_M	Thymus	False	1	False		unmatched																
I16_B000806_B008540_S208	28.0	5.0	18	I16_B000806_B008540_S208	18_46_F	MAT	True	5	True		unmatched																
I16_B000814_B008548_S208			18	I16_B000814_B008548_S208	18_46_F	GAT	False	1	False		unmatched																
I16_B001372_B006663_S208			18	I16_B001372_B006663_S208	18_46_F	Brain_Non-Myeloid	False	1	False		unmatched																
I16_B002452_B009020_S208			18	I16_B002452_B009020_S208	18_47_F	Spleen	False	1	False		unmatched																
I16_B002828_B007462_S208			18	I16_B002828_B007462_S208	18_47_F	Marrow	False	1	False		unmatched																
I16_B003007_B009008_S208			18	I16_B003007_B009008_S208	18_46_F	Thymus	False	1	False		unmatched																
I16_B003017_B009010_S208			18	I16_B003017_B009010_S208	18_45_M	Thymus	False	1	False		unmatched																
I17_B000236_B009007_S209			18	I17_B000236_B009007_S209	18_53_M	Thymus	False	1	False		unmatched																
I17_B001360_B009953_S209	51.0	8.0	18	I17_B001360_B009953_S209	18_46_F	Heart	True	8	True		unmatched																
I17_B001369_B009009_S209			18	I17_B001369_B009009_S209	18_47_F	Thymus	False	1	False		unmatched																
I17_B003007_B009008_S209	122.0	5.0	18	I17_B003007_B009008_S209	18_46_F	Thymus	True	1	False		unmatched																
I17_B003017_B009010_S209			18	I17_B003017_B009010_S209	18_45_M	Thymus	False	1	False		unmatched																
I18_B000120_B007345_S210	124.0	2.0	18	I18_B000120_B007345_S210	18_47_F	Trachea	True	2	True		unmatched																
I18_B000236_B009007_S210			18	I18_B000236_B009007_S210	18_53_M	Thymus	False	1	False		unmatched																
I18_B001360_B009953_S210	51.0	8.0	18	I18_B001360_B009953_S210	18_46_F	Heart	True	8	True		unmatched																
I18_B001369_B009009_S210			18	I18_B001369_B009009_S210	18_47_F	Thymus	False	1	False		unmatched																
I18_B002452_B009020_S210			18	I18_B002452_B009020_S210	18_47_F	Spleen	False	1	False		unmatched																
I18_B002459_B007461_S210	103.0	3.0	18	I18_B002459_B007461_S210	18_46_F	Marrow	True	3	True		unmatched																
I18_B002673_B007460_S210			18	I18_B002673_B007460_S210	18_53_M	Marrow	False	1	False		unmatched																
I18_B003017_B009010_S210			18	I18_B003017_B009010_S210	18_45_M	Thymus	False	1	False		unmatched																
I19_B000236_B009007_S211			18	I19_B000236_B009007_S211	18_53_M	Thymus	False	1	False		unmatched																
I19_B001360_B009953_S211	51.0	8.0	18	I19_B001360_B009953_S211	18_46_F	Heart	True	8	True		unmatched																
I19_B002459_B007461_S211			18	I19_B002459_B007461_S211	18_46_F	Marrow	False	1	False		unmatched																
I19_B003007_B009008_S211			18	I19_B003007_B009008_S211	18_46_F	Thymus	False	1	False		unmatched																
I19_B003017_B009010_S211			18	I19_B003017_B009010_S211	18_45_M	Thymus	False	1	False		unmatched																
I19_D045367_B009017_S211	54.0	2.0	18	I19_D045367_B009017_S211	18_45_M	Thymus	True	1	False		unmatched																
I1_B000120_B007345_S193			18	I1_B000120_B007345_S193	18_47_F	Trachea	False	1	False		unmatched																
I1_B000236_B009007_S193			18	I1_B000236_B009007_S193	18_53_M	Thymus	False	1	False		unmatched																
I1_B001369_B009009_S193			18	I1_B001369_B009009_S193	18_47_F	Thymus	False	1	False		unmatched																
I1_B002709_B009018_S193			18	I1_B002709_B009018_S193	18_53_M	Spleen	False	1	False		unmatched																
I1_B002828_B007462_S193	20.0	3.0	18	I1_B002828_B007462_S193	18_47_F	Marrow	True	3	True		unmatched																
I1_B003007_B009008_S193			18	I1_B003007_B009008_S193	18_46_F	Thymus	False	1	False		unmatched																
I1_B003017_B009010_S193			18	I1_B003017_B009010_S193	18_45_M	Thymus	False	1	False		unmatched																
I20_B000171_B009952_S212			18	I20_B000171_B009952_S212	18_53_M	Heart	False	1	False		unmatched																
I20_B000236_B009007_S212			18	I20_B000236_B009007_S212	18_53_M	Thymus	False	1	False		unmatched																
I20_B001369_B009009_S212			18	I20_B001369_B009009_S212	18_47_F	Thymus	False	1	False		unmatched																
I20_B002466_B009898_S212			18	I20_B002466_B009898_S212	18_45_M	Lung	False	1	False		unmatched																
I20_B003017_B009010_S212			18	I20_B003017_B009010_S212	18_45_M	Thymus	False	1	False		unmatched																
I21_B000236_B009007_S213			18	I21_B000236_B009007_S213	18_53_M	Thymus	False	1	False		unmatched																
I21_B001247_B009941_S213	47.0	9.0	18	I21_B001247_B009941_S213	18_46_F	Liver	True	8	True		unmatched																
I21_B001369_B009009_S213			18	I21_B001369_B009009_S213	18_47_F	Thymus	False	1	False		unmatched																
I21_B002709_B009018_S213			18	I21_B002709_B009018_S213	18_53_M	Spleen	False	1	False		unmatched																
I21_B002828_B007462_S213	63.0	3.0	18	I21_B002828_B007462_S213	18_47_F	Marrow	True	2	True		unmatched																
I21_B003017_B009010_S213			18	I21_B003017_B009010_S213	18_45_M	Thymus	False	1	False		unmatched																
I22_B000236_B009007_S214			18	I22_B000236_B009007_S214	18_53_M	Thymus	False	1	False		unmatched																
I22_B001247_B009941_S214	47.0	9.0	18	I22_B001247_B009941_S214	18_46_F	Liver	True	8	True		unmatched																
I22_B001369_B009009_S214			18	I22_B001369_B009009_S214	18_47_F	Thymus	False	1	False		unmatched																
I22_B002709_B009018_S214			18	I22_B002709_B009018_S214	18_53_M	Spleen	False	1	False		unmatched																
I22_B003017_B009010_S214			18	I22_B003017_B009010_S214	18_45_M	Thymus	False	1	False		unmatched																
I22_D045405_B009854_S214			18	I22_D045405_B009854_S214	18_45_M	Marrow	False	1	False		unmatched																
I2_B000236_B009007_S194			18	I2_B000236_B009007_S194	18_53_M	Thymus	False	1	False		unmatched																
I2_B001369_B009009_S194			18	I2_B001369_B009009_S194	18_47_F	Thymus	False	1	False		unmatched																
I2_B002459_B007461_S194			18	I2_B002459_B007461_S194	18_46_F	Marrow	False	1	False		unmatched																
I2_B002466_B009898_S194			18	I2_B002466_B009898_S194	18_45_M	Lung	False	1	False		unmatched																
I2_B002828_B007462_S194			18	I2_B002828_B007462_S194	18_47_F	Marrow	False	1	False		unmatched																
I2_B003007_B009008_S194			18	I2_B003007_B009008_S194	18_46_F	Thymus	False	1	False		unmatched																
I2_B003017_B009010_S194			18	I2_B003017_B009010_S194	18_45_M	Thymus	False	1	False		unmatched																
I3_B000172_B009958_S195	29.0	7.0	18	I3_B000172_B009958_S195	18_53_M	Heart	True	7	True		unmatched																
I3_B000236_B009007_S195			18	I3_B000236_B009007_S195	18_53_M	Thymus	False	1	False		unmatched																
I3_B001247_B009941_S195	79.0	2.0	18	I3_B001247_B009941_S195	18_46_F	Liver	True	1	False		unmatched																
I3_B001369_B009009_S195			18	I3_B001369_B009009_S195	18_47_F	Thymus	False	1	False		unmatched																
I3_B003007_B009008_S195			18	I3_B003007_B009008_S195	18_46_F	Thymus	False	1	False		unmatched																
I3_D045342_B009019_S195			18	I3_D045342_B009019_S195	18_45_M	Spleen	False	1	False		unmatched																
I4_B000172_B009958_S196	29.0	7.0	18	I4_B000172_B009958_S196	18_53_M	Heart	True	7	True		unmatched																
I4_B000236_B009007_S196			18	I4_B000236_B009007_S196	18_53_M	Thymus	False	1	False		unmatched																
I4_B001369_B009009_S196			18	I4_B001369_B009009_S196	18_47_F	Thymus	False	1	False		unmatched																
I4_B002452_B009020_S196	25.0	4.0	18	I4_B002452_B009020_S196	18_47_F	Spleen	True	2	True		unmatched																
I4_B002828_B007462_S196	112.0	2.0	18	I4_B002828_B007462_S196	18_47_F	Marrow	True	2	True		unmatched																
I4_B003007_B009008_S196			18	I4_B003007_B009008_S196	18_46_F	Thymus	False	1	False		unmatched																
I4_D045405_B009854_S196	31.0	2.0	18	I4_D045405_B009854_S196	18_45_M	Marrow	True	1	False		unmatched																
I5_B000236_B009007_S197			18	I5_B000236_B009007_S197	18_53_M	Thymus	False	1	False		unmatched																
I5_B000767_B009945_S197			18	I5_B000767_B009945_S197	18_46_F	Liver	False	1	False		unmatched																
I5_B001369_B009009_S197			18	I5_B001369_B009009_S197	18_47_F	Thymus	False	1	False		unmatched																
I5_B002459_B007461_S197			18	I5_B002459_B007461_S197	18_46_F	Marrow	False	1	False		unmatched																
I6_B000236_B009007_S198			18	I6_B000236_B009007_S198	18_53_M	Thymus	False	1	False		unmatched																
I6_B001369_B009009_S198			18	I6_B001369_B009009_S198	18_47_F	Thymus	False	1	False		unmatched																
I6_B002828_B007462_S198	9.0	9.0	18	I6_B002828_B007462_S198	18_47_F	Marrow	True	8	True		unmatched																
I6_B003007_B009008_S198			18	I6_B003007_B009008_S198	18_46_F	Thymus	False	1	False		unmatched																
I6_B003017_B009010_S198			18	I6_B003017_B009010_S198	18_45_M	Thymus	False	1	False		unmatched																
I6_D045342_B009019_S198			18	I6_D045342_B009019_S198	18_45_M	Spleen	False	1	False		unmatched																
I7_B000236_B009007_S199			18	I7_B000236_B009007_S199	18_53_M	Thymus	False	1	False		unmatched																
I7_B001369_B009009_S199			18	I7_B001369_B009009_S199	18_47_F	Thymus	False	1	False		unmatched																
I7_B003007_B009008_S199	30.0	2.0	18	I7_B003007_B009008_S199	18_46_F	Thymus	True	1	False		unmatched																
I8_B000236_B009007_S200			18	I8_B000236_B009007_S200	18_53_M	Thymus	False	1	False		unmatched																
I8_B001369_B009009_S200			18	I8_B001369_B009009_S200	18_47_F	Thymus	False	1	False		unmatched																
I8_B002673_B007460_S200			18	I8_B002673_B007460_S200	18_53_M	Marrow	False	1	False		unmatched																
I8_B003017_B009010_S200			18	I8_B003017_B009010_S200	18_45_M	Thymus	False	1	False		unmatched																
I9_B000236_B009007_S201			18	I9_B000236_B009007_S201	18_53_M	Thymus	False	1	False		unmatched																
I9_B000477_B008543_S201			18	I9_B000477_B008543_S201	18_53_M	MAT	False	1	False		unmatched																
I9_B001369_B009009_S201			18	I9_B001369_B009009_S201	18_47_F	Thymus	False	1	False		unmatched																
I9_B002459_B007461_S201			18	I9_B002459_B007461_S201	18_46_F	Marrow	False	1	False		unmatched																
I9_B002828_B007462_S201			18	I9_B002828_B007462_S201	18_47_F	Marrow	False	1	False		unmatched																
I9_B003007_B009008_S201	63.0	3.0	18	I9_B003007_B009008_S201	18_46_F	Thymus	True	1	False		unmatched																
J10_B000236_B009007_S226			18	J10_B000236_B009007_S226	18_53_M	Thymus	False	1	False		unmatched																
J10_B001369_B009009_S226			18	J10_B001369_B009009_S226	18_47_F	Thymus	False	1	False		unmatched																
J10_B003007_B009008_S226	42.0	7.0	18	J10_B003007_B009008_S226	18_46_F	Thymus	True	1	False		unmatched																
J10_B003017_B009010_S226			18	J10_B003017_B009010_S226	18_45_M	Thymus	False	1	False		unmatched																
J11_B000236_B009007_S227			18	J11_B000236_B009007_S227	18_53_M	Thymus	False	1	False		unmatched																
J11_B000263_B007344_S227	91.0	2.0	18	J11_B000263_B007344_S227	18_46_F	Trachea	True	2	True		unmatched																
J11_B000788_B008433_S227			18	J11_B000788_B008433_S227	18_46_F	BAT	False	1	False		unmatched																
J11_B002709_B009018_S227			18	J11_B002709_B009018_S227	18_53_M	Spleen	False	1	False		unmatched																
J11_B003007_B009008_S227			18	J11_B003007_B009008_S227	18_46_F	Thymus	False	1	False		unmatched																
J11_B003017_B009010_S227			18	J11_B003017_B009010_S227	18_45_M	Thymus	False	1	False		unmatched																
J12_B000120_B007345_S228			18	J12_B000120_B007345_S228	18_47_F	Trachea	False	1	False		unmatched																
J12_B000236_B009007_S228			18	J12_B000236_B009007_S228	18_53_M	Thymus	False	1	False		unmatched																
J12_B001369_B009009_S228			18	J12_B001369_B009009_S228	18_47_F	Thymus	False	1	False		unmatched																
J12_B003007_B009008_S228	27.0	3.0	18	J12_B003007_B009008_S228	18_46_F	Thymus	True	1	False		unmatched																
J12_B003017_B009010_S228			18	J12_B003017_B009010_S228	18_45_M	Thymus	False	1	False		unmatched																
J12_B003022_B008546_S228			18	J12_B003022_B008546_S228	18_45_M	MAT	False	1	False		unmatched																
J13_B000236_B009007_S229			18	J13_B000236_B009007_S229	18_53_M	Thymus	False	1	False		unmatched																
J13_B000487_B008360_S229			18	J13_B000487_B008360_S229	18_45_M	BAT	False	1	False		unmatched																
J13_B000806_B008540_S229			18	J13_B000806_B008540_S229	18_46_F	MAT	False	1	False		unmatched																
J13_B001369_B009009_S229			18	J13_B001369_B009009_S229	18_47_F	Thymus	False	1	False		unmatched																
J13_B002459_B007461_S229			18	J13_B002459_B007461_S229	18_46_F	Marrow	False	1	False		unmatched																
J13_B002709_B009018_S229			18	J13_B002709_B009018_S229	18_53_M	Spleen	False	1	False		unmatched																
J13_B003007_B009008_S229			18	J13_B003007_B009008_S229	18_46_F	Thymus	False	1	False		unmatched																
J13_B003017_B009010_S229			18	J13_B003017_B009010_S229	18_45_M	Thymus	False	1	False		unmatched																
J14_B000236_B009007_S230			18	J14_B000236_B009007_S230	18_53_M	Thymus	False	1	False		unmatched																
J14_B001369_B009009_S230			18	J14_B001369_B009009_S230	18_47_F	Thymus	False	1	False		unmatched																
J15_B000236_B009007_S231			18	J15_B000236_B009007_S231	18_53_M	Thymus	False	1	False		unmatched																
J15_B000808_B008541_S231	7.0	3.0	18	J15_B000808_B008541_S231	18_47_F	SCAT	True	3	True		unmatched																
J15_B001369_B009009_S231			18	J15_B001369_B009009_S231	18_47_F	Thymus	False	1	False		unmatched																
J15_B002452_B009020_S231			18	J15_B002452_B009020_S231	18_47_F	Spleen	False	1	False		unmatched																
J15_B002459_B007461_S231	19.0	10.0	18	J15_B002459_B007461_S231	18_46_F	Marrow	True	9	True		unmatched																
J15_B003007_B009008_S231			18	J15_B003007_B009008_S231	18_46_F	Thymus	False	1	False		unmatched																
J15_B003017_B009010_S231			18	J15_B003017_B009010_S231	18_45_M	Thymus	False	1	False		unmatched																
J15_B003022_B008546_S231	126.0	2.0	18	J15_B003022_B008546_S231	18_45_M	MAT	True	1	False		unmatched																
J16_B000171_B009952_S232			18	J16_B000171_B009952_S232	18_53_M	Heart	False	1	False		unmatched																
J16_B000236_B009007_S232	62.0	2.0	18	J16_B000236_B009007_S232	18_53_M	Thymus	True	2	True		unmatched																
J16_B001369_B009009_S232			18	J16_B001369_B009009_S232	18_47_F	Thymus	False	1	False		unmatched																
J16_B002452_B009020_S232			18	J16_B002452_B009020_S232	18_47_F	Spleen	False	1	False		unmatched																
J16_B003017_B009010_S232			18	J16_B003017_B009010_S232	18_45_M	Thymus	False	1	False		unmatched																
J17_B000236_B009007_S233			18	J17_B000236_B009007_S233	18_53_M	Thymus	False	1	False		unmatched																
J17_B001369_B009009_S233			18	J17_B001369_B009009_S233	18_47_F	Thymus	False	1	False		unmatched																
J17_B002828_B007462_S233	9.0	9.0	18	J17_B002828_B007462_S233	18_47_F	Marrow	True	8	True		unmatched																
J17_B003017_B009010_S233			18	J17_B003017_B009010_S233	18_45_M	Thymus	False	1	False		unmatched																
J18_B000236_B009007_S234			18	J18_B000236_B009007_S234	18_53_M	Thymus	False	1	False		unmatched																
J18_B001369_B009009_S234			18	J18_B001369_B009009_S234	18_47_F	Thymus	False	1	False		unmatched																
J18_B002709_B009018_S234			18	J18_B002709_B009018_S234	18_53_M	Spleen	False	1	False		unmatched																
J18_B002828_B007462_S234	93.0	7.0	18	J18_B002828_B007462_S234	18_47_F	Marrow	True	2	True		unmatched																
J18_B003007_B009008_S234			18	J18_B003007_B009008_S234	18_46_F	Thymus	False	1	False		unmatched																
J18_B003017_B009010_S234			18	J18_B003017_B009010_S234	18_45_M	Thymus	False	1	False		unmatched																
J19_B000120_B007345_S235	116.0	2.0	18	J19_B000120_B007345_S235	18_47_F	Trachea	True	2	True		unmatched																
J19_B000236_B009007_S235			18	J19_B000236_B009007_S235	18_53_M	Thymus	False	1	False		unmatched																
J19_B001369_B009009_S235			18	J19_B001369_B009009_S235	18_47_F	Thymus	False	1	False		unmatched																
J19_B002452_B009020_S235			18	J19_B002452_B009020_S235	18_47_F	Spleen	False	1	False		unmatched																
J19_B002459_B007461_S235			18	J19_B002459_B007461_S235	18_46_F	Marrow	False	1	False		unmatched																
J19_B002828_B007462_S235			18	J19_B002828_B007462_S235	18_47_F	Marrow	False	1	False		unmatched																
J1_B000236_B009007_S217			18	J1_B000236_B009007_S217	18_53_M	Thymus	False	1	False		unmatched																
J1_B001247_B009941_S217	17.0	7.0	18	J1_B001247_B009941_S217	18_46_F	Liver	True	7	True		unmatched																
J1_B001369_B009009_S217			18	J1_B001369_B009009_S217	18_47_F	Thymus	False	1	False		unmatched																
J1_B003007_B009008_S217			18	J1_B003007_B009008_S217	18_46_F	Thymus	False	1	False		unmatched																
J1_B003017_B009010_S217			18	J1_B003017_B009010_S217	18_45_M	Thymus	False	1	False		unmatched																
J20_B000172_B009958_S236			18	J20_B000172_B009958_S236	18_53_M	Heart	False	1	False		unmatched																
J20_B003017_B009010_S236			18	J20_B003017_B009010_S236	18_45_M	Thymus	False	1	False		unmatched																
J20_D045372_B009292_S44			18	J20_D045372_B009292_S44	18_45_M	Brain_Non-Myeloid	False	1	False		unmatched																
J21_B000120_B007345_S237	94.0	9.0	18	J21_B000120_B007345_S237	18_47_F	Trachea	True	1	False		unmatched																
J21_B000236_B009007_S237			18	J21_B000236_B009007_S237	18_53_M	Thymus	False	1	False		unmatched																
J21_B001369_B009009_S237			18	J21_B001369_B009009_S237	18_47_F	Thymus	False	1	False		unmatched																
J21_B003017_B009010_S237			18	J21_B003017_B009010_S237	18_45_M	Thymus	False	1	False		unmatched																
J22_B000236_B009007_S238			18	J22_B000236_B009007_S238	18_53_M	Thymus	False	1	False		unmatched																
J22_B000248_B009895_S238	72.0	7.0	18	J22_B000248_B009895_S238	18_53_M	Lung	True	6	True		unmatched																
J22_B001360_B009953_S238	19.0	10.0	18	J22_B001360_B009953_S238	18_46_F	Heart	True	9	True		unmatched																
J22_D045405_B009854_S238			18	J22_D045405_B009854_S238	18_45_M	Marrow	False	1	False		unmatched																
J2_B001369_B009009_S218			18	J2_B001369_B009009_S218	18_47_F	Thymus	False	1	False		unmatched																
J2_B002459_B007461_S218			18	J2_B002459_B007461_S218	18_46_F	Marrow	False	1	False		unmatched																
J2_B002828_B007462_S218	9.0	9.0	18	J2_B002828_B007462_S218	18_47_F	Marrow	True	8	True		unmatched																
J2_B003017_B009010_S218			18	J2_B003017_B009010_S218	18_45_M	Thymus	False	1	False		unmatched																
J3_B000171_B009952_S219	84.0	6.0	18	J3_B000171_B009952_S219	18_53_M	Heart	True	6	True		unmatched																
J3_B000236_B009007_S219			18	J3_B000236_B009007_S219	18_53_M	Thymus	False	1	False		unmatched																
J3_B000809_B009956_S219			18	J3_B000809_B009956_S219	18_46_F	Heart	False	1	False		unmatched																
J3_B002459_B007461_S219			18	J3_B002459_B007461_S219	18_46_F	Marrow	False	1	False		unmatched																
J4_B001369_B009009_S220			18	J4_B001369_B009009_S220	18_47_F	Thymus	False	1	False		unmatched																
J4_B002459_B007461_S220			18	J4_B002459_B007461_S220	18_46_F	Marrow	False	1	False		unmatched																
J4_B003017_B009010_S220			18	J4_B003017_B009010_S220	18_45_M	Thymus	False	1	False		unmatched																
J5_B000236_B009007_S221			18	J5_B000236_B009007_S221	18_53_M	Thymus	False	1	False		unmatched																
J5_B002341_B009297_S149			18	J5_B002341_B009297_S149	18_46_F	Brain_Non-Myeloid	False	1	False		unmatched																
J5_B002673_B007460_S221			18	J5_B002673_B007460_S221	18_53_M	Marrow	False	1	False		unmatched																
J5_B002709_B009018_S221			18	J5_B002709_B009018_S221	18_53_M	Spleen	False	1	False		unmatched																
J5_B002828_B007462_S221			18	J5_B002828_B007462_S221	18_47_F	Marrow	False	1	False		unmatched																
J5_B003007_B009008_S221			18	J5_B003007_B009008_S221	18_46_F	Thymus	False	1	False		unmatched																
J5_B003017_B009010_S221			18	J5_B003017_B009010_S221	18_45_M	Thymus	False	1	False		unmatched																
J6_B000236_B009007_S222			18	J6_B000236_B009007_S222	18_53_M	Thymus	False	1	False		unmatched																
J6_B003017_B009010_S222			18	J6_B003017_B009010_S222	18_45_M	Thymus	False	1	False		unmatched																
J6_D045342_B009019_S222			18	J6_D045342_B009019_S222	18_45_M	Spleen	False	1	False		unmatched																
J6_D045405_B009854_S222			18	J6_D045405_B009854_S222	18_45_M	Marrow	False	1	False		unmatched																
J7_B000236_B009007_S223			18	J7_B000236_B009007_S223	18_53_M	Thymus	False	1	False		unmatched																
J7_B001369_B009009_S223			18	J7_B001369_B009009_S223	18_47_F	Thymus	False	1	False		unmatched																
J7_B002341_B009297_S151	10.0	18.0	18	J7_B002341_B009297_S151	18_46_F	Brain_Non-Myeloid	True	18	True		unmatched																
J7_B002828_B007462_S223			18	J7_B002828_B007462_S223	18_47_F	Marrow	False	1	False		unmatched																
J7_B003007_B009008_S223			18	J7_B003007_B009008_S223	18_46_F	Thymus	False	1	False		unmatched																
J7_D045405_B009854_S223			18	J7_D045405_B009854_S223	18_45_M	Marrow	False	1	False		unmatched																
J8_B001369_B009009_S224			18	J8_B001369_B009009_S224	18_47_F	Thymus	False	1	False		unmatched																
J8_B003007_B009008_S224			18	J8_B003007_B009008_S224	18_46_F	Thymus	False	1	False		unmatched																
J8_B003017_B009010_S224			18	J8_B003017_B009010_S224	18_45_M	Thymus	False	1	False		unmatched																
J8_D045342_B009019_S224			18	J8_D045342_B009019_S224	18_45_M	Spleen	False	1	False		unmatched																
J9_B001369_B009009_S225			18	J9_B001369_B009009_S225	18_47_F	Thymus	False	1	False		unmatched																
J9_B002828_B007462_S225			18	J9_B002828_B007462_S225	18_47_F	Marrow	False	1	False		unmatched																
K10_B000236_B009007_S250			18	K10_B000236_B009007_S250	18_53_M	Thymus	False	1	False		unmatched																
K10_B000477_B008543_S250			18	K10_B000477_B008543_S250	18_53_M	MAT	False	1	False		unmatched																
K10_B000814_B008548_S250			18	K10_B000814_B008548_S250	18_46_F	GAT	False	1	False		unmatched																
K10_B001369_B009009_S250			18	K10_B001369_B009009_S250	18_47_F	Thymus	False	1	False		unmatched																
K10_B002828_B007462_S250	2.0	11.0	18	K10_B002828_B007462_S250	18_47_F	Marrow	True	11	True		unmatched																
K11_B000795_B008545_S251			18	K11_B000795_B008545_S251	18_47_F	MAT	False	1	False		unmatched																
K11_B001369_B009009_S251			18	K11_B001369_B009009_S251	18_47_F	Thymus	False	1	False		unmatched																
K11_B003017_B009010_S251			18	K11_B003017_B009010_S251	18_45_M	Thymus	False	1	False		unmatched																
K12_B000236_B009007_S252			18	K12_B000236_B009007_S252	18_53_M	Thymus	False	1	False		unmatched																
K12_B000505_B008435_S252	65.0	7.0	18	K12_B000505_B008435_S252	18_45_M	GAT	True	7	True		unmatched																
K12_B000795_B008545_S252			18	K12_B000795_B008545_S252	18_47_F	MAT	False	1	False		unmatched																
K12_B000930_B007449_S252	26.0	5.0	18	K12_B000930_B007449_S252	18_46_F	Limb_Muscle	True	2	True		unmatched																
K12_B002459_B007461_S252			18	K12_B002459_B007461_S252	18_46_F	Marrow	False	1	False		unmatched																
K12_B002828_B007462_S252			18	K12_B002828_B007462_S252	18_47_F	Marrow	False	1	False		unmatched																
K12_B003007_B009008_S252			18	K12_B003007_B009008_S252	18_46_F	Thymus	False	1	False		unmatched																
K12_B003022_B008546_S252			18	K12_B003022_B008546_S252	18_45_M	MAT	False	1	False		unmatched																
K13_B000236_B009007_S253			18	K13_B000236_B009007_S253	18_53_M	Thymus	False	1	False		unmatched																
K13_B000788_B008433_S253			18	K13_B000788_B008433_S253	18_46_F	BAT	False	1	False		unmatched																
K13_B002828_B007462_S253	20.0	3.0	18	K13_B002828_B007462_S253	18_47_F	Marrow	True	3	True		unmatched																
K13_B003017_B009010_S253			18	K13_B003017_B009010_S253	18_45_M	Thymus	False	1	False		unmatched																
K14_B000236_B009007_S254			18	K14_B000236_B009007_S254	18_53_M	Thymus	False	1	False		unmatched																
K14_B000472_B009891_S254	16.0	6.0	18	K14_B000472_B009891_S254	18_53_M	Marrow	True	6	True		unmatched																
K14_B000487_B008360_S254			18	K14_B000487_B008360_S254	18_45_M	BAT	False	1	False		unmatched																
K14_B001369_B009009_S254			18	K14_B001369_B009009_S254	18_47_F	Thymus	False	1	False		unmatched																
K14_B002459_B007461_S254			18	K14_B002459_B007461_S254	18_46_F	Marrow	False	1	False		unmatched																
K14_B002819_B009892_S254			18	K14_B002819_B009892_S254	18_46_F	Marrow	False	1	False		unmatched																
K14_B002828_B007462_S254	125.0	2.0	18	K14_B002828_B007462_S254	18_47_F	Marrow	True	2	True		unmatched																
K14_B003007_B009008_S254			18	K14_B003007_B009008_S254	18_46_F	Thymus	False	1	False		unmatched																
K15_B000236_B009007_S255			18	K15_B000236_B009007_S255	18_53_M	Thymus	False	1	False		unmatched																
K15_B000472_B009891_S255	16.0	6.0	18	K15_B000472_B009891_S255	18_53_M	Marrow	True	6	True		unmatched																
K15_B000477_B008543_S255			18	K15_B000477_B008543_S255	18_53_M	MAT	False	1	False		unmatched																
K15_B000795_B008545_S255	30.0	2.0	18	K15_B000795_B008545_S255	18_47_F	MAT	True	1	False		unmatched																
K15_B002828_B007462_S255			18	K15_B002828_B007462_S255	18_47_F	Marrow	False	1	False		unmatched																
K15_B003007_B009008_S255	18.0	8.0	18	K15_B003007_B009008_S255	18_46_F	Thymus	True	5	True		unmatched																
K15_B003017_B009010_S255			18	K15_B003017_B009010_S255	18_45_M	Thymus	False	1	False		unmatched																
K16_B000236_B009007_S256			18	K16_B000236_B009007_S256	18_53_M	Thymus	False	1	False		unmatched																
K16_B000806_B008540_S256			18	K16_B000806_B008540_S256	18_46_F	MAT	False	1	False		unmatched																
K16_B001357_B009344_S256_L004			18	K16_B001357_B009344_S256_L004	18_46_F	Brain_Non-Myeloid	False	1	False		unmatched																
K16_B002452_B009020_S256			18	K16_B002452_B009020_S256	18_47_F	Spleen	False	1	False		unmatched																
K16_B002549_S256	26.0	5.0	18	K16_B002549_S256			True	1	False		unmatched																
K16_B003007_B009008_S256			18	K16_B003007_B009008_S256	18_46_F	Thymus	False	1	False		unmatched																
K16_B003017_B009010_S256			18	K16_B003017_B009010_S256	18_45_M	Thymus	False	1	False		unmatched																
K17_B000236_B009007_S257			18	K17_B000236_B009007_S257	18_53_M	Thymus	False	1	False		unmatched																
K17_B000263_B007344_S257			18	K17_B000263_B007344_S257	18_46_F	Trachea	False	1	False		unmatched																
K17_B003007_B009008_S257	53.0	3.0	18	K17_B003007_B009008_S257	18_46_F	Thymus	True	3	True		unmatched																
K17_D045326_B009461_S77			18	K17_D045326_B009461_S77	18_45_M	Brain_Non-Myeloid	False	1	False		unmatched																
K18_B000236_B009007_S258			18	K18_B000236_B009007_S258	18_53_M	Thymus	False	1	False		unmatched																
K18_B000815_B009021_S258			18	K18_B000815_B009021_S258	18_46_F	Skin	False	1	False		unmatched																
K18_B002843_B009897_S258	26.0	5.0	18	K18_B002843_B009897_S258	18_47_F	Lung	True	1	False		unmatched																
K18_B003007_B009008_S258			18	K18_B003007_B009008_S258	18_46_F	Thymus	False	1	False		unmatched																
K18_B003017_B009010_S258			18	K18_B003017_B009010_S258	18_45_M	Thymus	False	1	False		unmatched																
K19_B000236_B009007_S259			18	K19_B000236_B009007_S259	18_53_M	Thymus	False	1	False		unmatched																
K19_B001363_B009260_S199	0.0	2.0	18	K19_B001363_B009260_S199	18_46_F	Brain_Non-Myeloid	True	2	True		unmatched																
K19_B001369_B009009_S259			18	K19_B001369_B009009_S259	18_47_F	Thymus	False	1	False		unmatched																
K19_B002452_B009020_S259			18	K19_B002452_B009020_S259	18_47_F	Spleen	False	1	False		unmatched																
K19_B002709_B009018_S259			18	K19_B002709_B009018_S259	18_53_M	Spleen	False	1	False		unmatched																
K19_B002828_B007462_S259	2.0	11.0	18	K19_B002828_B007462_S259	18_47_F	Marrow	True	11	True		unmatched																
K19_B003007_B009008_S259			18	K19_B003007_B009008_S259	18_46_F	Thymus	False	1	False		unmatched																
K19_B003017_B009010_S259			18	K19_B003017_B009010_S259	18_45_M	Thymus	False	1	False		unmatched																
K1_B000795_B008545_S241			18	K1_B000795_B008545_S241	18_47_F	MAT	False	1	False		unmatched																
K1_B001366_B009293_S133	34.0	10.0	18	K1_B001366_B009293_S133	18_46_F	Brain_Non-Myeloid	True	10	True		unmatched																
K1_B001369_B009009_S241			18	K1_B001369_B009009_S241	18_47_F	Thymus	False	1	False		unmatched																
K1_B002452_B009020_S241			18	K1_B002452_B009020_S241	18_47_F	Spleen	False	1	False		unmatched																
K1_B002828_B007462_S241	2.0	11.0	18	K1_B002828_B007462_S241	18_47_F	Marrow	True	11	True		unmatched																
K1_B003007_B009008_S241			18	K1_B003007_B009008_S241	18_46_F	Thymus	False	1	False		unmatched																
K1_B003017_B009010_S241			18	K1_B003017_B009010_S241	18_45_M	Thymus	False	1	False		unmatched																
K1_D045405_B009854_S241			18	K1_D045405_B009854_S241	18_45_M	Marrow	False	1	False		unmatched																
K20_B000236_B009007_S260			18	K20_B000236_B009007_S260	18_53_M	Thymus	False	1	False		unmatched																
K20_B000524_B009242_S260	62.0	2.0	18	K20_B000524_B009242_S260	18_53_M	Trachea	True	2	True		unmatched																
K20_B002843_B009897_S260	133.0	2.0	18	K20_B002843_B009897_S260	18_47_F	Lung	True	2	True		unmatched																
K20_B003007_B009008_S260			18	K20_B003007_B009008_S260	18_46_F	Thymus	False	1	False		unmatched																
K20_D045405_B009854_S260			18	K20_D045405_B009854_S260	18_45_M	Marrow	False	1	False		unmatched																
K21_B000236_B009007_S261			18	K21_B000236_B009007_S261	18_53_M	Thymus	False	1	False		unmatched																
K21_B002459_B007461_S261	110.0	9.0	18	K21_B002459_B007461_S261	18_46_F	Marrow	True	6	True		unmatched																
K21_B003017_B009010_S261			18	K21_B003017_B009010_S261	18_45_M	Thymus	False	1	False		unmatched																
K22_B000171_B009952_S262	121.0	2.0	18	K22_B000171_B009952_S262	18_53_M	Heart	True	2	True		unmatched																
K22_B000236_B009007_S262			18	K22_B000236_B009007_S262	18_53_M	Thymus	False	1	False		unmatched																
K22_B000930_B007449_S262	26.0	5.0	18	K22_B000930_B007449_S262	18_46_F	Limb_Muscle	True	2	True		unmatched																
K22_B001365_B009253_S118	4.0	4.0	18	K22_B001365_B009253_S118	18_47_F	Brain_Non-Myeloid	True	2	True		unmatched																
K22_B001369_B009009_S262			18	K22_B001369_B009009_S262	18_47_F	Thymus	False	1	False		unmatched																
K22_B002459_B007461_S262			18	K22_B002459_B007461_S262	18_46_F	Marrow	False	1	False		unmatched																
K2_B001369_B009009_S242			18	K2_B001369_B009009_S242	18_47_F	Thymus	False	1	False		unmatched																
K2_B002709_B009018_S242	24.0	11.0	18	K2_B002709_B009018_S242	18_53_M	Spleen	True	11	True		unmatched																
K2_B003007_B009008_S242			18	K2_B003007_B009008_S242	18_46_F	Thymus	False	1	False		unmatched																
K2_B003017_B009010_S242			18	K2_B003017_B009010_S242	18_45_M	Thymus	False	1	False		unmatched																
K3_B000236_B009007_S243			18	K3_B000236_B009007_S243	18_53_M	Thymus	False	1	False		unmatched																
K3_B001369_B009009_S243			18	K3_B001369_B009009_S243	18_47_F	Thymus	False	1	False		unmatched																
K3_B002459_B007461_S243	10.0	18.0	18	K3_B002459_B007461_S243	18_46_F	Marrow	True	18	True		unmatched																
K3_B003007_B009008_S243			18	K3_B003007_B009008_S243	18_46_F	Thymus	False	1	False		unmatched																
K4_B000236_B009007_S244			18	K4_B000236_B009007_S244	18_53_M	Thymus	False	1	False		unmatched																
K4_B000482_B009012_S244			18	K4_B000482_B009012_S244	18_46_F	Thymus	False	1	False		unmatched																
K4_B001369_B009009_S244			18	K4_B001369_B009009_S244	18_47_F	Thymus	False	1	False		unmatched																
K4_B002459_B007461_S244	8.0	3.0	18	K4_B002459_B007461_S244	18_46_F	Marrow	True	3	True		unmatched																
K4_B002466_B009898_S244			18	K4_B002466_B009898_S244	18_45_M	Lung	False	1	False		unmatched																
K4_B002828_B007462_S244			18	K4_B002828_B007462_S244	18_47_F	Marrow	False	1	False		unmatched																
K4_B003017_B009010_S244			18	K4_B003017_B009010_S244	18_45_M	Thymus	False	1	False		unmatched																
K5_B000236_B009007_S245			18	K5_B000236_B009007_S245	18_53_M	Thymus	False	1	False		unmatched																
K5_B000767_B009945_S245	110.0	9.0	18	K5_B000767_B009945_S245	18_46_F	Liver	True	6	True		unmatched																
K5_B001369_B009009_S245			18	K5_B001369_B009009_S245	18_47_F	Thymus	False	1	False		unmatched																
K5_B002452_B009020_S245			18	K5_B002452_B009020_S245	18_47_F	Spleen	False	1	False		unmatched																
K5_B002459_B007461_S245			18	K5_B002459_B007461_S245	18_46_F	Marrow	False	1	False		unmatched																
K5_B002828_B007462_S245			18	K5_B002828_B007462_S245	18_47_F	Marrow	False	1	False		unmatched																
K5_B003007_B009008_S245			18	K5_B003007_B009008_S245	18_46_F	Thymus	False	1	False		unmatched																
K5_B003017_B009010_S245			18	K5_B003017_B009010_S245	18_45_M	Thymus	False	1	False		unmatched																
K5_D045342_B009019_S245			18	K5_D045342_B009019_S245	18_45_M	Spleen	False	1	False		unmatched																
K6_B000236_B009007_S246			18	K6_B000236_B009007_S246	18_53_M	Thymus	False	1	False		unmatched																
K6_B002459_B007461_S246			18	K6_B002459_B007461_S246	18_46_F	Marrow	False	1	False		unmatched																
K6_B002466_B009898_S246			18	K6_B002466_B009898_S246	18_45_M	Lung	False	1	False		unmatched																
K6_B002843_B009897_S246	97.0	6.0	18	K6_B002843_B009897_S246	18_47_F	Lung	True	6	True		unmatched																
K6_B003017_B009010_S246			18	K6_B003017_B009010_S246	18_45_M	Thymus	False	1	False		unmatched																
K7_B000236_B009007_S247			18	K7_B000236_B009007_S247	18_53_M	Thymus	False	1	False		unmatched																
K7_B001369_B009009_S247			18	K7_B001369_B009009_S247	18_47_F	Thymus	False	1	False		unmatched																
K7_B002350_B009947_S247	19.0	10.0	18	K7_B002350_B009947_S247	18_46_F	Kidney	True	9	True		unmatched																
K7_B002459_B007461_S247	136.0	2.0	18	K7_B002459_B007461_S247	18_46_F	Marrow	True	2	True		unmatched																
K7_B003007_B009008_S247			18	K7_B003007_B009008_S247	18_46_F	Thymus	False	1	False		unmatched																
K7_B003017_B009010_S247			18	K7_B003017_B009010_S247	18_45_M	Thymus	False	1	False		unmatched																
K8_B000236_B009007_S248			18	K8_B000236_B009007_S248	18_53_M	Thymus	False	1	False		unmatched																
K8_B000501_B008542_S248	94.0	9.0	18	K8_B000501_B008542_S248	18_45_M	SCAT	True	2	True		unmatched																
K8_B002459_B007461_S248	82.0	2.0	18	K8_B002459_B007461_S248	18_46_F	Marrow	True	2	True		unmatched																
K8_B003007_B009008_S248			18	K8_B003007_B009008_S248	18_46_F	Thymus	False	1	False		unmatched																
K8_B003017_B009010_S248			18	K8_B003017_B009010_S248	18_45_M	Thymus	False	1	False		unmatched																
K9_B000236_B009007_S249			18	K9_B000236_B009007_S249	18_53_M	Thymus	False	1	False		unmatched																
K9_B000806_B008540_S249			18	K9_B000806_B008540_S249	18_46_F	MAT	False	1	False		unmatched																
K9_B001369_B009009_S249			18	K9_B001369_B009009_S249	18_47_F	Thymus	False	1	False		unmatched																
K9_B002549_S249	26.0	5.0	18	K9_B002549_S249			True	1	False		unmatched																
K9_B003017_B009010_S249			18	K9_B003017_B009010_S249	18_45_M	Thymus	False	1	False		unmatched																
L10_B000171_B009952_S274			18	L10_B000171_B009952_S274	18_53_M	Heart	False	1	False		unmatched																
L10_B000236_B009007_S274			18	L10_B000236_B009007_S274	18_53_M	Thymus	False	1	False		unmatched																
L10_B001369_B009009_S274			18	L10_B001369_B009009_S274	18_47_F	Thymus	False	1	False		unmatched																
L10_B002452_B009020_S274	81.0	2.0	18	L10_B002452_B009020_S274	18_47_F	Spleen	True	1	False		unmatched																
L10_B002828_B007462_S274			18	L10_B002828_B007462_S274	18_47_F	Marrow	False	1	False		unmatched																
L10_B003017_B009010_S274			18	L10_B003017_B009010_S274	18_45_M	Thymus	False	1	False		unmatched																
L11_B000236_B009007_S275			18	L11_B000236_B009007_S275	18_53_M	Thymus	False	1	False		unmatched																
L11_B000767_B009945_S275			18	L11_B000767_B009945_S275	18_46_F	Liver	False	1	False		unmatched																
L11_B002459_B007461_S275	89.0	3.0	18	L11_B002459_B007461_S275	18_46_F	Marrow	True	2	True		unmatched																
L11_B002828_B007462_S275	2.0	11.0	18	L11_B002828_B007462_S275	18_47_F	Marrow	True	11	True		unmatched																
L11_B003007_B009008_S275			18	L11_B003007_B009008_S275	18_46_F	Thymus	False	1	False		unmatched																
L11_B003017_B009010_S275			18	L11_B003017_B009010_S275	18_45_M	Thymus	False	1	False		unmatched																
L11_B003022_B008546_S275			18	L11_B003022_B008546_S275	18_45_M	MAT	False	1	False		unmatched																
L11_D045344_B009254_S299			18	L11_D045344_B009254_S299	18_45_M	Brain_Non-Myeloid	False	1	False		unmatched																
L12_B000236_B009007_S276			18	L12_B000236_B009007_S276	18_53_M	Thymus	False	1	False		unmatched																
L12_B001369_B009009_S276			18	L12_B001369_B009009_S276	18_47_F	Thymus	False	1	False		unmatched																
L12_B002459_B007461_S276	103.0	3.0	18	L12_B002459_B007461_S276	18_46_F	Marrow	True	3	True		unmatched																
L12_B002828_B007462_S276	9.0	9.0	18	L12_B002828_B007462_S276	18_47_F	Marrow	True	8	True		unmatched																
L12_B003007_B009008_S276			18	L12_B003007_B009008_S276	18_46_F	Thymus	False	1	False		unmatched																
L12_D045405_B009854_S276			18	L12_D045405_B009854_S276	18_45_M	Marrow	False	1	False		unmatched																
L13_B000236_B009007_S277			18	L13_B000236_B009007_S277	18_53_M	Thymus	False	1	False		unmatched																
L13_B000490_B009961_S277			18	L13_B000490_B009961_S277	18_47_F	Heart	False	1	False		unmatched																
L13_B000794_B008549_S277	97.0	6.0	18	L13_B000794_B008549_S277	18_47_F	GAT	True	6	True		unmatched																
L13_B000795_B008545_S277			18	L13_B000795_B008545_S277	18_47_F	MAT	False	1	False		unmatched																
L13_B000814_B008548_S277			18	L13_B000814_B008548_S277	18_46_F	GAT	False	1	False		unmatched																
L13_B001360_B009953_S277	132.0	2.0	18	L13_B001360_B009953_S277	18_46_F	Heart	True	2	True		unmatched																
L13_B001369_B009009_S277			18	L13_B001369_B009009_S277	18_47_F	Thymus	False	1	False		unmatched																
L13_B002452_B009020_S277			18	L13_B002452_B009020_S277	18_47_F	Spleen	False	1	False		unmatched																
L13_B002828_B007462_S277	5.0	23.0	18	L13_B002828_B007462_S277	18_47_F	Marrow	True	1	False		unmatched																
L14_B000236_B009007_S278			18	L14_B000236_B009007_S278	18_53_M	Thymus	False	1	False		unmatched																
L14_B000487_B008360_S278			18	L14_B000487_B008360_S278	18_45_M	BAT	False	1	False		unmatched																
L14_B000805_B008544_S278	102.0	2.0	18	L14_B000805_B008544_S278	18_46_F	SCAT	True	2	True		unmatched																
L14_B000806_B008540_S278			18	L14_B000806_B008540_S278	18_46_F	MAT	False	1	False		unmatched																
L14_B000814_B008548_S278			18	L14_B000814_B008548_S278	18_46_F	GAT	False	1	False		unmatched																
L14_B001360_B009953_S278	132.0	2.0	18	L14_B001360_B009953_S278	18_46_F	Heart	True	2	True		unmatched																
L14_B002828_B007462_S278	42.0	7.0	18	L14_B002828_B007462_S278	18_47_F	Marrow	True	6	True		unmatched																
L14_B003017_B009010_S278			18	L14_B003017_B009010_S278	18_45_M	Thymus	False	1	False		unmatched																
L14_D045405_B009854_S278			18	L14_D045405_B009854_S278	18_45_M	Marrow	False	1	False		unmatched																
L15_B000120_B007345_S279			18	L15_B000120_B007345_S279	18_47_F	Trachea	False	1	False		unmatched																
L15_B000236_B009007_S279			18	L15_B000236_B009007_S279	18_53_M	Thymus	False	1	False		unmatched																
L15_B000505_B008435_S279			18	L15_B000505_B008435_S279	18_45_M	GAT	False	1	False		unmatched																
L15_B000800_B008432_S279			18	L15_B000800_B008432_S279	18_47_F	BAT	False	1	False		unmatched																
L15_B000814_B008548_S279			18	L15_B000814_B008548_S279	18_46_F	GAT	False	1	False		unmatched																
L15_B001369_B009009_S279			18	L15_B001369_B009009_S279	18_47_F	Thymus	False	1	False		unmatched																
L15_B003007_B009008_S279	100.0	7.0	18	L15_B003007_B009008_S279	18_46_F	Thymus	True	1	False		unmatched																
L15_B003017_B009010_S279			18	L15_B003017_B009010_S279	18_45_M	Thymus	False	1	False		unmatched																
L16_B000171_B009952_S280			18	L16_B000171_B009952_S280	18_53_M	Heart	False	1	False		unmatched																
L16_B000236_B009007_S280			18	L16_B000236_B009007_S280	18_53_M	Thymus	False	1	False		unmatched																
L16_B000477_B008543_S280	40.0	5.0	18	L16_B000477_B008543_S280	18_53_M	MAT	True	2	True		unmatched																
L16_B000505_B008435_S280			18	L16_B000505_B008435_S280	18_45_M	GAT	False	1	False		unmatched																
L16_B000794_B008549_S280			18	L16_B000794_B008549_S280	18_47_F	GAT	False	1	False		unmatched																
L16_B000806_B008540_S280			18	L16_B000806_B008540_S280	18_46_F	MAT	False	1	False		unmatched																
L16_B000808_B008541_S280			18	L16_B000808_B008541_S280	18_47_F	SCAT	False	1	False		unmatched																
L16_B001359_B009951_S280	73.0	4.0	18	L16_B001359_B009951_S280	18_47_F	Heart	True	1	False		unmatched																
L16_B001363_B009260_S220	66.0	3.0	18	L16_B001363_B009260_S220	18_46_F	Brain_Non-Myeloid	True	1	False		unmatched																
L16_B002459_B007461_S280			18	L16_B002459_B007461_S280	18_46_F	Marrow	False	1	False		unmatched																
L16_B002697_B009938_S280			18	L16_B002697_B009938_S280	18_53_M	Kidney	False	1	False		unmatched																
L16_B002828_B007462_S280	101.0	6.0	18	L16_B002828_B007462_S280	18_47_F	Marrow	True	6	True		unmatched																
L16_B003007_B009008_S280			18	L16_B003007_B009008_S280	18_46_F	Thymus	False	1	False		unmatched																
L16_B003017_B009010_S280			18	L16_B003017_B009010_S280	18_45_M	Thymus	False	1	False		unmatched																
L17_B000236_B009007_S281			18	L17_B000236_B009007_S281	18_53_M	Thymus	False	1	False		unmatched																
L17_B000477_B008543_S281	40.0	5.0	18	L17_B000477_B008543_S281	18_53_M	MAT	True	2	True		unmatched																
L17_B001369_B009009_S281			18	L17_B001369_B009009_S281	18_47_F	Thymus	False	1	False		unmatched																
L17_B003007_B009008_S281	53.0	3.0	18	L17_B003007_B009008_S281	18_46_F	Thymus	True	3	True		unmatched																
L18_B000171_B009952_S282			18	L18_B000171_B009952_S282	18_53_M	Heart	False	1	False		unmatched																
L18_B000236_B009007_S282			18	L18_B000236_B009007_S282	18_53_M	Thymus	False	1	False		unmatched																
L18_B000750_B007346_S282			18	L18_B000750_B007346_S282	18_45_M	Trachea	False	1	False		unmatched																
L18_B001369_B009009_S282			18	L18_B001369_B009009_S282	18_47_F	Thymus	False	1	False		unmatched																
L18_D045405_B009854_S282			18	L18_D045405_B009854_S282	18_45_M	Marrow	False	1	False		unmatched																
L19_B000236_B009007_S283			18	L19_B000236_B009007_S283	18_53_M	Thymus	False	1	False		unmatched																
L19_B001369_B009009_S283			18	L19_B001369_B009009_S283	18_47_F	Thymus	False	1	False		unmatched																
L19_B002452_B009020_S283			18	L19_B002452_B009020_S283	18_47_F	Spleen	False	1	False		unmatched																
L19_B002459_B007461_S283			18	L19_B002459_B007461_S283	18_46_F	Marrow	False	1	False		unmatched																
L19_D045342_B009019_S283			18	L19_D045342_B009019_S283	18_45_M	Spleen	False	1	False		unmatched																
L1_B000236_B009007_S265			18	L1_B000236_B009007_S265	18_53_M	Thymus	False	1	False		unmatched																
L1_B001247_B009941_S265	10.0	18.0	18	L1_B001247_B009941_S265	18_46_F	Liver	True	18	True		unmatched																
L1_B001369_B009009_S265			18	L1_B001369_B009009_S265	18_47_F	Thymus	False	1	False		unmatched																
L1_B002459_B007461_S265			18	L1_B002459_B007461_S265	18_46_F	Marrow	False	1	False		unmatched																
L1_B002828_B007462_S265			18	L1_B002828_B007462_S265	18_47_F	Marrow	False	1	False		unmatched																
L1_B003007_B009008_S265			18	L1_B003007_B009008_S265	18_46_F	Thymus	False	1	False		unmatched																
L20_B000236_B009007_S284			18	L20_B000236_B009007_S284	18_53_M	Thymus	False	1	False		unmatched																
L20_B001369_B009009_S284			18	L20_B001369_B009009_S284	18_47_F	Thymus	False	1	False		unmatched																
L20_B002459_B007461_S284			18	L20_B002459_B007461_S284	18_46_F	Marrow	False	1	False		unmatched																
L20_B002510_B007444_S284	48.0	2.0	18	L20_B002510_B007444_S284	18_45_M	Pancreas	True	1	False		unmatched																
L20_B002673_B007460_S284			18	L20_B002673_B007460_S284	18_53_M	Marrow	False	1	False		unmatched																
L20_B002709_B009018_S284			18	L20_B002709_B009018_S284	18_53_M	Spleen	False	1	False		unmatched																
L20_B003007_B009008_S284			18	L20_B003007_B009008_S284	18_46_F	Thymus	False	1	False		unmatched																
L20_B003017_B009010_S284			18	L20_B003017_B009010_S284	18_45_M	Thymus	False	1	False		unmatched																
L20_D045405_B009854_S284			18	L20_D045405_B009854_S284	18_45_M	Marrow	False	1	False		unmatched																
L21_B000236_B009007_S285			18	L21_B000236_B009007_S285	18_53_M	Thymus	False	1	False		unmatched																
L21_B000809_B009956_S285	77.0	2.0	18	L21_B000809_B009956_S285	18_46_F	Heart	True	2	True		unmatched																
L21_B001369_B009009_S285			18	L21_B001369_B009009_S285	18_47_F	Thymus	False	1	False		unmatched																
L21_B002459_B007461_S285			18	L21_B002459_B007461_S285	18_46_F	Marrow	False	1	False		unmatched																
L21_B002828_B007462_S285	46.0	5.0	18	L21_B002828_B007462_S285	18_47_F	Marrow	True	2	True		unmatched																
L21_B002843_B009897_S285	9.0	9.0	18	L21_B002843_B009897_S285	18_47_F	Lung	True	8	True		unmatched																
L21_B003007_B009008_S285			18	L21_B003007_B009008_S285	18_46_F	Thymus	False	1	False		unmatched																
L21_B003017_B009010_S285			18	L21_B003017_B009010_S285	18_45_M	Thymus	False	1	False		unmatched																
L21_D045405_B009854_S285			18	L21_D045405_B009854_S285	18_45_M	Marrow	False	1	False		unmatched																
L22_B000236_B009007_S286			18	L22_B000236_B009007_S286	18_53_M	Thymus	False	1	False		unmatched																
L22_B001369_B009009_S286			18	L22_B001369_B009009_S286	18_47_F	Thymus	False	1	False		unmatched																
L22_B003017_B009010_S286			18	L22_B003017_B009010_S286	18_45_M	Thymus	False	1	False		unmatched																
L2_B000171_B009952_S266	73.0	4.0	18	L2_B000171_B009952_S266	18_53_M	Heart	True	3	True		unmatched																
L2_B000236_B009007_S266			18	L2_B000236_B009007_S266	18_53_M	Thymus	False	1	False		unmatched																
L2_B000489_B009959_S266			18	L2_B000489_B009959_S266	18_46_F	Heart	False	1	False		unmatched																
L2_B003007_B009008_S266			18	L2_B003007_B009008_S266	18_46_F	Thymus	False	1	False		unmatched																
L3_B000794_B008549_S267			18	L3_B000794_B008549_S267	18_47_F	GAT	False	1	False		unmatched																
L3_B001369_B009009_S267			18	L3_B001369_B009009_S267	18_47_F	Thymus	False	1	False		unmatched																
L3_B002341_B009297_S195	110.0	9.0	18	L3_B002341_B009297_S195	18_46_F	Brain_Non-Myeloid	True	6	True		unmatched																
L3_B002466_B009898_S267			18	L3_B002466_B009898_S267	18_45_M	Lung	False	1	False		unmatched																
L3_B002828_B007462_S267	141.0	3.0	18	L3_B002828_B007462_S267	18_47_F	Marrow	True	3	True		unmatched																
L3_B003017_B009010_S267			18	L3_B003017_B009010_S267	18_45_M	Thymus	False	1	False		unmatched																
L3_D045405_B009854_S267			18	L3_D045405_B009854_S267	18_45_M	Marrow	False	1	False		unmatched																
L4_B000171_B009952_S268			18	L4_B000171_B009952_S268	18_53_M	Heart	False	1	False		unmatched																
L4_B000236_B009007_S268			18	L4_B000236_B009007_S268	18_53_M	Thymus	False	1	False		unmatched																
L4_B000767_B009945_S268			18	L4_B000767_B009945_S268	18_46_F	Liver	False	1	False		unmatched																
L4_B001369_B009009_S268			18	L4_B001369_B009009_S268	18_47_F	Thymus	False	1	False		unmatched																
L4_B002459_B007461_S268			18	L4_B002459_B007461_S268	18_46_F	Marrow	False	1	False		unmatched																
L4_B002828_B007462_S268	23.0	2.0	18	L4_B002828_B007462_S268	18_47_F	Marrow	True	2	True		unmatched																
L4_B003007_B009008_S268			18	L4_B003007_B009008_S268	18_46_F	Thymus	False	1	False		unmatched																
L4_B003017_B009010_S268			18	L4_B003017_B009010_S268	18_45_M	Thymus	False	1	False		unmatched																
L4_D045342_B009019_S268			18	L4_D045342_B009019_S268	18_45_M	Spleen	False	1	False		unmatched																
L4_D045405_B009854_S268	130.0	2.0	18	L4_D045405_B009854_S268	18_45_M	Marrow	True	2	True		unmatched																
L5_B001369_B009009_S269			18	L5_B001369_B009009_S269	18_47_F	Thymus	False	1	False		unmatched																
L5_B002459_B007461_S269			18	L5_B002459_B007461_S269	18_46_F	Marrow	False	1	False		unmatched																
L5_B003007_B009008_S269	86.0	3.0	18	L5_B003007_B009008_S269	18_46_F	Thymus	True	3	True		unmatched																
L5_B003017_B009010_S269			18	L5_B003017_B009010_S269	18_45_M	Thymus	False	1	False		unmatched																
L6_B000236_B009007_S270			18	L6_B000236_B009007_S270	18_53_M	Thymus	False	1	False		unmatched																
L6_B002452_B009020_S270			18	L6_B002452_B009020_S270	18_47_F	Spleen	False	1	False		unmatched																
L6_B003007_B009008_S270			18	L6_B003007_B009008_S270	18_46_F	Thymus	False	1	False		unmatched																
L6_B003017_B009010_S270			18	L6_B003017_B009010_S270	18_45_M	Thymus	False	1	False		unmatched																
L7_B000236_B009007_S271			18	L7_B000236_B009007_S271	18_53_M	Thymus	False	1	False		unmatched																
L7_B001369_B009009_S271			18	L7_B001369_B009009_S271	18_47_F	Thymus	False	1	False		unmatched																
L7_B002341_B009297_S199			18	L7_B002341_B009297_S199	18_46_F	Brain_Non-Myeloid	False	1	False		unmatched																
L7_B002452_B009020_S271			18	L7_B002452_B009020_S271	18_47_F	Spleen	False	1	False		unmatched																
L7_B003017_B009010_S271			18	L7_B003017_B009010_S271	18_45_M	Thymus	False	1	False		unmatched																
L8_B000236_B009007_S272			18	L8_B000236_B009007_S272	18_53_M	Thymus	False	1	False		unmatched																
L8_B001369_B009009_S272			18	L8_B001369_B009009_S272	18_47_F	Thymus	False	1	False		unmatched																
L8_B003017_B009010_S272			18	L8_B003017_B009010_S272	18_45_M	Thymus	False	1	False		unmatched																
L8_D045405_B009854_S272			18	L8_D045405_B009854_S272	18_45_M	Marrow	False	1	False		unmatched																
L9_B000236_B009007_S273			18	L9_B000236_B009007_S273	18_53_M	Thymus	False	1	False		unmatched																
L9_B000505_B008435_S273	65.0	7.0	18	L9_B000505_B008435_S273	18_45_M	GAT	True	7	True		unmatched																
L9_B000805_B008544_S273	123.0	4.0	18	L9_B000805_B008544_S273	18_46_F	SCAT	True	3	True		unmatched																
L9_B000808_B008541_S273	45.0	2.0	18	L9_B000808_B008541_S273	18_47_F	SCAT	True	2	True		unmatched																
L9_B001369_B009009_S273			18	L9_B001369_B009009_S273	18_47_F	Thymus	False	1	False		unmatched																
L9_B002341_B009297_S201	21.0	10.0	18	L9_B002341_B009297_S201	18_46_F	Brain_Non-Myeloid	True	7	True		unmatched																
L9_B002459_B007461_S273			18	L9_B002459_B007461_S273	18_46_F	Marrow	False	1	False		unmatched																
L9_B002466_B009898_S273	41.0	2.0	18	L9_B002466_B009898_S273	18_45_M	Lung	True	2	True		unmatched																
L9_B002828_B007462_S273			18	L9_B002828_B007462_S273	18_47_F	Marrow	False	1	False		unmatched																
L9_B003017_B009010_S273			18	L9_B003017_B009010_S273	18_45_M	Thymus	False	1	False		unmatched																
M10_B000236_B009007_S298			18	M10_B000236_B009007_S298	18_53_M	Thymus	False	1	False		unmatched																
M10_B000515_B008434_S298	24.0	11.0	18	M10_B000515_B008434_S298	18_53_M	BAT	True	11	True		unmatched																
M10_B000805_B008544_S298			18	M10_B000805_B008544_S298	18_46_F	SCAT	False	1	False		unmatched																
M10_B000806_B008540_S298			18	M10_B000806_B008540_S298	18_46_F	MAT	False	1	False		unmatched																
M10_B002459_B007461_S298	52.0	2.0	18	M10_B002459_B007461_S298	18_46_F	Marrow	True	2	True		unmatched																
M10_B003017_B009010_S298			18	M10_B003017_B009010_S298	18_45_M	Thymus	False	1	False		unmatched																
M11_B000236_B009007_S299			18	M11_B000236_B009007_S299	18_53_M	Thymus	False	1	False		unmatched																
M11_B001369_B009009_S299			18	M11_B001369_B009009_S299	18_47_F	Thymus	False	1	False		unmatched																
M11_B002452_B009020_S299			18	M11_B002452_B009020_S299	18_47_F	Spleen	False	1	False		unmatched																
M11_B002459_B007461_S299	50.0	2.0	18	M11_B002459_B007461_S299	18_46_F	Marrow	True	2	True		unmatched																
M11_B003007_B009008_S299	138.0	2.0	18	M11_B003007_B009008_S299	18_46_F	Thymus	True	1	False		unmatched																
M11_B003017_B009010_S299			18	M11_B003017_B009010_S299	18_45_M	Thymus	False	1	False		unmatched																
M12_B000236_B009007_S300			18	M12_B000236_B009007_S300	18_53_M	Thymus	False	1	False		unmatched																
M12_B001369_B009009_S300			18	M12_B001369_B009009_S300	18_47_F	Thymus	False	1	False		unmatched																
M12_B002452_B009020_S300	89.0	3.0	18	M12_B002452_B009020_S300	18_47_F	Spleen	True	1	False		unmatched																
M12_B002709_B009018_S300			18	M12_B002709_B009018_S300	18_53_M	Spleen	False	1	False		unmatched																
M13_B000236_B009007_S301			18	M13_B000236_B009007_S301	18_53_M	Thymus	False	1	False		unmatched																
M13_B000795_B008545_S301	105.0	3.0	18	M13_B000795_B008545_S301	18_47_F	MAT	True	2	True		unmatched																
M13_B000808_B008541_S301			18	M13_B000808_B008541_S301	18_47_F	SCAT	False	1	False		unmatched																
M13_B001369_B009009_S301			18	M13_B001369_B009009_S301	18_47_F	Thymus	False	1	False		unmatched																
M13_B003017_B009010_S301			18	M13_B003017_B009010_S301	18_45_M	Thymus	False	1	False		unmatched																
M13_D045405_B009854_S301			18	M13_D045405_B009854_S301	18_45_M	Marrow	False	1	False		unmatched																
M14_B000236_B009007_S302			18	M14_B000236_B009007_S302	18_53_M	Thymus	False	1	False		unmatched																
M14_B000794_B008549_S302			18	M14_B000794_B008549_S302	18_47_F	GAT	False	1	False		unmatched																
M14_B001369_B009009_S302			18	M14_B001369_B009009_S302	18_47_F	Thymus	False	1	False		unmatched																
M14_B002452_B009020_S302	110.0	9.0	18	M14_B002452_B009020_S302	18_47_F	Spleen	True	3	True		unmatched																
M14_B002828_B007462_S302	1.0	3.0	18	M14_B002828_B007462_S302	18_47_F	Marrow	True	3	True		unmatched																
M14_B003007_B009008_S302	93.0	7.0	18	M14_B003007_B009008_S302	18_46_F	Thymus	True	5	True		unmatched																
M14_B003017_B009010_S302			18	M14_B003017_B009010_S302	18_45_M	Thymus	False	1	False		unmatched																
M14_D045313_B009942_S302			18	M14_D045313_B009942_S302	18_45_M	Liver	False	1	False		unmatched																
M15_B000236_B009007_S303			18	M15_B000236_B009007_S303	18_53_M	Thymus	False	1	False		unmatched																
M15_B000505_B008435_S303			18	M15_B000505_B008435_S303	18_45_M	GAT	False	1	False		unmatched																
M15_B000805_B008544_S303	19.0	10.0	18	M15_B000805_B008544_S303	18_46_F	SCAT	True	9	True		unmatched																
M15_B000808_B008541_S303			18	M15_B000808_B008541_S303	18_47_F	SCAT	False	1	False		unmatched																
M15_B001369_B009009_S303			18	M15_B001369_B009009_S303	18_47_F	Thymus	False	1	False		unmatched																
M15_B002452_B009020_S303			18	M15_B002452_B009020_S303	18_47_F	Spleen	False	1	False		unmatched																
M15_B002459_B007461_S303			18	M15_B002459_B007461_S303	18_46_F	Marrow	False	1	False		unmatched																
M15_B003007_B009008_S303	4.0	4.0	18	M15_B003007_B009008_S303	18_46_F	Thymus	True	2	True		unmatched																
M15_B003017_B009010_S303			18	M15_B003017_B009010_S303	18_45_M	Thymus	False	1	False		unmatched																
M15_B003022_B008546_S303			18	M15_B003022_B008546_S303	18_45_M	MAT	False	1	False		unmatched																
M16_B000236_B009007_S304			18	M16_B000236_B009007_S304	18_53_M	Thymus	False	1	False		unmatched																
M16_B000515_B008434_S304	24.0	11.0	18	M16_B000515_B008434_S304	18_53_M	BAT	True	11	True		unmatched																
M16_B000805_B008544_S304	19.0	10.0	18	M16_B000805_B008544_S304	18_46_F	SCAT	True	9	True		unmatched																
M16_B000806_B008540_S304			18	M16_B000806_B008540_S304	18_46_F	MAT	False	1	False		unmatched																
M16_B000808_B008541_S304	97.0	6.0	18	M16_B000808_B008541_S304	18_47_F	SCAT	True	6	True		unmatched																
M16_B001369_B009009_S304			18	M16_B001369_B009009_S304	18_47_F	Thymus	False	1	False		unmatched																
M16_B002459_B007461_S304	96.0	2.0	18	M16_B002459_B007461_S304	18_46_F	Marrow	True	2	True		unmatched																
M16_B003017_B009010_S304			18	M16_B003017_B009010_S304	18_45_M	Thymus	False	1	False		unmatched																
M16_B003022_B008546_S304	94.0	9.0	18	M16_B003022_B008546_S304	18_45_M	MAT	True	2	True		unmatched																
M17_B000236_B009007_S305			18	M17_B000236_B009007_S305	18_53_M	Thymus	False	1	False		unmatched																
M17_B002709_B009018_S305	24.0	11.0	18	M17_B002709_B009018_S305	18_53_M	Spleen	True	11	True		unmatched																
M17_B002828_B007462_S305	46.0	5.0	18	M17_B002828_B007462_S305	18_47_F	Marrow	True	2	True		unmatched																
M17_B003007_B009008_S305	13.0	18.0	18	M17_B003007_B009008_S305	18_46_F	Thymus	True	1	False		unmatched																
M17_B003017_B009010_S305			18	M17_B003017_B009010_S305	18_45_M	Thymus	False	1	False		unmatched																
M18_B000236_B009007_S306			18	M18_B000236_B009007_S306	18_53_M	Thymus	False	1	False		unmatched																
M18_B000750_B007346_S306			18	M18_B000750_B007346_S306	18_45_M	Trachea	False	1	False		unmatched																
M18_B003017_B009010_S306			18	M18_B003017_B009010_S306	18_45_M	Thymus	False	1	False		unmatched																
M18_D045405_B009854_S306	56.0	4.0	18	M18_D045405_B009854_S306	18_45_M	Marrow	True	3	True		unmatched																
M19_B000236_B009007_S307			18	M19_B000236_B009007_S307	18_53_M	Thymus	False	1	False		unmatched																
M19_B000491_B009016_S307			18	M19_B000491_B009016_S307	18_47_F	Thymus	False	1	False		unmatched																
M19_B002441_B007348_S307	48.0	2.0	18	M19_B002441_B007348_S307	18_46_F	Tongue	True	1	False		unmatched																
M1_B002333_B009884_S289			18	M1_B002333_B009884_S289	18_46_F	Marrow	False	1	False		unmatched																
M1_B002828_B007462_S289	112.0	2.0	18	M1_B002828_B007462_S289	18_47_F	Marrow	True	2	True		unmatched																
M1_B003007_B009008_S289			18	M1_B003007_B009008_S289	18_46_F	Thymus	False	1	False		unmatched																
M20_B000236_B009007_S308			18	M20_B000236_B009007_S308	18_53_M	Thymus	False	1	False		unmatched																
M20_B001369_B009009_S308			18	M20_B001369_B009009_S308	18_47_F	Thymus	False	1	False		unmatched																
M20_B002459_B007461_S308	89.0	3.0	18	M20_B002459_B007461_S308	18_46_F	Marrow	True	2	True		unmatched																
M20_B002828_B007462_S308			18	M20_B002828_B007462_S308	18_47_F	Marrow	False	1	False		unmatched																
M20_B003007_B009008_S308			18	M20_B003007_B009008_S308	18_46_F	Thymus	False	1	False		unmatched																
M20_B003017_B009010_S308			18	M20_B003017_B009010_S308	18_45_M	Thymus	False	1	False		unmatched																
M21_B001369_B009009_S309	11.0	2.0	18	M21_B001369_B009009_S309	18_47_F	Thymus	True	1	False		unmatched																
M21_B002709_B009018_S309			18	M21_B002709_B009018_S309	18_53_M	Spleen	False	1	False		unmatched																
M21_B002828_B007462_S309			18	M21_B002828_B007462_S309	18_47_F	Marrow	False	1	False		unmatched																
M22_B000236_B009007_S310			18	M22_B000236_B009007_S310	18_53_M	Thymus	False	1	False		unmatched																
M22_B000491_B009016_S310			18	M22_B000491_B009016_S310	18_47_F	Thymus	False	1	False		unmatched																
M22_B001369_B009009_S310			18	M22_B001369_B009009_S310	18_47_F	Thymus	False	1	False		unmatched																
M22_B002452_B009020_S310			18	M22_B002452_B009020_S310	18_47_F	Spleen	False	1	False		unmatched																
M22_B003017_B009010_S310			18	M22_B003017_B009010_S310	18_45_M	Thymus	False	1	False		unmatched																
M2_B000236_B009007_S290			18	M2_B000236_B009007_S290	18_53_M	Thymus	False	1	False		unmatched																
M2_B000490_B009961_S290			18	M2_B000490_B009961_S290	18_47_F	Heart	False	1	False		unmatched																
M2_B001369_B009009_S290			18	M2_B001369_B009009_S290	18_47_F	Thymus	False	1	False		unmatched																
M2_B002709_B009018_S290			18	M2_B002709_B009018_S290	18_53_M	Spleen	False	1	False		unmatched																
M3_B000236_B009007_S291			18	M3_B000236_B009007_S291	18_53_M	Thymus	False	1	False		unmatched																
M3_B000263_B007344_S291			18	M3_B000263_B007344_S291	18_46_F	Trachea	False	1	False		unmatched																
M3_B001369_B009009_S291			18	M3_B001369_B009009_S291	18_47_F	Thymus	False	1	False		unmatched																
M3_B002270_B009894_S291			18	M3_B002270_B009894_S291	18_45_M	Marrow	False	1	False		unmatched																
M3_B002452_B009020_S291	57.0	4.0	18	M3_B002452_B009020_S291	18_47_F	Spleen	True	2	True		unmatched																
M3_B002459_B007461_S291	110.0	9.0	18	M3_B002459_B007461_S291	18_46_F	Marrow	True	6	True		unmatched																
M3_B002828_B007462_S291			18	M3_B002828_B007462_S291	18_47_F	Marrow	False	1	False		unmatched																
M3_B003017_B009010_S291			18	M3_B003017_B009010_S291	18_45_M	Thymus	False	1	False		unmatched																
M3_D045342_B009019_S291			18	M3_D045342_B009019_S291	18_45_M	Spleen	False	1	False		unmatched																
M3_D045405_B009854_S291	130.0	2.0	18	M3_D045405_B009854_S291	18_45_M	Marrow	True	2	True		unmatched																
M4_B000767_B009945_S292	75.0	3.0	18	M4_B000767_B009945_S292	18_46_F	Liver	True	3	True		unmatched																
M4_B001369_B009009_S292			18	M4_B001369_B009009_S292	18_47_F	Thymus	False	1	False		unmatched																
M4_B002709_B009018_S292			18	M4_B002709_B009018_S292	18_53_M	Spleen	False	1	False		unmatched																
M4_B003007_B009008_S292			18	M4_B003007_B009008_S292	18_46_F	Thymus	False	1	False		unmatched																
M5_B000236_B009007_S293			18	M5_B000236_B009007_S293	18_53_M	Thymus	False	1	False		unmatched																
M5_B000794_B008549_S293			18	M5_B000794_B008549_S293	18_47_F	GAT	False	1	False		unmatched																
M5_B001369_B009009_S293			18	M5_B001369_B009009_S293	18_47_F	Thymus	False	1	False		unmatched																
M5_B002459_B007461_S293			18	M5_B002459_B007461_S293	18_46_F	Marrow	False	1	False		unmatched																
M5_B003007_B009008_S293			18	M5_B003007_B009008_S293	18_46_F	Thymus	False	1	False		unmatched																
M5_D045405_B009854_S293	120.0	2.0	18	M5_D045405_B009854_S293	18_45_M	Marrow	True	2	True		unmatched																
M6_B001369_B009009_S294			18	M6_B001369_B009009_S294	18_47_F	Thymus	False	1	False		unmatched																
M6_B002673_B007460_S294			18	M6_B002673_B007460_S294	18_53_M	Marrow	False	1	False		unmatched																
M6_B002828_B007462_S294			18	M6_B002828_B007462_S294	18_47_F	Marrow	False	1	False		unmatched																
M6_B003007_B009008_S294	95.0	5.0	18	M6_B003007_B009008_S294	18_46_F	Thymus	True	3	True		unmatched																
M6_B003017_B009010_S294			18	M6_B003017_B009010_S294	18_45_M	Thymus	False	1	False		unmatched																
M6_D045342_B009019_S294			18	M6_D045342_B009019_S294	18_45_M	Spleen	False	1	False		unmatched																
M7_B002709_B009018_S295			18	M7_B002709_B009018_S295	18_53_M	Spleen	False	1	False		unmatched																
M7_B002828_B007462_S295			18	M7_B002828_B007462_S295	18_47_F	Marrow	False	1	False		unmatched																
M7_B003007_B009008_S295			18	M7_B003007_B009008_S295	18_46_F	Thymus	False	1	False		unmatched																
M7_B003017_B009010_S295			18	M7_B003017_B009010_S295	18_45_M	Thymus	False	1	False		unmatched																
M8_B000268_B009896_S296	17.0	7.0	18	M8_B000268_B009896_S296	18_46_F	Lung	True	7	True		unmatched																
M8_B001369_B009009_S296			18	M8_B001369_B009009_S296	18_47_F	Thymus	False	1	False		unmatched																
M8_B002452_B009020_S296			18	M8_B002452_B009020_S296	18_47_F	Spleen	False	1	False		unmatched																
M8_B002828_B007462_S296			18	M8_B002828_B007462_S296	18_47_F	Marrow	False	1	False		unmatched																
M8_B002843_B009897_S296			18	M8_B002843_B009897_S296	18_47_F	Lung	False	1	False		unmatched																
M8_B003007_B009008_S296			18	M8_B003007_B009008_S296	18_46_F	Thymus	False	1	False		unmatched																
M8_B003017_B009010_S296			18	M8_B003017_B009010_S296	18_45_M	Thymus	False	1	False		unmatched																
M8_D045342_B009019_S296			18	M8_D045342_B009019_S296	18_45_M	Spleen	False	1	False		unmatched																
M9_B000236_B009007_S297	109.0	2.0	18	M9_B000236_B009007_S297	18_53_M	Thymus	True	2	True		unmatched																
M9_B000794_B008549_S297			18	M9_B000794_B008549_S297	18_47_F	GAT	False	1	False		unmatched																
M9_B000808_B008541_S297	18.0	8.0	18	M9_B000808_B008541_S297	18_47_F	SCAT	True	3	True		unmatched																
M9_B000809_B009956_S297			18	M9_B000809_B009956_S297	18_46_F	Heart	False	1	False		unmatched																
M9_B001369_B009009_S297			18	M9_B001369_B009009_S297	18_47_F	Thymus	False	1	False		unmatched																
M9_B002452_B009020_S297			18	M9_B002452_B009020_S297	18_47_F	Spleen	False	1	False		unmatched																
M9_B002828_B007462_S297			18	M9_B002828_B007462_S297	18_47_F	Marrow	False	1	False		unmatched																
M9_B003007_B009008_S297			18	M9_B003007_B009008_S297	18_46_F	Thymus	False	1	False		unmatched																
M9_B003017_B009010_S297			18	M9_B003017_B009010_S297	18_45_M	Thymus	False	1	False		unmatched																
M9_D045342_B009019_S297			18	M9_D045342_B009019_S297	18_45_M	Spleen	False	1	False		unmatched																
M9_D045405_B009854_S297			18	M9_D045405_B009854_S297	18_45_M	Marrow	False	1	False		unmatched																
N10_B000236_B009007_S322			18	N10_B000236_B009007_S322	18_53_M	Thymus	False	1	False		unmatched																
N10_B000477_B008543_S322			18	N10_B000477_B008543_S322	18_53_M	MAT	False	1	False		unmatched																
N10_B002828_B007462_S322			18	N10_B002828_B007462_S322	18_47_F	Marrow	False	1	False		unmatched																
N10_B003007_B009008_S322			18	N10_B003007_B009008_S322	18_46_F	Thymus	False	1	False		unmatched																
N10_B003017_B009010_S322			18	N10_B003017_B009010_S322	18_45_M	Thymus	False	1	False		unmatched																
N11_B000120_B007345_S323			18	N11_B000120_B007345_S323	18_47_F	Trachea	False	1	False		unmatched																
N11_B000236_B009007_S323			18	N11_B000236_B009007_S323	18_53_M	Thymus	False	1	False		unmatched																
N11_B000487_B008360_S323	120.0	2.0	18	N11_B000487_B008360_S323	18_45_M	BAT	True	2	True		unmatched																
N11_B000795_B008545_S323			18	N11_B000795_B008545_S323	18_47_F	MAT	False	1	False		unmatched																
N11_B001369_B009009_S323			18	N11_B001369_B009009_S323	18_47_F	Thymus	False	1	False		unmatched																
N11_B002452_B009020_S323	111.0	2.0	18	N11_B002452_B009020_S323	18_47_F	Spleen	True	2	True		unmatched																
N11_B002459_B007461_S323			18	N11_B002459_B007461_S323	18_46_F	Marrow	False	1	False		unmatched																
N11_B002709_B009018_S323			18	N11_B002709_B009018_S323	18_53_M	Spleen	False	1	False		unmatched																
N11_B003017_B009010_S323			18	N11_B003017_B009010_S323	18_45_M	Thymus	False	1	False		unmatched																
N11_D045405_B009854_S323			18	N11_D045405_B009854_S323	18_45_M	Marrow	False	1	False		unmatched																
N12_B000236_B009007_S324			18	N12_B000236_B009007_S324	18_53_M	Thymus	False	1	False		unmatched																
N12_B000800_B008432_S324	35.0	2.0	18	N12_B000800_B008432_S324	18_47_F	BAT	True	1	False		unmatched																
N12_D045405_B009854_S324			18	N12_D045405_B009854_S324	18_45_M	Marrow	False	1	False		unmatched																
N13_B000236_B009007_S325			18	N13_B000236_B009007_S325	18_53_M	Thymus	False	1	False		unmatched																
N14_B000236_B009007_S326			18	N14_B000236_B009007_S326	18_53_M	Thymus	False	1	False		unmatched																
N14_B000490_B009961_S326	1.0	3.0	18	N14_B000490_B009961_S326	18_47_F	Heart	True	3	True		unmatched																
N14_B000806_B008540_S326			18	N14_B000806_B008540_S326	18_46_F	MAT	False	1	False		unmatched																
N14_B001369_B009009_S326			18	N14_B001369_B009009_S326	18_47_F	Thymus	False	1	False		unmatched																
N14_B002452_B009020_S326			18	N14_B002452_B009020_S326	18_47_F	Spleen	False	1	False		unmatched																
N14_B002755_B007347_S326	14.0	3.0	18	N14_B002755_B007347_S326	18_53_M	Tongue	True	2	True		unmatched																
N14_B003017_B009010_S326			18	N14_B003017_B009010_S326	18_45_M	Thymus	False	1	False		unmatched																
N15_B000171_B009952_S327			18	N15_B000171_B009952_S327	18_53_M	Heart	False	1	False		unmatched																
N15_B000505_B008435_S327			18	N15_B000505_B008435_S327	18_45_M	GAT	False	1	False		unmatched																
N15_B000794_B008549_S327			18	N15_B000794_B008549_S327	18_47_F	GAT	False	1	False		unmatched																
N15_B000805_B008544_S327	34.0	10.0	18	N15_B000805_B008544_S327	18_46_F	SCAT	True	10	True		unmatched																
N15_B001369_B009009_S327			18	N15_B001369_B009009_S327	18_47_F	Thymus	False	1	False		unmatched																
N15_B002452_B009020_S327			18	N15_B002452_B009020_S327	18_47_F	Spleen	False	1	False		unmatched																
N15_B003007_B009008_S327			18	N15_B003007_B009008_S327	18_46_F	Thymus	False	1	False		unmatched																
N15_B003017_B009010_S327			18	N15_B003017_B009010_S327	18_45_M	Thymus	False	1	False		unmatched																
N16_B000236_B009007_S328			18	N16_B000236_B009007_S328	18_53_M	Thymus	False	1	False		unmatched																
N16_B000794_B008549_S328	100.0	7.0	18	N16_B000794_B008549_S328	18_47_F	GAT	True	6	True		unmatched																
N16_B000805_B008544_S328			18	N16_B000805_B008544_S328	18_46_F	SCAT	False	1	False		unmatched																
N16_B002459_B007461_S328			18	N16_B002459_B007461_S328	18_46_F	Marrow	False	1	False		unmatched																
N16_B002755_B007347_S328	14.0	3.0	18	N16_B002755_B007347_S328	18_53_M	Tongue	True	2	True		unmatched																
N17_B000236_B009007_S329			18	N17_B000236_B009007_S329	18_53_M	Thymus	False	1	False		unmatched																
N17_B002459_B007461_S329			18	N17_B002459_B007461_S329	18_46_F	Marrow	False	1	False		unmatched																
N17_B002709_B009018_S329			18	N17_B002709_B009018_S329	18_53_M	Spleen	False	1	False		unmatched																
N17_B003007_B009008_S329			18	N17_B003007_B009008_S329	18_46_F	Thymus	False	1	False		unmatched																
N17_B003017_B009010_S329			18	N17_B003017_B009010_S329	18_45_M	Thymus	False	1	False		unmatched																
N17_D045405_B009854_S329	59.0	2.0	18	N17_D045405_B009854_S329	18_45_M	Marrow	True	2	True		unmatched																
N18_B000236_B009007_S330			18	N18_B000236_B009007_S330	18_53_M	Thymus	False	1	False		unmatched																
N18_B002828_B007462_S330			18	N18_B002828_B007462_S330	18_47_F	Marrow	False	1	False		unmatched																
N18_B002843_B009897_S330	40.0	5.0	18	N18_B002843_B009897_S330	18_47_F	Lung	True	3	True		unmatched																
N18_B003007_B009008_S330	53.0	3.0	18	N18_B003007_B009008_S330	18_46_F	Thymus	True	3	True		unmatched																
N19_B001369_B009009_S331			18	N19_B001369_B009009_S331	18_47_F	Thymus	False	1	False		unmatched																
N1_B002452_B009020_S313	57.0	4.0	18	N1_B002452_B009020_S313	18_47_F	Spleen	True	2	True		unmatched																
N1_B002459_B007461_S313			18	N1_B002459_B007461_S313	18_46_F	Marrow	False	1	False		unmatched																
N1_B002828_B007462_S313			18	N1_B002828_B007462_S313	18_47_F	Marrow	False	1	False		unmatched																
N1_B003007_B009008_S313	4.0	4.0	18	N1_B003007_B009008_S313	18_46_F	Thymus	True	2	True		unmatched																
N20_B000236_B009007_S332			18	N20_B000236_B009007_S332	18_53_M	Thymus	False	1	False		unmatched																
N20_B002459_B007461_S332			18	N20_B002459_B007461_S332	18_46_F	Marrow	False	1	False		unmatched																
N20_B002466_B009898_S332			18	N20_B002466_B009898_S332	18_45_M	Lung	False	1	False		unmatched																
N20_D045372_B009292_S140	107.0	4.0	18	N20_D045372_B009292_S140	18_45_M	Brain_Non-Myeloid	True	1	False		unmatched																
N21_B000236_B009007_S333			18	N21_B000236_B009007_S333	18_53_M	Thymus	False	1	False		unmatched																
N21_B000248_B009895_S333			18	N21_B000248_B009895_S333	18_53_M	Lung	False	1	False		unmatched																
N21_B001369_B009009_S333			18	N21_B001369_B009009_S333	18_47_F	Thymus	False	1	False		unmatched																
N21_B002459_B007461_S333			18	N21_B002459_B007461_S333	18_46_F	Marrow	False	1	False		unmatched																
N21_B003007_B009008_S333			18	N21_B003007_B009008_S333	18_46_F	Thymus	False	1	False		unmatched																
N21_B003017_B009010_S333			18	N21_B003017_B009010_S333	18_45_M	Thymus	False	1	False		unmatched																
N22_B000236_B009007_S334			18	N22_B000236_B009007_S334	18_53_M	Thymus	False	1	False		unmatched																
N22_B003007_B009008_S334			18	N22_B003007_B009008_S334	18_46_F	Thymus	False	1	False		unmatched																
N22_B003017_B009010_S334			18	N22_B003017_B009010_S334	18_45_M	Thymus	False	1	False		unmatched																
N2_B001369_B009009_S314			18	N2_B001369_B009009_S314	18_47_F	Thymus	False	1	False		unmatched																
N2_B002459_B007461_S314			18	N2_B002459_B007461_S314	18_46_F	Marrow	False	1	False		unmatched																
N2_B002673_B007460_S314			18	N2_B002673_B007460_S314	18_53_M	Marrow	False	1	False		unmatched																
N2_B002709_B009018_S314			18	N2_B002709_B009018_S314	18_53_M	Spleen	False	1	False		unmatched																
N2_B003007_B009008_S314			18	N2_B003007_B009008_S314	18_46_F	Thymus	False	1	False		unmatched																
N2_B003017_B009010_S314			18	N2_B003017_B009010_S314	18_45_M	Thymus	False	1	False		unmatched																
N3_B001369_B009009_S315			18	N3_B001369_B009009_S315	18_47_F	Thymus	False	1	False		unmatched																
N3_B002341_B009297_S243			18	N3_B002341_B009297_S243	18_46_F	Brain_Non-Myeloid	False	1	False		unmatched																
N3_B002459_B007461_S315			18	N3_B002459_B007461_S315	18_46_F	Marrow	False	1	False		unmatched																
N3_B003007_B009008_S315	93.0	7.0	18	N3_B003007_B009008_S315	18_46_F	Thymus	True	5	True		unmatched																
N3_D045342_B009019_S315			18	N3_D045342_B009019_S315	18_45_M	Spleen	False	1	False		unmatched																
N4_B000236_B009007_S316			18	N4_B000236_B009007_S316	18_53_M	Thymus	False	1	False		unmatched																
N4_B001369_B009009_S316			18	N4_B001369_B009009_S316	18_47_F	Thymus	False	1	False		unmatched																
N4_B003017_B009010_S316			18	N4_B003017_B009010_S316	18_45_M	Thymus	False	1	False		unmatched																
N5_B000236_B009007_S317	114.0	3.0	18	N5_B000236_B009007_S317	18_53_M	Thymus	True	1	False		unmatched																
N5_B000263_B007344_S317	10.0	18.0	18	N5_B000263_B007344_S317	18_46_F	Trachea	True	18	True		unmatched																
N5_B000814_B008548_S317			18	N5_B000814_B008548_S317	18_46_F	GAT	False	1	False		unmatched																
N5_B001369_B009009_S317			18	N5_B001369_B009009_S317	18_47_F	Thymus	False	1	False		unmatched																
N5_B002452_B009020_S317	128.0	2.0	18	N5_B002452_B009020_S317	18_47_F	Spleen	True	2	True		unmatched																
N5_B002550_S317			18	N5_B002550_S317			False	1	False		unmatched																
N5_B002828_B007462_S317			18	N5_B002828_B007462_S317	18_47_F	Marrow	False	1	False		unmatched																
N5_B003017_B009010_S317			18	N5_B003017_B009010_S317	18_45_M	Thymus	False	1	False		unmatched																
N5_D045405_B009854_S317			18	N5_D045405_B009854_S317	18_45_M	Marrow	False	1	False		unmatched																
N6_B000236_B009007_S318			18	N6_B000236_B009007_S318	18_53_M	Thymus	False	1	False		unmatched																
N6_B001369_B009009_S318			18	N6_B001369_B009009_S318	18_47_F	Thymus	False	1	False		unmatched																
N6_B002459_B007461_S318			18	N6_B002459_B007461_S318	18_46_F	Marrow	False	1	False		unmatched																
N6_B003017_B009010_S318			18	N6_B003017_B009010_S318	18_45_M	Thymus	False	1	False		unmatched																
N7_B001369_B009009_S319			18	N7_B001369_B009009_S319	18_47_F	Thymus	False	1	False		unmatched																
N7_B002828_B007462_S319			18	N7_B002828_B007462_S319	18_47_F	Marrow	False	1	False		unmatched																
N7_B003007_B009008_S319			18	N7_B003007_B009008_S319	18_46_F	Thymus	False	1	False		unmatched																
N7_B003017_B009010_S319			18	N7_B003017_B009010_S319	18_45_M	Thymus	False	1	False		unmatched																
N8_B000236_B009007_S320			18	N8_B000236_B009007_S320	18_53_M	Thymus	False	1	False		unmatched																
N8_B000795_B008545_S320	70.0	2.0	18	N8_B000795_B008545_S320	18_47_F	MAT	True	2	True		unmatched																
N8_B000814_B008548_S320			18	N8_B000814_B008548_S320	18_46_F	GAT	False	1	False		unmatched																
N8_B002828_B007462_S320			18	N8_B002828_B007462_S320	18_47_F	Marrow	False	1	False		unmatched																
N8_B003017_B009010_S320			18	N8_B003017_B009010_S320	18_45_M	Thymus	False	1	False		unmatched																
N8_D045342_B009019_S320			18	N8_D045342_B009019_S320	18_45_M	Spleen	False	1	False		unmatched																
N9_B000814_B008548_S321	123.0	4.0	18	N9_B000814_B008548_S321	18_46_F	GAT	True	3	True		unmatched																
N9_B001369_B009009_S321			18	N9_B001369_B009009_S321	18_47_F	Thymus	False	1	False		unmatched																
N9_B002459_B007461_S321	6.0	2.0	18	N9_B002459_B007461_S321	18_46_F	Marrow	True	1	False		unmatched																
N9_B003017_B009010_S321			18	N9_B003017_B009010_S321	18_45_M	Thymus	False	1	False		unmatched																
O10_B000236_B009007_S346			18	O10_B000236_B009007_S346	18_53_M	Thymus	False	1	False		unmatched																
O10_B000808_B008541_S346			18	O10_B000808_B008541_S346	18_47_F	SCAT	False	1	False		unmatched																
O10_B002459_B007461_S346			18	O10_B002459_B007461_S346	18_46_F	Marrow	False	1	False		unmatched																
O10_B003007_B009008_S346			18	O10_B003007_B009008_S346	18_46_F	Thymus	False	1	False		unmatched																
O10_B003017_B009010_S346			18	O10_B003017_B009010_S346	18_45_M	Thymus	False	1	False		unmatched																
O10_B003263_B007458_S346			18	O10_B003263_B007458_S346	18_45_M	Limb_Muscle	False	1	False		unmatched																
O11_B000236_B009007_S347			18	O11_B000236_B009007_S347	18_53_M	Thymus	False	1	False		unmatched																
O11_B000800_B008432_S347	138.0	2.0	18	O11_B000800_B008432_S347	18_47_F	BAT	True	1	False		unmatched																
O11_B000805_B008544_S347	82.0	2.0	18	O11_B000805_B008544_S347	18_46_F	SCAT	True	2	True		unmatched																
O11_B000806_B008540_S347			18	O11_B000806_B008540_S347	18_46_F	MAT	False	1	False		unmatched																
O11_B000814_B008548_S347	21.0	10.0	18	O11_B000814_B008548_S347	18_46_F	GAT	True	7	True		unmatched																
O11_B001369_B009009_S347			18	O11_B001369_B009009_S347	18_47_F	Thymus	False	1	False		unmatched																
O11_B002459_B007461_S347			18	O11_B002459_B007461_S347	18_46_F	Marrow	False	1	False		unmatched																
O11_B002673_B007460_S347			18	O11_B002673_B007460_S347	18_53_M	Marrow	False	1	False		unmatched																
O11_B002709_B009018_S347			18	O11_B002709_B009018_S347	18_53_M	Spleen	False	1	False		unmatched																
O12_B002459_B007461_S348	21.0	10.0	18	O12_B002459_B007461_S348	18_46_F	Marrow	True	7	True		unmatched																
O12_B003262_B007459_S348			18	O12_B003262_B007459_S348	18_45_M	Diaphragm	False	1	False		unmatched																
O12_B003263_B007458_S348			18	O12_B003263_B007458_S348	18_45_M	Limb_Muscle	False	1	False		unmatched																
O13_B000236_B009007_S349			18	O13_B000236_B009007_S349	18_53_M	Thymus	False	1	False		unmatched																
O13_B000805_B008544_S349			18	O13_B000805_B008544_S349	18_46_F	SCAT	False	1	False		unmatched																
O13_B000814_B008548_S349			18	O13_B000814_B008548_S349	18_46_F	GAT	False	1	False		unmatched																
O13_B001369_B009009_S349			18	O13_B001369_B009009_S349	18_47_F	Thymus	False	1	False		unmatched																
O13_B002828_B007462_S349	101.0	6.0	18	O13_B002828_B007462_S349	18_47_F	Marrow	True	6	True		unmatched																
O13_B003017_B009010_S349			18	O13_B003017_B009010_S349	18_45_M	Thymus	False	1	False		unmatched																
O13_B003262_B007459_S349			18	O13_B003262_B007459_S349	18_45_M	Diaphragm	False	1	False		unmatched																
O13_B003294_B007450_S349			18	O13_B003294_B007450_S349	18_47_F	Limb_Muscle	False	1	False		unmatched																
O13_D045405_B009854_S349			18	O13_D045405_B009854_S349	18_45_M	Marrow	False	1	False		unmatched																
O14_B000236_B009007_S350			18	O14_B000236_B009007_S350	18_53_M	Thymus	False	1	False		unmatched																
O14_B000477_B008543_S350			18	O14_B000477_B008543_S350	18_53_M	MAT	False	1	False		unmatched																
O14_B001369_B009009_S350			18	O14_B001369_B009009_S350	18_47_F	Thymus	False	1	False		unmatched																
O14_B002709_B009018_S350			18	O14_B002709_B009018_S350	18_53_M	Spleen	False	1	False		unmatched																
O14_B003007_B009008_S350			18	O14_B003007_B009008_S350	18_46_F	Thymus	False	1	False		unmatched																
O14_B003017_B009010_S350			18	O14_B003017_B009010_S350	18_45_M	Thymus	False	1	False		unmatched																
O14_B003022_B008546_S350	69.0	2.0	18	O14_B003022_B008546_S350	18_45_M	MAT	True	2	True		unmatched																
O15_B000236_B009007_S351			18	O15_B000236_B009007_S351	18_53_M	Thymus	False	1	False		unmatched																
O15_B000477_B008543_S351			18	O15_B000477_B008543_S351	18_53_M	MAT	False	1	False		unmatched																
O15_B000814_B008548_S351	47.0	9.0	18	O15_B000814_B008548_S351	18_46_F	GAT	True	8	True		unmatched																
O15_B002828_B007462_S351			18	O15_B002828_B007462_S351	18_47_F	Marrow	False	1	False		unmatched																
O15_B003017_B009010_S351			18	O15_B003017_B009010_S351	18_45_M	Thymus	False	1	False		unmatched																
O16_B000236_B009007_S352			18	O16_B000236_B009007_S352	18_53_M	Thymus	False	1	False		unmatched																
O16_B000477_B008543_S352			18	O16_B000477_B008543_S352	18_53_M	MAT	False	1	False		unmatched																
O16_B000795_B008545_S352			18	O16_B000795_B008545_S352	18_47_F	MAT	False	1	False		unmatched																
O16_B002459_B007461_S352			18	O16_B002459_B007461_S352	18_46_F	Marrow	False	1	False		unmatched																
O16_B002828_B007462_S352	125.0	2.0	18	O16_B002828_B007462_S352	18_47_F	Marrow	True	2	True		unmatched																
O16_B003007_B009008_S352			18	O16_B003007_B009008_S352	18_46_F	Thymus	False	1	False		unmatched																
O16_B003017_B009010_S352			18	O16_B003017_B009010_S352	18_45_M	Thymus	False	1	False		unmatched																
O16_B003294_B007450_S352			18	O16_B003294_B007450_S352	18_47_F	Limb_Muscle	False	1	False		unmatched																
O17_B000236_B009007_S353			18	O17_B000236_B009007_S353	18_53_M	Thymus	False	1	False		unmatched																
O17_B002452_B009020_S353	110.0	9.0	18	O17_B002452_B009020_S353	18_47_F	Spleen	True	3	True		unmatched																
O17_B002459_B007461_S353	8.0	3.0	18	O17_B002459_B007461_S353	18_46_F	Marrow	True	3	True		unmatched																
O17_B002681_B009943_S353			18	O17_B002681_B009943_S353	18_53_M	Liver	False	1	False		unmatched																
O17_B003007_B009008_S353			18	O17_B003007_B009008_S353	18_46_F	Thymus	False	1	False		unmatched																
O17_B003017_B009010_S353			18	O17_B003017_B009010_S353	18_45_M	Thymus	False	1	False		unmatched																
O18_B000236_B009007_S354			18	O18_B000236_B009007_S354	18_53_M	Thymus	False	1	False		unmatched																
O18_B001369_B009009_S354			18	O18_B001369_B009009_S354	18_47_F	Thymus	False	1	False		unmatched																
O18_B002828_B007462_S354			18	O18_B002828_B007462_S354	18_47_F	Marrow	False	1	False		unmatched																
O18_B003007_B009008_S354			18	O18_B003007_B009008_S354	18_46_F	Thymus	False	1	False		unmatched																
O18_B003294_B007450_S354			18	O18_B003294_B007450_S354	18_47_F	Limb_Muscle	False	1	False		unmatched																
O18_D045405_B009854_S354			18	O18_D045405_B009854_S354	18_45_M	Marrow	False	1	False		unmatched																
O19_B000236_B009007_S355			18	O19_B000236_B009007_S355	18_53_M	Thymus	False	1	False		unmatched																
O19_B000248_B009895_S355			18	O19_B000248_B009895_S355	18_53_M	Lung	False	1	False		unmatched																
O19_B001369_B009009_S355			18	O19_B001369_B009009_S355	18_47_F	Thymus	False	1	False		unmatched																
O19_B002452_B009020_S355			18	O19_B002452_B009020_S355	18_47_F	Spleen	False	1	False		unmatched																
O19_B002828_B007462_S355	2.0	11.0	18	O19_B002828_B007462_S355	18_47_F	Marrow	True	11	True		unmatched																
O19_B002843_B009897_S355	45.0	2.0	18	O19_B002843_B009897_S355	18_47_F	Lung	True	2	True		unmatched																
O19_B003017_B009010_S355			18	O19_B003017_B009010_S355	18_45_M	Thymus	False	1	False		unmatched																
O19_D045405_B009854_S355			18	O19_D045405_B009854_S355	18_45_M	Marrow	False	1	False		unmatched																
O1_B001369_B009009_S337			18	O1_B001369_B009009_S337	18_47_F	Thymus	False	1	False		unmatched																
O1_B002459_B007461_S337	8.0	3.0	18	O1_B002459_B007461_S337	18_46_F	Marrow	True	3	True		unmatched																
O1_B002828_B007462_S337			18	O1_B002828_B007462_S337	18_47_F	Marrow	False	1	False		unmatched																
O1_B003017_B009010_S337	14.0	3.0	18	O1_B003017_B009010_S337	18_45_M	Thymus	True	1	False		unmatched																
O20_B000236_B009007_S356			18	O20_B000236_B009007_S356	18_53_M	Thymus	False	1	False		unmatched																
O20_B001369_B009009_S356			18	O20_B001369_B009009_S356	18_47_F	Thymus	False	1	False		unmatched																
O20_B002459_B007461_S356			18	O20_B002459_B007461_S356	18_46_F	Marrow	False	1	False		unmatched																
O20_B002828_B007462_S356			18	O20_B002828_B007462_S356	18_47_F	Marrow	False	1	False		unmatched																
O20_B002843_B009897_S356	97.0	6.0	18	O20_B002843_B009897_S356	18_47_F	Lung	True	6	True		unmatched																
O20_B003017_B009010_S356			18	O20_B003017_B009010_S356	18_45_M	Thymus	False	1	False		unmatched																
O21_B000236_B009007_S357			18	O21_B000236_B009007_S357	18_53_M	Thymus	False	1	False		unmatched																
O21_B002673_B007460_S357			18	O21_B002673_B007460_S357	18_53_M	Marrow	False	1	False		unmatched																
O21_B002843_B009897_S357			18	O21_B002843_B009897_S357	18_47_F	Lung	False	1	False		unmatched																
O21_B003007_B009008_S357			18	O21_B003007_B009008_S357	18_46_F	Thymus	False	1	False		unmatched																
O21_B003017_B009010_S357			18	O21_B003017_B009010_S357	18_45_M	Thymus	False	1	False		unmatched																
O22_B000236_B009007_S358			18	O22_B000236_B009007_S358	18_53_M	Thymus	False	1	False		unmatched																
O22_B000750_B007346_S358	55.0	2.0	18	O22_B000750_B007346_S358	18_45_M	Trachea	True	2	True		unmatched																
O22_B001369_B009009_S358			18	O22_B001369_B009009_S358	18_47_F	Thymus	False	1	False		unmatched																
O22_B002459_B007461_S358			18	O22_B002459_B007461_S358	18_46_F	Marrow	False	1	False		unmatched																
O2_B000472_B009891_S338	16.0	6.0	18	O2_B000472_B009891_S338	18_53_M	Marrow	True	6	True		unmatched																
O2_B001369_B009009_S338			18	O2_B001369_B009009_S338	18_47_F	Thymus	False	1	False		unmatched																
O2_B002459_B007461_S338	34.0	10.0	18	O2_B002459_B007461_S338	18_46_F	Marrow	True	10	True		unmatched																
O2_B002828_B007462_S338	131.0	2.0	18	O2_B002828_B007462_S338	18_47_F	Marrow	True	1	False		unmatched																
O2_B003007_B009008_S338			18	O2_B003007_B009008_S338	18_46_F	Thymus	False	1	False		unmatched																
O2_B003294_B007450_S338			18	O2_B003294_B007450_S338	18_47_F	Limb_Muscle	False	1	False		unmatched																
O3_B001369_B009009_S339			18	O3_B001369_B009009_S339	18_47_F	Thymus	False	1	False		unmatched																
O3_B002341_B009297_S267			18	O3_B002341_B009297_S267	18_46_F	Brain_Non-Myeloid	False	1	False		unmatched																
O3_B002452_B009020_S339	32.0	2.0	18	O3_B002452_B009020_S339	18_47_F	Spleen	True	2	True		unmatched																
O3_B002459_B007461_S339			18	O3_B002459_B007461_S339	18_46_F	Marrow	False	1	False		unmatched																
O3_B003007_B009008_S339	46.0	5.0	18	O3_B003007_B009008_S339	18_46_F	Thymus	True	3	True		unmatched																
O3_B003017_B009010_S339			18	O3_B003017_B009010_S339	18_45_M	Thymus	False	1	False		unmatched																
O3_B003263_B007458_S339			18	O3_B003263_B007458_S339	18_45_M	Limb_Muscle	False	1	False		unmatched																
O3_D045405_B009854_S339			18	O3_D045405_B009854_S339	18_45_M	Marrow	False	1	False		unmatched																
O4_B000767_B009945_S340	17.0	7.0	18	O4_B000767_B009945_S340	18_46_F	Liver	True	7	True		unmatched																
O4_B001369_B009009_S340			18	O4_B001369_B009009_S340	18_47_F	Thymus	False	1	False		unmatched																
O4_B002452_B009020_S340	128.0	2.0	18	O4_B002452_B009020_S340	18_47_F	Spleen	True	2	True		unmatched																
O4_B003262_B007459_S340	118.0	2.0	18	O4_B003262_B007459_S340	18_45_M	Diaphragm	True	2	True		unmatched																
O4_B003294_B007450_S340			18	O4_B003294_B007450_S340	18_47_F	Limb_Muscle	False	1	False		unmatched																
O5_B000236_B009007_S341			18	O5_B000236_B009007_S341	18_53_M	Thymus	False	1	False		unmatched																
O5_B000263_B007344_S341	94.0	9.0	18	O5_B000263_B007344_S341	18_46_F	Trachea	True	5	True		unmatched																
O5_B001369_B009009_S341			18	O5_B001369_B009009_S341	18_47_F	Thymus	False	1	False		unmatched																
O5_B003007_B009008_S341			18	O5_B003007_B009008_S341	18_46_F	Thymus	False	1	False		unmatched																
O5_B003017_B009010_S341			18	O5_B003017_B009010_S341	18_45_M	Thymus	False	1	False		unmatched																
O6_B000236_B009007_S342			18	O6_B000236_B009007_S342	18_53_M	Thymus	False	1	False		unmatched																
O6_B002459_B007461_S342			18	O6_B002459_B007461_S342	18_46_F	Marrow	False	1	False		unmatched																
O6_B003017_B009010_S342			18	O6_B003017_B009010_S342	18_45_M	Thymus	False	1	False		unmatched																
O7_B000236_B009007_S343			18	O7_B000236_B009007_S343	18_53_M	Thymus	False	1	False		unmatched																
O7_B001369_B009009_S343			18	O7_B001369_B009009_S343	18_47_F	Thymus	False	1	False		unmatched																
O7_B002673_B007460_S343			18	O7_B002673_B007460_S343	18_53_M	Marrow	False	1	False		unmatched																
O8_B000171_B009952_S344	29.0	7.0	18	O8_B000171_B009952_S344	18_53_M	Heart	True	7	True		unmatched																
O8_B000236_B009007_S344	135.0	2.0	18	O8_B000236_B009007_S344	18_53_M	Thymus	True	2	True		unmatched																
O8_B002452_B009020_S344			18	O8_B002452_B009020_S344	18_47_F	Spleen	False	1	False		unmatched																
O8_B002828_B007462_S344	1.0	3.0	18	O8_B002828_B007462_S344	18_47_F	Marrow	True	3	True		unmatched																
O8_D045342_B009019_S344			18	O8_D045342_B009019_S344	18_45_M	Spleen	False	1	False		unmatched																
O9_B000806_B008540_S345	10.0	18.0	18	O9_B000806_B008540_S345	18_46_F	MAT	True	18	True		unmatched																
O9_B001369_B009009_S345			18	O9_B001369_B009009_S345	18_47_F	Thymus	False	1	False		unmatched																
O9_B002452_B009020_S345			18	O9_B002452_B009020_S345	18_47_F	Spleen	False	1	False		unmatched																
O9_B002828_B007462_S345	6.0	2.0	18	O9_B002828_B007462_S345	18_47_F	Marrow	True	1	False		unmatched																
P10_B000236_B009007_S370	13.0	18.0	18	P10_B000236_B009007_S370	18_53_M	Thymus	True	17	True		unmatched																
P10_B000477_B008543_S370	24.0	11.0	18	P10_B000477_B008543_S370	18_53_M	MAT	True	11	True		unmatched																
P10_B000505_B008435_S370	65.0	7.0	18	P10_B000505_B008435_S370	18_45_M	GAT	True	7	True		unmatched																
P10_B000800_B008432_S370			18	P10_B000800_B008432_S370	18_47_F	BAT	False	1	False		unmatched																
P10_B000808_B008541_S370			18	P10_B000808_B008541_S370	18_47_F	SCAT	False	1	False		unmatched																
P10_B001369_B009009_S370			18	P10_B001369_B009009_S370	18_47_F	Thymus	False	1	False		unmatched																
P10_B002459_B007461_S370			18	P10_B002459_B007461_S370	18_46_F	Marrow	False	1	False		unmatched																
P10_B002828_B007462_S370	98.0	5.0	18	P10_B002828_B007462_S370	18_47_F	Marrow	True	2	True		unmatched																
P11_B000171_B009952_S371	84.0	6.0	18	P11_B000171_B009952_S371	18_53_M	Heart	True	6	True		unmatched																
P11_B000236_B009007_S371	13.0	18.0	18	P11_B000236_B009007_S371	18_53_M	Thymus	True	17	True		unmatched																
P11_B000490_B009961_S371	9.0	9.0	18	P11_B000490_B009961_S371	18_47_F	Heart	True	8	True		unmatched																
P11_B000814_B008548_S371			18	P11_B000814_B008548_S371	18_46_F	GAT	False	1	False		unmatched																
P11_B001369_B009009_S371	107.0	4.0	18	P11_B001369_B009009_S371	18_47_F	Thymus	True	3	True		unmatched																
P11_B002452_B009020_S371			18	P11_B002452_B009020_S371	18_47_F	Spleen	False	1	False		unmatched																
P11_B002459_B007461_S371	50.0	2.0	18	P11_B002459_B007461_S371	18_46_F	Marrow	True	2	True		unmatched																
P11_B003007_B009008_S371	46.0	5.0	18	P11_B003007_B009008_S371	18_46_F	Thymus	True	3	True		unmatched																
P11_B003294_B007450_S371			18	P11_B003294_B007450_S371	18_47_F	Limb_Muscle	False	1	False		unmatched																
P12_B000171_B009952_S372	135.0	2.0	18	P12_B000171_B009952_S372	18_53_M	Heart	True	2	True		unmatched																
P12_B000236_B009007_S372	13.0	18.0	18	P12_B000236_B009007_S372	18_53_M	Thymus	True	17	True		unmatched																
P12_B000794_B008549_S372			18	P12_B000794_B008549_S372	18_47_F	GAT	False	1	False		unmatched																
P12_B001369_B009009_S372			18	P12_B001369_B009009_S372	18_47_F	Thymus	False	1	False		unmatched																
P12_B002338_B009294_S48	127.0	2.0	18	P12_B002338_B009294_S48	18_47_F	Brain_Non-Myeloid	True	2	True		unmatched																
P12_B002828_B007462_S372			18	P12_B002828_B007462_S372	18_47_F	Marrow	False	1	False		unmatched																
P12_B003017_B009010_S372			18	P12_B003017_B009010_S372	18_45_M	Thymus	False	1	False		unmatched																
P13_B000236_B009007_S373	13.0	18.0	18	P13_B000236_B009007_S373	18_53_M	Thymus	True	17	True		unmatched																
P13_B000795_B008545_S373			18	P13_B000795_B008545_S373	18_47_F	MAT	False	1	False		unmatched																
P13_B000806_B008540_S373			18	P13_B000806_B008540_S373	18_46_F	MAT	False	1	False		unmatched																
P13_B001369_B009009_S373			18	P13_B001369_B009009_S373	18_47_F	Thymus	False	1	False		unmatched																
P13_B002828_B007462_S373			18	P13_B002828_B007462_S373	18_47_F	Marrow	False	1	False		unmatched																
P13_B003007_B009008_S373			18	P13_B003007_B009008_S373	18_46_F	Thymus	False	1	False		unmatched																
P13_B003017_B009010_S373			18	P13_B003017_B009010_S373	18_45_M	Thymus	False	1	False		unmatched																
P13_D045405_B009854_S373			18	P13_D045405_B009854_S373	18_45_M	Marrow	False	1	False		unmatched																
P14_B000236_B009007_S374			18	P14_B000236_B009007_S374	18_53_M	Thymus	False	1	False		unmatched																
P14_B000477_B008543_S374	12.0	4.0	18	P14_B000477_B008543_S374	18_53_M	MAT	True	4	True		unmatched																
P14_B000515_B008434_S374	12.0	4.0	18	P14_B000515_B008434_S374	18_53_M	BAT	True	4	True		unmatched																
P14_B000795_B008545_S374			18	P14_B000795_B008545_S374	18_47_F	MAT	False	1	False		unmatched																
P14_B002828_B007462_S374			18	P14_B002828_B007462_S374	18_47_F	Marrow	False	1	False		unmatched																
P14_B003007_B009008_S374			18	P14_B003007_B009008_S374	18_46_F	Thymus	False	1	False		unmatched																
P14_B003017_B009010_S374			18	P14_B003017_B009010_S374	18_45_M	Thymus	False	1	False		unmatched																
P15_B000236_B009007_S375	13.0	18.0	18	P15_B000236_B009007_S375	18_53_M	Thymus	True	17	True		unmatched																
P15_B000472_B009891_S375	16.0	6.0	18	P15_B000472_B009891_S375	18_53_M	Marrow	True	6	True		unmatched																
P15_B000795_B008545_S375			18	P15_B000795_B008545_S375	18_47_F	MAT	False	1	False		unmatched																
P15_B000805_B008544_S375			18	P15_B000805_B008544_S375	18_46_F	SCAT	False	1	False		unmatched																
P15_B003007_B009008_S375	93.0	7.0	18	P15_B003007_B009008_S375	18_46_F	Thymus	True	5	True		unmatched																
P15_B003017_B009010_S375			18	P15_B003017_B009010_S375	18_45_M	Thymus	False	1	False		unmatched																
P16_B000236_B009007_S376	13.0	18.0	18	P16_B000236_B009007_S376	18_53_M	Thymus	True	17	True		unmatched																
P16_B000795_B008545_S376	15.0	2.0	18	P16_B000795_B008545_S376	18_47_F	MAT	True	2	True		unmatched																
P16_B000808_B008541_S376			18	P16_B000808_B008541_S376	18_47_F	SCAT	False	1	False		unmatched																
P16_B000814_B008548_S376			18	P16_B000814_B008548_S376	18_46_F	GAT	False	1	False		unmatched																
P16_B001363_B009260_S16	10.0	18.0	18	P16_B001363_B009260_S16	18_46_F	Brain_Non-Myeloid	True	18	True		unmatched																
P16_B002673_B007460_S376			18	P16_B002673_B007460_S376	18_53_M	Marrow	False	1	False		unmatched																
P16_B002828_B007462_S376			18	P16_B002828_B007462_S376	18_47_F	Marrow	False	1	False		unmatched																
P16_B003007_B009008_S376	49.0	4.0	18	P16_B003007_B009008_S376	18_46_F	Thymus	True	1	False		unmatched																
P16_B003017_B009010_S376			18	P16_B003017_B009010_S376	18_45_M	Thymus	False	1	False		unmatched																
P17_B000236_B009007_S377	13.0	18.0	18	P17_B000236_B009007_S377	18_53_M	Thymus	True	17	True		unmatched																
P17_B000767_B009945_S377	75.0	3.0	18	P17_B000767_B009945_S377	18_46_F	Liver	True	3	True		unmatched																
P17_B002459_B007461_S377	119.0	2.0	18	P17_B002459_B007461_S377	18_46_F	Marrow	True	2	True		unmatched																
P17_B003007_B009008_S377			18	P17_B003007_B009008_S377	18_46_F	Thymus	False	1	False		unmatched																
P17_B003017_B009010_S377			18	P17_B003017_B009010_S377	18_45_M	Thymus	False	1	False		unmatched																
P17_D045405_B009854_S377			18	P17_D045405_B009854_S377	18_45_M	Marrow	False	1	False		unmatched																
P18_B000171_B009952_S378	12.0	4.0	18	P18_B000171_B009952_S378	18_53_M	Heart	True	4	True		unmatched																
P18_B000236_B009007_S378	13.0	18.0	18	P18_B000236_B009007_S378	18_53_M	Thymus	True	17	True		unmatched																
P18_B002459_B007461_S378	110.0	9.0	18	P18_B002459_B007461_S378	18_46_F	Marrow	True	6	True		unmatched																
P18_B002709_B009018_S378	126.0	2.0	18	P18_B002709_B009018_S378	18_53_M	Spleen	True	1	False		unmatched																
P18_B003007_B009008_S378			18	P18_B003007_B009008_S378	18_46_F	Thymus	False	1	False		unmatched																
P18_B003017_B009010_S378			18	P18_B003017_B009010_S378	18_45_M	Thymus	False	1	False		unmatched																
P19_B000236_B009007_S379	13.0	18.0	18	P19_B000236_B009007_S379	18_53_M	Thymus	True	17	True		unmatched																
P19_B002459_B007461_S379			18	P19_B002459_B007461_S379	18_46_F	Marrow	False	1	False		unmatched																
P19_B002828_B007462_S379	141.0	3.0	18	P19_B002828_B007462_S379	18_47_F	Marrow	True	3	True		unmatched																
P19_B003007_B009008_S379			18	P19_B003007_B009008_S379	18_46_F	Thymus	False	1	False		unmatched																
P19_B003017_B009010_S379			18	P19_B003017_B009010_S379	18_45_M	Thymus	False	1	False		unmatched																
P19_B003294_B007450_S379			18	P19_B003294_B007450_S379	18_47_F	Limb_Muscle	False	1	False		unmatched																
P1_B000236_B009007_S361	13.0	18.0	18	P1_B000236_B009007_S361	18_53_M	Thymus	True	17	True		unmatched																
P1_B001369_B009009_S361			18	P1_B001369_B009009_S361	18_47_F	Thymus	False	1	False		unmatched																
P1_B002452_B009020_S361	32.0	2.0	18	P1_B002452_B009020_S361	18_47_F	Spleen	True	2	True		unmatched																
P1_B003017_B009010_S361			18	P1_B003017_B009010_S361	18_45_M	Thymus	False	1	False		unmatched																
P20_B000236_B009007_S380	13.0	18.0	18	P20_B000236_B009007_S380	18_53_M	Thymus	True	17	True		unmatched																
P20_B002709_B009018_S380			18	P20_B002709_B009018_S380	18_53_M	Spleen	False	1	False		unmatched																
P20_B002828_B007462_S380	18.0	8.0	18	P20_B002828_B007462_S380	18_47_F	Marrow	True	3	True		unmatched																
P20_B002843_B009897_S380			18	P20_B002843_B009897_S380	18_47_F	Lung	False	1	False		unmatched																
P20_B003007_B009008_S380			18	P20_B003007_B009008_S380	18_46_F	Thymus	False	1	False		unmatched																
P21_B000236_B009007_S381	13.0	18.0	18	P21_B000236_B009007_S381	18_53_M	Thymus	True	17	True		unmatched																
P21_B000800_B008432_S381			18	P21_B000800_B008432_S381	18_47_F	BAT	False	1	False		unmatched																
P21_B001369_B009009_S381			18	P21_B001369_B009009_S381	18_47_F	Thymus	False	1	False		unmatched																
P21_B002244_B007447_S381			18	P21_B002244_B007447_S381	18_53_M	Limb_Muscle	False	1	False		unmatched																
P22_B000236_B009007_S382	13.0	18.0	18	P22_B000236_B009007_S382	18_53_M	Thymus	True	17	True		unmatched																
P22_B001369_B009009_S382			18	P22_B001369_B009009_S382	18_47_F	Thymus	False	1	False		unmatched																
P22_B002452_B009020_S382			18	P22_B002452_B009020_S382	18_47_F	Spleen	False	1	False		unmatched																
P22_B003017_B009010_S382			18	P22_B003017_B009010_S382	18_45_M	Thymus	False	1	False		unmatched																
P2_B000236_B009007_S362	13.0	18.0	18	P2_B000236_B009007_S362	18_53_M	Thymus	True	17	True		unmatched																
P2_B001369_B009009_S362			18	P2_B001369_B009009_S362	18_47_F	Thymus	False	1	False		unmatched																
P2_B002709_B009018_S362			18	P2_B002709_B009018_S362	18_53_M	Spleen	False	1	False		unmatched																
P2_B003017_B009010_S362			18	P2_B003017_B009010_S362	18_45_M	Thymus	False	1	False		unmatched																
P2_B003262_B007459_S362			18	P2_B003262_B007459_S362	18_45_M	Diaphragm	False	1	False		unmatched																
P3_B001369_B009009_S363			18	P3_B001369_B009009_S363	18_47_F	Thymus	False	1	False		unmatched																
P3_B002459_B007461_S363	33.0	2.0	18	P3_B002459_B007461_S363	18_46_F	Marrow	True	2	True		unmatched																
P3_B002828_B007462_S363	2.0	11.0	18	P3_B002828_B007462_S363	18_47_F	Marrow	True	11	True		unmatched																
P3_B003007_B009008_S363			18	P3_B003007_B009008_S363	18_46_F	Thymus	False	1	False		unmatched																
P4_B000236_B009007_S364			18	P4_B000236_B009007_S364	18_53_M	Thymus	False	1	False		unmatched																
P4_B000482_B009012_S364	54.0	2.0	18	P4_B000482_B009012_S364	18_46_F	Thymus	True	1	False		unmatched																
P4_B000767_B009945_S364	137.0	3.0	18	P4_B000767_B009945_S364	18_46_F	Liver	True	2	True		unmatched																
P4_B001369_B009009_S364			18	P4_B001369_B009009_S364	18_47_F	Thymus	False	1	False		unmatched																
P4_B002341_B009297_S292	10.0	18.0	18	P4_B002341_B009297_S292	18_46_F	Brain_Non-Myeloid	True	18	True		unmatched																
P4_B002466_B009898_S364			18	P4_B002466_B009898_S364	18_45_M	Lung	False	1	False		unmatched																
P4_B002828_B007462_S364	101.0	6.0	18	P4_B002828_B007462_S364	18_47_F	Marrow	True	6	True		unmatched																
P5_B000236_B009007_S365			18	P5_B000236_B009007_S365	18_53_M	Thymus	False	1	False		unmatched																
P5_B000750_B007346_S365	108.0	3.0	18	P5_B000750_B007346_S365	18_45_M	Trachea	True	3	True		unmatched																
P5_B001369_B009009_S365			18	P5_B001369_B009009_S365	18_47_F	Thymus	False	1	False		unmatched																
P5_B002459_B007461_S365			18	P5_B002459_B007461_S365	18_46_F	Marrow	False	1	False		unmatched																
P5_B002466_B009898_S365			18	P5_B002466_B009898_S365	18_45_M	Lung	False	1	False		unmatched																
P5_B003007_B009008_S365			18	P5_B003007_B009008_S365	18_46_F	Thymus	False	1	False		unmatched																
P6_B001369_B009009_S366			18	P6_B001369_B009009_S366	18_47_F	Thymus	False	1	False		unmatched																
P6_B002459_B007461_S366			18	P6_B002459_B007461_S366	18_46_F	Marrow	False	1	False		unmatched																
P6_B003017_B009010_S366			18	P6_B003017_B009010_S366	18_45_M	Thymus	False	1	False		unmatched																
P7_B000236_B009007_S367	13.0	18.0	18	P7_B000236_B009007_S367	18_53_M	Thymus	True	17	True		unmatched																
P7_B000263_B007344_S367	58.0	2.0	18	P7_B000263_B007344_S367	18_46_F	Trachea	True	1	False		unmatched																
P7_B001369_B009009_S367			18	P7_B001369_B009009_S367	18_47_F	Thymus	False	1	False		unmatched																
P7_B002341_B009297_S295			18	P7_B002341_B009297_S295	18_46_F	Brain_Non-Myeloid	False	1	False		unmatched																
P7_B002452_B009020_S367	111.0	2.0	18	P7_B002452_B009020_S367	18_47_F	Spleen	True	2	True		unmatched																
P7_B002828_B007462_S367	23.0	2.0	18	P7_B002828_B007462_S367	18_47_F	Marrow	True	2	True		unmatched																
P7_B003017_B009010_S367			18	P7_B003017_B009010_S367	18_45_M	Thymus	False	1	False		unmatched																
P7_D045405_B009854_S367	41.0	2.0	18	P7_D045405_B009854_S367	18_45_M	Marrow	True	2	True		unmatched																
P8_B000236_B009007_S368	13.0	18.0	18	P8_B000236_B009007_S368	18_53_M	Thymus	True	17	True		unmatched																
P8_B001369_B009009_S368			18	P8_B001369_B009009_S368	18_47_F	Thymus	False	1	False		unmatched																
P8_B002452_B009020_S368	110.0	9.0	18	P8_B002452_B009020_S368	18_47_F	Spleen	True	3	True		unmatched																
P8_B003007_B009008_S368			18	P8_B003007_B009008_S368	18_46_F	Thymus	False	1	False		unmatched																
P8_B003017_B009010_S368			18	P8_B003017_B009010_S368	18_45_M	Thymus	False	1	False		unmatched																
P8_D045405_B009854_S368			18	P8_D045405_B009854_S368	18_45_M	Marrow	False	1	False		unmatched																
P9_B000236_B009007_S369	13.0	18.0	18	P9_B000236_B009007_S369	18_53_M	Thymus	True	17	True		unmatched																
P9_B000795_B008545_S369			18	P9_B000795_B008545_S369	18_47_F	MAT	False	1	False		unmatched																
P9_B000814_B008548_S369			18	P9_B000814_B008548_S369	18_46_F	GAT	False	1	False		unmatched																
P9_B001369_B009009_S369	21.0	10.0	18	P9_B001369_B009009_S369	18_47_F	Thymus	True	3	True		unmatched																
P9_B002452_B009020_S369	58.0	2.0	18	P9_B002452_B009020_S369	18_47_F	Spleen	True	1	False		unmatched																
P9_B002459_B007461_S369	25.0	4.0	18	P9_B002459_B007461_S369	18_46_F	Marrow	True	2	True		unmatched																
P9_B002828_B007462_S369	2.0	11.0	18	P9_B002828_B007462_S369	18_47_F	Marrow	True	11	True		unmatched																
P9_B003007_B009008_S369	46.0	5.0	18	P9_B003007_B009008_S369	18_46_F	Thymus	True	3	True		unmatched																
P9_D045405_B009854_S369			18	P9_D045405_B009854_S369	18_45_M	Marrow	False	1	False		unmatched																
A10_B000333_S154_L004			24	A10_B000333_S154_L004	24_60_M	MAT	False	1	False		unmatched																
A10_B000830_S10_L004			24	A10_B000830_S10_L004	24_60_M	Thymus	False	1	False		unmatched																
A10_B001190_S46			24	A10_B001190_S46	24_58_M	MAT	False	1	False		unmatched																
A10_B001277_S10_L002			24	A10_B001277_S10_L002	24_61_M	Thymus	False	1	False		unmatched																
A10_B001397_S178_L001			24	A10_B001397_S178_L001	24_59_M	Thymus	False	1	False		unmatched																
A10_B002887_S94_L001			24	A10_B002887_S94_L001	24_58_M	BAT	False	1	False		unmatched																
A11_B000830_S11_L004			24	A11_B000830_S11_L004	24_60_M	Thymus	False	1	False		unmatched																
A11_B000834_S239_L004			24	A11_B000834_S239_L004	24_60_M	BAT	False	1	False		unmatched																
A11_B000851_S11_L004			24	A11_B000851_S11_L004	24_61_M	Spleen	False	1	False		unmatched																
A11_B001261_S287_L003	35.0	5.0	24	A11_B001261_S287_L003	24_59_M	Kidney	True	5	True		unmatched																
A11_B001277_S11_L002			24	A11_B001277_S11_L002	24_61_M	Thymus	False	1	False		unmatched																
A11_B002892_S35			24	A11_B002892_S35	24_58_M	Marrow	False	1	False		unmatched																
A11_B003031_S107_L004			24	A11_B003031_S107_L004	24_60_M	Marrow	False	1	False		unmatched																
A12_B001183_S252_L003			24	A12_B001183_S252_L003	24_59_M	MAT	False	1	False		unmatched																
A12_B001190_S48			24	A12_B001190_S48	24_58_M	MAT	False	1	False		unmatched																
A12_B001386_S252_L003			24	A12_B001386_S252_L003	24_58_M	Liver	False	1	False		unmatched																
A12_B001397_S180_L001			24	A12_B001397_S180_L001	24_59_M	Thymus	False	1	False		unmatched																
A12_B002892_S36			24	A12_B002892_S36	24_58_M	Marrow	False	1	False		unmatched																
A12_B002907_S36_L003			24	A12_B002907_S36_L003	24_59_M	SCAT	False	1	False		unmatched																
A13_B000331_S13_L004	78.0	4.0	24	A13_B000331_S13_L004	24_61_M	GAT	True	4	True		unmatched																
A13_B000848_S289_L003			24	A13_B000848_S289_L003	24_60_M	Spleen	False	1	False		unmatched																
A13_B000851_S13_L004			24	A13_B000851_S13_L004	24_61_M	Spleen	False	1	False		unmatched																
A13_B001183_S253_L003			24	A13_B001183_S253_L003	24_59_M	MAT	False	1	False		unmatched																
A13_B001385_S85_L003			24	A13_B001385_S85_L003	24_58_M	Thymus	False	1	False		unmatched																
A13_B001397_S181_L001			24	A13_B001397_S181_L001	24_59_M	Thymus	False	1	False		unmatched																
A13_B002887_S97_L001			24	A13_B002887_S97_L001	24_58_M	BAT	False	1	False		unmatched																
A13_B002892_S37			24	A13_B002892_S37	24_58_M	Marrow	False	1	False		unmatched																
A14_B000331_S14_L004			24	A14_B000331_S14_L004	24_61_M	GAT	False	1	False		unmatched																
A14_B000333_S158_L004			24	A14_B000333_S158_L004	24_60_M	MAT	False	1	False		unmatched																
A14_B001183_S254_L003			24	A14_B001183_S254_L003	24_59_M	MAT	False	1	False		unmatched																
A14_B002887_S98_L001			24	A14_B002887_S98_L001	24_58_M	BAT	False	1	False		unmatched																
A15_B000848_S291_L003			24	A15_B000848_S291_L003	24_60_M	Spleen	False	1	False		unmatched																
A15_B001183_S255_L003			24	A15_B001183_S255_L003	24_59_M	MAT	False	1	False		unmatched																
A15_B001190_S51			24	A15_B001190_S51	24_58_M	MAT	False	1	False		unmatched																
A15_B001265_S3_L002			24	A15_B001265_S3_L002	24_59_M	Spleen	False	1	False		unmatched																
A15_B001277_S15_L002			24	A15_B001277_S15_L002	24_61_M	Thymus	False	1	False		unmatched																
A15_B001385_S87_L003			24	A15_B001385_S87_L003	24_58_M	Thymus	False	1	False		unmatched																
A15_B001397_S183_L001			24	A15_B001397_S183_L001	24_59_M	Thymus	False	1	False		unmatched																
A15_B002257_S15_L001	30.0	4.0	24	A15_B002257_S15_L001	24_61_M	Marrow	True	4	True		unmatched																
A15_B002949_S87_L002			24	A15_B002949_S87_L002	24_59_M	Marrow	False	1	False		unmatched																
A15_B003902_S135_L002			24	A15_B003902_S135_L002	24_59_M	Liver	False	1	False		unmatched																
A16_B000333_S160_L004			24	A16_B000333_S160_L004	24_60_M	MAT	False	1	False		unmatched																
A16_B000848_S292_L003			24	A16_B000848_S292_L003	24_60_M	Spleen	False	1	False		unmatched																
A16_B001183_S256_L003			24	A16_B001183_S256_L003	24_59_M	MAT	False	1	False		unmatched																
A16_B001385_S88_L003			24	A16_B001385_S88_L003	24_58_M	Thymus	False	1	False		unmatched																
A16_B001397_S184_L001			24	A16_B001397_S184_L001	24_59_M	Thymus	False	1	False		unmatched																
A16_B002892_S40			24	A16_B002892_S40	24_58_M	Marrow	False	1	False		unmatched																
A17_B001397_S185_L001			24	A17_B001397_S185_L001	24_59_M	Thymus	False	1	False		unmatched																
A17_B002892_S41	69.0	2.0	24	A17_B002892_S41	24_58_M	Marrow	True	2	True		unmatched																
A17_B003031_S113_L004			24	A17_B003031_S113_L004	24_60_M	Marrow	False	1	False		unmatched																
A17_B003902_S137_L002	14.0	6.0	24	A17_B003902_S137_L002	24_59_M	Liver	True	6	True		unmatched																
A18_B000848_S294_L003			24	A18_B000848_S294_L003	24_60_M	Spleen	False	1	False		unmatched																
A18_B001385_S90_L003			24	A18_B001385_S90_L003	24_58_M	Thymus	False	1	False		unmatched																
A18_B001397_S186_L001			24	A18_B001397_S186_L001	24_59_M	Thymus	False	1	False		unmatched																
A18_B003031_S114_L004			24	A18_B003031_S114_L004	24_60_M	Marrow	False	1	False		unmatched																
A18_B003234_S78_L004			24	A18_B003234_S78_L004	24_60_M	Lung	False	1	False		unmatched																
A19_B002892_S43	94.0	2.0	24	A19_B002892_S43	24_58_M	Marrow	True	2	True		unmatched																
A19_B002946_S55_L002			24	A19_B002946_S55_L002	24_58_M	Lung	False	1	False		unmatched																
A19_B002949_S91_L002			24	A19_B002949_S91_L002	24_59_M	Marrow	False	1	False		unmatched																
A1_B001263_S169			24	A1_B001263_S169	24_58_M	Spleen	False	1	False		unmatched																
A1_B001277_S1_L002			24	A1_B001277_S1_L002	24_61_M	Thymus	False	1	False		unmatched																
A1_B001385_S73_L003			24	A1_B001385_S73_L003	24_58_M	Thymus	False	1	False		unmatched																
A20_B001397_S188_L001			24	A20_B001397_S188_L001	24_59_M	Thymus	False	1	False		unmatched																
A20_B008782_S212_L004	82.0	3.0	24	A20_B008782_S212_L004	24_59_M	Liver	True	3	True		unmatched																
A21_B001277_S21_L002			24	A21_B001277_S21_L002	24_61_M	Thymus	False	1	False		unmatched																
A21_B001385_S93_L003			24	A21_B001385_S93_L003	24_58_M	Thymus	False	1	False		unmatched																
A21_B001397_S189_L001			24	A21_B001397_S189_L001	24_59_M	Thymus	False	1	False		unmatched																
A21_B002946_S57_L002			24	A21_B002946_S57_L002	24_58_M	Lung	False	1	False		unmatched																
A22_B001263_S190			24	A22_B001263_S190	24_58_M	Spleen	False	1	False		unmatched																
A2_B001277_S2_L002	68.0	2.0	24	A2_B001277_S2_L002	24_61_M	Thymus	True	2	True		unmatched																
A2_B001397_S170_L001	23.0	2.0	24	A2_B001397_S170_L001	24_59_M	Thymus	True	2	True		unmatched																
A2_B002875_S170_L001			24	A2_B002875_S170_L001	24_59_M	Lung	False	1	False		unmatched																
A2_B002990_S2_L003	67.0	5.0	24	A2_B002990_S2_L003	24_61_M	Trachea	True	5	True		unmatched																
A3_B000848_S279_L003			24	A3_B000848_S279_L003	24_60_M	Spleen	False	1	False		unmatched																
A3_B001263_S171	101.0	2.0	24	A3_B001263_S171	24_58_M	Spleen	True	2	True		unmatched																
A3_B001277_S3_L002	15.0	15.0	24	A3_B001277_S3_L002	24_61_M	Thymus	True	15	True		unmatched																
A3_B001385_S75_L003			24	A3_B001385_S75_L003	24_58_M	Thymus	False	1	False		unmatched																
A3_B001397_S171_L001			24	A3_B001397_S171_L001	24_59_M	Thymus	False	1	False		unmatched																
A3_B002875_S171_L001	14.0	6.0	24	A3_B002875_S171_L001	24_59_M	Lung	True	6	True		unmatched																
A4_B001385_S76_L003			24	A4_B001385_S76_L003	24_58_M	Thymus	False	1	False		unmatched																
A4_B001397_S172_L001			24	A4_B001397_S172_L001	24_59_M	Thymus	False	1	False		unmatched																
A4_B003902_S124_L002			24	A4_B003902_S124_L002	24_59_M	Liver	False	1	False		unmatched																
A5_B001277_S5_L002			24	A5_B001277_S5_L002	24_61_M	Thymus	False	1	False		unmatched																
A5_B001385_S77_L003			24	A5_B001385_S77_L003	24_58_M	Thymus	False	1	False		unmatched																
A5_B001397_S173_L001			24	A5_B001397_S173_L001	24_59_M	Thymus	False	1	False		unmatched																
A5_B002988_S17_L004			24	A5_B002988_S17_L004	24_60_M	Trachea	False	1	False		unmatched																
A6_B001277_S6_L002			24	A6_B001277_S6_L002	24_61_M	Thymus	False	1	False		unmatched																
A6_B001385_S78_L003			24	A6_B001385_S78_L003	24_58_M	Thymus	False	1	False		unmatched																
A6_B002949_S78_L002	1.0	2.0	24	A6_B002949_S78_L002	24_59_M	Marrow	True	2	True		unmatched																
A7_B000830_S7_L004			24	A7_B000830_S7_L004	24_60_M	Thymus	False	1	False		unmatched																
A7_B001277_S7_L002			24	A7_B001277_S7_L002	24_61_M	Thymus	False	1	False		unmatched																
A8_B000848_S284_L003			24	A8_B000848_S284_L003	24_60_M	Spleen	False	1	False		unmatched																
A8_B001277_S8_L002	84.0	2.0	24	A8_B001277_S8_L002	24_61_M	Thymus	True	2	True		unmatched																
A8_B001397_S176_L001			24	A8_B001397_S176_L001	24_59_M	Thymus	False	1	False		unmatched																
A9_B000830_S9_L004	96.0	2.0	24	A9_B000830_S9_L004	24_60_M	Thymus	True	2	True		unmatched																
A9_B001183_S249_L003			24	A9_B001183_S249_L003	24_59_M	MAT	False	1	False		unmatched																
A9_B001263_S177			24	A9_B001263_S177	24_58_M	Spleen	False	1	False		unmatched																
A9_B001277_S9_L002			24	A9_B001277_S9_L002	24_61_M	Thymus	False	1	False		unmatched																
A9_B001385_S81_L003			24	A9_B001385_S81_L003	24_58_M	Thymus	False	1	False		unmatched																
A9_B002898_S93			24	A9_B002898_S93	24_58_M	GAT	False	1	False		unmatched																
A9_B002949_S81_L002	73.0	2.0	24	A9_B002949_S81_L002	24_59_M	Marrow	True	2	True		unmatched																
B10_B000830_S34_L004			24	B10_B000830_S34_L004	24_60_M	Thymus	False	1	False		unmatched																
B10_B001183_S274_L003			24	B10_B001183_S274_L003	24_59_M	MAT	False	1	False		unmatched																
B10_B001188_S286			24	B10_B001188_S286	24_58_M	SCAT	False	1	False		unmatched																
B10_B002881_S118_L001			24	B10_B002881_S118_L001	24_59_M	Trachea	False	1	False		unmatched																
B11_B001277_S35_L002			24	B11_B001277_S35_L002	24_61_M	Thymus	False	1	False		unmatched																
B11_B001397_S203_L001			24	B11_B001397_S203_L001	24_59_M	Thymus	False	1	False		unmatched																
B11_B002900_S143_L003			24	B11_B002900_S143_L003	24_59_M	GAT	False	1	False		unmatched																
B11_B003031_S131_L004			24	B11_B003031_S131_L004	24_60_M	Marrow	False	1	False		unmatched																
B12_B000333_S180_L004			24	B12_B000333_S180_L004	24_60_M	MAT	False	1	False		unmatched																
B12_B000851_S36_L004			24	B12_B000851_S36_L004	24_61_M	Spleen	False	1	False		unmatched																
B12_B001397_S204_L001			24	B12_B001397_S204_L001	24_59_M	Thymus	False	1	False		unmatched																
B12_B002892_S60			24	B12_B002892_S60	24_58_M	Marrow	False	1	False		unmatched																
B13_B000331_S37_L004			24	B13_B000331_S37_L004	24_61_M	GAT	False	1	False		unmatched																
B13_B000332_S145_L003	70.0	2.0	24	B13_B000332_S145_L003	24_60_M	SCAT	True	2	True		unmatched																
B13_B000337_S229_L003			24	B13_B000337_S229_L003	24_60_M	GAT	False	1	False		unmatched																
B13_B000851_S37_L004			24	B13_B000851_S37_L004	24_61_M	Spleen	False	1	False		unmatched																
B13_B001385_S109_L003			24	B13_B001385_S109_L003	24_58_M	Thymus	False	1	False		unmatched																
B13_B001397_S205_L001			24	B13_B001397_S205_L001	24_59_M	Thymus	False	1	False		unmatched																
B13_B002881_S121_L001			24	B13_B002881_S121_L001	24_59_M	Trachea	False	1	False		unmatched																
B13_B002900_S145_L003			24	B13_B002900_S145_L003	24_59_M	GAT	False	1	False		unmatched																
B14_B002898_S122	57.0	4.0	24	B14_B002898_S122	24_58_M	GAT	True	4	True		unmatched																
B15_B001188_S291			24	B15_B001188_S291	24_58_M	SCAT	False	1	False		unmatched																
B15_B001190_S75			24	B15_B001190_S75	24_58_M	MAT	False	1	False		unmatched																
B15_B001263_S207			24	B15_B001263_S207	24_58_M	Spleen	False	1	False		unmatched																
B15_B001385_S111_L003			24	B15_B001385_S111_L003	24_58_M	Thymus	False	1	False		unmatched																
B15_B001397_S207_L001			24	B15_B001397_S207_L001	24_59_M	Thymus	False	1	False		unmatched																
B15_B002898_S123			24	B15_B002898_S123	24_58_M	GAT	False	1	False		unmatched																
B15_B002900_S147_L003			24	B15_B002900_S147_L003	24_59_M	GAT	False	1	False		unmatched																
B15_B002949_S111_L002			24	B15_B002949_S111_L002	24_59_M	Marrow	False	1	False		unmatched																
B15_B003790_S159_L002	81.0	2.0	24	B15_B003790_S159_L002	24_60_M	Heart	True	2	True		unmatched																
B15_B003902_S159_L002			24	B15_B003902_S159_L002	24_59_M	Liver	False	1	False		unmatched																
B16_B000337_S232_L003			24	B16_B000337_S232_L003	24_60_M	GAT	False	1	False		unmatched																
B16_B001188_S292			24	B16_B001188_S292	24_58_M	SCAT	False	1	False		unmatched																
B16_B001397_S208_L001			24	B16_B001397_S208_L001	24_59_M	Thymus	False	1	False		unmatched																
B16_B002892_S64			24	B16_B002892_S64	24_58_M	Marrow	False	1	False		unmatched																
B16_B002949_S112_L002			24	B16_B002949_S112_L002	24_59_M	Marrow	False	1	False		unmatched																
B17_B000851_S41_L004			24	B17_B000851_S41_L004	24_61_M	Spleen	False	1	False		unmatched																
B17_B001277_S41_L002			24	B17_B001277_S41_L002	24_61_M	Thymus	False	1	False		unmatched																
B17_B001385_S113_L003			24	B17_B001385_S113_L003	24_58_M	Thymus	False	1	False		unmatched																
B17_B001397_S209_L001			24	B17_B001397_S209_L001	24_59_M	Thymus	False	1	False		unmatched																
B18_B001397_S210_L001			24	B18_B001397_S210_L001	24_59_M	Thymus	False	1	False		unmatched																
B19_B001385_S115_L003			24	B19_B001385_S115_L003	24_58_M	Thymus	False	1	False		unmatched																
B19_B001397_S211_L001			24	B19_B001397_S211_L001	24_59_M	Thymus	False	1	False		unmatched																
B19_B003902_S163_L002			24	B19_B003902_S163_L002	24_59_M	Liver	False	1	False		unmatched																
B1_B001263_S193			24	B1_B001263_S193	24_58_M	Spleen	False	1	False		unmatched																
B1_B002892_S49			24	B1_B002892_S49	24_58_M	Marrow	False	1	False		unmatched																
B1_B003843_S1_L004	22.0	3.0	24	B1_B003843_S1_L004	24_58_M	Trachea	True	3	True		unmatched																
B20_B000851_S44_L004	19.0	7.0	24	B20_B000851_S44_L004	24_61_M	Spleen	True	7	True		unmatched																
B20_B001397_S212_L001			24	B20_B001397_S212_L001	24_59_M	Thymus	False	1	False		unmatched																
B20_B003031_S140_L004	48.0	3.0	24	B20_B003031_S140_L004	24_60_M	Marrow	True	3	True		unmatched																
B20_B003234_S104_L004	33.0	3.0	24	B20_B003234_S104_L004	24_60_M	Lung	True	3	True		unmatched																
B20_B003863_S44_L003			24	B20_B003863_S44_L003	24_61_M	Limb_Muscle	False	1	False		unmatched																
B21_B000848_S21_L003			24	B21_B000848_S21_L003	24_60_M	Spleen	False	1	False		unmatched																
B21_B001265_S33_L002	73.0	2.0	24	B21_B001265_S33_L002	24_59_M	Spleen	True	2	True		unmatched																
B21_B001385_S117_L003			24	B21_B001385_S117_L003	24_58_M	Thymus	False	1	False		unmatched																
B21_B001397_S213_L001			24	B21_B001397_S213_L001	24_59_M	Thymus	False	1	False		unmatched																
B22_B000848_S22_L003			24	B22_B000848_S22_L003	24_60_M	Spleen	False	1	False		unmatched																
B22_B001385_S118_L003			24	B22_B001385_S118_L003	24_58_M	Thymus	False	1	False		unmatched																
B22_B002949_S118_L002			24	B22_B002949_S118_L002	24_59_M	Marrow	False	1	False		unmatched																
B22_B002988_S58_L004			24	B22_B002988_S58_L004	24_60_M	Trachea	False	1	False		unmatched																
B22_B003856_S274_L004			24	B22_B003856_S274_L004	24_59_M	Heart	False	1	False		unmatched																
B2_B001277_S26_L002			24	B2_B001277_S26_L002	24_61_M	Thymus	False	1	False		unmatched																
B2_B001397_S194_L001			24	B2_B001397_S194_L001	24_59_M	Thymus	False	1	False		unmatched																
B2_B003791_S26_L004	42.0	10.0	24	B2_B003791_S26_L004	24_61_M	Heart	True	10	True		unmatched																
B3_B001277_S27_L002			24	B3_B001277_S27_L002	24_61_M	Thymus	False	1	False		unmatched																
B3_B001385_S99_L003			24	B3_B001385_S99_L003	24_58_M	Thymus	False	1	False		unmatched																
B3_B002875_S195_L001			24	B3_B002875_S195_L001	24_59_M	Lung	False	1	False		unmatched																
B3_B003031_S123_L004			24	B3_B003031_S123_L004	24_60_M	Marrow	False	1	False		unmatched																
B4_B001277_S28_L002			24	B4_B001277_S28_L002	24_61_M	Thymus	False	1	False		unmatched																
B4_B001385_S100_L003			24	B4_B001385_S100_L003	24_58_M	Thymus	False	1	False		unmatched																
B4_B001397_S196_L001			24	B4_B001397_S196_L001	24_59_M	Thymus	False	1	False		unmatched																
B4_B001615_S64_L001			24	B4_B001615_S64_L001	24_60_M	Brain_Non-Myeloid	False	1	False		unmatched																
B5_B001385_S101_L003			24	B5_B001385_S101_L003	24_58_M	Thymus	False	1	False		unmatched																
B5_B001397_S197_L001			24	B5_B001397_S197_L001	24_59_M	Thymus	False	1	False		unmatched																
B5_B001615_S65_L001			24	B5_B001615_S65_L001	24_60_M	Brain_Non-Myeloid	False	1	False		unmatched																
B5_B002892_S53			24	B5_B002892_S53	24_58_M	Marrow	False	1	False		unmatched																
B5_B002949_S101_L002			24	B5_B002949_S101_L002	24_59_M	Marrow	False	1	False		unmatched																
B5_B003031_S125_L004	27.0	4.0	24	B5_B003031_S125_L004	24_60_M	Marrow	True	4	True		unmatched																
B5_B003902_S149_L002			24	B5_B003902_S149_L002	24_59_M	Liver	False	1	False		unmatched																
B6_B000830_S30_L004			24	B6_B000830_S30_L004	24_60_M	Thymus	False	1	False		unmatched																
B6_B001385_S102_L003			24	B6_B001385_S102_L003	24_58_M	Thymus	False	1	False		unmatched																
B6_B001397_S198_L001			24	B6_B001397_S198_L001	24_59_M	Thymus	False	1	False		unmatched																
B6_B003031_S126_L004	13.0	2.0	24	B6_B003031_S126_L004	24_60_M	Marrow	True	2	True		unmatched																
B7_B000342_S31_L004	15.0	15.0	24	B7_B000342_S31_L004	24_61_M	Lung	True	15	True		unmatched																
B7_B000830_S31_L004			24	B7_B000830_S31_L004	24_60_M	Thymus	False	1	False		unmatched																
B7_B001277_S31_L002			24	B7_B001277_S31_L002	24_61_M	Thymus	False	1	False		unmatched																
B7_B001397_S199_L001			24	B7_B001397_S199_L001	24_59_M	Thymus	False	1	False		unmatched																
B7_B001612_S31_L001			24	B7_B001612_S31_L001	24_61_M	Brain_Non-Myeloid	False	1	False		unmatched																
B7_B002892_S55			24	B7_B002892_S55	24_58_M	Marrow	False	1	False		unmatched																
B7_B002949_S103_L002			24	B7_B002949_S103_L002	24_59_M	Marrow	False	1	False		unmatched																
B8_B000830_S32_L004			24	B8_B000830_S32_L004	24_60_M	Thymus	False	1	False		unmatched																
B8_B001277_S32_L002			24	B8_B001277_S32_L002	24_61_M	Thymus	False	1	False		unmatched																
B8_B001385_S104_L003			24	B8_B001385_S104_L003	24_58_M	Thymus	False	1	False		unmatched																
B8_B001397_S200_L001			24	B8_B001397_S200_L001	24_59_M	Thymus	False	1	False		unmatched																
B8_B002881_S116_L001			24	B8_B002881_S116_L001	24_59_M	Trachea	False	1	False		unmatched																
B8_B002892_S56			24	B8_B002892_S56	24_58_M	Marrow	False	1	False		unmatched																
B8_B003031_S128_L004			24	B8_B003031_S128_L004	24_60_M	Marrow	False	1	False		unmatched																
B9_B000322_S33_L004	19.0	7.0	24	B9_B000322_S33_L004	24_61_M	SCAT	True	7	True		unmatched																
B9_B000333_S177_L004			24	B9_B000333_S177_L004	24_60_M	MAT	False	1	False		unmatched																
B9_B002898_S117			24	B9_B002898_S117	24_58_M	GAT	False	1	False		unmatched																
B9_B002907_S57_L003			24	B9_B002907_S57_L003	24_59_M	SCAT	False	1	False		unmatched																
C10_B000322_S58_L004			24	C10_B000322_S58_L004	24_61_M	SCAT	False	1	False		unmatched																
C10_B000331_S58_L004			24	C10_B000331_S58_L004	24_61_M	GAT	False	1	False		unmatched																
C10_B000332_S166_L003	59.0	3.0	24	C10_B000332_S166_L003	24_60_M	SCAT	True	3	True		unmatched																
C10_B000830_S58_L004			24	C10_B000830_S58_L004	24_60_M	Thymus	False	1	False		unmatched																
C10_B001190_S94			24	C10_B001190_S94	24_58_M	MAT	False	1	False		unmatched																
C10_B001397_S226_L001			24	C10_B001397_S226_L001	24_59_M	Thymus	False	1	False		unmatched																
C10_B002257_S58_L001			24	C10_B002257_S58_L001	24_61_M	Marrow	False	1	False		unmatched																
C10_B002892_S82			24	C10_B002892_S82	24_58_M	Marrow	False	1	False		unmatched																
C10_B003031_S154_L004			24	C10_B003031_S154_L004	24_60_M	Marrow	False	1	False		unmatched																
C11_B000337_S251_L003	29.0	2.0	24	C11_B000337_S251_L003	24_60_M	GAT	True	2	True		unmatched																
C11_B000830_S59_L004			24	C11_B000830_S59_L004	24_60_M	Thymus	False	1	False		unmatched																
C11_B000848_S35_L003			24	C11_B000848_S35_L003	24_60_M	Spleen	False	1	False		unmatched																
C11_B001183_S299_L003			24	C11_B001183_S299_L003	24_59_M	MAT	False	1	False		unmatched																
C11_B001277_S59_L002			24	C11_B001277_S59_L002	24_61_M	Thymus	False	1	False		unmatched																
C11_B001385_S131_L003			24	C11_B001385_S131_L003	24_58_M	Thymus	False	1	False		unmatched																
C11_B001397_S227_L001			24	C11_B001397_S227_L001	24_59_M	Thymus	False	1	False		unmatched																
C11_B002898_S143			24	C11_B002898_S143	24_58_M	GAT	False	1	False		unmatched																
C11_B002900_S167_L003			24	C11_B002900_S167_L003	24_59_M	GAT	False	1	False		unmatched																
C11_B003902_S179_L002			24	C11_B003902_S179_L002	24_59_M	Liver	False	1	False		unmatched																
C12_B000333_S204_L004	77.0	5.0	24	C12_B000333_S204_L004	24_60_M	MAT	True	5	True		unmatched																
C12_B001183_S300_L003			24	C12_B001183_S300_L003	24_59_M	MAT	False	1	False		unmatched																
C12_B001190_S96			24	C12_B001190_S96	24_58_M	MAT	False	1	False		unmatched																
C12_B001263_S228			24	C12_B001263_S228	24_58_M	Spleen	False	1	False		unmatched																
C12_B001385_S132_L003			24	C12_B001385_S132_L003	24_58_M	Thymus	False	1	False		unmatched																
C12_B002881_S144_L001			24	C12_B002881_S144_L001	24_59_M	Trachea	False	1	False		unmatched																
C12_B002992_S60_L003			24	C12_B002992_S60_L003	24_61_M	Marrow	False	1	False		unmatched																
C13_B001261_S37_L003	80.0	2.0	24	C13_B001261_S37_L003	24_59_M	Kidney	True	2	True		unmatched																
C13_B001263_S229			24	C13_B001263_S229	24_58_M	Spleen	False	1	False		unmatched																
C13_B001385_S133_L003			24	C13_B001385_S133_L003	24_58_M	Thymus	False	1	False		unmatched																
C13_B001397_S229_L001			24	C13_B001397_S229_L001	24_59_M	Thymus	False	1	False		unmatched																
C13_B002892_S85			24	C13_B002892_S85	24_58_M	Marrow	False	1	False		unmatched																
C13_B002990_S61_L003			24	C13_B002990_S61_L003	24_61_M	Trachea	False	1	False		unmatched																
C13_B003031_S157_L004			24	C13_B003031_S157_L004	24_60_M	Marrow	False	1	False		unmatched																
C14_B000844_S14_L001	7.0	12.0	24	C14_B000844_S14_L001	24_60_M	Kidney	True	12	True		unmatched																
C14_B001190_S98			24	C14_B001190_S98	24_58_M	MAT	False	1	False		unmatched																
C14_B001277_S62_L002			24	C14_B001277_S62_L002	24_61_M	Thymus	False	1	False		unmatched																
C14_B002887_S146_L001			24	C14_B002887_S146_L001	24_58_M	BAT	False	1	False		unmatched																
C14_B002900_S170_L003			24	C14_B002900_S170_L003	24_59_M	GAT	False	1	False		unmatched																
C14_B003031_S158_L004			24	C14_B003031_S158_L004	24_60_M	Marrow	False	1	False		unmatched																
C15_B000844_S15_L001			24	C15_B000844_S15_L001	24_60_M	Kidney	False	1	False		unmatched																
C15_B001188_S15			24	C15_B001188_S15	24_58_M	SCAT	False	1	False		unmatched																
C15_B001263_S231			24	C15_B001263_S231	24_58_M	Spleen	False	1	False		unmatched																
C15_B001385_S135_L003			24	C15_B001385_S135_L003	24_58_M	Thymus	False	1	False		unmatched																
C15_B001397_S231_L001			24	C15_B001397_S231_L001	24_59_M	Thymus	False	1	False		unmatched																
C15_B002898_S147			24	C15_B002898_S147	24_58_M	GAT	False	1	False		unmatched																
C15_B002900_S171_L003	12.0	9.0	24	C15_B002900_S171_L003	24_59_M	GAT	True	9	True		unmatched																
C15_B002907_S87_L003			24	C15_B002907_S87_L003	24_59_M	SCAT	False	1	False		unmatched																
C15_B002949_S135_L002			24	C15_B002949_S135_L002	24_59_M	Marrow	False	1	False		unmatched																
C15_B003841_S39	39.0	8.0	24	C15_B003841_S39	24_58_M	Heart	True	8	True		unmatched																
C16_B000848_S40_L003			24	C16_B000848_S40_L003	24_60_M	Spleen	False	1	False		unmatched																
C16_B001188_S16			24	C16_B001188_S16	24_58_M	SCAT	False	1	False		unmatched																
C16_B001190_S100			24	C16_B001190_S100	24_58_M	MAT	False	1	False		unmatched																
C16_B003856_S292_L004	21.0	4.0	24	C16_B003856_S292_L004	24_59_M	Heart	True	4	True		unmatched																
C16_B003902_S184_L002	25.0	6.0	24	C16_B003902_S184_L002	24_59_M	Liver	True	6	True		unmatched																
C17_B001385_S137_L003			24	C17_B001385_S137_L003	24_58_M	Thymus	False	1	False		unmatched																
C17_B001397_S233_L001			24	C17_B001397_S233_L001	24_59_M	Thymus	False	1	False		unmatched																
C17_B002949_S137_L002			24	C17_B002949_S137_L002	24_59_M	Marrow	False	1	False		unmatched																
C18_B001277_S66_L002			24	C18_B001277_S66_L002	24_61_M	Thymus	False	1	False		unmatched																
C18_B001385_S138_L003			24	C18_B001385_S138_L003	24_58_M	Thymus	False	1	False		unmatched																
C18_B001397_S234_L001			24	C18_B001397_S234_L001	24_59_M	Thymus	False	1	False		unmatched																
C18_B002949_S138_L002			24	C18_B002949_S138_L002	24_59_M	Marrow	False	1	False		unmatched																
C18_B003234_S126_L004			24	C18_B003234_S126_L004	24_60_M	Lung	False	1	False		unmatched																
C18_B003902_S186_L002	24.0	34.0	24	C18_B003902_S186_L002	24_59_M	Liver	True	34	True		unmatched																
C19_B001385_S139_L003			24	C19_B001385_S139_L003	24_58_M	Thymus	False	1	False		unmatched																
C19_B002892_S91			24	C19_B002892_S91	24_58_M	Marrow	False	1	False		unmatched																
C1_B001397_S217_L001			24	C1_B001397_S217_L001	24_59_M	Thymus	False	1	False		unmatched																
C1_B002892_S73			24	C1_B002892_S73	24_58_M	Marrow	False	1	False		unmatched																
C20_B001385_S140_L003			24	C20_B001385_S140_L003	24_58_M	Thymus	False	1	False		unmatched																
C20_B001397_S236_L001			24	C20_B001397_S236_L001	24_59_M	Thymus	False	1	False		unmatched																
C20_B002875_S236_L001			24	C20_B002875_S236_L001	24_59_M	Lung	False	1	False		unmatched																
C20_B002892_S92			24	C20_B002892_S92	24_58_M	Marrow	False	1	False		unmatched																
C20_B002990_S68_L003			24	C20_B002990_S68_L003	24_61_M	Trachea	False	1	False		unmatched																
C20_B003234_S128_L004			24	C20_B003234_S128_L004	24_60_M	Lung	False	1	False		unmatched																
C21_B001242_S261			24	C21_B001242_S261	24_58_M	Liver	False	1	False		unmatched																
C21_B001397_S237_L001			24	C21_B001397_S237_L001	24_59_M	Thymus	False	1	False		unmatched																
C21_B002892_S93			24	C21_B002892_S93	24_58_M	Marrow	False	1	False		unmatched																
C21_B002949_S141_L002			24	C21_B002949_S141_L002	24_59_M	Marrow	False	1	False		unmatched																
C22_B000848_S46_L003			24	C22_B000848_S46_L003	24_60_M	Spleen	False	1	False		unmatched																
C22_B001385_S142_L003			24	C22_B001385_S142_L003	24_58_M	Thymus	False	1	False		unmatched																
C22_B003233_S70_L003			24	C22_B003233_S70_L003	24_61_M	Heart	False	1	False		unmatched																
C2_B001263_S218			24	C2_B001263_S218	24_58_M	Spleen	False	1	False		unmatched																
C2_B001277_S50_L002			24	C2_B001277_S50_L002	24_61_M	Thymus	False	1	False		unmatched																
C2_B002875_S218_L001	1.0	2.0	24	C2_B002875_S218_L001	24_59_M	Lung	True	2	True		unmatched																
C3_B001277_S51_L002			24	C3_B001277_S51_L002	24_61_M	Thymus	False	1	False		unmatched																
C3_B001397_S219_L001			24	C3_B001397_S219_L001	24_59_M	Thymus	False	1	False		unmatched																
C3_B001612_S51_L001	78.0	4.0	24	C3_B001612_S51_L001	24_61_M	Brain_Non-Myeloid	True	4	True		unmatched																
C4_B000848_S28_L003			24	C4_B000848_S28_L003	24_60_M	Spleen	False	1	False		unmatched																
C4_B001265_S40_L002			24	C4_B001265_S40_L002	24_59_M	Spleen	False	1	False		unmatched																
C4_B001277_S52_L002			24	C4_B001277_S52_L002	24_61_M	Thymus	False	1	False		unmatched																
C4_B002875_S220_L001			24	C4_B002875_S220_L001	24_59_M	Lung	False	1	False		unmatched																
C5_B001277_S53_L002			24	C5_B001277_S53_L002	24_61_M	Thymus	False	1	False		unmatched																
C5_B001385_S125_L003			24	C5_B001385_S125_L003	24_58_M	Thymus	False	1	False		unmatched																
C5_B001397_S221_L001			24	C5_B001397_S221_L001	24_59_M	Thymus	False	1	False		unmatched																
C5_B002949_S125_L002	79.0	3.0	24	C5_B002949_S125_L002	24_59_M	Marrow	True	3	True		unmatched																
C6_B000830_S54_L004			24	C6_B000830_S54_L004	24_60_M	Thymus	False	1	False		unmatched																
C6_B001259_S282_L004			24	C6_B001259_S282_L004	24_58_M	Kidney	False	1	False		unmatched																
C6_B001385_S126_L003	86.0	2.0	24	C6_B001385_S126_L003	24_58_M	Thymus	True	2	True		unmatched																
C6_B001397_S222_L001			24	C6_B001397_S222_L001	24_59_M	Thymus	False	1	False		unmatched																
C7_B000830_S55_L004			24	C7_B000830_S55_L004	24_60_M	Thymus	False	1	False		unmatched																
C7_B001263_S223			24	C7_B001263_S223	24_58_M	Spleen	False	1	False		unmatched																
C7_B001277_S55_L002	78.0	4.0	24	C7_B001277_S55_L002	24_61_M	Thymus	True	4	True		unmatched																
C7_B001397_S223_L001			24	C7_B001397_S223_L001	24_59_M	Thymus	False	1	False		unmatched																
C7_B002949_S127_L002	37.0	2.0	24	C7_B002949_S127_L002	24_59_M	Marrow	True	2	True		unmatched																
C7_B003031_S151_L004			24	C7_B003031_S151_L004	24_60_M	Marrow	False	1	False		unmatched																
C8_B000830_S56_L004			24	C8_B000830_S56_L004	24_60_M	Thymus	False	1	False		unmatched																
C8_B001151_S248_L003	85.0	2.0	24	C8_B001151_S248_L003	24_59_M	Marrow	True	2	True		unmatched																
C8_B001277_S56_L002			24	C8_B001277_S56_L002	24_61_M	Thymus	False	1	False		unmatched																
C8_B001397_S224_L001			24	C8_B001397_S224_L001	24_59_M	Thymus	False	1	False		unmatched																
C9_B000844_S9_L001	7.0	12.0	24	C9_B000844_S9_L001	24_60_M	Kidney	True	12	True		unmatched																
C9_B000851_S57_L004	53.0	2.0	24	C9_B000851_S57_L004	24_61_M	Spleen	True	2	True		unmatched																
C9_B001190_S93			24	C9_B001190_S93	24_58_M	MAT	False	1	False		unmatched																
C9_B001265_S45_L002			24	C9_B001265_S45_L002	24_59_M	Spleen	False	1	False		unmatched																
C9_B001277_S57_L002			24	C9_B001277_S57_L002	24_61_M	Thymus	False	1	False		unmatched																
C9_B001385_S129_L003			24	C9_B001385_S129_L003	24_58_M	Thymus	False	1	False		unmatched																
C9_B001397_S225_L001			24	C9_B001397_S225_L001	24_59_M	Thymus	False	1	False		unmatched																
C9_B002881_S141_L001	21.0	4.0	24	C9_B002881_S141_L001	24_59_M	Trachea	True	4	True		unmatched																
C9_B002892_S81			24	C9_B002892_S81	24_58_M	Marrow	False	1	False		unmatched																
D10_B000331_S82_L004			24	D10_B000331_S82_L004	24_61_M	GAT	False	1	False		unmatched																
D10_B001183_S22_L003			24	D10_B001183_S22_L003	24_59_M	MAT	False	1	False		unmatched																
D10_B001188_S34			24	D10_B001188_S34	24_58_M	SCAT	False	1	False		unmatched																
D10_B001263_S250			24	D10_B001263_S250	24_58_M	Spleen	False	1	False		unmatched																
D10_B001277_S82_L002			24	D10_B001277_S82_L002	24_61_M	Thymus	False	1	False		unmatched																
D10_B001385_S154_L003			24	D10_B001385_S154_L003	24_58_M	Thymus	False	1	False		unmatched																
D10_B001386_S22_L003			24	D10_B001386_S22_L003	24_58_M	Liver	False	1	False		unmatched																
D10_B001397_S250_L001			24	D10_B001397_S250_L001	24_59_M	Thymus	False	1	False		unmatched																
D11_B000331_S83_L004	15.0	15.0	24	D11_B000331_S83_L004	24_61_M	GAT	True	15	True		unmatched																
D11_B001183_S23_L003			24	D11_B001183_S23_L003	24_59_M	MAT	False	1	False		unmatched																
D11_B001385_S155_L003			24	D11_B001385_S155_L003	24_58_M	Thymus	False	1	False		unmatched																
D11_B002892_S107			24	D11_B002892_S107	24_58_M	Marrow	False	1	False		unmatched																
D12_B000848_S60_L003			24	D12_B000848_S60_L003	24_60_M	Spleen	False	1	False		unmatched																
D12_B001277_S84_L002			24	D12_B001277_S84_L002	24_61_M	Thymus	False	1	False		unmatched																
D12_B001397_S252_L001			24	D12_B001397_S252_L001	24_59_M	Thymus	False	1	False		unmatched																
D13_B001183_S25_L003			24	D13_B001183_S25_L003	24_59_M	MAT	False	1	False		unmatched																
D13_B001385_S157_L003			24	D13_B001385_S157_L003	24_58_M	Thymus	False	1	False		unmatched																
D13_B001397_S253_L001			24	D13_B001397_S253_L001	24_59_M	Thymus	False	1	False		unmatched																
D13_B002892_S109			24	D13_B002892_S109	24_58_M	Marrow	False	1	False		unmatched																
D14_B001397_S254_L001			24	D14_B001397_S254_L001	24_59_M	Thymus	False	1	False		unmatched																
D14_B002900_S194_L003			24	D14_B002900_S194_L003	24_59_M	GAT	False	1	False		unmatched																
D16_B000844_S40_L001	7.0	12.0	24	D16_B000844_S40_L001	24_60_M	Kidney	True	12	True		unmatched																
D16_B001242_S280			24	D16_B001242_S280	24_58_M	Liver	False	1	False		unmatched																
D16_B001263_S256			24	D16_B001263_S256	24_58_M	Spleen	False	1	False		unmatched																
D16_B001277_S88_L002			24	D16_B001277_S88_L002	24_61_M	Thymus	False	1	False		unmatched																
D16_B001385_S160_L003			24	D16_B001385_S160_L003	24_58_M	Thymus	False	1	False		unmatched																
D16_B001397_S256_L001			24	D16_B001397_S256_L001	24_59_M	Thymus	False	1	False		unmatched																
D16_B002898_S172			24	D16_B002898_S172	24_58_M	GAT	False	1	False		unmatched																
D17_B001261_S65_L003	14.0	6.0	24	D17_B001261_S65_L003	24_59_M	Kidney	True	6	True		unmatched																
D17_B002881_S173_L001	2.0	2.0	24	D17_B002881_S173_L001	24_59_M	Trachea	True	2	True		unmatched																
D17_B003843_S65_L004			24	D17_B003843_S65_L004	24_58_M	Trachea	False	1	False		unmatched																
D18_B000851_S90_L004	83.0	2.0	24	D18_B000851_S90_L004	24_61_M	Spleen	True	2	True		unmatched																
D18_B001277_S90_L002			24	D18_B001277_S90_L002	24_61_M	Thymus	False	1	False		unmatched																
D18_B001385_S162_L003			24	D18_B001385_S162_L003	24_58_M	Thymus	False	1	False		unmatched																
D18_B001397_S258_L001			24	D18_B001397_S258_L001	24_59_M	Thymus	False	1	False		unmatched																
D18_B002949_S162_L002			24	D18_B002949_S162_L002	24_59_M	Marrow	False	1	False		unmatched																
D18_B003233_S90_L003			24	D18_B003233_S90_L003	24_61_M	Heart	False	1	False		unmatched																
D19_B000848_S67_L003			24	D19_B000848_S67_L003	24_60_M	Spleen	False	1	False		unmatched																
D19_B000851_S91_L004			24	D19_B000851_S91_L004	24_61_M	Spleen	False	1	False		unmatched																
D19_B001277_S91_L002			24	D19_B001277_S91_L002	24_61_M	Thymus	False	1	False		unmatched																
D19_B001385_S163_L003			24	D19_B001385_S163_L003	24_58_M	Thymus	False	1	False		unmatched																
D19_B001397_S259_L001			24	D19_B001397_S259_L001	24_59_M	Thymus	False	1	False		unmatched																
D19_B002949_S163_L002			24	D19_B002949_S163_L002	24_59_M	Marrow	False	1	False		unmatched																
D19_B003031_S187_L004			24	D19_B003031_S187_L004	24_60_M	Marrow	False	1	False		unmatched																
D19_B003234_S151_L004			24	D19_B003234_S151_L004	24_60_M	Lung	False	1	False		unmatched																
D1_B000846_S73_L003			24	D1_B000846_S73_L003	24_61_M	Kidney	False	1	False		unmatched																
D1_B000852_S73_L001	51.0	6.0	24	D1_B000852_S73_L001	24_61_M	Brain_Myeloid	True	6	True		unmatched																
D1_B001277_S73_L002			24	D1_B001277_S73_L002	24_61_M	Thymus	False	1	False		unmatched																
D1_B001385_S145_L003			24	D1_B001385_S145_L003	24_58_M	Thymus	False	1	False		unmatched																
D1_B001397_S241_L001			24	D1_B001397_S241_L001	24_59_M	Thymus	False	1	False		unmatched																
D1_B003228_S181_L003	51.0	6.0	24	D1_B003228_S181_L003	24_61_M	Brain_Non-Myeloid	True	6	True		unmatched																
D1_B003234_S133_L004			24	D1_B003234_S133_L004	24_60_M	Lung	False	1	False		unmatched																
D1_B003902_S193_L002	24.0	34.0	24	D1_B003902_S193_L002	24_59_M	Liver	True	34	True		unmatched																
D20_B000851_S92_L004			24	D20_B000851_S92_L004	24_61_M	Spleen	False	1	False		unmatched																
D20_B001261_S68_L003	44.0	2.0	24	D20_B001261_S68_L003	24_59_M	Kidney	True	2	True		unmatched																
D20_B001277_S92_L002			24	D20_B001277_S92_L002	24_61_M	Thymus	False	1	False		unmatched																
D20_B001385_S164_L003			24	D20_B001385_S164_L003	24_58_M	Thymus	False	1	False		unmatched																
D20_B001397_S260_L001			24	D20_B001397_S260_L001	24_59_M	Thymus	False	1	False		unmatched																
D20_B002875_S260_L001			24	D20_B002875_S260_L001	24_59_M	Lung	False	1	False		unmatched																
D20_B002982_S104_L004	70.0	2.0	24	D20_B002982_S104_L004	24_60_M	Lung	True	2	True		unmatched																
D20_B003031_S188_L004			24	D20_B003031_S188_L004	24_60_M	Marrow	False	1	False		unmatched																
D21_B001277_S93_L002			24	D21_B001277_S93_L002	24_61_M	Thymus	False	1	False		unmatched																
D21_B002982_S105_L004			24	D21_B002982_S105_L004	24_60_M	Lung	False	1	False		unmatched																
D21_B003031_S189_L004			24	D21_B003031_S189_L004	24_60_M	Marrow	False	1	False		unmatched																
D22_B000848_S70_L003			24	D22_B000848_S70_L003	24_60_M	Spleen	False	1	False		unmatched																
D22_B000851_S94_L004			24	D22_B000851_S94_L004	24_61_M	Spleen	False	1	False		unmatched																
D22_B001385_S166_L003			24	D22_B001385_S166_L003	24_58_M	Thymus	False	1	False		unmatched																
D22_B001386_S34_L003			24	D22_B001386_S34_L003	24_58_M	Liver	False	1	False		unmatched																
D2_B001277_S74_L002			24	D2_B001277_S74_L002	24_61_M	Thymus	False	1	False		unmatched																
D2_B001385_S146_L003			24	D2_B001385_S146_L003	24_58_M	Thymus	False	1	False		unmatched																
D2_B002892_S98			24	D2_B002892_S98	24_58_M	Marrow	False	1	False		unmatched																
D2_B003902_S194_L002	24.0	34.0	24	D2_B003902_S194_L002	24_59_M	Liver	True	34	True		unmatched																
D3_B001265_S63_L002			24	D3_B001265_S63_L002	24_59_M	Spleen	False	1	False		unmatched																
D3_B001385_S147_L003			24	D3_B001385_S147_L003	24_58_M	Thymus	False	1	False		unmatched																
D3_B001397_S243_L001	0.0	10.0	24	D3_B001397_S243_L001	24_59_M	Thymus	True	10	True		unmatched																
D3_B001612_S75_L001			24	D3_B001612_S75_L001	24_61_M	Brain_Non-Myeloid	False	1	False		unmatched																
D3_B002949_S147_L002			24	D3_B002949_S147_L002	24_59_M	Marrow	False	1	False		unmatched																
D3_B002990_S75_L003			24	D3_B002990_S75_L003	24_61_M	Trachea	False	1	False		unmatched																
D3_B003232_S147_L002	7.0	12.0	24	D3_B003232_S147_L002	24_60_M	Brain_Non-Myeloid	True	12	True		unmatched																
D3_B003902_S195_L002	0.0	10.0	24	D3_B003902_S195_L002	24_59_M	Liver	True	10	True		unmatched																
D4_B000342_S76_L004			24	D4_B000342_S76_L004	24_61_M	Lung	False	1	False		unmatched																
D4_B001277_S76_L002			24	D4_B001277_S76_L002	24_61_M	Thymus	False	1	False		unmatched																
D4_B001385_S148_L003			24	D4_B001385_S148_L003	24_58_M	Thymus	False	1	False		unmatched																
D4_B002892_S100			24	D4_B002892_S100	24_58_M	Marrow	False	1	False		unmatched																
D5_B001277_S77_L002			24	D5_B001277_S77_L002	24_61_M	Thymus	False	1	False		unmatched																
D5_B001385_S149_L003			24	D5_B001385_S149_L003	24_58_M	Thymus	False	1	False		unmatched																
D5_B002949_S149_L002			24	D5_B002949_S149_L002	24_59_M	Marrow	False	1	False		unmatched																
D6_B000830_S78_L004			24	D6_B000830_S78_L004	24_60_M	Thymus	False	1	False		unmatched																
D6_B001385_S150_L003			24	D6_B001385_S150_L003	24_58_M	Thymus	False	1	False		unmatched																
D6_B001397_S246_L001			24	D6_B001397_S246_L001	24_59_M	Thymus	False	1	False		unmatched																
D6_B002892_S102			24	D6_B002892_S102	24_58_M	Marrow	False	1	False		unmatched																
D7_B000830_S79_L004			24	D7_B000830_S79_L004	24_60_M	Thymus	False	1	False		unmatched																
D7_B001277_S79_L002			24	D7_B001277_S79_L002	24_61_M	Thymus	False	1	False		unmatched																
D7_B001397_S247_L001			24	D7_B001397_S247_L001	24_59_M	Thymus	False	1	False		unmatched																
D7_B002988_S91_L004			24	D7_B002988_S91_L004	24_60_M	Trachea	False	1	False		unmatched																
D8_B000332_S188_L003			24	D8_B000332_S188_L003	24_60_M	SCAT	False	1	False		unmatched																
D8_B000830_S80_L004			24	D8_B000830_S80_L004	24_60_M	Thymus	False	1	False		unmatched																
D8_B000848_S56_L003			24	D8_B000848_S56_L003	24_60_M	Spleen	False	1	False		unmatched																
D8_B001263_S248			24	D8_B001263_S248	24_58_M	Spleen	False	1	False		unmatched																
D8_B001277_S80_L002	84.0	2.0	24	D8_B001277_S80_L002	24_61_M	Thymus	True	2	True		unmatched																
D8_B001385_S152_L003			24	D8_B001385_S152_L003	24_58_M	Thymus	False	1	False		unmatched																
D8_B001397_S248_L001			24	D8_B001397_S248_L001	24_59_M	Thymus	False	1	False		unmatched																
D8_B002881_S164_L001			24	D8_B002881_S164_L001	24_59_M	Trachea	False	1	False		unmatched																
D8_B002988_S92_L004			24	D8_B002988_S92_L004	24_60_M	Trachea	False	1	False		unmatched																
D8_B003031_S176_L004			24	D8_B003031_S176_L004	24_60_M	Marrow	False	1	False		unmatched																
D9_B000322_S81_L004			24	D9_B000322_S81_L004	24_61_M	SCAT	False	1	False		unmatched																
D9_B000337_S273_L003			24	D9_B000337_S273_L003	24_60_M	GAT	False	1	False		unmatched																
D9_B001190_S117			24	D9_B001190_S117	24_58_M	MAT	False	1	False		unmatched																
D9_B001277_S81_L002			24	D9_B001277_S81_L002	24_61_M	Thymus	False	1	False		unmatched																
D9_B001385_S153_L003			24	D9_B001385_S153_L003	24_58_M	Thymus	False	1	False		unmatched																
D9_B001397_S249_L001			24	D9_B001397_S249_L001	24_59_M	Thymus	False	1	False		unmatched																
D9_B002881_S165_L001			24	D9_B002881_S165_L001	24_59_M	Trachea	False	1	False		unmatched																
D9_B002907_S105_L003	38.0	8.0	24	D9_B002907_S105_L003	24_59_M	SCAT	True	7	True		unmatched																
E10_B000332_S214_L003			24	E10_B000332_S214_L003	24_60_M	SCAT	False	1	False		unmatched																
E10_B000333_S250_L004			24	E10_B000333_S250_L004	24_60_M	MAT	False	1	False		unmatched																
E10_B000830_S106_L004			24	E10_B000830_S106_L004	24_60_M	Thymus	False	1	False		unmatched																
E10_B000834_S34_L004			24	E10_B000834_S34_L004	24_60_M	BAT	False	1	False		unmatched																
E10_B001183_S46_L003			24	E10_B001183_S46_L003	24_59_M	MAT	False	1	False		unmatched																
E10_B001190_S142			24	E10_B001190_S142	24_58_M	MAT	False	1	False		unmatched																
E10_B001277_S106_L002			24	E10_B001277_S106_L002	24_61_M	Thymus	False	1	False		unmatched																
E10_B001385_S178_L003			24	E10_B001385_S178_L003	24_58_M	Thymus	False	1	False		unmatched																
E10_B001397_S274_L001			24	E10_B001397_S274_L001	24_59_M	Thymus	False	1	False		unmatched																
E10_B002892_S130			24	E10_B002892_S130	24_58_M	Marrow	False	1	False		unmatched																
E10_B002900_S214_L003	12.0	9.0	24	E10_B002900_S214_L003	24_59_M	GAT	True	9	True		unmatched																
E11_B000331_S107_L004	18.0	2.0	24	E11_B000331_S107_L004	24_61_M	GAT	True	2	True		unmatched																
E11_B000830_S107_L004			24	E11_B000830_S107_L004	24_60_M	Thymus	False	1	False		unmatched																
E11_B001183_S47_L003			24	E11_B001183_S47_L003	24_59_M	MAT	False	1	False		unmatched																
E11_B001277_S107_L002			24	E11_B001277_S107_L002	24_61_M	Thymus	False	1	False		unmatched																
E11_B001385_S179_L003			24	E11_B001385_S179_L003	24_58_M	Thymus	False	1	False		unmatched																
E11_B002907_S131_L003	16.0	2.0	24	E11_B002907_S131_L003	24_59_M	SCAT	True	2	True		unmatched																
E12_B000333_S252_L004	77.0	5.0	24	E12_B000333_S252_L004	24_60_M	MAT	True	5	True		unmatched																
E12_B000830_S108_L004			24	E12_B000830_S108_L004	24_60_M	Thymus	False	1	False		unmatched																
E12_B000848_S84_L003			24	E12_B000848_S84_L003	24_60_M	Spleen	False	1	False		unmatched																
E12_B001188_S60			24	E12_B001188_S60	24_58_M	SCAT	False	1	False		unmatched																
E12_B001190_S144			24	E12_B001190_S144	24_58_M	MAT	False	1	False		unmatched																
E12_B001263_S276			24	E12_B001263_S276	24_58_M	Spleen	False	1	False		unmatched																
E12_B001277_S108_L002			24	E12_B001277_S108_L002	24_61_M	Thymus	False	1	False		unmatched																
E12_B001385_S180_L003			24	E12_B001385_S180_L003	24_58_M	Thymus	False	1	False		unmatched																
E12_B001615_S144_L001	64.0	3.0	24	E12_B001615_S144_L001	24_60_M	Brain_Non-Myeloid	True	3	True		unmatched																
E12_B002949_S180_L002			24	E12_B002949_S180_L002	24_59_M	Marrow	False	1	False		unmatched																
E13_B000331_S109_L004	28.0	2.0	24	E13_B000331_S109_L004	24_61_M	GAT	True	2	True		unmatched																
E13_B001183_S49_L003			24	E13_B001183_S49_L003	24_59_M	MAT	False	1	False		unmatched																
E13_B001190_S145			24	E13_B001190_S145	24_58_M	MAT	False	1	False		unmatched																
E13_B001385_S181_L003			24	E13_B001385_S181_L003	24_58_M	Thymus	False	1	False		unmatched																
E13_B001397_S277_L001			24	E13_B001397_S277_L001	24_59_M	Thymus	False	1	False		unmatched																
E14_B000331_S110_L004			24	E14_B000331_S110_L004	24_61_M	GAT	False	1	False		unmatched																
E14_B001190_S146	43.0	2.0	24	E14_B001190_S146	24_58_M	MAT	True	2	True		unmatched																
E14_B001385_S182_L003			24	E14_B001385_S182_L003	24_58_M	Thymus	False	1	False		unmatched																
E14_B002892_S134			24	E14_B002892_S134	24_58_M	Marrow	False	1	False		unmatched																
E14_B002949_S182_L002			24	E14_B002949_S182_L002	24_59_M	Marrow	False	1	False		unmatched																
E14_B003031_S206_L004			24	E14_B003031_S206_L004	24_60_M	Marrow	False	1	False		unmatched																
E15_B001183_S51_L003			24	E15_B001183_S51_L003	24_59_M	MAT	False	1	False		unmatched																
E15_B001270_S63_L001			24	E15_B001270_S63_L001	24_61_M	Brain_Non-Myeloid	False	1	False		unmatched																
E15_B001397_S279_L001			24	E15_B001397_S279_L001	24_59_M	Thymus	False	1	False		unmatched																
E15_B002900_S219_L003			24	E15_B002900_S219_L003	24_59_M	GAT	False	1	False		unmatched																
E15_B002949_S183_L002			24	E15_B002949_S183_L002	24_59_M	Marrow	False	1	False		unmatched																
E16_B000331_S112_L004			24	E16_B000331_S112_L004	24_61_M	GAT	False	1	False		unmatched																
E16_B001188_S64	74.0	4.0	24	E16_B001188_S64	24_58_M	SCAT	True	4	True		unmatched																
E17_B000848_S89_L003			24	E17_B000848_S89_L003	24_60_M	Spleen	False	1	False		unmatched																
E17_B001277_S113_L002			24	E17_B001277_S113_L002	24_61_M	Thymus	False	1	False		unmatched																
E17_B001385_S185_L003			24	E17_B001385_S185_L003	24_58_M	Thymus	False	1	False		unmatched																
E17_B001397_S281_L001			24	E17_B001397_S281_L001	24_59_M	Thymus	False	1	False		unmatched																
E18_B001385_S186_L003			24	E18_B001385_S186_L003	24_58_M	Thymus	False	1	False		unmatched																
E18_B002892_S138			24	E18_B002892_S138	24_58_M	Marrow	False	1	False		unmatched																
E18_B002946_S150_L002	95.0	2.0	24	E18_B002946_S150_L002	24_58_M	Lung	True	2	True		unmatched																
E18_B002949_S186_L002			24	E18_B002949_S186_L002	24_59_M	Marrow	False	1	False		unmatched																
E18_B003031_S210_L004			24	E18_B003031_S210_L004	24_60_M	Marrow	False	1	False		unmatched																
E1_B001265_S85_L002			24	E1_B001265_S85_L002	24_59_M	Spleen	False	1	False		unmatched																
E1_B001277_S97_L002			24	E1_B001277_S97_L002	24_61_M	Thymus	False	1	False		unmatched																
E1_B001385_S169_L003			24	E1_B001385_S169_L003	24_58_M	Thymus	False	1	False		unmatched																
E1_B001397_S265_L001			24	E1_B001397_S265_L001	24_59_M	Thymus	False	1	False		unmatched																
E20_B001385_S188_L003			24	E20_B001385_S188_L003	24_58_M	Thymus	False	1	False		unmatched																
E20_B001397_S284_L001			24	E20_B001397_S284_L001	24_59_M	Thymus	False	1	False		unmatched																
E20_B002875_S284_L001			24	E20_B002875_S284_L001	24_59_M	Lung	False	1	False		unmatched																
E20_B002946_S152_L002			24	E20_B002946_S152_L002	24_58_M	Lung	False	1	False		unmatched																
E20_B003858_S140_L003	38.0	8.0	24	E20_B003858_S140_L003	24_59_M	Heart	True	7	True		unmatched																
E21_B000830_S117_L004			24	E21_B000830_S117_L004	24_60_M	Thymus	False	1	False		unmatched																
E21_B001277_S117_L002	99.0	2.0	24	E21_B001277_S117_L002	24_61_M	Thymus	True	1	False		unmatched																
E21_B001397_S285_L001			24	E21_B001397_S285_L001	24_59_M	Thymus	False	1	False		unmatched																
E21_B002946_S153_L002			24	E21_B002946_S153_L002	24_58_M	Lung	False	1	False		unmatched																
E22_B001385_S190_L003			24	E22_B001385_S190_L003	24_58_M	Thymus	False	1	False		unmatched																
E22_B001397_S286_L001			24	E22_B001397_S286_L001	24_59_M	Thymus	False	1	False		unmatched																
E22_B002982_S130_L004	3.0	6.0	24	E22_B002982_S130_L004	24_60_M	Lung	True	6	True		unmatched																
E22_B003234_S178_L004			24	E22_B003234_S178_L004	24_60_M	Lung	False	1	False		unmatched																
E2_B001277_S98_L002			24	E2_B001277_S98_L002	24_61_M	Thymus	False	1	False		unmatched																
E2_B001385_S170_L003			24	E2_B001385_S170_L003	24_58_M	Thymus	False	1	False		unmatched																
E2_B001397_S266_L001			24	E2_B001397_S266_L001	24_59_M	Thymus	False	1	False		unmatched																
E2_B002892_S122			24	E2_B002892_S122	24_58_M	Marrow	False	1	False		unmatched																
E2_B002949_S170_L002			24	E2_B002949_S170_L002	24_59_M	Marrow	False	1	False		unmatched																
E3_B001263_S267			24	E3_B001263_S267	24_58_M	Spleen	False	1	False		unmatched																
E3_B001277_S99_L002			24	E3_B001277_S99_L002	24_61_M	Thymus	False	1	False		unmatched																
E3_B001385_S171_L003			24	E3_B001385_S171_L003	24_58_M	Thymus	False	1	False		unmatched																
E4_B001277_S100_L002			24	E4_B001277_S100_L002	24_61_M	Thymus	False	1	False		unmatched																
E4_B001385_S172_L003			24	E4_B001385_S172_L003	24_58_M	Thymus	False	1	False		unmatched																
E4_B001386_S40_L003	39.0	8.0	24	E4_B001386_S40_L003	24_58_M	Liver	True	8	True		unmatched																
E4_B002875_S268_L001			24	E4_B002875_S268_L001	24_59_M	Lung	False	1	False		unmatched																
E4_B003031_S196_L004			24	E4_B003031_S196_L004	24_60_M	Marrow	False	1	False		unmatched																
E5_B001277_S101_L002			24	E5_B001277_S101_L002	24_61_M	Thymus	False	1	False		unmatched																
E5_B001397_S269_L001			24	E5_B001397_S269_L001	24_59_M	Thymus	False	1	False		unmatched																
E6_B001265_S90_L002			24	E6_B001265_S90_L002	24_59_M	Spleen	False	1	False		unmatched																
E6_B002946_S138_L002			24	E6_B002946_S138_L002	24_58_M	Lung	False	1	False		unmatched																
E6_B003902_S222_L002	24.0	34.0	24	E6_B003902_S222_L002	24_59_M	Liver	True	34	True		unmatched																
E7_B000322_S103_L004			24	E7_B000322_S103_L004	24_61_M	SCAT	False	1	False		unmatched																
E7_B000830_S103_L004			24	E7_B000830_S103_L004	24_60_M	Thymus	False	1	False		unmatched																
E7_B001277_S103_L002			24	E7_B001277_S103_L002	24_61_M	Thymus	False	1	False		unmatched																
E7_B001385_S175_L003			24	E7_B001385_S175_L003	24_58_M	Thymus	False	1	False		unmatched																
E7_B001397_S271_L001			24	E7_B001397_S271_L001	24_59_M	Thymus	False	1	False		unmatched																
E7_B002875_S271_L001	25.0	6.0	24	E7_B002875_S271_L001	24_59_M	Lung	True	6	True		unmatched																
E7_B003902_S223_L002	0.0	10.0	24	E7_B003902_S223_L002	24_59_M	Liver	True	10	True		unmatched																
E8_B000830_S104_L004			24	E8_B000830_S104_L004	24_60_M	Thymus	False	1	False		unmatched																
E8_B001277_S104_L002			24	E8_B001277_S104_L002	24_61_M	Thymus	False	1	False		unmatched																
E8_B001397_S272_L001			24	E8_B001397_S272_L001	24_59_M	Thymus	False	1	False		unmatched																
E8_B003031_S200_L004			24	E8_B003031_S200_L004	24_60_M	Marrow	False	1	False		unmatched																
E9_B000331_S105_L004			24	E9_B000331_S105_L004	24_61_M	GAT	False	1	False		unmatched																
E9_B000830_S105_L004			24	E9_B000830_S105_L004	24_60_M	Thymus	False	1	False		unmatched																
E9_B001190_S141			24	E9_B001190_S141	24_58_M	MAT	False	1	False		unmatched																
E9_B001277_S105_L002			24	E9_B001277_S105_L002	24_61_M	Thymus	False	1	False		unmatched																
E9_B001397_S273_L001			24	E9_B001397_S273_L001	24_59_M	Thymus	False	1	False		unmatched																
E9_B002875_S273_L001			24	E9_B002875_S273_L001	24_59_M	Lung	False	1	False		unmatched																
E9_B003031_S201_L004			24	E9_B003031_S201_L004	24_60_M	Marrow	False	1	False		unmatched																
F10_B000337_S22_L003			24	F10_B000337_S22_L003	24_60_M	GAT	False	1	False		unmatched																
F10_B001277_S130_L002	67.0	5.0	24	F10_B001277_S130_L002	24_61_M	Thymus	True	5	True		unmatched																
F10_B001397_S298_L001			24	F10_B001397_S298_L001	24_59_M	Thymus	False	1	False		unmatched																
F10_B002898_S214			24	F10_B002898_S214	24_58_M	GAT	False	1	False		unmatched																
F11_B000331_S131_L004			24	F11_B000331_S131_L004	24_61_M	GAT	False	1	False		unmatched																
F11_B000830_S131_L004			24	F11_B000830_S131_L004	24_60_M	Thymus	False	1	False		unmatched																
F11_B001190_S167			24	F11_B001190_S167	24_58_M	MAT	False	1	False		unmatched																
F11_B001263_S299			24	F11_B001263_S299	24_58_M	Spleen	False	1	False		unmatched																
F11_B001277_S131_L002	15.0	15.0	24	F11_B001277_S131_L002	24_61_M	Thymus	True	15	True		unmatched																
F11_B001397_S299_L001			24	F11_B001397_S299_L001	24_59_M	Thymus	False	1	False		unmatched																
F11_B002887_S215_L001			24	F11_B002887_S215_L001	24_58_M	BAT	False	1	False		unmatched																
F12_B000851_S132_L004			24	F12_B000851_S132_L004	24_61_M	Spleen	False	1	False		unmatched																
F12_B001261_S108_L003	63.0	2.0	24	F12_B001261_S108_L003	24_59_M	Kidney	True	2	True		unmatched																
F12_B001385_S204_L003			24	F12_B001385_S204_L003	24_58_M	Thymus	False	1	False		unmatched																
F12_B001397_S300_L001			24	F12_B001397_S300_L001	24_59_M	Thymus	False	1	False		unmatched																
F12_B002900_S240_L003	20.0	2.0	24	F12_B002900_S240_L003	24_59_M	GAT	True	2	True		unmatched																
F12_B002988_S144_L004			24	F12_B002988_S144_L004	24_60_M	Trachea	False	1	False		unmatched																
F12_B003902_S252_L002	0.0	10.0	24	F12_B003902_S252_L002	24_59_M	Liver	True	10	True		unmatched																
F13_B001183_S73_L003			24	F13_B001183_S73_L003	24_59_M	MAT	False	1	False		unmatched																
F13_B001397_S1_L001			24	F13_B001397_S1_L001	24_59_M	Thymus	False	1	False		unmatched																
F13_B002898_S217			24	F13_B002898_S217	24_58_M	GAT	False	1	False		unmatched																
F13_B002900_S241_L003			24	F13_B002900_S241_L003	24_59_M	GAT	False	1	False		unmatched																
F13_B002992_S133_L003			24	F13_B002992_S133_L003	24_61_M	Marrow	False	1	False		unmatched																
F13_B003902_S253_L002	37.0	2.0	24	F13_B003902_S253_L002	24_59_M	Liver	True	2	True		unmatched																
F14_B000337_S26_L003			24	F14_B000337_S26_L003	24_60_M	GAT	False	1	False		unmatched																
F14_B000848_S110_L003			24	F14_B000848_S110_L003	24_60_M	Spleen	False	1	False		unmatched																
F14_B001397_S2_L001			24	F14_B001397_S2_L001	24_59_M	Thymus	False	1	False		unmatched																
F14_B001616_S134_L001			24	F14_B001616_S134_L001	24_60_M	Brain_Non-Myeloid	False	1	False		unmatched																
F14_B002900_S242_L003			24	F14_B002900_S242_L003	24_59_M	GAT	False	1	False		unmatched																
F15_B000337_S27_L003	26.0	2.0	24	F15_B000337_S27_L003	24_60_M	GAT	True	2	True		unmatched																
F15_B001183_S75_L003			24	F15_B001183_S75_L003	24_59_M	MAT	False	1	False		unmatched																
F15_B001263_S3			24	F15_B001263_S3	24_58_M	Spleen	False	1	False		unmatched																
F15_B001385_S207_L003			24	F15_B001385_S207_L003	24_58_M	Thymus	False	1	False		unmatched																
F15_B001397_S3_L001			24	F15_B001397_S3_L001	24_59_M	Thymus	False	1	False		unmatched																
F16_B000844_S88_L001	7.0	12.0	24	F16_B000844_S88_L001	24_60_M	Kidney	True	12	True		unmatched																
F16_B001183_S76_L003			24	F16_B001183_S76_L003	24_59_M	MAT	False	1	False		unmatched																
F16_B001190_S172			24	F16_B001190_S172	24_58_M	MAT	False	1	False		unmatched																
F16_B001263_S4			24	F16_B001263_S4	24_58_M	Spleen	False	1	False		unmatched																
F16_B002892_S160			24	F16_B002892_S160	24_58_M	Marrow	False	1	False		unmatched																
F17_B000848_S113_L003			24	F17_B000848_S113_L003	24_60_M	Spleen	False	1	False		unmatched																
F17_B001277_S137_L002			24	F17_B001277_S137_L002	24_61_M	Thymus	False	1	False		unmatched																
F17_B001397_S5_L001			24	F17_B001397_S5_L001	24_59_M	Thymus	False	1	False		unmatched																
F17_B002892_S161			24	F17_B002892_S161	24_58_M	Marrow	False	1	False		unmatched																
F18_B001242_S30			24	F18_B001242_S30	24_58_M	Liver	False	1	False		unmatched																
F18_B001265_S126_L002			24	F18_B001265_S126_L002	24_59_M	Spleen	False	1	False		unmatched																
F18_B001615_S174_L001			24	F18_B001615_S174_L001	24_60_M	Brain_Non-Myeloid	False	1	False		unmatched																
F18_B003902_S258_L002	24.0	34.0	24	F18_B003902_S258_L002	24_59_M	Liver	True	34	True		unmatched																
F19_B001385_S211_L003			24	F19_B001385_S211_L003	24_58_M	Thymus	False	1	False		unmatched																
F19_B001397_S7_L001			24	F19_B001397_S7_L001	24_59_M	Thymus	False	1	False		unmatched																
F19_B002257_S139_L001	42.0	10.0	24	F19_B002257_S139_L001	24_61_M	Marrow	True	10	True		unmatched																
F1_B000852_S121_L001	51.0	6.0	24	F1_B000852_S121_L001	24_61_M	Brain_Myeloid	True	6	True		unmatched																
F1_B001277_S121_L002			24	F1_B001277_S121_L002	24_61_M	Thymus	False	1	False		unmatched																
F1_B001385_S193_L003			24	F1_B001385_S193_L003	24_58_M	Thymus	False	1	False		unmatched																
F1_B003031_S217_L004			24	F1_B003031_S217_L004	24_60_M	Marrow	False	1	False		unmatched																
F1_B003228_S229_L003	51.0	6.0	24	F1_B003228_S229_L003	24_61_M	Brain_Non-Myeloid	True	6	True		unmatched																
F20_B002892_S164	72.0	2.0	24	F20_B002892_S164	24_58_M	Marrow	True	2	True		unmatched																
F20_B002949_S212_L002			24	F20_B002949_S212_L002	24_59_M	Marrow	False	1	False		unmatched																
F20_B002982_S152_L004			24	F20_B002982_S152_L004	24_60_M	Lung	False	1	False		unmatched																
F21_B000848_S117_L003			24	F21_B000848_S117_L003	24_60_M	Spleen	False	1	False		unmatched																
F21_B001243_S45_L002	24.0	34.0	24	F21_B001243_S45_L002	24_59_M	Liver	True	34	True		unmatched																
F21_B001397_S9_L001			24	F21_B001397_S9_L001	24_59_M	Thymus	False	1	False		unmatched																
F21_B002947_S129			24	F21_B002947_S129			False	1	False		unmatched																
F22_B001263_S10			24	F22_B001263_S10	24_58_M	Spleen	False	1	False		unmatched																
F22_B001277_S142_L002			24	F22_B001277_S142_L002	24_61_M	Thymus	False	1	False		unmatched																
F22_B001385_S214_L003			24	F22_B001385_S214_L003	24_58_M	Thymus	False	1	False		unmatched																
F22_B001397_S10_L001	41.0	2.0	24	F22_B001397_S10_L001	24_59_M	Thymus	True	1	False		unmatched																
F22_B002892_S166			24	F22_B002892_S166	24_58_M	Marrow	False	1	False		unmatched																
F22_B002982_S154_L004			24	F22_B002982_S154_L004	24_60_M	Lung	False	1	False		unmatched																
F22_B002989_S142_L004			24	F22_B002989_S142_L004	24_61_M	Marrow	False	1	False		unmatched																
F2_B000848_S98_L003			24	F2_B000848_S98_L003	24_60_M	Spleen	False	1	False		unmatched																
F2_B001263_S290			24	F2_B001263_S290	24_58_M	Spleen	False	1	False		unmatched																
F2_B001265_S110_L002			24	F2_B001265_S110_L002	24_59_M	Spleen	False	1	False		unmatched																
F2_B001385_S194_L003			24	F2_B001385_S194_L003	24_58_M	Thymus	False	1	False		unmatched																
F2_B003031_S218_L004	48.0	3.0	24	F2_B003031_S218_L004	24_60_M	Marrow	True	3	True		unmatched																
F3_B001385_S195_L003			24	F3_B001385_S195_L003	24_58_M	Thymus	False	1	False		unmatched																
F4_B001277_S124_L002			24	F4_B001277_S124_L002	24_61_M	Thymus	False	1	False		unmatched																
F4_B001397_S292_L001			24	F4_B001397_S292_L001	24_59_M	Thymus	False	1	False		unmatched																
F4_B002881_S208_L001			24	F4_B002881_S208_L001	24_59_M	Trachea	False	1	False		unmatched																
F4_B002949_S196_L002	60.0	2.0	24	F4_B002949_S196_L002	24_59_M	Marrow	True	2	True		unmatched																
F5_B000830_S125_L004			24	F5_B000830_S125_L004	24_60_M	Thymus	False	1	False		unmatched																
F5_B000846_S125_L003	78.0	4.0	24	F5_B000846_S125_L003	24_61_M	Kidney	True	4	True		unmatched																
F5_B001243_S29_L002	24.0	34.0	24	F5_B001243_S29_L002	24_59_M	Liver	True	34	True		unmatched																
F5_B001261_S101_L003	2.0	2.0	24	F5_B001261_S101_L003	24_59_M	Kidney	True	2	True		unmatched																
F5_B001277_S125_L002			24	F5_B001277_S125_L002	24_61_M	Thymus	False	1	False		unmatched																
F5_B001385_S197_L003			24	F5_B001385_S197_L003	24_58_M	Thymus	False	1	False		unmatched																
F5_B001397_S293_L001			24	F5_B001397_S293_L001	24_59_M	Thymus	False	1	False		unmatched																
F6_B000830_S126_L004			24	F6_B000830_S126_L004	24_60_M	Thymus	False	1	False		unmatched																
F6_B001277_S126_L002			24	F6_B001277_S126_L002	24_61_M	Thymus	False	1	False		unmatched																
F6_B002875_S294_L001	25.0	6.0	24	F6_B002875_S294_L001	24_59_M	Lung	True	6	True		unmatched																
F6_B003031_S222_L004			24	F6_B003031_S222_L004	24_60_M	Marrow	False	1	False		unmatched																
F7_B000830_S127_L004			24	F7_B000830_S127_L004	24_60_M	Thymus	False	1	False		unmatched																
F7_B001263_S295			24	F7_B001263_S295	24_58_M	Spleen	False	1	False		unmatched																
F7_B001265_S115_L002			24	F7_B001265_S115_L002	24_59_M	Spleen	False	1	False		unmatched																
F7_B001277_S127_L002			24	F7_B001277_S127_L002	24_61_M	Thymus	False	1	False		unmatched																
F7_B001397_S295_L001			24	F7_B001397_S295_L001	24_59_M	Thymus	False	1	False		unmatched																
F7_B002949_S199_L002	88.0	2.0	24	F7_B002949_S199_L002	24_59_M	Marrow	True	2	True		unmatched																
F7_B003842_S199	100.0	2.0	24	F7_B003842_S199	24_58_M	Heart	True	2	True		unmatched																
F7_B003902_S247_L002	24.0	34.0	24	F7_B003902_S247_L002	24_59_M	Liver	True	34	True		unmatched																
F8_B000342_S128_L004	76.0	2.0	24	F8_B000342_S128_L004	24_61_M	Lung	True	2	True		unmatched																
F8_B000844_S80_L001			24	F8_B000844_S80_L001	24_60_M	Kidney	False	1	False		unmatched																
F8_B001263_S296			24	F8_B001263_S296	24_58_M	Spleen	False	1	False		unmatched																
F8_B001385_S200_L003			24	F8_B001385_S200_L003	24_58_M	Thymus	False	1	False		unmatched																
F8_B002881_S212_L001			24	F8_B002881_S212_L001	24_59_M	Trachea	False	1	False		unmatched																
F8_B002892_S152	36.0	2.0	24	F8_B002892_S152	24_58_M	Marrow	True	2	True		unmatched																
F9_B000331_S129_L004	15.0	15.0	24	F9_B000331_S129_L004	24_61_M	GAT	True	15	True		unmatched																
F9_B000834_S57_L004			24	F9_B000834_S57_L004	24_60_M	BAT	False	1	False		unmatched																
F9_B001385_S201_L003			24	F9_B001385_S201_L003	24_58_M	Thymus	False	1	False		unmatched																
F9_B002875_S297_L001			24	F9_B002875_S297_L001	24_59_M	Lung	False	1	False		unmatched																
G10_B000830_S154_L004			24	G10_B000830_S154_L004	24_60_M	Thymus	False	1	False		unmatched																
G10_B000851_S154_L004	62.0	3.0	24	G10_B000851_S154_L004	24_61_M	Spleen	True	3	True		unmatched																
G10_B001277_S154_L002			24	G10_B001277_S154_L002	24_61_M	Thymus	False	1	False		unmatched																
G10_B001385_S226_L003			24	G10_B001385_S226_L003	24_58_M	Thymus	False	1	False		unmatched																
G10_B001397_S22_L001			24	G10_B001397_S22_L001	24_59_M	Thymus	False	1	False		unmatched																
G10_B002892_S178			24	G10_B002892_S178	24_58_M	Marrow	False	1	False		unmatched																
G10_B002907_S178_L003	12.0	9.0	24	G10_B002907_S178_L003	24_59_M	SCAT	True	9	True		unmatched																
G10_B003231_S154_L004			24	G10_B003231_S154_L004	24_61_M	Heart	False	1	False		unmatched																
G10_B003902_S274_L002	25.0	6.0	24	G10_B003902_S274_L002	24_59_M	Liver	True	6	True		unmatched																
G11_B000333_S299_L004			24	G11_B000333_S299_L004	24_60_M	MAT	False	1	False		unmatched																
G11_B000830_S155_L004			24	G11_B000830_S155_L004	24_60_M	Thymus	False	1	False		unmatched																
G11_B001190_S191			24	G11_B001190_S191	24_58_M	MAT	False	1	False		unmatched																
G11_B001277_S155_L002	15.0	15.0	24	G11_B001277_S155_L002	24_61_M	Thymus	True	15	True		unmatched																
G11_B001397_S23_L001			24	G11_B001397_S23_L001	24_59_M	Thymus	False	1	False		unmatched																
G11_B003902_S275_L002			24	G11_B003902_S275_L002	24_59_M	Liver	False	1	False		unmatched																
G12_B001190_S192			24	G12_B001190_S192	24_58_M	MAT	False	1	False		unmatched																
G12_B001385_S228_L003			24	G12_B001385_S228_L003	24_58_M	Thymus	False	1	False		unmatched																
G12_B001397_S24_L001			24	G12_B001397_S24_L001	24_59_M	Thymus	False	1	False		unmatched																
G13_B000331_S157_L004	45.0	2.0	24	G13_B000331_S157_L004	24_61_M	GAT	True	2	True		unmatched																
G13_B001277_S157_L002			24	G13_B001277_S157_L002	24_61_M	Thymus	False	1	False		unmatched																
G13_B001385_S229_L003			24	G13_B001385_S229_L003	24_58_M	Thymus	False	1	False		unmatched																
G13_B002898_S241			24	G13_B002898_S241	24_58_M	GAT	False	1	False		unmatched																
G13_B002949_S229_L002			24	G13_B002949_S229_L002	24_59_M	Marrow	False	1	False		unmatched																
G13_B003800_S157_L002	66.0	3.0	24	G13_B003800_S157_L002	24_61_M	Heart	True	3	True		unmatched																
G14_B001183_S98_L003			24	G14_B001183_S98_L003	24_59_M	MAT	False	1	False		unmatched																
G14_B001188_S110			24	G14_B001188_S110	24_58_M	SCAT	False	1	False		unmatched																
G14_B001389_S182_L003	93.0	3.0	24	G14_B001389_S182_L003	24_59_M	BAT	True	3	True		unmatched																
G14_B001397_S26_L001			24	G14_B001397_S26_L001	24_59_M	Thymus	False	1	False		unmatched																
G14_B002907_S182_L003			24	G14_B002907_S182_L003	24_59_M	SCAT	False	1	False		unmatched																
G15_B000331_S159_L004			24	G15_B000331_S159_L004	24_61_M	GAT	False	1	False		unmatched																
G15_B001263_S27			24	G15_B001263_S27	24_58_M	Spleen	False	1	False		unmatched																
G15_B001385_S231_L003			24	G15_B001385_S231_L003	24_58_M	Thymus	False	1	False		unmatched																
G15_B001397_S27_L001			24	G15_B001397_S27_L001	24_59_M	Thymus	False	1	False		unmatched																
G15_B003841_S135			24	G15_B003841_S135	24_58_M	Heart	False	1	False		unmatched																
G16_B000331_S160_L004			24	G16_B000331_S160_L004	24_61_M	GAT	False	1	False		unmatched																
G16_B001385_S232_L003			24	G16_B001385_S232_L003	24_58_M	Thymus	False	1	False		unmatched																
G16_B001397_S28_L001			24	G16_B001397_S28_L001	24_59_M	Thymus	False	1	False		unmatched																
G16_B002900_S268_L003			24	G16_B002900_S268_L003	24_59_M	GAT	False	1	False		unmatched																
G16_B003846_S100			24	G16_B003846_S100	24_58_M	Heart	False	1	False		unmatched																
G16_B003902_S280_L002			24	G16_B003902_S280_L002	24_59_M	Liver	False	1	False		unmatched																
G17_B000848_S137_L003			24	G17_B000848_S137_L003	24_60_M	Spleen	False	1	False		unmatched																
G17_B001385_S233_L003			24	G17_B001385_S233_L003	24_58_M	Thymus	False	1	False		unmatched																
G17_B001616_S161_L001			24	G17_B001616_S161_L001	24_60_M	Brain_Non-Myeloid	False	1	False		unmatched																
G17_B001619_S161_L004			24	G17_B001619_S161_L004	24_60_M	Brain_Non-Myeloid	False	1	False		unmatched																
G17_B002881_S245_L001			24	G17_B002881_S245_L001	24_59_M	Trachea	False	1	False		unmatched																
G18_B000848_S138_L003			24	G18_B000848_S138_L003	24_60_M	Spleen	False	1	False		unmatched																
G18_B001277_S162_L002			24	G18_B001277_S162_L002	24_61_M	Thymus	False	1	False		unmatched																
G18_B001385_S234_L003			24	G18_B001385_S234_L003	24_58_M	Thymus	False	1	False		unmatched																
G18_B001397_S30_L001			24	G18_B001397_S30_L001	24_59_M	Thymus	False	1	False		unmatched																
G18_B002875_S30_L001			24	G18_B002875_S30_L001	24_59_M	Lung	False	1	False		unmatched																
G18_B002892_S186			24	G18_B002892_S186	24_58_M	Marrow	False	1	False		unmatched																
G18_B002946_S198_L002			24	G18_B002946_S198_L002	24_58_M	Lung	False	1	False		unmatched																
G19_B001277_S163_L002			24	G19_B001277_S163_L002	24_61_M	Thymus	False	1	False		unmatched																
G19_B001385_S235_L003			24	G19_B001385_S235_L003	24_58_M	Thymus	False	1	False		unmatched																
G19_B001386_S103_L003	74.0	4.0	24	G19_B001386_S103_L003	24_58_M	Liver	True	4	True		unmatched																
G19_B001397_S31_L001			24	G19_B001397_S31_L001	24_59_M	Thymus	False	1	False		unmatched																
G19_B002892_S187	43.0	2.0	24	G19_B002892_S187	24_58_M	Marrow	True	2	True		unmatched																
G19_B003843_S139_L004			24	G19_B003843_S139_L004	24_58_M	Trachea	False	1	False		unmatched																
G1_B000848_S121_L003			24	G1_B000848_S121_L003	24_60_M	Spleen	False	1	False		unmatched																
G1_B001261_S121_L003	35.0	5.0	24	G1_B001261_S121_L003	24_59_M	Kidney	True	5	True		unmatched																
G1_B001385_S217_L003			24	G1_B001385_S217_L003	24_58_M	Thymus	False	1	False		unmatched																
G1_B001397_S13_L001			24	G1_B001397_S13_L001	24_59_M	Thymus	False	1	False		unmatched																
G1_B002949_S217_L002			24	G1_B002949_S217_L002	24_59_M	Marrow	False	1	False		unmatched																
G20_B001397_S32_L001			24	G20_B001397_S32_L001	24_59_M	Thymus	False	1	False		unmatched																
G20_B002992_S164_L003			24	G20_B002992_S164_L003	24_61_M	Marrow	False	1	False		unmatched																
G21_B000342_S165_L004			24	G21_B000342_S165_L004	24_61_M	Lung	False	1	False		unmatched																
G21_B000851_S165_L004			24	G21_B000851_S165_L004	24_61_M	Spleen	False	1	False		unmatched																
G21_B001385_S237_L003			24	G21_B001385_S237_L003	24_58_M	Thymus	False	1	False		unmatched																
G21_B001397_S33_L001			24	G21_B001397_S33_L001	24_59_M	Thymus	False	1	False		unmatched																
G21_B003804_S273_L003	50.0	3.0	24	G21_B003804_S273_L003	24_59_M	Lung	True	3	True		unmatched																
G22_B000846_S166_L003			24	G22_B000846_S166_L003	24_61_M	Kidney	False	1	False		unmatched																
G22_B001385_S238_L003			24	G22_B001385_S238_L003	24_58_M	Thymus	False	1	False		unmatched																
G22_B001397_S34_L001			24	G22_B001397_S34_L001	24_59_M	Thymus	False	1	False		unmatched																
G2_B000848_S122_L003			24	G2_B000848_S122_L003	24_60_M	Spleen	False	1	False		unmatched																
G2_B001385_S218_L003			24	G2_B001385_S218_L003	24_58_M	Thymus	False	1	False		unmatched																
G2_B001397_S14_L001			24	G2_B001397_S14_L001	24_59_M	Thymus	False	1	False		unmatched																
G2_B003858_S170_L003	87.0	2.0	24	G2_B003858_S170_L003	24_59_M	Heart	True	2	True		unmatched																
G3_B001277_S147_L002			24	G3_B001277_S147_L002	24_61_M	Thymus	False	1	False		unmatched																
G3_B001385_S219_L003			24	G3_B001385_S219_L003	24_58_M	Thymus	False	1	False		unmatched																
G3_B001397_S15_L001	46.0	2.0	24	G3_B001397_S15_L001	24_59_M	Thymus	True	2	True		unmatched																
G3_B003902_S267_L002			24	G3_B003902_S267_L002	24_59_M	Liver	False	1	False		unmatched																
G4_B001263_S16			24	G4_B001263_S16	24_58_M	Spleen	False	1	False		unmatched																
G4_B001277_S148_L002			24	G4_B001277_S148_L002	24_61_M	Thymus	False	1	False		unmatched																
G4_B001385_S220_L003	38.0	8.0	24	G4_B001385_S220_L003	24_58_M	Thymus	True	1	False		unmatched																
G4_B002949_S220_L002			24	G4_B002949_S220_L002	24_59_M	Marrow	False	1	False		unmatched																
G5_B001277_S149_L002	66.0	3.0	24	G5_B001277_S149_L002	24_61_M	Thymus	True	3	True		unmatched																
G5_B001397_S17_L001			24	G5_B001397_S17_L001	24_59_M	Thymus	False	1	False		unmatched																
G6_B000830_S150_L004			24	G6_B000830_S150_L004	24_60_M	Thymus	False	1	False		unmatched																
G6_B001277_S150_L002			24	G6_B001277_S150_L002	24_61_M	Thymus	False	1	False		unmatched																
G6_B001385_S222_L003			24	G6_B001385_S222_L003	24_58_M	Thymus	False	1	False		unmatched																
G6_B001397_S18_L001			24	G6_B001397_S18_L001	24_59_M	Thymus	False	1	False		unmatched																
G6_B002875_S18_L001	0.0	10.0	24	G6_B002875_S18_L001	24_59_M	Lung	True	10	True		unmatched																
G6_B002892_S174			24	G6_B002892_S174	24_58_M	Marrow	False	1	False		unmatched																
G6_B002988_S162_L004			24	G6_B002988_S162_L004	24_60_M	Trachea	False	1	False		unmatched																
G7_B000848_S127_L003			24	G7_B000848_S127_L003	24_60_M	Spleen	False	1	False		unmatched																
G7_B001385_S223_L003			24	G7_B001385_S223_L003	24_58_M	Thymus	False	1	False		unmatched																
G7_B001397_S19_L001			24	G7_B001397_S19_L001	24_59_M	Thymus	False	1	False		unmatched																
G7_B002327_S127_L003			24	G7_B002327_S127_L003	24_59_M	Marrow	False	1	False		unmatched																
G7_B003902_S271_L002			24	G7_B003902_S271_L002	24_59_M	Liver	False	1	False		unmatched																
G8_B000830_S152_L004			24	G8_B000830_S152_L004	24_60_M	Thymus	False	1	False		unmatched																
G8_B000851_S152_L004			24	G8_B000851_S152_L004	24_61_M	Spleen	False	1	False		unmatched																
G8_B001277_S152_L002	15.0	15.0	24	G8_B001277_S152_L002	24_61_M	Thymus	True	15	True		unmatched																
G9_B000331_S153_L004			24	G9_B000331_S153_L004	24_61_M	GAT	False	1	False		unmatched																
G9_B001257_S225			24	G9_B001257_S225			False	1	False		unmatched																
G9_B001261_S129_L003	14.0	6.0	24	G9_B001261_S129_L003	24_59_M	Kidney	True	6	True		unmatched																
G9_B001277_S153_L002			24	G9_B001277_S153_L002	24_61_M	Thymus	False	1	False		unmatched																
G9_B001385_S225_L003			24	G9_B001385_S225_L003	24_58_M	Thymus	False	1	False		unmatched																
G9_B001397_S21_L001			24	G9_B001397_S21_L001	24_59_M	Thymus	False	1	False		unmatched																
G9_B002900_S261_L003			24	G9_B002900_S261_L003	24_59_M	GAT	False	1	False		unmatched																
G9_B002907_S177_L003			24	G9_B002907_S177_L003	24_59_M	SCAT	False	1	False		unmatched																
G9_B003031_S249_L004	40.0	2.0	24	G9_B003031_S249_L004	24_60_M	Marrow	True	2	True		unmatched																
G9_B003234_S213_L004			24	G9_B003234_S213_L004	24_60_M	Lung	False	1	False		unmatched																
G9_B003902_S273_L002	0.0	10.0	24	G9_B003902_S273_L002	24_59_M	Liver	True	10	True		unmatched																
H10_B000331_S178_L004			24	H10_B000331_S178_L004	24_61_M	GAT	False	1	False		unmatched																
H10_B000332_S286_L003			24	H10_B000332_S286_L003	24_60_M	SCAT	False	1	False		unmatched																
H10_B000830_S178_L004			24	H10_B000830_S178_L004	24_60_M	Thymus	False	1	False		unmatched																
H10_B001183_S118_L003			24	H10_B001183_S118_L003	24_59_M	MAT	False	1	False		unmatched																
H10_B001261_S154_L003			24	H10_B001261_S154_L003	24_59_M	Kidney	False	1	False		unmatched																
H10_B001265_S166_L002			24	H10_B001265_S166_L002	24_59_M	Spleen	False	1	False		unmatched																
H10_B001385_S250_L003			24	H10_B001385_S250_L003	24_58_M	Thymus	False	1	False		unmatched																
H10_B002949_S250_L002			24	H10_B002949_S250_L002	24_59_M	Marrow	False	1	False		unmatched																
H11_B000830_S179_L004			24	H11_B000830_S179_L004	24_60_M	Thymus	False	1	False		unmatched																
H11_B001265_S167_L002			24	H11_B001265_S167_L002	24_59_M	Spleen	False	1	False		unmatched																
H11_B001385_S251_L003			24	H11_B001385_S251_L003	24_58_M	Thymus	False	1	False		unmatched																
H11_B003902_S299_L002	38.0	8.0	24	H11_B003902_S299_L002	24_59_M	Liver	True	7	True		unmatched																
H12_B000331_S180_L004			24	H12_B000331_S180_L004	24_61_M	GAT	False	1	False		unmatched																
H12_B000333_S24_L004			24	H12_B000333_S24_L004	24_60_M	MAT	False	1	False		unmatched																
H12_B001190_S216			24	H12_B001190_S216	24_58_M	MAT	False	1	False		unmatched																
H12_B001277_S180_L002			24	H12_B001277_S180_L002	24_61_M	Thymus	False	1	False		unmatched																
H12_B001385_S252_L003			24	H12_B001385_S252_L003	24_58_M	Thymus	False	1	False		unmatched																
H12_B001397_S48_L001			24	H12_B001397_S48_L001	24_59_M	Thymus	False	1	False		unmatched																
H12_B003800_S180_L002			24	H12_B003800_S180_L002	24_61_M	Heart	False	1	False		unmatched																
H12_B003902_S300_L002	35.0	5.0	24	H12_B003902_S300_L002	24_59_M	Liver	True	5	True		unmatched																
H13_B000333_S25_L004			24	H13_B000333_S25_L004	24_60_M	MAT	False	1	False		unmatched																
H13_B001263_S49			24	H13_B001263_S49	24_58_M	Spleen	False	1	False		unmatched																
H13_B001385_S253_L003			24	H13_B001385_S253_L003	24_58_M	Thymus	False	1	False		unmatched																
H13_B001397_S49_L001			24	H13_B001397_S49_L001	24_59_M	Thymus	False	1	False		unmatched																
H13_B002881_S265_L001	50.0	3.0	24	H13_B002881_S265_L001	24_59_M	Trachea	True	3	True		unmatched																
H13_B002949_S253_L002			24	H13_B002949_S253_L002	24_59_M	Marrow	False	1	False		unmatched																
H13_B003232_S253_L002			24	H13_B003232_S253_L002	24_60_M	Brain_Non-Myeloid	False	1	False		unmatched																
H14_B000333_S26_L004			24	H14_B000333_S26_L004	24_60_M	MAT	False	1	False		unmatched																
H14_B001263_S50			24	H14_B001263_S50	24_58_M	Spleen	False	1	False		unmatched																
H14_B001385_S254_L003			24	H14_B001385_S254_L003	24_58_M	Thymus	False	1	False		unmatched																
H14_B002887_S266_L001			24	H14_B002887_S266_L001	24_58_M	BAT	False	1	False		unmatched																
H14_B002900_S290_L003	12.0	9.0	24	H14_B002900_S290_L003	24_59_M	GAT	True	9	True		unmatched																
H15_B000331_S183_L004	15.0	15.0	24	H15_B000331_S183_L004	24_61_M	GAT	True	15	True		unmatched																
H15_B001183_S123_L003			24	H15_B001183_S123_L003	24_59_M	MAT	False	1	False		unmatched																
H15_B001188_S135			24	H15_B001188_S135	24_58_M	SCAT	False	1	False		unmatched																
H15_B001190_S219			24	H15_B001190_S219	24_58_M	MAT	False	1	False		unmatched																
H15_B001256_S219_L002			24	H15_B001256_S219_L002	24_59_M	Thymus	False	1	False		unmatched																
H15_B001265_S171_L002			24	H15_B001265_S171_L002	24_59_M	Spleen	False	1	False		unmatched																
H15_B001385_S255_L003			24	H15_B001385_S255_L003	24_58_M	Thymus	False	1	False		unmatched																
H15_B001397_S51_L001			24	H15_B001397_S51_L001	24_59_M	Thymus	False	1	False		unmatched																
H15_B002900_S291_L003	79.0	3.0	24	H15_B002900_S291_L003	24_59_M	GAT	True	3	True		unmatched																
H15_B002990_S183_L003			24	H15_B002990_S183_L003	24_61_M	Trachea	False	1	False		unmatched																
H15_B003031_S279_L004	27.0	4.0	24	H15_B003031_S279_L004	24_60_M	Marrow	True	4	True		unmatched																
H16_B000331_S184_L004	67.0	5.0	24	H16_B000331_S184_L004	24_61_M	GAT	True	5	True		unmatched																
H16_B001183_S124_L003			24	H16_B001183_S124_L003	24_59_M	MAT	False	1	False		unmatched																
H16_B001190_S220	39.0	8.0	24	H16_B001190_S220	24_58_M	MAT	True	8	True		unmatched																
H16_B001263_S52			24	H16_B001263_S52	24_58_M	Spleen	False	1	False		unmatched																
H16_B001268_S184_L001	4.0	2.0	24	H16_B001268_S184_L001	24_60_M	Brain_Non-Myeloid	True	2	True		unmatched																
H16_B001277_S184_L002			24	H16_B001277_S184_L002	24_61_M	Thymus	False	1	False		unmatched																
H16_B001385_S256_L003			24	H16_B001385_S256_L003	24_58_M	Thymus	False	1	False		unmatched																
H16_B001386_S124_L003	56.0	4.0	24	H16_B001386_S124_L003	24_58_M	Liver	True	4	True		unmatched																
H17_B000851_S185_L004			24	H17_B000851_S185_L004	24_61_M	Spleen	False	1	False		unmatched																
H17_B001263_S53			24	H17_B001263_S53	24_58_M	Spleen	False	1	False		unmatched																
H17_B001385_S257_L003			24	H17_B001385_S257_L003	24_58_M	Thymus	False	1	False		unmatched																
H17_B003031_S281_L004			24	H17_B003031_S281_L004	24_60_M	Marrow	False	1	False		unmatched																
H18_B000848_S162_L003			24	H18_B000848_S162_L003	24_60_M	Spleen	False	1	False		unmatched																
H18_B001385_S258_L003			24	H18_B001385_S258_L003	24_58_M	Thymus	False	1	False		unmatched																
H18_B001397_S54_L001			24	H18_B001397_S54_L001	24_59_M	Thymus	False	1	False		unmatched																
H19_B001185_S223_L001			24	H19_B001185_S223_L001	24_59_M	Skin	False	1	False		unmatched																
H19_B001385_S259_L003			24	H19_B001385_S259_L003	24_58_M	Thymus	False	1	False		unmatched																
H19_B003234_S247_L004			24	H19_B003234_S247_L004	24_60_M	Lung	False	1	False		unmatched																
H19_B003843_S163_L004	39.0	8.0	24	H19_B003843_S163_L004	24_58_M	Trachea	True	8	True		unmatched																
H19_B003902_S7_L002	24.0	34.0	24	H19_B003902_S7_L002	24_59_M	Liver	True	34	True		unmatched																
H19_B008782_S79_L004	82.0	3.0	24	H19_B008782_S79_L004	24_59_M	Liver	True	3	True		unmatched																
H1_B000830_S169_L004	90.0	2.0	24	H1_B000830_S169_L004	24_60_M	Thymus	True	2	True		unmatched																
H1_B001265_S157_L002			24	H1_B001265_S157_L002	24_59_M	Spleen	False	1	False		unmatched																
H1_B001277_S169_L002			24	H1_B001277_S169_L002	24_61_M	Thymus	False	1	False		unmatched																
H1_B001385_S241_L003			24	H1_B001385_S241_L003	24_58_M	Thymus	False	1	False		unmatched																
H1_B001397_S37_L001			24	H1_B001397_S37_L001	24_59_M	Thymus	False	1	False		unmatched																
H1_B002892_S193			24	H1_B002892_S193	24_58_M	Marrow	False	1	False		unmatched																
H1_B002946_S205_L002			24	H1_B002946_S205_L002	24_58_M	Lung	False	1	False		unmatched																
H20_B000851_S188_L004			24	H20_B000851_S188_L004	24_61_M	Spleen	False	1	False		unmatched																
H20_B001263_S56			24	H20_B001263_S56	24_58_M	Spleen	False	1	False		unmatched																
H20_B001385_S260_L003			24	H20_B001385_S260_L003	24_58_M	Thymus	False	1	False		unmatched																
H20_B001397_S56_L001			24	H20_B001397_S56_L001	24_59_M	Thymus	False	1	False		unmatched																
H20_B002982_S200_L004			24	H20_B002982_S200_L004	24_60_M	Lung	False	1	False		unmatched																
H21_B001277_S189_L002			24	H21_B001277_S189_L002	24_61_M	Thymus	False	1	False		unmatched																
H21_B002875_S57_L001			24	H21_B002875_S57_L001	24_59_M	Lung	False	1	False		unmatched																
H21_B002947_S177			24	H21_B002947_S177			False	1	False		unmatched																
H21_B003804_S297_L003			24	H21_B003804_S297_L003	24_59_M	Lung	False	1	False		unmatched																
H22_B001263_S58			24	H22_B001263_S58	24_58_M	Spleen	False	1	False		unmatched																
H22_B001397_S58_L001			24	H22_B001397_S58_L001	24_59_M	Thymus	False	1	False		unmatched																
H22_B002875_S58_L001			24	H22_B002875_S58_L001	24_59_M	Lung	False	1	False		unmatched																
H22_B002946_S226_L002	9.0	2.0	24	H22_B002946_S226_L002	24_58_M	Lung	True	2	True		unmatched																
H22_B002982_S202_L004			24	H22_B002982_S202_L004	24_60_M	Lung	False	1	False		unmatched																
H2_B001265_S158_L002			24	H2_B001265_S158_L002	24_59_M	Spleen	False	1	False		unmatched																
H2_B001385_S242_L003			24	H2_B001385_S242_L003	24_58_M	Thymus	False	1	False		unmatched																
H2_B001397_S38_L001			24	H2_B001397_S38_L001	24_59_M	Thymus	False	1	False		unmatched																
H3_B001265_S159_L002			24	H3_B001265_S159_L002	24_59_M	Spleen	False	1	False		unmatched																
H3_B001277_S171_L002			24	H3_B001277_S171_L002	24_61_M	Thymus	False	1	False		unmatched																
H3_B001385_S243_L003	32.0	2.0	24	H3_B001385_S243_L003	24_58_M	Thymus	True	1	False		unmatched																
H3_B001397_S39_L001			24	H3_B001397_S39_L001	24_59_M	Thymus	False	1	False		unmatched																
H4_B000830_S172_L004	102.0	2.0	24	H4_B000830_S172_L004	24_60_M	Thymus	True	2	True		unmatched																
H4_B001242_S64			24	H4_B001242_S64	24_58_M	Liver	False	1	False		unmatched																
H4_B001277_S172_L002	42.0	10.0	24	H4_B001277_S172_L002	24_61_M	Thymus	True	10	True		unmatched																
H4_B001385_S244_L003			24	H4_B001385_S244_L003	24_58_M	Thymus	False	1	False		unmatched																
H4_B001397_S40_L001			24	H4_B001397_S40_L001	24_59_M	Thymus	False	1	False		unmatched																
H4_B002875_S40_L001			24	H4_B002875_S40_L001	24_59_M	Lung	False	1	False		unmatched																
H5_B000830_S173_L004			24	H5_B000830_S173_L004	24_60_M	Thymus	False	1	False		unmatched																
H5_B001242_S65			24	H5_B001242_S65	24_58_M	Liver	False	1	False		unmatched																
H5_B001243_S77_L002			24	H5_B001243_S77_L002	24_59_M	Liver	False	1	False		unmatched																
H5_B001397_S41_L001			24	H5_B001397_S41_L001	24_59_M	Thymus	False	1	False		unmatched																
H6_B000830_S174_L004			24	H6_B000830_S174_L004	24_60_M	Thymus	False	1	False		unmatched																
H6_B001263_S42			24	H6_B001263_S42	24_58_M	Spleen	False	1	False		unmatched																
H6_B001265_S162_L002			24	H6_B001265_S162_L002	24_59_M	Spleen	False	1	False		unmatched																
H6_B001277_S174_L002			24	H6_B001277_S174_L002	24_61_M	Thymus	False	1	False		unmatched																
H6_B001386_S114_L003	36.0	2.0	24	H6_B001386_S114_L003	24_58_M	Liver	True	2	True		unmatched																
H6_B001397_S42_L001			24	H6_B001397_S42_L001	24_59_M	Thymus	False	1	False		unmatched																
H6_B002946_S210_L002	39.0	8.0	24	H6_B002946_S210_L002	24_58_M	Lung	True	8	True		unmatched																
H6_B003031_S270_L004			24	H6_B003031_S270_L004	24_60_M	Marrow	False	1	False		unmatched																
H7_B000830_S175_L004			24	H7_B000830_S175_L004	24_60_M	Thymus	False	1	False		unmatched																
H7_B001277_S175_L002			24	H7_B001277_S175_L002	24_61_M	Thymus	False	1	False		unmatched																
H7_B001385_S247_L003			24	H7_B001385_S247_L003	24_58_M	Thymus	False	1	False		unmatched																
H7_B001397_S43_L001			24	H7_B001397_S43_L001	24_59_M	Thymus	False	1	False		unmatched																
H7_B002875_S43_L001			24	H7_B002875_S43_L001	24_59_M	Lung	False	1	False		unmatched																
H7_B002892_S199			24	H7_B002892_S199	24_58_M	Marrow	False	1	False		unmatched																
H8_B001386_S116_L003	39.0	8.0	24	H8_B001386_S116_L003	24_58_M	Liver	True	8	True		unmatched																
H8_B003031_S272_L004			24	H8_B003031_S272_L004	24_60_M	Marrow	False	1	False		unmatched																
H8_B003234_S236_L004			24	H8_B003234_S236_L004	24_60_M	Lung	False	1	False		unmatched																
H8_B003800_S176_L002			24	H8_B003800_S176_L002	24_61_M	Heart	False	1	False		unmatched																
H9_B000337_S69_L003			24	H9_B000337_S69_L003	24_60_M	GAT	False	1	False		unmatched																
H9_B001183_S117_L003			24	H9_B001183_S117_L003	24_59_M	MAT	False	1	False		unmatched																
H9_B001263_S45	91.0	2.0	24	H9_B001263_S45	24_58_M	Spleen	True	2	True		unmatched																
H9_B001385_S249_L003			24	H9_B001385_S249_L003	24_58_M	Thymus	False	1	False		unmatched																
H9_B003902_S297_L002	24.0	34.0	24	H9_B003902_S297_L002	24_59_M	Liver	True	34	True		unmatched																
I10_B000322_S202_L004			24	I10_B000322_S202_L004	24_61_M	SCAT	False	1	False		unmatched																
I10_B000332_S10_L003			24	I10_B000332_S10_L003	24_60_M	SCAT	False	1	False		unmatched																
I10_B000830_S202_L004	90.0	2.0	24	I10_B000830_S202_L004	24_60_M	Thymus	True	2	True		unmatched																
I10_B002892_S226			24	I10_B002892_S226	24_58_M	Marrow	False	1	False		unmatched																
I10_B003790_S22_L002	3.0	6.0	24	I10_B003790_S22_L002	24_60_M	Heart	True	6	True		unmatched																
I11_B000331_S203_L004			24	I11_B000331_S203_L004	24_61_M	GAT	False	1	False		unmatched																
I11_B000337_S95_L003			24	I11_B000337_S95_L003	24_60_M	GAT	False	1	False		unmatched																
I11_B001188_S155			24	I11_B001188_S155	24_58_M	SCAT	False	1	False		unmatched																
I11_B001277_S203_L002			24	I11_B001277_S203_L002	24_61_M	Thymus	False	1	False		unmatched																
I11_B001385_S275_L003			24	I11_B001385_S275_L003	24_58_M	Thymus	False	1	False		unmatched																
I11_B001397_S71_L001			24	I11_B001397_S71_L001	24_59_M	Thymus	False	1	False		unmatched																
I11_B003858_S227_L003	0.0	10.0	24	I11_B003858_S227_L003	24_59_M	Heart	True	10	True		unmatched																
I12_B000337_S96_L003			24	I12_B000337_S96_L003	24_60_M	GAT	False	1	False		unmatched																
I12_B001263_S72	86.0	2.0	24	I12_B001263_S72	24_58_M	Spleen	True	2	True		unmatched																
I12_B001277_S204_L002			24	I12_B001277_S204_L002	24_61_M	Thymus	False	1	False		unmatched																
I12_B001397_S72_L001			24	I12_B001397_S72_L001	24_59_M	Thymus	False	1	False		unmatched																
I12_B002892_S228			24	I12_B002892_S228	24_58_M	Marrow	False	1	False		unmatched																
I13_B000332_S13_L003			24	I13_B000332_S13_L003	24_60_M	SCAT	False	1	False		unmatched																
I13_B000848_S181_L003			24	I13_B000848_S181_L003	24_60_M	Spleen	False	1	False		unmatched																
I13_B001183_S145_L003			24	I13_B001183_S145_L003	24_59_M	MAT	False	1	False		unmatched																
I13_B001190_S241			24	I13_B001190_S241	24_58_M	MAT	False	1	False		unmatched																
I13_B001397_S73_L001			24	I13_B001397_S73_L001	24_59_M	Thymus	False	1	False		unmatched																
I13_B002900_S13_L003			24	I13_B002900_S13_L003	24_59_M	GAT	False	1	False		unmatched																
I14_B000337_S98_L003			24	I14_B000337_S98_L003	24_60_M	GAT	False	1	False		unmatched																
I14_B001183_S146_L003			24	I14_B001183_S146_L003	24_59_M	MAT	False	1	False		unmatched																
I14_B001397_S74_L001			24	I14_B001397_S74_L001	24_59_M	Thymus	False	1	False		unmatched																
I14_B002327_S182_L003			24	I14_B002327_S182_L003	24_59_M	Marrow	False	1	False		unmatched																
I14_B002898_S290			24	I14_B002898_S290	24_58_M	GAT	False	1	False		unmatched																
I15_B000331_S207_L004			24	I15_B000331_S207_L004	24_61_M	GAT	False	1	False		unmatched																
I15_B001183_S147_L003			24	I15_B001183_S147_L003	24_59_M	MAT	False	1	False		unmatched																
I15_B001188_S159			24	I15_B001188_S159	24_58_M	SCAT	False	1	False		unmatched																
I15_B001190_S243			24	I15_B001190_S243	24_58_M	MAT	False	1	False		unmatched																
I15_B001385_S279_L003			24	I15_B001385_S279_L003	24_58_M	Thymus	False	1	False		unmatched																
I15_B003902_S27_L002	38.0	8.0	24	I15_B003902_S27_L002	24_59_M	Liver	True	7	True		unmatched																
I16_B001190_S244	39.0	8.0	24	I16_B001190_S244	24_58_M	MAT	True	8	True		unmatched																
I16_B001259_S136_L004			24	I16_B001259_S136_L004	24_58_M	Kidney	False	1	False		unmatched																
I16_B001385_S280_L003			24	I16_B001385_S280_L003	24_58_M	Thymus	False	1	False		unmatched																
I16_B001397_S76_L001			24	I16_B001397_S76_L001	24_59_M	Thymus	False	1	False		unmatched																
I16_B002892_S232			24	I16_B002892_S232	24_58_M	Marrow	False	1	False		unmatched																
I16_B002907_S232_L003	12.0	9.0	24	I16_B002907_S232_L003	24_59_M	SCAT	True	9	True		unmatched																
I17_B001385_S281_L003			24	I17_B001385_S281_L003	24_58_M	Thymus	False	1	False		unmatched																
I18_B000342_S210_L004			24	I18_B000342_S210_L004	24_61_M	Lung	False	1	False		unmatched																
I18_B001277_S210_L002			24	I18_B001277_S210_L002	24_61_M	Thymus	False	1	False		unmatched																
I18_B001397_S78_L001			24	I18_B001397_S78_L001	24_59_M	Thymus	False	1	False		unmatched																
I18_B003031_S6_L004			24	I18_B003031_S6_L004	24_60_M	Marrow	False	1	False		unmatched																
I18_B003234_S270_L004	3.0	6.0	24	I18_B003234_S270_L004	24_60_M	Lung	True	6	True		unmatched																
I19_B001397_S79_L001			24	I19_B001397_S79_L001	24_59_M	Thymus	False	1	False		unmatched																
I19_B002875_S79_L001	24.0	34.0	24	I19_B002875_S79_L001	24_59_M	Lung	True	34	True		unmatched																
I1_B001277_S193_L002			24	I1_B001277_S193_L002	24_61_M	Thymus	False	1	False		unmatched																
I1_B001385_S265_L003			24	I1_B001385_S265_L003	24_58_M	Thymus	False	1	False		unmatched																
I1_B001397_S61_L001			24	I1_B001397_S61_L001	24_59_M	Thymus	False	1	False		unmatched																
I1_B008782_S85_L004	24.0	34.0	24	I1_B008782_S85_L004	24_59_M	Liver	True	34	True		unmatched																
I20_B000342_S212_L004	51.0	6.0	24	I20_B000342_S212_L004	24_61_M	Lung	True	6	True		unmatched																
I20_B001263_S80			24	I20_B001263_S80	24_58_M	Spleen	False	1	False		unmatched																
I20_B001265_S200_L002			24	I20_B001265_S200_L002	24_59_M	Spleen	False	1	False		unmatched																
I20_B001277_S212_L002			24	I20_B001277_S212_L002	24_61_M	Thymus	False	1	False		unmatched																
I20_B001397_S80_L001			24	I20_B001397_S80_L001	24_59_M	Thymus	False	1	False		unmatched																
I20_B001615_S248_L001	4.0	2.0	24	I20_B001615_S248_L001	24_60_M	Brain_Non-Myeloid	True	2	True		unmatched																
I20_B002982_S224_L004			24	I20_B002982_S224_L004	24_60_M	Lung	False	1	False		unmatched																
I20_B003902_S32_L002	24.0	34.0	24	I20_B003902_S32_L002	24_59_M	Liver	True	34	True		unmatched																
I21_B001242_S105			24	I21_B001242_S105	24_58_M	Liver	False	1	False		unmatched																
I21_B001277_S213_L002			24	I21_B001277_S213_L002	24_61_M	Thymus	False	1	False		unmatched																
I21_B002881_S297_L001			24	I21_B002881_S297_L001	24_59_M	Trachea	False	1	False		unmatched																
I21_B002988_S225_L004			24	I21_B002988_S225_L004	24_60_M	Trachea	False	1	False		unmatched																
I22_B001242_S106			24	I22_B001242_S106	24_58_M	Liver	False	1	False		unmatched																
I22_B001243_S118_L002			24	I22_B001243_S118_L002	24_59_M	Liver	False	1	False		unmatched																
I22_B001277_S214_L002			24	I22_B001277_S214_L002	24_61_M	Thymus	False	1	False		unmatched																
I22_B003902_S34_L002	24.0	34.0	24	I22_B003902_S34_L002	24_59_M	Liver	True	34	True		unmatched																
I2_B002949_S266_L002			24	I2_B002949_S266_L002	24_59_M	Marrow	False	1	False		unmatched																
I3_B001277_S195_L002			24	I3_B001277_S195_L002	24_61_M	Thymus	False	1	False		unmatched																
I3_B001385_S267_L003			24	I3_B001385_S267_L003	24_58_M	Thymus	False	1	False		unmatched																
I3_B001397_S63_L001			24	I3_B001397_S63_L001	24_59_M	Thymus	False	1	False		unmatched																
I3_B003232_S267_L002	7.0	12.0	24	I3_B003232_S267_L002	24_60_M	Brain_Non-Myeloid	True	12	True		unmatched																
I4_B001265_S184_L002			24	I4_B001265_S184_L002	24_59_M	Spleen	False	1	False		unmatched																
I4_B001385_S268_L003			24	I4_B001385_S268_L003	24_58_M	Thymus	False	1	False		unmatched																
I4_B002875_S64_L001			24	I4_B002875_S64_L001	24_59_M	Lung	False	1	False		unmatched																
I5_B000830_S197_L004			24	I5_B000830_S197_L004	24_60_M	Thymus	False	1	False		unmatched																
I5_B000848_S173_L003	81.0	2.0	24	I5_B000848_S173_L003	24_60_M	Spleen	True	2	True		unmatched																
I5_B001263_S65			24	I5_B001263_S65	24_58_M	Spleen	False	1	False		unmatched																
I5_B001265_S185_L002			24	I5_B001265_S185_L002	24_59_M	Spleen	False	1	False		unmatched																
I5_B001277_S197_L002	42.0	10.0	24	I5_B001277_S197_L002	24_61_M	Thymus	True	10	True		unmatched																
I5_B001397_S65_L001			24	I5_B001397_S65_L001	24_59_M	Thymus	False	1	False		unmatched																
I5_B002949_S269_L002	5.0	2.0	24	I5_B002949_S269_L002	24_59_M	Marrow	True	2	True		unmatched																
I5_B002990_S197_L003			24	I5_B002990_S197_L003	24_61_M	Trachea	False	1	False		unmatched																
I5_B003902_S17_L002	24.0	34.0	24	I5_B003902_S17_L002	24_59_M	Liver	True	34	True		unmatched																
I6_B000830_S198_L004			24	I6_B000830_S198_L004	24_60_M	Thymus	False	1	False		unmatched																
I6_B001263_S66			24	I6_B001263_S66	24_58_M	Spleen	False	1	False		unmatched																
I6_B001277_S198_L002			24	I6_B001277_S198_L002	24_61_M	Thymus	False	1	False		unmatched																
I6_B003226_S198_L002			24	I6_B003226_S198_L002	24_61_M	Bladder	False	1	False		unmatched																
I6_B003902_S18_L002	24.0	34.0	24	I6_B003902_S18_L002	24_59_M	Liver	True	34	True		unmatched																
I7_B000332_S7_L003			24	I7_B000332_S7_L003	24_60_M	SCAT	False	1	False		unmatched																
I7_B000830_S199_L004			24	I7_B000830_S199_L004	24_60_M	Thymus	False	1	False		unmatched																
I7_B001277_S199_L002			24	I7_B001277_S199_L002	24_61_M	Thymus	False	1	False		unmatched																
I7_B001385_S271_L003			24	I7_B001385_S271_L003	24_58_M	Thymus	False	1	False		unmatched																
I8_B000830_S200_L004			24	I8_B000830_S200_L004	24_60_M	Thymus	False	1	False		unmatched																
I8_B001261_S176_L003	14.0	6.0	24	I8_B001261_S176_L003	24_59_M	Kidney	True	6	True		unmatched																
I8_B001385_S272_L003			24	I8_B001385_S272_L003	24_58_M	Thymus	False	1	False		unmatched																
I8_B002988_S212_L004			24	I8_B002988_S212_L004	24_60_M	Trachea	False	1	False		unmatched																
I8_B002992_S200_L003			24	I8_B002992_S200_L003	24_61_M	Marrow	False	1	False		unmatched																
I8_B003800_S200_L002	89.0	2.0	24	I8_B003800_S200_L002	24_61_M	Heart	True	2	True		unmatched																
I9_B000331_S201_L004			24	I9_B000331_S201_L004	24_61_M	GAT	False	1	False		unmatched																
I9_B001183_S141_L003			24	I9_B001183_S141_L003	24_59_M	MAT	False	1	False		unmatched																
I9_B001277_S201_L002			24	I9_B001277_S201_L002	24_61_M	Thymus	False	1	False		unmatched																
I9_B002875_S69_L001			24	I9_B002875_S69_L001	24_59_M	Lung	False	1	False		unmatched																
I9_B002900_S9_L003			24	I9_B002900_S9_L003	24_59_M	GAT	False	1	False		unmatched																
I9_B002949_S273_L002			24	I9_B002949_S273_L002	24_59_M	Marrow	False	1	False		unmatched																
I9_B003902_S21_L002	24.0	34.0	24	I9_B003902_S21_L002	24_59_M	Liver	True	34	True		unmatched																
J10_B000830_S226_L004			24	J10_B000830_S226_L004	24_60_M	Thymus	False	1	False		unmatched																
J10_B001190_S262			24	J10_B001190_S262	24_58_M	MAT	False	1	False		unmatched																
J10_B001277_S226_L002			24	J10_B001277_S226_L002	24_61_M	Thymus	False	1	False		unmatched																
J10_B001385_S298_L003			24	J10_B001385_S298_L003	24_58_M	Thymus	False	1	False		unmatched																
J10_B001397_S94_L001			24	J10_B001397_S94_L001	24_59_M	Thymus	False	1	False		unmatched																
J10_B002892_S250			24	J10_B002892_S250	24_58_M	Marrow	False	1	False		unmatched																
J10_B002949_S298_L002			24	J10_B002949_S298_L002	24_59_M	Marrow	False	1	False		unmatched																
J11_B000331_S227_L004	97.0	2.0	24	J11_B000331_S227_L004	24_61_M	GAT	True	2	True		unmatched																
J11_B000342_S227_L004	62.0	3.0	24	J11_B000342_S227_L004	24_61_M	Lung	True	3	True		unmatched																
J11_B000830_S227_L004			24	J11_B000830_S227_L004	24_60_M	Thymus	False	1	False		unmatched																
J11_B001183_S167_L003			24	J11_B001183_S167_L003	24_59_M	MAT	False	1	False		unmatched																
J11_B001277_S227_L002			24	J11_B001277_S227_L002	24_61_M	Thymus	False	1	False		unmatched																
J11_B001385_S299_L003			24	J11_B001385_S299_L003	24_58_M	Thymus	False	1	False		unmatched																
J11_B001619_S227_L004	7.0	12.0	24	J11_B001619_S227_L004	24_60_M	Brain_Non-Myeloid	True	12	True		unmatched																
J11_B002892_S251			24	J11_B002892_S251	24_58_M	Marrow	False	1	False		unmatched																
J11_B002900_S35_L003			24	J11_B002900_S35_L003	24_59_M	GAT	False	1	False		unmatched																
J12_B000331_S228_L004			24	J12_B000331_S228_L004	24_61_M	GAT	False	1	False		unmatched																
J12_B001183_S168_L003			24	J12_B001183_S168_L003	24_59_M	MAT	False	1	False		unmatched																
J12_B001261_S204_L003			24	J12_B001261_S204_L003	24_59_M	Kidney	False	1	False		unmatched																
J12_B001277_S228_L002			24	J12_B001277_S228_L002	24_61_M	Thymus	False	1	False		unmatched																
J12_B001385_S300_L003			24	J12_B001385_S300_L003	24_58_M	Thymus	False	1	False		unmatched																
J12_B001615_S264_L001	71.0	2.0	24	J12_B001615_S264_L001	24_60_M	Brain_Non-Myeloid	True	2	True		unmatched																
J12_B002907_S252_L003			24	J12_B002907_S252_L003	24_59_M	SCAT	False	1	False		unmatched																
J12_B003031_S24_L004			24	J12_B003031_S24_L004	24_60_M	Marrow	False	1	False		unmatched																
J13_B000851_S229_L004	19.0	7.0	24	J13_B000851_S229_L004	24_61_M	Spleen	True	7	True		unmatched																
J13_B001277_S229_L002			24	J13_B001277_S229_L002	24_61_M	Thymus	False	1	False		unmatched																
J13_B001389_S253_L003			24	J13_B001389_S253_L003	24_59_M	BAT	False	1	False		unmatched																
J13_B002898_S13			24	J13_B002898_S13	24_58_M	GAT	False	1	False		unmatched																
J13_B002900_S37_L003			24	J13_B002900_S37_L003	24_59_M	GAT	False	1	False		unmatched																
J14_B000331_S230_L004			24	J14_B000331_S230_L004	24_61_M	GAT	False	1	False		unmatched																
J14_B000333_S74_L004	77.0	5.0	24	J14_B000333_S74_L004	24_60_M	MAT	True	5	True		unmatched																
J14_B001190_S266			24	J14_B001190_S266	24_58_M	MAT	False	1	False		unmatched																
J14_B001265_S218_L002	0.0	10.0	24	J14_B001265_S218_L002	24_59_M	Spleen	True	10	True		unmatched																
J14_B001389_S254_L003			24	J14_B001389_S254_L003	24_59_M	BAT	False	1	False		unmatched																
J14_B001397_S98_L001			24	J14_B001397_S98_L001	24_59_M	Thymus	False	1	False		unmatched																
J15_B000848_S207_L003			24	J15_B000848_S207_L003	24_60_M	Spleen	False	1	False		unmatched																
J15_B001188_S183	56.0	4.0	24	J15_B001188_S183	24_58_M	SCAT	True	4	True		unmatched																
J15_B001385_S3_L003			24	J15_B001385_S3_L003	24_58_M	Thymus	False	1	False		unmatched																
J15_B002892_S255			24	J15_B002892_S255	24_58_M	Marrow	False	1	False		unmatched																
J15_B002900_S39_L003			24	J15_B002900_S39_L003	24_59_M	GAT	False	1	False		unmatched																
J15_B002949_S3_L002			24	J15_B002949_S3_L002	24_59_M	Marrow	False	1	False		unmatched																
J16_B001385_S4_L003			24	J16_B001385_S4_L003	24_58_M	Thymus	False	1	False		unmatched																
J16_B001397_S100_L001			24	J16_B001397_S100_L001	24_59_M	Thymus	False	1	False		unmatched																
J16_B002990_S232_L003			24	J16_B002990_S232_L003	24_61_M	Trachea	False	1	False		unmatched																
J17_B001385_S5_L003			24	J17_B001385_S5_L003	24_58_M	Thymus	False	1	False		unmatched																
J17_B003031_S29_L004	27.0	4.0	24	J17_B003031_S29_L004	24_60_M	Marrow	True	4	True		unmatched																
J18_B001277_S234_L002			24	J18_B001277_S234_L002	24_61_M	Thymus	False	1	False		unmatched																
J18_B001397_S102_L001			24	J18_B001397_S102_L001	24_59_M	Thymus	False	1	False		unmatched																
J18_B002990_S234_L003			24	J18_B002990_S234_L003	24_61_M	Trachea	False	1	False		unmatched																
J19_B000320_S259_L003			24	J19_B000320_S259_L003	24_60_M	Marrow	False	1	False		unmatched																
J19_B000848_S211_L003			24	J19_B000848_S211_L003	24_60_M	Spleen	False	1	False		unmatched																
J19_B001263_S103			24	J19_B001263_S103	24_58_M	Spleen	False	1	False		unmatched																
J19_B001385_S7_L003			24	J19_B001385_S7_L003	24_58_M	Thymus	False	1	False		unmatched																
J19_B001397_S103_L001			24	J19_B001397_S103_L001	24_59_M	Thymus	False	1	False		unmatched																
J1_B001263_S85			24	J1_B001263_S85	24_58_M	Spleen	False	1	False		unmatched																
J1_B001265_S205_L002			24	J1_B001265_S205_L002	24_59_M	Spleen	False	1	False		unmatched																
J1_B001397_S85_L001			24	J1_B001397_S85_L001	24_59_M	Thymus	False	1	False		unmatched																
J20_B001385_S8_L003			24	J20_B001385_S8_L003	24_58_M	Thymus	False	1	False		unmatched																
J20_B002992_S236_L003			24	J20_B002992_S236_L003	24_61_M	Marrow	False	1	False		unmatched																
J20_B003234_S296_L004			24	J20_B003234_S296_L004	24_60_M	Lung	False	1	False		unmatched																
J21_B000851_S237_L004	42.0	10.0	24	J21_B000851_S237_L004	24_61_M	Spleen	True	10	True		unmatched																
J21_B001263_S105			24	J21_B001263_S105	24_58_M	Spleen	False	1	False		unmatched																
J21_B001277_S237_L002			24	J21_B001277_S237_L002	24_61_M	Thymus	False	1	False		unmatched																
J21_B001397_S105_L001			24	J21_B001397_S105_L001	24_59_M	Thymus	False	1	False		unmatched																
J21_B003031_S33_L004	96.0	2.0	24	J21_B003031_S33_L004	24_60_M	Marrow	True	2	True		unmatched																
J22_B001261_S214_L003	24.0	34.0	24	J22_B001261_S214_L003	24_59_M	Kidney	True	34	True		unmatched																
J22_B001263_S106			24	J22_B001263_S106	24_58_M	Spleen	False	1	False		unmatched																
J22_B002982_S250_L004	104.0	2.0	24	J22_B002982_S250_L004	24_60_M	Lung	True	2	True		unmatched																
J2_B001265_S206_L002			24	J2_B001265_S206_L002	24_59_M	Spleen	False	1	False		unmatched																
J2_B001277_S218_L002			24	J2_B001277_S218_L002	24_61_M	Thymus	False	1	False		unmatched																
J2_B001615_S254_L001	7.0	12.0	24	J2_B001615_S254_L001	24_60_M	Brain_Non-Myeloid	True	12	True		unmatched																
J2_B003234_S278_L004			24	J2_B003234_S278_L004	24_60_M	Lung	False	1	False		unmatched																
J2_B003800_S218_L002			24	J2_B003800_S218_L002	24_61_M	Heart	False	1	False		unmatched																
J3_B000848_S195_L003			24	J3_B000848_S195_L003	24_60_M	Spleen	False	1	False		unmatched																
J3_B001277_S219_L002			24	J3_B001277_S219_L002	24_61_M	Thymus	False	1	False		unmatched																
J3_B001385_S291_L003			24	J3_B001385_S291_L003	24_58_M	Thymus	False	1	False		unmatched																
J3_B001397_S87_L001			24	J3_B001397_S87_L001	24_59_M	Thymus	False	1	False		unmatched																
J3_B002892_S243			24	J3_B002892_S243	24_58_M	Marrow	False	1	False		unmatched																
J4_B000830_S220_L004			24	J4_B000830_S220_L004	24_60_M	Thymus	False	1	False		unmatched																
J4_B001277_S220_L002			24	J4_B001277_S220_L002	24_61_M	Thymus	False	1	False		unmatched																
J4_B001385_S292_L003			24	J4_B001385_S292_L003	24_58_M	Thymus	False	1	False		unmatched																
J4_B001397_S88_L001			24	J4_B001397_S88_L001	24_59_M	Thymus	False	1	False		unmatched																
J5_B000830_S221_L004			24	J5_B000830_S221_L004	24_60_M	Thymus	False	1	False		unmatched																
J5_B000848_S197_L003			24	J5_B000848_S197_L003	24_60_M	Spleen	False	1	False		unmatched																
J5_B001397_S89_L001			24	J5_B001397_S89_L001	24_59_M	Thymus	False	1	False		unmatched																
J5_B002892_S245			24	J5_B002892_S245	24_58_M	Marrow	False	1	False		unmatched																
J6_B000830_S222_L004	75.0	3.0	24	J6_B000830_S222_L004	24_60_M	Thymus	True	3	True		unmatched																
J6_B000846_S222_L003			24	J6_B000846_S222_L003	24_61_M	Kidney	False	1	False		unmatched																
J6_B000851_S222_L004	97.0	2.0	24	J6_B000851_S222_L004	24_61_M	Spleen	True	2	True		unmatched																
J6_B001261_S198_L003	63.0	2.0	24	J6_B001261_S198_L003	24_59_M	Kidney	True	2	True		unmatched																
J6_B001263_S90			24	J6_B001263_S90	24_58_M	Spleen	False	1	False		unmatched																
J6_B001265_S210_L002			24	J6_B001265_S210_L002	24_59_M	Spleen	False	1	False		unmatched																
J6_B001277_S222_L002			24	J6_B001277_S222_L002	24_61_M	Thymus	False	1	False		unmatched																
J6_B001385_S294_L003			24	J6_B001385_S294_L003	24_58_M	Thymus	False	1	False		unmatched																
J6_B001397_S90_L001			24	J6_B001397_S90_L001	24_59_M	Thymus	False	1	False		unmatched																
J6_B003902_S42_L002	0.0	10.0	24	J6_B003902_S42_L002	24_59_M	Liver	True	10	True		unmatched																
J7_B000830_S223_L004			24	J7_B000830_S223_L004	24_60_M	Thymus	False	1	False		unmatched																
J7_B000848_S199_L003			24	J7_B000848_S199_L003	24_60_M	Spleen	False	1	False		unmatched																
J8_B001151_S116_L003			24	J8_B001151_S116_L003	24_59_M	Marrow	False	1	False		unmatched																
J8_B001277_S224_L002			24	J8_B001277_S224_L002	24_61_M	Thymus	False	1	False		unmatched																
J8_B001385_S296_L003			24	J8_B001385_S296_L003	24_58_M	Thymus	False	1	False		unmatched																
J8_B001397_S92_L001			24	J8_B001397_S92_L001	24_59_M	Thymus	False	1	False		unmatched																
J8_B002949_S296_L002			24	J8_B002949_S296_L002	24_59_M	Marrow	False	1	False		unmatched																
J9_B000331_S225_L004			24	J9_B000331_S225_L004	24_61_M	GAT	False	1	False		unmatched																
J9_B000830_S225_L004			24	J9_B000830_S225_L004	24_60_M	Thymus	False	1	False		unmatched																
J9_B001277_S225_L002			24	J9_B001277_S225_L002	24_61_M	Thymus	False	1	False		unmatched																
J9_B001385_S297_L003			24	J9_B001385_S297_L003	24_58_M	Thymus	False	1	False		unmatched																
J9_B003234_S285_L004			24	J9_B003234_S285_L004	24_60_M	Lung	False	1	False		unmatched																
J9_B003902_S45_L002			24	J9_B003902_S45_L002	24_59_M	Liver	False	1	False		unmatched																
K10_B000830_S250_L004			24	K10_B000830_S250_L004	24_60_M	Thymus	False	1	False		unmatched																
K10_B000851_S250_L004			24	K10_B000851_S250_L004	24_61_M	Spleen	False	1	False		unmatched																
K10_B001190_S286			24	K10_B001190_S286	24_58_M	MAT	False	1	False		unmatched																
K10_B001385_S22_L003			24	K10_B001385_S22_L003	24_58_M	Thymus	False	1	False		unmatched																
K11_B001183_S191_L003			24	K11_B001183_S191_L003	24_59_M	MAT	False	1	False		unmatched																
K11_B001277_S251_L002			24	K11_B001277_S251_L002	24_61_M	Thymus	False	1	False		unmatched																
K11_B001397_S119_L001			24	K11_B001397_S119_L001	24_59_M	Thymus	False	1	False		unmatched																
K12_B000333_S96_L004			24	K12_B000333_S96_L004	24_60_M	MAT	False	1	False		unmatched																
K12_B000337_S144_L003	3.0	6.0	24	K12_B000337_S144_L003	24_60_M	GAT	True	6	True		unmatched																
K12_B001183_S192_L003			24	K12_B001183_S192_L003	24_59_M	MAT	False	1	False		unmatched																
K12_B001190_S288			24	K12_B001190_S288	24_58_M	MAT	False	1	False		unmatched																
K12_B001397_S120_L001			24	K12_B001397_S120_L001	24_59_M	Thymus	False	1	False		unmatched																
K12_B002898_S36	57.0	4.0	24	K12_B002898_S36	24_58_M	GAT	True	4	True		unmatched																
K13_B000331_S253_L004			24	K13_B000331_S253_L004	24_61_M	GAT	False	1	False		unmatched																
K13_B001183_S193_L003			24	K13_B001183_S193_L003	24_59_M	MAT	False	1	False		unmatched																
K13_B001190_S289			24	K13_B001190_S289	24_58_M	MAT	False	1	False		unmatched																
K13_B001397_S121_L001			24	K13_B001397_S121_L001	24_59_M	Thymus	False	1	False		unmatched																
K13_B002900_S61_L003			24	K13_B002900_S61_L003	24_59_M	GAT	False	1	False		unmatched																
K14_B000331_S254_L004			24	K14_B000331_S254_L004	24_61_M	GAT	False	1	False		unmatched																
K14_B000337_S146_L003			24	K14_B000337_S146_L003	24_60_M	GAT	False	1	False		unmatched																
K14_B001277_S254_L002			24	K14_B001277_S254_L002	24_61_M	Thymus	False	1	False		unmatched																
K14_B001385_S26_L003			24	K14_B001385_S26_L003	24_58_M	Thymus	False	1	False		unmatched																
K14_B002892_S278			24	K14_B002892_S278	24_58_M	Marrow	False	1	False		unmatched																
K14_B002949_S26_L002			24	K14_B002949_S26_L002	24_59_M	Marrow	False	1	False		unmatched																
K15_B000848_S231_L003			24	K15_B000848_S231_L003	24_60_M	Spleen	False	1	False		unmatched																
K15_B001190_S291			24	K15_B001190_S291	24_58_M	MAT	False	1	False		unmatched																
K15_B001385_S27_L003			24	K15_B001385_S27_L003	24_58_M	Thymus	False	1	False		unmatched																
K15_B001397_S123_L001			24	K15_B001397_S123_L001	24_59_M	Thymus	False	1	False		unmatched																
K15_B002892_S279			24	K15_B002892_S279	24_58_M	Marrow	False	1	False		unmatched																
K16_B000848_S232_L003			24	K16_B000848_S232_L003	24_60_M	Spleen	False	1	False		unmatched																
K16_B001190_S292			24	K16_B001190_S292	24_58_M	MAT	False	1	False		unmatched																
K16_B001385_S28_L003			24	K16_B001385_S28_L003	24_58_M	Thymus	False	1	False		unmatched																
K16_B001397_S124_L001			24	K16_B001397_S124_L001	24_59_M	Thymus	False	1	False		unmatched																
K16_B002907_S280_L003			24	K16_B002907_S280_L003	24_59_M	SCAT	False	1	False		unmatched																
K17_B000844_S209_L001			24	K17_B000844_S209_L001	24_60_M	Kidney	False	1	False		unmatched																
K17_B001397_S125_L001			24	K17_B001397_S125_L001	24_59_M	Thymus	False	1	False		unmatched																
K17_B001615_S293_L001	64.0	3.0	24	K17_B001615_S293_L001	24_60_M	Brain_Non-Myeloid	True	3	True		unmatched																
K18_B000848_S234_L003			24	K18_B000848_S234_L003	24_60_M	Spleen	False	1	False		unmatched																
K18_B001385_S30_L003			24	K18_B001385_S30_L003	24_58_M	Thymus	False	1	False		unmatched																
K18_B001397_S126_L001			24	K18_B001397_S126_L001	24_59_M	Thymus	False	1	False		unmatched																
K18_B003031_S54_L004			24	K18_B003031_S54_L004	24_60_M	Marrow	False	1	False		unmatched																
K19_B000851_S259_L004	53.0	2.0	24	K19_B000851_S259_L004	24_61_M	Spleen	True	2	True		unmatched																
K19_B001277_S259_L002			24	K19_B001277_S259_L002	24_61_M	Thymus	False	1	False		unmatched																
K19_B001385_S31_L003	103.0	2.0	24	K19_B001385_S31_L003	24_58_M	Thymus	True	2	True		unmatched																
K19_B001397_S127_L001			24	K19_B001397_S127_L001	24_59_M	Thymus	False	1	False		unmatched																
K19_B002892_S283			24	K19_B002892_S283	24_58_M	Marrow	False	1	False		unmatched																
K19_B002946_S295_L002	22.0	3.0	24	K19_B002946_S295_L002	24_58_M	Lung	True	3	True		unmatched																
K19_B003900_S103_L004	11.0	2.0	24	K19_B003900_S103_L004	24_58_M	Brain_Non-Myeloid	True	2	True		unmatched																
K1_B001277_S241_L002			24	K1_B001277_S241_L002	24_61_M	Thymus	False	1	False		unmatched																
K1_B001385_S13_L003			24	K1_B001385_S13_L003	24_58_M	Thymus	False	1	False		unmatched																
K1_B003031_S37_L004			24	K1_B003031_S37_L004	24_60_M	Marrow	False	1	False		unmatched																
K20_B000851_S260_L004	30.0	4.0	24	K20_B000851_S260_L004	24_61_M	Spleen	True	4	True		unmatched																
K20_B001385_S32_L003			24	K20_B001385_S32_L003	24_58_M	Thymus	False	1	False		unmatched																
K20_B001397_S128_L001			24	K20_B001397_S128_L001	24_59_M	Thymus	False	1	False		unmatched																
K21_B000851_S261_L004			24	K21_B000851_S261_L004	24_61_M	Spleen	False	1	False		unmatched																
K21_B001277_S261_L002			24	K21_B001277_S261_L002	24_61_M	Thymus	False	1	False		unmatched																
K21_B001385_S33_L003			24	K21_B001385_S33_L003	24_58_M	Thymus	False	1	False		unmatched																
K21_B001397_S129_L001			24	K21_B001397_S129_L001	24_59_M	Thymus	False	1	False		unmatched																
K21_B002875_S129_L001	21.0	4.0	24	K21_B002875_S129_L001	24_59_M	Lung	True	4	True		unmatched																
K21_B003902_S81_L002			24	K21_B003902_S81_L002	24_59_M	Liver	False	1	False		unmatched																
K22_B001261_S238_L003			24	K22_B001261_S238_L003	24_59_M	Kidney	False	1	False		unmatched																
K22_B001263_S130			24	K22_B001263_S130	24_58_M	Spleen	False	1	False		unmatched																
K22_B001385_S34_L003	103.0	2.0	24	K22_B001385_S34_L003	24_58_M	Thymus	True	2	True		unmatched																
K22_B001397_S130_L001			24	K22_B001397_S130_L001	24_59_M	Thymus	False	1	False		unmatched																
K2_B001385_S14_L003			24	K2_B001385_S14_L003	24_58_M	Thymus	False	1	False		unmatched																
K2_B001397_S110_L001			24	K2_B001397_S110_L001	24_59_M	Thymus	False	1	False		unmatched																
K2_B003232_S14_L002			24	K2_B003232_S14_L002	24_60_M	Brain_Non-Myeloid	False	1	False		unmatched																
K3_B001242_S135	101.0	2.0	24	K3_B001242_S135	24_58_M	Liver	True	2	True		unmatched																
K3_B001263_S111			24	K3_B001263_S111	24_58_M	Spleen	False	1	False		unmatched																
K3_B001277_S243_L002			24	K3_B001277_S243_L002	24_61_M	Thymus	False	1	False		unmatched																
K3_B001615_S279_L001	33.0	3.0	24	K3_B001615_S279_L001	24_60_M	Brain_Non-Myeloid	True	3	True		unmatched																
K3_B003233_S243_L003	19.0	7.0	24	K3_B003233_S243_L003	24_61_M	Heart	True	7	True		unmatched																
K3_B003902_S63_L002			24	K3_B003902_S63_L002	24_59_M	Liver	False	1	False		unmatched																
K4_B000830_S244_L004			24	K4_B000830_S244_L004	24_60_M	Thymus	False	1	False		unmatched																
K4_B001243_S148_L002			24	K4_B001243_S148_L002	24_59_M	Liver	False	1	False		unmatched																
K4_B001272_S28_L001	41.0	2.0	24	K4_B001272_S28_L001	24_60_M	Thymus	True	1	False		unmatched																
K4_B001277_S244_L002			24	K4_B001277_S244_L002	24_61_M	Thymus	False	1	False		unmatched																
K4_B001397_S112_L001			24	K4_B001397_S112_L001	24_59_M	Thymus	False	1	False		unmatched																
K4_B002892_S268			24	K4_B002892_S268	24_58_M	Marrow	False	1	False		unmatched																
K5_B000848_S221_L003			24	K5_B000848_S221_L003	24_60_M	Spleen	False	1	False		unmatched																
K5_B001263_S113			24	K5_B001263_S113	24_58_M	Spleen	False	1	False		unmatched																
K5_B001277_S245_L002	18.0	2.0	24	K5_B001277_S245_L002	24_61_M	Thymus	True	2	True		unmatched																
K5_B001385_S17_L003			24	K5_B001385_S17_L003	24_58_M	Thymus	False	1	False		unmatched																
K5_B001397_S113_L001			24	K5_B001397_S113_L001	24_59_M	Thymus	False	1	False		unmatched																
K5_B002892_S269			24	K5_B002892_S269	24_58_M	Marrow	False	1	False		unmatched																
K5_B003234_S5_L004			24	K5_B003234_S5_L004	24_60_M	Lung	False	1	False		unmatched																
K6_B000830_S246_L004			24	K6_B000830_S246_L004	24_60_M	Thymus	False	1	False		unmatched																
K6_B001263_S114			24	K6_B001263_S114	24_58_M	Spleen	False	1	False		unmatched																
K6_B001277_S246_L002			24	K6_B001277_S246_L002	24_61_M	Thymus	False	1	False		unmatched																
K7_B000830_S247_L004			24	K7_B000830_S247_L004	24_60_M	Thymus	False	1	False		unmatched																
K7_B001397_S115_L001			24	K7_B001397_S115_L001	24_59_M	Thymus	False	1	False		unmatched																
K8_B001277_S248_L002			24	K8_B001277_S248_L002	24_61_M	Thymus	False	1	False		unmatched																
K8_B001385_S20_L003			24	K8_B001385_S20_L003	24_58_M	Thymus	False	1	False		unmatched																
K8_B001386_S188_L003	65.0	2.0	24	K8_B001386_S188_L003	24_58_M	Liver	True	2	True		unmatched																
K8_B001397_S116_L001			24	K8_B001397_S116_L001	24_59_M	Thymus	False	1	False		unmatched																
K8_B002892_S272			24	K8_B002892_S272	24_58_M	Marrow	False	1	False		unmatched																
K8_B002992_S248_L003			24	K8_B002992_S248_L003	24_61_M	Marrow	False	1	False		unmatched																
K9_B000848_S225_L003			24	K9_B000848_S225_L003	24_60_M	Spleen	False	1	False		unmatched																
K9_B000851_S249_L004			24	K9_B000851_S249_L004	24_61_M	Spleen	False	1	False		unmatched																
K9_B001263_S117			24	K9_B001263_S117	24_58_M	Spleen	False	1	False		unmatched																
K9_B001265_S237_L002			24	K9_B001265_S237_L002	24_59_M	Spleen	False	1	False		unmatched																
K9_B001277_S249_L002			24	K9_B001277_S249_L002	24_61_M	Thymus	False	1	False		unmatched																
K9_B001385_S21_L003			24	K9_B001385_S21_L003	24_58_M	Thymus	False	1	False		unmatched																
K9_B002898_S33			24	K9_B002898_S33	24_58_M	GAT	False	1	False		unmatched																
K9_B003858_S273_L003	16.0	2.0	24	K9_B003858_S273_L003	24_59_M	Heart	True	2	True		unmatched																
L10_B000331_S274_L004			24	L10_B000331_S274_L004	24_61_M	GAT	False	1	False		unmatched																
L10_B000830_S274_L004	31.0	2.0	24	L10_B000830_S274_L004	24_60_M	Thymus	True	2	True		unmatched																
L10_B001183_S214_L003			24	L10_B001183_S214_L003	24_59_M	MAT	False	1	False		unmatched																
L10_B001190_S10			24	L10_B001190_S10	24_58_M	MAT	False	1	False		unmatched																
L10_B001385_S46_L003			24	L10_B001385_S46_L003	24_58_M	Thymus	False	1	False		unmatched																
L11_B000337_S167_L003	29.0	2.0	24	L11_B000337_S167_L003	24_60_M	GAT	True	2	True		unmatched																
L11_B000830_S275_L004	33.0	3.0	24	L11_B000830_S275_L004	24_60_M	Thymus	True	3	True		unmatched																
L11_B000846_S275_L003	47.0	4.0	24	L11_B000846_S275_L003	24_61_M	Kidney	True	3	True		unmatched																
L11_B000851_S275_L004			24	L11_B000851_S275_L004	24_61_M	Spleen	False	1	False		unmatched																
L11_B001263_S143			24	L11_B001263_S143	24_58_M	Spleen	False	1	False		unmatched																
L11_B001277_S275_L002			24	L11_B001277_S275_L002	24_61_M	Thymus	False	1	False		unmatched																
L11_B001385_S47_L003			24	L11_B001385_S47_L003	24_58_M	Thymus	False	1	False		unmatched																
L11_B001397_S143_L001			24	L11_B001397_S143_L001	24_59_M	Thymus	False	1	False		unmatched																
L11_B003031_S71_L004	47.0	4.0	24	L11_B003031_S71_L004	24_60_M	Marrow	True	1	False		unmatched																
L12_B000331_S276_L004			24	L12_B000331_S276_L004	24_61_M	GAT	False	1	False		unmatched																
L12_B001183_S216_L003	35.0	5.0	24	L12_B001183_S216_L003	24_59_M	MAT	True	5	True		unmatched																
L12_B001190_S12	39.0	8.0	24	L12_B001190_S12	24_58_M	MAT	True	8	True		unmatched																
L12_B001261_S252_L003	80.0	2.0	24	L12_B001261_S252_L003	24_59_M	Kidney	True	2	True		unmatched																
L12_B001265_S264_L002			24	L12_B001265_S264_L002	24_59_M	Spleen	False	1	False		unmatched																
L12_B001385_S48_L003			24	L12_B001385_S48_L003	24_58_M	Thymus	False	1	False		unmatched																
L12_B002892_S300			24	L12_B002892_S300	24_58_M	Marrow	False	1	False		unmatched																
L12_B002907_S300_L003	12.0	9.0	24	L12_B002907_S300_L003	24_59_M	SCAT	True	9	True		unmatched																
L12_B003800_S276_L002			24	L12_B003800_S276_L002	24_61_M	Heart	False	1	False		unmatched																
L13_B000846_S277_L003			24	L13_B000846_S277_L003	24_61_M	Kidney	False	1	False		unmatched																
L13_B000851_S277_L004			24	L13_B000851_S277_L004	24_61_M	Spleen	False	1	False		unmatched																
L13_B001261_S253_L003			24	L13_B001261_S253_L003	24_59_M	Kidney	False	1	False		unmatched																
L13_B001263_S145	91.0	2.0	24	L13_B001263_S145	24_58_M	Spleen	True	2	True		unmatched																
L13_B001385_S49_L003			24	L13_B001385_S49_L003	24_58_M	Thymus	False	1	False		unmatched																
L13_B002892_S1			24	L13_B002892_S1	24_58_M	Marrow	False	1	False		unmatched																
L14_B000848_S254_L003			24	L14_B000848_S254_L003	24_60_M	Spleen	False	1	False		unmatched																
L14_B001190_S14	94.0	2.0	24	L14_B001190_S14	24_58_M	MAT	True	2	True		unmatched																
L14_B001277_S278_L002			24	L14_B001277_S278_L002	24_61_M	Thymus	False	1	False		unmatched																
L14_B003843_S254_L004	74.0	4.0	24	L14_B003843_S254_L004	24_58_M	Trachea	True	4	True		unmatched																
L15_B000834_S207_L004			24	L15_B000834_S207_L004	24_60_M	BAT	False	1	False		unmatched																
L15_B001183_S219_L003			24	L15_B001183_S219_L003	24_59_M	MAT	False	1	False		unmatched																
L15_B001188_S231			24	L15_B001188_S231	24_58_M	SCAT	False	1	False		unmatched																
L15_B001190_S15			24	L15_B001190_S15	24_58_M	MAT	False	1	False		unmatched																
L15_B001277_S279_L002			24	L15_B001277_S279_L002	24_61_M	Thymus	False	1	False		unmatched																
L15_B001385_S51_L003			24	L15_B001385_S51_L003	24_58_M	Thymus	False	1	False		unmatched																
L15_B002907_S3_L003	10.0	2.0	24	L15_B002907_S3_L003	24_59_M	SCAT	True	2	True		unmatched																
L15_B002949_S51_L002	60.0	2.0	24	L15_B002949_S51_L002	24_59_M	Marrow	True	2	True		unmatched																
L16_B000331_S280_L004			24	L16_B000331_S280_L004	24_61_M	GAT	False	1	False		unmatched																
L16_B000333_S124_L004			24	L16_B000333_S124_L004	24_60_M	MAT	False	1	False		unmatched																
L16_B000848_S256_L003			24	L16_B000848_S256_L003	24_60_M	Spleen	False	1	False		unmatched																
L16_B001183_S220_L003	93.0	3.0	24	L16_B001183_S220_L003	24_59_M	MAT	True	3	True		unmatched																
L16_B001188_S232			24	L16_B001188_S232	24_58_M	SCAT	False	1	False		unmatched																
L16_B001277_S280_L002			24	L16_B001277_S280_L002	24_61_M	Thymus	False	1	False		unmatched																
L16_B001385_S52_L003			24	L16_B001385_S52_L003	24_58_M	Thymus	False	1	False		unmatched																
L16_B001397_S148_L001			24	L16_B001397_S148_L001	24_59_M	Thymus	False	1	False		unmatched																
L16_B002900_S88_L003	55.0	2.0	24	L16_B002900_S88_L003	24_59_M	GAT	True	2	True		unmatched																
L17_B000848_S257_L003			24	L17_B000848_S257_L003	24_60_M	Spleen	False	1	False		unmatched																
L17_B001385_S53_L003			24	L17_B001385_S53_L003	24_58_M	Thymus	False	1	False		unmatched																
L17_B002881_S65_L001			24	L17_B002881_S65_L001	24_59_M	Trachea	False	1	False		unmatched																
L18_B000846_S282_L003	47.0	4.0	24	L18_B000846_S282_L003	24_61_M	Kidney	True	3	True		unmatched																
L18_B001263_S150			24	L18_B001263_S150	24_58_M	Spleen	False	1	False		unmatched																
L18_B001385_S54_L003			24	L18_B001385_S54_L003	24_58_M	Thymus	False	1	False		unmatched																
L18_B001397_S150_L001			24	L18_B001397_S150_L001	24_59_M	Thymus	False	1	False		unmatched																
L18_B003234_S42_L004			24	L18_B003234_S42_L004	24_60_M	Lung	False	1	False		unmatched																
L18_B003841_S258	8.0	2.0	24	L18_B003841_S258	24_58_M	Heart	True	2	True		unmatched																
L18_B003902_S102_L002	24.0	34.0	24	L18_B003902_S102_L002	24_59_M	Liver	True	34	True		unmatched																
L19_B000846_S283_L003	47.0	4.0	24	L19_B000846_S283_L003	24_61_M	Kidney	True	3	True		unmatched																
L19_B001277_S283_L002			24	L19_B001277_S283_L002	24_61_M	Thymus	False	1	False		unmatched																
L19_B001385_S55_L003			24	L19_B001385_S55_L003	24_58_M	Thymus	False	1	False		unmatched																
L19_B003846_S223			24	L19_B003846_S223	24_58_M	Heart	False	1	False		unmatched																
L1_B001277_S265_L002			24	L1_B001277_S265_L002	24_61_M	Thymus	False	1	False		unmatched																
L1_B001385_S37_L003			24	L1_B001385_S37_L003	24_58_M	Thymus	False	1	False		unmatched																
L1_B001397_S133_L001			24	L1_B001397_S133_L001	24_59_M	Thymus	False	1	False		unmatched																
L1_B003031_S61_L004	59.0	3.0	24	L1_B003031_S61_L004	24_60_M	Marrow	True	3	True		unmatched																
L20_B000851_S284_L004	19.0	7.0	24	L20_B000851_S284_L004	24_61_M	Spleen	True	7	True		unmatched																
L20_B001277_S284_L002			24	L20_B001277_S284_L002	24_61_M	Thymus	False	1	False		unmatched																
L20_B001385_S56_L003			24	L20_B001385_S56_L003	24_58_M	Thymus	False	1	False		unmatched																
L20_B002949_S56_L002			24	L20_B002949_S56_L002	24_59_M	Marrow	False	1	False		unmatched																
L21_B000846_S285_L003			24	L21_B000846_S285_L003	24_61_M	Kidney	False	1	False		unmatched																
L21_B001277_S285_L002			24	L21_B001277_S285_L002	24_61_M	Thymus	False	1	False		unmatched																
L21_B002875_S153_L001	25.0	6.0	24	L21_B002875_S153_L001	24_59_M	Lung	True	6	True		unmatched																
L21_B002946_S21_L002			24	L21_B002946_S21_L002	24_58_M	Lung	False	1	False		unmatched																
L22_B001243_S190_L002			24	L22_B001243_S190_L002	24_59_M	Liver	False	1	False		unmatched																
L22_B002881_S70_L001			24	L22_B002881_S70_L001	24_59_M	Trachea	False	1	False		unmatched																
L2_B001263_S134			24	L2_B001263_S134	24_58_M	Spleen	False	1	False		unmatched																
L2_B001265_S254_L002	92.0	2.0	24	L2_B001265_S254_L002	24_59_M	Spleen	True	2	True		unmatched																
L2_B001385_S38_L003			24	L2_B001385_S38_L003	24_58_M	Thymus	False	1	False		unmatched																
L2_B002949_S38_L002			24	L2_B002949_S38_L002	24_59_M	Marrow	False	1	False		unmatched																
L2_B003232_S38_L002	71.0	2.0	24	L2_B003232_S38_L002	24_60_M	Brain_Non-Myeloid	True	2	True		unmatched																
L2_B003902_S86_L002			24	L2_B003902_S86_L002	24_59_M	Liver	False	1	False		unmatched																
L3_B001277_S267_L002			24	L3_B001277_S267_L002	24_61_M	Thymus	False	1	False		unmatched																
L3_B002875_S135_L001			24	L3_B002875_S135_L001	24_59_M	Lung	False	1	False		unmatched																
L4_B000830_S268_L004			24	L4_B000830_S268_L004	24_60_M	Thymus	False	1	False		unmatched																
L4_B001243_S172_L002			24	L4_B001243_S172_L002	24_59_M	Liver	False	1	False		unmatched																
L4_B001263_S136			24	L4_B001263_S136	24_58_M	Spleen	False	1	False		unmatched																
L4_B001397_S136_L001			24	L4_B001397_S136_L001	24_59_M	Thymus	False	1	False		unmatched																
L4_B003031_S64_L004			24	L4_B003031_S64_L004	24_60_M	Marrow	False	1	False		unmatched																
L5_B000830_S269_L004			24	L5_B000830_S269_L004	24_60_M	Thymus	False	1	False		unmatched																
L5_B001242_S161			24	L5_B001242_S161	24_58_M	Liver	False	1	False		unmatched																
L5_B001263_S137			24	L5_B001263_S137	24_58_M	Spleen	False	1	False		unmatched																
L5_B001277_S269_L002	67.0	5.0	24	L5_B001277_S269_L002	24_61_M	Thymus	True	5	True		unmatched																
L5_B001385_S41_L003			24	L5_B001385_S41_L003	24_58_M	Thymus	False	1	False		unmatched																
L5_B001397_S137_L001			24	L5_B001397_S137_L001	24_59_M	Thymus	False	1	False		unmatched																
L5_B002875_S137_L001			24	L5_B002875_S137_L001	24_59_M	Lung	False	1	False		unmatched																
L5_B002881_S53_L001	20.0	2.0	24	L5_B002881_S53_L001	24_59_M	Trachea	True	2	True		unmatched																
L6_B000830_S270_L004			24	L6_B000830_S270_L004	24_60_M	Thymus	False	1	False		unmatched																
L6_B001277_S270_L002			24	L6_B001277_S270_L002	24_61_M	Thymus	False	1	False		unmatched																
L6_B001385_S42_L003			24	L6_B001385_S42_L003	24_58_M	Thymus	False	1	False		unmatched																
L6_B003843_S246_L004			24	L6_B003843_S246_L004	24_58_M	Trachea	False	1	False		unmatched																
L7_B000830_S271_L004			24	L7_B000830_S271_L004	24_60_M	Thymus	False	1	False		unmatched																
L7_B001277_S271_L002			24	L7_B001277_S271_L002	24_61_M	Thymus	False	1	False		unmatched																
L7_B001397_S139_L001			24	L7_B001397_S139_L001	24_59_M	Thymus	False	1	False		unmatched																
L7_B003902_S91_L002	24.0	34.0	24	L7_B003902_S91_L002	24_59_M	Liver	True	34	True		unmatched																
L8_B000830_S272_L004			24	L8_B000830_S272_L004	24_60_M	Thymus	False	1	False		unmatched																
L8_B000848_S248_L003			24	L8_B000848_S248_L003	24_60_M	Spleen	False	1	False		unmatched																
L8_B000851_S272_L004			24	L8_B000851_S272_L004	24_61_M	Spleen	False	1	False		unmatched																
L8_B003902_S92_L002	24.0	34.0	24	L8_B003902_S92_L002	24_59_M	Liver	True	34	True		unmatched																
L9_B000830_S273_L004	102.0	2.0	24	L9_B000830_S273_L004	24_60_M	Thymus	True	2	True		unmatched																
L9_B001183_S213_L003			24	L9_B001183_S213_L003	24_59_M	MAT	False	1	False		unmatched																
L9_B001385_S45_L003			24	L9_B001385_S45_L003	24_58_M	Thymus	False	1	False		unmatched																
L9_B001397_S141_L001			24	L9_B001397_S141_L001	24_59_M	Thymus	False	1	False		unmatched																
L9_B002875_S141_L001	87.0	2.0	24	L9_B002875_S141_L001	24_59_M	Lung	True	2	True		unmatched																
L9_B002892_S297			24	L9_B002892_S297	24_58_M	Marrow	False	1	False		unmatched																
L9_B002898_S57			24	L9_B002898_S57	24_58_M	GAT	False	1	False		unmatched																
L9_B002900_S81_L003			24	L9_B002900_S81_L003	24_59_M	GAT	False	1	False		unmatched																
L9_B003031_S69_L004	48.0	3.0	24	L9_B003031_S69_L004	24_60_M	Marrow	True	3	True		unmatched																
M10_B000333_S142_L004			24	M10_B000333_S142_L004	24_60_M	MAT	False	1	False		unmatched																
M10_B000337_S190_L003			24	M10_B000337_S190_L003	24_60_M	GAT	False	1	False		unmatched																
M10_B000846_S298_L003	17.0	2.0	24	M10_B000846_S298_L003	24_61_M	Kidney	True	2	True		unmatched																
M10_B000848_S274_L003			24	M10_B000848_S274_L003	24_60_M	Spleen	False	1	False		unmatched																
M10_B001277_S298_L002			24	M10_B001277_S298_L002	24_61_M	Thymus	False	1	False		unmatched																
M10_B001385_S70_L003			24	M10_B001385_S70_L003	24_58_M	Thymus	False	1	False		unmatched																
M10_B001397_S166_L001			24	M10_B001397_S166_L001	24_59_M	Thymus	False	1	False		unmatched																
M10_B001615_S34_L001	64.0	3.0	24	M10_B001615_S34_L001	24_60_M	Brain_Non-Myeloid	True	3	True		unmatched																
M10_B003031_S94_L004	49.0	2.0	24	M10_B003031_S94_L004	24_60_M	Marrow	True	2	True		unmatched																
M11_B000331_S299_L004	15.0	15.0	24	M11_B000331_S299_L004	24_61_M	GAT	True	15	True		unmatched																
M11_B000337_S191_L003	77.0	5.0	24	M11_B000337_S191_L003	24_60_M	GAT	True	5	True		unmatched																
M11_B000851_S299_L004			24	M11_B000851_S299_L004	24_61_M	Spleen	False	1	False		unmatched																
M11_B001183_S239_L003			24	M11_B001183_S239_L003	24_59_M	MAT	False	1	False		unmatched																
M11_B001188_S251	58.0	2.0	24	M11_B001188_S251	24_58_M	SCAT	True	2	True		unmatched																
M11_B001265_S287_L002	32.0	2.0	24	M11_B001265_S287_L002	24_59_M	Spleen	True	1	False		unmatched																
M11_B001277_S299_L002			24	M11_B001277_S299_L002	24_61_M	Thymus	False	1	False		unmatched																
M11_B001385_S71_L003			24	M11_B001385_S71_L003	24_58_M	Thymus	False	1	False		unmatched																
M11_B002887_S83_L001			24	M11_B002887_S83_L001	24_58_M	BAT	False	1	False		unmatched																
M11_B002900_S107_L003			24	M11_B002900_S107_L003	24_59_M	GAT	False	1	False		unmatched																
M12_B000830_S300_L004			24	M12_B000830_S300_L004	24_60_M	Thymus	False	1	False		unmatched																
M12_B001277_S300_L002			24	M12_B001277_S300_L002	24_61_M	Thymus	False	1	False		unmatched																
M12_B001385_S72_L003			24	M12_B001385_S72_L003	24_58_M	Thymus	False	1	False		unmatched																
M12_B001397_S168_L001			24	M12_B001397_S168_L001	24_59_M	Thymus	False	1	False		unmatched																
M12_B002992_S300_L003			24	M12_B002992_S300_L003	24_61_M	Marrow	False	1	False		unmatched																
M13_B001397_S169_L001	52.0	2.0	24	M13_B001397_S169_L001	24_59_M	Thymus	True	1	False		unmatched																
M14_B000851_S302_L004			24	M14_B000851_S302_L004	24_61_M	Spleen	False	1	False		unmatched																
M14_B001183_S242_L003			24	M14_B001183_S242_L003	24_59_M	MAT	False	1	False		unmatched																
M14_B001397_S170_L001			24	M14_B001397_S170_L001	24_59_M	Thymus	False	1	False		unmatched																
M14_B002892_S26			24	M14_B002892_S26	24_58_M	Marrow	False	1	False		unmatched																
M15_B000331_S303_L004			24	M15_B000331_S303_L004	24_61_M	GAT	False	1	False		unmatched																
M15_B000333_S147_L004			24	M15_B000333_S147_L004	24_60_M	MAT	False	1	False		unmatched																
M15_B000337_S195_L003			24	M15_B000337_S195_L003	24_60_M	GAT	False	1	False		unmatched																
M15_B001190_S39			24	M15_B001190_S39	24_58_M	MAT	False	1	False		unmatched																
M15_B001397_S171_L001			24	M15_B001397_S171_L001	24_59_M	Thymus	False	1	False		unmatched																
M16_B000331_S304_L004			24	M16_B000331_S304_L004	24_61_M	GAT	False	1	False		unmatched																
M16_B000333_S148_L004			24	M16_B000333_S148_L004	24_60_M	MAT	False	1	False		unmatched																
M16_B001183_S244_L003			24	M16_B001183_S244_L003	24_59_M	MAT	False	1	False		unmatched																
M16_B001385_S76_L003			24	M16_B001385_S76_L003	24_58_M	Thymus	False	1	False		unmatched																
M16_B002892_S28			24	M16_B002892_S28	24_58_M	Marrow	False	1	False		unmatched																
M17_B001243_S209_L002			24	M17_B001243_S209_L002	24_59_M	Liver	False	1	False		unmatched																
M17_B001385_S77_L003			24	M17_B001385_S77_L003	24_58_M	Thymus	False	1	False		unmatched																
M17_B001397_S173_L001			24	M17_B001397_S173_L001	24_59_M	Thymus	False	1	False		unmatched																
M17_B002949_S77_L002			24	M17_B002949_S77_L002	24_59_M	Marrow	False	1	False		unmatched																
M17_B003031_S101_L004	27.0	4.0	24	M17_B003031_S101_L004	24_60_M	Marrow	True	4	True		unmatched																
M18_B001385_S78_L003			24	M18_B001385_S78_L003	24_58_M	Thymus	False	1	False		unmatched																
M18_B001397_S174_L001			24	M18_B001397_S174_L001	24_59_M	Thymus	False	1	False		unmatched																
M18_B002946_S42_L002			24	M18_B002946_S42_L002	24_58_M	Lung	False	1	False		unmatched																
M18_B002949_S78_L002			24	M18_B002949_S78_L002	24_59_M	Marrow	False	1	False		unmatched																
M18_B003903_S258_L001			24	M18_B003903_S258_L001	24_59_M	Brain_Non-Myeloid	False	1	False		unmatched																
M19_B001397_S175_L001			24	M19_B001397_S175_L001	24_59_M	Thymus	False	1	False		unmatched																
M19_B001615_S43_L001	26.0	2.0	24	M19_B001615_S43_L001	24_60_M	Brain_Non-Myeloid	True	2	True		unmatched																
M19_B003031_S103_L004			24	M19_B003031_S103_L004	24_60_M	Marrow	False	1	False		unmatched																
M19_B003902_S127_L002	24.0	34.0	24	M19_B003902_S127_L002	24_59_M	Liver	True	34	True		unmatched																
M1_B000852_S289_L001	98.0	2.0	24	M1_B000852_S289_L001	24_61_M	Brain_Myeloid	True	2	True		unmatched																
M1_B001277_S289_L002			24	M1_B001277_S289_L002	24_61_M	Thymus	False	1	False		unmatched																
M1_B001397_S157_L001			24	M1_B001397_S157_L001	24_59_M	Thymus	False	1	False		unmatched																
M1_B003228_S97_L003	98.0	2.0	24	M1_B003228_S97_L003	24_61_M	Brain_Non-Myeloid	True	2	True		unmatched																
M1_B003800_S289_L002			24	M1_B003800_S289_L002	24_61_M	Heart	False	1	False		unmatched																
M20_B000851_S308_L004	83.0	2.0	24	M20_B000851_S308_L004	24_61_M	Spleen	True	2	True		unmatched																
M20_B001397_S176_L001			24	M20_B001397_S176_L001	24_59_M	Thymus	False	1	False		unmatched																
M20_B002892_S32			24	M20_B002892_S32	24_58_M	Marrow	False	1	False		unmatched																
M20_B003031_S104_L004			24	M20_B003031_S104_L004	24_60_M	Marrow	False	1	False		unmatched																
M20_B003234_S68_L004			24	M20_B003234_S68_L004	24_60_M	Lung	False	1	False		unmatched																
M21_B000848_S285_L003			24	M21_B000848_S285_L003	24_60_M	Spleen	False	1	False		unmatched																
M21_B001243_S213_L002			24	M21_B001243_S213_L002	24_59_M	Liver	False	1	False		unmatched																
M21_B002992_S309_L003			24	M21_B002992_S309_L003	24_61_M	Marrow	False	1	False		unmatched																
M22_B001256_S46_L002			24	M22_B001256_S46_L002	24_59_M	Thymus	False	1	False		unmatched																
M22_B001385_S82_L003			24	M22_B001385_S82_L003	24_58_M	Thymus	False	1	False		unmatched																
M22_B001397_S178_L001			24	M22_B001397_S178_L001	24_59_M	Thymus	False	1	False		unmatched																
M22_B002892_S34			24	M22_B002892_S34	24_58_M	Marrow	False	1	False		unmatched																
M2_B000830_S290_L004			24	M2_B000830_S290_L004	24_60_M	Thymus	False	1	False		unmatched																
M2_B000852_S290_L001	54.0	2.0	24	M2_B000852_S290_L001	24_61_M	Brain_Myeloid	True	2	True		unmatched																
M2_B001386_S230_L003			24	M2_B001386_S230_L003	24_58_M	Liver	False	1	False		unmatched																
M2_B001615_S26_L001			24	M2_B001615_S26_L001	24_60_M	Brain_Non-Myeloid	False	1	False		unmatched																
M2_B003228_S98_L003	54.0	2.0	24	M2_B003228_S98_L003	24_61_M	Brain_Non-Myeloid	True	2	True		unmatched																
M3_B000830_S291_L004			24	M3_B000830_S291_L004	24_60_M	Thymus	False	1	False		unmatched																
M3_B000848_S267_L003	31.0	2.0	24	M3_B000848_S267_L003	24_60_M	Spleen	True	2	True		unmatched																
M3_B001151_S183_L003	92.0	2.0	24	M3_B001151_S183_L003	24_59_M	Marrow	True	2	True		unmatched																
M3_B001242_S183	9.0	2.0	24	M3_B001242_S183	24_58_M	Liver	True	2	True		unmatched																
M3_B001277_S291_L002			24	M3_B001277_S291_L002	24_61_M	Thymus	False	1	False		unmatched																
M3_B001385_S63_L003			24	M3_B001385_S63_L003	24_58_M	Thymus	False	1	False		unmatched																
M3_B001397_S159_L001			24	M3_B001397_S159_L001	24_59_M	Thymus	False	1	False		unmatched																
M3_B003843_S267_L004	58.0	2.0	24	M3_B003843_S267_L004	24_58_M	Trachea	True	2	True		unmatched																
M4_B000830_S292_L004			24	M4_B000830_S292_L004	24_60_M	Thymus	False	1	False		unmatched																
M4_B001277_S292_L002			24	M4_B001277_S292_L002	24_61_M	Thymus	False	1	False		unmatched																
M4_B001385_S64_L003			24	M4_B001385_S64_L003	24_58_M	Thymus	False	1	False		unmatched																
M4_B001397_S160_L001			24	M4_B001397_S160_L001	24_59_M	Thymus	False	1	False		unmatched																
M5_B000326_S293_L002			24	M5_B000326_S293_L002	24_61_M	Marrow	False	1	False		unmatched																
M5_B000830_S293_L004			24	M5_B000830_S293_L004	24_60_M	Thymus	False	1	False		unmatched																
M5_B000851_S293_L004			24	M5_B000851_S293_L004	24_61_M	Spleen	False	1	False		unmatched																
M5_B001277_S293_L002	15.0	15.0	24	M5_B001277_S293_L002	24_61_M	Thymus	True	15	True		unmatched																
M5_B001385_S65_L003			24	M5_B001385_S65_L003	24_58_M	Thymus	False	1	False		unmatched																
M6_B000830_S294_L004			24	M6_B000830_S294_L004	24_60_M	Thymus	False	1	False		unmatched																
M6_B001385_S66_L003			24	M6_B001385_S66_L003	24_58_M	Thymus	False	1	False		unmatched																
M6_B001397_S162_L001			24	M6_B001397_S162_L001	24_59_M	Thymus	False	1	False		unmatched																
M7_B000830_S295_L004	49.0	2.0	24	M7_B000830_S295_L004	24_60_M	Thymus	True	2	True		unmatched																
M7_B000848_S271_L003			24	M7_B000848_S271_L003	24_60_M	Spleen	False	1	False		unmatched																
M7_B001263_S163			24	M7_B001263_S163	24_58_M	Spleen	False	1	False		unmatched																
M7_B001265_S283_L002			24	M7_B001265_S283_L002	24_59_M	Spleen	False	1	False		unmatched																
M7_B003031_S91_L004			24	M7_B003031_S91_L004	24_60_M	Marrow	False	1	False		unmatched																
M8_B001243_S200_L002	24.0	34.0	24	M8_B001243_S200_L002	24_59_M	Liver	True	34	True		unmatched																
M8_B001397_S164_L001			24	M8_B001397_S164_L001	24_59_M	Thymus	False	1	False		unmatched																
M8_B002892_S20			24	M8_B002892_S20	24_58_M	Marrow	False	1	False		unmatched																
M8_B003902_S116_L002	24.0	34.0	24	M8_B003902_S116_L002	24_59_M	Liver	True	34	True		unmatched																
M9_B000332_S105_L003			24	M9_B000332_S105_L003	24_60_M	SCAT	False	1	False		unmatched																
M9_B000830_S297_L004			24	M9_B000830_S297_L004	24_60_M	Thymus	False	1	False		unmatched																
M9_B001190_S33			24	M9_B001190_S33	24_58_M	MAT	False	1	False		unmatched																
M9_B001263_S165			24	M9_B001263_S165	24_58_M	Spleen	False	1	False		unmatched																
M9_B001385_S69_L003			24	M9_B001385_S69_L003	24_58_M	Thymus	False	1	False		unmatched																
M9_B001397_S165_L001			24	M9_B001397_S165_L001	24_59_M	Thymus	False	1	False		unmatched																
M9_B002875_S165_L001			24	M9_B002875_S165_L001	24_59_M	Lung	False	1	False		unmatched																
M9_B002898_S81	57.0	4.0	24	M9_B002898_S81	24_58_M	GAT	True	4	True		unmatched																
M9_B002900_S105_L003	12.0	9.0	24	M9_B002900_S105_L003	24_59_M	GAT	True	9	True		unmatched																
M9_B003233_S297_L003	66.0	3.0	24	M9_B003233_S297_L003	24_61_M	Heart	True	3	True		unmatched																
N10_B000830_S322_L004			24	N10_B000830_S322_L004	24_60_M	Thymus	False	1	False		unmatched																
N10_B001188_S274	74.0	4.0	24	N10_B001188_S274	24_58_M	SCAT	True	4	True		unmatched																
N10_B001397_S190_L001			24	N10_B001397_S190_L001	24_59_M	Thymus	False	1	False		unmatched																
N10_B002949_S94_L002			24	N10_B002949_S94_L002	24_59_M	Marrow	False	1	False		unmatched																
N11_B000331_S323_L004	15.0	15.0	24	N11_B000331_S323_L004	24_61_M	GAT	True	15	True		unmatched																
N11_B000830_S323_L004			24	N11_B000830_S323_L004	24_60_M	Thymus	False	1	False		unmatched																
N11_B000844_S275_L001	52.0	2.0	24	N11_B000844_S275_L001	24_60_M	Kidney	True	1	False		unmatched																
N11_B000848_S299_L003			24	N11_B000848_S299_L003	24_60_M	Spleen	False	1	False		unmatched																
N11_B000851_S323_L004			24	N11_B000851_S323_L004	24_61_M	Spleen	False	1	False		unmatched																
N11_B001397_S191_L001			24	N11_B001397_S191_L001	24_59_M	Thymus	False	1	False		unmatched																
N12_B001183_S264_L003			24	N12_B001183_S264_L003	24_59_M	MAT	False	1	False		unmatched																
N12_B001190_S60			24	N12_B001190_S60	24_58_M	MAT	False	1	False		unmatched																
N12_B001263_S192			24	N12_B001263_S192	24_58_M	Spleen	False	1	False		unmatched																
N12_B001385_S96_L003			24	N12_B001385_S96_L003	24_58_M	Thymus	False	1	False		unmatched																
N12_B001397_S192_L001			24	N12_B001397_S192_L001	24_59_M	Thymus	False	1	False		unmatched																
N12_B002900_S132_L003	12.0	9.0	24	N12_B002900_S132_L003	24_59_M	GAT	True	9	True		unmatched																
N13_B000331_S325_L004			24	N13_B000331_S325_L004	24_61_M	GAT	False	1	False		unmatched																
N13_B000333_S169_L004	7.0	12.0	24	N13_B000333_S169_L004	24_60_M	MAT	True	12	True		unmatched																
N13_B000342_S325_L004	15.0	15.0	24	N13_B000342_S325_L004	24_61_M	Lung	True	15	True		unmatched																
N13_B000848_S1_L003			24	N13_B000848_S1_L003	24_60_M	Spleen	False	1	False		unmatched																
N13_B001183_S265_L003			24	N13_B001183_S265_L003	24_59_M	MAT	False	1	False		unmatched																
N13_B001188_S277			24	N13_B001188_S277	24_58_M	SCAT	False	1	False		unmatched																
N13_B001385_S97_L003			24	N13_B001385_S97_L003	24_58_M	Thymus	False	1	False		unmatched																
N13_B001397_S193_L001			24	N13_B001397_S193_L001	24_59_M	Thymus	False	1	False		unmatched																
N13_B002892_S49	56.0	4.0	24	N13_B002892_S49	24_58_M	Marrow	True	4	True		unmatched																
N13_B002949_S97_L002	23.0	2.0	24	N13_B002949_S97_L002	24_59_M	Marrow	True	2	True		unmatched																
N14_B000331_S326_L004			24	N14_B000331_S326_L004	24_61_M	GAT	False	1	False		unmatched																
N14_B001183_S266_L003			24	N14_B001183_S266_L003	24_59_M	MAT	False	1	False		unmatched																
N14_B001385_S98_L003			24	N14_B001385_S98_L003	24_58_M	Thymus	False	1	False		unmatched																
N14_B002898_S110	57.0	4.0	24	N14_B002898_S110	24_58_M	GAT	True	4	True		unmatched																
N14_B003791_S326_L004	51.0	6.0	24	N14_B003791_S326_L004	24_61_M	Heart	True	6	True		unmatched																
N15_B000331_S327_L004	34.0	2.0	24	N15_B000331_S327_L004	24_61_M	GAT	True	2	True		unmatched																
N15_B000851_S327_L004			24	N15_B000851_S327_L004	24_61_M	Spleen	False	1	False		unmatched																
N15_B001386_S267_L003			24	N15_B001386_S267_L003	24_58_M	Liver	False	1	False		unmatched																
N15_B001397_S195_L001			24	N15_B001397_S195_L001	24_59_M	Thymus	False	1	False		unmatched																
N15_B002949_S99_L002			24	N15_B002949_S99_L002	24_59_M	Marrow	False	1	False		unmatched																
N15_B003902_S147_L002	24.0	34.0	24	N15_B003902_S147_L002	24_59_M	Liver	True	34	True		unmatched																
N16_B000331_S328_L004	28.0	2.0	24	N16_B000331_S328_L004	24_61_M	GAT	True	2	True		unmatched																
N16_B000333_S172_L004			24	N16_B000333_S172_L004	24_60_M	MAT	False	1	False		unmatched																
N16_B001183_S268_L003	12.0	9.0	24	N16_B001183_S268_L003	24_59_M	MAT	True	9	True		unmatched																
N16_B001385_S100_L003			24	N16_B001385_S100_L003	24_58_M	Thymus	False	1	False		unmatched																
N16_B001397_S196_L001			24	N16_B001397_S196_L001	24_59_M	Thymus	False	1	False		unmatched																
N16_B002881_S112_L001	14.0	6.0	24	N16_B002881_S112_L001	24_59_M	Trachea	True	6	True		unmatched																
N17_B000848_S5_L003			24	N17_B000848_S5_L003	24_60_M	Spleen	False	1	False		unmatched																
N17_B001263_S197			24	N17_B001263_S197	24_58_M	Spleen	False	1	False		unmatched																
N17_B001385_S101_L003			24	N17_B001385_S101_L003	24_58_M	Thymus	False	1	False		unmatched																
N17_B001397_S197_L001			24	N17_B001397_S197_L001	24_59_M	Thymus	False	1	False		unmatched																
N17_B002892_S53			24	N17_B002892_S53	24_58_M	Marrow	False	1	False		unmatched																
N17_B002988_S41_L004			24	N17_B002988_S41_L004	24_60_M	Trachea	False	1	False		unmatched																
N17_B003031_S125_L004			24	N17_B003031_S125_L004	24_60_M	Marrow	False	1	False		unmatched																
N18_B001263_S198			24	N18_B001263_S198	24_58_M	Spleen	False	1	False		unmatched																
N18_B001268_S30_L001			24	N18_B001268_S30_L001	24_60_M	Brain_Non-Myeloid	False	1	False		unmatched																
N18_B002875_S198_L001	38.0	8.0	24	N18_B002875_S198_L001	24_59_M	Lung	True	7	True		unmatched																
N18_B002949_S102_L002			24	N18_B002949_S102_L002	24_59_M	Marrow	False	1	False		unmatched																
N19_B000848_S7_L003			24	N19_B000848_S7_L003	24_60_M	Spleen	False	1	False		unmatched																
N19_B001265_S19_L002			24	N19_B001265_S19_L002	24_59_M	Spleen	False	1	False		unmatched																
N19_B001385_S103_L003			24	N19_B001385_S103_L003	24_58_M	Thymus	False	1	False		unmatched																
N19_B001397_S199_L001			24	N19_B001397_S199_L001	24_59_M	Thymus	False	1	False		unmatched																
N19_B002881_S115_L001			24	N19_B002881_S115_L001	24_59_M	Trachea	False	1	False		unmatched																
N19_B002892_S55			24	N19_B002892_S55	24_58_M	Marrow	False	1	False		unmatched																
N19_B002946_S67_L002			24	N19_B002946_S67_L002	24_58_M	Lung	False	1	False		unmatched																
N19_B003234_S91_L004			24	N19_B003234_S91_L004	24_60_M	Lung	False	1	False		unmatched																
N19_B003902_S151_L002	24.0	34.0	24	N19_B003902_S151_L002	24_59_M	Liver	True	34	True		unmatched																
N1_B000848_S289_L003			24	N1_B000848_S289_L003	24_60_M	Spleen	False	1	False		unmatched																
N1_B001277_S313_L002			24	N1_B001277_S313_L002	24_61_M	Thymus	False	1	False		unmatched																
N1_B001385_S85_L003			24	N1_B001385_S85_L003	24_58_M	Thymus	False	1	False		unmatched																
N1_B001615_S49_L001			24	N1_B001615_S49_L001	24_60_M	Brain_Non-Myeloid	False	1	False		unmatched																
N20_B001397_S200_L001			24	N20_B001397_S200_L001	24_59_M	Thymus	False	1	False		unmatched																
N20_B001615_S68_L001	7.0	12.0	24	N20_B001615_S68_L001	24_60_M	Brain_Non-Myeloid	True	12	True		unmatched																
N20_B002949_S104_L002			24	N20_B002949_S104_L002	24_59_M	Marrow	False	1	False		unmatched																
N20_B002982_S44_L004			24	N20_B002982_S44_L004	24_60_M	Lung	False	1	False		unmatched																
N21_B001242_S225			24	N21_B001242_S225	24_58_M	Liver	False	1	False		unmatched																
N21_B001243_S237_L002	24.0	34.0	24	N21_B001243_S237_L002	24_59_M	Liver	True	34	True		unmatched																
N21_B001263_S201			24	N21_B001263_S201	24_58_M	Spleen	False	1	False		unmatched																
N21_B001277_S333_L002			24	N21_B001277_S333_L002	24_61_M	Thymus	False	1	False		unmatched																
N21_B001385_S105_L003			24	N21_B001385_S105_L003	24_58_M	Thymus	False	1	False		unmatched																
N21_B001397_S201_L001			24	N21_B001397_S201_L001	24_59_M	Thymus	False	1	False		unmatched																
N21_B002982_S45_L004			24	N21_B002982_S45_L004	24_60_M	Lung	False	1	False		unmatched																
N21_B003858_S57_L003	55.0	2.0	24	N21_B003858_S57_L003	24_59_M	Heart	True	2	True		unmatched																
N22_B000848_S10_L003			24	N22_B000848_S10_L003	24_60_M	Spleen	False	1	False		unmatched																
N22_B001243_S238_L002			24	N22_B001243_S238_L002	24_59_M	Liver	False	1	False		unmatched																
N22_B001261_S10_L003			24	N22_B001261_S10_L003	24_59_M	Kidney	False	1	False		unmatched																
N22_B002949_S106_L002			24	N22_B002949_S106_L002	24_59_M	Marrow	False	1	False		unmatched																
N2_B000830_S314_L004			24	N2_B000830_S314_L004	24_60_M	Thymus	False	1	False		unmatched																
N2_B000848_S290_L003			24	N2_B000848_S290_L003	24_60_M	Spleen	False	1	False		unmatched																
N2_B001277_S314_L002	42.0	10.0	24	N2_B001277_S314_L002	24_61_M	Thymus	True	10	True		unmatched																
N2_B001385_S86_L003			24	N2_B001385_S86_L003	24_58_M	Thymus	False	1	False		unmatched																
N2_B001386_S254_L003			24	N2_B001386_S254_L003	24_58_M	Liver	False	1	False		unmatched																
N2_B001615_S50_L001			24	N2_B001615_S50_L001	24_60_M	Brain_Non-Myeloid	False	1	False		unmatched																
N3_B000830_S315_L004			24	N3_B000830_S315_L004	24_60_M	Thymus	False	1	False		unmatched																
N3_B000848_S291_L003			24	N3_B000848_S291_L003	24_60_M	Spleen	False	1	False		unmatched																
N3_B001243_S219_L002			24	N3_B001243_S219_L002	24_59_M	Liver	False	1	False		unmatched																
N3_B001265_S3_L002			24	N3_B001265_S3_L002	24_59_M	Spleen	False	1	False		unmatched																
N3_B001385_S87_L003			24	N3_B001385_S87_L003	24_58_M	Thymus	False	1	False		unmatched																
N3_B001386_S255_L003	22.0	3.0	24	N3_B001386_S255_L003	24_58_M	Liver	True	3	True		unmatched																
N3_B003031_S111_L004			24	N3_B003031_S111_L004	24_60_M	Marrow	False	1	False		unmatched																
N4_B000830_S316_L004			24	N4_B000830_S316_L004	24_60_M	Thymus	False	1	False		unmatched																
N4_B001277_S316_L002			24	N4_B001277_S316_L002	24_61_M	Thymus	False	1	False		unmatched																
N4_B001397_S184_L001			24	N4_B001397_S184_L001	24_59_M	Thymus	False	1	False		unmatched																
N4_B002949_S88_L002			24	N4_B002949_S88_L002	24_59_M	Marrow	False	1	False		unmatched																
N5_B000830_S317_L004			24	N5_B000830_S317_L004	24_60_M	Thymus	False	1	False		unmatched																
N5_B000851_S317_L004			24	N5_B000851_S317_L004	24_61_M	Spleen	False	1	False		unmatched																
N5_B001265_S5_L002	85.0	2.0	24	N5_B001265_S5_L002	24_59_M	Spleen	True	2	True		unmatched																
N5_B001277_S317_L002			24	N5_B001277_S317_L002	24_61_M	Thymus	False	1	False		unmatched																
N5_B001385_S89_L003			24	N5_B001385_S89_L003	24_58_M	Thymus	False	1	False		unmatched																
N5_B001397_S185_L001			24	N5_B001397_S185_L001	24_59_M	Thymus	False	1	False		unmatched																
N6_B000848_S294_L003			24	N6_B000848_S294_L003	24_60_M	Spleen	False	1	False		unmatched																
N6_B001277_S318_L002			24	N6_B001277_S318_L002	24_61_M	Thymus	False	1	False		unmatched																
N6_B001385_S90_L003			24	N6_B001385_S90_L003	24_58_M	Thymus	False	1	False		unmatched																
N6_B001397_S186_L001			24	N6_B001397_S186_L001	24_59_M	Thymus	False	1	False		unmatched																
N6_B003902_S138_L002	24.0	34.0	24	N6_B003902_S138_L002	24_59_M	Liver	True	34	True		unmatched																
N7_B000830_S319_L004			24	N7_B000830_S319_L004	24_60_M	Thymus	False	1	False		unmatched																
N7_B000848_S295_L003			24	N7_B000848_S295_L003	24_60_M	Spleen	False	1	False		unmatched																
N7_B001277_S319_L002			24	N7_B001277_S319_L002	24_61_M	Thymus	False	1	False		unmatched																
N7_B001385_S91_L003			24	N7_B001385_S91_L003	24_58_M	Thymus	False	1	False		unmatched																
N7_B002892_S43			24	N7_B002892_S43	24_58_M	Marrow	False	1	False		unmatched																
N7_B002990_S319_L003	34.0	2.0	24	N7_B002990_S319_L003	24_61_M	Trachea	True	2	True		unmatched																
N7_B003902_S139_L002	24.0	34.0	24	N7_B003902_S139_L002	24_59_M	Liver	True	34	True		unmatched																
N8_B001277_S320_L002	42.0	10.0	24	N8_B001277_S320_L002	24_61_M	Thymus	True	10	True		unmatched																
N8_B001385_S92_L003			24	N8_B001385_S92_L003	24_58_M	Thymus	False	1	False		unmatched																
N9_B000332_S129_L003			24	N9_B000332_S129_L003	24_60_M	SCAT	False	1	False		unmatched																
N9_B000337_S213_L003	3.0	6.0	24	N9_B000337_S213_L003	24_60_M	GAT	True	6	True		unmatched																
N9_B000830_S321_L004			24	N9_B000830_S321_L004	24_60_M	Thymus	False	1	False		unmatched																
N9_B001183_S261_L003			24	N9_B001183_S261_L003	24_59_M	MAT	False	1	False		unmatched																
N9_B001190_S57			24	N9_B001190_S57	24_58_M	MAT	False	1	False		unmatched																
N9_B001277_S321_L002			24	N9_B001277_S321_L002	24_61_M	Thymus	False	1	False		unmatched																
N9_B001385_S93_L003			24	N9_B001385_S93_L003	24_58_M	Thymus	False	1	False		unmatched																
N9_B001397_S189_L001			24	N9_B001397_S189_L001	24_59_M	Thymus	False	1	False		unmatched																
N9_B002493_S21_L001			24	N9_B002493_S21_L001	24_59_M	Diaphragm	False	1	False		unmatched																
N9_B002949_S93_L002	44.0	2.0	24	N9_B002949_S93_L002	24_59_M	Marrow	True	2	True		unmatched																
N9_B002990_S321_L003			24	N9_B002990_S321_L003	24_61_M	Trachea	False	1	False		unmatched																
N9_B003843_S297_L004			24	N9_B003843_S297_L004	24_58_M	Trachea	False	1	False		unmatched																
O10_B000331_S346_L004	62.0	3.0	24	O10_B000331_S346_L004	24_61_M	GAT	True	3	True		unmatched																
O10_B000834_S274_L004			24	O10_B000834_S274_L004	24_60_M	BAT	False	1	False		unmatched																
O10_B001183_S286_L003			24	O10_B001183_S286_L003	24_59_M	MAT	False	1	False		unmatched																
O10_B001190_S82			24	O10_B001190_S82	24_58_M	MAT	False	1	False		unmatched																
O10_B001265_S34_L002			24	O10_B001265_S34_L002	24_59_M	Spleen	False	1	False		unmatched																
O10_B001277_S346_L002			24	O10_B001277_S346_L002	24_61_M	Thymus	False	1	False		unmatched																
O10_B001385_S118_L003			24	O10_B001385_S118_L003	24_58_M	Thymus	False	1	False		unmatched																
O10_B001397_S214_L001			24	O10_B001397_S214_L001	24_59_M	Thymus	False	1	False		unmatched																
O10_B001744_S34_L002	6.0	2.0	24	O10_B001744_S34_L002	24_60_M	Diaphragm	True	2	True		unmatched																
O10_B002887_S130_L001	95.0	2.0	24	O10_B002887_S130_L001	24_58_M	BAT	True	2	True		unmatched																
O10_B003846_S286	8.0	2.0	24	O10_B003846_S286	24_58_M	Heart	True	2	True		unmatched																
O10_B003863_S346_L003			24	O10_B003863_S346_L003	24_61_M	Limb_Muscle	False	1	False		unmatched																
O10_B003902_S166_L002			24	O10_B003902_S166_L002	24_59_M	Liver	False	1	False		unmatched																
O11_B000331_S347_L004	17.0	2.0	24	O11_B000331_S347_L004	24_61_M	GAT	True	2	True		unmatched																
O11_B001188_S299			24	O11_B001188_S299	24_58_M	SCAT	False	1	False		unmatched																
O11_B001277_S347_L002			24	O11_B001277_S347_L002	24_61_M	Thymus	False	1	False		unmatched																
O11_B001385_S119_L003			24	O11_B001385_S119_L003	24_58_M	Thymus	False	1	False		unmatched																
O11_B001397_S215_L001			24	O11_B001397_S215_L001	24_59_M	Thymus	False	1	False		unmatched																
O11_B001740_S167_L002			24	O11_B001740_S167_L002	24_58_M	Limb_Muscle	False	1	False		unmatched																
O11_B002892_S71			24	O11_B002892_S71	24_58_M	Marrow	False	1	False		unmatched																
O11_B002898_S131	72.0	2.0	24	O11_B002898_S131	24_58_M	GAT	True	2	True		unmatched																
O11_B002949_S119_L002			24	O11_B002949_S119_L002	24_59_M	Marrow	False	1	False		unmatched																
O11_B002988_S59_L004			24	O11_B002988_S59_L004	24_60_M	Trachea	False	1	False		unmatched																
O11_B003847_S347_L003			24	O11_B003847_S347_L003	24_60_M	Limb_Muscle	False	1	False		unmatched																
O11_B003863_S347_L003			24	O11_B003863_S347_L003	24_61_M	Limb_Muscle	False	1	False		unmatched																
O12_B000331_S348_L004			24	O12_B000331_S348_L004	24_61_M	GAT	False	1	False		unmatched																
O12_B000333_S192_L004			24	O12_B000333_S192_L004	24_60_M	MAT	False	1	False		unmatched																
O12_B000337_S240_L003			24	O12_B000337_S240_L003	24_60_M	GAT	False	1	False		unmatched																
O12_B001183_S288_L003			24	O12_B001183_S288_L003	24_59_M	MAT	False	1	False		unmatched																
O12_B001385_S120_L003			24	O12_B001385_S120_L003	24_58_M	Thymus	False	1	False		unmatched																
O12_B001397_S216_L001			24	O12_B001397_S216_L001	24_59_M	Thymus	False	1	False		unmatched																
O12_B001615_S84_L001			24	O12_B001615_S84_L001	24_60_M	Brain_Non-Myeloid	False	1	False		unmatched																
O12_B002900_S156_L003	21.0	4.0	24	O12_B002900_S156_L003	24_59_M	GAT	True	4	True		unmatched																
O12_B003847_S348_L003			24	O12_B003847_S348_L003	24_60_M	Limb_Muscle	False	1	False		unmatched																
O13_B000333_S193_L004			24	O13_B000333_S193_L004	24_60_M	MAT	False	1	False		unmatched																
O13_B001183_S289_L003			24	O13_B001183_S289_L003	24_59_M	MAT	False	1	False		unmatched																
O13_B001385_S121_L003			24	O13_B001385_S121_L003	24_58_M	Thymus	False	1	False		unmatched																
O13_B001397_S217_L001			24	O13_B001397_S217_L001	24_59_M	Thymus	False	1	False		unmatched																
O13_B002887_S133_L001			24	O13_B002887_S133_L001	24_58_M	BAT	False	1	False		unmatched																
O13_B002892_S73			24	O13_B002892_S73	24_58_M	Marrow	False	1	False		unmatched																
O13_B002900_S157_L003	46.0	2.0	24	O13_B002900_S157_L003	24_59_M	GAT	True	2	True		unmatched																
O13_B002949_S121_L002			24	O13_B002949_S121_L002	24_59_M	Marrow	False	1	False		unmatched																
O14_B000331_S350_L004			24	O14_B000331_S350_L004	24_61_M	GAT	False	1	False		unmatched																
O14_B000851_S350_L004			24	O14_B000851_S350_L004	24_61_M	Spleen	False	1	False		unmatched																
O14_B001190_S86			24	O14_B001190_S86	24_58_M	MAT	False	1	False		unmatched																
O14_B001397_S218_L001			24	O14_B001397_S218_L001	24_59_M	Thymus	False	1	False		unmatched																
O14_B003847_S350_L003			24	O14_B003847_S350_L003	24_60_M	Limb_Muscle	False	1	False		unmatched																
O15_B000337_S243_L003			24	O15_B000337_S243_L003	24_60_M	GAT	False	1	False		unmatched																
O15_B000851_S351_L004			24	O15_B000851_S351_L004	24_61_M	Spleen	False	1	False		unmatched																
O15_B001183_S291_L003			24	O15_B001183_S291_L003	24_59_M	MAT	False	1	False		unmatched																
O15_B001190_S87			24	O15_B001190_S87	24_58_M	MAT	False	1	False		unmatched																
O15_B001263_S219			24	O15_B001263_S219	24_58_M	Spleen	False	1	False		unmatched																
O15_B001397_S219_L001			24	O15_B001397_S219_L001	24_59_M	Thymus	False	1	False		unmatched																
O15_B001616_S351_L001			24	O15_B001616_S351_L001	24_60_M	Brain_Non-Myeloid	False	1	False		unmatched																
O15_B002887_S135_L001			24	O15_B002887_S135_L001	24_58_M	BAT	False	1	False		unmatched																
O15_B003863_S351_L003			24	O15_B003863_S351_L003	24_61_M	Limb_Muscle	False	1	False		unmatched																
O16_B000848_S28_L003	3.0	6.0	24	O16_B000848_S28_L003	24_60_M	Spleen	True	6	True		unmatched																
O16_B001397_S220_L001			24	O16_B001397_S220_L001	24_59_M	Thymus	False	1	False		unmatched																
O16_B001740_S172_L002			24	O16_B001740_S172_L002	24_58_M	Limb_Muscle	False	1	False		unmatched																
O16_B002892_S76	56.0	4.0	24	O16_B002892_S76	24_58_M	Marrow	True	4	True		unmatched																
O16_B002900_S160_L003			24	O16_B002900_S160_L003	24_59_M	GAT	False	1	False		unmatched																
O16_B003847_S352_L003			24	O16_B003847_S352_L003	24_60_M	Limb_Muscle	False	1	False		unmatched																
O16_B003902_S172_L002			24	O16_B003902_S172_L002	24_59_M	Liver	False	1	False		unmatched																
O17_B000830_S353_L004			24	O17_B000830_S353_L004	24_60_M	Thymus	False	1	False		unmatched																
O17_B001397_S221_L001			24	O17_B001397_S221_L001	24_59_M	Thymus	False	1	False		unmatched																
O17_B002881_S137_L001			24	O17_B002881_S137_L001	24_59_M	Trachea	False	1	False		unmatched																
O17_B002892_S77			24	O17_B002892_S77	24_58_M	Marrow	False	1	False		unmatched																
O17_B003842_S125	100.0	2.0	24	O17_B003842_S125	24_58_M	Heart	True	2	True		unmatched																
O18_B000342_S354_L004	19.0	7.0	24	O18_B000342_S354_L004	24_61_M	Lung	True	7	True		unmatched																
O18_B001268_S54_L001			24	O18_B001268_S54_L001	24_60_M	Brain_Non-Myeloid	False	1	False		unmatched																
O18_B001385_S126_L003			24	O18_B001385_S126_L003	24_58_M	Thymus	False	1	False		unmatched																
O18_B001397_S222_L001			24	O18_B001397_S222_L001	24_59_M	Thymus	False	1	False		unmatched																
O18_B002881_S138_L001			24	O18_B002881_S138_L001	24_59_M	Trachea	False	1	False		unmatched																
O18_B003234_S114_L004			24	O18_B003234_S114_L004	24_60_M	Lung	False	1	False		unmatched																
O19_B000342_S355_L004			24	O19_B000342_S355_L004	24_61_M	Lung	False	1	False		unmatched																
O19_B001265_S43_L002			24	O19_B001265_S43_L002	24_59_M	Spleen	False	1	False		unmatched																
O19_B001386_S295_L003			24	O19_B001386_S295_L003	24_58_M	Liver	False	1	False		unmatched																
O19_B001615_S91_L001	104.0	2.0	24	O19_B001615_S91_L001	24_60_M	Brain_Non-Myeloid	True	2	True		unmatched																
O19_B002892_S79			24	O19_B002892_S79	24_58_M	Marrow	False	1	False		unmatched																
O19_B002946_S91_L002			24	O19_B002946_S91_L002	24_58_M	Lung	False	1	False		unmatched																
O1_B000342_S337_L004			24	O1_B000342_S337_L004	24_61_M	Lung	False	1	False		unmatched																
O1_B000830_S337_L004			24	O1_B000830_S337_L004	24_60_M	Thymus	False	1	False		unmatched																
O1_B001277_S337_L002			24	O1_B001277_S337_L002	24_61_M	Thymus	False	1	False		unmatched																
O1_B001397_S205_L001			24	O1_B001397_S205_L001	24_59_M	Thymus	False	1	False		unmatched																
O1_B001732_S97_L004			24	O1_B001732_S97_L004	24_59_M	Limb_Muscle	False	1	False		unmatched																
O1_B002990_S337_L003	67.0	5.0	24	O1_B002990_S337_L003	24_61_M	Trachea	True	5	True		unmatched																
O20_B000848_S32_L003			24	O20_B000848_S32_L003	24_60_M	Spleen	False	1	False		unmatched																
O20_B001263_S224			24	O20_B001263_S224	24_58_M	Spleen	False	1	False		unmatched																
O20_B001385_S128_L003			24	O20_B001385_S128_L003	24_58_M	Thymus	False	1	False		unmatched																
O20_B001397_S224_L001			24	O20_B001397_S224_L001	24_59_M	Thymus	False	1	False		unmatched																
O20_B001732_S116_L004	79.0	3.0	24	O20_B001732_S116_L004	24_59_M	Limb_Muscle	True	3	True		unmatched																
O20_B003863_S356_L003	42.0	10.0	24	O20_B003863_S356_L003	24_61_M	Limb_Muscle	True	10	True		unmatched																
O21_B000851_S357_L004	30.0	4.0	24	O21_B000851_S357_L004	24_61_M	Spleen	True	4	True		unmatched																
O21_B001397_S225_L001			24	O21_B001397_S225_L001	24_59_M	Thymus	False	1	False		unmatched																
O21_B001615_S93_L001			24	O21_B001615_S93_L001	24_60_M	Brain_Non-Myeloid	False	1	False		unmatched																
O21_B002493_S57_L001			24	O21_B002493_S57_L001	24_59_M	Diaphragm	False	1	False		unmatched																
O21_B002892_S81			24	O21_B002892_S81	24_58_M	Marrow	False	1	False		unmatched																
O21_B002982_S69_L004			24	O21_B002982_S69_L004	24_60_M	Lung	False	1	False		unmatched																
O21_B003847_S357_L003			24	O21_B003847_S357_L003	24_60_M	Limb_Muscle	False	1	False		unmatched																
O21_B003863_S357_L003	15.0	15.0	24	O21_B003863_S357_L003	24_61_M	Limb_Muscle	True	15	True		unmatched																
O22_B001265_S46_L002	10.0	2.0	24	O22_B001265_S46_L002	24_59_M	Spleen	True	2	True		unmatched																
O22_B001268_S58_L001			24	O22_B001268_S58_L001	24_60_M	Brain_Non-Myeloid	False	1	False		unmatched																
O22_B001385_S130_L003			24	O22_B001385_S130_L003	24_58_M	Thymus	False	1	False		unmatched																
O22_B001397_S226_L001			24	O22_B001397_S226_L001	24_59_M	Thymus	False	1	False		unmatched																
O22_B002949_S130_L002			24	O22_B002949_S130_L002	24_59_M	Marrow	False	1	False		unmatched																
O22_B003234_S118_L004			24	O22_B003234_S118_L004	24_60_M	Lung	False	1	False		unmatched																
O2_B001277_S338_L002	61.0	2.0	24	O2_B001277_S338_L002	24_61_M	Thymus	True	2	True		unmatched																
O2_B001397_S206_L001			24	O2_B001397_S206_L001	24_59_M	Thymus	False	1	False		unmatched																
O2_B003232_S110_L002	7.0	12.0	24	O2_B003232_S110_L002	24_60_M	Brain_Non-Myeloid	True	12	True		unmatched																
O2_B003863_S338_L003			24	O2_B003863_S338_L003	24_61_M	Limb_Muscle	False	1	False		unmatched																
O3_B001385_S111_L003			24	O3_B001385_S111_L003	24_58_M	Thymus	False	1	False		unmatched																
O3_B001397_S207_L001			24	O3_B001397_S207_L001	24_59_M	Thymus	False	1	False		unmatched																
O3_B002875_S207_L001			24	O3_B002875_S207_L001	24_59_M	Lung	False	1	False		unmatched																
O3_B003847_S339_L003			24	O3_B003847_S339_L003	24_60_M	Limb_Muscle	False	1	False		unmatched																
O3_B003863_S339_L003			24	O3_B003863_S339_L003	24_61_M	Limb_Muscle	False	1	False		unmatched																
O3_B003902_S159_L002	24.0	34.0	24	O3_B003902_S159_L002	24_59_M	Liver	True	34	True		unmatched																
O4_B000830_S340_L004			24	O4_B000830_S340_L004	24_60_M	Thymus	False	1	False		unmatched																
O4_B001277_S340_L002			24	O4_B001277_S340_L002	24_61_M	Thymus	False	1	False		unmatched																
O4_B001732_S100_L004			24	O4_B001732_S100_L004	24_59_M	Limb_Muscle	False	1	False		unmatched																
O4_B003234_S100_L004			24	O4_B003234_S100_L004	24_60_M	Lung	False	1	False		unmatched																
O4_B003847_S340_L003			24	O4_B003847_S340_L003	24_60_M	Limb_Muscle	False	1	False		unmatched																
O5_B000830_S341_L004			24	O5_B000830_S341_L004	24_60_M	Thymus	False	1	False		unmatched																
O5_B001397_S209_L001			24	O5_B001397_S209_L001	24_59_M	Thymus	False	1	False		unmatched																
O5_B002992_S341_L003			24	O5_B002992_S341_L003	24_61_M	Marrow	False	1	False		unmatched																
O5_B003847_S341_L003			24	O5_B003847_S341_L003	24_60_M	Limb_Muscle	False	1	False		unmatched																
O6_B001277_S342_L002	15.0	15.0	24	O6_B001277_S342_L002	24_61_M	Thymus	True	15	True		unmatched																
O6_B001385_S114_L003			24	O6_B001385_S114_L003	24_58_M	Thymus	False	1	False		unmatched																
O6_B001615_S78_L001			24	O6_B001615_S78_L001	24_60_M	Brain_Non-Myeloid	False	1	False		unmatched																
O6_B002949_S114_L002			24	O6_B002949_S114_L002	24_59_M	Marrow	False	1	False		unmatched																
O6_B003031_S138_L004			24	O6_B003031_S138_L004	24_60_M	Marrow	False	1	False		unmatched																
O6_B003863_S342_L003	61.0	2.0	24	O6_B003863_S342_L003	24_61_M	Limb_Muscle	True	2	True		unmatched																
O7_B000830_S343_L004			24	O7_B000830_S343_L004	24_60_M	Thymus	False	1	False		unmatched																
O7_B001277_S343_L002			24	O7_B001277_S343_L002	24_61_M	Thymus	False	1	False		unmatched																
O7_B002875_S211_L001			24	O7_B002875_S211_L001	24_59_M	Lung	False	1	False		unmatched																
O8_B000830_S344_L004			24	O8_B000830_S344_L004	24_60_M	Thymus	False	1	False		unmatched																
O8_B001385_S116_L003			24	O8_B001385_S116_L003	24_58_M	Thymus	False	1	False		unmatched																
O8_B003863_S344_L003	15.0	15.0	24	O8_B003863_S344_L003	24_61_M	Limb_Muscle	True	15	True		unmatched																
O9_B000322_S345_L004	19.0	7.0	24	O9_B000322_S345_L004	24_61_M	SCAT	True	7	True		unmatched																
O9_B001183_S285_L003			24	O9_B001183_S285_L003	24_59_M	MAT	False	1	False		unmatched																
O9_B001277_S345_L002			24	O9_B001277_S345_L002	24_61_M	Thymus	False	1	False		unmatched																
O9_B001385_S117_L003			24	O9_B001385_S117_L003	24_58_M	Thymus	False	1	False		unmatched																
O9_B001880_S249_L002	76.0	2.0	24	O9_B001880_S249_L002	24_61_M	BAT	True	2	True		unmatched																
O9_B002892_S69			24	O9_B002892_S69	24_58_M	Marrow	False	1	False		unmatched																
O9_B002898_S129			24	O9_B002898_S129	24_58_M	GAT	False	1	False		unmatched																
O9_B002907_S69_L003			24	O9_B002907_S69_L003	24_59_M	SCAT	False	1	False		unmatched																
O9_B002992_S345_L003			24	O9_B002992_S345_L003	24_61_M	Marrow	False	1	False		unmatched																
O9_B003847_S345_L003			24	O9_B003847_S345_L003	24_60_M	Limb_Muscle	False	1	False		unmatched																
P10_B000331_S370_L004			24	P10_B000331_S370_L004	24_61_M	GAT	False	1	False		unmatched																
P10_B000332_S178_L003			24	P10_B000332_S178_L003	24_60_M	SCAT	False	1	False		unmatched																
P10_B000830_S370_L004			24	P10_B000830_S370_L004	24_60_M	Thymus	False	1	False		unmatched																
P10_B000851_S370_L004			24	P10_B000851_S370_L004	24_61_M	Spleen	False	1	False		unmatched																
P10_B001188_S22			24	P10_B001188_S22	24_58_M	SCAT	False	1	False		unmatched																
P10_B001277_S370_L002			24	P10_B001277_S370_L002	24_61_M	Thymus	False	1	False		unmatched																
P10_B001385_S142_L003			24	P10_B001385_S142_L003	24_58_M	Thymus	False	1	False		unmatched																
P10_B001732_S130_L004			24	P10_B001732_S130_L004	24_59_M	Limb_Muscle	False	1	False		unmatched																
P10_B001744_S58_L002	6.0	2.0	24	P10_B001744_S58_L002	24_60_M	Diaphragm	True	2	True		unmatched																
P10_B002892_S94			24	P10_B002892_S94	24_58_M	Marrow	False	1	False		unmatched																
P10_B003847_S370_L003			24	P10_B003847_S370_L003	24_60_M	Limb_Muscle	False	1	False		unmatched																
P10_B003902_S190_L002	38.0	8.0	24	P10_B003902_S190_L002	24_59_M	Liver	True	7	True		unmatched																
P11_B000333_S215_L004	75.0	3.0	24	P11_B000333_S215_L004	24_60_M	MAT	True	3	True		unmatched																
P11_B000830_S371_L004	40.0	2.0	24	P11_B000830_S371_L004	24_60_M	Thymus	True	2	True		unmatched																
P11_B000834_S299_L004			24	P11_B000834_S299_L004	24_60_M	BAT	False	1	False		unmatched																
P11_B001183_S11_L003			24	P11_B001183_S11_L003	24_59_M	MAT	False	1	False		unmatched																
P11_B001190_S107			24	P11_B001190_S107	24_58_M	MAT	False	1	False		unmatched																
P11_B001732_S131_L004			24	P11_B001732_S131_L004	24_59_M	Limb_Muscle	False	1	False		unmatched																
P11_B002900_S179_L003			24	P11_B002900_S179_L003	24_59_M	GAT	False	1	False		unmatched																
P11_B003863_S371_L003	42.0	10.0	24	P11_B003863_S371_L003	24_61_M	Limb_Muscle	True	10	True		unmatched																
P12_B000322_S372_L004	42.0	10.0	24	P12_B000322_S372_L004	24_61_M	SCAT	True	10	True		unmatched																
P12_B000848_S48_L003			24	P12_B000848_S48_L003	24_60_M	Spleen	False	1	False		unmatched																
P12_B001183_S12_L003			24	P12_B001183_S12_L003	24_59_M	MAT	False	1	False		unmatched																
P12_B001188_S24			24	P12_B001188_S24	24_58_M	SCAT	False	1	False		unmatched																
P12_B001190_S108			24	P12_B001190_S108	24_58_M	MAT	False	1	False		unmatched																
P12_B001277_S372_L002			24	P12_B001277_S372_L002	24_61_M	Thymus	False	1	False		unmatched																
P12_B002892_S96			24	P12_B002892_S96	24_58_M	Marrow	False	1	False		unmatched																
P12_B003847_S372_L003			24	P12_B003847_S372_L003	24_60_M	Limb_Muscle	False	1	False		unmatched																
P12_B003863_S372_L003			24	P12_B003863_S372_L003	24_61_M	Limb_Muscle	False	1	False		unmatched																
P13_B001188_S25			24	P13_B001188_S25	24_58_M	SCAT	False	1	False		unmatched																
P13_B001385_S145_L003			24	P13_B001385_S145_L003	24_58_M	Thymus	False	1	False		unmatched																
P13_B001397_S241_L001			24	P13_B001397_S241_L001	24_59_M	Thymus	False	1	False		unmatched																
P13_B001732_S133_L004			24	P13_B001732_S133_L004	24_59_M	Limb_Muscle	False	1	False		unmatched																
P13_B002900_S181_L003			24	P13_B002900_S181_L003	24_59_M	GAT	False	1	False		unmatched																
P13_B003233_S373_L003			24	P13_B003233_S373_L003	24_61_M	Heart	False	1	False		unmatched																
P13_B003863_S373_L003			24	P13_B003863_S373_L003	24_61_M	Limb_Muscle	False	1	False		unmatched																
P14_B000834_S2_L004	75.0	3.0	24	P14_B000834_S2_L004	24_60_M	BAT	True	3	True		unmatched																
P14_B001256_S110_L002			24	P14_B001256_S110_L002	24_59_M	Thymus	False	1	False		unmatched																
P14_B001385_S146_L003			24	P14_B001385_S146_L003	24_58_M	Thymus	False	1	False		unmatched																
P14_B001397_S242_L001			24	P14_B001397_S242_L001	24_59_M	Thymus	False	1	False		unmatched																
P14_B001732_S134_L004	38.0	8.0	24	P14_B001732_S134_L004	24_59_M	Limb_Muscle	True	7	True		unmatched																
P14_B002493_S74_L001			24	P14_B002493_S74_L001	24_59_M	Diaphragm	False	1	False		unmatched																
P14_B003031_S170_L004			24	P14_B003031_S170_L004	24_60_M	Marrow	False	1	False		unmatched																
P14_B003863_S374_L003			24	P14_B003863_S374_L003	24_61_M	Limb_Muscle	False	1	False		unmatched																
P15_B000337_S267_L003	77.0	5.0	24	P15_B000337_S267_L003	24_60_M	GAT	True	5	True		unmatched																
P15_B001183_S15_L003			24	P15_B001183_S15_L003	24_59_M	MAT	False	1	False		unmatched																
P15_B001190_S111	11.0	2.0	24	P15_B001190_S111	24_58_M	MAT	True	2	True		unmatched																
P15_B001261_S51_L003			24	P15_B001261_S51_L003	24_59_M	Kidney	False	1	False		unmatched																
P15_B001277_S375_L002			24	P15_B001277_S375_L002	24_61_M	Thymus	False	1	False		unmatched																
P15_B001397_S243_L001			24	P15_B001397_S243_L001	24_59_M	Thymus	False	1	False		unmatched																
P15_B002493_S75_L001			24	P15_B002493_S75_L001	24_59_M	Diaphragm	False	1	False		unmatched																
P15_B002892_S99			24	P15_B002892_S99	24_58_M	Marrow	False	1	False		unmatched																
P15_B002900_S183_L003	93.0	3.0	24	P15_B002900_S183_L003	24_59_M	GAT	True	3	True		unmatched																
P15_B003847_S375_L003			24	P15_B003847_S375_L003	24_60_M	Limb_Muscle	False	1	False		unmatched																
P15_B003863_S375_L003			24	P15_B003863_S375_L003	24_61_M	Limb_Muscle	False	1	False		unmatched																
P16_B001183_S16_L003			24	P16_B001183_S16_L003	24_59_M	MAT	False	1	False		unmatched																
P16_B001190_S112			24	P16_B001190_S112	24_58_M	MAT	False	1	False		unmatched																
P16_B001265_S64_L002			24	P16_B001265_S64_L002	24_59_M	Spleen	False	1	False		unmatched																
P16_B001277_S376_L002			24	P16_B001277_S376_L002	24_61_M	Thymus	False	1	False		unmatched																
P16_B001385_S148_L003			24	P16_B001385_S148_L003	24_58_M	Thymus	False	1	False		unmatched																
P16_B001397_S244_L001			24	P16_B001397_S244_L001	24_59_M	Thymus	False	1	False		unmatched																
P16_B001740_S196_L002			24	P16_B001740_S196_L002	24_58_M	Limb_Muscle	False	1	False		unmatched																
P16_B002949_S148_L002			24	P16_B002949_S148_L002	24_59_M	Marrow	False	1	False		unmatched																
P16_B003847_S376_L003			24	P16_B003847_S376_L003	24_60_M	Limb_Muscle	False	1	False		unmatched																
P17_B000848_S53_L003			24	P17_B000848_S53_L003	24_60_M	Spleen	False	1	False		unmatched																
P17_B000851_S377_L004	30.0	4.0	24	P17_B000851_S377_L004	24_61_M	Spleen	True	4	True		unmatched																
P17_B002892_S101			24	P17_B002892_S101	24_58_M	Marrow	False	1	False		unmatched																
P17_B002949_S149_L002			24	P17_B002949_S149_L002	24_59_M	Marrow	False	1	False		unmatched																
P18_B000848_S54_L003			24	P18_B000848_S54_L003	24_60_M	Spleen	False	1	False		unmatched																
P18_B002988_S90_L004	7.0	12.0	24	P18_B002988_S90_L004	24_60_M	Trachea	True	12	True		unmatched																
P18_B003031_S174_L004			24	P18_B003031_S174_L004	24_60_M	Marrow	False	1	False		unmatched																
P18_B003847_S378_L003			24	P18_B003847_S378_L003	24_60_M	Limb_Muscle	False	1	False		unmatched																
P18_B003863_S378_L003			24	P18_B003863_S378_L003	24_61_M	Limb_Muscle	False	1	False		unmatched																
P18_B003902_S198_L002	24.0	34.0	24	P18_B003902_S198_L002	24_59_M	Liver	True	34	True		unmatched																
P19_B000848_S55_L003	99.0	2.0	24	P19_B000848_S55_L003	24_60_M	Spleen	True	1	False		unmatched																
P19_B000851_S379_L004			24	P19_B000851_S379_L004	24_61_M	Spleen	False	1	False		unmatched																
P19_B001397_S247_L001			24	P19_B001397_S247_L001	24_59_M	Thymus	False	1	False		unmatched																
P19_B003031_S175_L004			24	P19_B003031_S175_L004	24_60_M	Marrow	False	1	False		unmatched																
P19_B003863_S379_L003	45.0	2.0	24	P19_B003863_S379_L003	24_61_M	Limb_Muscle	True	2	True		unmatched																
P1_B001277_S361_L002			24	P1_B001277_S361_L002	24_61_M	Thymus	False	1	False		unmatched																
P1_B001732_S121_L004			24	P1_B001732_S121_L004	24_59_M	Limb_Muscle	False	1	False		unmatched																
P1_B001744_S49_L002			24	P1_B001744_S49_L002	24_60_M	Diaphragm	False	1	False		unmatched																
P20_B001277_S380_L002			24	P20_B001277_S380_L002	24_61_M	Thymus	False	1	False		unmatched																
P20_B001385_S152_L003			24	P20_B001385_S152_L003	24_58_M	Thymus	False	1	False		unmatched																
P20_B001397_S248_L001			24	P20_B001397_S248_L001	24_59_M	Thymus	False	1	False		unmatched																
P20_B002949_S152_L002			24	P20_B002949_S152_L002	24_59_M	Marrow	False	1	False		unmatched																
P21_B000848_S57_L003			24	P21_B000848_S57_L003	24_60_M	Spleen	False	1	False		unmatched																
P21_B001397_S249_L001			24	P21_B001397_S249_L001	24_59_M	Thymus	False	1	False		unmatched																
P21_B002875_S249_L001			24	P21_B002875_S249_L001	24_59_M	Lung	False	1	False		unmatched																
P21_B002881_S165_L001			24	P21_B002881_S165_L001	24_59_M	Trachea	False	1	False		unmatched																
P22_B001261_S58_L003	0.0	10.0	24	P22_B001261_S58_L003	24_59_M	Kidney	True	10	True		unmatched																
P22_B001277_S382_L002			24	P22_B001277_S382_L002	24_61_M	Thymus	False	1	False		unmatched																
P22_B001385_S154_L003			24	P22_B001385_S154_L003	24_58_M	Thymus	False	1	False		unmatched																
P22_B001386_S22_L003			24	P22_B001386_S22_L003	24_58_M	Liver	False	1	False		unmatched																
P22_B001397_S250_L001			24	P22_B001397_S250_L001	24_59_M	Thymus	False	1	False		unmatched																
P22_B002982_S94_L004			24	P22_B002982_S94_L004	24_60_M	Lung	False	1	False		unmatched																
P22_B003234_S142_L004			24	P22_B003234_S142_L004	24_60_M	Lung	False	1	False		unmatched																
P2_B000830_S362_L004			24	P2_B000830_S362_L004	24_60_M	Thymus	False	1	False		unmatched																
P2_B001263_S230			24	P2_B001263_S230	24_58_M	Spleen	False	1	False		unmatched																
P2_B001277_S362_L002	68.0	2.0	24	P2_B001277_S362_L002	24_61_M	Thymus	True	2	True		unmatched																
P2_B001397_S230_L001			24	P2_B001397_S230_L001	24_59_M	Thymus	False	1	False		unmatched																
P2_B002327_S38_L003			24	P2_B002327_S38_L003	24_59_M	Marrow	False	1	False		unmatched																
P3_B001380_S63_L001	65.0	2.0	24	P3_B001380_S63_L001	24_58_M	Bladder	True	2	True		unmatched																
P3_B001385_S135_L003			24	P3_B001385_S135_L003	24_58_M	Thymus	False	1	False		unmatched																
P3_B001397_S231_L001			24	P3_B001397_S231_L001	24_59_M	Thymus	False	1	False		unmatched																
P3_B003031_S159_L004			24	P3_B003031_S159_L004	24_60_M	Marrow	False	1	False		unmatched																
P4_B000830_S364_L004			24	P4_B000830_S364_L004	24_60_M	Thymus	False	1	False		unmatched																
P4_B001185_S100_L001			24	P4_B001185_S100_L001	24_59_M	Skin	False	1	False		unmatched																
P4_B001243_S268_L002	24.0	34.0	24	P4_B001243_S268_L002	24_59_M	Liver	True	34	True		unmatched																
P4_B001397_S232_L001			24	P4_B001397_S232_L001	24_59_M	Thymus	False	1	False		unmatched																
P4_B002493_S64_L001			24	P4_B002493_S64_L001	24_59_M	Diaphragm	False	1	False		unmatched																
P4_B003031_S160_L004			24	P4_B003031_S160_L004	24_60_M	Marrow	False	1	False		unmatched																
P4_B003863_S364_L003			24	P4_B003863_S364_L003	24_61_M	Limb_Muscle	False	1	False		unmatched																
P5_B000830_S365_L004			24	P5_B000830_S365_L004	24_60_M	Thymus	False	1	False		unmatched																
P5_B001242_S257			24	P5_B001242_S257	24_58_M	Liver	False	1	False		unmatched																
P5_B001277_S365_L002			24	P5_B001277_S365_L002	24_61_M	Thymus	False	1	False		unmatched																
P5_B001385_S137_L003			24	P5_B001385_S137_L003	24_58_M	Thymus	False	1	False		unmatched																
P5_B002949_S137_L002	5.0	2.0	24	P5_B002949_S137_L002	24_59_M	Marrow	True	2	True		unmatched																
P5_B002992_S365_L003			24	P5_B002992_S365_L003	24_61_M	Marrow	False	1	False		unmatched																
P5_B003863_S365_L003			24	P5_B003863_S365_L003	24_61_M	Limb_Muscle	False	1	False		unmatched																
P5_B003902_S185_L002	82.0	3.0	24	P5_B003902_S185_L002	24_59_M	Liver	True	3	True		unmatched																
P6_B000848_S42_L003	59.0	3.0	24	P6_B000848_S42_L003	24_60_M	Spleen	True	3	True		unmatched																
P6_B002992_S366_L003			24	P6_B002992_S366_L003	24_61_M	Marrow	False	1	False		unmatched																
P6_B003863_S366_L003			24	P6_B003863_S366_L003	24_61_M	Limb_Muscle	False	1	False		unmatched																
P6_B003902_S186_L002	25.0	6.0	24	P6_B003902_S186_L002	24_59_M	Liver	True	6	True		unmatched																
P7_B000830_S367_L004			24	P7_B000830_S367_L004	24_60_M	Thymus	False	1	False		unmatched																
P7_B000851_S367_L004			24	P7_B000851_S367_L004	24_61_M	Spleen	False	1	False		unmatched																
P7_B001243_S271_L002	24.0	34.0	24	P7_B001243_S271_L002	24_59_M	Liver	True	34	True		unmatched																
P7_B001261_S43_L003	35.0	5.0	24	P7_B001261_S43_L003	24_59_M	Kidney	True	5	True		unmatched																
P7_B001263_S235			24	P7_B001263_S235	24_58_M	Spleen	False	1	False		unmatched																
P7_B001277_S367_L002			24	P7_B001277_S367_L002	24_61_M	Thymus	False	1	False		unmatched																
P7_B001385_S139_L003			24	P7_B001385_S139_L003	24_58_M	Thymus	False	1	False		unmatched																
P7_B001397_S235_L001			24	P7_B001397_S235_L001	24_59_M	Thymus	False	1	False		unmatched																
P7_B001615_S103_L001			24	P7_B001615_S103_L001	24_60_M	Brain_Non-Myeloid	False	1	False		unmatched																
P7_B002875_S235_L001			24	P7_B002875_S235_L001	24_59_M	Lung	False	1	False		unmatched																
P7_B003847_S367_L003			24	P7_B003847_S367_L003	24_60_M	Limb_Muscle	False	1	False		unmatched																
P7_B003863_S367_L003	89.0	2.0	24	P7_B003863_S367_L003	24_61_M	Limb_Muscle	True	2	True		unmatched																
P8_B000322_S368_L004			24	P8_B000322_S368_L004	24_61_M	SCAT	False	1	False		unmatched																
P8_B000830_S368_L004			24	P8_B000830_S368_L004	24_60_M	Thymus	False	1	False		unmatched																
P8_B001265_S56_L002			24	P8_B001265_S56_L002	24_59_M	Spleen	False	1	False		unmatched																
P8_B001277_S368_L002			24	P8_B001277_S368_L002	24_61_M	Thymus	False	1	False		unmatched																
P8_B001397_S236_L001			24	P8_B001397_S236_L001	24_59_M	Thymus	False	1	False		unmatched																
P8_B002327_S44_L003	50.0	3.0	24	P8_B002327_S44_L003	24_59_M	Marrow	True	3	True		unmatched																
P8_B003031_S164_L004	13.0	2.0	24	P8_B003031_S164_L004	24_60_M	Marrow	True	2	True		unmatched																
P8_B003863_S368_L003			24	P8_B003863_S368_L003	24_61_M	Limb_Muscle	False	1	False		unmatched																
P8_B003902_S188_L002	24.0	34.0	24	P8_B003902_S188_L002	24_59_M	Liver	True	34	True		unmatched																
P9_B000830_S369_L004			24	P9_B000830_S369_L004	24_60_M	Thymus	False	1	False		unmatched																
P9_B001385_S141_L003			24	P9_B001385_S141_L003	24_58_M	Thymus	False	1	False		unmatched																
P9_B002881_S153_L001	88.0	2.0	24	P9_B002881_S153_L001	24_59_M	Trachea	True	2	True		unmatched																
P9_B002892_S93	69.0	2.0	24	P9_B002892_S93	24_58_M	Marrow	True	2	True		unmatched																
P9_B002898_S153			24	P9_B002898_S153	24_58_M	GAT	False	1	False		unmatched																
P9_B003031_S165_L004			24	P9_B003031_S165_L004	24_60_M	Marrow	False	1	False		unmatched																
