library	target	plate	unit	identity	chemokines_figure4	wound_figure4	area07	area14	count07	count14	prop07	prop14	mouse_reads	human_reads
1-1_B02_MET	MET	plate1	plate1-rep1	12.6385995136371	8.94372478356562	8.83443884968262	6.15607959648935	7.58605180806375	50.0	80.0	0.0085091809772903	0.0485514369012911	456604.0	363706.0
1-1_B03_GLIS3	GLIS3	plate1	plate1-rep1	12.3645822812263	9.25549775979128	9.08346549482964	6.6285984640188	8.08737243713916	106.0	133.0	0.0314659259939048	0.113583840066639	1273471.0	446274.0
1-1_B06_TRP53	TRP53	plate1	plate1-rep1	12.2385327807615	9.80052752048668	9.75706116961981	7.67661328312689	8.94050025210095	214.0	170.0	0.161531523522191	0.297441066222407	7587488.0	819541.0
1-1_B07_ACP6	ACP6	plate1	plate1-rep1	12.2119665246236	9.72709358797673	9.57179295199436	6.77414348203624	8.16546986837387	111.0	103.0	0.043433985675993	0.103629321116202	3400008.0	1351826.0
1-1_B08_PINK1	PINK1	plate1	plate1-rep1	12.3785445384332	10.3820035295706	8.57339535072429	6.71014661533403	8.08772294402108	94.0	113.0	0.0341069864904653	0.0961997501041233	1319909.0	494744.0
1-1_B09_EIF2AK3	EIF2AK3	plate1	plate1-rep1	12.3649002677653	9.76595974914247	8.63182674850305	6.78807299670644	8.22381176349542	101.0	119.0	0.0328802591781094	0.118779841732611	1812185.0	630349.0
1-1_B10_CCBE1	CCBE1	plate1	plate1-rep1	12.2372375909518	10.0114768002271	8.78978973876746	6.68921721623039	8.27225785365615	97.0	111.0	0.0333563240146987	0.107891378592253	1633474.0	672646.0
1-1_B11_GDF2	GDF2	plate1	plate1-rep1	12.3240478604382	10.7997125492024	8.03829994396891	6.84497992988194	8.17602018923431	99.0	114.0	0.0587693915164864	0.13566830487297	2161187.0	886450.0
1-1_C02_TEAD1	TEAD1	plate1	plate1-rep1	12.0542414730453	9.74317631881794	8.82840719641062	6.68247081860677	8.23526746686419	101.0	114.0	0.0354319380236235	0.119697959183673	855931.0	300481.0
1-1_C03_MECOM	MECOM	plate1	plate1-rep1	12.1123134969078	10.0665847373059	8.58632123205224	6.76401261408144	8.13899089048252	103.0	125.0	0.0617751482683859	0.107697792586422	856267.0	322027.0
1-1_C04_HUWE1	HUWE1	plate1	plate1-rep1	12.5183169235803	8.62874392679837	8.62525004127991	6.26258732828959	7.59224066837651	57.0	61.0	0.0159706369326894	0.0456359850062474	576524.0	343622.0
1-1_C05_SFTPD	SFTPD	plate1	plate1-rep1	12.1889216663048	10.139577437141	10.1431043975561	6.74041776647749	8.13735953164242	106.0	103.0	0.0449625553019092	0.107542357351104	1317830.0	463146.0
1-1_C06_TRP63	TRP63	plate1	plate1-rep1	11.9101570499995	10.4047962951829	8.65060497724075	6.90488769883687	8.19701382828794	134.0	144.0	0.0559106126132327	0.12665306122449	1009152.0	236777.0
1-1_C07_IL1A	IL1A	plate1	plate1-rep1	11.810014014786	9.58887913745051	8.25706750413346	6.8091849678994	8.17837333538544	115.0	126.0	0.0630740500690198	0.121622490628905	996789.0	224204.0
1-1_C08_PRKN	PRKN	plate1	plate1-rep1	12.5460116841	9.87113922948656	9.52588555537529	6.78920577933355	8.14953152292808	122.0	126.0	0.0420578906312734	0.115040899625156	2633400.0	858512.0
1-1_C10_BMP10	BMP10	plate1	plate1-rep1	11.929861279804	10.2873472995458	8.77361151293926	6.9899920713536	8.14709017908499	116.0	112.0	0.0898266473946444	0.112616243231987	2210456.0	503404.0
1-1_C11_PLA2G15	PLA2G15	plate1	plate1-rep1	12.2967377669036	10.0406135873268	9.01181402237913	6.88413968414092	8.18370194903312	97.0	127.0	0.0444477743490913	0.130180591420242	1417089.0	429871.0
1-1_D02_ROR1	ROR1	plate1	plate1-rep1	12.4865705512009	10.1954556905027	8.73400144785126	6.81822974434867	8.27856386149848	105.0	149.0	0.0501708288881496	0.145584173261141	1166436.0	322071.0
1-1_D03_NPNT	NPNT	plate1	plate1-rep1	11.9734763252971	8.6751541216083	8.50989861775163	6.83235916096815	8.20186438178465	142.0	128.0	0.0466010595788451	0.119689129529363	364386.0	74284.0
1-1_D04_RNF43	RNF43	plate1	plate1-rep1	12.616582538881	10.1493817877889	9.24028053237704	6.78546821014765	8.35841305969946	114.0	133.0	0.042764818235004	0.149439400249896	1783189.0	358155.0
1-1_D05_TNS1	TNS1	plate1	plate1-rep1	12.5210685292971	10.7066431501479	8.48354766649762	7.32241975622526	8.56838831563753	154.0	138.0	0.158037513526742	0.196995251978342	1496822.0	292379.0
1-1_D06_TTF1	TTF1	plate1	plate1-rep1	12.5196644275265	10.3963041878322	8.55135230840632	6.2882809614008	8.49490910726841	57.0	63.0	0.0127574382740833	0.0818290712203249	1451758.0	501706.0
1-1_D08_KEAP1	KEAP1	plate1	plate1-rep1	12.6323269436401	10.135987202208	8.53164683361696	6.44703340887939	8.31839209320643	68.0	90.0	0.0224030089591961	0.107549354435652	1971328.0	536677.0
1-1_D09_TFEB	TFEB	plate1	plate1-rep1	12.1156016599839	10.8866400307676	8.63957778686087	6.74249036188957	8.17570012417015	99.0	119.0	0.0670273957150341	0.119863723448563	1503660.0	305368.0
1-1_D10_FGF7	FGF7	plate1	plate1-rep1	12.0366288937192	10.1270238597919	8.86005400058158	6.95053527609713	8.2369760370679	99.0	108.0	0.0457887381031589	0.116202748854644	946527.0	195524.0
1-1_D11_IL1A	IL1A	plate1	plate1-rep1	12.1623815555969	10.3795908032961	8.76515755681934	6.86528974387485	8.47633377812563	107.0	120.0	0.0528252727335299	0.143436901291129	1390068.0	293696.0
1-1_E02_TFCP2L1	TFCP2L1	plate1	plate1-rep1	12.338810507541	10.5897741081608	8.85424531421636	6.74740319300751	8.31063332413937	96.0	126.0	0.0315409683426443	0.137199833402749	895047.0	323728.0
1-1_E04_SOX4	SOX4	plate1	plate1-rep1	12.3799010889984	10.0613867426404	8.75307634776373	6.63002265986137	8.24544069111394	75.0	107.0	0.0289025367181734	0.123416076634736	1117345.0	386623.0
1-1_E05_TWIST1	TWIST1	plate1	plate1-rep1	11.9150423910812	10.5626996632593	8.68045827584878	6.91205943209925	8.28472854170554	110.0	130.0	0.116086211709283	0.153484881299459	1303188.0	257293.0
1-1_E06_NKX21	NKX21	plate1	plate1-rep1	10.199230324184	6.57353823952607	10.055451218297	8.131859545277	9.78836221103578	259.0	180.0	0.374417585337968	0.694069970845481	1972620.0	93615.0
1-1_E07_USP30	USP30	plate1	plate1-rep1	12.1569492268062	9.75837176024693	9.05126878597609	6.86191363873399	8.39148211200559	96.0	111.0	0.0683927362830234	0.131112869637651	1181595.0	280295.0
1-1_E08_NFE2L2	NFE2L2	plate1	plate1-rep1	12.1324695404628	9.82141904673127	9.05393073488405	6.61961734608987	8.45377887268477	96.0	104.0	0.0408543451909804	0.13371345272803	1454791.0	332971.0
1-1_E09_ULK1	ULK1	plate1	plate1-rep1	11.6388676727501	9.85996080838575	8.94850255026198	6.6865014806815	8.2909867452861	121.0	124.0	0.0444004546514785	0.122153769262807	673556.0	189021.0
1-1_E10_INHBA	INHBA	plate1	plate1-rep1	12.4395707926123	10.4352175985712	8.93699565892049	6.72247003478537	8.36956018063466	86.0	118.0	0.0335439298865474	0.132183090379009	1079387.0	413199.0
1-1_E11_MANF	MANF	plate1	plate1-rep1	11.968683544193	9.66957160263837	9.06894196274128	6.72101328940222	8.295447878057	85.0	114.0	0.0343258998390174	0.130948771345273	712693.0	308153.0
1-1_F03_RBMS3	RBMS3	plate1	plate1-rep1	12.4667477445424	10.4101107507942	8.83936700493526	6.89077383654017	8.29838302687414	96.0	118.0	0.0488719270875156	0.123817076218242	995818.0	316411.0
1-1_F05_TERF1	TERF1	plate1	plate1-rep1	12.2695742746202	9.89972303508411	8.75960470950857	6.57509754776155	8.23927853439321	91.0	93.0	0.0284668609164152	0.108264889629321	536477.0	140206.0
1-1_F06_FAM13A	FAM13A	plate1	plate1-rep1	12.1744903553398	9.77867635958797	9.14335872410885	6.90627305121532	8.24060621402579	117.0	126.0	0.0709372454773841	0.135408579758434	626446.0	135961.0
1-1_F07_NR1D1	NR1D1	plate1	plate1-rep1	12.3268477962276	11.3493113862056	8.69047578939524	6.77635358976513	8.26109586217366	100.0	121.0	0.0807269261506812	0.125947022074136	2818062.0	950432.0
1-1_F08_EIF2B1	EIF2B1	plate1	plate1-rep1	12.5427031236038	10.7422879026728	8.26931926222606	6.84110299006742	8.53235581350085	68.0	74.0	0.0611356153854978	0.118615910037484	1266903.0	457873.0
1-1_F09_ATG16L1	ATG16L1	plate1	plate1-rep1	12.3631611798288	10.8537295743205	9.3048122587558	6.77278462303793	8.41775834618004	89.0	123.0	0.0356752281860974	0.135035068721366	1542935.0	454739.0
1-1_F10_XBP1	XBP1	plate1	plate1-rep1	12.3493224658897	9.69572154756745	9.44218845552388	6.96368788443623	8.36282299917576	94.0	121.0	0.0572690225184403	0.149923865056227	1888835.0	648525.0
1-1_F11_RAD21	RAD21	plate1	plate1-rep1	12.732526933384	10.2922344037382	8.64393254888923	6.24611996391465	8.96955446667044	48.0	33.0	0.0149893506781534	0.0903325281132861	1414631.0	918279.0
1-1_G02_PID1	PID1	plate1	plate1-rep1	12.3114963658827	10.5548843167263	8.68228163740357	6.74991642808097	8.30534356552686	84.0	120.0	0.0268828459882456	0.128357017909205	436298.0	137250.0
1-1_G03_SERPINA1A	SERPINA1A	plate1	plate1-rep1	12.1500550592605	10.5389235746045	8.54325234603822	6.90602815881159	8.47518248967265	105.0	117.0	0.0462179612188789	0.143919033735943	972472.0	223412.0
1-1_G04_CACNA2D3	CACNA2D3	plate1	plate1-rep1	12.442493153032	10.8244782008528	8.85545659600098	7.1239402615768	8.40084757261569	133.0	131.0	0.0549661305679511	0.141855393586006	1950906.0	495973.0
1-1_G05_CHRM3	CHRM3	plate1	plate1-rep1	12.2070492215547	10.0112027141901	8.59101328046675	6.84090314469677	8.41698187248675	97.0	125.0	0.0394997590997212	0.143396917950854	1099680.0	307312.0
1-1_G06_HHIP	HHIP	plate1	plate1-rep1	12.107135377018	11.1774019830455	8.76619911062351	7.08878549132744	8.42821374810516	83.0	124.0	0.142920065081313	0.140087963348605	2226377.0	609872.0
1-1_G07_NR1D2	NR1D2	plate1	plate1-rep1	12.3966959666839	11.6143948564097	8.59649214782199	6.92183173548035	8.33085142872095	102.0	106.0	0.0530291298146597	0.14323631820075	1049806.0	381360.0
1-1_G09_BECLN1	BECN1	plate1	plate1-rep1	12.3077998455887	10.6534908830861	9.39337625074115	7.1656029135846	8.83415045211564	116.0	100.0	0.0775545945036498	0.297848563098709	3098529.0	241757.0
1-2_B02_MET	MET	plate1	plate1-rep2	12.9886556528113	10.0737039722643	8.96465530338307	6.3482577437168	7.82174512964967	37.0	87.0	0.0129003533204088	0.0657597667638484	659900.0	519647.0
1-2_B06_TRP53	TRP53	plate1	plate1-rep2	12.1716297502546	10.5745682992426	9.16164869635218	7.63423052750464	8.6606711387691	245.0	203.0	0.156508704912454	0.282980758017493	3281367.0	451274.0
1-2_B07_ACP6	ACP6	plate1	plate1-rep2	12.126952644499	10.7043142851125	8.28422651753998	6.87538446143488	8.16200467053992	125.0	132.0	0.059471778341153	0.134718200749688	1247625.0	283711.0
1-2_B08_PINK1	PINK1	plate1	plate1-rep2	12.4909998689437	9.55913942681228	9.22400218333386	6.85296259664638	8.13364935873465	116.0	113.0	0.136244163903961	0.101575177009579	1521831.0	642201.0
1-2_B09_EIF2AK3	EIF2AK3	plate1	plate1-rep2	12.3544991079657	9.47596419921985	8.88621703440846	6.6314241410602	8.16313337094219	83.0	109.0	0.0252610708973344	0.0995658475635152	1487416.0	496683.0
1-2_B10_CCBE1	CCBE1	plate1	plate1-rep2	12.3365355913063	9.81621749075316	8.96115498536051	6.76713571957299	8.25205353343981	91.0	107.0	0.0544850469755544	0.106425156184923	1395649.0	517572.0
1-2_B11_GDF2	GDF2	plate1	plate1-rep2	12.4273438023555	9.55767399940359	8.916021380006	6.73239043175989	8.11637999828957	93.0	111.0	0.0291950584852343	0.0923125364431487	1121538.0	459156.0
1-2_C02_TEAD1	TEAD1	plate1	plate1-rep2	12.5067355361835	10.3997902502226	8.74546072067218	6.89340668978614	8.29928411851753	102.0	125.0	0.0487189745295753	0.142032653061224	1688677.0	526497.0
1-2_C03_MECOM	MECOM	plate1	plate1-rep2	12.2719904307578	10.7481937763037	8.10764117764067	6.82684005396897	8.2405370133475	107.0	146.0	0.041250109934651	0.141315618492295	932392.0	322108.0
1-2_C04_HUWE1	HUWE1	plate1	plate1-rep2	13.2382713197725	8.98751460397247	9.40009143577155	6.19661098425849	7.37441771882202	75.0	56.0	0.0145835484228679	0.0445820907955019	853506.0	921607.0
1-2_C05_SFTPD	SFTPD	plate1	plate1-rep2	11.8735742427248	10.3859289350143	8.69704491500462	6.88508493879263	8.23434797730886	142.0	134.0	0.140346638293967	0.136994752186589	733682.0	228437.0
1-2_C06_TRP63	TRP63	plate1	plate1-rep2	11.9489052030388	9.92302861158116	8.95871943230104	6.86643267679362	8.11562500062331	109.0	114.0	0.0762014423426214	0.108693544356518	450626.0	98772.0
1-2_C07_IL1A	IL1A	plate1	plate1-rep2	12.2111096937915	10.960461733896	8.57519237763472	6.72262155582949	8.13824768406208	135.0	106.0	0.043789839361576	0.0990024156601416	1530687.0	605614.0
1-2_C08_PRKN	PRKN	plate1	plate1-rep2	12.3088147922949	8.91057876777207	9.08529694069935	6.70834283645307	8.15517668051381	118.0	130.0	0.0665618463668032	0.108580258225739	568744.0	152813.0
1-2_C10_BMP10	BMP10	plate1	plate1-rep2	12.0517905881566	9.4269882637898	9.08374923577672	6.7345526679846	8.14179341736468	117.0	124.0	0.0656501057284557	0.115958017492711	1245225.0	261161.0
1-2_C11_PLA2G15	PLA2G15	plate1	plate1-rep2	12.1669537231194	9.84301123115868	8.29809726288473	6.81241432365743	8.2324218351066	116.0	121.0	0.0464433272534692	0.134560599750104	1261428.0	407360.0
1-2_D02_ROR1	ROR1	plate1	plate1-rep2	12.3139586690293	10.3936807529778	8.93467890924815	6.81654040993674	8.15558586554177	95.0	105.0	0.0382173474967402	0.110684214910454	1478784.0	373378.0
1-2_D03_NPNT	NPNT	plate1	plate1-rep2	12.148482481196	9.92210083069321	9.40956187486325	6.86613140672458	8.31278563358061	120.0	162.0	0.0492270638079834	0.166939441899209	587218.0	164378.0
1-2_D04_RNF43	RNF43	plate1	plate1-rep2	12.2162695931548	10.9458577384184	8.26222134790762	6.83062206981229	8.37274150110814	130.0	152.0	0.051705851200104	0.162785672636402	829614.0	228243.0
1-2_D05_TNS1	TNS1	plate1	plate1-rep2	12.2396560555744	9.61126270727645	9.1141391308071	6.83896945106668	8.36621860242371	116.0	121.0	0.0487027233202941	0.142107455226989	990062.0	249529.0
1-2_D06_TTF1	TTF1	plate1	plate1-rep2	12.3480034200627	10.8805298346178	8.4866208431228	6.63330047576378	8.42006350708227	63.0	85.0	0.0224859379242044	0.0973969179508538	1408620.0	523244.0
1-2_D08_KEAP1	KEAP1	plate1	plate1-rep2	12.311143867156	9.43102452546819	8.66752686211765	6.43080874975065	8.12657228285547	66.0	71.0	0.0189517778822954	0.0761082882132445	1449742.0	459306.0
1-2_D09_TFEB	TFEB	plate1	plate1-rep2	12.1466192650972	10.6033473156119	9.02743540543904	7.13305415477964	8.2369444784081	116.0	134.0	0.145857710147255	0.133514868804665	1201528.0	357053.0
1-2_D10_FGF7	FGF7	plate1	plate1-rep2	12.4621705688505	11.0584136132438	9.08857005887342	6.80023781375388	8.43299163238496	103.0	116.0	0.0597640611198422	0.139094377342774	2025781.0	743423.0
1-2_D11_IL1A	IL1A	plate1	plate1-rep2	12.2939953213301	10.6214262136585	8.76804310291686	6.85387217184777	8.32441149927419	107.0	119.0	0.0489720632152922	0.144388004997918	1623249.0	572233.0
1-2_E02_TFCP2L1	TFCP2L1	plate1	plate1-rep2	12.6780897199291	9.37954615383519	9.51812117769766	6.92572352675517	8.20549811447277	108.0	111.0	0.0493126216450812	0.108355518533944	1962432.0	774636.0
1-2_E04_SOX4	SOX4	plate1	plate1-rep2	12.6918963535497	9.76398830661307	9.01240849245603	6.65797164516536	8.22203985774871	92.0	104.0	0.0347881033500434	0.0926285714285714	972241.0	437722.0
1-2_E05_TWIST1	TWIST1	plate1	plate1-rep2	12.4188537947474	9.19358679459895	9.14116529707927	6.95361990856989	8.36064707339571	120.0	132.0	0.158923443420937	0.140512286547272	1014644.0	256880.0
1-2_E06_NKX21	NKX21	plate1	plate1-rep2	10.3184084436296	5.94734629097282	10.1610987744385	8.08491337248978	9.7719442051694	188.0	167.0	0.27509951475801	0.714879133694294	1715162.0	99782.0
1-2_E07_USP30	USP30	plate1	plate1-rep2	12.0292974847181	9.98601390561869	9.20201784492386	7.09739279702145	8.2428233466826	100.0	129.0	0.0616915023382622	0.13502840483132	439108.0	143469.0
1-2_E08_NFE2L2	NFE2L2	plate1	plate1-rep2	12.4152824024058	7.66695224967159	9.21050890898688	6.61088997497684	8.19422400291692	93.0	113.0	0.0416977351549983	0.11656443148688	717475.0	268805.0
1-2_E09_ULK1	ULK1	plate1	plate1-rep2	12.0021977936088	9.78427060969534	8.96809248647825	6.71298063877867	8.30687372659966	110.0	115.0	0.0443712980701211	0.132210745522699	439186.0	140880.0
1-2_E10_INHBA	INHBA	plate1	plate1-rep2	12.3903387656682	9.88073887709436	9.24087843752525	6.80736752009965	8.13060240047059	91.0	121.0	0.0667845835293038	0.10643631820075	1255447.0	484020.0
1-2_E11_MANF	MANF	plate1	plate1-rep2	12.4747022501072	10.8615985973449	8.94639666374323	6.98910654214106	8.3464821197541	87.0	131.0	0.0481296292047614	0.147851895043732	2047330.0	624390.0
1-2_F03_RBMS3	RBMS3	plate1	plate1-rep2	12.5604638264469	9.2155380644624	9.66547947528478	6.787202481428	8.30027179188634	111.0	120.0	0.0390029022747869	0.123107205331112	1213873.0	428287.0
1-2_F04_AGER	AGER	plate1	plate1-rep2	12.2857450882827	10.3713565049915	9.64758361050493	6.90834153935856	8.44116159358354	111.0	129.0	0.0627645601275624	0.149729779258642	2480025.0	645086.0
1-2_F05_TERF1	TERF1	plate1	plate1-rep2	12.4702213832629	9.90544426390293	9.28787835409348	6.55146225009458	8.45004283909211	81.0	118.0	0.0291709206596844	0.133283298625573	2328187.0	714064.0
1-2_F06_FAM13A	FAM13A	plate1	plate1-rep2	12.2580839836836	10.8791699764482	9.4918484906197	7.25736767815741	8.44564335160339	87.0	120.0	0.217714821867627	0.138403998334028	3662814.0	959370.0
1-2_F07_NR1D1	NR1D1	plate1	plate1-rep2	12.3026232529648	11.108185716157	9.40842150396655	6.92975210291366	8.28873059134022	112.0	129.0	0.0556094872647876	0.133085214493961	4429595.0	1504852.0
1-2_F08_EIF2B1	EIF2B1	plate1	plate1-rep2	12.7669761907215	9.3507604470273	9.03121293491406	6.48209712848405	8.5774220024538	76.0	62.0	0.0559089396946302	0.0888284881299459	1276979.0	406735.0
1-2_F09_ATG16L1	ATG16L1	plate1	plate1-rep2	12.2553430343226	9.68429505015168	9.70302814506621	6.87331900179763	8.47269989946552	117.0	155.0	0.048647039029669	0.17301957517701	3798103.0	1013151.0
1-2_F10_XBP1	XBP1	plate1	plate1-rep2	12.399913239495	10.3175080815109	9.05939576813282	6.79029589401058	8.38263040457944	98.0	125.0	0.0929540492277808	0.143364764681383	2853270.0	898956.0
1-2_F11_RAD21	RAD21	plate1	plate1-rep2	12.8909562832257	11.2022845005111	8.73166772065587	6.08598795745337	8.61858811045338	77.0	43.0	0.0150536385501627	0.0880778009162849	5677029.0	2042104.0
1-2_G02_PID1	PID1	plate1	plate1-rep2	12.5643930098106	10.5559725437017	9.23761460086839	6.7926924220434	8.35295845300313	100.0	105.0	0.0466820766368792	0.135047396917951	1889975.0	762989.0
1-2_G03_SERPINA1A	SERPINA1A	plate1	plate1-rep2	12.1924851240448	10.2565635937402	8.80721930924838	6.6677175509281	8.48687841501082	105.0	125.0	0.0389806763562112	0.142316034985423	1451012.0	387652.0
1-2_G04_CACNA2D3	CACNA2D3	plate1	plate1-rep2	12.2973393628388	10.9462234372899	8.60091647245604	6.82086093202399	8.30164557522589	94.0	116.0	0.0568245041469262	0.143983673469388	2321118.0	573040.0
1-2_G05_CHRM3	CHRM3	plate1	plate1-rep2	12.705332214582	10.7880088665812	9.19704021226183	6.86580371286633	8.55478753299709	122.0	119.0	0.048916378924667	0.157365597667638	2477531.0	755467.0
1-2_G06_HHIP	HHIP	plate1	plate1-rep2	12.2691023538446	11.5208264427664	8.57045385850801	7.19661725101393	8.42862772753259	137.0	122.0	0.0758902794825615	0.154750187421908	5281976.0	1479223.0
1-2_G07_NR1D2	NR1D2	plate1	plate1-rep2	12.3117634764509	11.3592108545907	8.44235717502313	6.85037987401095	8.28124455156968	111.0	135.0	0.0657595624027317	0.147029737609329	4459171.0	1032392.0
1-2_G08_ERN1	ERN1	plate1	plate1-rep2	12.3952794878306	11.2273343135765	8.48658861762928	6.62542491454767	8.36069179416827	89.0	101.0	0.0325330090739105	0.113745272802999	1441060.0	383128.0
1-2_G09_BECLN1	BECN1	plate1	plate1-rep2	12.5115054982232	10.1510168269551	9.60758618964811	7.01140124217625	8.64600641227542	105.0	103.0	0.146858354459905	0.19561016243232	4282059.0	376214.0
1-3_B02_MET	MET	plate1	plate1-rep3	12.823551208796	10.0249531706873	8.16434571529107	6.24528168620114	7.70626083112822	62.0	84.0	0.0124250054489349	0.056019491878384	219666.0	277267.0
1-3_B03_GLIS3	GLIS3	plate1	plate1-rep3	12.2343317874551	10.142447879002	8.72292471463044	6.61638866893539	8.34687267046538	91.0	143.0	0.0289761451366822	0.147772594752187	694845.0	376796.0
1-3_B06_TRP53	TRP53	plate1	plate1-rep3	12.1111071757611	10.8761970202404	8.46250515772562	7.76951624255474	8.72209809821902	244.0	183.0	0.189617197985615	0.289184173261141	946367.0	224778.0
1-3_B07_ACP6	ACP6	plate1	plate1-rep3	12.1954003480638	9.87691557105042	8.77976230423067	6.6649019221125	8.1382401744707	109.0	113.0	0.0333687514100314	0.105680799666805	559346.0	329528.0
1-3_B08_PINK1	PINK1	plate1	plate1-rep3	12.2271849792616	10.8353197869502	8.01582129424396	6.76280029297819	8.21812007118743	102.0	113.0	0.0516621163280679	0.121225322782174	777259.0	400420.0
1-3_B09_EIF2AK3	EIF2AK3	plate1	plate1-rep3	12.2065013263749	10.269750440369	8.00505466033874	6.77096601678527	8.36527063583011	94.0	108.0	0.0401082234942777	0.118339691795085	770486.0	457461.0
1-3_B10_CCBE1	CCBE1	plate1	plate1-rep3	12.3523974888501	10.1697355596616	7.80811584837565	6.77474866290179	8.31358636008213	81.0	117.0	0.0358616391160872	0.133849729279467	721607.0	434639.0
1-3_B11_GDF2	GDF2	plate1	plate1-rep3	12.4834376561132	9.22444889911852	8.29234346964486	6.67656771779339	8.18658691254549	111.0	108.0	0.0468682485784972	0.115242648896293	725033.0	445337.0
1-3_C02_TEAD1	TEAD1	plate1	plate1-rep3	12.206072090144	9.93395499369803	8.84191493679769	6.83936930057397	8.18117328780323	99.0	119.0	0.0511568949101213	0.109609496043315	645151.0	358171.0
1-3_C03_MECOM	MECOM	plate1	plate1-rep3	12.1507965072562	10.3295260446662	8.59226283387847	6.87210673699169	8.23613275257318	120.0	128.0	0.0453609489176695	0.127071553519367	614746.0	393359.0
1-3_C04_HUWE1	HUWE1	plate1	plate1-rep3	12.5503392091144	9.55246431281211	8.33400960833525	6.39875952097296	7.99678951592081	45.0	41.0	0.012717288227624	0.0475145356101624	363960.0	493061.0
1-3_C06_TRP63	TRP63	plate1	plate1-rep3	12.2785298065842	10.6243479341757	8.11684822391652	6.87917576177425	8.26821991002252	108.0	133.0	0.0402465977615393	0.137302957101208	941172.0	514680.0
1-3_C08_PRKN	PRKN	plate1	plate1-rep3	12.2169048920874	10.3669446915952	8.53333739301358	6.82814540362668	8.17037899848203	113.0	126.0	0.0468469786134086	0.117073219491878	778710.0	420835.0
1-3_C10_BMP10	BMP10	plate1	plate1-rep3	12.1207719458442	10.7055880967318	8.24485499309815	6.6714417802177	8.35134515291677	103.0	103.0	0.0328248138758561	0.130440483132028	678899.0	326743.0
1-3_D03_NPNT	NPNT	plate1	plate1-rep3	11.942606537152	9.06751235872281	9.34354985272904	6.9463707915665	8.2889786354092	111.0	135.0	0.0502069161322887	0.143476051645148	313938.0	182706.0
1-3_D04_RNF43	RNF43	plate1	plate1-rep3	12.2305488165811	9.87667750115815	8.81628158465364	6.85827761854273	8.41550287089004	118.0	129.0	0.0621059081749318	0.138313702623907	561260.0	254205.0
1-3_D05_TNS1	TNS1	plate1	plate1-rep3	12.2016931763938	10.6180011827596	9.04800678797548	7.26017202409767	8.52293595625376	141.0	161.0	0.0549080563936081	0.193364931278634	781724.0	390950.0
1-3_D06_TTF1	TTF1	plate1	plate1-rep3	12.3781947494643	10.603554802405	8.74760350781617	6.53531446252592	8.49656480678052	69.0	94.0	0.0240245450617355	0.128073469387755	802251.0	454638.0
1-3_D09_TFEB	TFEB	plate1	plate1-rep3	12.2055757765806	10.6497395248092	8.56571901642647	7.03677821728753	8.19877731364994	151.0	146.0	0.0487541058202272	0.128044481466056	492137.0	303520.0
1-3_D11_IL1A	IL1A	plate1	plate1-rep3	12.2553052022895	10.7287875538046	8.1771101965456	6.88143326792041	8.52179394093826	89.0	95.0	0.0350144253381207	0.135550853810912	900873.0	459712.0
1-3_E02_TFCP2L1	TFCP2L1	plate1	plate1-rep3	12.3885800986188	11.0453894356472	8.22625318727539	6.72402341452575	8.27524972900268	99.0	130.0	0.0334755792122179	0.131433402748855	572619.0	328714.0
1-3_E05_TWIST1	TWIST1	plate1	plate1-rep3	12.24650887469	10.7170051260319	8.77609035201785	6.74312197536	8.39475387582782	110.0	153.0	0.0453470875921061	0.156291711786756	454533.0	258862.0
1-3_E06_NKX21	NKX21	plate1	plate1-rep3	9.98348999175286	8.11810771624196	10.3407154348879	8.46507053444079	9.7268053146696	210.0	126.0	0.337818667094934	0.489300957934194	1321933.0	112347.0
1-3_E07_USP30	USP30	plate1	plate1-rep3	12.2577558923517	10.3073465947251	9.1007646096845	6.81325620493312	8.38955063602489	106.0	120.0	0.0403873619125188	0.125618992086631	652010.0	323726.0
1-3_E09_ULK1	ULK1	plate1	plate1-rep3	12.2228616788254	10.7498315008099	8.63010511753624	6.91679201641451	8.44569123939411	106.0	147.0	0.0580665267150762	0.178968596418159	964059.0	510709.0
1-3_E10_INHBA	INHBA	plate1	plate1-rep3	12.2673462397359	10.4073905275301	8.52863104663336	6.99544609166905	8.29846286793552	110.0	123.0	0.128755224285807	0.146992919616826	676629.0	399512.0
1-3_E11_MANF	MANF	plate1	plate1-rep3	12.1818083709181	10.3811160870377	8.58042874622211	6.87064950547291	8.39627915171487	103.0	112.0	0.0471559905781224	0.132628238234069	660517.0	382224.0
1-3_F03_RBMS3	RBMS3	plate1	plate1-rep3	12.2053265654265	10.8479098346406	8.81107334478733	6.89870036124486	8.32425851452547	94.0	115.0	0.0405388805402284	0.113422074135777	761170.0	426497.0
1-3_F05_TERF1	TERF1	plate1	plate1-rep3	12.3766142944512	10.595113466969	8.48430003526246	6.57798010475976	8.36151525982234	80.0	115.0	0.0230081275165476	0.133713785922532	745937.0	427095.0
1-3_F06_FAM13A	FAM13A	plate1	plate1-rep3	12.1810436850579	10.8172876037199	8.61550004518103	6.986049884674	8.40149148720796	95.0	111.0	0.0749873814139699	0.158481965847564	650445.0	256422.0
1-3_F07_NR1D1	NR1D1	plate1	plate1-rep3	12.2013118028829	10.9911189825186	8.66745550681328	7.16427206736452	8.39116176074462	112.0	156.0	0.0964743479441264	0.180019491878384	639938.0	320108.0
1-3_F08_EIF2B1	EIF2B1	plate1	plate1-rep3	12.5114891688953	10.8708259754014	8.51743685145725	6.4419273963136	8.3630512975915	85.0	83.0	0.0271567266623075	0.115754602249063	564037.0	382838.0
1-3_F09_ATG16L1	ATG16L1	plate1	plate1-rep3	11.956763995924	10.2916294334745	8.04398277148589	6.88184562028995	8.37725812008812	121.0	112.0	0.0652758499382454	0.131787421907539	240184.0	107282.0
1-3_F11_RAD21	RAD21	plate1	plate1-rep3	12.6331493695138	10.5733066389764	7.58849462640188	6.20153607408341	8.62062486853743	78.0	50.0	0.0184838386503466	0.0907120366513953	517232.0	540306.0
1-3_G02_PID1	PID1	plate1	plate1-rep3	12.2478703674559	9.93405549312384	8.21383991620026	6.76972272244908	8.25533955760567	77.0	100.0	0.0332071952707069	0.11098325697626	478364.0	329510.0
1-3_G03_SERPINA1A	SERPINA1A	plate1	plate1-rep3	12.2601301397887	10.6270411037373	8.72247923453718	6.70464854821376	8.2939078195393	94.0	124.0	0.0311729262501004	0.129046230737193	675726.0	374373.0
1-3_G04_CACNA2D3	CACNA2D3	plate1	plate1-rep3	12.218443064191	10.2685157992494	8.65860210879468	6.8254248936654	8.39385133271592	103.0	124.0	0.0457564746729683	0.147706289046231	453181.0	295367.0
1-3_G06_HHIP	HHIP	plate1	plate1-rep3	12.2546797061346	10.42538987203	8.35279517578106	6.90215145330425	8.41717809608318	109.0	139.0	0.0808473762900592	0.144377009579342	503553.0	275244.0
1-3_G07_NR1D2	NR1D2	plate1	plate1-rep3	12.2808600109916	10.9598215621293	8.44448226647103	6.97619153989162	8.43357891873209	108.0	126.0	0.0536710525812656	0.148514785506039	590898.0	336266.0
1-3_G09_BECLN1	BECN1	plate1	plate1-rep3	12.3578888558035	11.3298320972313	8.17713700990534	6.91444412912007	8.79291764312222	100.0	101.0	0.046427076044188	0.406564931278634	729697.0	164958.0
1-4_B02_MET	MET	plate1	plate1-rep4	12.8125690609557	8.80289444925593	8.91965617429835	6.26950460408054	7.91624793875365	55.0	99.0	0.0316028663309358	0.0758763848396501	906858.0	795295.0
1-4_B03_GLIS3	GLIS3	plate1	plate1-rep4	12.5014550451333	10.1734228172874	9.29299303721209	6.52973746516164	8.21657627295251	87.0	127.0	0.0231531934582191	0.1211563515202	791464.0	327545.0
1-4_B06_TRP53	TRP53	plate1	plate1-rep4	12.2343215861535	11.3829212827553	8.37694595060472	7.53214502881769	8.68569312285726	195.0	181.0	0.108088465847606	0.280525780924615	13236235.0	2293570.0
1-4_B07_ACP6	ACP6	plate1	plate1-rep4	12.2811110544061	10.4072953507367	8.60832468407708	6.65943605542586	8.17743692647368	103.0	132.0	0.0299280358214891	0.124832486463973	940237.0	442301.0
1-4_B08_PINK1	PINK1	plate1	plate1-rep4	12.2572952962929	10.5307649586547	8.44785959039602	6.9435695532057	8.30983737662731	112.0	115.0	0.0451116840459011	0.146381007913369	1851243.0	545564.0
1-4_B10_CCBE1	CCBE1	plate1	plate1-rep4	12.407554994743	9.58865862324184	9.28419670458074	6.7522895955294	8.26605198131376	103.0	127.0	0.0529034219311025	0.122146772178259	2951796.0	1420619.0
1-4_B11_GDF2	GDF2	plate1	plate1-rep4	12.300002458811	10.0149124196104	8.46007430655436	6.9969236470179	8.38834190401391	106.0	107.0	0.0680715359113487	0.122755018742191	2124500.0	710503.0
1-4_C02_TEAD1	TEAD1	plate1	plate1-rep4	12.3242371059681	9.87995344428645	8.89519351072367	6.70995621340399	8.03337148286521	110.0	117.0	0.0391995897047633	0.0918437317784257	1251813.0	553797.0
1-4_C03_MECOM	MECOM	plate1	plate1-rep4	12.3132593849839	10.1842284178543	8.46264639254855	6.77999850997627	8.23888652807053	124.0	158.0	0.064530445206658	0.152691878384007	900753.0	350468.0
1-4_C05_SFTPD	SFTPD	plate1	plate1-rep4	11.8278816447597	9.43527443877264	9.29606489635442	6.80628932419824	8.31311569659291	107.0	164.0	0.0404671840286939	0.168941274468971	980396.0	279298.0
1-4_C06_TRP63	TRP63	plate1	plate1-rep4	12.069375326907	9.86266174961738	9.39491867510088	6.87996438158979	8.41563841053023	110.0	155.0	0.0471555126013789	0.171358100791337	2604990.0	584945.0
1-4_C07_IL1A	IL1A	plate1	plate1-rep4	12.1760154820717	9.80867819961461	9.22916001365121	6.96609891172978	8.46544879583875	158.0	151.0	0.0564043625893339	0.18545306122449	481323.0	105648.0
1-4_C10_BMP10	BMP10	plate1	plate1-rep4	11.7790175687975	10.1430129833826	8.81775115949571	7.06130070602933	8.40876955510896	139.0	134.0	0.0460456506028243	0.151078550603915	923213.0	255759.0
1-4_D02_ROR1	ROR1	plate1	plate1-rep4	12.239312148466	10.6052900851104	7.9329502317457	7.08081549503989	8.40304289081696	138.0	122.0	0.0601043805612594	0.144496126613911	645330.0	194183.0
1-4_D03_NPNT	NPNT	plate1	plate1-rep4	12.4012696424219	9.11784320089273	9.20054001973588	6.81311743783794	8.17509104742441	100.0	143.0	0.0386621048566261	0.132948271553519	533656.0	201992.0
1-4_D04_RNF43	RNF43	plate1	plate1-rep4	12.3465445435291	10.1299847734628	9.09926125253347	6.98242074134962	8.55478719136074	110.0	154.0	0.0524555577223835	0.199858725531029	3895027.0	485887.0
1-4_D05_TNS1	TNS1	plate1	plate1-rep4	12.5277819112992	10.0116160025767	9.14170676338802	7.21015570082215	8.47491502432546	148.0	135.0	0.0582789873775902	0.176925447730112	2605698.0	886804.0
1-4_D06_TTF1	TTF1	plate1	plate1-rep4	12.4115602112546	9.98958857349179	9.04737548503187	6.58355654021067	8.56768005189612	61.0	90.0	0.0203049300433238	0.126394835485214	1941704.0	597763.0
1-4_D08_KEAP1	KEAP1	plate1	plate1-rep4	12.4580247571649	9.90386395965191	8.44788283665477	6.58444875968101	8.39296155473724	67.0	92.0	0.029222781136361	0.112102457309454	2302319.0	454866.0
1-4_D09_TFEB	TFEB	plate1	plate1-rep4	12.1310571326221	10.7195538980455	8.95278729926124	6.97226002346525	8.36599116837791	113.0	138.0	0.058750033458372	0.155775093710954	2329002.0	613646.0
1-4_D10_FGF7	FGF7	plate1	plate1-rep4	12.3041224995111	10.5652849589097	9.08472164380599	6.9604661772848	8.41057827153579	107.0	137.0	0.0598400594220688	0.1661527696793	1598311.0	533242.0
1-4_D11_IL1A	IL1A	plate1	plate1-rep4	12.1494614194798	9.67960160087943	8.8733462789244	6.80507449275063	8.37347118442719	113.0	131.0	0.0585454594121268	0.141848396501458	1888812.0	559497.0
1-4_E04_SOX4	SOX4	plate1	plate1-rep4	12.4548761122595	10.3414748692799	9.01522386807381	6.77181627388107	8.16686415922065	92.0	106.0	0.0357146612674414	0.0955860058309038	1496431.0	513419.0
1-4_E05_TWIST1	TWIST1	plate1	plate1-rep4	12.13829902922	9.80234316563825	9.22109122436214	6.79943395215572	8.35998156917112	105.0	126.0	0.0431997770716468	0.131679633486047	2002936.0	387573.0
1-4_E06_NKX21	NKX21	plate1	plate1-rep4	10.2723250091312	7.12179582879927	10.2621752446067	8.3511544459281	9.81409381323736	223.0	164.0	0.343514715947981	0.683181507705123	4188596.0	247767.0
1-4_E07_USP30	USP30	plate1	plate1-rep4	12.4280131905283	10.9498122026406	8.95431353173777	6.91286991358338	8.25155900522152	138.0	147.0	0.0853721431330037	0.160720199916701	1684003.0	367639.0
1-4_E08_NFE2L2	NFE2L2	plate1	plate1-rep4	12.3636113091448	9.85580629564234	9.03391909395522	6.81945505540143	8.46697885404094	86.0	102.0	0.0405293210053572	0.144214410662224	941150.0	228087.0
1-4_E09_ULK1	ULK1	plate1	plate1-rep4	12.35983518813	10.4450594842168	9.1342722189744	7.07071955117154	8.37686733987319	94.0	126.0	0.153776828834616	0.169508038317368	1996847.0	432035.0
1-4_E10_INHBA	INHBA	plate1	plate1-rep4	12.3198895335399	10.7135344562655	9.36610330067704	7.0089667166416	8.30517926936574	105.0	130.0	0.0547410035217326	0.139671470220741	1354387.0	486927.0
1-4_E11_MANF	MANF	plate1	plate1-rep4	12.3917581001214	10.7874114671905	8.67608345186333	6.96608118960372	8.5880915752308	106.0	123.0	0.0477422290541031	0.155914535610162	2446656.0	997498.0
1-4_F03_RBMS3	RBMS3	plate1	plate1-rep4	12.141179229249	10.8212600069331	9.05612627685619	6.76909855771763	8.43057529237205	91.0	129.0	0.0324809096088621	0.151475052061641	1279104.0	356238.0
1-4_F04_AGER	AGER	plate1	plate1-rep4	12.1164647223062	9.41258186696768	9.54684641176669	6.6904484026009	8.33443702962396	100.0	138.0	0.030792217773852	0.139089379425239	2030669.0	543051.0
1-4_F05_TERF1	TERF1	plate1	plate1-rep4	12.4277654614855	10.2530561707819	8.57670189457039	6.43847436887037	8.26838257021898	89.0	116.0	0.0233572895277207	0.142667055393586	592035.0	195249.0
1-4_F06_FAM13A	FAM13A	plate1	plate1-rep4	12.2126210173563	10.249687033823	9.18838081171527	6.80610180912919	8.42839279363366	114.0	125.0	0.0489046684944497	0.163102207413578	2001892.0	500301.0
1-4_F07_NR1D1	NR1D1	plate1	plate1-rep4	12.3496390828439	9.8785673813689	9.52079850681734	6.97678075336383	8.38931530465852	97.0	123.0	0.0454132873710897	0.149748104956268	2742248.0	808110.0
1-4_F08_EIF2B1	EIF2B1	plate1	plate1-rep4	12.5506879799504	10.0410391238355	8.82482700953394	6.51443137268955	8.4416438381911	77.0	86.0	0.0220454823550105	0.120844981257809	801911.0	181483.0
1-4_F09_ATG16L1	ATG16L1	plate1	plate1-rep4	12.4621080623566	9.75144583835927	9.61634915156027	7.0438604787916	8.45043544922598	113.0	146.0	0.0537671259067219	0.170651728446481	1393173.0	389598.0
1-4_F10_XBP1	XBP1	plate1	plate1-rep4	12.4897343939128	10.9431452408764	8.6222981089294	6.84036569148375	8.50758112289001	92.0	147.0	0.0409891346326653	0.181762265722616	3095792.0	1052173.0
1-4_F11_RAD21	RAD21	plate1	plate1-rep4	12.7670944218659	10.3682813639532	8.22350519533363	6.1030045022359	8.75464429843655	44.0	35.0	0.0079198356524764	0.101392753019575	1112319.0	719587.0
1-4_G02_PID1	PID1	plate1	plate1-rep4	11.6440531805106	9.38631456962899	9.15180504931977	6.83077316245995	8.31933063376757	92.0	104.0	0.0373218580676739	0.116816826322366	2875741.0	580734.0
1-4_G03_SERPINA1A	SERPINA1A	plate1	plate1-rep4	12.025430035445	9.86299464884395	9.29334966501255	6.93988515885358	8.32612454903288	112.0	165.0	0.157063874900103	0.168804664723032	1372438.0	521372.0
1-4_G04_CACNA2D3	CACNA2D3	plate1	plate1-rep4	12.2622999952369	11.1766391263284	8.68465415369913	6.75233875119366	8.50100390355253	87.0	140.0	0.0348105682569909	0.168824822990421	2587746.0	672403.0
1-4_G05_CHRM3	CHRM3	plate1	plate1-rep4	12.201569020101	10.2425221108606	9.4265388790459	6.97157608236521	8.61724158521711	92.0	130.0	0.0414539670157809	0.162991753436068	2162455.0	596506.0
1-4_G06_HHIP	HHIP	plate1	plate1-rep4	12.0494676745567	9.95090088446031	9.24017462248963	6.82337762760513	8.38072933294869	116.0	137.0	0.0442788095702416	0.155786922115785	1911953.0	471203.0
1-4_G07_NR1D2	NR1D2	plate1	plate1-rep4	12.2388763840359	11.2667283724084	8.49617506753254	6.8389431862251	8.41894793638141	77.0	114.0	0.0317206875982242	0.136782673885881	1424981.0	489152.0
1-4_G08_ERN1	ERN1	plate1	plate1-rep4	12.3564532234994	10.7907822261889	8.4484104992902	6.81932602513446	8.4041912095781	78.0	113.0	0.03623087615049	0.133086713869221	802177.0	335440.0
1-4_G09_BECLN1	BECN1	plate1	plate1-rep4	12.744552822081	10.3624721707225	9.9372768105286	6.96696778505536	8.84593144572968	104.0	99.0	0.0495085921099423	0.341808746355685	4588219.0	560448.0
2-2_B02_IVD	IVD	plate2	plate2-rep2	12.6394967207445	10.1880336771135	8.25823140266133	6.76032612248298	8.18919778306768	100.0	115.0	0.0351071528263721	0.109026572261558	1228357.0	464117.0
2-2_B03_ACOXL	ACOXL	plate2	plate2-rep2	12.4514460826207	10.2172719863801	9.29715050555965	7.04339990936199	8.28986978711559	100.0	148.0	0.143580628940918	0.14575710120783	2191373.0	687140.0
2-2_B06_LNX2	LNX2	plate2	plate2-rep2	12.6248645474679	10.6940045923157	8.99154192003798	7.15433886441005	8.24925018433372	147.0	145.0	0.0907173570562751	0.157146522282382	2762201.0	1224799.0
2-2_B07_CHRNA5	CHRNA5	plate2	plate2-rep2	12.4188290987544	10.6793566700431	9.13507096005969	6.72865529143205	8.22118977375986	111.0	130.0	0.0352467220354926	0.125005414410662	7961317.0	2601123.0
2-2_B08_MARCKS	MARCKS	plate2	plate2-rep2	12.8409875722704	10.5605728671079	8.80588325867811	6.85749231963391	8.11302529650818	115.0	135.0	0.0635341026846998	0.115845564348188	936255.0	488988.0
2-2_B09_TRIB3	TRIB3	plate2	plate2-rep2	12.7649513979418	11.5355581117684	8.52457394206933	6.8259055447241	8.15357788305971	103.0	116.0	0.0473784887522513	0.105717117867555	3352784.0	1494467.0
2-2_B10_IL4RA	IL4RA	plate2	plate2-rep2	12.8329002431866	10.0465273472511	9.37076071403128	6.79870401890006	8.14041144491922	101.0	105.0	0.0371689055097335	0.0941700957934194	1466770.0	759148.0
2-2_B11_ATP6V1C2	ATP6V1C2	plate2	plate2-rep2	13.0107687526124	10.808000342296	8.64496491668967	7.03035346283104	8.26564393973967	86.0	114.0	0.0516382174908898	0.118129945855893	1275068.0	700358.0
2-2_C02_NAV2	NAV2	plate2	plate2-rep2	12.8735835103709	10.7367547394225	8.57166214435928	6.88669371252023	8.18015021051608	94.0	118.0	0.035215653547161	0.111313119533528	1215845.0	625396.0
2-2_C03_ATP11A	ATP11A	plate2	plate2-rep2	12.9819718262267	10.7719434514738	8.3038043551362	6.99752829649041	8.2350424815672	135.0	129.0	0.0520191649555099	0.130878467305289	746660.0	409355.0
2-2_C04_PATJ	PATJ	plate2	plate2-rep2	12.9730493914634	10.681085986437	9.31209691321928	7.07906389640859	8.20102806043411	132.0	150.0	0.150066534362704	0.136413827571845	1548593.0	664361.0
2-2_C06_SNX30	SNX30	plate2	plate2-rep2	12.8450595761062	10.9760653570383	9.0637505131322	6.80243241241695	8.23715762969451	124.0	129.0	0.0564416447753318	0.13100941274469	2360810.0	1045648.0
2-2_C07_CHAT	CHAT	plate2	plate2-rep2	12.263666410988	11.2781232604261	8.80067827498274	7.03861408657606	8.20124164364013	141.0	136.0	0.0543839548942907	0.134316368179925	904328.0	273841.0
2-2_C08_WNT7B	WNT7B	plate2	plate2-rep2	12.7246419748831	10.6279811038602	8.57444104924944	6.97651067422918	8.28109840193613	117.0	153.0	0.155353913100004	0.166232236568097	1217724.0	636287.0
2-2_C10_HLF	HLF	plate2	plate2-rep2	12.7109051340266	10.2536187257405	9.35138913205955	6.90422841506099	8.31264246286033	115.0	119.0	0.0511635865845311	0.134021990837151	1933380.0	869332.0
2-2_C11_IRX1	IRX1	plate2	plate2-rep2	12.6876463827534	9.39370160308929	9.5353019912555	6.84013489286425	8.18770952388311	117.0	113.0	0.0493539666333995	0.107774094127447	1952590.0	651434.0
2-2_D02_CAPN1	CAPN1	plate2	plate2-rep2	13.0751358914993	10.8401611372485	9.01066241422423	6.918197458073	8.33601983511413	87.0	112.0	0.0847089504013093	0.148375177009579	823183.0	429116.0
2-2_D03_GPR37	GPR37	plate2	plate2-rep2	12.7845936184763	10.2143992965294	8.91232452011888	6.80711701840726	8.24732820876833	131.0	146.0	0.0418191412478634	0.136422823823407	289327.0	130375.0
2-2_D04_SDC1	SDC1	plate2	plate2-rep2	12.8359955775763	11.3136380329908	8.52455629050328	6.79067631085575	8.43905748545068	111.0	159.0	0.082821181252605	0.176795501874219	2048644.0	753942.0
2-2_D05_SLC45A4	SLC45A4	plate2	plate2-rep2	12.9758514546144	10.6202422858576	8.89056104785926	7.07478781138905	8.17504135029586	135.0	131.0	0.0576776926341872	0.128581257809246	1716195.0	828659.0
2-2_D06_LIPH	LIPH	plate2	plate2-rep2	12.779121398863	11.1358051758738	8.70368146779638	6.93481275167158	8.34946511779094	150.0	156.0	0.0502924739693865	0.15959266972095	1423120.0	797333.0
2-2_D08_WNT9B	WNT9B	plate2	plate2-rep2	12.4412420711799	10.1197551292835	9.80829255239217	6.81689222634409	8.36825977735887	126.0	146.0	0.0464163215674578	0.166962598917118	3107514.0	1167886.0
2-2_D09_SPNS1	SPNS1	plate2	plate2-rep2	12.8153100396797	11.2690121562667	8.2858931180429	6.94300943043461	8.31900890146383	108.0	133.0	0.0538306968136158	0.156987255310287	2019528.0	381204.0
2-2_D10_HIF1A	HIF1A	plate2	plate2-rep2	12.4048835770101	11.0025945402122	8.93947449328746	7.03245944255409	8.13738953391285	112.0	121.0	0.0671287267846696	0.117062723865056	997753.0	352013.0
2-2_E02_MECOM	MECOM	plate2	plate2-rep2	13.1426809411432	11.0859832075078	7.6230234785268	6.5969515456237	8.13431714918477	100.0	110.0	0.0288862855088923	0.094388504789671	678834.0	613839.0
2-2_E05_CXADR	CXADR	plate2	plate2-rep2	12.8111616832639	10.6618200273521	9.18514751424238	6.94976236666467	8.42863764735211	138.0	152.0	0.0582087247962863	0.164931611828405	543653.0	187460.0
2-2_E06_FGFR2	FGFR2	plate2	plate2-rep2	13.4299756368461	10.5515750468483	8.51198252996982	6.48010964290748	8.01247029430217	98.0	109.0	0.0267107743605627	0.0905136193252811	785201.0	448723.0
2-2_E07_LRP6	LRP6	plate2	plate2-rep2	12.846299351122	10.5919715186544	9.17436634743336	6.99889322598232	8.41486918484387	144.0	146.0	0.0468692045319843	0.162020824656393	2314634.0	966901.0
2-2_E08_CHRNA3	CHRNA3	plate2	plate2-rep2	12.8057330522194	10.8868067697612	8.57414148879085	6.80360070519716	8.21677708052374	118.0	152.0	0.0537776413950803	0.163264972927947	1197947.0	497424.0
2-2_E09_SH2B1	SH2B1	plate2	plate2-rep2	12.8452858196335	11.0210620251188	8.90103326337876	6.92416710705252	8.26521561364001	107.0	129.0	0.0500790573533854	0.129304623073719	2512404.0	1056276.0
2-2_E10_ROS1	ROS1	plate2	plate2-rep2	12.8893695874248	10.3761950160631	9.3854690975097	6.79674238858363	8.25057304550449	116.0	132.0	0.0456460620452051	0.133899541857559	2114364.0	835744.0
2-2_F03_DSP	DSP	plate2	plate2-rep2	13.0492401686054	9.60399035826377	9.18960256408963	6.74070444998617	8.11744393374559	118.0	120.0	0.156454454552059	0.104154269054561	1157591.0	770312.0
2-2_F04_MTUS1	MTUS1	plate2	plate2-rep2	13.1585161544408	10.108409049005	9.71537390279955	6.83881580020938	8.30766530713065	116.0	147.0	0.0422476473984682	0.137611495210329	865777.0	401616.0
2-2_F05_EPCAM	EPCAM	plate2	plate2-rep2	13.0475263360803	10.4352545751754	8.91040054435908	6.93541181890735	8.2168378590007	135.0	129.0	0.0474069283684933	0.124620408163265	594659.0	283815.0
2-2_F06_FZD7	FZD7	plate2	plate2-rep2	13.1990004813136	10.45278541981	9.03650034650169	6.84662583512037	8.23127005509732	118.0	126.0	0.0495786157028744	0.135319450229071	745861.0	352552.0
2-2_F07_FZD1	FZD1	plate2	plate2-rep2	12.9460831314387	10.7158754367696	8.85262078194006	6.86970739531611	8.27861220412366	112.0	120.0	0.0527162940359974	0.129552686380675	1181729.0	542012.0
2-2_F08_SYT4	SYT4	plate2	plate2-rep2	13.012625677937	10.247698515156	9.23387458943494	7.10542428423409	8.1863722225403	139.0	128.0	0.0483619259021333	0.123862057476052	967732.0	529223.0
2-2_F09_TLN1	TLN1	plate2	plate2-rep2	12.4399758353749	10.6121326885574	8.8968418014083	6.8259939294621	8.56489066046801	110.0	118.0	0.0542001728363905	0.146446647230321	532139.0	171037.0
2-2_G02_TERT	TERT	plate2	plate2-rep2	13.0998064989691	10.8381169991855	8.5636349162498	6.80913110234105	8.32609206916924	100.0	106.0	0.157423313411263	0.120603082049146	969227.0	561472.0
2-2_G03_LRP5	LRP5	plate2	plate2-rep2	13.1216145981841	10.3745227884325	9.02805504687625	7.07650967270235	8.44871599324558	102.0	138.0	0.101866403588267	0.183967180341524	1164143.0	694644.0
2-2_G04_FZD5	FZD5	plate2	plate2-rep2	13.0167148502045	9.83019704148849	9.19735973955208	6.88672071900697	8.03300785482152	100.0	111.0	0.0456147545685017	0.0877679300291545	541885.0	208935.0
2-2_G06_MYRF	MYRF	plate2	plate2-rep2	13.2266104534038	10.434327684762	8.90662265445313	6.7650727956081	8.36191402333199	112.0	118.0	0.138763340330913	0.130987088713036	1292963.0	568096.0
2-2_G07_FZD4	FZD4	plate2	plate2-rep2	12.9486321533959	11.3041157360026	8.59701655310112	6.98381601931464	8.22031489493922	136.0	123.0	0.0584931209587066	0.124042982090796	1059991.0	559756.0
2-2_G08_SYT11	SYT11	plate2	plate2-rep2	13.0990458821603	10.1306488642637	9.12336472228582	6.74697330215841	8.2303974856364	113.0	122.0	0.0397177164947862	0.119791920033319	774116.0	395429.0
2-2_G09_DMBT1	DMBT1	plate2	plate2-rep2	13.1222496729144	10.7767733740055	8.76261446834652	6.75902395156461	8.2037511285344	107.0	118.0	0.135247821382003	0.117457725947522	929311.0	457128.0
2-3_B02_IVD	IVD	plate2	plate2-rep3	12.5284324889417	10.1252301913675	8.68948432659151	6.8820622037503	8.46068354860325	87.0	123.0	0.0356231287210489	0.150780008329863	2337423.0	868759.0
2-3_B06_LNX2	LNX2	plate2	plate2-rep3	12.8290039804175	11.1465825559867	9.24672916693505	6.98726802497948	8.39310693489925	108.0	135.0	0.0686926666896095	0.158140108288213	11387171.0	5999239.0
2-3_B07_CHRNA5	CHRNA5	plate2	plate2-rep3	12.8984519354396	10.6077511876912	9.43861461144841	6.8121721005928	8.4513430830238	115.0	126.0	0.0443949579189275	0.159941191170346	13249748.0	6940253.0
2-3_B08_MARCKS	MARCKS	plate2	plate2-rep3	12.8057467487122	10.6186551642181	9.05704525641674	6.77961326712837	8.2565331812164	109.0	120.0	0.0794380618616621	0.115978009162849	3408820.0	1611091.0
2-3_B09_TRIB3	TRIB3	plate2	plate2-rep3	12.7878620588785	11.2332431085014	8.73068807463899	6.93792554498749	8.37325492323033	99.0	122.0	0.11962013276282	0.135412911286964	3942852.0	1827071.0
2-3_B10_IL4RA	IL4RA	plate2	plate2-rep3	12.9319282574449	10.1816917025386	9.58931977693093	6.69417933301575	8.13806558637417	102.0	121.0	0.0350505125822598	0.109268804664723	3175085.0	1614299.0
2-3_B11_ATP6V1C2	ATP6V1C2	plate2	plate2-rep3	13.1191210952681	11.0536994587008	9.14241978001316	6.89594666459003	8.22130085957831	90.0	118.0	0.0366966644870927	0.123011411911703	2224227.0	1118165.0
2-3_C02_NAV2	NAV2	plate2	plate2-rep3	12.9277709939784	10.5850327803723	9.08018212710193	6.7353353297032	8.44489883756972	98.0	136.0	0.0544673618360425	0.168636068304873	2113155.0	1061316.0
2-3_C04_PATJ	PATJ	plate2	plate2-rep3	13.1068696241837	10.6461187150877	9.74342898528223	6.68131608113371	8.13526275096841	139.0	154.0	0.0405063781216661	0.140531112036651	1895966.0	826531.0
2-3_C06_SNX30	SNX30	plate2	plate2-rep3	12.838952018494	11.1189800436293	9.40629425999564	7.0695373408917	8.30110942128383	136.0	125.0	0.0767759703883848	0.147405414410662	7945326.0	3841837.0
2-3_C07_CHAT	CHAT	plate2	plate2-rep3	12.646334844458	11.1771794362138	9.21482308660021	6.81084036484896	8.53062663865301	110.0	122.0	0.0411755455626551	0.155368263223657	2287742.0	933121.0
2-3_C08_WNT7B	WNT7B	plate2	plate2-rep3	12.8504907093823	10.6457673935092	8.92703969043015	7.0768585895069	8.43991322149799	142.0	147.0	0.0499036398884976	0.168416826322366	2573944.0	1260775.0
2-3_C10_HLF	HLF	plate2	plate2-rep3	12.2544288940199	9.57246752511849	9.21092593182486	6.73402891118029	8.43432301810303	107.0	132.0	0.0615435685361293	0.148650728862974	551129.0	186470.0
2-3_D02_CAPN1	CAPN1	plate2	plate2-rep3	13.0919346363454	10.7778855577363	9.46589123450208	6.70999005904067	8.42667594534117	99.0	111.0	0.0414169238181547	0.132415660141608	2556916.0	1418451.0
2-3_D03_GPR37	GPR37	plate2	plate2-rep3	13.0104628474406	10.0272657692952	9.25615631997379	7.01794442484039	8.4206042359875	140.0	131.0	0.0614823875129532	0.156405164514786	927682.0	452184.0
2-3_D04_SDC1	SDC1	plate2	plate2-rep3	12.9006432042979	11.3781636126891	8.74003712012192	6.90338435739981	8.50203467129963	102.0	158.0	0.0422634206310058	0.190811328613078	3311153.0	1316862.0
2-3_D05_SLC45A4	SLC45A4	plate2	plate2-rep3	12.9831313751491	10.6128691483507	9.20888548103632	6.94619696015828	8.54947368714407	103.0	125.0	0.0601720142704737	0.156891295293628	1703525.0	787715.0
2-3_D06_LIPH	LIPH	plate2	plate2-rep3	12.9042559229573	11.3413466051945	9.09233386534794	6.84968130162228	8.17795714682871	139.0	128.0	0.0437341550709509	0.112538275718451	7782238.0	4602530.0
2-3_D08_WNT9B	WNT9B	plate2	plate2-rep3	12.8594936452613	10.6567328461892	9.68838639947949	6.81677052645082	8.38389012324141	112.0	146.0	0.0449563416042429	0.165828738025823	3507387.0	1651326.0
2-3_D09_SPNS1	SPNS1	plate2	plate2-rep3	13.1512713529207	11.9181284599693	8.27306503770778	6.89034626818915	8.61403696101786	106.0	145.0	0.0429287642580463	0.193869387755102	3130066.0	1345596.0
2-3_D10_HIF1A	HIF1A	plate2	plate2-rep3	12.9703559269878	10.7161328028812	9.01082527420665	7.11280194661295	8.47962076405794	110.0	133.0	0.0901526275337547	0.163451062057476	3936330.0	2070923.0
2-3_D11_ETV5	ETV5	plate2	plate2-rep3	12.9104434015065	10.1140421142615	10.0676117773889	6.67877661105312	8.38209398675289	93.0	114.0	0.0568295229027336	0.12658908788005	1659740.0	914207.0
2-3_E02_MECOM	MECOM	plate2	plate2-rep3	13.2799698601271	11.1035668156945	8.00845975518913	6.50463175885587	8.44482201285694	96.0	109.0	0.0228802687376443	0.123949187838401	1491424.0	1239845.0
2-3_E04_TOLLIP	TOLLIP	plate2	plate2-rep3	13.1157674206433	10.8373666546297	8.95103847875461	6.71320911685426	8.27828186562547	107.0	130.0	0.0343901877110267	0.138268221574344	1364494.0	671280.0
2-3_E05_CXADR	CXADR	plate2	plate2-rep3	13.0034259867265	10.7679013334962	9.76652040053801	6.89704384561257	8.25190819989485	114.0	124.0	0.140116014515198	0.127401915868388	2471223.0	1148340.0
2-3_E06_FGFR2	FGFR2	plate2	plate2-rep3	13.2010181063367	11.0892744593826	8.74680583776471	6.7423947043923	8.24779438754319	88.0	114.0	0.0491484366336672	0.111928029987505	7089752.0	4407722.0
2-3_E07_LRP6	LRP6	plate2	plate2-rep3	13.066801141342	10.7149126305576	9.55370759870416	6.73460322738236	8.44375873062024	96.0	152.0	0.0309564027852661	0.172235235318617	10577206.0	5064721.0
2-3_E08_CHRNA3	CHRNA3	plate2	plate2-rep3	12.9904359467508	11.1845996437534	8.87821282858066	6.88420252935143	8.47728460277392	111.0	127.0	0.0595592480852252	0.154189587671803	1913666.0	928974.0
2-3_E09_SH2B1	SH2B1	plate2	plate2-rep3	12.8334340396423	10.9641523710608	9.04485705784088	7.10079181569003	8.42664827062302	137.0	147.0	0.0490812809011965	0.162156434818825	2563441.0	1229978.0
2-3_E10_ROS1	ROS1	plate2	plate2-rep3	12.9400478266117	9.97236402640381	9.76542939668083	6.93638453756941	8.26153872685916	107.0	112.0	0.0417907016316214	0.130971761765931	3271676.0	1571779.0
2-3_E11_CSF3R	CSF3R	plate2	plate2-rep3	12.8526007731103	10.6275180643358	9.35522838811041	6.85973838465214	8.51053828352618	110.0	130.0	0.0404055250287742	0.15693527696793	2607085.0	1281446.0
2-3_F03_DSP	DSP	plate2	plate2-rep3	13.1737543957512	9.58629221928809	9.62439783890242	6.75391029101297	8.23911538683187	120.0	134.0	0.0385194287986724	0.130745022907122	1639919.0	1004711.0
2-3_F04_MTUS1	MTUS1	plate2	plate2-rep3	13.0271821469248	10.1026368574633	10.1598183890183	6.78212905297882	8.39326710873921	107.0	149.0	0.0581590152149557	0.156796501457726	2109488.0	945318.0
2-3_F05_EPCAM	EPCAM	plate2	plate2-rep3	12.9913059674388	10.3710482438438	9.20316745803123	6.86462580382659	8.23930030054591	136.0	144.0	0.0417261747712403	0.138094627238651	1532857.0	723039.0
2-3_F06_FZD7	FZD7	plate2	plate2-rep3	12.992243026949	10.5556666287774	9.32820800467779	6.82458042984756	8.50639000640426	97.0	130.0	0.0385734401706951	0.151738942107455	9713107.0	4654322.0
2-3_F07_FZD1	FZD1	plate2	plate2-rep3	12.9956773235418	10.878659452129	9.13307817644959	6.7505873980887	8.28957131740659	121.0	168.0	0.0391625465071372	0.162714035818409	12573062.0	5790625.0
2-3_F08_SYT4	SYT4	plate2	plate2-rep3	12.8939797775317	10.3196571772757	9.45735644020788	6.86964038898709	8.28069304690508	108.0	114.0	0.0794249175012141	0.119862557267805	2588006.0	1373410.0
2-3_F09_TLN1	TLN1	plate2	plate2-rep3	12.9193515198982	11.5094444583948	8.9812817671775	6.86563228084803	8.55394104318447	86.0	106.0	0.058241944179964	0.137679300291545	2286482.0	1140229.0
2-3_F10_LRP2	LRP2	plate2	plate2-rep3	12.7081477221918	10.4571964563324	9.86740204532051	7.0519604737183	8.53249896484963	117.0	152.0	0.0697991828509592	0.196233236151603	3826595.0	1933358.0
2-3_F11_BAP1	BAP1	plate2	plate2-rep3	12.95176116602	11.6127091081238	8.37942869270669	6.76692945410312	8.45256769023156	80.0	96.0	0.0248832302815474	0.122627072053311	2494021.0	1345838.0
2-3_G02_TERT	TERT	plate2	plate2-rep3	13.1932422014304	10.712153777905	9.22578625612368	6.94541974810366	8.56269141566852	100.0	129.0	0.0715935075462968	0.166258558933778	2071220.0	1227458.0
2-3_G03_LRP5	LRP5	plate2	plate2-rep3	13.1728145490743	10.2844141931428	9.30335215925963	6.68702930064628	8.26201235962913	119.0	115.0	0.0490908404360677	0.118651228654727	1651001.0	921944.0
2-3_G05_FZD6	FZD6	plate2	plate2-rep3	13.1709785978387	10.0221368929056	9.28146962739596	6.99723182220625	8.37944166628292	105.0	135.0	0.0484546533903846	0.152940108288213	1967044.0	1125137.0
2-3_G06_MYRF	MYRF	plate2	plate2-rep3	13.0531425385802	10.4714506713435	9.25258357416087	6.85421276618215	8.30921354099202	94.0	121.0	0.0490162760640718	0.13181674302374	12185961.0	5611970.0
2-3_G07_FZD4	FZD4	plate2	plate2-rep3	12.9682432685407	11.5226536314772	9.05116380155681	6.80662185732399	8.36762659060557	100.0	119.0	0.0429244624673542	0.129090545605998	13178637.0	7261526.0
2-3_G08_SYT11	SYT11	plate2	plate2-rep3	12.9967210679217	10.2955990360079	9.64115512972968	6.8875553332723	8.48047659421657	116.0	129.0	0.0500993713649869	0.169039233652645	2924540.0	1469982.0
2-3_G09_DMBT1	DMBT1	plate2	plate2-rep3	13.066479774359	10.8198383418734	9.42306262597819	6.86625909946457	8.2991214469053	103.0	126.0	0.0522662789319323	0.134776176593086	2973454.0	1579715.0
2-4_B03_ACOXL	ACOXL	plate2	plate2-rep4	12.3481689857166	10.4096459060004	8.50628380314476	6.7169087875577	8.18259579708115	112.0	128.0	0.0402642829010512	0.118995251978342	519947.0	224250.0
2-4_B06_LNX2	LNX2	plate2	plate2-rep4	12.3672974939329	11.2380931045051	7.93878616045304	6.79632489710663	8.23785862696583	92.0	121.0	0.0384489272289967	0.122589920866306	581584.0	195992.0
2-4_B07_CHRNA5	CHRNA5	plate2	plate2-rep4	12.2114932137574	10.5127272941403	8.19661170207073	6.82642535430495	8.25400984702153	117.0	142.0	0.0538985695112019	0.159846897126197	3015472.0	928192.0
2-4_B08_MARCKS	MARCKS	plate2	plate2-rep4	12.412400078633	11.1048140048439	8.65150180275598	6.75972519562953	8.32106736956662	116.0	149.0	0.0634557144987554	0.14308654727197	810051.0	375233.0
2-4_B10_IL4RA	IL4RA	plate2	plate2-rep4	12.1197487160833	10.6427285372149	8.77493914416319	6.70986897497842	8.21355687171845	94.0	117.0	0.039456263216057	0.12540508121616	1972807.0	651087.0
2-4_C02_NAV2	NAV2	plate2	plate2-rep4	12.6124769799511	11.4685411560587	8.5936014418411	6.76664583815423	8.36939472569322	122.0	149.0	0.0467623767297978	0.176539275301958	3629811.0	1612137.0
2-4_C03_ATP11A	ATP11A	plate2	plate2-rep4	12.38191923832	10.7221258390258	8.99787293801327	6.58840969445664	8.35841805845941	96.0	113.0	0.025201323804389	0.136671053727613	1070804.0	320537.0
2-4_C04_PATJ	PATJ	plate2	plate2-rep4	12.6563564733352	10.6993237536268	8.91024710382454	6.85294200645968	8.33736744951622	115.0	149.0	0.0757442575874028	0.160040149937526	1095153.0	386542.0
2-4_C05_MEGF6	MEGF6	plate2	plate2-rep4	12.1245327111405	10.726133323499	8.5967794227993	6.86675878573421	8.51775542390007	116.0	157.0	0.046287984811811	0.191479716784673	482392.0	155403.0
2-4_C06_SNX30	SNX30	plate2	plate2-rep4	12.5289235728029	11.3366240685882	8.59708167324673	7.20640850600079	8.39387327785832	133.0	146.0	0.0793608686175765	0.154819991670137	1805644.0	749123.0
2-4_C07_CHAT	CHAT	plate2	plate2-rep4	12.2398836197376	11.6964242928143	8.57005014011426	7.25514340101601	8.58066182958949	138.0	139.0	0.0904597275914943	0.183322615576843	465982.0	191485.0
2-4_C08_WNT7B	WNT7B	plate2	plate2-rep4	11.9684317891583	11.6618205488692	8.95860890331998	7.33007750277967	8.30319842990848	146.0	155.0	0.165274081424294	0.172608746355685	995710.0	301956.0
2-4_D02_CAPN1	CAPN1	plate2	plate2-rep4	12.6949647737126	11.5894253883436	8.72630328122003	6.74479397707487	8.44514255635283	97.0	145.0	0.033318802840329	0.167640483132028	3975359.0	1662759.0
2-4_D03_GPR37	GPR37	plate2	plate2-rep4	12.1688724651223	10.8295042711772	8.93192413315881	7.00153488974757	8.45131705991967	110.0	156.0	0.14880109093412	0.180641232819658	1547342.0	372782.0
2-4_D04_SDC1	SDC1	plate2	plate2-rep4	12.6423376242658	11.6315069800875	8.49228127308852	7.02426079941056	8.58403018690642	115.0	137.0	0.0586845506445038	0.184966763848396	3524735.0	1052667.0
2-4_D05_SLC45A4	SLC45A4	plate2	plate2-rep4	12.3363604470209	10.3427666347518	8.83911664039283	6.82572703402762	8.32730929194008	108.0	165.0	0.0453191259526076	0.176897625989171	699969.0	151289.0
2-4_D06_LIPH	LIPH	plate2	plate2-rep4	12.424785389867	10.5371239462045	9.42898041106866	7.11029772125156	8.50026348868541	135.0	150.0	0.158209107177681	0.184492628071637	713912.0	188812.0
2-4_D08_WNT9B	WNT9B	plate2	plate2-rep4	12.3895783912988	10.8562518524526	8.70655338344563	7.01818897807529	8.46634438612619	123.0	142.0	0.0917086808224259	0.181555685131195	795309.0	293208.0
2-4_D09_SPNS1	SPNS1	plate2	plate2-rep4	12.4689317271249	11.4632640553295	7.95215116965181	6.93401859475194	8.50153399648256	115.0	156.0	0.0535496464884005	0.174299375260308	905761.0	135224.0
2-4_D10_HIF1A	HIF1A	plate2	plate2-rep4	12.2839799936522	10.694811606796	8.76279105803753	6.94083794872693	8.43992822010422	121.0	127.0	0.0746731117050769	0.151369929196168	1191133.0	264301.0
2-4_E02_MECOM	MECOM	plate2	plate2-rep4	12.7173108666242	11.3839538971436	7.99429790079539	6.89654060876509	8.45124361583272	92.0	112.0	0.0358288977091531	0.130993919200333	721458.0	363109.0
2-4_E04_TOLLIP	TOLLIP	plate2	plate2-rep4	12.4545531978635	11.0120560393735	8.72354838606582	6.84563823438969	8.27077635681435	110.0	127.0	0.0393597119138571	0.12854110787172	1587549.0	377028.0
2-4_E05_CXADR	CXADR	plate2	plate2-rep4	12.7329420861739	11.5564720443549	8.49105887499641	6.8857435844233	8.51318751892769	96.0	111.0	0.0480667752629828	0.148848146605581	1457659.0	493456.0
2-4_E07_LRP6	LRP6	plate2	plate2-rep4	12.4667067532847	10.8353614158234	8.72590523005683	6.88878561513012	8.25777274252332	118.0	110.0	0.159929106489395	0.116645397750937	1081255.0	295066.0
2-4_E08_CHRNA3	CHRNA3	plate2	plate2-rep4	12.5859824524322	11.6338698095671	8.35292054961821	6.98093701225754	8.54295485873923	108.0	127.0	0.062885488243684	0.188118117451062	2302905.0	549345.0
2-4_E09_SH2B1	SH2B1	plate2	plate2-rep4	12.7534426506843	10.8851009871961	9.05735206853347	6.84780599808422	8.41496087284297	108.0	117.0	0.0777333578057426	0.152999583506872	641439.0	203880.0
2-4_F03_DSP	DSP	plate2	plate2-rep4	12.1798364062065	10.5293966411469	8.89686821328258	7.23909729494284	8.40691858195349	141.0	155.0	0.142304670023975	0.17808296543107	1732083.0	424720.0
2-4_F04_MTUS1	MTUS1	plate2	plate2-rep4	12.6510377825729	11.004110945325	8.95386325113311	7.235040625404	8.35207781009137	137.0	123.0	0.0791137546411542	0.163193502707205	3712481.0	991872.0
2-4_F05_EPCAM	EPCAM	plate2	plate2-rep4	12.4519900836107	10.893823505597	8.74164248299357	6.79281972474689	8.36347899134257	99.0	152.0	0.0382921508571079	0.165105539358601	971128.0	196426.0
2-4_F06_FZD7	FZD7	plate2	plate2-rep4	12.5553688587337	11.0687873371703	8.60407193939886	6.85578092012668	8.3570403490855	93.0	133.0	0.0379243477529357	0.147076051645148	798350.0	268374.0
2-4_F07_FZD1	FZD1	plate2	plate2-rep4	12.2918721580254	11.3153527331655	8.92901389738504	6.73263395875734	8.39691684556703	125.0	123.0	0.0423281864797586	0.141468388171595	1394522.0	349389.0
2-4_F08_SYT4	SYT4	plate2	plate2-rep4	12.2943344940383	10.3524378444663	9.26103550669103	6.72256952624411	8.3295197746575	123.0	130.0	0.0442976896516123	0.142060807996668	839565.0	212740.0
2-4_F09_TLN1	TLN1	plate2	plate2-rep4	12.3971750790087	10.9801068105866	8.75347441193878	7.10209758011861	8.45669603029579	92.0	132.0	0.0505747192364608	0.144740191586839	625756.0	174496.0
2-4_F10_LRP2	LRP2	plate2	plate2-rep4	12.7244026802542	10.7809067576266	8.99303655239948	6.75897340207142	8.34865202880582	113.0	128.0	0.0411535586324512	0.145634652228238	2262176.0	785768.0
2-4_G02_TERT	TERT	plate2	plate2-rep4	12.3649762220465	11.0869383936745	7.72750448163415	6.94328246234761	8.58681088681294	96.0	108.0	0.0488936750293478	0.174744189920866	1240631.0	196855.0
2-4_G04_FZD5	FZD5	plate2	plate2-rep4	12.5381986719618	10.3677403045587	8.92182588062343	6.74146192525383	8.25705339405278	120.0	118.0	0.0391635024606243	0.123789421074552	1706011.0	511617.0
2-4_G05_FZD6	FZD6	plate2	plate2-rep4	12.3679162695011	10.8714466513228	8.86320529731286	6.87478650108636	8.27083840031093	111.0	132.0	0.0792588205828257	0.137240316534777	1335165.0	318914.0
2-4_G06_MYRF	MYRF	plate2	plate2-rep4	12.0764170645355	11.2969865361551	8.81093453626601	6.90531008223008	8.26814222617533	120.0	133.0	0.152098652487965	0.123536193252811	3379094.0	750015.0
2-4_G07_FZD4	FZD4	plate2	plate2-rep4	12.6724943007503	11.4694584635124	8.70658997018673	6.75566160886848	8.30173990657738	115.0	138.0	0.0718363197320271	0.141433902540608	3883764.0	1349873.0
2-4_G08_SYT11	SYT11	plate2	plate2-rep4	12.4903282198868	11.5744157256583	8.33544833894712	6.87919041378371	8.38118601442371	99.0	116.0	0.0525506750943526	0.134127780091628	2111958.0	547030.0
2-4_G09_DMBT1	DMBT1	plate2	plate2-rep4	12.2862698898601	10.9331379230661	8.17265291387806	6.89918594646813	8.30167227502219	102.0	116.0	0.0393525422627037	0.126525614327364	970175.0	201780.0
3-1_B02_KIDINS220	KIDINS220	plate3	plate3-rep1	13.0017640207789	10.0782418556108	7.81835391160629	6.15081115701992	8.55636670570592	18.0	20.0	0.0046131925405037	0.0444887963348605	706525.0	399216.0
3-1_B03_CD81	CD81	plate3	plate3-rep1	12.0839172969081	10.4032552795441	9.51311922825065	6.48171817416349	8.53352123976477	99.0	148.0	0.026677554976885	0.184941274468971	2548415.0	726678.0
3-1_B06_TGIF1	TGIF1	plate3	plate3-rep1	12.6903301921003	10.2179209005984	7.98975394691691	6.22270486101548	7.97290068911213	75.0	115.0	0.0151805413755788	0.101098042482299	530827.0	268173.0
3-1_B07_CELSR1	CELSR1	plate3	plate3-rep1	11.6237160317968	10.7755092413228	9.20344549388038	6.85388414576055	8.75646266484584	116.0	174.0	0.0458487241844761	0.241818742190754	898815.0	268830.0
3-1_B08_PI4K2B	PI4K2B	plate3	plate3-rep1	11.9819656183519	10.8436832214787	9.04456132828107	6.71701048763842	8.65408128641311	124.0	172.0	0.0478578994260455	0.241690962099125	1717101.0	327203.0
3-1_B09_MAP2K2	MAP2K2	plate3	plate3-rep1	11.8018966212407	11.0068832786902	9.71346246908306	6.84196780851875	8.63351275286234	118.0	180.0	0.0465558907765784	0.232171761765931	916768.0	295241.0
3-1_C02_ITGB6	ITGB6	plate3	plate3-rep1	12.2276286958431	10.9799359692546	8.45717960544551	6.84651779367691	8.72173031349708	98.0	115.0	0.037469552881435	0.201092544773011	4672438.0	856721.0
3-1_C03_EGFR	EGFR	plate3	plate3-rep1	12.0784468822319	9.76537727771172	9.59166228789276	6.7894137101483	8.87223485219904	100.0	127.0	0.034363660001759	0.208170428987922	719452.0	186908.0
3-1_C04_DRAM1	DRAM1	plate3	plate3-rep1	10.742484051708	9.44834422992616	9.63195294593383	6.75185829212862	8.27117331371992	89.0	114.0	0.0321267288418815	0.117611162015827	457246.0	307126.0
3-1_C05_CSNK1A1	CSNK1A1	plate3	plate3-rep1	13.1470831993974	11.1625403986195	7.9244171458948	5.58950610546415	6.75526340290737	33.0	38.0	0.002487151985133	0.0320674718867139	658178.0	488960.0
3-1_C10_MAP3K7	MAP3K7	plate3	plate3-rep1	12.390348442587	11.1231694271953	9.07140340745205	6.67581304885636	8.83677614874872	92.0	164.0	0.0293872051361469	0.250101957517701	1158771.0	276567.0
3-1_C11_CISH	CISH	plate3	plate3-rep1	11.623092250854	10.5716483735732	9.53131880554597	6.73942478800149	8.76448035295957	110.0	162.0	0.0366813692312987	0.234701874219075	809906.0	186429.0
3-1_E05_CSNK2A1	CSNK2A1	plate3	plate3-rep1	11.4245535686704	10.0025063928306	9.60145013679339	6.32545702005917	8.94177370794841	64.0	111.0	0.0131524860526386	0.239818908788005	560203.0	174213.0
3-1_E11_CCN2	CCN2	plate3	plate3-rep1	11.6766668888558	9.98320646575764	9.83104503732309	6.91418335053827	8.54185270515728	146.0	145.0	0.0495709680749773	0.190053311120367	2061585.0	246760.0
3-1_F06_TINAG	TINAG	plate3	plate3-rep1	11.7896220989797	10.8959081070348	9.5082453371037	6.75143527552	8.71699765145155	96.0	165.0	0.0398137898202425	0.236915285297793	909208.0	202229.0
3-1_F07_AREG	AREG	plate3	plate3-rep1	12.0827193878812	10.6748129824794	10.2671565634272	6.7990428286952	8.77345640494511	107.0	155.0	0.0365162282663975	0.239033902540608	1571370.0	408995.0
3-1_F08_TSPAN11	TSPAN11	plate3	plate3-rep1	12.0319255786888	9.47324394706856	10.3143930467355	6.78554895511591	8.68017632673492	123.0	163.0	0.0495396605982739	0.236999083715119	827670.0	192912.0
3-1_F09_MAP3K1	MAP3K1	plate3	plate3-rep1	12.2202627755071	10.6067899529979	9.69607069338634	6.63126819949534	8.74332827538518	110.0	150.0	0.0383461622291306	0.235387088713036	1768188.0	388304.0
3-1_F10_MAPK1	MAPK1	plate3	plate3-rep1	11.8341225062837	9.57672732796465	10.0229451675461	6.35643065834317	8.60026687566435	89.0	135.0	0.020872049449562	0.166652061640983	1721378.0	345733.0
3-1_F11_BMP2	BMP2	plate3	plate3-rep1	11.4896936423019	10.7597448517819	9.46051464143963	7.03240140772244	8.74051212322023	111.0	166.0	0.0589156524000168	0.225205331112037	3290897.0	556018.0
3-1_G02_ERBB3	ERBB3	plate3	plate3-rep1	13.1300826609996	10.3942652942716	8.91510757264305	6.17562124409519	8.13487110778783	50.0	81.0	0.0082921795357125	0.0824703040399833	1972636.0	1267758.0
3-1_G03_SOCS2	SOCS2	plate3	plate3-rep1	12.1873194813471	9.51746247443982	9.6173758013713	6.71135023374107	8.75994198958102	82.0	120.0	0.0270699738833507	0.191386422324032	3822973.0	870807.0
3-1_G04_SOAT1	SOAT1	plate3	plate3-rep1	12.1145648272913	10.3124759534788	9.93362473487696	6.57506028262935	8.71399088298922	80.0	134.0	0.0219178625644791	0.185494710537276	5660367.0	1427638.0
3-1_G05_VANGL2	VANGL2	plate3	plate3-rep1	11.997523872559	10.2885716750106	10.145318745568	6.7227510342848	8.72484099134242	92.0	130.0	0.042360688898321	0.198024156601416	1842624.0	318124.0
3-1_G06_IRF4	IRF4	plate3	plate3-rep1	11.873844100458	10.4716511705372	9.6419447966948	6.50817427752568	8.98664978300492	78.0	130.0	0.0208715714728184	0.23999850062474	3139244.0	648031.0
3-1_G07_ATP6V0E	ATP6V0E	plate3	plate3-rep1	11.9808802743615	9.4413846696712	9.58963602535289	6.73576026486939	8.81148596099701	72.0	115.0	0.029425443275632	0.198579591836735	1376705.0	641482.0
3-1_G09_MAP3K2	MAP3K2	plate3	plate3-rep1	11.7604395823297	10.1514197676435	9.94291579506058	6.64153287364094	8.8468151515321	74.0	149.0	0.0233697169230534	0.233428571428571	1860510.0	460363.0
3-2_B02_KIDINS220	KIDINS220	plate3	plate3-rep2	12.6619592143142	10.6421570519031	7.8905996417738	6.16460862172891	8.54937072737332	19.0	13.0	0.0053891877836792	0.0352521449396085	1375282.0	387769.0
3-2_B06_TGIF1	TGIF1	plate3	plate3-rep2	12.4106854698426	9.82987476397843	8.14973152735855	6.30246697139697	8.50105211334794	76.0	107.0	0.0176531150700332	0.139461890878801	1891298.0	398863.0
3-2_B07_CELSR1	CELSR1	plate3	plate3-rep2	11.8925743423871	9.62967215256452	10.4571926817972	6.9556318381873	8.70706227335984	97.0	170.0	0.0420428343638512	0.226832986255727	2915830.0	820814.0
3-2_B08_PI4K2B	PI4K2B	plate3	plate3-rep2	12.003323085199	9.40140948425482	9.53564184748115	6.80634339943158	8.74354979365501	122.0	177.0	0.0555504571369575	0.255576009995835	4682123.0	560240.0
3-2_B10_MAP3K5	MAP3K5	plate3	plate3-rep2	11.2143826299455	8.96734717660247	9.90269580363736	6.86677655139888	8.70362607060038	125.0	150.0	0.0474922472172194	0.211227155351937	927915.0	176549.0
3-2_C02_ITGB6	ITGB6	plate3	plate3-rep2	12.269522862012	10.6653839169902	8.56712375362594	6.87230513835334	8.72490381445811	130.0	136.0	0.0500162034116068	0.229419241982507	3106391.0	650042.0
3-2_C04_DRAM1	DRAM1	plate3	plate3-rep2	11.1598698462104	9.94271634884951	9.63012044639143	6.82508840958672	8.50781416525028	83.0	120.0	0.0312235917849181	0.136996584756352	402022.0	205777.0
3-2_C05_CSNK1A1	CSNK1A1	plate3	plate3-rep2	13.1648704738811	10.1847511515468	8.89882556833586	5.82109832577434	6.91580944438796	20.0	30.0	0.0022369311598774	0.0163310287380258	549121.0	324446.0
3-2_C06_ADK	ADK	plate3	plate3-rep2	11.9545065768277	9.5325092512332	10.0350738368319	6.69012601743429	8.75140826808709	108.0	138.0	0.0415251855505719	0.199375093710954	2591732.0	528625.0
3-2_C07_GNAI2	GNAI2	plate3	plate3-rep2	11.6079993040925	8.62107526071869	10.1075800063835	6.88606420817306	8.63762495456229	112.0	162.0	0.045645106091718	0.196593086214077	4664960.0	592908.0
3-2_C08_OCIAD2	OCIAD2	plate3	plate3-rep2	11.7570868112666	9.16292891072918	9.86997441388431	6.7060383428383	8.7060531232652	95.0	165.0	0.0319348211793407	0.23065022907122	1612621.0	263957.0
3-2_C10_MAP3K7	MAP3K7	plate3	plate3-rep2	12.1532386773797	9.91861333863305	8.94468750587003	6.64268057150046	8.75945314411441	109.0	151.0	0.0337169574677175	0.232024323198667	959181.0	141779.0
3-2_C11_CISH	CISH	plate3	plate3-rep2	12.1934091713345	10.9651771460889	9.71827337019098	6.79947951535763	8.85433658419689	105.0	155.0	0.0461486545910622	0.235451228654727	6916215.0	2061123.0
3-2_D02_SLC22A3	SLC22A3	plate3	plate3-rep2	11.7147967212462	8.49125856196426	10.9031580040472	6.90344378862467	8.739951561533	103.0	134.0	0.0415306822831228	0.204775010412328	4659854.0	762910.0
3-2_D03_ERBB2	ERBB2	plate3	plate3-rep2	12.2924303910935	9.56875864135945	9.09902575430687	6.51554607812875	8.24773363089357	95.0	137.0	0.0250027244674383	0.143412578092461	496243.0	97637.0
3-2_D04_EGFL6	EGFL6	plate3	plate3-rep2	12.3478013226665	9.67277048476718	11.0072357058784	6.80690500416003	8.66353843849048	120.0	164.0	0.0476588221123513	0.227941357767597	3435545.0	968637.0
3-2_D05_CSNK2A1	CSNK2A1	plate3	plate3-rep2	11.2515765635324	7.7453975200182	10.2978957860064	6.62724585850109	9.01155785118266	93.0	125.0	0.0288184128113063	0.283825572678051	1641474.0	436469.0
3-2_D06_ANK3	ANK3	plate3	plate3-rep2	11.4726810386662	7.90643064154238	10.1543295305625	6.88374929260969	8.70040456482946	100.0	148.0	0.0380481437295187	0.218461807580175	1936415.0	222096.0
3-2_D08_ELOVL1	ELOVL1	plate3	plate3-rep2	12.4711425785375	8.12122925697916	9.88606624116322	6.61728765487845	8.77633345733713	95.0	155.0	0.0305546633323009	0.236693377759267	1722794.0	228644.0
3-2_D09_MAP2K3	MAP2K3	plate3	plate3-rep2	11.8341080882636	8.64994592970474	10.7141537141251	7.17451896600189	8.70199485512318	177.0	181.0	0.0747154126468823	0.256380341524365	2283663.0	610592.0
3-2_D10_MAP4K3	MAP4K3	plate3	plate3-rep2	12.0440544127208	9.21759714471047	10.330718699192	6.94492032704831	8.74207783080522	107.0	161.0	0.0547249913008233	0.225048229904207	1220181.0	248483.0
3-2_D11_ELF5	ELF5	plate3	plate3-rep2	11.9579618490466	10.8052162288293	9.18084408839892	7.08913748601973	8.73978946432608	112.0	146.0	0.056484184705509	0.209547521865889	2633176.0	701390.0
3-2_E02_TLR2	TLR2	plate3	plate3-rep2	12.1609061032466	9.66471782044832	9.90335646535114	6.4363991178743	8.67641015901524	75.0	120.0	0.0175948019073184	0.154484131611828	3221033.0	344011.0
3-2_E04_CTSH	CTSH	plate3	plate3-rep2	12.417025579707	9.35670248479864	10.3734972315331	6.78615697077398	8.74149322523597	92.0	152.0	0.0339755428859853	0.206579591836735	5275484.0	1478858.0
3-2_E05_CSNK2A1	CSNK2A1	plate3	plate3-rep2	11.4046559005077	8.45393141803049	10.1539740044501	6.36236776585775	8.43759719688909	67.0	109.0	0.0161436645138594	0.178749354435652	2394070.0	294706.0
3-2_E06_MYO5C	MYO5C	plate3	plate3-rep2	12.3974352904209	9.19513677688986	10.5957329572124	6.74268503703015	8.66927147732656	112.0	154.0	0.0364289975106971	0.211735443565181	4509615.0	1303213.0
3-2_E07_GNAI1	GNAI1	plate3	plate3-rep2	11.6512851141099	9.53931580255973	9.58705343094039	6.79281974934364	8.68351710141374	100.0	152.0	0.0348872835243328	0.203656309870887	1450744.0	189688.0
3-2_E08_ANTXR1	ANTXR1	plate3	plate3-rep2	11.441461233535	9.1354660119365	9.5234849088516	6.70139798824849	8.75535162556326	98.0	134.0	0.0335857528516093	0.20486397334444	806942.0	97636.0
3-2_E10_MAP4K4	MAP4K4	plate3	plate3-rep2	12.279871954023	9.61575466111098	10.152682561324	6.72597465048182	8.8878387505844	109.0	152.0	0.0354207055701498	0.233160849645981	1976898.0	361624.0
3-2_E11_CCN2	CCN2	plate3	plate3-rep2	11.4949193184219	9.73701670502104	10.3380755958426	6.70438978788175	8.69099722302027	114.0	157.0	0.0376538129160788	0.221308621407747	3522960.0	476971.0
3-2_F03_ERBB4	ERBB4	plate3	plate3-rep2	11.9781008013646	8.48484995257306	10.747691256511	6.86997267728943	8.69323263275816	141.0	151.0	0.053487748500109	0.212809162848813	2612091.0	376011.0
3-2_F04_SLC39A8	SLC39A8	plate3	plate3-rep2	11.9553399681061	9.68775548798181	10.3492043124691	6.92424822153467	8.80112321012784	115.0	152.0	0.0444355859421304	0.216107788421491	2381992.0	709913.0
3-2_F05_VANGL1	VANGL1	plate3	plate3-rep2	11.7929899233293	8.48500253821662	10.2794814408781	6.76876813552298	8.76712714982262	108.0	133.0	0.0390753157514368	0.200810329029571	1201139.0	197157.0
3-2_F06_TINAG	TINAG	plate3	plate3-rep2	11.5250358426913	8.69900037864283	9.89529052675475	6.81194099267219	8.59623601096053	156.0	182.0	0.0527526202685082	0.233339941690962	2404134.0	333711.0
3-2_F07_AREG	AREG	plate3	plate3-rep2	12.1546244156397	9.59672782400171	10.0093376818383	6.66162206779325	8.70582412632039	122.0	148.0	0.0366734826150299	0.20290762182424	3638917.0	993663.0
3-2_F08_TSPAN11	TSPAN11	plate3	plate3-rep2	12.0832261128955	9.33877275034911	10.2407079084054	6.85264531520449	8.69062178667666	127.0	180.0	0.0491219089243994	0.243184839650146	2250273.0	531168.0
3-2_F11_BMP2	BMP2	plate3	plate3-rep2	11.5743581877156	10.743873696643	9.96861659443661	6.63053671394166	8.61166370627048	113.0	148.0	0.0385825217288228	0.199529029571012	3807558.0	887094.0
3-2_G02_ERBB3	ERBB3	plate3	plate3-rep2	13.1031163592281	10.8052862875805	8.88179763882004	6.30568084350638	8.02075018195067	52.0	89.0	0.0099940157311705	0.0773016243231987	1559163.0	843540.0
3-2_G03_SOCS2	SOCS2	plate3	plate3-rep2	12.5681338710743	9.95911991669121	9.63308376126344	6.67386465644138	8.9041851210383	81.0	118.0	0.0282957452422195	0.201716451478551	2259776.0	630535.0
3-2_G04_SOAT1	SOAT1	plate3	plate3-rep2	12.2023760313577	9.91018876842434	10.0992236467644	6.96611960109698	8.75410832997602	54.0	118.0	0.0300974785770824	0.182228071636818	5159421.0	1581504.0
3-2_G05_VANGL2	VANGL2	plate3	plate3-rep2	11.9686297896087	9.96350217748874	9.81698275032544	6.67234214456751	8.78014595841667	78.0	128.0	0.0266868755233845	0.18488296543107	5546858.0	1414571.0
3-2_G06_IRF4	IRF4	plate3	plate3-rep2	11.9328270130352	9.43521452066717	9.69738684906624	6.73047949125225	8.7207196711033	86.0	115.0	0.0290232258459232	0.179622990420658	2761455.0	550210.0
3-2_G07_ATP6V0E	ATP6V0E	plate3	plate3-rep2	11.7129087079376	7.50359080198989	10.2831646699924	6.8358561282352	8.68453710339163	68.0	111.0	0.0302528210187405	0.168248063306955	702445.0	132832.0
3-3_B06_TGIF1	TGIF1	plate3	plate3-rep3	12.6885745005543	9.90799852762154	7.73509654178787	6.20461485231288	8.57222781843928	83.0	156.0	0.0164342743739461	0.20582107455227	179316.0	120448.0
3-3_B07_CELSR1	CELSR1	plate3	plate3-rep3	11.5496885898968	9.52300841926267	9.04137154841443	7.32262459387542	8.86783041455062	166.0	174.0	0.089265263709329	0.266703206997085	618818.0	246053.0
3-3_B10_MAP3K5	MAP3K5	plate3	plate3-rep3	11.4626286082176	10.2266919430331	9.34310228568181	7.19280206678162	8.68479777419475	156.0	171.0	0.0706461576405538	0.233650645564348	765748.0	371222.0
3-3_C03_EGFR	EGFR	plate3	plate3-rep3	11.7209602329887	8.80130907574189	9.49032951497457	6.98271816421149	8.76505505946457	136.0	172.0	0.0561245072059774	0.242380341524365	394594.0	191302.0
3-3_C04_DRAM1	DRAM1	plate3	plate3-rep3	11.8973166802765	9.61533605136199	8.6108336234752	6.7242520762377	8.42538435491252	99.0	118.0	0.031448240854393	0.137497209496043	330140.0	276461.0
3-3_C05_CSNK1A1	CSNK1A1	plate3	plate3-rep3	12.3671810871617	10.8015730801539	7.86524471658255	5.605552842925	6.97099322049504	28.0	49.0	0.0022053846948022	0.0485837567680133	146999.0	303928.0
3-3_C06_ADK	ADK	plate3	plate3-rep3	11.8248625278539	10.2958769440404	9.18013077504484	6.87047860922937	8.81336829493708	117.0	157.0	0.049730134330584	0.244193252811329	258440.0	120382.0
3-3_C10_MAP3K7	MAP3K7	plate3	plate3-rep3	12.1104285193212	9.73963177342415	8.91946516619658	6.86509361054826	8.86172149175532	120.0	164.0	0.0476860667867344	0.26456443148688	754422.0	303674.0
3-3_C11_CISH	CISH	plate3	plate3-rep3	11.765127430756	10.8611770110218	8.2675979462726	6.79289106892838	8.83059642119706	100.0	152.0	0.0360504399297948	0.238907122032486	168713.0	86782.0
3-3_D03_ERBB2	ERBB2	plate3	plate3-rep3	11.9774416145037	9.86503859565056	7.09512566237865	6.44459284727319	8.32140638265746	121.0	136.0	0.0336318776073631	0.141698792169929	86112.0	68491.0
3-3_D04_EGFL6	EGFL6	plate3	plate3-rep3	11.7225134107194	9.03571331419026	9.62701856325901	6.87163488613194	8.82657340700772	122.0	146.0	0.0455397122197622	0.23292211578509	664192.0	283051.0
3-3_D06_ANK3	ANK3	plate3	plate3-rep3	11.5615294647933	8.40302001616358	9.63826394971755	6.81547046357626	8.78862171969168	100.0	134.0	0.0387906806006447	0.212212744689713	278623.0	163853.0
3-3_D08_ELOVL1	ELOVL1	plate3	plate3-rep3	12.448505010361	9.94523844704462	8.66286777143111	6.79373380106007	8.7642948315556	101.0	139.0	0.0427681640722089	0.259420241566014	928529.0	378838.0
3-3_D09_MAP2K3	MAP2K3	plate3	plate3-rep3	11.525855156599	8.53058189397049	9.62098370950142	7.28846150625985	8.73529614523364	168.0	176.0	0.0823814426485265	0.253343606830487	146983.0	74183.0
3-3_D11_ELF5	ELF5	plate3	plate3-rep3	11.6624656363817	10.7550694824052	8.17557151428701	6.89112189878426	8.90223558932164	147.0	162.0	0.0483853467625679	0.268376176593086	161581.0	76830.0
3-3_E02_TLR2	TLR2	plate3	plate3-rep3	11.870473860259	10.3080741089222	8.63131800012251	6.73078096166834	8.91807305900568	69.0	141.0	0.0278784715450885	0.233124531445231	323497.0	137870.0
3-3_E04_CTSH	CTSH	plate3	plate3-rep3	11.9841919152625	10.5191628196387	8.83533501503766	6.62308053183258	8.85856094888778	100.0	150.0	0.0311203488083084	0.226153769262807	878537.0	334835.0
3-3_E07_GNAI1	GNAI1	plate3	plate3-rep3	11.7851457371501	9.49422874096994	9.96115806151506	6.79040750367285	8.98004866425025	86.0	147.0	0.0332380247706668	0.259016243231987	796423.0	339997.0
3-3_E08_ANTXR1	ANTXR1	plate3	plate3-rep3	11.7570275460834	10.2233508679832	9.33704823367349	6.79809922175839	8.88827917307763	102.0	157.0	0.0338682371070553	0.24907205331112	848162.0	368084.0
3-3_E09_MAP2K4	MAP2K4	plate3	plate3-rep3	12.1829278803707	9.66993587319853	9.12916181111385	7.05312613937824	8.89129313831995	115.0	169.0	0.0567826811818644	0.283971511870054	191954.0	68265.0
3-3_E10_MAP4K4	MAP4K4	plate3	plate3-rep3	11.7423027041049	10.4549969298665	8.55817298497118	6.72604150007546	8.86096843618754	96.0	138.0	0.0373617691257614	0.232250562265723	144202.0	53802.0
3-3_E11_CCN2	CCN2	plate3	plate3-rep3	11.8101525619303	9.78916035786465	8.86970168883398	6.96084559593914	8.847386983422	97.0	157.0	0.0441891889308234	0.250483631820075	151260.0	72613.0
3-3_F03_ERBB4	ERBB4	plate3	plate3-rep3	11.542800773111	9.66589898729863	10.0267138779268	6.77554671424417	8.86826052496161	113.0	170.0	0.0410154233535613	0.250108121615993	702875.0	321068.0
3-3_F04_SLC39A8	SLC39A8	plate3	plate3-rep3	11.483539080562	8.46395419363721	10.1758445772487	6.82405700690675	8.86879459228994	114.0	156.0	0.041266600132304	0.259572178259059	882787.0	277491.0
3-3_F05_VANGL1	VANGL1	plate3	plate3-rep3	11.5665172517226	8.52311651566807	9.60566704561148	6.89322023496435	8.82987214259851	100.0	161.0	0.0437936631755245	0.249267305289463	197204.0	96848.0
3-3_F06_TINAG	TINAG	plate3	plate3-rep3	11.5392815001684	10.0603865243226	9.31631968608308	6.94287965981973	8.93358977132894	114.0	156.0	0.0457605374752886	0.249732111620158	255498.0	127306.0
3-3_F07_AREG	AREG	plate3	plate3-rep3	11.5688306795174	9.9289799243005	9.56842006665476	6.88910278492822	8.85376983034959	121.0	152.0	0.0548734030796998	0.241136693044565	494777.0	202922.0
3-3_F08_TSPAN11	TSPAN11	plate3	plate3-rep3	11.5394665908471	9.70433852858845	9.32182196264969	6.92354490834394	8.81462167069871	114.0	175.0	0.0445569920349955	0.266213244481466	165474.0	69201.0
3-3_F10_MAPK1	MAPK1	plate3	plate3-rep3	11.4005838097867	9.47259010078482	9.64665577585133	6.58163255787494	8.86406095748807	100.0	156.0	0.0274506823595991	0.232994585589338	301067.0	166555.0
3-3_F11_BMP2	BMP2	plate3	plate3-rep3	11.5398152367737	10.0224097213753	8.75437314923186	7.0318022479786	8.91344242933129	122.0	173.0	0.0549766460563095	0.259477217825906	221518.0	102205.0
3-3_G02_ERBB3	ERBB3	plate3	plate3-rep3	12.7260100057326	9.79212244141855	8.46841153986468	6.18313684628132	8.30972609115075	55.0	97.0	0.0085720349190689	0.108810662224073	143949.0	149605.0
3-3_G03_SOCS2	SOCS2	plate3	plate3-rep3	12.0056974718893	10.0044062370397	9.24495974911438	6.78294192970471	8.91095691482255	100.0	162.0	0.0407159709237187	0.260837317784257	750516.0	277755.0
3-3_G04_SOAT1	SOAT1	plate3	plate3-rep3	11.8253428671508	9.77498436113591	9.27402128254757	6.83819392563962	8.97329481894368	70.0	133.0	0.030141691425862	0.231931361932528	964860.0	461522.0
3-3_G05_VANGL2	VANGL2	plate3	plate3-rep3	11.4516251420905	9.57954930149547	9.53761931595875	6.70669366393335	8.84987792539909	83.0	144.0	0.0301187485421709	0.212555768429821	188548.0	86221.0
3-3_G07_ATP6V0E	ATP6V0E	plate3	plate3-rep3	11.6059183420165	9.70280475196133	8.77933771509048	6.82487945717881	8.8001790016302	66.0	121.0	0.029595125019597	0.215219325281133	548390.0	429922.0
3-3_G08_MAP2K1	MAP2K1	plate3	plate3-rep3	11.8200012668062	9.62303090079808	9.09588415244976	6.90088710977664	8.88136665417425	101.0	147.0	0.0495028563890195	0.23961449396085	966744.0	445643.0
3-4_B02_KIDINS220	KIDINS220	plate3	plate3-rep4	13.2358004522404	10.3969821500395	9.09559912303267	6.43939217025196	9.12232968640574	23.0	24.0	0.0069304237932999	0.0804534777176177	4931356.0	4409390.0
3-4_B03_CD81	CD81	plate3	plate3-rep4	12.029025372137	10.2458107142915	9.71837540058405	6.67569236715157	8.87150369322501	111.0	168.0	0.0346485341409228	0.286085464389838	6704185.0	1893552.0
3-4_B06_TGIF1	TGIF1	plate3	plate3-rep4	12.6179843045498	9.93174160274667	8.7850283559506	6.27990754301674	8.4065386863037	90.0	156.0	0.016749739024698	0.185875718450646	1576764.0	387886.0
3-4_B07_CELSR1	CELSR1	plate3	plate3-rep4	12.1313581265794	9.29805152413799	10.4578111597025	6.75543639978686	8.86276765586799	128.0	170.0	0.0439219999311714	0.274997917534361	6285672.0	1778721.0
3-4_B08_PI4K2B	PI4K2B	plate3	plate3-rep4	12.3276279499795	9.01878272406306	10.4982139452201	7.10602486097184	8.69303120865199	146.0	184.0	0.0563560869382339	0.252529279466889	6788090.0	2109875.0
3-4_B09_MAP2K2	MAP2K2	plate3	plate3-rep4	12.0441960856977	9.66570634684405	10.3908777654062	6.94460743325587	8.76107490381553	138.0	185.0	0.049260283191661	0.260471470220741	7211559.0	2494568.0
3-4_B10_MAP3K5	MAP3K5	plate3	plate3-rep4	11.7461976728573	9.54167820902956	10.2745871528404	7.14216609173538	8.75321119820233	156.0	204.0	0.0734576168461947	0.293187005414411	6922624.0	880420.0
3-4_B11_MAPK3	MAPK3	plate3	plate3-rep4	11.9049880290327	10.4826465395208	9.74216683374953	6.9330858393298	8.84327385234542	120.0	170.0	0.0485449909949182	0.271030237401083	6415681.0	1792829.0
3-4_C02_ITGB6	ITGB6	plate3	plate3-rep4	12.1904290699945	9.5711374912225	8.74085270368529	6.9098563932939	8.90384559555505	117.0	146.0	0.0480646243676368	0.259435235318617	1935033.0	232512.0
3-4_C03_EGFR	EGFR	plate3	plate3-rep4	11.4953596245471	9.10958573004226	10.1536575871698	6.92166613526209	8.8573635195291	119.0	168.0	0.0558491926016848	0.271528029987505	1741491.0	231560.0
3-4_C06_ADK	ADK	plate3	plate3-rep4	11.9777235199997	9.70691714259601	10.4050484826443	6.83701000718968	8.77067278600973	124.0	157.0	0.0473275842290617	0.238442648896293	1453334.0	517028.0
3-4_C07_GNAI2	GNAI2	plate3	plate3-rep4	11.342352832427	8.43935502236047	10.2977597504143	6.90573926533756	8.66909472580298	134.0	174.0	0.0445816078372891	0.225967513536027	1048161.0	243818.0
3-4_C08_OCIAD2	OCIAD2	plate3	plate3-rep4	11.893003510754	9.14863817769131	10.3797620051487	7.00877496579129	8.75905472209304	123.0	154.0	0.0594397538993343	0.229374760516451	3754330.0	971570.0
3-4_C10_MAP3K7	MAP3K7	plate3	plate3-rep4	12.0942772925041	10.1797077107644	9.34866538467515	6.79783134809185	8.78024630965709	118.0	159.0	0.0407281593306796	0.23072586422324	1695904.0	318572.0
3-4_D02_SLC22A3	SLC22A3	plate3	plate3-rep4	12.0828324743318	10.1679764585294	10.1492115805913	6.82489916543706	8.87754231158237	101.0	136.0	0.0417880727595318	0.220739358600583	3138693.0	694844.0
3-4_D03_ERBB2	ERBB2	plate3	plate3-rep4	12.8889709775598	9.97610601878743	9.52818196816072	6.4568077923936	8.3861029123989	112.0	135.0	0.0274363430572922	0.154174094127447	2216488.0	1340076.0
3-4_D04_EGFL6	EGFL6	plate3	plate3-rep4	11.9271374262202	8.55925152425238	10.7192220876283	6.68053332672167	8.7931343655032	104.0	170.0	0.0419826092941622	0.247551853394419	3042736.0	778228.0
3-4_D05_CSNK2A1	CSNK2A1	plate3	plate3-rep4	11.6595190780644	9.90895644039333	10.2454356980513	6.56823338289889	9.13152343796902	78.0	115.0	0.0221860075176182	0.271428904623074	4373459.0	1644301.0
3-4_D06_ANK3	ANK3	plate3	plate3-rep4	11.7869336170636	7.50257385247918	10.4380320541888	7.01019027767608	8.74119956092678	109.0	131.0	0.047733625472719	0.198611078717201	562093.0	221122.0
3-4_D08_ELOVL1	ELOVL1	plate3	plate3-rep4	12.6521467589695	8.55225777021915	9.94973433249901	6.61039277253188	8.92844942293105	110.0	153.0	0.0336180162817998	0.275480383173678	3606465.0	523631.0
3-4_D09_MAP2K3	MAP2K3	plate3	plate3-rep4	11.9685346673441	8.75213460694167	10.9774018716071	7.25175359452989	8.87627578482771	143.0	175.0	0.0671640970636933	0.301658808829654	3534024.0	938875.0
3-4_D10_MAP4K3	MAP4K3	plate3	plate3-rep4	11.9188267085142	10.107337749682	10.2973470322429	6.95686425202141	8.89059102668806	111.0	155.0	0.0498536913187952	0.253059558517284	2143428.0	430981.0
3-4_D11_ELF5	ELF5	plate3	plate3-rep4	11.5451074021311	10.4128777128877	8.99018415498934	7.13300596539884	8.69192931708333	146.0	176.0	0.0641970564280224	0.247149187838401	1644695.0	391680.0
3-4_E02_TLR2	TLR2	plate3	plate3-rep4	12.1668041617073	10.0897410788823	9.48330754583044	6.61996851842482	8.94843383666745	60.0	97.0	0.0176170278258941	0.171547521865889	2824584.0	594057.0
3-4_E04_CTSH	CTSH	plate3	plate3-rep4	11.6282770708967	8.14660678241139	10.3157836491839	6.81475391817751	8.90957407346052	101.0	150.0	0.0360473330809616	0.238161765930862	2493107.0	385131.0
3-4_E05_CSNK2A1	CSNK2A1	plate3	plate3-rep4	11.2330454097646	8.93746454026712	10.6523770659801	6.3370614954541	9.02217414296432	65.0	110.0	0.0152823504219579	0.238410662224073	1622834.0	276968.0
3-4_E06_MYO5C	MYO5C	plate3	plate3-rep4	12.0562683466249	8.80881845483124	9.84598953205119	6.82483794261138	8.85385961372482	102.0	150.0	0.0407659194934211	0.234457975843399	2049084.0	369621.0
3-4_E07_GNAI1	GNAI1	plate3	plate3-rep4	11.8794822548013	9.47013725403166	10.3046638259397	6.70374751470361	8.828817937293	95.0	150.0	0.0338591555489276	0.23569596001666	2296457.0	364382.0
3-4_E08_ANTXR1	ANTXR1	plate3	plate3-rep4	12.0160774079493	9.64637529348957	10.3474480387322	6.64784685359347	8.88421196256911	91.0	165.0	0.0305410409951093	0.252627238650562	4058279.0	1210292.0
3-4_E09_MAP2K4	MAP2K4	plate3	plate3-rep4	12.2588357249644	9.59820552725514	9.53916713923178	6.97848590334761	8.95459373661444	121.0	160.0	0.0558513434970308	0.278114618908788	3265861.0	394007.0
3-4_E10_MAP4K4	MAP4K4	plate3	plate3-rep4	11.8432675841848	9.41009583484462	10.0927613287795	6.97898009056042	8.83502733851529	99.0	159.0	0.0434461740829538	0.242653894210746	1366285.0	189276.0
3-4_E11_CCN2	CCN2	plate3	plate3-rep4	11.4957289532109	9.01328555654274	10.3445075374454	6.70164541350086	8.86816683064493	102.0	168.0	0.0382871321013005	0.254718867138692	4134641.0	613708.0
3-4_F03_ERBB4	ERBB4	plate3	plate3-rep4	11.7083114111828	8.61491286708783	10.1664442732467	6.94089925952726	8.81828164850385	116.0	163.0	0.0508775175035084	0.250496293211162	869010.0	163817.0
3-4_F04_SLC39A8	SLC39A8	plate3	plate3-rep4	11.8660461439158	9.88088975321378	10.7014823411181	6.97438730431391	8.80854715542537	123.0	141.0	0.0582883079240896	0.222280549770929	3908249.0	1219901.0
3-4_F05_VANGL1	VANGL1	plate3	plate3-rep4	12.0390421384348	9.37213471299033	10.3903011793522	6.81569264394181	8.74313013437435	101.0	158.0	0.0418970514570643	0.227133361099542	3344054.0	898688.0
3-4_F06_TINAG	TINAG	plate3	plate3-rep4	11.5158785841771	9.88691557161564	9.8287256226986	6.89253645997368	8.84134073185983	128.0	176.0	0.0578492862851265	0.258692544773011	2673002.0	384126.0
3-4_F07_AREG	AREG	plate3	plate3-rep4	12.2630204162652	9.75609207587138	9.96321896019096	6.8633423075118	8.83108094749269	110.0	158.0	0.0448846450927084	0.249356101624323	3880659.0	1006613.0
3-4_F08_TSPAN11	TSPAN11	plate3	plate3-rep4	11.380360331761	9.2199932963034	10.5234960254213	6.92428438964011	8.74371187691733	157.0	174.0	0.0536935174882131	0.23915785089546	3926334.0	679229.0
3-4_F09_MAP3K1	MAP3K1	plate3	plate3-rep4	12.0259761039775	9.22939745450434	10.4934501090115	6.96784986522247	8.86921324102665	96.0	156.0	0.0494342667263182	0.268464972927947	7343280.0	695146.0
3-4_F10_MAPK1	MAPK1	plate3	plate3-rep4	12.0929051358654	9.53921253120678	10.301516822442	6.4473201568748	8.71257422955859	95.0	179.0	0.0220237344131784	0.233062390670554	2662581.0	868685.0
3-4_F11_BMP2	BMP2	plate3	plate3-rep4	11.5559492152992	10.43119864871	9.64893962054245	7.08750286281016	8.86041875788015	151.0	161.0	0.0570176067513259	0.247517700957934	3446327.0	857521.0
3-4_G02_ERBB3	ERBB3	plate3	plate3-rep4	13.4178627084808	9.21542635594459	9.34240616638906	6.27864803921356	8.2202768486069	51.0	70.0	0.0099239921382385	0.0639120366513952	2338692.0	2885965.0
3-4_G03_SOCS2	SOCS2	plate3	plate3-rep4	12.5260051848233	9.90805514083343	9.49040540620698	6.72488329523923	8.99339088676206	76.0	129.0	0.02715839958091	0.243386588921283	7344909.0	2511550.0
3-4_G04_SOAT1	SOAT1	plate3	plate3-rep4	12.0823882331988	10.0621118648344	10.1637249911958	6.86490286008835	8.98589998971858	73.0	137.0	0.0296988459729503	0.232555268638067	6857224.0	2508304.0
3-4_G05_VANGL2	VANGL2	plate3	plate3-rep4	12.4293401660454	10.5486153771641	9.55258819334356	6.76141672777147	8.83738724004825	75.0	123.0	0.0284176293118282	0.217074052478134	5338841.0	1761555.0
3-4_G06_IRF4	IRF4	plate3	plate3-rep4	11.3209498424264	10.2002560626766	9.99996046318334	6.80142655488818	8.83481471630057	79.0	140.0	0.0333926502472096	0.238610412328197	3592573.0	528951.0
3-4_G07_ATP6V0E	ATP6V0E	plate3	plate3-rep4	12.2320134463285	9.95371185289697	10.113269987371	6.83480656211941	8.81599759360393	82.0	120.0	0.0371249316493257	0.202909287796751	3885885.0	1882086.0
3-4_G08_MAP2K1	MAP2K1	plate3	plate3-rep4	11.7616304659717	9.69855473959448	10.0583626668452	6.89655056833588	8.97585686691712	100.0	138.0	0.042787761118695	0.239479883381924	4763841.0	738296.0
3-4_G09_MAP3K2	MAP3K2	plate3	plate3-rep4	12.0784189810046	10.3469336847575	9.9756061698769	6.84122956642922	8.70865455051621	113.0	169.0	0.0504322821668789	0.234648896293211	3559054.0	1494346.0
4-1_B02_ATF6	ATF6	plate4	plate4-rep1	12.9749369979198	9.8550641890686	9.8279327596372	6.53865005385993	8.81627919732929	67.0	138.0	0.0218863160994039	0.223127030403998	6068393.0	1918559.0
4-1_B03_CTCF	CTCF	plate4	plate4-rep1	12.950134490953	9.3299747225693	9.89598460135136	6.48776257259108	8.85089844960497	96.0	143.0	0.0231692056791285	0.223132861307788	5187744.0	1578383.0
4-1_B06_RYK	RYK	plate4	plate4-rep1	12.7491571024741	8.95687032432933	10.0826857322759	6.65214413716223	8.69110125395449	101.0	162.0	0.02998180820514	0.237317451062057	2802825.0	911752.0
4-1_B07_RNF43	RNF43	plate4	plate4-rep1	12.2629653402325	8.42082695526364	9.74091624521072	6.63545536114494	8.70956857486655	105.0	151.0	0.0343928165831163	0.244038817159517	3032973.0	748072.0
4-1_B08_NKD1	NKD1	plate4	plate4-rep1	12.6656945444159	9.14099741095712	9.69299921235191	6.50455518427425	8.59283228048167	107.0	157.0	0.0336201671771458	0.208081799250312	4331646.0	1099593.0
4-1_B09_SLC34A2	SLC34A2	plate4	plate4-rep1	12.5173809826152	8.53038791644905	9.74494203846057	6.65961285024292	8.69962828542425	95.0	165.0	0.0271552927320768	0.223347938359017	3402045.0	1059698.0
4-1_B10_RBPJL	RBPJL	plate4	plate4-rep1	12.7695434926414	8.85959708849477	9.70679306903068	6.57171331039515	8.80260468568457	79.0	131.0	0.0318590618654859	0.206601915868388	3359511.0	1087513.0
4-1_B11_SLC6A14	SLC6A14	plate4	plate4-rep1	12.719164905008	8.5067817021102	9.77150213616066	6.54370670869351	8.8152861291555	83.0	125.0	0.0212441543444262	0.216700374843815	882545.0	379063.0
4-1_C02_LAMP2	LAMP2	plate4	plate4-rep1	12.8444644979876	8.8776634652356	9.80640412506732	6.56661940080538	8.87906267749455	92.0	148.0	0.0306982953437418	0.239612328196585	2410008.0	714255.0
4-1_C03_LGR5	LGR5	plate4	plate4-rep1	12.7213586317039	10.307890362301	10.1176826019807	6.52157141787793	8.70090925185354	80.0	129.0	0.025912075222068	0.203381091211995	4311519.0	1335027.0
4-1_C04_CTNNB1	CTNNB1	plate4	plate4-rep1	12.5005211492866	8.72773487426487	10.5337238049757	6.73781668984138	8.97614912816359	111.0	161.0	0.0530566134774146	0.331430737192836	2368578.0	523418.0
4-1_C05_DVL3	DVL3	plate4	plate4-rep1	12.6735056967868	8.89962921131455	9.84266438715859	6.645947523223	8.77830008764809	103.0	158.0	0.035635078139638	0.220296209912536	712175.0	173292.0
4-1_C07_SPRY4	SPRY4	plate4	plate4-rep1	12.6351523762131	8.49534645393803	9.86605204011928	6.75424113993937	8.76826428850825	97.0	156.0	0.0509747857708235	0.219434069137859	2317308.0	590419.0
4-1_C08_NKD2	NKD2	plate4	plate4-rep1	12.5398566245532	10.2689162424318	9.40588461753222	6.60581557647635	8.80065949689272	87.0	149.0	0.0307145465530229	0.224738525614327	1848783.0	505921.0
4-1_C10_HOPX	HOPX	plate4	plate4-rep1	12.6056388125434	7.80323288592001	9.85131189905235	6.52352988406253	8.65456439104911	91.0	135.0	0.0290449737877554	0.199780258225739	677504.0	206707.0
4-1_C11_CD36	CD36	plate4	plate4-rep1	12.8965067581099	8.73537433961555	9.13860858072649	6.59542769533431	8.76243200536884	86.0	154.0	0.0260917944776479	0.244438150770512	690866.0	237361.0
4-1_D02_CRELD1	CRELD1	plate4	plate4-rep1	12.822126611205	9.56719451528331	9.91098446831784	6.46747022311454	8.70635202325462	107.0	151.0	0.0343918606296292	0.217890379008746	2897623.0	882190.0
4-1_D03_LGR6	LGR6	plate4	plate4-rep1	12.5268721136082	7.37035594871891	9.85702612788656	6.62174574659477	8.75796139574279	80.0	154.0	0.0213060523327177	0.230839816743024	698578.0	131134.0
4-1_D04_PORCN	PORCN	plate4	plate4-rep1	12.917806865007	8.50973383211418	10.0218156819658	6.55598337906385	8.77977788398818	106.0	148.0	0.0302136269257683	0.214868804664723	797709.0	249107.0
4-1_D05_WIF1	WIF1	plate4	plate4-rep1	12.7980636293764	8.53349915246788	10.0536221747449	6.4408582830612	8.73732135138112	108.0	181.0	0.0350741724310662	0.269169679300292	1538051.0	456871.0
4-1_D06_GSK3B	GSK3B	plate4	plate4-rep1	12.5145469468582	8.29339758731508	9.74541732330244	6.47822185118255	8.88478534012443	88.0	135.0	0.0259632187336293	0.231609329446064	702383.0	219907.0
4-1_D08_FBXW11	FBXW11	plate4	plate4-rep1	12.8088604526907	9.0089950526993	9.84993244299378	6.43759647362457	8.58789369286552	85.0	120.0	0.0213246934257167	0.200183090379009	2244965.0	613770.0
4-1_D09_PDE7B	PDE7B	plate4	plate4-rep1	12.7204575270253	9.36856839949683	10.0391331241624	6.60143557279667	8.75357697690025	92.0	152.0	0.0276495206849216	0.222744023323615	4336505.0	1283003.0
4-1_D10_HBEGF	HBEGF	plate4	plate4-rep1	12.8378280107005	8.19989702350842	10.1368091603268	6.59370829606674	8.82407395756332	87.0	159.0	0.0344556705248949	0.238184589754269	1430253.0	431253.0
4-1_D11_KCNJ15	KCNJ15	plate4	plate4-rep1	12.6598373465766	8.95548650617256	9.98922591698293	6.58605087007393	8.69421884369324	90.0	125.0	0.0271285260344373	0.188281549354436	1947741.0	641625.0
4-1_E02_CRISPLD2	CRISPLD2	plate4	plate4-rep1	12.7083701651172	9.33620558110741	9.64711440500242	6.77922450270604	8.61721284116257	87.0	131.0	0.0382981255664024	0.196675385256143	1831526.0	513370.0
4-1_E04_SIAH1A	SIAH1A	plate4	plate4-rep1	12.6899585607593	8.19750510796146	10.07752554374	6.48290082949395	8.8377960579004	104.0	158.0	0.0273058554062994	0.246105122865473	775236.0	230928.0
4-1_E05_JUP	JUP	plate4	plate4-rep1	12.8770466600368	8.33303177872652	9.92198716254329	6.61391508158897	8.67709594418981	90.0	149.0	0.0250868483743055	0.222462307371928	1969797.0	592308.0
4-1_E06_CELSR2	CELSR2	plate4	plate4-rep1	12.9182892961176	7.92774503202445	9.96302513712728	6.66035126371146	8.73466506985598	94.0	154.0	0.0508385623989079	0.228730862140775	1097868.0	350646.0
4-1_E07_APC	APC	plate4	plate4-rep1	11.692714925258	7.55798681432484	10.2922977159114	6.42329872963439	8.65134602543268	97.0	173.0	0.0239602571897262	0.233431403581841	3064366.0	219076.0
4-1_E08_MLC1	MLC1	plate4	plate4-rep1	12.5890698240699	9.03347909486603	9.6251581477149	6.47097211253604	8.6825493847475	90.0	142.0	0.0228018805516999	0.208069137859225	1066557.0	253400.0
4-1_E09_CDKN2B	CDKN2B	plate4	plate4-rep1	12.2424328133426	8.01809479728315	9.63479506045473	6.74270445300743	8.95333230022899	94.0	152.0	0.0324780417484007	0.271957684298209	1247488.0	166923.0
4-1_E10_SEMA3E	SEMA3E	plate4	plate4-rep1	12.7957695506799	8.28192024893144	10.0006020178697	6.4429139002342	8.73492562409673	75.0	154.0	0.0176328010584317	0.246684881299459	1163844.0	361218.0
4-1_E11_SLC34A2	SLC34A2	plate4	plate4-rep1	12.6124949788985	8.34203379730904	10.3235473143867	6.6104150704639	8.79786109079747	80.0	129.0	0.0359285558601861	0.19603198667222	1432807.0	545353.0
4-1_F03_ZNRF3	ZNRF3	plate4	plate4-rep1	12.5897116431604	9.07097147513613	9.4189879421773	6.61146651794306	8.83979400079279	91.0	149.0	0.0272750259063395	0.241769762598917	658266.0	164983.0
4-1_F04_USP6NL	USP6NL	plate4	plate4-rep1	12.5155334108405	9.17816961743253	9.62800117165868	6.46166608464046	8.72854467118954	88.0	141.0	0.0260674176637262	0.22094394002499	1889034.0	324046.0
4-1_F05_SH3RF1	SH3RF1	plate4	plate4-rep1	12.8507205224621	8.57276803118578	9.90125458290402	6.50391587947245	8.71627361198228	113.0	155.0	0.0287720490671806	0.231914535610162	1483207.0	458283.0
4-1_F06_CELSR3	CELSR3	plate4	plate4-rep1	12.8382243096947	8.85531587375326	9.83396039739588	6.50805185482576	8.7313121621173	106.0	160.0	0.0281408807773049	0.232157267805081	2322263.0	780324.0
4-1_F07_SPRY1	SPRY1	plate4	plate4-rep1	12.6234109531399	7.57308141011267	9.89268134500021	6.64386961352321	8.8389914840463	94.0	145.0	0.0314154994474589	0.223372428154935	1252615.0	334400.0
4-1_F08_ZFP385B	ZFP385B	plate4	plate4-rep1	12.9109651110145	8.77134032326849	9.7416750098213	6.48164340046799	8.74047688135138	97.0	154.0	0.0284814392070939	0.23593169512703	1611865.0	534577.0
4-1_F09_BDNF	BDNF	plate4	plate4-rep1	12.7528626883793	9.77263375854332	9.99399907179766	6.5474051547538	8.71061508848442	95.0	163.0	0.0295076552755249	0.23485231153686	2589749.0	801478.0
4-1_F10_ZFP365	ZFP365	plate4	plate4-rep1	12.7172834386731	8.29923567839559	9.89113138838741	6.72283369531763	8.78008419269409	85.0	122.0	0.0298161892634952	0.193647813411079	993337.0	232357.0
4-1_F11_NPR1	NPR1	plate4	plate4-rep1	12.8200488483061	7.92885999590375	9.88304941408613	6.53257574671864	8.62790576958541	88.0	169.0	0.0239659929106489	0.22036801332778	1720640.0	652430.0
4-1_G02_RNF43	RNF43	plate4	plate4-rep1	12.7642780997772	8.62781813829153	9.74308427464035	6.63552522839388	8.88405567455465	89.0	129.0	0.0309700251224576	0.237850062473969	1431711.0	452547.0
4-1_G03_LGR4	LGR4	plate4	plate4-rep1	12.8617770164896	9.03964065437016	9.89589212799566	6.48416771065533	8.64899998579769	91.0	124.0	0.023304473097557	0.197753602665556	4983745.0	1674807.0
4-1_G04_DVL1	DVL1	plate4	plate4-rep1	12.9947336004316	8.74595896790931	9.9937398529924	6.72583301379752	8.8581700844956	85.0	156.0	0.0312178560639953	0.253880549770929	3104671.0	1004531.0
4-1_G05_PDLIM2	PDLIM2	plate4	plate4-rep1	12.5187134557622	9.16590580192043	9.6556405977193	6.68068484067596	8.96883511246307	89.0	145.0	0.031083544599054	0.251463723448563	1101409.0	221470.0
4-1_G06_USP6NL	USP6NL	plate4	plate4-rep1	12.5799695143766	9.33303506418479	9.58109264100101	6.60078964008912	8.7573558399369	97.0	128.0	0.0325459144459867	0.186673219491878	577521.0	143756.0
4-1_G07_SPRY2	SPRY2	plate4	plate4-rep1	12.6585614254999	9.72702276753509	9.26782594884452	6.89579115583367	8.82583236734919	76.0	133.0	0.0452787369177765	0.215122199083715	1827562.0	573080.0
4-1_G08_LRG1	LRG1	plate4	plate4-rep1	12.8205621216934	9.1340294163544	9.75257870016627	6.56733947820437	8.86233668652731	90.0	136.0	0.0261704216519641	0.226508121615993	3948947.0	1350091.0
4-1_G09_CSF1R	CSF1R	plate4	plate4-rep1	12.6591490864116	8.84148208498847	9.51466945876189	6.64235021578425	8.80501294009134	81.0	142.0	0.0279664192659042	0.227239983340275	1277748.0	277150.0
4-2_B02_ATF6	ATF6	plate4	plate4-rep2	13.0543025154808	9.27355075824365	9.95919299010737	6.46586243392684	8.72958030769648	86.0	141.0	0.020593866984808	0.209262140774677	6749171.0	2259341.0
4-2_B03_CTCF	CTCF	plate4	plate4-rep2	12.7348706134421	9.35143332550393	9.62749711715974	6.53875111798303	8.81005334520031	110.0	155.0	0.0290652877993568	0.228073969179509	2826521.0	641238.0
4-2_B06_RYK	RYK	plate4	plate4-rep2	12.4988746011694	9.69850668547436	9.91497653080827	6.57318161592843	8.73379557316342	110.0	169.0	0.0318631246678062	0.237552353186172	3273281.0	766841.0
4-2_B07_RNF43	RNF43	plate4	plate4-rep2	12.298905426387	8.5399558681261	9.68198201602922	6.67739211244108	8.5917570471949	151.0	162.0	0.0446963222557443	0.227900708038317	4530287.0	1039582.0
4-2_B08_NKD1	NKD1	plate4	plate4-rep2	12.6355377826611	8.99289858083146	9.446639604364	6.52610697144001	8.68148628925178	113.0	169.0	0.0310515201572352	0.238689379425239	1260095.0	332290.0
4-2_B09_SLC34A2	SLC34A2	plate4	plate4-rep2	12.64572915386	8.96125020350903	9.99060271915774	6.52876226604309	8.61579950113869	103.0	175.0	0.0273863944875898	0.224163265306122	7545237.0	2294482.0
4-2_B10_RBPJL	RBPJL	plate4	plate4-rep2	12.8525816781836	8.60954462433077	9.63116717264989	6.49335884594951	8.73567098107913	92.0	166.0	0.0230463656560326	0.235619991670137	5405354.0	2264131.0
4-2_B11_SLC6A14	SLC6A14	plate4	plate4-rep2	12.9205666587865	8.5330155495052	9.89556865528861	6.63887263660205	8.73899768344319	103.0	176.0	0.0326369690156356	0.248325197834236	6389566.0	2711908.0
4-2_C02_LAMP2	LAMP2	plate4	plate4-rep2	12.994474418	8.87004839496295	10.0920814519789	6.58340918564149	8.83860732611809	109.0	167.0	0.0366118236151102	0.260299541857559	5764843.0	1773578.0
4-2_C03_LGR5	LGR5	plate4	plate4-rep2	12.8109767497893	9.24348524056754	9.79221885582934	6.76990310944594	8.85233361595484	88.0	141.0	0.0336094127004156	0.223760932944606	1803850.0	509704.0
4-2_C04_CTNNB1	CTNNB1	plate4	plate4-rep2	12.5517645628705	8.97272153194186	10.3398006002659	6.51750027891272	9.09021147834426	112.0	164.0	0.0278378435218856	0.347859391920033	2549336.0	410315.0
4-2_C05_DVL3	DVL3	plate4	plate4-rep2	12.6617712943199	8.96632156948524	9.72134278708394	6.58789565563074	8.69525478898815	112.0	169.0	0.0391928980303534	0.223262807163682	1611160.0	448429.0
4-2_C06_DVL2	DVL2	plate4	plate4-rep2	12.6425532743851	8.78305792025902	9.98859147846586	6.50849580155929	8.64250577756137	106.0	160.0	0.0308297389482217	0.233044731361933	2319640.0	457829.0
4-2_C07_SPRY4	SPRY4	plate4	plate4-rep2	12.6270318596661	8.30934749623283	9.93984704990597	6.54906283353465	8.70727283443935	138.0	167.0	0.04369782883844	0.225115535193669	2782476.0	692211.0
4-2_C08_NKD2	NKD2	plate4	plate4-rep2	12.7301074970877	9.63544135917635	9.15105271210956	6.52022258717375	8.70804742266726	81.0	155.0	0.0323513779113563	0.232620408163265	811381.0	276246.0
4-2_C10_HOPX	HOPX	plate4	plate4-rep2	12.595176160145	8.22643541339052	9.63985772708325	6.71935587098908	8.75576992604716	104.0	157.0	0.0336407201771191	0.236236068304873	1987259.0	606210.0
4-2_C11_CD36	CD36	plate4	plate4-rep2	12.7989521578641	9.17641598132339	9.67371088298259	6.67381446437812	8.63991296871846	109.0	175.0	0.0333192808170726	0.233533194502291	6189166.0	1982217.0
4-2_D02_CRELD1	CRELD1	plate4	plate4-rep2	12.7628874672799	9.74336919701726	9.79968388598531	6.37510584941244	8.64804055365484	99.0	169.0	0.0239748354804049	0.224906289046231	2973818.0	690201.0
4-2_D03_LGR6	LGR6	plate4	plate4-rep2	12.667422114545	8.32727191672925	9.99272711856804	6.96798882738795	8.65373357931605	143.0	156.0	0.0426670719909452	0.213431570179092	1060176.0	204073.0
4-2_D04_PORCN	PORCN	plate4	plate4-rep2	12.6455790959662	8.70817819362104	9.40154801453798	6.50457694029831	8.63311309773364	125.0	190.0	0.0329713137477583	0.245039400249896	1574296.0	339995.0
4-2_D05_WIF1	WIF1	plate4	plate4-rep2	12.3538567014975	8.02896082200086	9.73835573880867	6.61660791097139	8.75083446612579	121.0	175.0	0.036152009987802	0.255780758017493	1477150.0	351976.0
4-2_D06_GSK3B	GSK3B	plate4	plate4-rep2	12.6551269988072	9.30673352570615	10.200281979071	6.6639830117123	8.93043493990979	111.0	140.0	0.0442123708028862	0.244106622240733	4681758.0	1601893.0
4-2_D08_FBXW11	FBXW11	plate4	plate4-rep2	12.7665933408974	9.19912283359268	9.70110420221481	6.43732856621228	8.65976840261771	101.0	131.0	0.0269564544067544	0.191987338608913	2325448.0	437545.0
4-2_D09_PDE7B	PDE7B	plate4	plate4-rep2	12.7141850964337	8.89979515047177	10.0771287949767	6.53213537227574	8.778943389319	103.0	158.0	0.0292973455083569	0.234100291545189	2012744.0	463063.0
4-2_D10_HBEGF	HBEGF	plate4	plate4-rep2	12.8854392565801	8.55941082619635	10.1992148370236	6.52179063799764	8.78168848638529	106.0	155.0	0.0279907960798259	0.220462307371928	2758651.0	1034033.0
4-2_D11_KCNJ15	KCNJ15	plate4	plate4-rep2	12.6187962388864	8.87500743564362	9.58619466732661	6.49091763485455	8.6882826202351	102.0	168.0	0.0313449978777833	0.233007413577676	1943706.0	501049.0
4-2_E02_CRISPLD2	CRISPLD2	plate4	plate4-rep2	13.044331529812	9.03173658904373	9.97251922111189	6.52114418869518	8.78941952956924	81.0	137.0	0.0236643895854603	0.241431070387339	2240528.0	567350.0
4-2_E04_SIAH1A	SIAH1A	plate4	plate4-rep2	12.8251375732969	8.50465642206063	10.2801260018003	6.60028719687302	8.87023159559285	115.0	175.0	0.0331359767359159	0.267149687630154	1320617.0	381446.0
4-2_E05_JUP	JUP	plate4	plate4-rep2	12.6619537782603	7.8997925605983	9.92192454215818	6.62681795109122	8.66220674895849	102.0	167.0	0.0293472940780593	0.228496959600167	1739916.0	614023.0
4-2_E06_CELSR2	CELSR2	plate4	plate4-rep2	12.8647021037385	7.9504683532754	10.2094681943744	6.5082941685945	8.70812677027618	106.0	156.0	0.037527627055778	0.216119783423574	5340958.0	1618412.0
4-2_E07_APC	APC	plate4	plate4-rep2	12.3187096045466	7.35642057450529	10.0363067382409	6.55063499346306	8.65277171229361	113.0	139.0	0.0315861371449111	0.184595585172845	3238522.0	523295.0
4-2_E08_MLC1	MLC1	plate4	plate4-rep2	12.8129037538722	9.03630123154771	10.0363095997367	6.49251889749731	8.65344275807568	89.0	164.0	0.0237552051667374	0.229298792169929	1939929.0	453523.0
4-2_E09_CDKN2B	CDKN2B	plate4	plate4-rep2	12.8668115103837	9.24232658709765	10.6276165022392	6.95258357307568	8.90978240188142	107.0	168.0	0.0449972086158176	0.272434152436485	9133999.0	2711648.0
4-2_E10_SEMA3E	SEMA3E	plate4	plate4-rep2	12.9372670122142	6.93819750860499	10.3203438186675	6.48327525544045	8.67547036389491	88.0	139.0	0.0231338354001048	0.193870387338609	622622.0	207816.0
4-2_E11_SLC34A2	SLC34A2	plate4	plate4-rep2	12.7699318988449	9.05123599162707	10.2383866266127	6.69197223380902	8.78811368556103	108.0	160.0	0.0355629036513599	0.245262140774677	3847465.0	1326271.0
4-2_F03_ZNRF3	ZNRF3	plate4	plate4-rep2	12.7948013405231	9.18352142918163	10.0367527988505	6.59950956725	8.87874512773048	95.0	157.0	0.0275498625338886	0.254229737609329	2294036.0	676679.0
4-2_F04_USP6NL	USP6NL	plate4	plate4-rep2	12.7491419065564	8.58225642825077	9.5251267383037	6.66833814070017	8.87922791893383	105.0	136.0	0.0323305859230113	0.2341964181591	1093630.0	256817.0
4-2_F05_SH3RF1	SH3RF1	plate4	plate4-rep2	13.05868154814	8.36036149695376	10.2681496661802	6.69041376250991	8.79565887913665	113.0	153.0	0.0379064236250521	0.246092294877135	3527356.0	978432.0
4-2_F06_CELSR3	CELSR3	plate4	plate4-rep2	12.6365254830111	9.37122701267135	9.73503463921719	6.43762525912237	8.73804995254726	89.0	149.0	0.0217434010530784	0.240822324031653	1004413.0	230325.0
4-2_F07_SPRY1	SPRY1	plate4	plate4-rep2	12.6055879315785	7.88760275459051	9.95347363632852	6.74295957998247	8.76411250774402	90.0	171.0	0.0332423265613588	0.245741607663474	2048019.0	479418.0
4-2_F08_ZFP385B	ZFP385B	plate4	plate4-rep2	13.1144293556863	8.8830633312592	10.0598027997908	6.64599366278419	8.78772764388871	84.0	138.0	0.0367556946149228	0.209093044564765	2383861.0	685803.0
4-2_F09_BDNF	BDNF	plate4	plate4-rep2	13.1560451875684	7.83873048053656	10.1959085435807	6.62700973332112	8.79053136151041	104.0	156.0	0.0381265319154631	0.236760183256976	4618752.0	2005476.0
4-2_F10_ZFP365	ZFP365	plate4	plate4-rep2	12.6670826605926	8.28021720705391	9.63285116692893	6.64992528669736	8.96205691822207	105.0	151.0	0.0319890715397352	0.250166930445648	849820.0	184388.0
4-2_F11_NPR1	NPR1	plate4	plate4-rep2	13.2183041203481	7.61508355740666	10.3316018195362	6.8079888958696	8.69037278449283	102.0	157.0	0.0480108519839859	0.211877217825906	2024422.0	693819.0
4-2_G02_RNF43	RNF43	plate4	plate4-rep2	12.726565772342	9.03032531133421	10.0829227923078	6.64002878290238	8.84987043073236	102.0	145.0	0.032510544166963	0.225063390254061	5444097.0	1728925.0
4-2_G03_LGR4	LGR4	plate4	plate4-rep2	13.0258579538267	9.03185629674547	9.99090976855683	6.75203250599999	8.77483712169964	129.0	156.0	0.0449520398135508	0.237755435235319	3403550.0	1127379.0
4-2_G04_DVL1	DVL1	plate4	plate4-rep2	13.0668046150452	8.63395559651909	10.4764546698334	6.64343392838637	8.75205662679644	92.0	135.0	0.0360516348716537	0.218095793419409	4363831.0	1370596.0
4-2_G05_PDLIM2	PDLIM2	plate4	plate4-rep2	12.5444115466713	8.62841501271918	9.87991308422244	6.70893226749104	8.80194553951894	99.0	163.0	0.0467403897995939	0.253882715535194	1634506.0	269727.0
4-2_G06_USP6NL	USP6NL	plate4	plate4-rep2	12.7424987497154	10.0796098955098	9.4977418867142	6.75394560946534	8.82694881833034	101.0	153.0	0.0338887901070286	0.231921032902957	2177938.0	536867.0
4-2_G07_SPRY2	SPRY2	plate4	plate4-rep2	12.4536256248083	8.26824476948096	9.94273873068007	6.77628500908482	8.88606764166727	97.0	146.0	0.0380242448923405	0.246564098292378	1805152.0	294764.0
4-2_G08_LRG1	LRG1	plate4	plate4-rep2	12.6343475555439	8.97840820023536	9.32189600239151	6.69638888906812	8.84630375103394	90.0	146.0	0.029367369101289	0.218499625156185	838673.0	269182.0
4-2_G09_CSF1R	CSF1R	plate4	plate4-rep2	12.7972170413705	8.84247960599869	9.82845362657718	6.6269094382619	8.70388874846132	103.0	137.0	0.0303938241580918	0.204541940857976	2237153.0	544491.0
4-3_B02_ATF6	ATF6	plate4	plate4-rep3	12.3876285032886	8.7156582777207	8.71861757815017	6.65217760786919	8.91607792503599	98.0	174.0	0.0330458781197542	0.288228238234069	835596.0	385567.0
4-3_B03_CTCF	CTCF	plate4	plate4-rep3	12.4369903150562	7.62026267999366	9.10049444371066	6.69603121393464	8.82826141262589	106.0	172.0	0.0336273368282993	0.253702457309454	838469.0	421495.0
4-3_B06_RYK	RYK	plate4	plate4-rep3	12.5559266090543	9.83913913600573	8.5988278219607	6.79492112868157	8.86510632565549	106.0	156.0	0.0399452334247225	0.240127113702624	278393.0	96445.0
4-3_B07_RNF43	RNF43	plate4	plate4-rep3	12.1112444278265	7.73184646558625	9.13969559169122	6.91735720543881	8.83070239862444	151.0	163.0	0.0459103831843958	0.256374010828821	1081673.0	507933.0
4-3_B08_NKD1	NKD1	plate4	plate4-rep3	12.2921612804652	9.48707864246277	9.08947640718709	6.48585137190321	8.84499613720205	96.0	165.0	0.0238245117945541	0.273560183256976	481396.0	161920.0
4-3_B09_SLC34A2	SLC34A2	plate4	plate4-rep3	12.2189505926053	8.33106014365502	9.05160827234643	6.83898104977966	8.69966734968455	134.0	158.0	0.0418093427246204	0.228325031236985	1074251.0	502559.0
4-3_B10_RBPJL	RBPJL	plate4	plate4-rep3	12.3237210198183	8.42103890123855	9.15239024142267	6.68094894363065	8.74301485076363	103.0	165.0	0.0347744810128518	0.231784089962516	1039092.0	430291.0
4-3_B11_SLC6A14	SLC6A14	plate4	plate4-rep3	12.3756108677271	8.55731877638556	8.50636290920965	6.7277518406707	8.94272858328416	98.0	135.0	0.0303304922395696	0.249120866305706	201239.0	90548.0
4-3_C02_LAMP2	LAMP2	plate4	plate4-rep3	12.5036664710525	9.36931029053736	8.92191627953534	6.56693890414869	8.96906788240268	103.0	165.0	0.0343533835017723	0.312044314868805	1103298.0	435657.0
4-3_C03_LGR5	LGR5	plate4	plate4-rep3	12.4403574759576	8.78163439379706	9.14401623392128	6.65121078875943	8.7280869778644	92.0	139.0	0.0312011268779706	0.205672469804248	961860.0	433476.0
4-3_C04_CTNNB1	CTNNB1	plate4	plate4-rep3	12.3440134390656	8.4871063978839	9.76420130641437	6.49654965538969	9.03013240442221	110.0	149.0	0.0291111735667389	0.31233019575177	1406622.0	483700.0
4-3_C05_DVL3	DVL3	plate4	plate4-rep3	12.4080315560431	7.62376451815087	9.3400475379455	6.57325961007863	8.70045484384533	107.0	175.0	0.0326768800737231	0.235088713036235	655279.0	336342.0
4-3_C06_DVL2	DVL2	plate4	plate4-rep3	12.4613802823273	8.33965846433211	8.67212268768771	6.74291392022005	8.82534014097286	92.0	155.0	0.030190923030449	0.225811911703457	163796.0	78199.0
4-3_C07_SPRY4	SPRY4	plate4	plate4-rep3	12.1718696691526	8.13236196179164	8.95385609731113	6.80840586127394	8.6464929905949	135.0	171.0	0.040652161028453	0.229403415243648	449389.0	207439.0
4-3_C08_NKD2	NKD2	plate4	plate4-rep3	12.4232385684557	8.74592655275005	9.23740729480449	6.30673607307439	8.82227837310788	88.0	145.0	0.0190406815565982	0.218287880049979	1249321.0	560817.0
4-3_C10_HOPX	HOPX	plate4	plate4-rep3	12.4527812427124	8.12089533334569	9.25111177028268	6.60616198445631	8.7097254423353	104.0	158.0	0.0308438392621569	0.21046980424823	744158.0	363123.0
4-3_C11_CD36	CD36	plate4	plate4-rep3	12.3626714910564	8.76445901109153	8.91327069353102	6.42745670974524	8.76488236696737	94.0	153.0	0.0235831335390545	0.246784339858392	300913.0	124730.0
4-3_D02_CRELD1	CRELD1	plate4	plate4-rep3	12.4945276538614	8.70803571147116	9.08609083635291	6.66136131301098	8.79818371435311	110.0	169.0	0.0328011540270497	0.25162765514369	928190.0	369530.0
4-3_D03_LGR6	LGR6	plate4	plate4-rep3	12.3167576358262	8.51132550065562	9.03825937530285	6.78209926901319	8.66017742051391	147.0	176.0	0.0415137141087263	0.248032653061224	679419.0	372669.0
4-3_D04_PORCN	PORCN	plate4	plate4-rep3	12.6065414667029	9.63867247457885	8.67344064962031	6.73782112987452	8.77109813464365	136.0	155.0	0.0381795873339987	0.237695460224906	1253018.0	531181.0
4-3_D05_WIF1	WIF1	plate4	plate4-rep3	12.2849946857895	8.33166527352083	8.93121578651177	6.55065570493373	8.7877588750531	106.0	165.0	0.0281172209284985	0.239025572678051	501831.0	243230.0
4-3_D08_FBXW11	FBXW11	plate4	plate4-rep3	12.6940027952835	9.80000885979274	8.90707419205132	6.51762553349648	8.67018797754094	92.0	121.0	0.0246841529678532	0.185161682632237	1175984.0	565023.0
4-3_D09_PDE7B	PDE7B	plate4	plate4-rep3	12.469217408248	8.32915849998716	9.44693757129485	6.61224313041665	8.74001033188414	114.0	175.0	0.0449360275926415	0.245328446480633	1271859.0	529203.0
4-3_D10_HBEGF	HBEGF	plate4	plate4-rep3	12.4661350439642	8.42034634471449	9.30732112765111	6.5408278987034	8.79669119880839	102.0	149.0	0.0319955242257733	0.236365514369013	346068.0	157893.0
4-3_E02_CRISPLD2	CRISPLD2	plate4	plate4-rep3	12.6163096640123	8.08989545552001	9.09890131572571	6.73816685487992	8.88880619810529	94.0	173.0	0.0388712196819352	0.28061241149521	1387105.0	708967.0
4-3_E04_SIAH1A	SIAH1A	plate4	plate4-rep3	12.6271409200307	9.76573362813893	8.82874035675673	6.69515983203664	8.93748852704537	114.0	165.0	0.0427105678746095	0.266547771761766	1523850.0	578616.0
4-3_E05_JUP	JUP	plate4	plate4-rep3	12.4247178034901	9.12214578738931	9.06011791990255	6.52538841504107	8.85450712519998	112.0	164.0	0.0319687575281337	0.260902457309454	819527.0	325305.0
4-3_E07_APC	APC	plate4	plate4-rep3	12.3801842276311	8.90932267990472	8.57274920067317	6.55089762291493	8.92092171626145	100.0	139.0	0.0268030238720705	0.236702707205331	308197.0	110053.0
4-3_E08_MLC1	MLC1	plate4	plate4-rep3	12.473894817189	9.12483616189911	9.25081359325375	6.69513503796327	8.85703293956539	79.0	158.0	0.02422768517775	0.247711453561016	1133083.0	420895.0
4-3_E09_CDKN2B	CDKN2B	plate4	plate4-rep3	12.2844657539324	9.06177677216663	9.28194718812953	6.84241901873075	9.12019548548297	109.0	127.0	0.0494739387960339	0.26419925031237	1013081.0	369522.0
4-3_F03_ZNRF3	ZNRF3	plate4	plate4-rep3	12.3516782803668	9.47426141027206	9.16922551572524	6.692604791915	8.75140381115912	104.0	158.0	0.0337793334327525	0.246572594752187	1492193.0	581727.0
4-3_F04_USP6NL	USP6NL	plate4	plate4-rep3	12.5590735485231	9.51099676854183	9.10447396973778	6.74161274546852	8.85836108102258	102.0	169.0	0.0396558185064948	0.266496793002915	1337684.0	577323.0
4-3_F05_SH3RF1	SH3RF1	plate4	plate4-rep3	12.4197055586785	8.68710115282582	9.01343617652289	6.50966775825397	8.8012098608884	116.0	162.0	0.0321023520279597	0.243692628071637	631266.0	276247.0
4-3_F06_CELSR3	CELSR3	plate4	plate4-rep3	12.7000561385058	8.58164147756678	8.79425525639378	6.73828755962777	8.84798758964639	85.0	139.0	0.0300640202050329	0.227400249895877	292535.0	128596.0
4-3_F07_SPRY1	SPRY1	plate4	plate4-rep3	12.2537778656236	8.98063996947259	9.00363151305024	6.72453170009043	8.9625146122026	99.0	164.0	0.0340677923974931	0.304820491461891	385758.0	130571.0
4-3_F08_ZFP385B	ZFP385B	plate4	plate4-rep3	12.53166698189	9.66255603363914	9.09183196031994	6.75164575314479	8.81720382184012	101.0	153.0	0.039791324913295	0.237430070803832	1327475.0	491010.0
4-3_F09_BDNF	BDNF	plate4	plate4-rep3	12.3934426325625	9.07084273617563	9.25586534594671	6.64884787869893	8.82052185802124	102.0	169.0	0.0327703245270898	0.28289895876718	819064.0	334705.0
4-3_F10_ZFP365	ZFP365	plate4	plate4-rep3	12.4979418787385	9.7334205744508	8.75997176157749	6.74909793045236	8.74860256409049	86.0	127.0	0.0304346911696664	0.193487213660975	533663.0	240987.0
4-3_F11_NPR1	NPR1	plate4	plate4-rep3	12.4604171662307	8.99939102346841	9.03307922340221	6.50118589239299	8.79966636127677	100.0	151.0	0.030361799716273	0.252651062057476	177493.0	73938.0
4-3_G02_RNF43	RNF43	plate4	plate4-rep3	12.3614326607206	8.48874756910468	9.03657003931319	6.83914973852945	8.98056180431301	80.0	133.0	0.0400905383547658	0.261145356101624	845338.0	351766.0
4-3_G03_LGR4	LGR4	plate4	plate4-rep3	12.4490133893353	9.90114942818988	8.57978124615794	6.72730105274349	8.86857755464892	95.0	150.0	0.0366749165452606	0.242091795085381	691432.0	285333.0
4-3_G04_DVL1	DVL1	plate4	plate4-rep3	12.6236912141431	9.20559168236335	8.73456639774923	6.564992605096	8.74423617203352	104.0	163.0	0.0339867753394591	0.222232902957101	1436198.0	639636.0
4-3_G05_PDLIM2	PDLIM2	plate4	plate4-rep3	12.4149972348422	8.81617668912021	9.02833651669127	6.65182489167796	8.82942474933171	104.0	130.0	0.0364901785338733	0.19699925031237	875792.0	393134.0
4-3_G06_USP6NL	USP6NL	plate4	plate4-rep3	12.6659608505904	8.93007165000915	8.83111672245442	6.62420868284602	8.76118105597229	106.0	162.0	0.032783229899166	0.228197417742607	179251.0	63377.0
4-3_G08_LRG1	LRG1	plate4	plate4-rep3	12.5122498636534	10.5304619562517	8.57439976249043	6.54740944014138	8.81899675388805	69.0	163.0	0.0207518382985557	0.246889296126614	1554253.0	590943.0
4-3_G09_CSF1R	CSF1R	plate4	plate4-rep3	12.3787983480538	7.79332487967769	9.11577718611496	6.63304051490652	8.84524773083973	91.0	132.0	0.0280789827890134	0.205945022907122	1264064.0	681754.0
4-4_B02_ATF6	ATF6	plate4	plate4-rep4	12.8719026555346	9.08646163073546	9.68815038865331	6.6313646808628	8.91622939347929	76.0	114.0	0.0294899701360131	0.20206980424823	3160610.0	1099137.0
4-4_B03_CTCF	CTCF	plate4	plate4-rep4	13.0483616771858	8.66073861706059	9.84377840073311	6.72362431050137	8.72394702342972	101.0	139.0	0.0480077451351527	0.210682049146189	4420407.0	1637938.0
4-4_B06_RYK	RYK	plate4	plate4-rep4	12.5975574311071	8.41543365372675	9.47821422371052	6.68822972123875	8.71859812700039	108.0	159.0	0.0386121562869237	0.234587088713036	1041375.0	276188.0
4-4_B07_RNF43	RNF43	plate4	plate4-rep4	12.28579061865	7.56814466354309	9.88346173556748	6.68319757452436	8.78813557063076	135.0	174.0	0.0499533494698282	0.254809995835069	1386482.0	378883.0
4-4_B08_NKD1	NKD1	plate4	plate4-rep4	12.7109916355124	8.6094274794208	9.75085705326937	6.71346096825549	8.76194403005284	120.0	173.0	0.0493515767496817	0.259124031653478	2119694.0	467642.0
4-4_B09_SLC34A2	SLC34A2	plate4	plate4-rep4	12.3659919479871	9.11391994355644	9.88354104804462	6.64807032753566	8.70222878140442	124.0	156.0	0.0398948068782765	0.237816243231987	1675446.0	492289.0
4-4_B10_RBPJL	RBPJL	plate4	plate4-rep4	12.5473983392196	7.20668733918325	10.0215527103411	6.5096296788265	8.73200582388544	115.0	156.0	0.0299136965191822	0.244244564764681	1529378.0	403924.0
4-4_B11_SLC6A14	SLC6A14	plate4	plate4-rep4	12.7771925558816	8.59539363077281	9.40423977445174	6.68726467956858	8.84104407818343	96.0	156.0	0.037802463683327	0.253257476051645	1054888.0	352791.0
4-4_C02_LAMP2	LAMP2	plate4	plate4-rep4	12.6321887366105	8.44864771567888	9.89474619766902	6.65200069545989	8.80635447066742	96.0	165.0	0.036933979940272	0.261958517284465	1048159.0	251274.0
4-4_C03_LGR5	LGR5	plate4	plate4-rep4	12.9130990684923	8.85046576898108	9.9337583495344	6.67652483189984	8.77491223518408	105.0	156.0	0.0333422237007636	0.234190254060808	1855333.0	729486.0
4-4_C04_CTNNB1	CTNNB1	plate4	plate4-rep4	12.7431040571026	8.51813011285009	10.4793294251918	6.74698782523404	9.05409208856426	94.0	139.0	0.0316575946680738	0.320003331945023	3990040.0	1037452.0
4-4_C05_DVL3	DVL3	plate4	plate4-rep4	12.768754755781	8.44032035203824	9.57296615751524	6.5855514704697	8.85819251711303	104.0	146.0	0.0300014052516261	0.241466555601833	669058.0	218146.0
4-4_C06_DVL2	DVL2	plate4	plate4-rep4	12.9431765228739	8.61302990613855	9.65161561412738	6.7188818252078	8.85915231499335	91.0	158.0	0.0418346754920293	0.241606830487297	1083299.0	412895.0
4-4_C07_SPRY4	SPRY4	plate4	plate4-rep4	12.7455510611305	7.46387536789095	9.80968693760817	7.00901871931005	8.85198575154798	162.0	160.0	0.0540520000458858	0.261977342773844	4421374.0	1624401.0
4-4_C08_NKD2	NKD2	plate4	plate4-rep4	12.8949213184711	9.28571832912339	10.0684449808114	6.63387105412988	8.71693497220364	105.0	158.0	0.0329149124920178	0.245775260308205	2476356.0	905238.0
4-4_C10_HOPX	HOPX	plate4	plate4-rep4	12.5877262185672	8.52487413830644	9.48450433415803	6.66360672553233	8.7872583096061	109.0	154.0	0.0329337925733885	0.231913869221158	675090.0	206576.0
4-4_C11_CD36	CD36	plate4	plate4-rep4	12.4975293717823	9.54449048504218	9.40911407936759	6.89224846820485	8.87830711438223	95.0	138.0	0.0555224954974591	0.224028488129946	598840.0	125411.0
4-4_D06_GSK3B	GSK3B	plate4	plate4-rep4	12.7464563020861	7.35143624276453	10.315817827305	6.71448963385168	8.93329746487555	75.0	111.0	0.0450571946971348	0.220462640566431	7528967.0	3871694.0
4-4_D08_FBXW11	FBXW11	plate4	plate4-rep4	12.8897935045463	8.51790271685048	9.53859513560156	6.4487061617778	8.58084807311843	99.0	129.0	0.0303723152046314	0.194037317784257	1900544.0	704279.0
4-4_D09_PDE7B	PDE7B	plate4	plate4-rep4	12.5379011014585	8.48065617012111	9.86957939459957	6.67755633186811	8.73659406641717	88.0	156.0	0.0519811658043966	0.218160099958351	688577.0	205205.0
4-4_D10_HBEGF	HBEGF	plate4	plate4-rep4	12.8155061249645	8.06240774645793	9.96091070278364	6.60799354337314	8.79100641759559	105.0	170.0	0.0283239458700897	0.242984589754269	1038294.0	294780.0
4-4_E02_CRISPLD2	CRISPLD2	plate4	plate4-rep4	12.3351495581065	9.26358303652797	10.1110437374949	6.88947521211611	8.76950941106291	69.0	162.0	0.0454921535337777	0.249036401499375	1581285.0	371028.0
4-4_E04_SIAH1A	SIAH1A	plate4	plate4-rep4	12.5544747614586	8.22130862498766	9.37897648073887	6.54049488373728	8.62910094312565	99.0	156.0	0.0269942145694959	0.224769346105789	1572971.0	352655.0
4-4_E05_JUP	JUP	plate4	plate4-rep4	12.5727636045647	8.20200087556798	9.59870339464402	6.431844804736	8.74386228555481	125.0	163.0	0.031059406773504	0.240433819241983	1001065.0	231539.0
4-4_E06_CELSR2	CELSR2	plate4	plate4-rep4	12.3621136857037	7.69663861792003	9.92786635352939	6.54593239075533	8.68450887615898	70.0	133.0	0.0197428293928931	0.199297292794669	1038139.0	309687.0
4-4_E07_APC	APC	plate4	plate4-rep4	12.7786232224556	8.91250416867637	9.75043010625808	6.71766456675462	8.90733431465147	103.0	162.0	0.0358049988719749	0.288677217825906	1213166.0	341995.0
4-4_E08_MLC1	MLC1	plate4	plate4-rep4	12.5771521833023	8.49979664801023	9.87492767654138	6.80129682815321	8.72860870215166	104.0	142.0	0.0365420390105499	0.212947605164515	1514302.0	339284.0
4-4_E09_CDKN2B	CDKN2B	plate4	plate4-rep4	12.3831861724389	8.14295651531138	9.88314721354086	6.98585346875096	8.93553285776572	140.0	174.0	0.0537656919764912	0.271596834652228	1035422.0	159040.0
4-4_E10_SEMA3E	SEMA3E	plate4	plate4-rep4	12.693708755044	7.19251038135864	10.344877105079	6.65205222573698	8.75363414472089	102.0	153.0	0.0390961077397818	0.260117451062057	1000061.0	302841.0
4-4_E11_SLC34A2	SLC34A2	plate4	plate4-rep4	12.1336890496637	8.85939201092779	9.72555583150533	6.80496212883688	8.8400234601537	91.0	150.0	0.0425547474562078	0.246456476468138	573693.0	135583.0
4-4_F03_ZNRF3	ZNRF3	plate4	plate4-rep4	12.4959873833426	8.25288511755267	9.94462830504494	6.69136128203979	8.81576070831855	96.0	141.0	0.0375281050325215	0.218077634319034	859836.0	283522.0
4-4_F04_USP6NL	USP6NL	plate4	plate4-rep4	12.4652608602992	7.76625263694937	9.45379094127463	6.66601835966732	8.81333013340805	102.0	142.0	0.0368500950217766	0.220683548521449	1482379.0	451338.0
4-4_F05_SH3RF1	SH3RF1	plate4	plate4-rep4	12.2568400448133	8.26330992674803	10.0332481274643	6.58388436170711	8.74122240653337	101.0	146.0	0.0316389535750749	0.223863556851312	762490.0	184602.0
4-4_F06_CELSR3	CELSR3	plate4	plate4-rep4	12.7633135458895	8.43727988681548	10.2492287011202	6.51327921415615	8.69983713131293	91.0	142.0	0.0247897858281807	0.198580091628488	1150137.0	316693.0
4-4_F07_SPRY1	SPRY1	plate4	plate4-rep4	12.3190547753333	7.88939064887201	9.86544408684206	6.80239604573093	8.82939588326221	95.0	152.0	0.0361656323249936	0.250293710953769	1872768.0	477588.0
4-4_F08_ZFP385B	ZFP385B	plate4	plate4-rep4	12.603120106574	8.43245850058307	9.57985864553202	6.81663346617915	8.92409008175064	94.0	157.0	0.0360396854530646	0.249432069970845	1171690.0	315015.0
4-4_F09_BDNF	BDNF	plate4	plate4-rep4	12.6316961067288	8.65955820756869	9.60505102263595	6.71180399905104	8.80979485061794	105.0	134.0	0.0344358344900371	0.222266389004581	1513097.0	339116.0
4-4_F10_ZFP365	ZFP365	plate4	plate4-rep4	12.3363977395504	7.93556570860476	9.56835855699027	6.59480217269422	8.96329016538456	93.0	151.0	0.0269650579881385	0.254840483132028	999932.0	205084.0
4-4_F11_NPR1	NPR1	plate4	plate4-rep4	12.6806239380968	8.85732674744113	9.62164364524184	6.75560561979214	8.95141560786231	98.0	150.0	0.0328821710850837	0.254918450645564	1548468.0	486789.0
4-4_G02_RNF43	RNF43	plate4	plate4-rep4	12.3372462627806	9.23891659509972	9.25223042965581	6.71877071170421	8.98053617121722	72.0	124.0	0.0363998409293397	0.242799666805498	933547.0	343826.0
4-4_G03_LGR4	LGR4	plate4	plate4-rep4	12.6915583714023	8.43409259111334	9.85306596144366	6.57710358228311	8.83162758619746	83.0	146.0	0.0382837862640955	0.234563431903374	1230377.0	413910.0
4-4_G04_DVL1	DVL1	plate4	plate4-rep4	12.7406540739388	8.33423450962504	9.64666218065566	6.62155321654863	8.7760409988505	78.0	143.0	0.0328138204107541	0.224403665139525	2054689.0	697277.0
4-4_G05_PDLIM2	PDLIM2	plate4	plate4-rep4	12.8110048307606	9.83966057641586	9.7842821257398	6.76139172118823	8.6945190593045	106.0	135.0	0.0385464344846837	0.214604748021658	2421908.0	795582.0
4-4_G06_USP6NL	USP6NL	plate4	plate4-rep4	12.9409803173497	10.2777280883096	9.90504295988366	6.59450428705915	8.59396189859376	90.0	140.0	0.0264789556399344	0.188764181591004	4426778.0	1706747.0
4-4_G07_SPRY2	SPRY2	plate4	plate4-rep4	12.5042541846298	9.15298366932048	10.0682473985569	6.91912056573205	8.87674576640465	92.0	135.0	0.038807887763413	0.243491545189504	2874122.0	749448.0
4-4_G08_LRG1	LRG1	plate4	plate4-rep4	12.7381120714162	9.83730377652757	9.70989060353577	6.66056930185896	8.81245955206085	96.0	134.0	0.0335006729912549	0.210294377342774	2877763.0	925336.0
4-4_G09_CSF1R	CSF1R	plate4	plate4-rep4	12.7233598161774	8.93354852292759	9.82488412575318	6.44808807977023	8.84873153993673	85.0	123.0	0.0267000198838325	0.204403665139525	1022675.0	342506.0
