dataset	sex_scope	gene	endpoint	cell_type	young_reference_weight	composition	within_type	interaction	animal_covariance
Lung_facs	all_observed_sexes	Apoe	mean_expression	B cell	0.0325227296908089	0.136421269596378	0.420390126035764	0.487779062812493	-0.0637571754070936
Lung_facs	all_observed_sexes	Apoe	mean_expression	endothelial cell	0.388614652649371	0.784211837208752	-0.541915510751623	-0.169984309884013	0.0389185551272071
Lung_facs	all_observed_sexes	Apoe	mean_expression	epithelial cell	0.0855481162722956	-0.867713450269769	7.3743322219523	-3.52106224970318	-2.99618654472043
Lung_facs	all_observed_sexes	Apoe	mean_expression	granulocyte	0.0207687577278881	-9.76055640301856e-05	0.0560036809730709	-0.00283544415917397	0.0410173792254953
Lung_facs	all_observed_sexes	Apoe	mean_expression	lymphocyte	0.0919031809867463	-1.99167389817994	-2.86169193972995	1.46607334268462	0.188134595037447
Lung_facs	all_observed_sexes	Apoe	mean_expression	monocyte	0.104329824471907	-3.0711227218957	0.710606195940329	-0.348627644492292	0.822404451652154
Lung_facs	all_observed_sexes	Apoe	mean_expression	myeloid cell	0.119946450498846	0.0668396399542688	1.51515055442868	0.0238124594811775	0.413553722234365
Lung_facs	all_observed_sexes	Apoe	mean_expression	stromal cell	0.156366287702137	-0.40967734867635	5.01552055892211	-0.684901843225602	-0.570102303656281
Lung_facs	all_observed_sexes	Apoe	detected_fraction	B cell	0.0325227296908089	0.0221758140569322	-0.000133029885958399	-0.000154354703120026	-0.00218525299450346
Lung_facs	all_observed_sexes	Apoe	detected_fraction	endothelial cell	0.388614652649371	0.0812112350709971	-0.167624208340159	-0.0525792024941973	-0.00330793966230443
Lung_facs	all_observed_sexes	Apoe	detected_fraction	epithelial cell	0.0855481162722956	-0.0334087852831924	-0.00137176208447314	0.000654982654135671	-0.00360139044609335
Lung_facs	all_observed_sexes	Apoe	detected_fraction	granulocyte	0.0207687577278881	-0.000766330634127532	-0.00374263155301293	0.000189487951372937	0.00251003691107068
Lung_facs	all_observed_sexes	Apoe	detected_fraction	lymphocyte	0.0919031809867463	-0.0439931004656655	-0.0541399086326784	0.0277364155518573	-0.000941349105990183
Lung_facs	all_observed_sexes	Apoe	detected_fraction	monocyte	0.104329824471907	-0.0478322484799636	-0.00864266225441383	0.00424014172844582	0.00013498893347088
Lung_facs	all_observed_sexes	Apoe	detected_fraction	myeloid cell	0.119946450498846	0.00161738463228634	-0.0140660555371839	-0.000221065409348368	-0.00583958708094791
Lung_facs	all_observed_sexes	Apoe	detected_fraction	stromal cell	0.156366287702137	-0.0159017017050654	-0.00237488176305614	0.000324305498871204	0.000715813169896148
Lung_facs	all_observed_sexes	B2m	mean_expression	B cell	0.0325227296908089	1.12871115951962	0.739278007332925	0.857784974578741	0.0794550587617987
Lung_facs	all_observed_sexes	B2m	mean_expression	endothelial cell	0.388614652649371	4.80407296959674	13.061376534934	4.09700226765347	-0.119030199466724
Lung_facs	all_observed_sexes	B2m	mean_expression	epithelial cell	0.0855481162722956	-0.153315350839751	1.63775249771689	-0.78198653389952	0.0617186331333663
Lung_facs	all_observed_sexes	B2m	mean_expression	granulocyte	0.0207687577278881	-0.021014485406895	0.727586769201056	-0.0368374295970902	-0.659020772739731
Lung_facs	all_observed_sexes	B2m	mean_expression	lymphocyte	0.0919031809867463	-1.24004217289096	5.67305491198624	-2.90636265300937	-0.449021303235356
Lung_facs	all_observed_sexes	B2m	mean_expression	monocyte	0.104329824471907	-1.97635429219941	2.91521807485591	-1.43022340140658	0.650930460060448
Lung_facs	all_observed_sexes	B2m	mean_expression	myeloid cell	0.119946450498846	0.0307599389206958	0.773135930164259	0.01215078459145	0.353299750742726
Lung_facs	all_observed_sexes	B2m	mean_expression	stromal cell	0.156366287702137	-0.559885476606598	2.78173034033957	-0.379863309316113	-0.0966796886256063
Lung_facs	all_observed_sexes	B2m	detected_fraction	B cell	0.0325227296908089	0.0377361541725107	-0.000312718554719315	-0.00036284763627414	8.3149129382093e-05
Lung_facs	all_observed_sexes	B2m	detected_fraction	endothelial cell	0.388614652649371	0.118729331986592	0.00343542528037351	0.00107760044482291	0.00082661880656637
Lung_facs	all_observed_sexes	B2m	detected_fraction	epithelial cell	0.0855481162722956	-0.0382993489094665	0.00252872758755381	-0.00120740522400298	0.000412945416956433
Lung_facs	all_observed_sexes	B2m	detected_fraction	granulocyte	0.0207687577278881	-0.00105151396782572	0	-0	0
Lung_facs	all_observed_sexes	B2m	detected_fraction	lymphocyte	0.0919031809867463	-0.047082916886331	-0.000638216534630181	0.00032696470059952	-0.000156912959976829
Lung_facs	all_observed_sexes	B2m	detected_fraction	monocyte	0.104329824471907	-0.0511848350939365	0	-0	0
Lung_facs	all_observed_sexes	B2m	detected_fraction	myeloid cell	0.119946450498846	0.00185342392995541	0.000593037011323977	9.3203079797675e-06	-9.20551925334689e-05
Lung_facs	all_observed_sexes	B2m	detected_fraction	stromal cell	0.156366287702137	-0.0206131959977413	0.00121791606089767	-0.000166314332720459	0.00104528837131662
Lung_facs	all_observed_sexes	Bst2	mean_expression	B cell	0.0325227296908089	0.0166326642990197	0.0601716320209882	0.0698172018259984	-0.00705100150343212
Lung_facs	all_observed_sexes	Bst2	mean_expression	endothelial cell	0.388614652649371	0.430467032058678	1.9031845123739	0.596977756678559	-0.0123349393601304
Lung_facs	all_observed_sexes	Bst2	mean_expression	epithelial cell	0.0855481162722956	-0.00683439948722605	0.079385601783097	-0.0379046722056186	-0.0272499466438123
Lung_facs	all_observed_sexes	Bst2	mean_expression	granulocyte	0.0207687577278881	-0.000859249524058349	0.00114084603423658	-5.77605823061583e-05	0.00131671752533665
Lung_facs	all_observed_sexes	Bst2	mean_expression	lymphocyte	0.0919031809867463	-0.159536034826568	0.285174245238148	-0.14609761210122	0.0161709919351913
Lung_facs	all_observed_sexes	Bst2	mean_expression	monocyte	0.104329824471907	-0.0387871241546219	0.0337240406311571	-0.0165452157822023	0.00409516092915464
Lung_facs	all_observed_sexes	Bst2	mean_expression	myeloid cell	0.119946450498846	0.000898377674732388	0.127934880694172	0.00201065442233097	0.00942007816259044
Lung_facs	all_observed_sexes	Bst2	mean_expression	stromal cell	0.156366287702137	-0.0155218152780099	0.227731188401133	-0.0310981699433833	-0.00631527290192375
Lung_facs	all_observed_sexes	Bst2	detected_fraction	B cell	0.0325227296908089	0.00389008502889462	0.00731246344077605	0.00848465828069643	0.00131691767261077
Lung_facs	all_observed_sexes	Bst2	detected_fraction	endothelial cell	0.388614652649371	0.0890489005038475	-0.00955643846756467	-0.00299759753251009	-0.00384521338237609
Lung_facs	all_observed_sexes	Bst2	detected_fraction	epithelial cell	0.0855481162722956	-0.012386364724011	0.0164968888498392	-0.00787685865220487	-0.00792673015372157
Lung_facs	all_observed_sexes	Bst2	detected_fraction	granulocyte	0.0207687577278881	-0.000175252327970953	0.00255054919465292	-0.000129133294294387	-0.000709277139504901
Lung_facs	all_observed_sexes	Bst2	detected_fraction	lymphocyte	0.0919031809867463	-0.0347022074148636	0.0116318693273241	-0.00595912275169285	-0.0019929925564765
Lung_facs	all_observed_sexes	Bst2	detected_fraction	monocyte	0.104329824471907	-0.0245810567259557	-0.0111899228512865	0.00548984299318164	0.00559128614747686
Lung_facs	all_observed_sexes	Bst2	detected_fraction	myeloid cell	0.119946450498846	0.00071922302338009	0.0145349671800928	0.000228434934089248	-0.00309337765199839
Lung_facs	all_observed_sexes	Bst2	detected_fraction	stromal cell	0.156366287702137	-0.00747903777664004	0.0237293023163022	-0.00324039004605052	0.000673721484620887
Lung_facs	all_observed_sexes	Cd38	mean_expression	B cell	0.0325227296908089	0.0853606673874133	-0.0240681542819069	-0.027926302289641	0.00646546038369132
Lung_facs	all_observed_sexes	Cd38	mean_expression	endothelial cell	0.388614652649371	0.17137129062723	-0.41279228022129	-0.129481827861953	-0.0629626189771008
Lung_facs	all_observed_sexes	Cd38	mean_expression	epithelial cell	0.0855481162722956	-0.00245090030120937	0.00979528452404368	-0.00467700742584406	0.00296614471006403
Lung_facs	all_observed_sexes	Cd38	mean_expression	granulocyte	0.0207687577278881	-1.12693610900153e-06	3.40788571559253e-06	-1.72539902369196e-07	7.55273270179858e-06
Lung_facs	all_observed_sexes	Cd38	mean_expression	lymphocyte	0.0919031809867463	-0.0348832380918009	-0.0436876629685776	0.0223816257764159	-0.00158776910163978
Lung_facs	all_observed_sexes	Cd38	mean_expression	monocyte	0.104329824471907	-0.0199486583143039	-0.0376747875172251	0.0184834758040594	0.0193494410882606
Lung_facs	all_observed_sexes	Cd38	mean_expression	myeloid cell	0.119946450498846	3.96475343626763e-05	0.0113111389878847	0.000177768498350009	-0.00457622602144
Lung_facs	all_observed_sexes	Cd38	mean_expression	stromal cell	0.156366287702137	-0.00413734110130362	-0.00762127023203942	0.00104073385171529	0.00575733594120859
Lung_facs	all_observed_sexes	Cd38	detected_fraction	B cell	0.0325227296908089	0.0164222152417408	-0.00117427617886354	-0.00136251376646359	0.00180624784735609
Lung_facs	all_observed_sexes	Cd38	detected_fraction	endothelial cell	0.388614652649371	0.0416718622380516	-0.0791536202779453	-0.0248283602348015	-0.00446647548269226
Lung_facs	all_observed_sexes	Cd38	detected_fraction	epithelial cell	0.0855481162722956	-0.0013505970563944	0.0073332828127124	-0.0035014621664825	0.00144122413247282
Lung_facs	all_observed_sexes	Cd38	detected_fraction	granulocyte	0.0207687577278881	-3.78385708119104e-05	-7.46882849832806e-05	3.78143825075346e-06	0.000292910520548428
Lung_facs	all_observed_sexes	Cd38	detected_fraction	lymphocyte	0.0919031809867463	-0.00866605076907184	-0.00741897711665104	0.00380081602415097	0.000818700956840846
Lung_facs	all_observed_sexes	Cd38	detected_fraction	monocyte	0.104329824471907	-0.00355634893185143	-0.00417249814155047	0.00204705251241485	-0.00300932056299498
Lung_facs	all_observed_sexes	Cd38	detected_fraction	myeloid cell	0.119946450498846	7.61181045950846e-05	-0.00160318580878433	-2.51960420704665e-05	0.000159785069880789
Lung_facs	all_observed_sexes	Cd38	detected_fraction	stromal cell	0.156366287702137	-0.00102296799123159	0.00317255958311563	-0.000433233575795754	0.00209569132819359
Lung_facs	all_observed_sexes	Cdkn1a	mean_expression	B cell	0.0325227296908089	0.0131581869834167	0.0236970767179713	0.0274957406395041	-0.00655667547843928
Lung_facs	all_observed_sexes	Cdkn1a	mean_expression	endothelial cell	0.388614652649371	1.18511047331024	0.205651862024555	0.0645074539278657	-0.0653975305419663
Lung_facs	all_observed_sexes	Cdkn1a	mean_expression	epithelial cell	0.0855481162722956	-0.0909995357239866	0.301560683901175	-0.143987809081647	0.0014257431782759
Lung_facs	all_observed_sexes	Cdkn1a	mean_expression	granulocyte	0.0207687577278881	-0.000618437780463899	0.054726552882846	-0.00277078367041634	0.0490961057403923
Lung_facs	all_observed_sexes	Cdkn1a	mean_expression	lymphocyte	0.0919031809867463	-0.275752865865582	3.56669470447346	-1.82725329555088	0.00412580013834019
Lung_facs	all_observed_sexes	Cdkn1a	mean_expression	monocyte	0.104329824471907	-0.315790870022431	-0.181429097429104	0.0890101989546719	0.0512992898696775
Lung_facs	all_observed_sexes	Cdkn1a	mean_expression	myeloid cell	0.119946450498846	0.0109336796576296	-0.250687461816954	-0.00393986261596715	0.0421079551019746
Lung_facs	all_observed_sexes	Cdkn1a	mean_expression	stromal cell	0.156366287702137	-0.0418575122490925	0.722939882048975	-0.0987221270334209	-0.0114556209155518
Lung_facs	all_observed_sexes	Cdkn1a	detected_fraction	B cell	0.0325227296908089	0.00934086285381283	-0.000772282056976382	-0.000896079604749795	-0.00197278315955251
Lung_facs	all_observed_sexes	Cdkn1a	detected_fraction	endothelial cell	0.388614652649371	0.0934884333829277	-0.0527697816183671	-0.0165524601772091	9.71686059064725e-06
Lung_facs	all_observed_sexes	Cdkn1a	detected_fraction	epithelial cell	0.0855481162722956	-0.0238520734318772	-0.000953979043259801	0.000455501528156101	-0.000999902426039131
Lung_facs	all_observed_sexes	Cdkn1a	detected_fraction	granulocyte	0.0207687577278881	-0.000117897020635005	0.00160231055050698	-8.11243477692557e-05	0.00184102787612145
Lung_facs	all_observed_sexes	Cdkn1a	detected_fraction	lymphocyte	0.0919031809867463	-0.0296828746311796	0.0228589270241115	-0.0117108564647197	0.000880710250038295
Lung_facs	all_observed_sexes	Cdkn1a	detected_fraction	monocyte	0.104329824471907	-0.0421044216956422	-0.0233421293251847	0.0114517880797608	-0.00151591887896573
Lung_facs	all_observed_sexes	Cdkn1a	detected_fraction	myeloid cell	0.119946450498846	0.00115836828208242	-0.00751334807151006	-0.00011808153057653	-0.00511662541805077
Lung_facs	all_observed_sexes	Cdkn1a	detected_fraction	stromal cell	0.156366287702137	-0.0081951774070345	0.0224595181824474	-0.00306699279175581	0.00894047948323497
Lung_facs	all_observed_sexes	Cdkn2a	mean_expression	B cell	0.0325227296908089	0.00110531077199919	-0.000313336757457842	-0.000363564937499243	-0.000315763088920502
Lung_facs	all_observed_sexes	Cdkn2a	mean_expression	endothelial cell	0.388614652649371	0.00137023126151191	0.00292284651338373	0.000916818281848632	-0.000500270622331631
Lung_facs	all_observed_sexes	Cdkn2a	mean_expression	epithelial cell	0.0855481162722956	-0	0	-0	0
Lung_facs	all_observed_sexes	Cdkn2a	mean_expression	granulocyte	0.0207687577278881	-0	0	-0	0
Lung_facs	all_observed_sexes	Cdkn2a	mean_expression	lymphocyte	0.0919031809867463	-0	0.0285920245574921	-0.0146479795519426	-0.00548336683268198
Lung_facs	all_observed_sexes	Cdkn2a	mean_expression	monocyte	0.104329824471907	-0	0	-0	0
Lung_facs	all_observed_sexes	Cdkn2a	mean_expression	myeloid cell	0.119946450498846	0	0	0	0
Lung_facs	all_observed_sexes	Cdkn2a	mean_expression	stromal cell	0.156366287702137	-4.79594769556795e-05	0.00228015656413061	-0.000311370158943509	0.000251587216368861
Lung_facs	all_observed_sexes	Cdkn2a	detected_fraction	B cell	0.0325227296908089	0.000419290601916785	-4.86451085118937e-05	-5.64429656426443e-05	-0.00013845213281754
Lung_facs	all_observed_sexes	Cdkn2a	detected_fraction	endothelial cell	0.388614652649371	0.00138798648005373	8.89396743080202e-05	2.78979819890907e-05	-0.000516400574295295
Lung_facs	all_observed_sexes	Cdkn2a	detected_fraction	epithelial cell	0.0855481162722956	-0	0	-0	0
Lung_facs	all_observed_sexes	Cdkn2a	detected_fraction	granulocyte	0.0207687577278881	-0	0	-0	0
Lung_facs	all_observed_sexes	Cdkn2a	detected_fraction	lymphocyte	0.0919031809867463	-0	0.0126622160470628	-0.00648697965989449	-0.00312104342792301
Lung_facs	all_observed_sexes	Cdkn2a	detected_fraction	monocyte	0.104329824471907	-0	0	-0	0
Lung_facs	all_observed_sexes	Cdkn2a	detected_fraction	myeloid cell	0.119946450498846	0	0	0	0
Lung_facs	all_observed_sexes	Cdkn2a	detected_fraction	stromal cell	0.156366287702137	-0.00014235220107582	0.00345274632341816	-0.000471494891371304	7.93701254696516e-05
Lung_facs	all_observed_sexes	Clec7a	mean_expression	B cell	0.0325227296908089	4.88859155104149e-06	8.95803359250415e-06	1.03940148918312e-05	-4.82982685255552e-06
Lung_facs	all_observed_sexes	Clec7a	mean_expression	endothelial cell	0.388614652649371	0.00149196227137139	0.0211481239060414	0.00663359726043655	-0.00157108182342063
Lung_facs	all_observed_sexes	Clec7a	mean_expression	epithelial cell	0.0855481162722956	-0.00319565966385137	-0.000496575758911621	0.000237102710617847	0.000636698582004758
Lung_facs	all_observed_sexes	Clec7a	mean_expression	granulocyte	0.0207687577278881	-0.00952528402936226	0.127991252870441	-0.00648014637736681	-0.130025867048268
Lung_facs	all_observed_sexes	Clec7a	mean_expression	lymphocyte	0.0919031809867463	-7.11872615085778e-06	0.000488611902859151	-0.000250320754570041	-0.000190562954588701
Lung_facs	all_observed_sexes	Clec7a	mean_expression	monocyte	0.104329824471907	-0.166519035248863	-0.141549736133542	0.0694451460860693	0.0457511378087245
Lung_facs	all_observed_sexes	Clec7a	mean_expression	myeloid cell	0.119946450498846	0.0019245283310795	-0.0183696817297234	-0.000288702202294415	-0.000472046009243901
Lung_facs	all_observed_sexes	Clec7a	mean_expression	stromal cell	0.156366287702137	-0.00842119595353937	-0.0168376567443816	0.00229929117114522	0.00110863680694269
Lung_facs	all_observed_sexes	Clec7a	detected_fraction	B cell	0.0325227296908089	0.000419290601916785	-0.000107279837521765	-0.000124476897444045	-0.00013603573961015
Lung_facs	all_observed_sexes	Clec7a	detected_fraction	endothelial cell	0.388614652649371	0.00190501128889997	0.00156807771037115	0.000491863772402909	-0.000602785388924748
Lung_facs	all_observed_sexes	Clec7a	detected_fraction	epithelial cell	0.0855481162722956	-0.00102264397844463	0.0160867026800038	-0.00768100484544818	-0.00421700357800957
Lung_facs	all_observed_sexes	Clec7a	detected_fraction	granulocyte	0.0207687577278881	-0.000727695461824844	0.00182726720587453	-9.25138140230177e-05	-0.00226962140109982
Lung_facs	all_observed_sexes	Clec7a	detected_fraction	lymphocyte	0.0919031809867463	-0.000356688764290386	0.0058135724336313	-0.00297835118182473	-0.00144440847586409
Lung_facs	all_observed_sexes	Clec7a	detected_fraction	monocyte	0.104329824471907	-0.0346911015251169	-0.0174351123550453	0.00855377026899483	0.00313020981063433
Lung_facs	all_observed_sexes	Clec7a	detected_fraction	myeloid cell	0.119946450498846	0.000423868811844824	0.00640523075325874	0.000100666100364579	-0.000445039665369386
Lung_facs	all_observed_sexes	Clec7a	detected_fraction	stromal cell	0.156366287702137	-0.00191262235987869	-0.00188740527186395	0.000257737424147086	0.000755247247081463
Lung_facs	all_observed_sexes	Cst7	mean_expression	B cell	0.0325227296908089	0	0	0	0
Lung_facs	all_observed_sexes	Cst7	mean_expression	endothelial cell	0.388614652649371	1.93456531170526e-05	0.00327005424728617	0.00102572800276055	-8.0258587024138e-05
Lung_facs	all_observed_sexes	Cst7	mean_expression	epithelial cell	0.0855481162722956	-3.68044066264902e-05	-5.68571693717989e-05	2.71478998605545e-05	3.12493512793138e-05
Lung_facs	all_observed_sexes	Cst7	mean_expression	granulocyte	0.0207687577278881	-0	0	-0	0
Lung_facs	all_observed_sexes	Cst7	mean_expression	lymphocyte	0.0919031809867463	-1.34268129115747e-05	-2.62083765979646e-05	1.34268129115747e-05	-1.45758793899566e-06
Lung_facs	all_observed_sexes	Cst7	mean_expression	monocyte	0.104329824471907	-2.81960258165804e-06	0.00496273212479317	-0.00243474602500955	0.00187296381291291
Lung_facs	all_observed_sexes	Cst7	mean_expression	myeloid cell	0.119946450498846	0	0.019747309328637	0.000310353318933218	-0.00890621853545382
Lung_facs	all_observed_sexes	Cst7	mean_expression	stromal cell	0.156366287702137	-0.0394647061914269	-0.258511713735124	0.0353014501989494	0.0229367740154581
Lung_facs	all_observed_sexes	Cst7	detected_fraction	B cell	0.0325227296908089	0	0	0	0
Lung_facs	all_observed_sexes	Cst7	detected_fraction	endothelial cell	0.388614652649371	0.000672224590042697	0.00339475398500369	0.00106484295414703	-0.000224122817989622
Lung_facs	all_observed_sexes	Cst7	detected_fraction	epithelial cell	0.0855481162722956	-0.00181542761311042	-0.0023747505765366	0.00113388498861124	0.00188537280852725
Lung_facs	all_observed_sexes	Cst7	detected_fraction	granulocyte	0.0207687577278881	-0	0	-0	0
Lung_facs	all_observed_sexes	Cst7	detected_fraction	lymphocyte	0.0919031809867463	-0.000730362707832695	-0.0014256265448882	0.000730362707832695	-0.000132344469604553
Lung_facs	all_observed_sexes	Cst7	detected_fraction	monocyte	0.104329824471907	-0.000387763902226791	0.000547184394083428	-0.000268451932310855	0.000877198897010299
Lung_facs	all_observed_sexes	Cst7	detected_fraction	myeloid cell	0.119946450498846	0	0.0103266760671073	0.000162296449487795	-0.00430978891316105
Lung_facs	all_observed_sexes	Cst7	detected_fraction	stromal cell	0.156366287702137	-0.0042004863913781	-0.0256705923020759	0.00350548577716592	0.00364570391272266
Lung_facs	all_observed_sexes	Fth1	mean_expression	B cell	0.0325227296908089	1.01285124822224	0.699440939414886	0.811561986809029	0.255396452448361
Lung_facs	all_observed_sexes	Fth1	mean_expression	endothelial cell	0.388614652649371	2.40515471804062	2.8723807032634	0.900988515518185	0.434528711503129
Lung_facs	all_observed_sexes	Fth1	mean_expression	epithelial cell	0.0855481162722956	-0.842198890047896	2.50758494925156	-1.19731013425864	-0.0180856901032542
Lung_facs	all_observed_sexes	Fth1	mean_expression	granulocyte	0.0207687577278881	-0.103038195178902	0.220012771868578	-0.0111391593927264	-0.381291429572357
Lung_facs	all_observed_sexes	Fth1	mean_expression	lymphocyte	0.0919031809867463	-1.23920183410548	0.323214405402688	-0.165585965824559	0.0367348726328582
Lung_facs	all_observed_sexes	Fth1	mean_expression	monocyte	0.104329824471907	-1.18353115187899	3.14424714199605	-1.54258642983709	0.506794314831351
Lung_facs	all_observed_sexes	Fth1	mean_expression	myeloid cell	0.119946450498846	0.0583691017009513	2.74521684857445	0.0431444682395765	0.736926393461844
Lung_facs	all_observed_sexes	Fth1	mean_expression	stromal cell	0.156366287702137	-0.388742124279855	5.47643926082029	-0.747843279672443	-0.729915343286074
Lung_facs	all_observed_sexes	Fth1	detected_fraction	B cell	0.0325227296908089	0.0377361541725107	-0.000312718554719315	-0.00036284763627414	8.3149129382093e-05
Lung_facs	all_observed_sexes	Fth1	detected_fraction	endothelial cell	0.388614652649371	0.119401682923311	-0.0428398657409096	-0.0134377128334861	0.000807739251581119
Lung_facs	all_observed_sexes	Fth1	detected_fraction	epithelial cell	0.0855481162722956	-0.0408471212949846	0	-0	0
Lung_facs	all_observed_sexes	Fth1	detected_fraction	granulocyte	0.0207687577278881	-0.00105151396782572	0	-0	0
Lung_facs	all_observed_sexes	Fth1	detected_fraction	lymphocyte	0.0919031809867463	-0.0468587125202056	0.000437634195174981	-0.000224204366125385	2.92192128548974e-05
Lung_facs	all_observed_sexes	Fth1	detected_fraction	monocyte	0.104329824471907	-0.0511848350939365	0	-0	0
Lung_facs	all_observed_sexes	Fth1	detected_fraction	myeloid cell	0.119946450498846	0.00188510639029653	0	0	0
Lung_facs	all_observed_sexes	Fth1	detected_fraction	stromal cell	0.156366287702137	-0.0209118369790193	-0.00172226383803033	0.000235186290900435	0.000861737874578439
Lung_facs	all_observed_sexes	H2-D1	mean_expression	B cell	0.0325227296908089	2.74919878235653	0.97254418201957	1.12844393878293	0.578478280395549
Lung_facs	all_observed_sexes	H2-D1	mean_expression	endothelial cell	0.388614652649371	12.7364726292615	14.1039022710843	4.42401453115197	-1.30118642795803
Lung_facs	all_observed_sexes	H2-D1	mean_expression	epithelial cell	0.0855481162722956	-1.03910762442428	4.02269691158933	-1.92073882910105	-0.243014109486234
Lung_facs	all_observed_sexes	H2-D1	mean_expression	granulocyte	0.0207687577278881	-0.146335411733395	-0.43391891379466	0.0219691425330737	-1.06151785171978
Lung_facs	all_observed_sexes	H2-D1	mean_expression	lymphocyte	0.0919031809867463	-3.38896166602144	6.75447748910477	-3.46038623272437	-1.4487253940602
Lung_facs	all_observed_sexes	H2-D1	mean_expression	monocyte	0.104329824471907	-4.76004033220659	1.19360542713932	-0.58558995248578	0.0854386350132197
Lung_facs	all_observed_sexes	H2-D1	mean_expression	myeloid cell	0.119946450498846	0.075134538309067	0.882565789099985	0.0138706097760307	0.105613522503328
Lung_facs	all_observed_sexes	H2-D1	mean_expression	stromal cell	0.156366287702137	-1.37241861157493	5.88155099398563	-0.803163912794698	1.16573537110381
Lung_facs	all_observed_sexes	H2-D1	detected_fraction	B cell	0.0325227296908089	0.0377361541725107	0	0	0
Lung_facs	all_observed_sexes	H2-D1	detected_fraction	endothelial cell	0.388614652649371	0.119164355003827	0.00287370790669069	0.000901404823511198	0.00100722260184294
Lung_facs	all_observed_sexes	H2-D1	detected_fraction	epithelial cell	0.0855481162722956	-0.0408471212949846	-0.00142738792445432	0.000681542624499184	-0.000185282457015316
Lung_facs	all_observed_sexes	H2-D1	detected_fraction	granulocyte	0.0207687577278881	-0.00105151396782572	0	-0	0
Lung_facs	all_observed_sexes	H2-D1	detected_fraction	lymphocyte	0.0919031809867463	-0.047082916886331	0	-0	0
Lung_facs	all_observed_sexes	H2-D1	detected_fraction	monocyte	0.104329824471907	-0.0511848350939365	0	-0	0
Lung_facs	all_observed_sexes	H2-D1	detected_fraction	myeloid cell	0.119946450498846	0.0018033016902556	0.00185604729064449	2.91700720924639e-05	-0.00132712693139471
Lung_facs	all_observed_sexes	H2-D1	detected_fraction	stromal cell	0.156366287702137	-0.0210856618999336	-0.00231430274160356	0.000316033040815008	0.00159286349565402
Lung_facs	all_observed_sexes	H2-K1	mean_expression	B cell	0.0325227296908089	1.4476070097917	1.10807540398431	1.28570094444859	0.360604261347897
Lung_facs	all_observed_sexes	H2-K1	mean_expression	endothelial cell	0.388614652649371	6.03366693704284	15.4254216909832	4.83853960403329	-0.656351083498855
Lung_facs	all_observed_sexes	H2-K1	mean_expression	epithelial cell	0.0855481162722956	-0.426252122750394	3.08802666233829	-1.47445677514617	-0.196124308438717
Lung_facs	all_observed_sexes	H2-K1	mean_expression	granulocyte	0.0207687577278881	-0.0133200785021074	0.184358783048461	-0.00933401207750143	-0.279584597336767
Lung_facs	all_observed_sexes	H2-K1	mean_expression	lymphocyte	0.0919031809867463	-1.30288465528257	4.65941355378104	-2.38706406825411	-1.23513512513678
Lung_facs	all_observed_sexes	H2-K1	mean_expression	monocyte	0.104329824471907	-1.53172668467904	1.80981074219283	-0.887903960916935	0.151440361304706
Lung_facs	all_observed_sexes	H2-K1	mean_expression	myeloid cell	0.119946450498846	0.0277732478154894	0.903127658565121	0.0141937649120432	0.101225221218006
Lung_facs	all_observed_sexes	H2-K1	mean_expression	stromal cell	0.156366287702137	-0.841699724254595	4.32797129424077	-0.591012534397835	0.617905046179592
Lung_facs	all_observed_sexes	H2-K1	detected_fraction	B cell	0.0325227296908089	0.0348011199590932	0.00252954564261847	0.0029350342134175	-0.00034119875914964
Lung_facs	all_observed_sexes	H2-K1	detected_fraction	endothelial cell	0.388614652649371	0.11765307310811	0.00333865236337916	0.00104724538543748	-0.00107724907371598
Lung_facs	all_observed_sexes	H2-K1	detected_fraction	epithelial cell	0.0855481162722956	-0.0378666016295972	0.00555234338793988	-0.00265110739687945	-0.000156909632259908
Lung_facs	all_observed_sexes	H2-K1	detected_fraction	granulocyte	0.0207687577278881	-0.000912905308430511	-0.00381384818637012	0.000193093621278559	0.00106933682068007
Lung_facs	all_observed_sexes	H2-K1	detected_fraction	lymphocyte	0.0919031809867463	-0.0458451219483471	-0.00126002178694132	0.000645521737469345	-0.000738767727631942
Lung_facs	all_observed_sexes	H2-K1	detected_fraction	monocyte	0.104329824471907	-0.0511848350939365	0	-0	0
Lung_facs	all_observed_sexes	H2-K1	detected_fraction	myeloid cell	0.119946450498846	0.00158204311856608	0.0101448172421256	0.000159438313780743	-0.00322458175580606
Lung_facs	all_observed_sexes	H2-K1	detected_fraction	stromal cell	0.156366287702137	-0.0187723340359726	0.0116032256756366	-0.00158449567881226	0.00258692158573939
Lung_facs	all_observed_sexes	Ifi204	mean_expression	B cell	0.0325227296908089	0	0	0	0
Lung_facs	all_observed_sexes	Ifi204	mean_expression	endothelial cell	0.388614652649371	0.0129207222050073	-0.0365377985199606	-0.0114609239685395	0.00696525779438633
Lung_facs	all_observed_sexes	Ifi204	mean_expression	epithelial cell	0.0855481162722956	-0.000114212063952096	0.00166465681058105	-0.000794832681527396	0.000116198781156402
Lung_facs	all_observed_sexes	Ifi204	mean_expression	granulocyte	0.0207687577278881	-0.000366370893206738	-0.00721900931583198	0.000365495578932406	-0.00692033731782043
Lung_facs	all_observed_sexes	Ifi204	mean_expression	lymphocyte	0.0919031809867463	-1.89541639322859e-06	0.000649965333693069	-0.000332983727621794	-1.53833312533921e-05
Lung_facs	all_observed_sexes	Ifi204	mean_expression	monocyte	0.104329824471907	-0.0927828143096104	-0.112619646496554	0.0552518712979887	0.0307733740685637
Lung_facs	all_observed_sexes	Ifi204	mean_expression	myeloid cell	0.119946450498846	0.000498717607306948	-0.0187778772986963	-0.00029511749905694	0.000613393009148578
Lung_facs	all_observed_sexes	Ifi204	mean_expression	stromal cell	0.156366287702137	-0.00182969521159539	-0.00679575590166812	0.000928004518869732	0.00450169039508296
Lung_facs	all_observed_sexes	Ifi204	detected_fraction	B cell	0.0325227296908089	0	0	0	0
Lung_facs	all_observed_sexes	Ifi204	detected_fraction	endothelial cell	0.388614652649371	0.00904098315039343	-0.0217078681502476	-0.0068091739641389	0.00181079582858644
Lung_facs	all_observed_sexes	Ifi204	detected_fraction	epithelial cell	0.0855481162722956	-0.000158322175561955	0.00114338567591948	-0.000545938536420537	3.03512160481144e-05
Lung_facs	all_observed_sexes	Ifi204	detected_fraction	granulocyte	0.0207687577278881	-0.000129846042996661	-0.00216522771417201	0.000109624620538474	-0.00140139374736464
Lung_facs	all_observed_sexes	Ifi204	detected_fraction	lymphocyte	0.0919031809867463	-0.000373673943542309	0.000547042743968727	-0.000280255457656731	-2.53339623177325e-05
Lung_facs	all_observed_sexes	Ifi204	detected_fraction	monocyte	0.104329824471907	-0.0313576277517717	-0.0343822302863422	0.0168681275586929	0.00222729092586279
Lung_facs	all_observed_sexes	Ifi204	detected_fraction	myeloid cell	0.119946450498846	0.000254907264125321	-0.00998029232108677	-0.000156852601750721	-0.000575266377929155
Lung_facs	all_observed_sexes	Ifi204	detected_fraction	stromal cell	0.156366287702137	-0.000935099735363313	-0.00167868026602646	0.000229234671631982	0.00297082532052367
Lung_facs	all_observed_sexes	Ifit2	mean_expression	B cell	0.0325227296908089	0.0152757968090157	-0.0131038909270805	-0.0152044570977024	0.00270477148403194
Lung_facs	all_observed_sexes	Ifit2	mean_expression	endothelial cell	0.388614652649371	0.0185054662188345	-0.0441261821577455	-0.0138411956718073	-0.00479324864852833
Lung_facs	all_observed_sexes	Ifit2	mean_expression	epithelial cell	0.0855481162722956	-0	7.35012960487767e-05	-3.50950609536126e-05	1.09171051618447e-05
Lung_facs	all_observed_sexes	Ifit2	mean_expression	granulocyte	0.0207687577278881	-0	0	-0	0
Lung_facs	all_observed_sexes	Ifit2	mean_expression	lymphocyte	0.0919031809867463	-0.00942034205868502	-0.0152044662465586	0.00778939981077455	-0.000165512999719263
Lung_facs	all_observed_sexes	Ifit2	mean_expression	monocyte	0.104329824471907	-0.00457146012321872	-0.00643170939453744	0.00315543504839468	-0.000914232256205403
Lung_facs	all_observed_sexes	Ifit2	mean_expression	myeloid cell	0.119946450498846	0.000772346131476636	-0.0308450340036007	-0.000484767748168261	-0.00296387920021196
Lung_facs	all_observed_sexes	Ifit2	mean_expression	stromal cell	0.156366287702137	-0.0106142432084741	-0.0688624071009803	0.00940360805988785	-0.0109624092947512
Lung_facs	all_observed_sexes	Ifit2	detected_fraction	B cell	0.0325227296908089	0.00104822650479196	-0.000410187614053809	-0.000475941078462528	0.000507355226498368
Lung_facs	all_observed_sexes	Ifit2	detected_fraction	endothelial cell	0.388614652649371	0.0102321880170199	-0.0242162276838084	-0.00759597883647396	0.00047811928806534
Lung_facs	all_observed_sexes	Ifit2	detected_fraction	epithelial cell	0.0855481162722956	-0	0.000689904163486254	-0.00032941226850794	0.000102471067984648
Lung_facs	all_observed_sexes	Ifit2	detected_fraction	granulocyte	0.0207687577278881	-0	0	-0	0
Lung_facs	all_observed_sexes	Ifit2	detected_fraction	lymphocyte	0.0919031809867463	-0.00438557328284656	-0.00409287434805694	0.00209682037864991	0.000100909493256067
Lung_facs	all_observed_sexes	Ifit2	detected_fraction	monocyte	0.104329824471907	-0.00315873705750459	-0.00290081938023057	0.00142315931581364	0.000266948925270222
Lung_facs	all_observed_sexes	Ifit2	detected_fraction	myeloid cell	0.119946450498846	0.000208672939249631	-0.00597420167125079	-9.38919467858985e-05	-0.000366494139344167
Lung_facs	all_observed_sexes	Ifit2	detected_fraction	stromal cell	0.156366287702137	-0.00232479019534389	-0.0148401167824937	0.00202651414117571	-0.00103052952415775
Lung_facs	all_observed_sexes	Ifit3	mean_expression	B cell	0.0325227296908089	0.0229359380079729	-0.0134095821453249	-0.0155591509087853	0.00206082080701366
Lung_facs	all_observed_sexes	Ifit3	mean_expression	endothelial cell	0.388614652649371	0.0987507312215999	-0.00521827574100937	-0.00163683264830283	-0.010261490071213
Lung_facs	all_observed_sexes	Ifit3	mean_expression	epithelial cell	0.0855481162722956	-0.000404511699795034	0.00461923645967919	-0.00220557179024449	0.000364793500318679
Lung_facs	all_observed_sexes	Ifit3	mean_expression	granulocyte	0.0207687577278881	-0	0.00107748871591572	-5.45528264041812e-05	0.000240066888302437
Lung_facs	all_observed_sexes	Ifit3	mean_expression	lymphocyte	0.0919031809867463	-0.0143194325532966	-0.0182925373256939	0.00937144944602035	0.000188377420031819
Lung_facs	all_observed_sexes	Ifit3	mean_expression	monocyte	0.104329824471907	-0.0180481538915325	-0.0258761291068099	0.0126949835093235	0.0102962118864493
Lung_facs	all_observed_sexes	Ifit3	mean_expression	myeloid cell	0.119946450498846	0.000149166945613598	0.0407463843838263	0.000640379679965341	-0.0113129941320415
Lung_facs	all_observed_sexes	Ifit3	mean_expression	stromal cell	0.156366287702137	-0.00482858310524574	0.113578849369624	-0.0155099281063293	0.0450670390958939
Lung_facs	all_observed_sexes	Ifit3	detected_fraction	B cell	0.0325227296908089	0.00188680770862553	-0.00038790897192021	-0.000450091148819468	0.000435109203740518
Lung_facs	all_observed_sexes	Ifit3	detected_fraction	endothelial cell	0.388614652649371	0.015845232994845	0.00226669007516549	0.000710999667851438	-0.00247068122274655
Lung_facs	all_observed_sexes	Ifit3	detected_fraction	epithelial cell	0.0855481162722956	-0.000410464899605069	0.00125763545011963	-0.000600489993402055	-0.0001527765785423
Lung_facs	all_observed_sexes	Ifit3	detected_fraction	granulocyte	0.0207687577278881	-0	0.00039939918707477	-2.02214224581869e-05	8.89870293909073e-05
Lung_facs	all_observed_sexes	Ifit3	detected_fraction	lymphocyte	0.0919031809867463	-0.00428153905992853	-0.00460460796946041	0.00235898662040335	0.000120481716759944
Lung_facs	all_observed_sexes	Ifit3	detected_fraction	monocyte	0.104329824471907	-0.00598536421311871	-0.00973237057341921	0.00477475913905787	0.00380815003735909
Lung_facs	all_observed_sexes	Ifit3	detected_fraction	myeloid cell	0.119946450498846	0.000119965817336414	0.00562941220463059	8.84731551157029e-05	0.00042470974089476
Lung_facs	all_observed_sexes	Ifit3	detected_fraction	stromal cell	0.156366287702137	-0.00137924523918612	0.00723199720124879	-0.000987576096069715	0.00349313462990894
Lung_facs	all_observed_sexes	Ifitm3	mean_expression	B cell	0.0325227296908089	0.000621042453620655	0.0961507362853278	0.111563790701398	-0.0209930763263241
Lung_facs	all_observed_sexes	Ifitm3	mean_expression	endothelial cell	0.388614652649371	2.30195171272627	8.17044074723917	2.56284735224015	-0.0390107527095873
Lung_facs	all_observed_sexes	Ifitm3	mean_expression	epithelial cell	0.0855481162722956	-0.050125272427069	0.162428965149674	-0.0775558355974716	0.0504978333234757
Lung_facs	all_observed_sexes	Ifitm3	mean_expression	granulocyte	0.0207687577278881	-0.00547360729150963	0.056969193216144	-0.00288432766116287	0.017378441397596
Lung_facs	all_observed_sexes	Ifitm3	mean_expression	lymphocyte	0.0919031809867463	-0.699883289748657	0.0697787603898883	-0.0357483553952513	0.0711977568165522
Lung_facs	all_observed_sexes	Ifitm3	mean_expression	monocyte	0.104329824471907	-1.82226090999936	0.596321550215343	-0.292558914627061	0.443049437772371
Lung_facs	all_observed_sexes	Ifitm3	mean_expression	myeloid cell	0.119946450498846	0.0257135852606334	0.490361196262289	0.00770663092390869	0.305981645281828
Lung_facs	all_observed_sexes	Ifitm3	mean_expression	stromal cell	0.156366287702137	-0.157021673044472	0.927570626243542	-0.126665781581934	-0.174375837928424
Lung_facs	all_observed_sexes	Ifitm3	detected_fraction	B cell	0.0325227296908089	0.00959709599942864	-0.000468194975592793	-0.000543247075191156	0.00220509842255023
Lung_facs	all_observed_sexes	Ifitm3	detected_fraction	endothelial cell	0.388614652649371	0.114547400180025	-0.0209618450881921	-0.00657516660903445	-0.00101881182389879
Lung_facs	all_observed_sexes	Ifitm3	detected_fraction	epithelial cell	0.0855481162722956	-0.0169989430912363	0.0144858765298192	-0.00691664973421884	0.00250017158744237
Lung_facs	all_observed_sexes	Ifitm3	detected_fraction	granulocyte	0.0207687577278881	-0.000859134707803059	-0.00850455913345439	0.000430582456408502	0.00314603999658713
Lung_facs	all_observed_sexes	Ifitm3	detected_fraction	lymphocyte	0.0919031809867463	-0.0444130590226693	-0.00724657576703665	0.00371249309204097	-0.00199311365950148
Lung_facs	all_observed_sexes	Ifitm3	detected_fraction	monocyte	0.104329824471907	-0.0511848350939365	-0.00163015350737355	0.000799763048342758	0.000230870075337751
Lung_facs	all_observed_sexes	Ifitm3	detected_fraction	myeloid cell	0.119946450498846	0.00182678766793475	-0.000871684303049046	-1.36995938034427e-05	0.000722477244969807
Lung_facs	all_observed_sexes	Ifitm3	detected_fraction	stromal cell	0.156366287702137	-0.0145855678172126	0.00896274370782133	-0.00122392075034476	-0.0019505468231721
Lung_facs	all_observed_sexes	Il1b	mean_expression	B cell	0.0325227296908089	0	1.44352605454586e-05	1.67492465313492e-05	-4.58666771871639e-06
Lung_facs	all_observed_sexes	Il1b	mean_expression	endothelial cell	0.388614652649371	0.00436534347900991	0.132592873198222	0.0415908155403739	-0.000757964190374489
Lung_facs	all_observed_sexes	Il1b	mean_expression	epithelial cell	0.0855481162722956	-0.00163793519911189	0.0474837838435075	-0.0226723388277423	0.00545116429448757
Lung_facs	all_observed_sexes	Il1b	mean_expression	granulocyte	0.0207687577278881	-0.121107072146823	0.171256590234181	-0.00867065325104346	-0.381037956335712
Lung_facs	all_observed_sexes	Il1b	mean_expression	lymphocyte	0.0919031809867463	-3.78405108448478e-05	0.00112447205596754	-0.000576078257397388	-2.9636986155782e-05
Lung_facs	all_observed_sexes	Il1b	mean_expression	monocyte	0.104329824471907	-0.158510850135048	0.482734937419398	-0.236832643886475	0.0505188536374017
Lung_facs	all_observed_sexes	Il1b	mean_expression	myeloid cell	0.119946450498846	0.0029501112346115	0.0128666533936997	0.000202215325533349	0.0331960255674126
Lung_facs	all_observed_sexes	Il1b	mean_expression	stromal cell	0.156366287702137	-0.00415595535642607	0.102809020202375	-0.0140392381228635	0.0193371423879478
Lung_facs	all_observed_sexes	Il1b	detected_fraction	B cell	0.0325227296908089	0	0.000508167651418888	0.000589627408945479	-0.000161465472349387
Lung_facs	all_observed_sexes	Il1b	detected_fraction	endothelial cell	0.388614652649371	0.00464575741787204	-0.00552865878374174	-0.00173419145474369	-0.000308713346683616
Lung_facs	all_observed_sexes	Il1b	detected_fraction	epithelial cell	0.0855481162722956	-0.000410464899605069	0.00793250398146211	-0.00378757553553126	0.000699077336952874
Lung_facs	all_observed_sexes	Il1b	detected_fraction	granulocyte	0.0207687577278881	-0.00105151396782572	-0.00136636563999263	6.91785505148499e-05	-0.00170041482898745
Lung_facs	all_observed_sexes	Il1b	detected_fraction	lymphocyte	0.0919031809867463	-0.00247304209908001	-0.00355080471994247	0.00181911269788097	-3.80738227671703e-05
Lung_facs	all_observed_sexes	Il1b	detected_fraction	monocyte	0.104329824471907	-0.0247576723312139	0.0108308936820742	-0.00531370113812664	0.00470856550099019
Lung_facs	all_observed_sexes	Il1b	detected_fraction	myeloid cell	0.119946450498846	0.000406455032757002	0.00161352013046377	2.53584586801809e-05	-3.46421949693927e-05
Lung_facs	all_observed_sexes	Il1b	detected_fraction	stromal cell	0.156366287702137	-0.00134493759409052	0.0080744628541485	-0.00110262024188601	0.00499033639711308
Lung_facs	all_observed_sexes	Irf7	mean_expression	B cell	0.0325227296908089	0.00231862456603611	0.0108169335113828	0.0125508982345567	0.0191950451397865
Lung_facs	all_observed_sexes	Irf7	mean_expression	endothelial cell	0.388614652649371	0.0400407100392547	0.0256838462919424	0.00805633129239569	-0.00420865612537985
Lung_facs	all_observed_sexes	Irf7	mean_expression	epithelial cell	0.0855481162722956	-0.000334600981829213	0.0202596754885546	-0.00967349671901557	0.00271807404991515
Lung_facs	all_observed_sexes	Irf7	mean_expression	granulocyte	0.0207687577278881	-0.000580408994247764	0.00156936205669029	-7.94561785931788e-05	-6.05358354801317e-05
Lung_facs	all_observed_sexes	Irf7	mean_expression	lymphocyte	0.0919031809867463	-0.00843603069235375	-0.0098603265367879	0.00505154369869548	-0.000519441720027374
Lung_facs	all_observed_sexes	Irf7	mean_expression	monocyte	0.104329824471907	-0.0738334344817494	-0.030431594454101	0.0149299220205066	-0.0349964794869269
Lung_facs	all_observed_sexes	Irf7	mean_expression	myeloid cell	0.119946450498846	0.000758737056843665	-0.0084991405412882	-0.000133574474940922	0.00691335048273863
Lung_facs	all_observed_sexes	Irf7	mean_expression	stromal cell	0.156366287702137	-0.0125085614638967	-0.0275819050463621	0.00376648792164194	0.00108626478862991
Lung_facs	all_observed_sexes	Irf7	detected_fraction	B cell	0.0325227296908089	0.00130445965040778	0.00371599688690604	0.00431167471986478	0.0053738441565179
Lung_facs	all_observed_sexes	Irf7	detected_fraction	endothelial cell	0.388614652649371	0.0149419666809256	-0.000173623753296912	-5.44610982673543e-05	-0.000274767377806288
Lung_facs	all_observed_sexes	Irf7	detected_fraction	epithelial cell	0.0855481162722956	-0.00185685106063179	0.00333314025702453	-0.00159149248755543	0.00227478719738095
Lung_facs	all_observed_sexes	Irf7	detected_fraction	granulocyte	0.0207687577278881	-0.000116702118398839	0.000224510755158696	-1.13668905030111e-05	-0.00166195897297993
Lung_facs	all_observed_sexes	Irf7	detected_fraction	lymphocyte	0.0919031809867463	-0.0050607341581105	-0.0020920240693592	0.00107176481079635	-0.00196399757392124
Lung_facs	all_observed_sexes	Irf7	detected_fraction	monocyte	0.104329824471907	-0.0287873070284399	-0.0195850666915702	0.00960855070911865	0.000754838718950858
Lung_facs	all_observed_sexes	Irf7	detected_fraction	myeloid cell	0.119946450498846	0.000283667537242565	-0.00610058086872697	-9.58781517279545e-05	0.000677900052293727
Lung_facs	all_observed_sexes	Irf7	detected_fraction	stromal cell	0.156366287702137	-0.00373143249846464	-0.00430236058106301	0.000587515225503235	0.00100789636135949
Lung_facs	all_observed_sexes	Itga1	mean_expression	B cell	0.0325227296908089	1.05154471094979e-05	0.00174781524738022	0.00202799169280198	-0.000454928639132078
Lung_facs	all_observed_sexes	Itga1	mean_expression	endothelial cell	0.388614652649371	0.478139417920276	-1.05244251448131	-0.330122889947498	-0.027582929238931
Lung_facs	all_observed_sexes	Itga1	mean_expression	epithelial cell	0.0855481162722956	-0.00450449503547964	-0.00920744906950339	0.00439633045527615	0.00122282419273282
Lung_facs	all_observed_sexes	Itga1	mean_expression	granulocyte	0.0207687577278881	-0	0	-0	0
Lung_facs	all_observed_sexes	Itga1	mean_expression	lymphocyte	0.0919031809867463	-0.0119320665494813	0.0280201143284914	-0.0143549842335067	-0.00974041586825002
Lung_facs	all_observed_sexes	Itga1	mean_expression	monocyte	0.104329824471907	-0.00448780991959202	-0.00221429705910732	0.00108634736417021	0.00260527478466175
Lung_facs	all_observed_sexes	Itga1	mean_expression	myeloid cell	0.119946450498846	0.00043978220776265	-0.0203151566869388	-0.000319277740451286	0.00271360798435763
Lung_facs	all_observed_sexes	Itga1	mean_expression	stromal cell	0.156366287702137	-0.0563276135252127	-0.346427872951925	0.0473069716178155	0.0490342505277317
Lung_facs	all_observed_sexes	Itga1	detected_fraction	B cell	0.0325227296908089	0.000232939223287103	0.000798332203621456	0.000926305614662267	-0.000308468569407504
Lung_facs	all_observed_sexes	Itga1	detected_fraction	endothelial cell	0.388614652649371	0.0719575710020368	-0.0930279795239568	-0.0291803732972161	-0.00190949130644047
Lung_facs	all_observed_sexes	Itga1	detected_fraction	epithelial cell	0.0855481162722956	-0.00359269874422695	-0.00670178598161075	0.00319993796254441	0.000314767070646151
Lung_facs	all_observed_sexes	Itga1	detected_fraction	granulocyte	0.0207687577278881	-0	0	-0	0
Lung_facs	all_observed_sexes	Itga1	detected_fraction	lymphocyte	0.0919031809867463	-0.00945501234532367	0.00914083559592474	-0.0046829413085996	-0.00426484679485504
Lung_facs	all_observed_sexes	Itga1	detected_fraction	monocyte	0.104329824471907	-0.00802208034184075	-0.0124842607145809	0.00612485288056434	0.00552318909315169
Lung_facs	all_observed_sexes	Itga1	detected_fraction	myeloid cell	0.119946450498846	0.000253620737419471	-0.0118688923541715	-0.00018653428033542	0.00142624623846236
Lung_facs	all_observed_sexes	Itga1	detected_fraction	stromal cell	0.156366287702137	-0.00400175308137309	-0.0093358181946561	0.00127486648981322	0.00157608525366362
Lung_facs	all_observed_sexes	Itgal	mean_expression	B cell	0.0325227296908089	0.0284528850615674	-0.0162297830090284	-0.0188314326514903	0.00254612457857343
Lung_facs	all_observed_sexes	Itgal	mean_expression	endothelial cell	0.388614652649371	0.000744702744886851	0.0628537890213762	0.0197155418850723	-0.00117130869122485
Lung_facs	all_observed_sexes	Itgal	mean_expression	epithelial cell	0.0855481162722956	-0.0240049318893196	-0.0151676654097692	0.00724218715444965	0.0126820237368612
Lung_facs	all_observed_sexes	Itgal	mean_expression	granulocyte	0.0207687577278881	-0.00999284366792087	-0.140437176319182	0.00711027854609387	0.069846078007808
Lung_facs	all_observed_sexes	Itgal	mean_expression	lymphocyte	0.0919031809867463	-5.43387618800798e-05	-5.8765881235724e-05	3.01063474872824e-05	-1.17738757855044e-05
Lung_facs	all_observed_sexes	Itgal	mean_expression	monocyte	0.104329824471907	-0.305646647087403	0.0398420962045282	-0.0195467703923402	-0.00350314345575087
Lung_facs	all_observed_sexes	Itgal	mean_expression	myeloid cell	0.119946450498846	0.0022010425863108	-0.0966532375477915	-0.00151902482304754	-0.00351299025970846
Lung_facs	all_observed_sexes	Itgal	mean_expression	stromal cell	0.156366287702137	-0.0197320134947317	-0.0497212540237664	0.00678975953309313	0.030828174501338
Lung_facs	all_observed_sexes	Itgal	detected_fraction	B cell	0.0325227296908089	0.0107850860381929	-0.00400973869086084	-0.00465250361418979	0.00547562214666962
Lung_facs	all_observed_sexes	Itgal	detected_fraction	endothelial cell	0.388614652649371	0.00343872090363949	0.0225326002876201	0.00706787023768897	-0.00138304142767068
Lung_facs	all_observed_sexes	Itgal	detected_fraction	epithelial cell	0.0855481162722956	-0.00285428076667211	0.00768114517105307	-0.00366755788622779	0.00222868219619695
Lung_facs	all_observed_sexes	Itgal	detected_fraction	granulocyte	0.0207687577278881	-0.000734864875241838	-0.00341543634975781	0.000172922187982749	-0.00307807140245337
Lung_facs	all_observed_sexes	Itgal	detected_fraction	lymphocyte	0.0919031809867463	-0.000958601054030413	0.00336224074380173	-0.00172250949088566	-0.00152168265871738
Lung_facs	all_observed_sexes	Itgal	detected_fraction	monocyte	0.104329824471907	-0.0413913507670026	-0.00595468615246729	0.00292140459636502	-0.00179342029321275
Lung_facs	all_observed_sexes	Itgal	detected_fraction	myeloid cell	0.119946450498846	0.000486565874212073	-0.0151680020055354	-0.00023838385704411	0.00131885564903733
Lung_facs	all_observed_sexes	Itgal	detected_fraction	stromal cell	0.156366287702137	-0.0053844536111397	-0.0206917032240498	0.00282558620010413	0.00213826539914994
Lung_facs	all_observed_sexes	Lmnb1	mean_expression	B cell	0.0325227296908089	0.00210470235612721	0.00318387905512243	0.0036942578938779	-0.00180756253049988
Lung_facs	all_observed_sexes	Lmnb1	mean_expression	endothelial cell	0.388614652649371	0.00586664262242705	0.0194506865282164	0.00610115684211246	-0.00148646562821075
Lung_facs	all_observed_sexes	Lmnb1	mean_expression	epithelial cell	0.0855481162722956	-0.00251424837208602	0.000167804528308001	-8.01225347829704e-05	0.000641003235159972
Lung_facs	all_observed_sexes	Lmnb1	mean_expression	granulocyte	0.0207687577278881	-0.00177368887070051	-0.0168607972365929	0.000853655477869429	-0.00648936727393069
Lung_facs	all_observed_sexes	Lmnb1	mean_expression	lymphocyte	0.0919031809867463	-0.000874048380936856	-0.00170609282212362	0.000874048380936856	-0.00028313339956717
Lung_facs	all_observed_sexes	Lmnb1	mean_expression	monocyte	0.104329824471907	-0.00586376192893484	-0.00768764882973812	0.00377160643758387	-0.00443571958286039
Lung_facs	all_observed_sexes	Lmnb1	mean_expression	myeloid cell	0.119946450498846	0.000225657582009834	-7.53465460364021e-05	-1.18416389004658e-06	0.000485405280012431
Lung_facs	all_observed_sexes	Lmnb1	mean_expression	stromal cell	0.156366287702137	-0.000505890874800524	0.0216043296986655	-0.00295021126091239	0.00895041537697062
Lung_facs	all_observed_sexes	Lmnb1	detected_fraction	B cell	0.0325227296908089	0.00302820990273234	-0.000417205451211991	-0.000484083881587494	-0.000776811805405241
Lung_facs	all_observed_sexes	Lmnb1	detected_fraction	endothelial cell	0.388614652649371	0.00644822937399758	0.00908427838742739	0.00284949362371886	0.00023808126681588
Lung_facs	all_observed_sexes	Lmnb1	detected_fraction	epithelial cell	0.0855481162722956	-0.00448910382395631	-0.000752327028775733	0.000359217651269893	0.0020010355787138
Lung_facs	all_observed_sexes	Lmnb1	detected_fraction	granulocyte	0.0207687577278881	-0.000657594530636463	-0.00524560190698991	0.000265582744385647	-0.00413939767981004
Lung_facs	all_observed_sexes	Lmnb1	detected_fraction	lymphocyte	0.0919031809867463	-0.00282633382752001	-0.00551684318766038	0.00282633382752001	-0.000276696051007891
Lung_facs	all_observed_sexes	Lmnb1	detected_fraction	monocyte	0.104329824471907	-0.00827164868793559	-0.0100252394182749	0.00491844234377877	0.00155264565065936
Lung_facs	all_observed_sexes	Lmnb1	detected_fraction	myeloid cell	0.119946450498846	0.000263538812830951	-0.000582644668051625	-9.156979489167e-06	-0.00057083053725906
Lung_facs	all_observed_sexes	Lmnb1	detected_fraction	stromal cell	0.156366287702137	-0.0013524468999241	0.00529520724303304	-0.000723094872886795	0.00314204903426209
Lung_facs	all_observed_sexes	Lpl	mean_expression	B cell	0.0325227296908089	5.60834152733284e-05	0.00326899646499184	0.00379301970545193	0.00216332828183282
Lung_facs	all_observed_sexes	Lpl	mean_expression	endothelial cell	0.388614652649371	0.53245400084722	-1.12756227428049	-0.353685936722826	0.0486822651103482
Lung_facs	all_observed_sexes	Lpl	mean_expression	epithelial cell	0.0855481162722956	-0.0428111727980277	-0.0187999227168891	0.00897650067605048	0.0125009276773793
Lung_facs	all_observed_sexes	Lpl	mean_expression	granulocyte	0.0207687577278881	-3.01439845328814e-06	-5.95382592026949e-05	3.01439845328814e-06	-1.13358607555496e-05
Lung_facs	all_observed_sexes	Lpl	mean_expression	lymphocyte	0.0919031809867463	-0.0496700316744659	-0.0611238379022462	0.0313143522218241	0.0038134793086265
Lung_facs	all_observed_sexes	Lpl	mean_expression	monocyte	0.104329824471907	-0.0216966042140449	-0.00606932124891703	0.00297764525944921	-0.0102471595181702
Lung_facs	all_observed_sexes	Lpl	mean_expression	myeloid cell	0.119946450498846	0.00164665425186564	-0.0795741199215751	-0.00125060542719292	0.00975001424164283
Lung_facs	all_observed_sexes	Lpl	mean_expression	stromal cell	0.156366287702137	-0.0243727099940728	0.024764214151486	-0.00338171396550539	0.0532475589806908
Lung_facs	all_observed_sexes	Lpl	detected_fraction	B cell	0.0325227296908089	0.00256233145615813	0.0022099657884551	0.00256422540487688	0.00130234273389277
Lung_facs	all_observed_sexes	Lpl	detected_fraction	endothelial cell	0.388614652649371	0.0625818051024905	-0.0960892258305007	-0.0301406038691019	0.00291341990296548
Lung_facs	all_observed_sexes	Lpl	detected_fraction	epithelial cell	0.0855481162722956	-0.0174806110856708	-0.00756772618175271	0.00361340310860112	-0.00162747638581873
Lung_facs	all_observed_sexes	Lpl	detected_fraction	granulocyte	0.0207687577278881	-9.47955774024701e-05	-0.00187233497698385	9.47955774024701e-05	-0.000805262232698925
Lung_facs	all_observed_sexes	Lpl	detected_fraction	lymphocyte	0.0919031809867463	-0.0197346551433282	-0.0215188380719165	0.011024315519357	4.24267527585481e-05
Lung_facs	all_observed_sexes	Lpl	detected_fraction	monocyte	0.104329824471907	-0.0131688119817893	-0.0101593067057337	0.00498421655584902	0.00338548259461338
Lung_facs	all_observed_sexes	Lpl	detected_fraction	myeloid cell	0.119946450498846	0.000448904790784563	-0.0122670530487628	-0.000192791866671801	-0.0025428605500409
Lung_facs	all_observed_sexes	Lpl	detected_fraction	stromal cell	0.156366287702137	-0.00500919029886817	0.00169066939085534	-0.000230871864341591	0.00434375639089347
Lung_facs	all_observed_sexes	Oas1a	mean_expression	B cell	0.0325227296908089	0.0120328481536487	-0.000287929424082593	-0.000334084784434732	0.0110727941767202
Lung_facs	all_observed_sexes	Oas1a	mean_expression	endothelial cell	0.388614652649371	0.0238996828296894	0.0681503706619297	0.0213769369864324	0.00524947438342123
Lung_facs	all_observed_sexes	Oas1a	mean_expression	epithelial cell	0.0855481162722956	-0.000622100698673899	0.0131165833436692	-0.00626284591830505	0.00183222546503658
Lung_facs	all_observed_sexes	Oas1a	mean_expression	granulocyte	0.0207687577278881	-0.000552478718126112	-0.01091216759612	0.000552478718126112	-0.0101257012556662
Lung_facs	all_observed_sexes	Oas1a	mean_expression	lymphocyte	0.0919031809867463	-0.00411818332989281	0.00831080673493977	-0.004257709238769	0.000832221527405252
Lung_facs	all_observed_sexes	Oas1a	mean_expression	monocyte	0.104329824471907	-0.0705658070666718	-0.0828121642600245	0.0406281424595198	0.00190295180716769
Lung_facs	all_observed_sexes	Oas1a	mean_expression	myeloid cell	0.119946450498846	0.00105215793754099	-0.0378116785193822	-0.000594257158159183	0.00344563455718061
Lung_facs	all_observed_sexes	Oas1a	mean_expression	stromal cell	0.156366287702137	-0.00345553698335288	0.035910509908978	-0.00490381290214791	-0.00324757809079025
Lung_facs	all_observed_sexes	Oas1a	detected_fraction	B cell	0.0325227296908089	0.00211974693191264	0.00165111438839752	0.00191578959421195	0.00286917546616735
Lung_facs	all_observed_sexes	Oas1a	detected_fraction	endothelial cell	0.388614652649371	0.0105579259655735	0.00329921157211902	0.00103487387078138	0.00263844279244995
Lung_facs	all_observed_sexes	Oas1a	detected_fraction	epithelial cell	0.0855481162722956	-0.00177203560943789	-0.000129065818539345	6.1625753723585e-05	0.00161325070011578
Lung_facs	all_observed_sexes	Oas1a	detected_fraction	granulocyte	0.0207687577278881	-5.09824954097318e-05	-0.00100697007165518	5.09824954097318e-05	-0.00083729380469426
Lung_facs	all_observed_sexes	Oas1a	detected_fraction	lymphocyte	0.0919031809867463	-0.00138599062695693	0.00691893031750508	-0.00354463705808384	-0.00108496123270655
Lung_facs	all_observed_sexes	Oas1a	detected_fraction	monocyte	0.104329824471907	-0.0234552780183379	-0.0244487336045657	0.0119946947494601	0.00059353106652129
Lung_facs	all_observed_sexes	Oas1a	detected_fraction	myeloid cell	0.119946450498846	0.000256982303677025	-0.00497930569904607	-7.82559296542248e-05	0.00173758483989137
Lung_facs	all_observed_sexes	Oas1a	detected_fraction	stromal cell	0.156366287702137	-0.00127260011195875	0.00576720098749865	-0.000787548678185307	0.00202110887922622
Lung_facs	all_observed_sexes	Oasl2	mean_expression	B cell	0.0325227296908089	0.00274978716834345	-0.000830649582237815	-0.000963803499787911	-0.00205551394631787
Lung_facs	all_observed_sexes	Oasl2	mean_expression	endothelial cell	0.388614652649371	0.153130933319844	-0.24838220126957	-0.0779108112475325	0.00671379864087279
Lung_facs	all_observed_sexes	Oasl2	mean_expression	epithelial cell	0.0855481162722956	-0.00177264734906436	0.0049994367702596	-0.00238710808676839	0.00117200400109909
Lung_facs	all_observed_sexes	Oasl2	mean_expression	granulocyte	0.0207687577278881	-0.00265891404239668	-0.014661505132258	0.000742306190765385	0.0224158719906157
Lung_facs	all_observed_sexes	Oasl2	mean_expression	lymphocyte	0.0919031809867463	-0.0217363611973362	-0.0234278158304666	0.0120023038781781	-0.00573501660590478
Lung_facs	all_observed_sexes	Oasl2	mean_expression	monocyte	0.104329824471907	-0.0643305378561538	-0.078968603982934	0.0387424688282998	0.0143667804616896
Lung_facs	all_observed_sexes	Oasl2	mean_expression	myeloid cell	0.119946450498846	0.00118281621483882	-0.0581542361196081	-0.000913965537754208	-0.00743328298825848
Lung_facs	all_observed_sexes	Oasl2	mean_expression	stromal cell	0.156366287702137	-0.00346598750165064	0.0672060166478426	-0.00917741720668974	0.00622382010360079
Lung_facs	all_observed_sexes	Oasl2	detected_fraction	B cell	0.0325227296908089	0.00235268615519974	-5.93642920868765e-05	-6.88804445330866e-05	0.000431326775090987
Lung_facs	all_observed_sexes	Oasl2	detected_fraction	endothelial cell	0.388614652649371	0.033775375646883	-0.0424316229244124	-0.0133096580499441	-0.00141316471921481
Lung_facs	all_observed_sexes	Oasl2	detected_fraction	epithelial cell	0.0855481162722956	-0.00281809284082938	0.00145263864094553	-0.000693599220532451	0.00132479861478298
Lung_facs	all_observed_sexes	Oasl2	detected_fraction	granulocyte	0.0207687577278881	-0.000240175349469284	-0.00245248299871965	0.000124168241682843	0.000109201773468577
Lung_facs	all_observed_sexes	Oasl2	detected_fraction	lymphocyte	0.0919031809867463	-0.00706562225405938	0.00961808894740533	-0.00492744296393104	-0.00663505065938214
Lung_facs	all_observed_sexes	Oasl2	detected_fraction	monocyte	0.104329824471907	-0.0197613814232571	-0.0232311003954412	0.0113973166236039	0.00615888727808955
Lung_facs	all_observed_sexes	Oasl2	detected_fraction	myeloid cell	0.119946450498846	0.000292993641125442	-0.00646072718637133	-0.000101538295250415	-0.00177526037113262
Lung_facs	all_observed_sexes	Oasl2	detected_fraction	stromal cell	0.156366287702137	-0.00179455818257009	0.00817303840986951	-0.00111608137299237	0.0033155615707192
Lung_facs	all_observed_sexes	P2ry12	mean_expression	B cell	0.0325227296908089	0.000225791281132847	-0.00017337033143631	-0.000201161760350909	-7.28783468045403e-05
Lung_facs	all_observed_sexes	P2ry12	mean_expression	endothelial cell	0.388614652649371	0.00279778077647964	-0.00385954610131334	-0.00121063573099677	-0.00129231868359228
Lung_facs	all_observed_sexes	P2ry12	mean_expression	epithelial cell	0.0855481162722956	-0.000981556850054226	0.00760714262904686	-0.00363222349265864	0.00101112271709026
Lung_facs	all_observed_sexes	P2ry12	mean_expression	granulocyte	0.0207687577278881	-9.23003066270761e-06	-0.000108999779373353	5.51861560535701e-06	0.000165254461056445
Lung_facs	all_observed_sexes	P2ry12	mean_expression	lymphocyte	0.0919031809867463	-0.000411037603168667	-0.00061256261523826	0.000313821941648525	3.99310559373684e-05
Lung_facs	all_observed_sexes	P2ry12	mean_expression	monocyte	0.104329824471907	-0.0034909409806819	0.00274392137646386	-0.00134618421794477	-0.00143207162752898
Lung_facs	all_observed_sexes	P2ry12	mean_expression	myeloid cell	0.119946450498846	2.20152668463508e-05	0.000638870838209911	1.0040643092604e-05	0.000644358454186056
Lung_facs	all_observed_sexes	P2ry12	mean_expression	stromal cell	0.156366287702137	-0.000218234517441166	0.00889570883115274	-0.00121476670341157	0.00149962387210923
Lung_facs	all_observed_sexes	P2ry12	detected_fraction	B cell	0.0325227296908089	0.00556724743656176	-0.00455896869903296	-0.00528977571470507	0.000245745394633233
Lung_facs	all_observed_sexes	P2ry12	detected_fraction	endothelial cell	0.388614652649371	0.02470921054905	-0.0702437024705437	-0.0220335588320629	0.00271525509069028
Lung_facs	all_observed_sexes	P2ry12	detected_fraction	epithelial cell	0.0855481162722956	-0.00717492644509663	-0.0121244425827196	0.00578912310861495	0.00315317928196036
Lung_facs	all_observed_sexes	P2ry12	detected_fraction	granulocyte	0.0207687577278881	-0.000307886476185334	-0.00580788207035657	0.000294050766082364	0.00213548319861385
Lung_facs	all_observed_sexes	P2ry12	detected_fraction	lymphocyte	0.0919031809867463	-0.00617135256644563	-0.0107696968087237	0.00551742316524659	0.000911384684320464
Lung_facs	all_observed_sexes	P2ry12	detected_fraction	monocyte	0.104329824471907	-0.0107376586539433	-0.0151485546238632	0.0074319713874599	-0.00649157265686702
Lung_facs	all_observed_sexes	P2ry12	detected_fraction	myeloid cell	0.119946450498846	0.000257330946135907	-0.013744070246532	-0.000216005013426147	0.000402927813547406
Lung_facs	all_observed_sexes	P2ry12	detected_fraction	stromal cell	0.156366287702137	-0.00239945044066338	-0.0142495164296522	0.00194586383468833	-0.00270028243424356
Lung_facs	all_observed_sexes	Rtp4	mean_expression	B cell	0.0325227296908089	0.0139648722450146	0.0384378431989967	0.0445994659982692	0.00754158355475778
Lung_facs	all_observed_sexes	Rtp4	mean_expression	endothelial cell	0.388614652649371	0.220843760901411	0.409554432338101	0.128466202128765	-0.0124022777969576
Lung_facs	all_observed_sexes	Rtp4	mean_expression	epithelial cell	0.0855481162722956	-0.00569222190446242	0.0490457931152858	-0.0234181598343105	0.0105014213879556
Lung_facs	all_observed_sexes	Rtp4	mean_expression	granulocyte	0.0207687577278881	-0.00155823830552886	-0.030500928272629	0.00154424990317325	-0.0185660220918583
Lung_facs	all_observed_sexes	Rtp4	mean_expression	lymphocyte	0.0919031809867463	-0.0312424002849323	0.191176889455003	-0.0979418285651645	-0.0281063863781375
Lung_facs	all_observed_sexes	Rtp4	mean_expression	monocyte	0.104329824471907	-0.0743345651397424	-0.103079242216399	0.0505712919691054	0.0291008710326447
Lung_facs	all_observed_sexes	Rtp4	mean_expression	myeloid cell	0.119946450498846	0.000617340694992454	0.0192776909035124	0.000302972686238199	-0.00618274238028285
Lung_facs	all_observed_sexes	Rtp4	mean_expression	stromal cell	0.156366287702137	-0.0103384064457474	0.0748272511930035	-0.0102181461851304	0.0127416631117466
Lung_facs	all_observed_sexes	Rtp4	detected_fraction	B cell	0.0325227296908089	0.00612630157245081	-0.000371852906692428	-0.000431461281074673	0.00404078792218329
Lung_facs	all_observed_sexes	Rtp4	detected_fraction	endothelial cell	0.388614652649371	0.0370956190974169	-0.0132590026071752	-0.00415899224734316	-0.00162894025655745
Lung_facs	all_observed_sexes	Rtp4	detected_fraction	epithelial cell	0.0855481162722956	-0.00666980331354182	-0.00034740428051299	0.000165876998849903	0.00242702710218345
Lung_facs	all_observed_sexes	Rtp4	detected_fraction	granulocyte	0.0207687577278881	-0.000494689525772554	-0.0092242102205321	0.000467018105566614	0.000316082629596836
Lung_facs	all_observed_sexes	Rtp4	detected_fraction	lymphocyte	0.0919031809867463	-0.00907581821852449	0.0190202617814715	-0.00974426994798392	-0.00234913787298833
Lung_facs	all_observed_sexes	Rtp4	detected_fraction	monocyte	0.104329824471907	-0.0181654268361974	-0.0231784205185819	0.0113714715613366	0.00340701925428462
Lung_facs	all_observed_sexes	Rtp4	detected_fraction	myeloid cell	0.119946450498846	0.000193899638164288	0.0101965578567862	0.000160251481347844	-0.00359102488611089
Lung_facs	all_observed_sexes	Rtp4	detected_fraction	stromal cell	0.156366287702137	-0.0030754322366913	0.00588188507147606	-0.000803209533241526	0.00416903275414422
Lung_facs	all_observed_sexes	Stat1	mean_expression	B cell	0.0325227296908089	0.0360442977531858	-0.0139507270055259	-0.0161870418044249	0.00183970480389481
Lung_facs	all_observed_sexes	Stat1	mean_expression	endothelial cell	0.388614652649371	0.15189399958604	-0.0850928868680369	-0.0266913483067495	-0.0231417458230866
Lung_facs	all_observed_sexes	Stat1	mean_expression	epithelial cell	0.0855481162722956	-0.00635451143335529	0.00586465452513366	-0.00280022828297966	0.00109120750444495
Lung_facs	all_observed_sexes	Stat1	mean_expression	granulocyte	0.0207687577278881	-0.00209134933018427	0.0225823721282366	-0.00114333654571903	-0.0682685774152826
Lung_facs	all_observed_sexes	Stat1	mean_expression	lymphocyte	0.0919031809867463	-0.0353278098385404	-0.0312889128175561	0.0160296223246626	-0.000286186793112202
Lung_facs	all_observed_sexes	Stat1	mean_expression	monocyte	0.104329824471907	-0.110636683707942	-0.0835699165226813	0.0409999002459674	0.0472782069836756
Lung_facs	all_observed_sexes	Stat1	mean_expression	myeloid cell	0.119946450498846	0.00134910706360039	-0.0337134117974512	-0.000529847842547745	0.00840094238813624
Lung_facs	all_observed_sexes	Stat1	mean_expression	stromal cell	0.156366287702137	-0.0294401520124147	-0.0700722270485239	0.00956881681585032	0.0448065732674165
Lung_facs	all_observed_sexes	Stat1	detected_fraction	B cell	0.0325227296908089	0.0120196639216145	-0.00248397126874753	-0.00288215422409743	0.002550802014342
Lung_facs	all_observed_sexes	Stat1	detected_fraction	endothelial cell	0.388614652649371	0.0437854853793923	-0.0229322901030463	-0.00719324217500196	0.00192241192200174
Lung_facs	all_observed_sexes	Stat1	detected_fraction	epithelial cell	0.0855481162722956	-0.00567413274278552	0.00645557719543177	-0.00308237932313576	-0.000147650696515485
Lung_facs	all_observed_sexes	Stat1	detected_fraction	granulocyte	0.0207687577278881	-0.000494689525772554	-0.00348547453256303	0.000176468193404245	-0.00347009941586081
Lung_facs	all_observed_sexes	Stat1	detected_fraction	lymphocyte	0.0919031809867463	-0.0149337942277721	-0.00791007230725933	0.00405240899182008	-0.00213613888148569
Lung_facs	all_observed_sexes	Stat1	detected_fraction	monocyte	0.104329824471907	-0.0358402691665198	-0.02028019447435	0.00994958455165503	0.00170921496853521
Lung_facs	all_observed_sexes	Stat1	detected_fraction	myeloid cell	0.119946450498846	0.000536291810183566	-0.00810223015468706	-0.000127336538736515	0.00133147128233443
Lung_facs	all_observed_sexes	Stat1	detected_fraction	stromal cell	0.156366287702137	-0.00687363335647741	0.000482198894949197	-6.58473847474428e-05	0.00685036588469077
Lung_facs	all_observed_sexes	Tmem119	mean_expression	B cell	0.0325227296908089	0.000590592092947016	-0.000426465469190098	-0.00049482828924897	-9.39062800518062e-05
Lung_facs	all_observed_sexes	Tmem119	mean_expression	endothelial cell	0.388614652649371	0.0376637981864372	-0.0824254161352977	-0.0258546345337638	-0.00487422782346079
Lung_facs	all_observed_sexes	Tmem119	mean_expression	epithelial cell	0.0855481162722956	-0.00156848872835712	0.0400123832883721	-0.0191049288365317	0.00523018334630465
Lung_facs	all_observed_sexes	Tmem119	mean_expression	granulocyte	0.0207687577278881	-1.65640394735527e-06	0.00278616974117553	-0.000141062669128519	0.00349856615909328
Lung_facs	all_observed_sexes	Tmem119	mean_expression	lymphocyte	0.0919031809867463	-0.0753762518767541	-0.0847896815487324	0.0434386001258559	0.00282551902846782
Lung_facs	all_observed_sexes	Tmem119	mean_expression	monocyte	0.104329824471907	-0.0005860379333857	0.0036516251007323	-0.00179150908718523	-0.0015274394918528
Lung_facs	all_observed_sexes	Tmem119	mean_expression	myeloid cell	0.119946450498846	0.006502561781431	0.304753229481622	0.00478957282995913	0.000374996448242571
Lung_facs	all_observed_sexes	Tmem119	mean_expression	stromal cell	0.156366287702137	-0.10125934863776	-0.238366259123094	0.0325504577876327	-0.0960231682561704
Lung_facs	all_observed_sexes	Tmem119	detected_fraction	B cell	0.0325227296908089	0.0114373158633968	-0.00891772809491949	-0.010347248384674	0.00172769861337207
Lung_facs	all_observed_sexes	Tmem119	detected_fraction	endothelial cell	0.388614652649371	0.0342364984724555	-0.09532248969174	-0.0299000993793345	0.00107684422157094
Lung_facs	all_observed_sexes	Tmem119	detected_fraction	epithelial cell	0.0855481162722956	-0.00821788424765437	-0.00897618503637073	0.00428590756785137	0.0032137281531007
Lung_facs	all_observed_sexes	Tmem119	detected_fraction	granulocyte	0.0207687577278881	-9.20074721847504e-05	-0.00127072004519315	6.43360519788105e-05	-0.000674055370520603
Lung_facs	all_observed_sexes	Tmem119	detected_fraction	lymphocyte	0.0919031809867463	-0.0276319142365099	-0.04168217053249	0.0213541919849991	-0.000981157503966561
Lung_facs	all_observed_sexes	Tmem119	detected_fraction	monocyte	0.104329824471907	-0.0112522151972157	-0.013169697936301	0.0064611324759588	-0.00378681451657774
Lung_facs	all_observed_sexes	Tmem119	detected_fraction	myeloid cell	0.119946450498846	0.000703061649241651	0.0115604219636837	0.00018168628773616	0.00255568956696833
Lung_facs	all_observed_sexes	Tmem119	detected_fraction	stromal cell	0.156366287702137	-0.00929753773256428	-0.0158275943598921	0.00216136060525828	-0.0101368760983205
Lung_facs	all_observed_sexes	Tnf	mean_expression	B cell	0.0325227296908089	7.77334964918155e-06	0.000450614889763176	0.000522848884893499	-0.000146332583349571
Lung_facs	all_observed_sexes	Tnf	mean_expression	endothelial cell	0.388614652649371	0.000209283683657848	0.00015405028538676	4.83214282104311e-05	-0.000171208373621304
Lung_facs	all_observed_sexes	Tnf	mean_expression	epithelial cell	0.0855481162722956	-0	0.00253155614962157	-0.00120875579281626	0.000285762094514772
Lung_facs	all_observed_sexes	Tnf	mean_expression	granulocyte	0.0207687577278881	-0.000214912323135253	0.00835689282210793	-0.00042310616962272	0.000754942800008987
Lung_facs	all_observed_sexes	Tnf	mean_expression	lymphocyte	0.0919031809867463	-0	0	-0	0
Lung_facs	all_observed_sexes	Tnf	mean_expression	monocyte	0.104329824471907	-0.000303124741985768	0.0226807717472226	-0.0111273221014323	0.00142022054932268
Lung_facs	all_observed_sexes	Tnf	mean_expression	myeloid cell	0.119946450498846	6.6064392059816e-06	0.00520693087226904	8.18333399639956e-05	0.0020047428194113
Lung_facs	all_observed_sexes	Tnf	mean_expression	stromal cell	0.156366287702137	-0.000112819157827627	9.57331889890314e-05	-1.30729875047195e-05	-0.000140381361084747
Lung_facs	all_observed_sexes	Tnf	detected_fraction	B cell	0.0325227296908089	0.000419290601916785	-0.000107279837521765	-0.000124476897444045	-0.00013603573961015
Lung_facs	all_observed_sexes	Tnf	detected_fraction	endothelial cell	0.388614652649371	0.000388745264296669	1.19301661710067e-05	3.74217202339802e-06	-4.97039355869188e-05
Lung_facs	all_observed_sexes	Tnf	detected_fraction	epithelial cell	0.0855481162722956	-0	0.00285477584890864	-0.00136308524899837	0.00037056491403064
Lung_facs	all_observed_sexes	Tnf	detected_fraction	granulocyte	0.0207687577278881	-3.18640596310824e-05	-0.000229957107709716	1.16426371728955e-05	-0.000215363491884363
Lung_facs	all_observed_sexes	Tnf	detected_fraction	lymphocyte	0.0919031809867463	-0	0	-0	0
Lung_facs	all_observed_sexes	Tnf	detected_fraction	monocyte	0.104329824471907	-0.00161565053129983	-9.48439069461763e-05	4.65309872922472e-05	-0.000192066683794957
Lung_facs	all_observed_sexes	Tnf	detected_fraction	myeloid cell	0.119946450498846	2.97023065697982e-05	0.00187354117645529	2.94450100818408e-05	0.000787802975175818
Lung_facs	all_observed_sexes	Tnf	detected_fraction	stromal cell	0.156366287702137	-9.49014673838798e-05	0.00163607120067172	-0.000223416127563278	-0.000252647487113334
Lung_facs	all_observed_sexes	Usp18	mean_expression	B cell	0.0325227296908089	0.0230438786639554	-0.0128261937921621	-0.0148822448481105	0.000392237971535616
Lung_facs	all_observed_sexes	Usp18	mean_expression	endothelial cell	0.388614652649371	0.106741678736233	0.100995452655107	0.0316795551712311	0.0142794570853434
Lung_facs	all_observed_sexes	Usp18	mean_expression	epithelial cell	0.0855481162722956	-0.0361812898450271	0.066924256460416	-0.0319546863254609	0.0302282689161927
Lung_facs	all_observed_sexes	Usp18	mean_expression	granulocyte	0.0207687577278881	-3.37362287862205e-05	-0.000230147776993192	1.16522906831072e-05	0.000222920833894854
Lung_facs	all_observed_sexes	Usp18	mean_expression	lymphocyte	0.0919031809867463	-0.014258492691167	-0.0100029472901403	0.00512460973410641	0.00270264703228355
Lung_facs	all_observed_sexes	Usp18	mean_expression	monocyte	0.104329824471907	-0.0395736426004248	-0.0205370294413416	0.0100755893206496	0.0243975203174482
Lung_facs	all_observed_sexes	Usp18	mean_expression	myeloid cell	0.119946450498846	0.000461427301491327	0.00116682946320626	1.83381639750778e-05	0.00236759461272663
Lung_facs	all_observed_sexes	Usp18	mean_expression	stromal cell	0.156366287702137	-0.0096519818939915	0.0217326853031829	-0.00296773905071796	0.00917216017835565
Lung_facs	all_observed_sexes	Usp18	detected_fraction	B cell	0.0325227296908089	0.00379690933957978	-0.000125289785409364	-0.000145373857096156	-0.000386232915619601
Lung_facs	all_observed_sexes	Usp18	detected_fraction	endothelial cell	0.388614652649371	0.0211967567810503	0.00333099641273872	0.00104484391978407	-0.00121331864879581
Lung_facs	all_observed_sexes	Usp18	detected_fraction	epithelial cell	0.0855481162722956	-0.00703017474172569	0.0108952307829967	-0.00520220470914143	0.00497423722389287
Lung_facs	all_observed_sexes	Usp18	detected_fraction	granulocyte	0.0207687577278881	-3.78385708119104e-05	7.24587839390031e-05	-3.66855949699961e-06	0.000884089422752498
Lung_facs	all_observed_sexes	Usp18	detected_fraction	lymphocyte	0.0919031809867463	-0.00494863197504781	-0.00455371641721848	0.00233291437025165	0.000523718204407071
Lung_facs	all_observed_sexes	Usp18	detected_fraction	monocyte	0.104329824471907	-0.010885378235744	-0.00973705096538413	0.00477705536731391	0.00490490916372146
Lung_facs	all_observed_sexes	Usp18	detected_fraction	myeloid cell	0.119946450498846	0.00018216492043848	0.00380516572287013	5.98028719523368e-05	0.00113263582856397
Lung_facs	all_observed_sexes	Usp18	detected_fraction	stromal cell	0.156366287702137	-0.00275938495860602	0.000629913990494103	-8.60188385422001e-05	0.00346771485574648
Lung_facs	male_only	Apoe	mean_expression	B cell	0.0205015315110032	0.0645512340982059	0.312522364335859	0.758493841881638	-0.00920034759337448
Lung_facs	male_only	Apoe	mean_expression	endothelial cell	0.382465046200947	1.10754873900939	-1.38094512382256	-0.46233416595637	0.0317316880049558
Lung_facs	male_only	Apoe	mean_expression	epithelial cell	0.0807101295905162	-0.932266530506986	6.58225150008029	-2.93669681274076	-3.05642381297587
Lung_facs	male_only	Apoe	mean_expression	granulocyte	0.0184500553593391	0.000149726686116256	0.0492838279893196	0.00338491641108783	0.0412723606506623
Lung_facs	male_only	Apoe	mean_expression	lymphocyte	0.0933449675585509	-2.37057989448773	-3.51814907971357	1.828884248179	0.257499198571967
Lung_facs	male_only	Apoe	mean_expression	monocyte	0.130139694691054	-2.72288778208031	4.09252608695911	-2.42126616940022	-0.579611389555879
Lung_facs	male_only	Apoe	mean_expression	myeloid cell	0.121110151938745	0.0254306589281285	1.5546925668432	0.00926068455957153	0.592663113647846
Lung_facs	male_only	Apoe	mean_expression	stromal cell	0.153278423149844	-0.320464919926258	5.167968591722	-0.615825545806476	-0.480488618366628
Lung_facs	male_only	Apoe	detected_fraction	B cell	0.0205015315110032	0.0248786761761582	0.00171318904488814	0.00415792112442317	-0.00133411335000378
Lung_facs	male_only	Apoe	detected_fraction	endothelial cell	0.382465046200947	0.0808480574432858	-0.151649523906787	-0.0507715729927396	-0.00191392436240871
Lung_facs	male_only	Apoe	detected_fraction	epithelial cell	0.0807101295905162	-0.0298742450124369	-0.00224103364193829	0.000999845775179621	-0.00435843690855541
Lung_facs	male_only	Apoe	detected_fraction	granulocyte	0.0184500553593391	0.00106127028560572	-0.00533053471895075	-0.000366112276302077	0.00237055829091309
Lung_facs	male_only	Apoe	detected_fraction	lymphocyte	0.0933449675585509	-0.0455785607481773	-0.0554476515628551	0.0288240589708266	-0.000985620944236362
Lung_facs	male_only	Apoe	detected_fraction	monocyte	0.130139694691054	-0.0724437024819495	-0.0116125490735695	0.00687034648402832	0.00118764917354896
Lung_facs	male_only	Apoe	detected_fraction	myeloid cell	0.121110151938745	0.000684801406207073	-0.0252574804473533	-0.000150448753779933	-0.00435795736574648
Lung_facs	male_only	Apoe	detected_fraction	stromal cell	0.153278423149844	-0.0130773599617508	0.00207587791199984	-0.000247365792863486	-0.000508883137418578
Lung_facs	male_only	B2m	mean_expression	B cell	0.0205015315110032	1.37189842476001	0.51397234740834	1.24741428100717	0.135289684971668
Lung_facs	male_only	B2m	mean_expression	endothelial cell	0.382465046200947	3.81754335198488	16.525255189309	5.53258050835266	0.0145240232803516
Lung_facs	male_only	B2m	mean_expression	epithelial cell	0.0807101295905162	-0.154297695652581	1.50223025952924	-0.67022580573052	0.053727931564849
Lung_facs	male_only	B2m	mean_expression	granulocyte	0.0184500553593391	0.0222009689332973	0.691837756618706	0.0475168644914584	-0.662552370180724
Lung_facs	male_only	B2m	mean_expression	lymphocyte	0.0933449675585509	-0.888409382293702	6.51152280631484	-3.38496784027614	-0.505296751605433
Lung_facs	male_only	B2m	mean_expression	monocyte	0.130139694691054	-2.83496641135732	3.8695939659319	-2.28937256841969	0.65455199079286
Lung_facs	male_only	B2m	mean_expression	myeloid cell	0.121110151938745	0.0114771025104117	0.830046463184323	0.0049442562660128	0.314513722963207
Lung_facs	male_only	B2m	mean_expression	stromal cell	0.153278423149844	-0.380615789883639	3.55175706620761	-0.423234525336095	-0.198085473254739
Lung_facs	male_only	B2m	detected_fraction	B cell	0.0205015315110032	0.0497573523523163	-0.000197130110682723	-0.000478436080310732	8.3149129382093e-05
Lung_facs	male_only	B2m	detected_fraction	endothelial cell	0.382465046200947	0.123667381492208	0.00652239329601123	0.00218366770158366	0.00133831416921654
Lung_facs	male_only	B2m	detected_fraction	epithelial cell	0.0807101295905162	-0.0344420704217046	0.00086394386441132	-0.000385451876606768	0.000629910463001725
Lung_facs	male_only	B2m	detected_fraction	granulocyte	0.0184500553593391	0.00126718840072325	0	0	0
Lung_facs	male_only	B2m	detected_fraction	lymphocyte	0.0933449675585509	-0.0485247034581355	-0.000648228941378823	0.000336977107348162	-0.000156912959976829
Lung_facs	male_only	B2m	detected_fraction	monocyte	0.130139694691054	-0.0769947053130834	0	-0	0
Lung_facs	male_only	B2m	detected_fraction	myeloid cell	0.121110151938745	0.000721404950397256	-0.00143667417611083	-8.5576959995761e-06	-0.000209668536156976
Lung_facs	male_only	B2m	detected_fraction	stromal cell	0.153278423149844	-0.0173159537596014	0.00384854734478613	-0.000458600652674492	0.00127712064608185
Lung_facs	male_only	Bst2	mean_expression	B cell	0.0205015315110032	0.0113603259654764	0.0422862212844065	0.102628938280391	-0.00579892986557142
Lung_facs	male_only	Bst2	mean_expression	endothelial cell	0.382465046200947	0.319809829669444	2.26845462411388	0.759468322496731	0.0485596969046156
Lung_facs	male_only	Bst2	mean_expression	epithelial cell	0.0807101295905162	-0.00500473048617113	0.0771827638107365	-0.0344353868093233	-0.0278772242935967
Lung_facs	male_only	Bst2	mean_expression	granulocyte	0.0184500553593391	0.00155323333336003	-0.00652479654286629	-0.000448136676837349	0.00518383019624841
Lung_facs	male_only	Bst2	mean_expression	lymphocyte	0.0933449675585509	-0.100734932809749	0.412159100847947	-0.21425791522905	0.00948054185232677
Lung_facs	male_only	Bst2	mean_expression	monocyte	0.130139694691054	-0.0448358997172297	0.0649013815610113	-0.0383976830402504	-0.011273347117729
Lung_facs	male_only	Bst2	mean_expression	myeloid cell	0.121110151938745	0.000264728022442018	0.142450276121105	0.000848519572753874	0.00944310116048754
Lung_facs	male_only	Bst2	mean_expression	stromal cell	0.153278423149844	-0.00989422857994324	0.251623568402833	-0.0299839711869873	-0.0136156995907296
Lung_facs	male_only	Bst2	detected_fraction	B cell	0.0205015315110032	0.00207322301467985	0.0058687966932649	0.0142436083272201	0.00245711125404936
Lung_facs	male_only	Bst2	detected_fraction	endothelial cell	0.382465046200947	0.0880791298548004	0.00690976698719743	0.00231335865695794	-0.00702390780487766
Lung_facs	male_only	Bst2	detected_fraction	epithelial cell	0.0807101295905162	-0.0105693478448019	0.0163483355262076	-0.00729387274747017	-0.00741253094989864
Lung_facs	male_only	Bst2	detected_fraction	granulocyte	0.0184500553593391	0.000316797100180813	0.00072829165892128	5.00205947653915e-05	7.94582384354842e-05
Lung_facs	male_only	Bst2	detected_fraction	lymphocyte	0.0933449675585509	-0.0319086686376225	0.0192323633916721	-0.00999780443219515	-0.00240646400051927
Lung_facs	male_only	Bst2	detected_fraction	monocyte	0.130139694691054	-0.0332016641930222	-0.00757860091841667	0.00448373684742528	0.00430680214710105
Lung_facs	male_only	Bst2	detected_fraction	myeloid cell	0.121110151938745	0.000265846525481123	0.0162524669113396	9.68094738411198e-05	-0.00428769101134512
Lung_facs	male_only	Bst2	detected_fraction	stromal cell	0.153278423149844	-0.00501542405453226	0.034858854890653	-0.00415385135536828	0.0020148078094856
Lung_facs	male_only	Cd38	mean_expression	B cell	0.0205015315110032	0.142750384897827	-0.0276141711732636	-0.0670197757785959	-0.00405924780025418
Lung_facs	male_only	Cd38	mean_expression	endothelial cell	0.382465046200947	0.21050652739019	-0.497329887154659	-0.166503791219707	-0.0940088325138977
Lung_facs	male_only	Cd38	mean_expression	epithelial cell	0.0807101295905162	-0.00321587193909381	0.00687609683189959	-0.00306779703724327	0.00297957811755334
Lung_facs	male_only	Cd38	mean_expression	granulocyte	0.0184500553593391	0	2.28008424819106e-05	1.56600956241413e-06	1.42778682367207e-05
Lung_facs	male_only	Cd38	mean_expression	lymphocyte	0.0933449675585509	-0.0314355426287687	-0.0356859892891839	0.0185511023589104	-0.00559380522376976
Lung_facs	male_only	Cd38	mean_expression	monocyte	0.130139694691054	-0.0450116054535214	-0.0723552208858896	0.0428076070348664	0.0435910323574778
Lung_facs	male_only	Cd38	mean_expression	myeloid cell	0.121110151938745	1.50103849821772e-05	0.0114481073229397	6.81918168150334e-05	-0.00474484993700383
Lung_facs	male_only	Cd38	mean_expression	stromal cell	0.153278423149844	-0.00478305605076722	-0.0179105212525876	0.00213425378469222	0.00829947381682567
Lung_facs	male_only	Cd38	detected_fraction	B cell	0.0205015315110032	0.0228054531614783	-0.00121480740476748	-0.0029483455929513	0.00181076418598178
Lung_facs	male_only	Cd38	detected_fraction	endothelial cell	0.382465046200947	0.0414769968994361	-0.0710396727309961	-0.0237837603213252	-0.0108777661434905
Lung_facs	male_only	Cd38	detected_fraction	epithelial cell	0.0807101295905162	-0.000933570156638651	0.00749473492466104	-0.00334380480073125	0.00122628898913402
Lung_facs	male_only	Cd38	detected_fraction	granulocyte	0.0184500553593391	0	0.00059757264321746	4.10425392946802e-05	0.000429069995188396
Lung_facs	male_only	Cd38	detected_fraction	lymphocyte	0.0933449675585509	-0.00506778558843082	-0.000103043146006193	5.35662310901498e-05	0.000304717132655502
Lung_facs	male_only	Cd38	detected_fraction	monocyte	0.130139694691054	-0.00802444818360382	-0.00972580785249411	0.00575409148847444	-0.00186700759696469
Lung_facs	male_only	Cd38	detected_fraction	myeloid cell	0.121110151938745	2.98646135379509e-05	-0.00174217163114418	-1.03774226935554e-05	-5.91500622519887e-05
Lung_facs	male_only	Cd38	detected_fraction	stromal cell	0.153278423149844	-0.000771221373961997	0.00398110690604047	-0.000474396716971802	0.00258165532071502
Lung_facs	male_only	Cdkn1a	mean_expression	B cell	0.0205015315110032	0.0248741634781784	0.0118378111510799	0.0287304458307584	-0.0105458897242575
Lung_facs	male_only	Cdkn1a	mean_expression	endothelial cell	0.382465046200947	1.23101018579849	0.243878674910881	0.0816494745622885	-0.0641773660603091
Lung_facs	male_only	Cdkn1a	mean_expression	epithelial cell	0.0807101295905162	-0.0728065279847604	0.301126189490965	-0.134348607144546	0.0126417027905227
Lung_facs	male_only	Cdkn1a	mean_expression	granulocyte	0.0184500553593391	0.00109513505590513	0.0435229092401908	0.00298924445920341	0.0412916957276169
Lung_facs	male_only	Cdkn1a	mean_expression	lymphocyte	0.0933449675585509	-0.189030812826977	3.80571673607502	-1.97837420584959	-0.0213534769306343
Lung_facs	male_only	Cdkn1a	mean_expression	monocyte	0.130139694691054	-0.593308057774746	-0.426234443616093	0.252173600517622	0.1463751149533
Lung_facs	male_only	Cdkn1a	mean_expression	myeloid cell	0.121110151938745	0.00436104785212612	-0.282813566932044	-0.0016846078050292	0.0356034966477238
Lung_facs	male_only	Cdkn1a	mean_expression	stromal cell	0.153278423149844	-0.0382103703996231	0.688473073165498	-0.0820398380002407	-0.0272765535210018
Lung_facs	male_only	Cdkn1a	detected_fraction	B cell	0.0205015315110032	0.0145125611027589	-0.00139167922151275	-0.00337761466010685	-0.00274910776410326
Lung_facs	male_only	Cdkn1a	detected_fraction	endothelial cell	0.382465046200947	0.0945258653401793	-0.0409460865014045	-0.0137085641023898	-0.000647014038315741
Lung_facs	male_only	Cdkn1a	detected_fraction	epithelial cell	0.0807101295905162	-0.018538035967539	0.00467868934374516	-0.00208741523829847	0.000507323158006223
Lung_facs	male_only	Cdkn1a	detected_fraction	granulocyte	0.0184500553593391	0.000126718840072325	0.00164705959786812	0.000113123498930962	0.00138056487712284
Lung_facs	male_only	Cdkn1a	detected_fraction	lymphocyte	0.0933449675585509	-0.0273660421775264	0.0294228590924545	-0.0152952596127511	0.000536702347836732
Lung_facs	male_only	Cdkn1a	detected_fraction	monocyte	0.130139694691054	-0.064769230231587	-0.0315400123673889	0.0186600557467348	-0.00245957504946515
Lung_facs	male_only	Cdkn1a	detected_fraction	myeloid cell	0.121110151938745	0.000458064546331905	-0.0100662677968011	-5.99607489908e-05	-0.00557107145583215
Lung_facs	male_only	Cdkn1a	detected_fraction	stromal cell	0.153278423149844	-0.00639620880644521	0.0271674008130465	-0.00323732219670147	0.00616973315462143
Lung_facs	male_only	Cdkn2a	mean_expression	B cell	0.0205015315110032	0	0.000402980270051836	0.000978035776363305	-0.00016997635976016
Lung_facs	male_only	Cdkn2a	mean_expression	endothelial cell	0.382465046200947	0.00125536976977613	0.00342614763602925	0.00114705869365922	-0.000777139194781963
Lung_facs	male_only	Cdkn2a	mean_expression	epithelial cell	0.0807101295905162	-0	0	-0	0
Lung_facs	male_only	Cdkn2a	mean_expression	granulocyte	0.0184500553593391	0	0	0	0
Lung_facs	male_only	Cdkn2a	mean_expression	lymphocyte	0.0933449675585509	-0	0.029040579184493	-0.0150965341789434	-0.00548336683268198
Lung_facs	male_only	Cdkn2a	mean_expression	monocyte	0.130139694691054	-0	0	-0	0
Lung_facs	male_only	Cdkn2a	mean_expression	myeloid cell	0.121110151938745	0	0	0	0
Lung_facs	male_only	Cdkn2a	mean_expression	stromal cell	0.153278423149844	-0	0.00257939952528024	-0.000307366442406993	0.000372239840759837
Lung_facs	male_only	Cdkn2a	detected_fraction	B cell	0.0205015315110032	0	0.000197130110682723	0.000478436080310733	-8.31491293820827e-05
Lung_facs	male_only	Cdkn2a	detected_fraction	endothelial cell	0.382465046200947	0.00157447761388136	-0.000260348419756039	-8.71634704591155e-05	-0.000710035637049617
Lung_facs	male_only	Cdkn2a	detected_fraction	epithelial cell	0.0807101295905162	-0	0	-0	0
Lung_facs	male_only	Cdkn2a	detected_fraction	granulocyte	0.0184500553593391	0	0	0	0
Lung_facs	male_only	Cdkn2a	detected_fraction	lymphocyte	0.0933449675585509	-0	0.0128608621969559	-0.00668562580978756	-0.00312104342792301
Lung_facs	male_only	Cdkn2a	detected_fraction	monocyte	0.130139694691054	-0	0	-0	0
Lung_facs	male_only	Cdkn2a	detected_fraction	myeloid cell	0.121110151938745	0	0	0	0
Lung_facs	male_only	Cdkn2a	detected_fraction	stromal cell	0.153278423149844	-0	0.00440641889971187	-0.000525077750726587	0.000437488431545041
Lung_facs	male_only	Clec7a	mean_expression	B cell	0.0205015315110032	0	8.30282906219027e-06	2.01510209589331e-05	-4.18503826414959e-06
Lung_facs	male_only	Clec7a	mean_expression	endothelial cell	0.382465046200947	1.22263308327985e-05	0.0254581045839352	0.00852325798223108	-0.000443295651398111
Lung_facs	male_only	Clec7a	mean_expression	epithelial cell	0.0807101295905162	-0.00398287235929932	-0.00308129313047463	0.00137473077643333	0.000128787159879435
Lung_facs	male_only	Clec7a	mean_expression	granulocyte	0.0184500553593391	0.0106192657190718	0.126219425604554	0.00866901420927615	-0.12924869951704
Lung_facs	male_only	Clec7a	mean_expression	lymphocyte	0.0933449675585509	-1.10050767342221e-05	0.00048922062622791	-0.000254317789530776	-0.000191604046070732
Lung_facs	male_only	Clec7a	mean_expression	monocyte	0.130139694691054	-0.247607796645799	-0.171702496374977	0.101584556051836	0.0708171025626518
Lung_facs	male_only	Clec7a	mean_expression	myeloid cell	0.121110151938745	0.000694342307555708	-0.0114719053617473	-6.83335722560986e-05	-0.00501264140858533
Lung_facs	male_only	Clec7a	mean_expression	stromal cell	0.153278423149844	-0.00758558464082017	-0.0197124699543845	0.00234897762116772	0.00438845417985929
Lung_facs	male_only	Clec7a	detected_fraction	B cell	0.0205015315110032	0	0.000160168214929713	0.000388729315252471	-8.07327361746933e-05
Lung_facs	male_only	Clec7a	detected_fraction	endothelial cell	0.382465046200947	0.00116406875718243	0.00404344123157899	0.00135372579050858	-0.00065352172256658
Lung_facs	male_only	Clec7a	detected_fraction	epithelial cell	0.0807101295905162	-0.000933570156638651	0.0151051193525509	-0.00673920707195159	-0.0041115705370459
Lung_facs	male_only	Clec7a	detected_fraction	granulocyte	0.0184500553593391	0.000887031880506276	0.00147650240594981	0.000101409274173939	-0.0026931528780163
Lung_facs	male_only	Clec7a	detected_fraction	lymphocyte	0.0933449675585509	-0.00055141708475154	0.00555119693435322	-0.00288574941019973	-0.00149657309441651
Lung_facs	male_only	Clec7a	detected_fraction	monocyte	0.130139694691054	-0.0475559402519036	-0.0139257393154723	0.00823890203067548	0.00117509341347711
Lung_facs	male_only	Clec7a	detected_fraction	myeloid cell	0.121110151938745	0.000139876630865125	0.0102165382005043	6.08558499496737e-05	-0.00105164923565616
Lung_facs	male_only	Clec7a	detected_fraction	stromal cell	0.153278423149844	-0.00117947584241792	0.00198128339365004	-0.00023609371954122	-0.000891471219575495
Lung_facs	male_only	Cst7	mean_expression	B cell	0.0205015315110032	0	0	0	0
Lung_facs	male_only	Cst7	mean_expression	endothelial cell	0.382465046200947	0	0.00327900610014219	0.0010977963746153	-7.33500773614833e-05
Lung_facs	male_only	Cst7	mean_expression	epithelial cell	0.0807101295905162	-4.8667866567692e-05	-9.00027863278128e-05	4.01550891428946e-05	3.88982220177518e-05
Lung_facs	male_only	Cst7	mean_expression	granulocyte	0.0184500553593391	0	0	0	0
Lung_facs	male_only	Cst7	mean_expression	lymphocyte	0.0933449675585509	-2.07569589357104e-05	-3.99293044652953e-05	2.07569589357104e-05	-1.56964234014507e-06
Lung_facs	male_only	Cst7	mean_expression	monocyte	0.130139694691054	-0	0.00619761782922509	-0.00366670414846993	0.00187024639670597
Lung_facs	male_only	Cst7	mean_expression	myeloid cell	0.121110151938745	0	0.0199388945919299	0.00011876805564031	-0.00890621853545382
Lung_facs	male_only	Cst7	mean_expression	stromal cell	0.153278423149844	-0.0265971501459723	-0.193316208926943	0.0230359487993725	-0.0126703279999152
Lung_facs	male_only	Cst7	detected_fraction	B cell	0.0205015315110032	0	0	0	0
Lung_facs	male_only	Cst7	detected_fraction	endothelial cell	0.382465046200947	0	0.00545019486590544	0.00182470052876037	-0.00018348986740226
Lung_facs	male_only	Cst7	detected_fraction	epithelial cell	0.0807101295905162	-0.00240060897421368	-0.00403401018494682	0.00179978915308122	0.00241288553883126
Lung_facs	male_only	Cst7	detected_fraction	granulocyte	0.0184500553593391	0	0	0	0
Lung_facs	male_only	Cst7	detected_fraction	lymphocyte	0.0933449675585509	-0.00112909212591982	-0.00217198788150308	0.00112909212591982	-0.000164968640236052
Lung_facs	male_only	Cst7	detected_fraction	monocyte	0.130139694691054	-0	0.00166845762424428	-0.00098711160657799	0.000503488105556458
Lung_facs	male_only	Cst7	detected_fraction	myeloid cell	0.121110151938745	0	0.010426863840557	6.21086760381606e-05	-0.00430978891316105
Lung_facs	male_only	Cst7	detected_fraction	stromal cell	0.153278423149844	-0.00327586517577996	-0.0225018824732681	0.00268136963486386	0.00207747830998999
Lung_facs	male_only	Fth1	mean_expression	B cell	0.0205015315110032	1.28612211150401	0.461257377280276	1.11947470042041	0.209849014397669
Lung_facs	male_only	Fth1	mean_expression	endothelial cell	0.382465046200947	2.75633686850249	2.14040337709083	0.716597345605051	0.832864093599923
Lung_facs	male_only	Fth1	mean_expression	epithelial cell	0.0807101295905162	-0.69136443238723	2.48027105108823	-1.10658246503877	-0.044863441634073
Lung_facs	male_only	Fth1	mean_expression	granulocyte	0.0184500553593391	0.104454568510943	0.48253524098236	0.0331415298438947	-0.292060705844388
Lung_facs	male_only	Fth1	mean_expression	lymphocyte	0.0933449675585509	-1.4299203650558	0.0344051154667711	-0.0178852494048036	0.0562850283225174
Lung_facs	male_only	Fth1	mean_expression	monocyte	0.130139694691054	-1.61291479409534	4.20505732836368	-2.48784316415212	0.320658316235162
Lung_facs	male_only	Fth1	mean_expression	myeloid cell	0.121110151938745	0.0198793096433343	3.1844621542181	0.0189685730356243	0.815450694328616
Lung_facs	male_only	Fth1	mean_expression	stromal cell	0.153278423149844	-0.302562952411134	5.61973670891285	-0.669659144523128	-0.808922748232776
Lung_facs	male_only	Fth1	detected_fraction	B cell	0.0205015315110032	0.0497573523523163	-0.000197130110682723	-0.000478436080310732	8.3149129382093e-05
Lung_facs	male_only	Fth1	detected_fraction	endothelial cell	0.382465046200947	0.125173457629973	-0.0414095563540196	-0.0138637317075743	0.00127287706969004
Lung_facs	male_only	Fth1	detected_fraction	epithelial cell	0.0807101295905162	-0.0360091346132052	0	-0	0
Lung_facs	male_only	Fth1	detected_fraction	granulocyte	0.0184500553593391	0.00126718840072325	0	0	0
Lung_facs	male_only	Fth1	detected_fraction	lymphocyte	0.0933449675585509	-0.0485247034581355	0	-0	0
Lung_facs	male_only	Fth1	detected_fraction	monocyte	0.130139694691054	-0.0769947053130834	0	-0	0
Lung_facs	male_only	Fth1	detected_fraction	myeloid cell	0.121110151938745	0.000721404950397256	0	0	0
Lung_facs	male_only	Fth1	detected_fraction	stromal cell	0.153278423149844	-0.0176991348562954	-0.00010544803630969	1.25654003816224e-05	0.00107123624275285
Lung_facs	male_only	H2-D1	mean_expression	B cell	0.0205015315110032	3.05071046268792	0.849684927082412	2.0621909286436	0.836390138512292
Lung_facs	male_only	H2-D1	mean_expression	endothelial cell	0.382465046200947	9.10210231607092	26.655411599177	8.92411094208892	-1.14133135452778
Lung_facs	male_only	H2-D1	mean_expression	epithelial cell	0.0807101295905162	-1.0545197820532	3.48480370592138	-1.55475857099682	-0.29275932325894
Lung_facs	male_only	H2-D1	mean_expression	granulocyte	0.0184500553593391	0.184173005689497	-0.499375584990966	-0.034298159901435	-1.0482200809307
Lung_facs	male_only	H2-D1	mean_expression	lymphocyte	0.0933449675585509	-1.89377084458452	9.93631222767833	-5.16531974809572	-1.58265899300027
Lung_facs	male_only	H2-D1	mean_expression	monocyte	0.130139694691054	-6.4996163640087	2.60557473086632	-1.54153933625341	-0.59720214050279
Lung_facs	male_only	H2-D1	mean_expression	myeloid cell	0.121110151938745	0.0257382698337383	1.39724086135454	0.00832280744547576	0.0666550198551894
Lung_facs	male_only	H2-D1	mean_expression	stromal cell	0.153278423149844	-0.979746822915537	7.39515424917286	-0.881221474355458	0.669292312154091
Lung_facs	male_only	H2-D1	detected_fraction	B cell	0.0205015315110032	0.0497573523523163	0	0	0
Lung_facs	male_only	H2-D1	detected_fraction	endothelial cell	0.382465046200947	0.123906164827015	0.00662126439116248	0.00221676929593768	0.00157296547885277
Lung_facs	male_only	H2-D1	detected_fraction	epithelial cell	0.0807101295905162	-0.0360091346132052	-0.00134666512108759	0.000600819821132454	-0.000185282457015316
Lung_facs	male_only	H2-D1	detected_fraction	granulocyte	0.0184500553593391	0.00126718840072325	0	0	0
Lung_facs	male_only	H2-D1	detected_fraction	lymphocyte	0.0933449675585509	-0.0485247034581355	0	-0	0
Lung_facs	male_only	H2-D1	detected_fraction	monocyte	0.130139694691054	-0.0769947053130834	0	-0	0
Lung_facs	male_only	H2-D1	detected_fraction	myeloid cell	0.121110151938745	0.000677667164736281	0.0039611878935834	2.35952189815603e-05	-0.00146419017830228
Lung_facs	male_only	H2-D1	detected_fraction	stromal cell	0.153278423149844	-0.0180823159529894	-0.00265364797973137	0.000316214037777618	0.00181053304253903
Lung_facs	male_only	H2-K1	mean_expression	B cell	0.0205015315110032	1.54257632418181	0.849380449607947	2.06145195980256	0.529146734958945
Lung_facs	male_only	H2-K1	mean_expression	endothelial cell	0.382465046200947	4.24116890252952	21.4445182722794	7.17952748354421	-0.48119448023315
Lung_facs	male_only	H2-K1	mean_expression	epithelial cell	0.0807101295905162	-0.378420199477205	2.90744158440092	-1.2971662407667	-0.213437253125642
Lung_facs	male_only	H2-K1	mean_expression	granulocyte	0.0184500553593391	0.0115437371725443	0.229417873653401	0.0157568995187338	-0.267297062180336
Lung_facs	male_only	H2-K1	mean_expression	lymphocyte	0.0933449675585509	-0.665052552536037	6.03623098363954	-3.13789083811285	-1.31354365431673
Lung_facs	male_only	H2-K1	mean_expression	monocyte	0.130139694691054	-1.9163674511716	2.91289234646572	-1.7233580296718	-0.207487167375839
Lung_facs	male_only	H2-K1	mean_expression	myeloid cell	0.121110151938745	0.00874520902383747	1.22804990416145	0.00731500428341485	0.0759148518243442
Lung_facs	male_only	H2-K1	mean_expression	stromal cell	0.153278423149844	-0.5817220775128	5.40275803628933	-0.643803528892882	0.308773557828879
Lung_facs	male_only	H2-K1	detected_fraction	B cell	0.0205015315110032	0.0456109063229566	0.00170846095925027	0.0041464460293597	0.000324059365952985
Lung_facs	male_only	H2-K1	detected_fraction	endothelial cell	0.382465046200947	0.121856607869924	0.00845889602125362	0.00283200003347885	-0.00169864975398287
Lung_facs	male_only	H2-K1	detected_fraction	epithelial cell	0.0807101295905162	-0.0332417659345977	0.00555183478037511	-0.00247697243172675	0.000401239378462731
Lung_facs	male_only	H2-K1	detected_fraction	granulocyte	0.0184500553593391	0.00104543043059668	-0.00259134886845238	-0.000177979261545577	0.00163346217457148
Lung_facs	male_only	H2-K1	detected_fraction	lymphocyte	0.0933449675585509	-0.047369353375799	-0.00151129947475749	0.000785638055988862	-0.000653857154861839
Lung_facs	male_only	H2-K1	detected_fraction	monocyte	0.130139694691054	-0.0769947053130834	0	-0	0
Lung_facs	male_only	H2-K1	detected_fraction	myeloid cell	0.121110151938745	0.000568844809212129	0.0163846430912243	9.75967947136226e-05	-0.00386005074452259
Lung_facs	male_only	H2-K1	detected_fraction	stromal cell	0.153278423149844	-0.0151366251555274	0.0191031775744461	-0.00227637311404429	0.0033791933574637
Lung_facs	male_only	Ifi204	mean_expression	B cell	0.0205015315110032	0	0	0	0
Lung_facs	male_only	Ifi204	mean_expression	endothelial cell	0.382465046200947	0.0197515771236107	-0.054415712487113	-0.0182181338082509	0.00989360130462894
Lung_facs	male_only	Ifi204	mean_expression	epithelial cell	0.0807101295905162	-0	0.0017961882474258	-0.000801376292175016	0.000213782358673052
Lung_facs	male_only	Ifi204	mean_expression	granulocyte	0.0184500553593391	0.000655639489346388	-0.0095306450494836	-0.000654584640690678	-0.0115295293916009
Lung_facs	male_only	Ifi204	mean_expression	lymphocyte	0.0933449675585509	-2.93018756568822e-06	0.000658283163219054	-0.000342203721552013	-1.52842146680363e-05
Lung_facs	male_only	Ifi204	mean_expression	monocyte	0.130139694691054	-0.137636140702187	-0.137214330118029	0.0811802804459479	0.0467701850976842
Lung_facs	male_only	Ifi204	mean_expression	myeloid cell	0.121110151938745	0.00025169328613011	-0.0291740591302992	-0.000173778253456612	0.00024606720056073
Lung_facs	male_only	Ifi204	mean_expression	stromal cell	0.153278423149844	-0.00169974146592308	-0.00779145614476064	0.000928445606395541	0.00605736608655677
Lung_facs	male_only	Ifi204	detected_fraction	B cell	0.0205015315110032	0	0	0	0
Lung_facs	male_only	Ifi204	detected_fraction	endothelial cell	0.382465046200947	0.0117314749855789	-0.0280382342313894	-0.00938707368934118	0.00190853153849313
Lung_facs	male_only	Ifi204	detected_fraction	epithelial cell	0.0807101295905162	-0	0.00139155395845717	-0.000620847148503537	0.000165622778061343
Lung_facs	male_only	Ifi204	detected_fraction	granulocyte	0.0184500553593391	0.000205918115117528	-0.00264332523898223	-0.000181549107411312	-0.00229511037967517
Lung_facs	male_only	Ifi204	detected_fraction	lymphocyte	0.0933449675585509	-0.00057767504116828	0.000185208268965378	-9.62791735280462e-05	-5.79351439680762e-06
Lung_facs	male_only	Ifi204	detected_fraction	monocyte	0.130139694691054	-0.0446035117023042	-0.0385505430260762	0.0228077044978354	0.000232196477946985
Lung_facs	male_only	Ifi204	detected_fraction	myeloid cell	0.121110151938745	0.000137799384394017	-0.0168342928502192	-0.000100275179282473	-0.000583001414583073
Lung_facs	male_only	Ifi204	detected_fraction	stromal cell	0.153278423149844	-0.000780245566456601	-0.00148081334208405	0.000176456700237523	0.00297023160705595
Lung_facs	male_only	Ifit2	mean_expression	B cell	0.0205015315110032	0.0302130630805885	-0.0124099363430957	-0.0301189974496208	-0.00329197870251636
Lung_facs	male_only	Ifit2	mean_expression	endothelial cell	0.382465046200947	0.0276841713768399	-0.0680552644091137	-0.0227845939471022	-0.00819810916559877
Lung_facs	male_only	Ifit2	mean_expression	epithelial cell	0.0807101295905162	-0	6.93445909467537e-05	-3.09383558515896e-05	1.09171051618447e-05
Lung_facs	male_only	Ifit2	mean_expression	granulocyte	0.0184500553593391	0	0	0	0
Lung_facs	male_only	Ifit2	mean_expression	lymphocyte	0.0933449675585509	-0.014563221708698	-0.0247812181514453	0.0128823362799497	-0.000109188070128508
Lung_facs	male_only	Ifit2	mean_expression	monocyte	0.130139694691054	-0.00739380042381385	-0.00889700693623775	0.0052637469977957	-0.000707006269675764
Lung_facs	male_only	Ifit2	mean_expression	myeloid cell	0.121110151938745	0.000403083764993448	-0.0491943865414384	-0.000293031371975318	-0.00236502584080066
Lung_facs	male_only	Ifit2	mean_expression	stromal cell	0.153278423149844	-0.0111010421584293	-0.0844688539634593	0.0100654787606521	-0.0129814622148119
Lung_facs	male_only	Ifit2	detected_fraction	B cell	0.0205015315110032	0.00207322301467985	-0.000543315709467456	-0.00131863081448387	9.58577074657681e-05
Lung_facs	male_only	Ifit2	detected_fraction	endothelial cell	0.382465046200947	0.0138892306412536	-0.0332143920393004	-0.0111200278536274	-5.14253632158974e-05
Lung_facs	male_only	Ifit2	detected_fraction	epithelial cell	0.0807101295905162	-0	0.000650888141859001	-0.000290396246880686	0.000102471067984648
Lung_facs	male_only	Ifit2	detected_fraction	granulocyte	0.0184500553593391	0	0	0	0
Lung_facs	male_only	Ifit2	detected_fraction	lymphocyte	0.0933449675585509	-0.00677980434680227	-0.00850442696858298	0.00442096459536513	0.000147525828901243
Lung_facs	male_only	Ifit2	detected_fraction	monocyte	0.130139694691054	-0.00197486419471869	0.00107478408848822	-0.000635875813023785	-0.00228914128751012
Lung_facs	male_only	Ifit2	detected_fraction	myeloid cell	0.121110151938745	0.000100461158776888	-0.00949131956554713	-5.65360113151466e-05	7.96058348277234e-05
Lung_facs	male_only	Ifit2	detected_fraction	stromal cell	0.153278423149844	-0.00225229961292268	-0.0167600197031052	0.00199715770291726	-0.000236754050081279
Lung_facs	male_only	Ifit3	mean_expression	B cell	0.0205015315110032	0.0394113649666474	-0.0122309657536984	-0.0296846346473803	-0.00536468979583841
Lung_facs	male_only	Ifit3	mean_expression	endothelial cell	0.382465046200947	0.0739578198190088	0.0837985035868759	0.0280553590406162	-0.0166800572028533
Lung_facs	male_only	Ifit3	mean_expression	epithelial cell	0.0807101295905162	-0.000376416127565233	0.00431359198189013	-0.00192452564666153	0.000244310211663601
Lung_facs	male_only	Ifit3	mean_expression	granulocyte	0.0184500553593391	0	0.000957193815738622	6.57420737729137e-05	0.000240066888302437
Lung_facs	male_only	Ifit3	mean_expression	lymphocyte	0.0933449675585509	-0.0110164407855703	-0.0113821713686095	0.00591693912181195	2.6416753926767e-05
Lung_facs	male_only	Ifit3	mean_expression	monocyte	0.130139694691054	-0.0106434110142309	-0.00437927053454192	0.00259091313448811	-0.000900168065916211
Lung_facs	male_only	Ifit3	mean_expression	myeloid cell	0.121110151938745	5.43643604156876e-05	0.0415983070774449	0.00024778455128181	-0.0112350628189297
Lung_facs	male_only	Ifit3	mean_expression	stromal cell	0.153278423149844	-0.00309022067902844	0.12006433652902	-0.0143071081533488	0.0495270287647697
Lung_facs	male_only	Ifit3	detected_fraction	B cell	0.0205015315110032	0.00207322301467985	-7.36822104880276e-05	-0.000178827211390654	0.000134217691578832
Lung_facs	male_only	Ifit3	detected_fraction	endothelial cell	0.382465046200947	0.0130348340213986	0.0130128429622471	0.00435664082075774	-0.00356454114394499
Lung_facs	male_only	Ifit3	detected_fraction	epithelial cell	0.0807101295905162	-0.000333417913085233	0.00125023724821959	-0.000557798154927908	-0.00021493046027303
Lung_facs	male_only	Ifit3	detected_fraction	granulocyte	0.0184500553593391	0	0.000354808756910367	2.43690077062164e-05	8.89870293909073e-05
Lung_facs	male_only	Ifit3	detected_fraction	lymphocyte	0.0933449675585509	-0.0055141708475154	-0.00679579650180056	0.0035327454563082	-0.000184283607990179
Lung_facs	male_only	Ifit3	detected_fraction	monocyte	0.130139694691054	-0.00446416669732214	-0.00446750597460293	0.00264311597484205	0.000903827460401861
Lung_facs	male_only	Ifit3	detected_fraction	myeloid cell	0.121110151938745	4.85933959040335e-05	0.00523342104014036	3.11734052466545e-05	0.000582414168697635
Lung_facs	male_only	Ifit3	detected_fraction	stromal cell	0.153278423149844	-0.000908055898926343	0.00936956201417134	-0.00111649588013887	0.00371662407883482
Lung_facs	male_only	Ifitm3	mean_expression	B cell	0.0205015315110032	0.000903246234908749	0.0605763061135373	0.147019094933243	-0.0210543211579261
Lung_facs	male_only	Ifitm3	mean_expression	endothelial cell	0.382465046200947	1.74629082518672	10.0477213423445	3.36393154690755	0.345526370139703
Lung_facs	male_only	Ifitm3	mean_expression	epithelial cell	0.0807101295905162	-0.0544837222707195	0.130167359016272	-0.058074667663687	0.0591101870992553
Lung_facs	male_only	Ifitm3	mean_expression	granulocyte	0.0184500553593391	0.00568056576054702	0.0639417409169343	0.00439165253620643	0.0117386643445949
Lung_facs	male_only	Ifitm3	mean_expression	lymphocyte	0.0933449675585509	-0.532248868541135	0.434572772440118	-0.225909499624705	0.0515761197176289
Lung_facs	male_only	Ifitm3	mean_expression	monocyte	0.130139694691054	-2.2070754166603	1.64653057571768	-0.974138880280305	0.0120912975392984
Lung_facs	male_only	Ifitm3	mean_expression	myeloid cell	0.121110151938745	0.0106303967560456	0.362467079587629	0.00215907206278467	0.350367001226877
Lung_facs	male_only	Ifitm3	mean_expression	stromal cell	0.153278423149844	-0.121350308501483	1.01804826017021	-0.12131268105632	-0.238897749191388
Lung_facs	male_only	Ifitm3	detected_fraction	B cell	0.0205015315110032	0.0124393380880791	-0.000206551770384471	-0.000501302510619704	0.00226537823718859
Lung_facs	male_only	Ifitm3	detected_fraction	endothelial cell	0.382465046200947	0.119413224232163	-0.0179032303157627	-0.00599392033265653	-0.0018756699660939
Lung_facs	male_only	Ifitm3	detected_fraction	epithelial cell	0.0807101295905162	-0.0152705404193037	0.0130279235725903	-0.00581245818878078	0.00291354438863738
Lung_facs	male_only	Ifitm3	detected_fraction	granulocyte	0.0184500553593391	0.00112462970564189	-0.00885496837092706	-0.000608177752850493	0.00332495907515963
Lung_facs	male_only	Ifitm3	detected_fraction	lymphocyte	0.0933449675585509	-0.0462927771627126	-0.00835996451878999	0.00434586684001325	-0.00170200813850085
Lung_facs	male_only	Ifitm3	detected_fraction	monocyte	0.130139694691054	-0.0769947053130834	-0.00203343272954772	0.00120304227051693	0.000230870075337751
Lung_facs	male_only	Ifitm3	detected_fraction	myeloid cell	0.121110151938745	0.000715587168539213	-0.00365017894443059	-2.17426625117265e-05	0.00111808588968278
Lung_facs	male_only	Ifitm3	detected_fraction	stromal cell	0.153278423149844	-0.0119617476354486	0.0131040690397278	-0.00156150725869393	-0.00201249666214594
Lung_facs	male_only	Il1b	mean_expression	B cell	0.0205015315110032	0	9.09963437127779e-06	2.208487270553e-05	-4.58666771871639e-06
Lung_facs	male_only	Il1b	mean_expression	endothelial cell	0.382465046200947	9.30284374988079e-05	0.143913430388384	0.0481815639598744	-0.00310892734226568
Lung_facs	male_only	Il1b	mean_expression	epithelial cell	0.0807101295905162	-8.64254441218264e-06	0.0480154793367005	-0.0214222907053291	0.00683992574564751
Lung_facs	male_only	Il1b	mean_expression	granulocyte	0.0184500553593391	0.127572443527207	0.419669715280087	0.0288237940201393	-0.502927076389545
Lung_facs	male_only	Il1b	mean_expression	lymphocyte	0.0933449675585509	-3.12921517148616e-05	0.00115693876183793	-0.000601426212957803	-2.59624911055199e-05
Lung_facs	male_only	Il1b	mean_expression	monocyte	0.130139694691054	-0.224990712495514	0.62488944243203	-0.369704098257874	0.0647484786077553
Lung_facs	male_only	Il1b	mean_expression	myeloid cell	0.121110151938745	0.00130237784094129	-0.0161207209286709	-9.60247154821324e-05	0.0316553948568481
Lung_facs	male_only	Il1b	mean_expression	stromal cell	0.153278423149844	-6.0597358621538e-06	0.130560899453102	-0.0155578997317204	0.0203100123225296
Lung_facs	male_only	Il1b	detected_fraction	B cell	0.0205015315110032	0	0.000320336429859425	0.000777458630504943	-0.000161465472349387
Lung_facs	male_only	Il1b	detected_fraction	endothelial cell	0.382465046200947	0.00273854637106379	0.000955522559006596	0.000319904620212537	-0.00118108599618893
Lung_facs	male_only	Il1b	detected_fraction	epithelial cell	0.0807101295905162	-0.000333417913085233	0.00754762318304905	-0.0033674011005441	0.000636923455222144
Lung_facs	male_only	Il1b	detected_fraction	granulocyte	0.0184500553593391	0.00126718840072325	-0.00121381943153547	-8.33676579423192e-05	-0.00170041482898745
Lung_facs	male_only	Il1b	detected_fraction	lymphocyte	0.0933449675585509	-0.00278334338017444	-0.00405774480187784	0.00210938916547811	0.00017211890603991
Lung_facs	male_only	Il1b	detected_fraction	monocyte	0.130139694691054	-0.0405024779281948	0.00799879523857863	-0.00473233692238246	0.0097249518301335
Lung_facs	male_only	Il1b	detected_fraction	myeloid cell	0.121110151938745	0.000133290603454034	0.00536524571296968	3.19586323315951e-05	-0.001184270006325
Lung_facs	male_only	Il1b	detected_fraction	stromal cell	0.153278423149844	-0.000390206083466712	0.0142948806691296	-0.00170340677077759	0.00350050855662504
Lung_facs	male_only	Irf7	mean_expression	B cell	0.0205015315110032	0	0.00807840642309027	0.0196063457319364	0.0199158354390845
Lung_facs	male_only	Irf7	mean_expression	endothelial cell	0.382465046200947	0.0353028315669684	0.0454625275900886	0.0152206481003751	-0.000795173789563106
Lung_facs	male_only	Irf7	mean_expression	epithelial cell	0.0807101295905162	-0.00043819535694771	0.0187929123835958	-0.00838453011076056	0.00249664296555033
Lung_facs	male_only	Irf7	mean_expression	granulocyte	0.0184500553593391	0.00017975287336026	0.0089609419923991	0.000615456242876488	-0.00036827680730038
Lung_facs	male_only	Irf7	mean_expression	lymphocyte	0.0933449675585509	-0.00642788327299757	-0.00565508631235119	0.00293975554884496	-0.00169020799847196
Lung_facs	male_only	Irf7	mean_expression	monocyte	0.130139694691054	-0.0987425359235989	-0.01713402280202	0.0101370226785991	-0.0595289040299648
Lung_facs	male_only	Irf7	mean_expression	myeloid cell	0.121110151938745	0.000348382999310334	-0.0183228057584828	-0.000109141657967883	0.00696870436270225
Lung_facs	male_only	Irf7	mean_expression	stromal cell	0.153278423149844	-0.0106574547178753	-0.0266828776665255	0.00317958544272039	-0.000243766809856986
Lung_facs	male_only	Irf7	detected_fraction	B cell	0.0205015315110032	0	0.00305116825725833	0.0074052055077507	0.00601664179808056
Lung_facs	male_only	Irf7	detected_fraction	endothelial cell	0.382465046200947	0.013296417848244	0.0069957477430482	0.00234214462416171	0.000403634080592762
Lung_facs	male_only	Irf7	detected_fraction	epithelial cell	0.0807101295905162	-0.00213387464374549	0.00203078507032689	-0.000906042566638143	0.00248001081211522
Lung_facs	male_only	Irf7	detected_fraction	granulocyte	0.0184500553593391	6.33594200361626e-05	0.00132461935913204	9.09776287698745e-05	-0.00201632546079106
Lung_facs	male_only	Irf7	detected_fraction	lymphocyte	0.0933449675585509	-0.00457413600779611	-0.000890683402569867	0.000463015298148516	-0.00212226275354694
Lung_facs	male_only	Irf7	detected_fraction	monocyte	0.130139694691054	-0.0405537901890835	-0.0197828931434673	0.0117041770494194	-0.00154154494470354
Lung_facs	male_only	Irf7	detected_fraction	myeloid cell	0.121110151938745	0.000137258629029006	-0.0109784320179896	-6.53941480428754e-05	0.00041497150024988
Lung_facs	male_only	Irf7	detected_fraction	stromal cell	0.153278423149844	-0.0024847628115837	0.00171621725798583	-0.000204507904965703	-1.43314723024292e-05
Lung_facs	male_only	Itga1	mean_expression	B cell	0.0205015315110032	0	0.00110749278194184	0.00268789229473671	-0.000442916422151727
Lung_facs	male_only	Itga1	mean_expression	endothelial cell	0.382465046200947	0.64245480259878	-1.45453289305921	-0.486971017434175	-0.0825069498991663
Lung_facs	male_only	Itga1	mean_expression	epithelial cell	0.0807101295905162	-0.00590050441580895	-0.01301154536952	0.00580515099051368	0.00101633151734736
Lung_facs	male_only	Itga1	mean_expression	granulocyte	0.0184500553593391	0	0	0	0
Lung_facs	male_only	Itga1	mean_expression	lymphocyte	0.0933449675585509	-0.0146788376624043	0.0238787268317211	-0.0124131827218247	-0.00896264528173559
Lung_facs	male_only	Itga1	mean_expression	monocyte	0.130139694691054	-0.00675465794171085	-0.00276863925829111	0.00163801340026512	0.00417327243462249
Lung_facs	male_only	Itga1	mean_expression	myeloid cell	0.121110151938745	0.000173251674203639	-0.021343751631489	-0.000127136229626674	0.00432175640585242
Lung_facs	male_only	Itga1	mean_expression	stromal cell	0.153278423149844	-0.0670455915169482	-0.497888849463592	0.0593294380625696	0.0604499848191181
Lung_facs	male_only	Itga1	detected_fraction	B cell	0.0205015315110032	0	0.000629801713909141	0.00152853291834569	-4.23727520616306e-05
Lung_facs	male_only	Itga1	detected_fraction	endothelial cell	0.382465046200947	0.0773293196900933	-0.096757772198786	-0.0323940634117986	-0.00762829589908359
Lung_facs	male_only	Itga1	detected_fraction	epithelial cell	0.0807101295905162	-0.00336752092216085	-0.00677183281037237	0.00302127924318773	-7.57950173821025e-05
Lung_facs	male_only	Itga1	detected_fraction	granulocyte	0.0184500553593391	0	0	0	0
Lung_facs	male_only	Itga1	detected_fraction	lymphocyte	0.0933449675585509	-0.0081504696717561	0.0123506976015331	-0.00642042044997849	-0.00409901270394732
Lung_facs	male_only	Itga1	detected_fraction	monocyte	0.130139694691054	-0.0150871204002927	-0.0206771022442688	0.0122332190636022	0.0111454564460511
Lung_facs	male_only	Itga1	detected_fraction	myeloid cell	0.121110151938745	8.91314015430852e-05	-0.0106534422738595	-6.3458313544357e-05	0.00123403986983574
Lung_facs	male_only	Itga1	detected_fraction	stromal cell	0.153278423149844	-0.00358735253394758	-0.0105302438994621	0.00125480507123221	0.00175955295259744
Lung_facs	male_only	Itgal	mean_expression	B cell	0.0205015315110032	0.0475335268305347	-0.0143580460073529	-0.0348470724684738	-0.0017670898639731
Lung_facs	male_only	Itgal	mean_expression	endothelial cell	0.382465046200947	5.66007334054741e-06	0.0641788246153082	0.0214867794807401	-0.000806229130844538
Lung_facs	male_only	Itgal	mean_expression	epithelial cell	0.0807101295905162	-0.0317078970548441	-0.0379477931726293	0.016930553817223	0.0116881604154085
Lung_facs	male_only	Itgal	mean_expression	granulocyte	0.0184500553593391	0.0135153579448264	-0.146203383845281	-0.0100415542689117	0.0872008267758334
Lung_facs	male_only	Itgal	mean_expression	lymphocyte	0.0933449675585509	-7.76791463042774e-05	-0.000101385815714432	5.27046799745049e-05	-9.18096261125106e-06
Lung_facs	male_only	Itgal	mean_expression	monocyte	0.130139694691054	-0.499287344610711	-0.0170979365242945	0.010115672910368	0.00911510130033988
Lung_facs	male_only	Itgal	mean_expression	myeloid cell	0.121110151938745	0.00102309581543219	-0.127941531486654	-0.000762096758185563	-0.00698110465145051
Lung_facs	male_only	Itgal	mean_expression	stromal cell	0.153278423149844	-0.0224981535512241	-0.0958988339733866	0.0114274981988982	0.0387628961178824
Lung_facs	male_only	Itgal	detected_fraction	B cell	0.0205015315110032	0.0186590071321186	-0.00435632696275539	-0.0105728343041778	0.00364518395635895
Lung_facs	male_only	Itgal	detected_fraction	endothelial cell	0.382465046200947	0.000582034378591213	0.0312268319481961	0.0104546017471466	-0.000567037732877879
Lung_facs	male_only	Itgal	detected_fraction	epithelial cell	0.0807101295905162	-0.00303410300907562	0.00608597357854552	-0.0027152805100688	0.00222064217420188
Lung_facs	male_only	Itgal	detected_fraction	granulocyte	0.0184500553593391	0.000871192025497236	-0.00282446444645753	-0.000193990127135012	-0.00367901889715133
Lung_facs	male_only	Itgal	detected_fraction	lymphocyte	0.0933449675585509	-0.00110283416950308	0.00319400078388476	-0.00166037811075186	-0.00153218107186262
Lung_facs	male_only	Itgal	detected_fraction	monocyte	0.130139694691054	-0.0685071310824836	-0.0179821088323633	0.0106387768447007	0.00253791816491891
Lung_facs	male_only	Itgal	detected_fraction	myeloid cell	0.121110151938745	0.000162226609503105	-0.0112901080058141	-6.72506777964693e-05	-0.000180399088408296
Lung_facs	male_only	Itgal	detected_fraction	stromal cell	0.153278423149844	-0.00439131090160539	-0.01848311421769	0.00220248511563027	0.00198978918666582
Lung_facs	male_only	Lmnb1	mean_expression	B cell	0.0205015315110032	0.00290326695941218	0.00195426138663144	0.00474300528967598	-0.00162336229437271
Lung_facs	male_only	Lmnb1	mean_expression	endothelial cell	0.382465046200947	0.00632326517797627	0.0186630230262273	0.00624829548705804	-0.00184242119951793
Lung_facs	male_only	Lmnb1	mean_expression	epithelial cell	0.0807101295905162	-0.00167975263962256	0.00136127386953399	-0.00060733757041629	0.000352817505212577
Lung_facs	male_only	Lmnb1	mean_expression	granulocyte	0.0184500553593391	0.000513026641035808	0.00867348949007742	0.000595713403648826	7.79042868417614e-05
Lung_facs	male_only	Lmnb1	mean_expression	lymphocyte	0.0933449675585509	-0.00122200506248738	-0.00235072065948185	0.00122200506248738	-0.00037205183157623
Lung_facs	male_only	Lmnb1	mean_expression	monocyte	0.130139694691054	-0.0125033428922898	-0.0158142795554809	0.0093562213819814	-0.0028372387069442
Lung_facs	male_only	Lmnb1	mean_expression	myeloid cell	0.121110151938745	8.1209555945647e-05	0.000787934599100743	4.69341266013807e-06	0.000195958443954956
Lung_facs	male_only	Lmnb1	mean_expression	stromal cell	0.153278423149844	-0.000504867598932933	0.0205723483507361	-0.00245144246269338	0.00944878106534074
Lung_facs	male_only	Lmnb1	detected_fraction	B cell	0.0205015315110032	0.00414644602935969	-0.000326272420587267	-0.000791865319197774	-0.000488292667995278
Lung_facs	male_only	Lmnb1	detected_fraction	endothelial cell	0.382465046200947	0.00565576568883187	0.0122791876182108	0.00411101633812402	0.00138918624811148
Lung_facs	male_only	Lmnb1	detected_fraction	epithelial cell	0.0807101295905162	-0.00456782540926769	-0.00207795671609263	0.000927088377751601	0.00266426680795614
Lung_facs	male_only	Lmnb1	detected_fraction	granulocyte	0.0184500553593391	0.000760313040433951	-0.00419172310356914	-0.000287896312094142	-0.003645940375815
Lung_facs	male_only	Lmnb1	detected_fraction	lymphocyte	0.0933449675585509	-0.00402271892304457	-0.00773833821968073	0.00402271892304457	-0.000251690526276865
Lung_facs	male_only	Lmnb1	detected_fraction	monocyte	0.130139694691054	-0.0147752997379687	-0.0164481594700773	0.00973124452418328	0.00438823875189644
Lung_facs	male_only	Lmnb1	detected_fraction	myeloid cell	0.121110151938745	5.12524205609465e-05	0.00773865689919548	4.60960977022727e-05	-0.00169972049430966
Lung_facs	male_only	Lmnb1	detected_fraction	stromal cell	0.153278423149844	-0.00129323620134221	0.00404624233909358	-0.000482158386358788	0.00360260904732639
Lung_facs	male_only	Lpl	mean_expression	B cell	0.0205015315110032	9.24670877115349e-05	0.00205306534605385	0.00498280315161356	0.00216250320892705
Lung_facs	male_only	Lpl	mean_expression	endothelial cell	0.382465046200947	0.671172833444091	-1.44382521039231	-0.483386133828211	0.0417056450914759
Lung_facs	male_only	Lpl	mean_expression	epithelial cell	0.0807101295905162	-0.0505180123961957	-0.0463758488679962	0.0206907632680293	0.0228897916626274
Lung_facs	male_only	Lpl	mean_expression	granulocyte	0.0184500553593391	4.80939684661792e-06	-7.00240295874602e-05	-4.80939684661792e-06	-2.07344951014086e-05
Lung_facs	male_only	Lpl	mean_expression	lymphocyte	0.0933449675585509	-0.0714957024583078	-0.101141992274252	0.0525779301299196	0.00639977039133583
Lung_facs	male_only	Lpl	mean_expression	monocyte	0.130139694691054	-0.0278653284148829	0.000494624484637548	-0.000292635283383077	-0.020984855764599
Lung_facs	male_only	Lpl	mean_expression	myeloid cell	0.121110151938745	0.000744175466936257	-0.0994884178202279	-0.000592612889784857	0.0106312236951867
Lung_facs	male_only	Lpl	mean_expression	stromal cell	0.153278423149844	-0.0254469691016379	-0.0143179327400361	0.00170615370197425	0.0628726631207472
Lung_facs	male_only	Lpl	detected_fraction	B cell	0.0205015315110032	0.00414644602935969	0.00107672659719718	0.00261322256120704	0.00131951034501206
Lung_facs	male_only	Lpl	detected_fraction	endothelial cell	0.382465046200947	0.0701757689515106	-0.107820898191386	-0.0360979478315507	0.00277956707669469
Lung_facs	male_only	Lpl	detected_fraction	epithelial cell	0.0807101295905162	-0.0159373762454741	-0.0083213865241807	0.00371261858998358	-2.88805678744439e-05
Lung_facs	male_only	Lpl	detected_fraction	granulocyte	0.0184500553593391	0.000142558695081366	-0.00207563122792565	-0.000142558695081366	-0.00124048447455369
Lung_facs	male_only	Lpl	detected_fraction	lymphocyte	0.0933449675585509	-0.0269774244225587	-0.0346265379657672	0.0180003542828036	0.000946866557396994
Lung_facs	male_only	Lpl	detected_fraction	monocyte	0.130139694691054	-0.0157147088219321	-0.00575196902240264	0.00340304440471627	0.00104788103248158
Lung_facs	male_only	Lpl	detected_fraction	myeloid cell	0.121110151938745	0.000198956951503015	-0.0169469055011063	-0.000100945968002715	-0.00214765077404464
Lung_facs	male_only	Lpl	detected_fraction	stromal cell	0.153278423149844	-0.00420099762358071	0.00236057902285235	-0.000281291350627768	0.00398927111530424
Lung_facs	male_only	Oas1a	mean_expression	B cell	0.0205015315110032	0.0108201684235161	0.00189754051726505	0.00460534336518617	0.0104084698258447
Lung_facs	male_only	Oas1a	mean_expression	endothelial cell	0.382465046200947	0.010145752809283	0.111754854131757	0.0374150184429926	-0.00024361762423214
Lung_facs	male_only	Oas1a	mean_expression	epithelial cell	0.0807101295905162	-0.000787201337286317	0.0118396002322392	-0.00528228316188125	0.00154326352033822
Lung_facs	male_only	Oas1a	mean_expression	granulocyte	0.0184500553593391	0.000876908099273482	-0.012767638156579	-0.000876908099273482	-0.0158278507621353
Lung_facs	male_only	Oas1a	mean_expression	lymphocyte	0.0933449675585509	-0.00143159770643532	0.0138518504278216	-0.00720078384445181	0.00131508340800804
Lung_facs	male_only	Oas1a	mean_expression	monocyte	0.130139694691054	-0.077976447505369	-0.0556812475748448	0.0329427639942413	-0.0269350695504862
Lung_facs	male_only	Oas1a	mean_expression	myeloid cell	0.121110151938745	0.000415082033281535	-0.0402661701479552	-0.0002398495420348	0.00567807704027614
Lung_facs	male_only	Oas1a	mean_expression	stromal cell	0.153278423149844	-0.00264454314290457	0.0378136333968616	-0.00450594871316527	-0.00486222779333586
Lung_facs	male_only	Oas1a	detected_fraction	B cell	0.0205015315110032	0.00207322301467985	0.00133822079338818	0.0032478707020534	0.00283437977135153
Lung_facs	male_only	Oas1a	detected_fraction	endothelial cell	0.382465046200947	0.00830186642853823	0.011576549627062	0.00387577632459778	0.00198828529898061
Lung_facs	male_only	Oas1a	detected_fraction	epithelial cell	0.0807101295905162	-0.00213387464374549	-0.00140321098844646	0.000626047977249618	0.00204629418800789
Lung_facs	male_only	Oas1a	detected_fraction	granulocyte	0.0184500553593391	6.33594200361626e-05	-0.000922502767966954	-6.33594200361626e-05	-0.00114361293451239
Lung_facs	male_only	Oas1a	detected_fraction	lymphocyte	0.0933449675585509	-0.00110283416950308	0.00765381590057108	-0.00397878060930722	-0.000945806272981127
Lung_facs	male_only	Oas1a	detected_fraction	monocyte	0.130139694691054	-0.0300781947737936	-0.0217003949175289	0.0128386309482215	-0.00498651465264635
Lung_facs	male_only	Oas1a	detected_fraction	myeloid cell	0.121110151938745	7.07904713008722e-05	-0.000401954574331514	-2.39428334549722e-06	0.00128296992205302
Lung_facs	male_only	Oas1a	detected_fraction	stromal cell	0.153278423149844	-0.000556806560290186	0.0101158163257321	-0.00120542104687914	0.00106864029979353
Lung_facs	male_only	Oasl2	mean_expression	B cell	0.0205015315110032	2.31695263218551e-05	0.000960753722321493	0.00233175562809506	0.000313320847703679
Lung_facs	male_only	Oasl2	mean_expression	endothelial cell	0.382465046200947	0.152650442097671	-0.21994191128657	-0.0736355546352557	-0.0176824851745498
Lung_facs	male_only	Oasl2	mean_expression	epithelial cell	0.0807101295905162	-0.000516959254244699	0.0070605898031626	-0.0031501092856699	0.00145752619742269
Lung_facs	male_only	Oasl2	mean_expression	granulocyte	0.0184500553593391	0.00209001851313755	0.00319882311964759	0.000219701863990938	0.0250010617735387
Lung_facs	male_only	Oasl2	mean_expression	lymphocyte	0.0933449675585509	-0.0157578292318822	-0.0110142787585839	0.00572569282034706	-0.00591153948621628
Lung_facs	male_only	Oasl2	mean_expression	monocyte	0.130139694691054	-0.0699198270290798	-0.0531226463078834	0.0314290156253748	-0.0013045112386548
Lung_facs	male_only	Oasl2	mean_expression	myeloid cell	0.121110151938745	0.000585022609451868	-0.0809416297892897	-0.000482137058607182	-0.00496604811558157
Lung_facs	male_only	Oasl2	mean_expression	stromal cell	0.153278423149844	-0.00119805255214087	0.0807050020170682	-0.00961697058222898	0.0109063258082859
Lung_facs	male_only	Oasl2	detected_fraction	B cell	0.0205015315110032	0.00207322301467985	0.000386529628789653	0.000938109961393595	0.000662626897621047
Lung_facs	male_only	Oasl2	detected_fraction	endothelial cell	0.382465046200947	0.0334126701425024	-0.0355873443171773	-0.0119144815167894	-0.00343648182334599
Lung_facs	male_only	Oasl2	detected_fraction	epithelial cell	0.0807101295905162	-0.00213387464374549	0.00215595586683824	-0.000961887998730583	0.00135248900568835
Lung_facs	male_only	Oasl2	detected_fraction	granulocyte	0.0184500553593391	0.000142558695081366	-4.01494119661739e-05	-2.75754560886138e-06	0.000386808476808983
Lung_facs	male_only	Oasl2	detected_fraction	lymphocyte	0.0933449675585509	-0.00625464521846747	0.0117452349331699	-0.00610567507906317	-0.00669661616566746
Lung_facs	male_only	Oasl2	detected_fraction	monocyte	0.130139694691054	-0.0279651821843744	-0.0260019264325154	0.0153835512523422	0.00772316515093843
Lung_facs	male_only	Oasl2	detected_fraction	myeloid cell	0.121110151938745	0.00013086652767985	-0.00966979741507018	-5.75991327968808e-05	-0.00177737956783596
Lung_facs	male_only	Oasl2	detected_fraction	stromal cell	0.153278423149844	-0.000755338795171492	0.0145548802284741	-0.00173438884191465	0.0040922632637424
Lung_facs	male_only	P2ry12	mean_expression	B cell	0.0205015315110032	0.000141775636187202	-4.50349642296481e-05	-0.000109300155558911	4.76519059312353e-05
Lung_facs	male_only	P2ry12	mean_expression	endothelial cell	0.382465046200947	0.00126799019513382	0.00119244274363324	0.000399224423778941	0.000116083507516254
Lung_facs	male_only	P2ry12	mean_expression	epithelial cell	0.0807101295905162	-0.000765648370540833	0.00740029433845511	-0.00330166977011127	0.00138697747653938
Lung_facs	male_only	P2ry12	mean_expression	granulocyte	0.0184500553593391	9.81282233796442e-06	-7.77519206950984e-05	-5.34016457511119e-06	0.000190455687578376
Lung_facs	male_only	P2ry12	mean_expression	lymphocyte	0.0933449675585509	-0.000496532099230162	-0.000762421869832539	0.000396339471867245	5.07012728742367e-05
Lung_facs	male_only	P2ry12	mean_expression	monocyte	0.130139694691054	-0.00593593727597327	0.00226543232423701	-0.0013403004719309	-0.000392430126755626
Lung_facs	male_only	P2ry12	mean_expression	myeloid cell	0.121110151938745	6.69549888559531e-06	0.000935410557018647	5.57186821818545e-06	0.000557166767657916
Lung_facs	male_only	P2ry12	mean_expression	stromal cell	0.153278423149844	-0.000216843876676126	0.008466866836155	-0.00100892890467597	0.00124777419762039
Lung_facs	male_only	P2ry12	detected_fraction	B cell	0.0205015315110032	0.00621966904403954	-0.00241194488364744	-0.00585380615909604	0.000905892222150521
Lung_facs	male_only	P2ry12	detected_fraction	endothelial cell	0.382465046200947	0.020621594108719	-0.0531995226216544	-0.0178109589557593	0.00653359927514328
Lung_facs	male_only	P2ry12	detected_fraction	epithelial cell	0.0807101295905162	-0.00906896723591834	-0.0175887765210297	0.00784730026628234	0.00374167508640116
Lung_facs	male_only	P2ry12	detected_fraction	granulocyte	0.0184500553593391	0.000380156520216976	-0.00529225272149463	-0.000363482988628512	0.00272202734938074
Lung_facs	male_only	P2ry12	detected_fraction	lymphocyte	0.0933449675585509	-0.00474218692886325	-0.00782589121955528	0.00406823271416692	0.000861395063221708
Lung_facs	male_only	P2ry12	detected_fraction	monocyte	0.130139694691054	-0.0134372338578695	-0.014307323492301	0.00846465913973282	-0.0118798281158144
Lung_facs	male_only	P2ry12	detected_fraction	myeloid cell	0.121110151938745	0.00012327730583298	-0.0180408945673954	-0.000107462425256444	0.00050466983277258
Lung_facs	male_only	P2ry12	detected_fraction	stromal cell	0.153278423149844	-0.00249897938560597	-0.017715264643173	0.00211098661386273	-0.00509648153553922
Lung_facs	male_only	Rtp4	mean_expression	B cell	0.0205015315110032	0.024519405847481	0.0217144607940432	0.0527011397314335	0.00523145213651331
Lung_facs	male_only	Rtp4	mean_expression	endothelial cell	0.382465046200947	0.124744746844471	0.723389387551364	0.242187486950584	0.00428947179883626
Lung_facs	male_only	Rtp4	mean_expression	epithelial cell	0.0807101295905162	-0.0054727657455203	0.0452528749918081	-0.0201897441558072	0.0109185823421829
Lung_facs	male_only	Rtp4	mean_expression	granulocyte	0.0184500553593391	0.0020828873169904	-0.0300810547942266	-0.00206602977467326	-0.0262708761688534
Lung_facs	male_only	Rtp4	mean_expression	lymphocyte	0.0933449675585509	-0.0128747405391486	0.231349591193999	-0.12026540478262	-0.0311142157861929
Lung_facs	male_only	Rtp4	mean_expression	monocyte	0.130139694691054	-0.0833484862552529	-0.0804599556127504	0.047602621065111	0.0142134591509537
Lung_facs	male_only	Rtp4	mean_expression	myeloid cell	0.121110151938745	0.000146242230954139	0.0345749761448289	0.000205949365527689	-0.00558110739519624
Lung_facs	male_only	Rtp4	mean_expression	stromal cell	0.153278423149844	-0.0101159496481789	0.0626700494316734	-0.00746788930931166	0.00942277701405565
Lung_facs	male_only	Rtp4	detected_fraction	B cell	0.0205015315110032	0.0103661150733992	-0.00117722430068249	-0.00285713115116937	0.00296904625272684
Lung_facs	male_only	Rtp4	detected_fraction	endothelial cell	0.382465046200947	0.0323530690942979	0.00670609820890465	0.00224517127346316	-0.00299452808654896
Lung_facs	male_only	Rtp4	detected_fraction	epithelial cell	0.0807101295905162	-0.00606820601815124	-0.000749995277242367	0.000334613276357097	0.00276185938112676
Lung_facs	male_only	Rtp4	detected_fraction	granulocyte	0.0184500553593391	0.00072863333041587	-0.0101232540590058	-0.000695286267238942	-0.00056247156844154
Lung_facs	male_only	Rtp4	detected_fraction	lymphocyte	0.0933449675585509	-0.00749927235262095	0.0228860174248982	-0.0118971299463393	-0.00235802796430914
Lung_facs	male_only	Rtp4	detected_fraction	monocyte	0.130139694691054	-0.0234891741960779	-0.0224284616885256	0.0132693779744399	0.00108988758105847
Lung_facs	male_only	Rtp4	detected_fraction	myeloid cell	0.121110151938745	7.60674977939042e-05	0.00998243478606655	5.94613891272176e-05	-0.00366079158292907
Lung_facs	male_only	Rtp4	detected_fraction	stromal cell	0.153278423149844	-0.00226115720494046	0.00886682231849099	-0.00105658840547139	0.00433308749615507
Lung_facs	male_only	Stat1	mean_expression	B cell	0.0205015315110032	0.0685797586663183	-0.0174687582509578	-0.0423967916242666	-0.0100274252101048
Lung_facs	male_only	Stat1	mean_expression	endothelial cell	0.382465046200947	0.197016744810814	-0.195635173966959	-0.065497769192576	-0.0458260256386608
Lung_facs	male_only	Stat1	mean_expression	epithelial cell	0.0807101295905162	-0.00315062294343887	0.011027176925094	-0.00491981737997354	0.00195072524365362
Lung_facs	male_only	Stat1	mean_expression	granulocyte	0.0184500553593391	0.00312229714086404	0.0112962523258986	0.000775850242193231	-0.0808030934273984
Lung_facs	male_only	Stat1	mean_expression	lymphocyte	0.0933449675585509	-0.0390197281174172	-0.0368007179855356	0.01913058597588	-0.00068939342780263
Lung_facs	male_only	Stat1	mean_expression	monocyte	0.130139694691054	-0.181644773505725	-0.12996906377411	0.0768937547368692	0.0857181034227002
Lung_facs	male_only	Stat1	mean_expression	myeloid cell	0.121110151938745	0.000547038502542314	-0.039203389143812	-0.000233518978780574	0.00812222683260894
Lung_facs	male_only	Stat1	mean_expression	stromal cell	0.153278423149844	-0.0301922913134687	-0.110728067037009	0.0131945794772025	0.0593817878825841
Lung_facs	male_only	Stat1	detected_fraction	B cell	0.0205015315110032	0.0207322301467985	-0.00357802194592822	-0.00868388288905736	0.000141222858083233
Lung_facs	male_only	Stat1	detected_fraction	endothelial cell	0.382465046200947	0.0483938370752156	-0.029736241640284	-0.0099555588707117	0.00034611316305852
Lung_facs	male_only	Stat1	detected_fraction	epithelial cell	0.0807101295905162	-0.002867394052533	0.0108751393387058	-0.0048519852262861	0.000724004553760252
Lung_facs	male_only	Stat1	detected_fraction	granulocyte	0.0184500553593391	0.00072863333041587	-0.00502521244655683	-0.000345142103881202	-0.00434865361389918
Lung_facs	male_only	Stat1	detected_fraction	lymphocyte	0.0933449675585509	-0.0176926110335994	-0.0124614858206051	0.00647801290105254	-0.00178276632139898
Lung_facs	male_only	Stat1	detected_fraction	monocyte	0.130139694691054	-0.0560790383554264	-0.0289589487410222	0.0171330179449466	0.00632764641654757
Lung_facs	male_only	Stat1	detected_fraction	myeloid cell	0.121110151938745	0.000183193000276127	-0.00448096075059299	-2.66912989230544e-05	0.000624096374727823
Lung_facs	male_only	Stat1	detected_fraction	stromal cell	0.153278423149844	-0.00530541995118966	0.00529138548156342	-0.000630532150964656	0.00847039645538391
Lung_facs	male_only	Tmem119	mean_expression	B cell	0.0205015315110032	0.000799589471428032	-0.000277427852256615	-0.000673319229330261	-5.36234253151843e-05
Lung_facs	male_only	Tmem119	mean_expression	endothelial cell	0.382465046200947	0.047308165742658	-0.104252439007324	-0.0349032438768809	-0.00326074354183289
Lung_facs	male_only	Tmem119	mean_expression	epithelial cell	0.0807101295905162	-0.00133784969420074	0.0378501302939315	-0.0168869811484194	0.00563276530036625
Lung_facs	male_only	Tmem119	mean_expression	granulocyte	0.0184500553593391	9.53153653031805e-07	0.00249029705715627	0.000171038811739193	0.00349084325940008
Lung_facs	male_only	Tmem119	mean_expression	lymphocyte	0.0933449675585509	-0.110471970124089	-0.149191878370636	0.0775563144500142	0.00596606286272365
Lung_facs	male_only	Tmem119	mean_expression	monocyte	0.130139694691054	-0.00115828846895351	0.00408722991216374	-0.00241813278708652	-0.00174773684446548
Lung_facs	male_only	Tmem119	mean_expression	myeloid cell	0.121110151938745	0.0015781701906553	0.460527406235373	0.0027431783821049	0.0291986583054128
Lung_facs	male_only	Tmem119	mean_expression	stromal cell	0.153278423149844	-0.088873073880211	-0.252599607787126	0.0301002780057872	-0.059976658693298
Lung_facs	male_only	Tmem119	detected_fraction	B cell	0.0205015315110032	0.0186590071321186	-0.00709585570680206	-0.0172216886555549	0.00026579014993439
Lung_facs	male_only	Tmem119	detected_fraction	endothelial cell	0.382465046200947	0.0353905091882707	-0.092102035681772	-0.0308353439360037	0.00166531584718099
Lung_facs	male_only	Tmem119	detected_fraction	epithelial cell	0.0807101295905162	-0.0103359553056422	-0.0153975746041087	0.00686968710680113	0.00294381152918053
Lung_facs	male_only	Tmem119	detected_fraction	granulocyte	0.0184500553593391	0.000126718840072325	-0.00135947776331972	-9.33717768953976e-05	-0.00160705993742979
Lung_facs	male_only	Tmem119	detected_fraction	lymphocyte	0.0933449675585509	-0.0359366391519504	-0.0566838325726222	0.0294666786908656	-0.000100698660784217
Lung_facs	male_only	Tmem119	detected_fraction	monocyte	0.130139694691054	-0.0167370069427159	-0.0161080556972851	0.00953002851684463	-0.00556898118698541
Lung_facs	male_only	Tmem119	detected_fraction	myeloid cell	0.121110151938745	0.000279492207416108	0.00991991274373196	5.90889702166052e-05	0.00374422676739896
Lung_facs	male_only	Tmem119	detected_fraction	stromal cell	0.153278423149844	-0.0084115192410865	-0.0193628425039478	0.00230731531001532	-0.00926749674590305
Lung_facs	male_only	Tnf	mean_expression	B cell	0.0205015315110032	0	0.000288279733334361	0.000699656816362773	-0.000145307304985619
Lung_facs	male_only	Tnf	mean_expression	endothelial cell	0.382465046200947	0	0.000808257607962161	0.000270600982333525	-1.38687618440518e-05
Lung_facs	male_only	Tnf	mean_expression	epithelial cell	0.0807101295905162	-0	0.00238838952632548	-0.00106558916952017	0.000285762094514772
Lung_facs	male_only	Tnf	mean_expression	granulocyte	0.0184500553593391	0	0.0111947885352463	0.000768881496782777	0.00280768430036978
Lung_facs	male_only	Tnf	mean_expression	lymphocyte	0.0933449675585509	-0	0	-0	0
Lung_facs	male_only	Tnf	mean_expression	monocyte	0.130139694691054	-0.000649822344404842	0.0279640567864775	-0.0165444088119654	0.00164566746462747
Lung_facs	male_only	Tnf	mean_expression	myeloid cell	0.121110151938745	0	0.00568188360499918	3.38447181727636e-05	0.00192146178178884
Lung_facs	male_only	Tnf	mean_expression	stromal cell	0.153278423149844	-0	0.000903699855132095	-0.000107686694811456	0.000143440071873373
Lung_facs	male_only	Tnf	detected_fraction	B cell	0.0205015315110032	0	0.000160168214929713	0.000388729315252471	-8.07327361746933e-05
Lung_facs	male_only	Tnf	detected_fraction	endothelial cell	0.382465046200947	0	0.00123146219473109	0.000412287959083994	1.11502544522834e-05
Lung_facs	male_only	Tnf	detected_fraction	epithelial cell	0.0807101295905162	-0	0.00269333024217518	-0.00120163964226491	0.00037056491403064
Lung_facs	male_only	Tnf	detected_fraction	granulocyte	0.0184500553593391	0	0.000354808756910367	2.43690077062164e-05	8.89870293909073e-05
Lung_facs	male_only	Tnf	detected_fraction	lymphocyte	0.0933449675585509	-0	0	-0	0
Lung_facs	male_only	Tnf	detected_fraction	monocyte	0.130139694691054	-0.00257613863641519	-0.000364742594032233	0.000215793103013725	-0.00018612716677825
Lung_facs	male_only	Tnf	detected_fraction	myeloid cell	0.121110151938745	0	0.0037999661681282	2.26348853597035e-05	0.00066493056418793
Lung_facs	male_only	Tnf	detected_fraction	stromal cell	0.153278423149844	-0	0.0022850000981422	-0.000272285213741479	-1.39019497297421e-05
Lung_facs	male_only	Usp18	mean_expression	B cell	0.0205015315110032	0.0400588878063532	-0.0120713683303476	-0.029297290647059	-0.00429644469426371
Lung_facs	male_only	Usp18	mean_expression	endothelial cell	0.382465046200947	0.105383347710414	0.119538871771551	0.0400210722544011	0.0232294902614371
Lung_facs	male_only	Usp18	mean_expression	epithelial cell	0.0807101295905162	-0.0270692687957581	0.0739578808744931	-0.032996592889004	0.0289801308929781
Lung_facs	male_only	Usp18	mean_expression	granulocyte	0.0184500553593391	0	0.00038748879522463	2.66135411062782e-05	0.000542825132262835
Lung_facs	male_only	Usp18	mean_expression	lymphocyte	0.0933449675585509	-0.0130014259926741	-0.00690178470602395	0.00358784265452378	0.00251304535356979
Lung_facs	male_only	Usp18	mean_expression	monocyte	0.130139694691054	-0.00783721504831841	0.0617533069382842	-0.0365351838354084	-0.0120576126948858
Lung_facs	male_only	Usp18	mean_expression	myeloid cell	0.121110151938745	3.04358303342818e-05	0.0257133157610652	0.000153163983235214	0.00431901627490975
Lung_facs	male_only	Usp18	mean_expression	stromal cell	0.153278423149844	-0.00709735222340545	0.0310284457836953	-0.00369741209164428	0.010427555393662
Lung_facs	male_only	Usp18	detected_fraction	B cell	0.0205015315110032	0.00621966904403954	-0.000578862630686505	-0.00140490342700489	-0.0012521957458444
Lung_facs	male_only	Usp18	detected_fraction	endothelial cell	0.382465046200947	0.0192846561664421	0.0121835782238378	0.00407900674640132	-0.00280196203827652
Lung_facs	male_only	Usp18	detected_fraction	epithelial cell	0.0807101295905162	-0.00546805377459782	0.0119140665413819	-0.00531550659199681	0.00503934636395969
Lung_facs	male_only	Usp18	detected_fraction	granulocyte	0.0184500553593391	0	0.000728291658921279	5.00205947653915e-05	0.00102024889739247
Lung_facs	male_only	Usp18	detected_fraction	lymphocyte	0.0933449675585509	-0.0057872535942495	-0.00594686914532471	0.00309143673546419	0.000517602003318932
Lung_facs	male_only	Usp18	detected_fraction	monocyte	0.130139694691054	-0.00968749171599851	-0.000843527050918007	0.000499056931578239	0.000857226937401775
Lung_facs	male_only	Usp18	detected_fraction	myeloid cell	0.121110151938745	4.28091781720952e-05	0.00835856660834182	4.97886529985758e-05	0.000408784905406179
Lung_facs	male_only	Usp18	detected_fraction	stromal cell	0.153278423149844	-0.0020925575223951	0.00286474007002198	-0.000341368196401351	0.00379528316053515
Bladder_droplet	all_observed_sexes	Apoe	mean_expression	bladder cell	0.50289286525986	-1.59157225735487	1.34097318105244	-0.922015677308887	-0.0964072987307694
Bladder_droplet	all_observed_sexes	Apoe	mean_expression	bladder urothelial cell	0.440282349431157	0.0948715717155041	0.0222169564986361	0.0160845169437356	-0.0109779418957458
Bladder_droplet	all_observed_sexes	Apoe	mean_expression	endothelial cell	0.0282856535058474	0.0883474374865591	0.485451108743922	0.189408993205622	0.059834293821749
Bladder_droplet	all_observed_sexes	Apoe	mean_expression	leukocyte	0.0285391318031353	2.03948230432868	0.486184798429552	0.272324599926044	-0.43098523080449
Bladder_droplet	all_observed_sexes	Apoe	detected_fraction	bladder cell	0.50289286525986	-0.275487741818749	-0.0719922825622712	0.0494998812098312	-0.00197996048733884
Bladder_droplet	all_observed_sexes	Apoe	detected_fraction	bladder urothelial cell	0.440282349431157	0.145080713676663	-0.0192415205081429	-0.0139303762266205	-0.00717081568955616
Bladder_droplet	all_observed_sexes	Apoe	detected_fraction	endothelial cell	0.0282856535058474	0.00898463498544495	-0.00576669473867597	-0.00224999763086946	0.000262832682857473
Bladder_droplet	all_observed_sexes	Apoe	detected_fraction	leukocyte	0.0285391318031353	0.00999093821375876	0.000335018188091501	0.000187652296687729	0.00249597269994808
Bladder_droplet	all_observed_sexes	B2m	mean_expression	bladder cell	0.50289286525986	-4.72938620418131	5.56299378582242	-3.82495903406111	0.35254780255049
Bladder_droplet	all_observed_sexes	B2m	mean_expression	bladder urothelial cell	0.440282349431157	1.38366390470795	0.826582771942353	0.598425108386152	-0.172254690024793
Bladder_droplet	all_observed_sexes	B2m	mean_expression	endothelial cell	0.0282856535058474	0.280206840923874	0.109366649951627	0.0426717061399003	-0.0259146131996223
Bladder_droplet	all_observed_sexes	B2m	mean_expression	leukocyte	0.0285391318031353	0.611884081026239	0.382247571289981	0.214106687951761	0.211333540888357
Bladder_droplet	all_observed_sexes	B2m	detected_fraction	bladder cell	0.50289286525986	-0.34511038120878	0.000966729844790242	-0.000664696419893676	-3.19756851342445e-05
Bladder_droplet	all_observed_sexes	B2m	detected_fraction	bladder urothelial cell	0.440282349431157	0.312560738470622	-0.00104527469625983	-0.000756752553567878	-0.000197043969261512
Bladder_droplet	all_observed_sexes	B2m	detected_fraction	endothelial cell	0.0282856535058474	0.0102176220138187	0.000148237241252037	5.78378875141025e-05	0.000208869096976216
Bladder_droplet	all_observed_sexes	B2m	detected_fraction	leukocyte	0.0285391318031353	0.015985501142014	0	0	0
Bladder_droplet	all_observed_sexes	Bst2	mean_expression	bladder cell	0.50289286525986	-0.329688493669678	0.131783976484677	-0.0906109786935596	0.0107778621955048
Bladder_droplet	all_observed_sexes	Bst2	mean_expression	bladder urothelial cell	0.440282349431157	0.048093575184042	0.0274921221496654	0.019903604013569	-0.00356535427018141
Bladder_droplet	all_observed_sexes	Bst2	mean_expression	endothelial cell	0.0282856535058474	0.0353853341072268	-0.00982569101847826	-0.00383370067518214	-0.00605372400611817
Bladder_droplet	all_observed_sexes	Bst2	mean_expression	leukocyte	0.0285391318031353	0.0386197242713136	-0.0115443366404938	-0.00646627962698341	-0.0100094119644079
Bladder_droplet	all_observed_sexes	Bst2	detected_fraction	bladder cell	0.50289286525986	-0.172313131988216	-0.00253987603650102	0.00174634776978699	0.00120213453975339
Bladder_droplet	all_observed_sexes	Bst2	detected_fraction	bladder urothelial cell	0.440282349431157	0.0896020773305728	0.01508405884956	0.0109204786965734	-0.00160681923300908
Bladder_droplet	all_observed_sexes	Bst2	detected_fraction	endothelial cell	0.0282856535058474	0.00723285013638932	-0.00447387323132584	-0.00174557604094796	0.000479469470438101
Bladder_droplet	all_observed_sexes	Bst2	detected_fraction	leukocyte	0.0285391318031353	0.0115894883279602	-0.000918661595623804	-0.000514565968133459	-0.00115162758479992
Bladder_droplet	all_observed_sexes	Cd38	mean_expression	bladder cell	0.50289286525986	-0.0181153264756077	-0.00805628074112561	0.00553927345384321	0.000869773483847071
Bladder_droplet	all_observed_sexes	Cd38	mean_expression	bladder urothelial cell	0.440282349431157	0.000969397103332156	-0.00125980319358015	-0.000912065782464674	6.60445741666194e-05
Bladder_droplet	all_observed_sexes	Cd38	mean_expression	endothelial cell	0.0282856535058474	0.00692131534939405	-0.00252957730859909	-0.000986967961608431	-0.00371159846591889
Bladder_droplet	all_observed_sexes	Cd38	mean_expression	leukocyte	0.0285391318031353	0.00691961208097019	0.00178318268282622	0.000998806446158484	0.00609225173167742
Bladder_droplet	all_observed_sexes	Cd38	detected_fraction	bladder cell	0.50289286525986	-0.0182669754264705	-0.0114520648860168	0.00787411971519001	0.000755127207117445
Bladder_droplet	all_observed_sexes	Cd38	detected_fraction	bladder urothelial cell	0.440282349431157	0.00299602574457087	-0.00398083241589921	-0.00288202240696801	0.00022958715045118
Bladder_droplet	all_observed_sexes	Cd38	detected_fraction	endothelial cell	0.0282856535058474	0.00287023209883731	-0.00186162481944861	-0.000726352204016415	-0.000649842779147313
Bladder_droplet	all_observed_sexes	Cd38	detected_fraction	leukocyte	0.0285391318031353	0.00253103768081889	0.002147307053196	0.00120276186353182	0.00242320968439279
Bladder_droplet	all_observed_sexes	Cdkn1a	mean_expression	bladder cell	0.50289286525986	-2.48121573337775	1.58783340829269	-1.09174986948781	0.112413955852532
Bladder_droplet	all_observed_sexes	Cdkn1a	mean_expression	bladder urothelial cell	0.440282349431157	1.79270329975494	0.352665503581167	0.255320942279856	0.00599360354219369
Bladder_droplet	all_observed_sexes	Cdkn1a	mean_expression	endothelial cell	0.0282856535058474	0.153748803443698	0.357248899263584	0.139388196080991	-0.0421324115644588
Bladder_droplet	all_observed_sexes	Cdkn1a	mean_expression	leukocyte	0.0285391318031353	0.0834235378294108	0.0235923316878256	0.0132146712710117	0.0328090381438673
Bladder_droplet	all_observed_sexes	Cdkn1a	detected_fraction	bladder cell	0.50289286525986	-0.326276745668362	-0.0141296206546958	0.00971513222049106	-6.86228464885641e-05
Bladder_droplet	all_observed_sexes	Cdkn1a	detected_fraction	bladder urothelial cell	0.440282349431157	0.312653651319237	-0.000936923928349694	-0.000678309326547817	0.00084757452116957
Bladder_droplet	all_observed_sexes	Cdkn1a	detected_fraction	endothelial cell	0.0282856535058474	0.00953712097630096	0.00276906965863353	0.00108041095531761	-0.000728782004560193
Bladder_droplet	all_observed_sexes	Cdkn1a	detected_fraction	leukocyte	0.0285391318031353	0.0139873134992623	-0.00173890392866541	-0.000974004778045831	0.000504905809719451
Bladder_droplet	all_observed_sexes	Cdkn2a	mean_expression	bladder cell	0.50289286525986	-0.0194214224333423	-0.000433801251578785	0.000298269615264002	-0.000755266265441322
Bladder_droplet	all_observed_sexes	Cdkn2a	mean_expression	bladder urothelial cell	0.440282349431157	0.000894798415294017	-0.000248974618067869	-0.000180251352750256	-0.000135349994898758
Bladder_droplet	all_observed_sexes	Cdkn2a	mean_expression	endothelial cell	0.0282856535058474	0	0	0	0
Bladder_droplet	all_observed_sexes	Cdkn2a	mean_expression	leukocyte	0.0285391318031353	0	0.00243592039383194	0.00136442161261464	-0.000624849150422761
Bladder_droplet	all_observed_sexes	Cdkn2a	detected_fraction	bladder cell	0.50289286525986	-0.0118701112160975	-0.00506891003442806	0.00348524085689991	-0.000605552900073874
Bladder_droplet	all_observed_sexes	Cdkn2a	detected_fraction	bladder urothelial cell	0.440282349431157	0.0026604684229786	-0.00136672618889191	-0.000989475338083711	-0.000268223051836536
Bladder_droplet	all_observed_sexes	Cdkn2a	detected_fraction	endothelial cell	0.0282856535058474	0	0	0	0
Bladder_droplet	all_observed_sexes	Cdkn2a	detected_fraction	leukocyte	0.0285391318031353	0	0.00117317724474533	0.00065712672393212	-0.000186702070674949
Bladder_droplet	all_observed_sexes	Clec7a	mean_expression	bladder cell	0.50289286525986	-0.00232761662475076	0.000746634932542768	-0.000513365310177649	0.000591805523625282
Bladder_droplet	all_observed_sexes	Clec7a	mean_expression	bladder urothelial cell	0.440282349431157	0.000380754143310144	0.00107634291281861	0.00077924515986533	-0.000251637603854797
Bladder_droplet	all_observed_sexes	Clec7a	mean_expression	endothelial cell	0.0282856535058474	0	0.000325913646426771	0.000127162086005722	-5.25929154624015e-05
Bladder_droplet	all_observed_sexes	Clec7a	mean_expression	leukocyte	0.0285391318031353	0.0208300810314018	0.0444964846378054	0.0249236245482108	0.0356454474972668
Bladder_droplet	all_observed_sexes	Clec7a	detected_fraction	bladder cell	0.50289286525986	-0.0020864794956507	-0.00128232130160814	0.000881688284400971	0.000354959066911269
Bladder_droplet	all_observed_sexes	Clec7a	detected_fraction	bladder urothelial cell	0.440282349431157	0.000782096297880106	0.00243639367237162	0.00176388765523655	-0.000576917836041753
Bladder_droplet	all_observed_sexes	Clec7a	detected_fraction	endothelial cell	0.0282856535058474	0	0.000196428149346162	7.66405871461839e-05	-3.16977492850084e-05
Bladder_droplet	all_observed_sexes	Clec7a	detected_fraction	leukocyte	0.0285391318031353	0.00492886285212099	0.00725676393208895	0.00406469996788724	0.000254192302180361
Bladder_droplet	all_observed_sexes	Cst7	mean_expression	bladder cell	0.50289286525986	-0	0	-0	0
Bladder_droplet	all_observed_sexes	Cst7	mean_expression	bladder urothelial cell	0.440282349431157	0	0.000173884887241228	0.000125888278858663	-3.32390559162201e-05
Bladder_droplet	all_observed_sexes	Cst7	mean_expression	endothelial cell	0.0282856535058474	0	0	0	0
Bladder_droplet	all_observed_sexes	Cst7	mean_expression	leukocyte	0.0285391318031353	0.00109576792088059	0.00367760585313059	0.00205992154809131	0.00179811104174672
Bladder_droplet	all_observed_sexes	Cst7	detected_fraction	bladder cell	0.50289286525986	-0	0	-0	0
Bladder_droplet	all_observed_sexes	Cst7	detected_fraction	bladder urothelial cell	0.440282349431157	0	0.000314937302883515	0.000228006675205727	-6.02020036745704e-05
Bladder_droplet	all_observed_sexes	Cst7	detected_fraction	endothelial cell	0.0282856535058474	0	0	0	0
Bladder_droplet	all_observed_sexes	Cst7	detected_fraction	leukocyte	0.0285391318031353	0.00133212509516783	-7.36303710091286e-06	-4.12422630082963e-06	0.000969415257312986
Bladder_droplet	all_observed_sexes	Fth1	mean_expression	bladder cell	0.50289286525986	-31.3981007147961	0.774541007966128	-0.532552747626852	0.857906561913722
Bladder_droplet	all_observed_sexes	Fth1	mean_expression	bladder urothelial cell	0.440282349431157	11.4268756141037	1.13115386321917	0.818926907474377	0.0224959818930799
Bladder_droplet	all_observed_sexes	Fth1	mean_expression	endothelial cell	0.0282856535058474	0.341682128764911	0.842943903828704	0.328892350387511	0.0930509082460003
Bladder_droplet	all_observed_sexes	Fth1	mean_expression	leukocyte	0.0285391318031353	1.60399099726497	1.31809537658164	0.73829909378373	0.212294421008857
Bladder_droplet	all_observed_sexes	Fth1	detected_fraction	bladder cell	0.50289286525986	-0.345775077628674	0	-0	0
Bladder_droplet	all_observed_sexes	Fth1	detected_fraction	bladder urothelial cell	0.440282349431157	0.318753331937609	0	0	0
Bladder_droplet	all_observed_sexes	Fth1	detected_fraction	endothelial cell	0.0282856535058474	0.0110362445490505	0	0	0
Bladder_droplet	all_observed_sexes	Fth1	detected_fraction	leukocyte	0.0285391318031353	0.015985501142014	0	0	0
Bladder_droplet	all_observed_sexes	H2-D1	mean_expression	bladder cell	0.50289286525986	-2.90215138756565	2.92200525703117	-2.0090891408039	0.223103396496907
Bladder_droplet	all_observed_sexes	H2-D1	mean_expression	bladder urothelial cell	0.440282349431157	1.27269594487796	0.574139505244761	0.415662541390144	-0.0914748610120573
Bladder_droplet	all_observed_sexes	H2-D1	mean_expression	endothelial cell	0.0282856535058474	0.173374890545889	0.0667580876502572	0.0260470765076324	0.0177723724285433
Bladder_droplet	all_observed_sexes	H2-D1	mean_expression	leukocyte	0.0285391318031353	0.474736937049129	0.101663131509848	0.0569441325707341	0.102201676217758
Bladder_droplet	all_observed_sexes	H2-D1	detected_fraction	bladder cell	0.50289286525986	-0.341341886139391	-0.00318773695182367	0.00219179882658916	0.000126655932879832
Bladder_droplet	all_observed_sexes	H2-D1	detected_fraction	bladder urothelial cell	0.440282349431157	0.314657024750978	0.000686765087035262	0.000497200625993163	7.78730130254757e-05
Bladder_droplet	all_observed_sexes	H2-D1	detected_fraction	endothelial cell	0.0282856535058474	0.010227728464871	-0.000315851243466922	-0.000123236027171938	0.00064671239990937
Bladder_droplet	all_observed_sexes	H2-D1	detected_fraction	leukocyte	0.0285391318031353	0.015985501142014	0	0	0
Bladder_droplet	all_observed_sexes	H2-K1	mean_expression	bladder cell	0.50289286525986	-1.29167916100895	1.35082878765593	-0.928792116932144	0.0827500600061537
Bladder_droplet	all_observed_sexes	H2-K1	mean_expression	bladder urothelial cell	0.440282349431157	1.24347084782409	0.628207769067083	0.454806602622018	-0.0941529871639022
Bladder_droplet	all_observed_sexes	H2-K1	mean_expression	endothelial cell	0.0282856535058474	0.0977254328375671	0.0120830596933224	0.0047144606946668	-0.00554823936286164
Bladder_droplet	all_observed_sexes	H2-K1	mean_expression	leukocyte	0.0285391318031353	0.181711436928111	0.100409437147211	0.0562419061398845	0.0886340066308811
Bladder_droplet	all_observed_sexes	H2-K1	detected_fraction	bladder cell	0.50289286525986	-0.316300653299981	-0.0151322397707802	0.0104045051001738	0.000166313640584892
Bladder_droplet	all_observed_sexes	H2-K1	detected_fraction	bladder urothelial cell	0.440282349431157	0.313717838688429	0.00230343712315555	0.00166763046227775	6.55963075336108e-05
Bladder_droplet	all_observed_sexes	H2-K1	detected_fraction	endothelial cell	0.0282856535058474	0.00856690167528553	-0.000578792885755496	-0.000225828257039485	-0.00138740663311209
Bladder_droplet	all_observed_sexes	H2-K1	detected_fraction	leukocyte	0.0285391318031353	0.0158522886324972	-4.19693114751989e-05	-2.35080899147264e-05	6.32680800397301e-05
Bladder_droplet	all_observed_sexes	Ifi204	mean_expression	bladder cell	0.50289286525986	-0.00549144360529828	0.0337920380211456	-0.0232344608109622	-0.000544124130390055
Bladder_droplet	all_observed_sexes	Ifi204	mean_expression	bladder urothelial cell	0.440282349431157	0.000286865329343851	0.00102168744731943	0.000739675979408798	-4.78946973965356e-05
Bladder_droplet	all_observed_sexes	Ifi204	mean_expression	endothelial cell	0.0282856535058474	0.000742750189516004	0.00344754134221479	0.0013451309985742	-0.00039887951008166
Bladder_droplet	all_observed_sexes	Ifi204	mean_expression	leukocyte	0.0285391318031353	0.00683103753442813	0.00492292440429184	0.00275745647168602	-0.00438684546372786
Bladder_droplet	all_observed_sexes	Ifi204	detected_fraction	bladder cell	0.50289286525986	-0.00382149588788386	0.0193302850400331	-0.0132909636863669	-9.49750946622552e-05
Bladder_droplet	all_observed_sexes	Ifi204	detected_fraction	bladder urothelial cell	0.440282349431157	0.000782096297880106	0.00119330749258184	0.000863924569717621	-2.00795313236779e-05
Bladder_droplet	all_observed_sexes	Ifi204	detected_fraction	endothelial cell	0.0282856535058474	0.000545748356821178	0.00135968639233073	0.000530510335661012	-0.000211975858878208
Bladder_droplet	all_observed_sexes	Ifi204	detected_fraction	leukocyte	0.0285391318031353	0.00266425019033567	0.00188984618923411	0.00105855141721283	-0.000199678611539564
Bladder_droplet	all_observed_sexes	Ifit2	mean_expression	bladder cell	0.50289286525986	-0.0404029272051865	-0.0110574897556965	0.0076028208844811	0.000439377024102506
Bladder_droplet	all_observed_sexes	Ifit2	mean_expression	bladder urothelial cell	0.440282349431157	0.00146800910782357	-0.00135048962500496	-0.000977720474767326	0.000197664939172073
Bladder_droplet	all_observed_sexes	Ifit2	mean_expression	endothelial cell	0.0282856535058474	0.00289072197991658	-0.000600226796252186	-0.000234191149480171	-0.00156022680900604
Bladder_droplet	all_observed_sexes	Ifit2	mean_expression	leukocyte	0.0285391318031353	0.00076992239162829	-0.00073991551854334	-0.000414445696815802	0.000493049702359147
Bladder_droplet	all_observed_sexes	Ifit2	detected_fraction	bladder cell	0.50289286525986	-0.0308908464895231	-0.0127485848479696	0.00876557060157253	-0.000204858385485548
Bladder_droplet	all_observed_sexes	Ifit2	detected_fraction	bladder urothelial cell	0.440282349431157	0.00230684229530603	-0.00214291222132504	-0.00155141447636883	0.000253605772761997
Bladder_droplet	all_observed_sexes	Ifit2	detected_fraction	endothelial cell	0.0282856535058474	0.00241881061850374	-0.00363771077703015	-0.00141932961618589	-0.00109197929820893
Bladder_droplet	all_observed_sexes	Ifit2	detected_fraction	leukocyte	0.0285391318031353	0.000532850038067134	-0.000337717968361836	-0.000189164512998033	0.000321132930963979
Bladder_droplet	all_observed_sexes	Ifit3	mean_expression	bladder cell	0.50289286525986	-0.0924987521010426	-0.00151606076268987	0.00104240100451216	0.00616651868847527
Bladder_droplet	all_observed_sexes	Ifit3	mean_expression	bladder urothelial cell	0.440282349431157	0.00183939581932127	-0.0019801309324054	-0.00143356492303727	7.2561091480166e-05
Bladder_droplet	all_observed_sexes	Ifit3	mean_expression	endothelial cell	0.0282856535058474	0.00414442772461933	0.00594657853581117	0.00232018308991092	-0.00316627782746507
Bladder_droplet	all_observed_sexes	Ifit3	mean_expression	leukocyte	0.0285391318031353	0.000454145508606867	0.00313937169782486	0.00175844276577722	-0.00242590805676174
Bladder_droplet	all_observed_sexes	Ifit3	detected_fraction	bladder cell	0.50289286525986	-0.0355021648329289	-0.0123690769896256	0.00850463160592426	-0.000369283727316354
Bladder_droplet	all_observed_sexes	Ifit3	detected_fraction	bladder urothelial cell	0.440282349431157	0.0051457782752078	-0.00590676227584883	-0.00427634711866773	0.000479163358069235
Bladder_droplet	all_observed_sexes	Ifit3	detected_fraction	endothelial cell	0.0282856535058474	0.00285338801375023	-0.00239368256412533	-0.00093394575964187	-0.000425207680018936
Bladder_droplet	all_observed_sexes	Ifit3	detected_fraction	leukocyte	0.0285391318031353	0.000266425019033567	0.00117366811388539	0.000657401672352175	-0.000713420271963418
Bladder_droplet	all_observed_sexes	Ifitm3	mean_expression	bladder cell	0.50289286525986	-5.89302757643252	-0.24112343313373	0.165789732902306	-0.00831277988188139
Bladder_droplet	all_observed_sexes	Ifitm3	mean_expression	bladder urothelial cell	0.440282349431157	0.321478980604996	0.0662583504689432	0.0479693769417569	-0.00934370514405536
Bladder_droplet	all_observed_sexes	Ifitm3	mean_expression	endothelial cell	0.0282856535058474	0.306408805456115	-0.0866900926414578	-0.0338239688248033	0.0915349956520602
Bladder_droplet	all_observed_sexes	Ifitm3	mean_expression	leukocyte	0.0285391318031353	0.197727366910804	0.0669603356056513	0.037506204767455	-0.0849666211679272
Bladder_droplet	all_observed_sexes	Ifitm3	detected_fraction	bladder cell	0.50289286525986	-0.345642138344695	-0.00100401799594638	0.000690334710375247	1.19495471486708e-05
Bladder_droplet	all_observed_sexes	Ifitm3	detected_fraction	bladder urothelial cell	0.440282349431157	0.249543839767127	-0.00120364634651075	-0.000871409639565443	0.000477612886179202
Bladder_droplet	all_observed_sexes	Ifitm3	detected_fraction	endothelial cell	0.0282856535058474	0.0110362445490505	-0.000392856298692323	-0.000153281174292367	6.33954985700055e-05
Bladder_droplet	all_observed_sexes	Ifitm3	detected_fraction	leukocyte	0.0285391318031353	0.0126551884040944	8.46749266604913e-05	4.7428602459537e-05	-0.00113336349142822
Bladder_droplet	all_observed_sexes	Il1b	mean_expression	bladder cell	0.50289286525986	-0.0374313064379321	-0.0272906736870565	0.018764304416617	-0.00116586201813454
Bladder_droplet	all_observed_sexes	Il1b	mean_expression	bladder urothelial cell	0.440282349431157	0.0183821741990157	-0.00497989165131687	-0.00360531613087918	-0.000288163586632854
Bladder_droplet	all_observed_sexes	Il1b	mean_expression	endothelial cell	0.0282856535058474	0	0.00113226432276772	0.000441776816563436	-0.00011004092184669
Bladder_droplet	all_observed_sexes	Il1b	mean_expression	leukocyte	0.0285391318031353	0.526038072710498	-0.284047818314458	-0.159102482702488	0.36374821096625
Bladder_droplet	all_observed_sexes	Il1b	detected_fraction	bladder cell	0.50289286525986	-0.0203976349444245	-0.0127486480177656	0.00876561403535858	-0.00167198411789376
Bladder_droplet	all_observed_sexes	Il1b	detected_fraction	bladder urothelial cell	0.440282349431157	0.0356167080739667	-0.0168600682171961	-0.0122062647477694	-0.000340199970580927
Bladder_droplet	all_observed_sexes	Il1b	detected_fraction	endothelial cell	0.0282856535058474	0	0.000612124930520597	0.00023883345761834	-4.58437509260692e-05
Bladder_droplet	all_observed_sexes	Il1b	detected_fraction	leukocyte	0.0285391318031353	0.011056638289893	-0.0046109792671612	-0.00258272798378928	0.00341261238769688
Bladder_droplet	all_observed_sexes	Irf7	mean_expression	bladder cell	0.50289286525986	-0.123359734625668	0.0429589733968591	-0.0295373893472747	0.00598433483937165
Bladder_droplet	all_observed_sexes	Irf7	mean_expression	bladder urothelial cell	0.440282349431157	0.0162914983076367	-0.00550596925389133	-0.00398618306523394	0.00126540540928657
Bladder_droplet	all_observed_sexes	Irf7	mean_expression	endothelial cell	0.0282856535058474	0.00943384931564548	0.00761859737657532	0.00297255652061418	-0.00679058369463495
Bladder_droplet	all_observed_sexes	Irf7	mean_expression	leukocyte	0.0285391318031353	0.0042100131392525	0.00539751057024397	0.00302328437949148	-0.00172747999526307
Bladder_droplet	all_observed_sexes	Irf7	detected_fraction	bladder cell	0.50289286525986	-0.0872355071541046	-0.0242657207141778	0.0166844313039218	0.000375003949689645
Bladder_droplet	all_observed_sexes	Irf7	detected_fraction	bladder urothelial cell	0.440282349431157	0.0358600491756118	-0.0202243098958468	-0.0146418909905629	0.00275235186617354
Bladder_droplet	all_observed_sexes	Irf7	detected_fraction	endothelial cell	0.0282856535058474	0.00349009443004161	-0.00181072317277419	-0.000706491852530028	-0.00239693675202355
Bladder_droplet	all_observed_sexes	Irf7	detected_fraction	leukocyte	0.0285391318031353	0.00146533760468462	0.00213061750243393	0.00119341361724994	2.18326529563954e-05
Bladder_droplet	all_observed_sexes	Itga1	mean_expression	bladder cell	0.50289286525986	-0.0131698522836987	-0.0144285471113537	0.00992066569669725	0.000938729911682541
Bladder_droplet	all_observed_sexes	Itga1	mean_expression	bladder urothelial cell	0.440282349431157	0.00101104094249163	-0.000827826856365512	-0.000599325794174729	-4.43397137233643e-05
Bladder_droplet	all_observed_sexes	Itga1	mean_expression	endothelial cell	0.0282856535058474	0.00973571593070637	-0.0107972043242626	-0.00421275709058637	-0.00872349215778289
Bladder_droplet	all_observed_sexes	Itga1	mean_expression	leukocyte	0.0285391318031353	0.000252178169427698	0.00202452991899925	0.00113399123545337	-0.000553079178025336
Bladder_droplet	all_observed_sexes	Itga1	detected_fraction	bladder cell	0.50289286525986	-0.0112019359046026	-0.011446133654444	0.00787004156614639	0.000526826637373419
Bladder_droplet	all_observed_sexes	Itga1	detected_fraction	bladder urothelial cell	0.440282349431157	0.0024104658096942	-0.00222799970721614	-0.00161301567312138	-0.000111223053691196
Bladder_droplet	all_observed_sexes	Itga1	detected_fraction	endothelial cell	0.0282856535058474	0.00388424602107913	-0.00316880320150178	-0.00123637543153664	-0.00307968484286971
Bladder_droplet	all_observed_sexes	Itga1	detected_fraction	leukocyte	0.0285391318031353	0.00039963752855035	0.0011027375231466	0.000617671625654187	-0.000364133758570013
Bladder_droplet	all_observed_sexes	Itgal	mean_expression	bladder cell	0.50289286525986	-0.0025145179091568	-0.00157134891491057	0.00108041559260177	0.000231073766741952
Bladder_droplet	all_observed_sexes	Itgal	mean_expression	bladder urothelial cell	0.440282349431157	0	0.000401590030376962	0.000290741067455846	1.27682507553199e-05
Bladder_droplet	all_observed_sexes	Itgal	mean_expression	endothelial cell	0.0282856535058474	0.000661122200957886	-0.00169444174766197	-0.000661122200957886	0.000437701154251927
Bladder_droplet	all_observed_sexes	Itgal	mean_expression	leukocyte	0.0285391318031353	0.00127256569699436	0.0122060166161241	0.00683690358566049	-0.00168869970112834
Bladder_droplet	all_observed_sexes	Itgal	detected_fraction	bladder cell	0.50289286525986	-0.0033764829179628	-0.00374257327956264	0.00257328877712965	2.81914881707429e-05
Bladder_droplet	all_observed_sexes	Itgal	detected_fraction	bladder urothelial cell	0.440282349431157	0	0.000705373308963415	0.000510672509998272	2.58157802169525e-05
Bladder_droplet	all_observed_sexes	Itgal	detected_fraction	endothelial cell	0.0282856535058474	0.00122624939433894	-0.00314285038953859	-0.00122624939433894	0.000811848058536264
Bladder_droplet	all_observed_sexes	Itgal	detected_fraction	leukocyte	0.0285391318031353	0.000932487566617484	0.00314082619267908	0.00175925746572371	-7.31414467123551e-05
Bladder_droplet	all_observed_sexes	Lmnb1	mean_expression	bladder cell	0.50289286525986	-0.0250759273543929	0.0370504730430748	-0.0254748696544509	-0.000371321411913109
Bladder_droplet	all_observed_sexes	Lmnb1	mean_expression	bladder urothelial cell	0.440282349431157	0.0315035455232645	0.0011728804446436	0.00084913590149057	-0.000351250220503578
Bladder_droplet	all_observed_sexes	Lmnb1	mean_expression	endothelial cell	0.0282856535058474	0.000401877779118599	0.00124622991408048	0.000486242896714094	0.000140075626846138
Bladder_droplet	all_observed_sexes	Lmnb1	mean_expression	leukocyte	0.0285391318031353	0.0233701331613979	0.00565400920945639	0.00316695585900035	0.0162075783179693
Bladder_droplet	all_observed_sexes	Lmnb1	detected_fraction	bladder cell	0.50289286525986	-0.0214598375030276	0.0198756659586822	-0.0136659523619085	-0.000569099576558891
Bladder_droplet	all_observed_sexes	Lmnb1	detected_fraction	bladder urothelial cell	0.440282349431157	0.0597942509453147	-0.00668860427971906	-0.00484238103782074	-0.000233919883453532
Bladder_droplet	all_observed_sexes	Lmnb1	detected_fraction	endothelial cell	0.0282856535058474	0.000272874178410589	0.00107656480727774	0.00042004447532253	-2.6192931101832e-05
Bladder_droplet	all_observed_sexes	Lmnb1	detected_fraction	leukocyte	0.0285391318031353	0.00812596308052379	-0.0027559847868714	-0.00154369790440037	0.00219098265592928
Bladder_droplet	all_observed_sexes	Lpl	mean_expression	bladder cell	0.50289286525986	-0.208537993877844	0.154742239729174	-0.106396438786503	-0.001721180880182
Bladder_droplet	all_observed_sexes	Lpl	mean_expression	bladder urothelial cell	0.440282349431157	0.0107308988571425	-0.0109198383229516	-0.00790568791630625	0.000338785364151788
Bladder_droplet	all_observed_sexes	Lpl	mean_expression	endothelial cell	0.0282856535058474	0.00826134526235002	-0.00162013544787053	-0.000632130030214374	0.00434992675534892
Bladder_droplet	all_observed_sexes	Lpl	mean_expression	leukocyte	0.0285391318031353	0.00644642377288311	0.0236771706390171	0.0132621917478263	-0.00933161254343479
Bladder_droplet	all_observed_sexes	Lpl	detected_fraction	bladder cell	0.50289286525986	-0.112917521409941	-0.00228038197592335	0.00156792690693769	0.00136833897005728
Bladder_droplet	all_observed_sexes	Lpl	detected_fraction	bladder urothelial cell	0.440282349431157	0.0229260930082979	-0.0253660928938792	-0.0183644123790321	0.000897202873843282
Bladder_droplet	all_observed_sexes	Lpl	detected_fraction	endothelial cell	0.0282856535058474	0.00366527291494717	-0.00430796599043929	-0.00168084383023542	0.000775095166793319
Bladder_droplet	all_observed_sexes	Lpl	detected_fraction	leukocyte	0.0285391318031353	0.00106570007613427	0.00209306601321928	0.00117238006311572	-0.000629478328763879
Bladder_droplet	all_observed_sexes	Oas1a	mean_expression	bladder cell	0.50289286525986	-0.00314682939674778	0.0110836931169518	-0.00762083758326153	0.000886305336945147
Bladder_droplet	all_observed_sexes	Oas1a	mean_expression	bladder urothelial cell	0.440282349431157	0.000196456991729056	-0.000169942861407243	-0.00012303435143961	-3.43145564251764e-05
Bladder_droplet	all_observed_sexes	Oas1a	mean_expression	endothelial cell	0.0282856535058474	0.000888931816921001	-0.000426986474732587	-0.00016659778262898	-0.000811280048818995
Bladder_droplet	all_observed_sexes	Oas1a	mean_expression	leukocyte	0.0285391318031353	0.00226355601124559	0.002983764891139	0.00167128339445714	-0.00356138621914835
Bladder_droplet	all_observed_sexes	Oas1a	detected_fraction	bladder cell	0.50289286525986	-0.00182060092769324	0.00645338377683546	-0.00443716630429796	0.00040122414382396
Bladder_droplet	all_observed_sexes	Oas1a	detected_fraction	bladder urothelial cell	0.440282349431157	0.000532093684595706	-0.000577492944558549	-0.000418090346992847	-6.89446978620573e-05
Bladder_droplet	all_observed_sexes	Oas1a	detected_fraction	endothelial cell	0.0282856535058474	0.000535641905768934	-8.07699699202597e-05	-3.15141080291875e-05	-0.000612895842862261
Bladder_droplet	all_observed_sexes	Oas1a	detected_fraction	leukocyte	0.0285391318031353	0.00119891258565105	0.00149199675121482	0.000835705722758025	-0.00107759455330818
Bladder_droplet	all_observed_sexes	Oasl2	mean_expression	bladder cell	0.50289286525986	-0.0856738024208843	-0.00268129738429336	0.00184358513561437	0.00421982514128065
Bladder_droplet	all_observed_sexes	Oasl2	mean_expression	bladder urothelial cell	0.440282349431157	0.00338159778710625	-0.00313722013135857	-0.00227126836036984	0.000178065258590748
Bladder_droplet	all_observed_sexes	Oasl2	mean_expression	endothelial cell	0.0282856535058474	0.00398093121622148	-0.00469458778379696	-0.00183169248072199	-0.000720324155478007
Bladder_droplet	all_observed_sexes	Oasl2	mean_expression	leukocyte	0.0285391318031353	0.00420563118934409	-0.00455531868678376	-0.00255155106231436	-0.00121805589474686
Bladder_droplet	all_observed_sexes	Oasl2	detected_fraction	bladder cell	0.50289286525986	-0.0590100999619728	-0.0118996469672742	0.00818186464374853	0.00113116442001205
Bladder_droplet	all_observed_sexes	Oasl2	detected_fraction	bladder urothelial cell	0.440282349431157	0.0080168027131365	-0.00828026227509624	-0.00599470133861659	0.000503042603879678
Bladder_droplet	all_observed_sexes	Oasl2	detected_fraction	endothelial cell	0.0282856535058474	0.00284328156269799	-0.00435490192696847	-0.00169915687623125	-0.000583285925361095
Bladder_droplet	all_observed_sexes	Oasl2	detected_fraction	leukocyte	0.0285391318031353	0.00306388771888602	-0.00432627516592593	-0.00242325790015722	0.000295177589993681
Bladder_droplet	all_observed_sexes	P2ry12	mean_expression	bladder cell	0.50289286525986	-0.000143135295472755	-0.000208174977079787	0.000143135295472755	6.885623274995e-06
Bladder_droplet	all_observed_sexes	P2ry12	mean_expression	bladder urothelial cell	0.440282349431157	0	0	0	0
Bladder_droplet	all_observed_sexes	P2ry12	mean_expression	endothelial cell	0.0282856535058474	0	0	0	0
Bladder_droplet	all_observed_sexes	P2ry12	mean_expression	leukocyte	0.0285391318031353	0.00272985674877909	0.000191127979210967	0.000107055692899953	-0.00253116270755207
Bladder_droplet	all_observed_sexes	P2ry12	detected_fraction	bladder cell	0.50289286525986	-0.000132939283978719	-0.000193345968958026	0.000132939283978719	6.39513702683679e-06
Bladder_droplet	all_observed_sexes	P2ry12	detected_fraction	bladder urothelial cell	0.440282349431157	0	0	0	0
Bladder_droplet	all_observed_sexes	P2ry12	detected_fraction	endothelial cell	0.0282856535058474	0	0	0	0
Bladder_droplet	all_observed_sexes	P2ry12	detected_fraction	leukocyte	0.0285391318031353	0.0015985501142014	0.000331827538681105	0.000185865131957369	-0.00103318941153063
Bladder_droplet	all_observed_sexes	Rtp4	mean_expression	bladder cell	0.50289286525986	-0.124851905836271	-0.0216069952597728	0.0148563659963833	0.00467458919231133
Bladder_droplet	all_observed_sexes	Rtp4	mean_expression	bladder urothelial cell	0.440282349431157	0.00258615848920503	-0.0018603485554926	-0.00134684549901836	-9.38926923942105e-05
Bladder_droplet	all_observed_sexes	Rtp4	mean_expression	endothelial cell	0.0282856535058474	0.00562460041082148	0.0149195507745223	0.00582117754060606	-0.00406341984150849
Bladder_droplet	all_observed_sexes	Rtp4	mean_expression	leukocyte	0.0285391318031353	0.0011442559989766	0.00557909331753797	0.00312499354269452	-0.00307904937996734
Bladder_droplet	all_observed_sexes	Rtp4	detected_fraction	bladder cell	0.50289286525986	-0.0866146865911283	-0.0538958322067602	0.0370572677652223	0.000669581027884909
Bladder_droplet	all_observed_sexes	Rtp4	detected_fraction	bladder urothelial cell	0.440282349431157	0.00580287326644572	-0.00435860855604352	-0.00315552281767743	-9.34769053475715e-05
Bladder_droplet	all_observed_sexes	Rtp4	detected_fraction	endothelial cell	0.0282856535058474	0.00393477827634035	-0.00288261948583031	-0.0011247148163257	-0.000964799638194328
Bladder_droplet	all_observed_sexes	Rtp4	detected_fraction	leukocyte	0.0285391318031353	0.000532850038067134	0.00215098857174646	0.00120482397668224	-0.000836467913259883
Bladder_droplet	all_observed_sexes	Stat1	mean_expression	bladder cell	0.50289286525986	-0.0819402672978999	0.000297024641438179	-0.000204225841219372	0.00735280173646546
Bladder_droplet	all_observed_sexes	Stat1	mean_expression	bladder urothelial cell	0.440282349431157	0.037466619829044	-0.00509692240801812	-0.00369004345116785	-0.00224297336582248
Bladder_droplet	all_observed_sexes	Stat1	mean_expression	endothelial cell	0.0282856535058474	0.00851544385664378	-0.0124096240768296	-0.00484187667947514	0.000774283613339808
Bladder_droplet	all_observed_sexes	Stat1	mean_expression	leukocyte	0.0285391318031353	0.00660262257239287	-0.00303811523614544	-0.00170172641942939	0.0035754441955226
Bladder_droplet	all_observed_sexes	Stat1	detected_fraction	bladder cell	0.50289286525986	-0.06529560162043	-0.0353868351723603	0.0243309987554373	0.00190088879985157
Bladder_droplet	all_observed_sexes	Stat1	detected_fraction	bladder urothelial cell	0.440282349431157	0.0669293394610248	-0.017460634391614	-0.0126410595320529	-0.002101268834101
Bladder_droplet	all_observed_sexes	Stat1	detected_fraction	endothelial cell	0.0282856535058474	0.00517113412173153	-0.00861337183888608	-0.00336068876705289	0.000304263294580237
Bladder_droplet	all_observed_sexes	Stat1	detected_fraction	leukocyte	0.0285391318031353	0.00306388771888602	-0.000448408959445548	-0.000251165381720499	0.00179994859043861
Bladder_droplet	all_observed_sexes	Tmem119	mean_expression	bladder cell	0.50289286525986	-0.424889481713633	-0.279997097973682	0.192518178275656	-0.00132739507455693
Bladder_droplet	all_observed_sexes	Tmem119	mean_expression	bladder urothelial cell	0.440282349431157	0.0157198164319991	-0.0208408446304124	-0.0150882466102055	0.00194408263809714
Bladder_droplet	all_observed_sexes	Tmem119	mean_expression	endothelial cell	0.0282856535058474	0.00490700021359208	-0.00605908619597512	-0.0023640803274612	0.00234205662383665
Bladder_droplet	all_observed_sexes	Tmem119	mean_expression	leukocyte	0.0285391318031353	0.00385859635409955	-0.00620594142310439	-0.00347610727581449	-0.000229725227223108
Bladder_droplet	all_observed_sexes	Tmem119	detected_fraction	bladder cell	0.50289286525986	-0.192881783920868	-0.141313429471001	0.097163164206079	-0.000266931746721544
Bladder_droplet	all_observed_sexes	Tmem119	detected_fraction	bladder urothelial cell	0.440282349431157	0.0348593420938061	-0.0465529085673282	-0.0337031333106915	0.00452169942499957
Bladder_droplet	all_observed_sexes	Tmem119	detected_fraction	endothelial cell	0.0282856535058474	0.00354399550232024	-0.00592487135472242	-0.00231171357518267	0.00139155516290518
Bladder_droplet	all_observed_sexes	Tmem119	detected_fraction	leukocyte	0.0285391318031353	0.00173176262371818	-0.00250760500200063	-0.0014045740038524	0.000374888496323124
Bladder_droplet	all_observed_sexes	Tnf	mean_expression	bladder cell	0.50289286525986	-0.00612338211323306	-0.00228627957884377	0.00157198193385993	-9.81621341883975e-05
Bladder_droplet	all_observed_sexes	Tnf	mean_expression	bladder urothelial cell	0.440282349431157	0.000370129333525055	0.00173617745660837	0.00125694875082748	-0.000188440790237912
Bladder_droplet	all_observed_sexes	Tnf	mean_expression	endothelial cell	0.0282856535058474	0	0	0	0
Bladder_droplet	all_observed_sexes	Tnf	mean_expression	leukocyte	0.0285391318031353	0.0276359456004384	0.0184292785227271	0.0103227125093967	0.00918079342262041
Bladder_droplet	all_observed_sexes	Tnf	detected_fraction	bladder cell	0.50289286525986	-0.00479942562425364	-0.00380740994642139	0.00261786865699071	-0.000295867699537527
Bladder_droplet	all_observed_sexes	Tnf	detected_fraction	bladder urothelial cell	0.440282349431157	0.000939186062549232	0.00284891054453093	0.00206253948093691	-0.000205001052862334
Bladder_droplet	all_observed_sexes	Tnf	detected_fraction	endothelial cell	0.0282856535058474	0	0	0	0
Bladder_droplet	all_observed_sexes	Tnf	detected_fraction	leukocyte	0.0285391318031353	0.0063942004568056	0.000227763280988216	0.000127576066905651	0.000346132768738246
Bladder_droplet	all_observed_sexes	Usp18	mean_expression	bladder cell	0.50289286525986	-0.0519206355207728	-0.0256479201710279	0.01763479301614	0.00269642578049881
Bladder_droplet	all_observed_sexes	Usp18	mean_expression	bladder urothelial cell	0.440282349431157	0.0699341751813505	-0.0404717232061709	-0.0293005082713196	0.000984638111779901
Bladder_droplet	all_observed_sexes	Usp18	mean_expression	endothelial cell	0.0282856535058474	0.00194477939307374	-0.00169863130184178	-0.000662756843921689	0.000593874539303768
Bladder_droplet	all_observed_sexes	Usp18	mean_expression	leukocyte	0.0285391318031353	0.00178794887160488	0.000414066518431749	0.00023192929795199	-0.000921454848912754
Bladder_droplet	all_observed_sexes	Usp18	detected_fraction	bladder cell	0.50289286525986	-0.0383490577933514	-0.0222711808312422	0.015313041430456	0.000804603597942488
Bladder_droplet	all_observed_sexes	Usp18	detected_fraction	bladder urothelial cell	0.440282349431157	0.110238656681685	-0.0635228605923219	-0.045988951167748	0.00252135581291812
Bladder_droplet	all_observed_sexes	Usp18	detected_fraction	endothelial cell	0.0282856535058474	0.0016305074364287	-0.00181338371249189	-0.000707529918238883	0.000487581946750975
Bladder_droplet	all_observed_sexes	Usp18	detected_fraction	leukocyte	0.0285391318031353	0.00119891258565105	-0.000829814281272795	-0.000464800304103452	0.000728275887353879
Bladder_droplet	male_only	Apoe	mean_expression	bladder cell	0.526346340143311	-2.10492408335701	0.825605988192909	-0.579157259615048	-0.0325297491610776
Bladder_droplet	male_only	Apoe	mean_expression	bladder urothelial cell	0.430670003019975	0.104787813720952	0.0124785039893202	0.00951427403463989	-0.00997022809973969
Bladder_droplet	male_only	Apoe	mean_expression	endothelial cell	0.0177805929348274	0.203408110338039	0.27959905727572	0.338736094242563	0.0325230463213952
Bladder_droplet	male_only	Apoe	mean_expression	leukocyte	0.0252030639018861	1.0590399131382	2.26342927920072	1.73522573536574	0.104284713357146
Bladder_droplet	male_only	Apoe	detected_fraction	bladder cell	0.526346340143311	-0.305829254514667	-0.0919651111669469	0.064512930532666	-0.000979013445189192
Bladder_droplet	male_only	Apoe	detected_fraction	bladder urothelial cell	0.430670003019975	0.145552037852039	-0.013701462069986	-0.0104467222129062	-0.00481521483619465
Bladder_droplet	male_only	Apoe	detected_fraction	endothelial cell	0.0177805929348274	0.0182272581785212	-0.0041948822354565	-0.00508212737943821	-0.000574590586781942
Bladder_droplet	male_only	Apoe	detected_fraction	leukocyte	0.0252030639018861	0.0123175002650803	-1.91818984805369e-05	-1.47055285545986e-05	0.00230873484978653
Bladder_droplet	male_only	B2m	mean_expression	bladder cell	0.526346340143311	-4.99106637993081	5.90669595023247	-4.1435089968323	0.3514811189091
Bladder_droplet	male_only	B2m	mean_expression	bladder urothelial cell	0.430670003019975	1.45286498867722	0.772501327381634	0.588996030864138	-0.171224763254082
Bladder_droplet	male_only	B2m	mean_expression	endothelial cell	0.0177805929348274	0.548273984552948	0.0676370137249709	0.0819426863547472	-0.0291832403439365
Bladder_droplet	male_only	B2m	mean_expression	leukocyte	0.0252030639018861	0.630144859861443	0.480312469307854	0.368224695783017	0.257555278032035
Bladder_droplet	male_only	B2m	detected_fraction	bladder cell	0.526346340143311	-0.368163879638676	0.00151772301079391	-0.00106467287344906	-0.000115591771309931
Bladder_droplet	male_only	B2m	detected_fraction	bladder urothelial cell	0.430670003019975	0.322570989907342	-0.0017892543374623	-0.00136422251408133	3.96363253211685e-05
Bladder_droplet	male_only	B2m	detected_fraction	endothelial cell	0.0177805929348274	0.0202985375169895	-0.000199903555530943	-0.000242184470453983	-0.000198959812808389
Bladder_droplet	male_only	B2m	detected_fraction	leukocyte	0.0252030639018861	0.0193215690432632	0	0	0
Bladder_droplet	male_only	Bst2	mean_expression	bladder cell	0.526346340143311	-0.362254922606051	0.123383771704224	-0.0865529176424656	0.0118739117685409
Bladder_droplet	male_only	Bst2	mean_expression	bladder urothelial cell	0.430670003019975	0.0501905619125392	0.0260437589126287	0.0198571446864876	-0.00391376665088614
Bladder_droplet	male_only	Bst2	mean_expression	endothelial cell	0.0177805929348274	0.0616289500553138	-3.65582398424762e-05	-4.42905476766735e-05	0.00153724661938198
Bladder_droplet	male_only	Bst2	mean_expression	leukocyte	0.0252030639018861	0.0326440471050355	0.00811285945511115	0.00621960785047608	-0.00493602236011296
Bladder_droplet	male_only	Bst2	detected_fraction	bladder cell	0.526346340143311	-0.181199436595296	0.00133525292928066	-0.000936671291723308	0.000145263086070338
Bladder_droplet	male_only	Bst2	detected_fraction	bladder urothelial cell	0.430670003019975	0.08813194329586	0.0202267884507517	0.0154219775323905	-0.00101693741262267
Bladder_droplet	male_only	Bst2	detected_fraction	endothelial cell	0.0177805929348274	0.0146370406585094	-0.00324108825448124	-0.00392659970715059	-1.35163591108763e-05
Bladder_droplet	male_only	Bst2	detected_fraction	leukocyte	0.0252030639018861	0.0132835787172435	0.000133839800132562	0.000102606371553275	-0.000959109243667516
Bladder_droplet	male_only	Cd38	mean_expression	bladder cell	0.526346340143311	-0.0154651362886901	-0.00290247282179121	0.00203606590748586	0.000496648213978976
Bladder_droplet	male_only	Cd38	mean_expression	bladder urothelial cell	0.430670003019975	0.00116219779218135	-0.00144682680943905	-0.00110313758423671	9.22711523616136e-05
Bladder_droplet	male_only	Cd38	mean_expression	endothelial cell	0.0177805929348274	0.00904660393552977	0.00209364575016315	0.00253646557698674	0.00108899254317563
Bladder_droplet	male_only	Cd38	mean_expression	leukocyte	0.0252030639018861	0.0029990239924527	0.00857241021930651	0.00657191588150958	0.00808804398101003
Bladder_droplet	male_only	Cd38	detected_fraction	bladder cell	0.526346340143311	-0.0142902759014048	-0.00455098462346811	0.00319248627162592	0.000114781469739421
Bladder_droplet	male_only	Cd38	detected_fraction	bladder urothelial cell	0.430670003019975	0.00337145509320681	-0.00426782167811817	-0.00325401386346834	0.000334395443289955
Bladder_droplet	male_only	Cd38	detected_fraction	endothelial cell	0.0177805929348274	0.00455681454463029	-0.00030725507816966	-0.000372241545195017	0.000595409400276704
Bladder_droplet	male_only	Cd38	detected_fraction	leukocyte	0.0252030639018861	0.00120759806520395	0.00431159226580899	0.00330542064149565	0.00312030945026019
Bladder_droplet	male_only	Cdkn1a	mean_expression	bladder cell	0.526346340143311	-2.50725159329543	1.86468381158129	-1.30806363060393	0.104997763565191
Bladder_droplet	male_only	Cdkn1a	mean_expression	bladder urothelial cell	0.430670003019975	1.63876434322997	0.617769477371833	0.471020252346137	0.0188610666878937
Bladder_droplet	male_only	Cdkn1a	mean_expression	endothelial cell	0.0177805929348274	0.259041710592158	0.258457824263832	0.313123351597094	0.00102920137512755
Bladder_droplet	male_only	Cdkn1a	mean_expression	leukocyte	0.0252030639018861	0.111724897931586	0.00662774161834932	0.00508106346825008	0.0300739455877291
Bladder_droplet	male_only	Cdkn1a	detected_fraction	bladder cell	0.526346340143311	-0.349401977668785	-0.0162059950833097	0.0113684007093121	-0.000164927280820626
Bladder_droplet	male_only	Cdkn1a	detected_fraction	bladder urothelial cell	0.430670003019975	0.323343615032868	-0.00257107504982434	-0.00196032413890239	0.00100850274699793
Bladder_droplet	male_only	Cdkn1a	detected_fraction	endothelial cell	0.0177805929348274	0.0175368317323651	0.00263077496836854	0.00318720115260435	0.000480194424746802
Bladder_droplet	male_only	Cdkn1a	detected_fraction	leukocyte	0.0252030639018861	0.0176309317519777	-0.00248075049784174	-0.0019018319443126	0.000173939265079952
Bladder_droplet	male_only	Cdkn2a	mean_expression	bladder cell	0.526346340143311	-0.0167828447635371	0.0051852319934329	-0.00363740669851244	-0.00144301592216485
Bladder_droplet	male_only	Cdkn2a	mean_expression	bladder urothelial cell	0.430670003019975	0.000354253925894376	0.000500805971423895	0.00038184106479342	-0.000118685006996144
Bladder_droplet	male_only	Cdkn2a	mean_expression	endothelial cell	0.0177805929348274	0	0	0	0
Bladder_droplet	male_only	Cdkn2a	mean_expression	leukocyte	0.0252030639018861	0	0.00215117466673984	0.00164916733970674	-0.000624849150422761
Bladder_droplet	male_only	Cdkn2a	detected_fraction	bladder cell	0.526346340143311	-0.0118849038539829	-0.00417865381387731	0.00293129861742194	-0.000935714711879811
Bladder_droplet	male_only	Cdkn2a	detected_fraction	bladder urothelial cell	0.430670003019975	0.000965781406908198	0.000991014734433108	0.00075560225519278	-0.000209459331726161
Bladder_droplet	male_only	Cdkn2a	detected_fraction	endothelial cell	0.0177805929348274	0	0	0	0
Bladder_droplet	male_only	Cdkn2a	detected_fraction	leukocyte	0.0252030639018861	0	0.00103603926256463	0.000794264706112816	-0.000186702070674949
Bladder_droplet	male_only	Clec7a	mean_expression	bladder cell	0.526346340143311	-0.00257114545160467	0.000659359754084633	-0.000462536601886759	0.000695736431091168
Bladder_droplet	male_only	Clec7a	mean_expression	bladder urothelial cell	0.430670003019975	0.000478999397658379	0.000939049132124815	0.000715980920683503	-0.000279111163863446
Bladder_droplet	male_only	Clec7a	mean_expression	endothelial cell	0.0177805929348274	0	0.000204871981402929	0.000248203751029563	-5.25929154624015e-05
Bladder_droplet	male_only	Clec7a	mean_expression	leukocyte	0.0252030639018861	0.022046886846322	0.0433782463912673	0.0332553131590414	0.0377795783887693
Bladder_droplet	male_only	Clec7a	detected_fraction	bladder cell	0.526346340143311	-0.00191641117220825	-0.00089794204610731	0.000629900536277512	0.000384729412588841
Bladder_droplet	male_only	Clec7a	detected_fraction	bladder urothelial cell	0.430670003019975	0.000579468844144912	0.00267989201114869	0.0020432919682626	-0.000590764821912601
Bladder_droplet	male_only	Clec7a	detected_fraction	endothelial cell	0.0177805929348274	0	0.00012347633982519	0.000149592396667156	-3.16977492850084e-05
Bladder_droplet	male_only	Clec7a	detected_fraction	leukocyte	0.0252030639018861	0.00458887264777502	0.00819370507580798	0.00628158699111629	0.000946011577076898
Bladder_droplet	male_only	Cst7	mean_expression	bladder cell	0.526346340143311	-0	0	-0	0
Bladder_droplet	male_only	Cst7	mean_expression	bladder urothelial cell	0.430670003019975	0	0.000170088592036591	0.000129684574063301	-3.32390559162201e-05
Bladder_droplet	male_only	Cst7	mean_expression	endothelial cell	0.0177805929348274	0	0	0	0
Bladder_droplet	male_only	Cst7	mean_expression	leukocyte	0.0252030639018861	0.00198667111064557	0.00238390899384847	0.00182758978816272	0.00147452861895113
Bladder_droplet	male_only	Cst7	detected_fraction	bladder cell	0.526346340143311	-0	0	-0	0
Bladder_droplet	male_only	Cst7	detected_fraction	bladder urothelial cell	0.430670003019975	0	0.000308061518612283	0.000234882459476959	-6.02020036745704e-05
Bladder_droplet	male_only	Cst7	detected_fraction	endothelial cell	0.0177805929348274	0	0	0	0
Bladder_droplet	male_only	Cst7	detected_fraction	leukocyte	0.0252030639018861	0.00241519613040791	-0.00105663000104657	-0.000810050301736398	0.000576036095952972
Bladder_droplet	male_only	Fth1	mean_expression	bladder cell	0.526346340143311	-31.5771114111312	3.59141850413598	-2.51935684664652	0.830874593319272
Bladder_droplet	male_only	Fth1	mean_expression	bladder urothelial cell	0.430670003019975	11.7217607224913	1.17164849297846	0.893327024137707	0.0244583098083542
Bladder_droplet	male_only	Fth1	mean_expression	endothelial cell	0.0177805929348274	0.720801871222814	0.485405340838881	0.588071758475565	0.0485170464812815
Bladder_droplet	male_only	Fth1	mean_expression	leukocyte	0.0252030639018861	1.98049918143091	1.10953777674732	0.850611292459872	0.204989858214137
Bladder_droplet	male_only	Fth1	detected_fraction	bladder cell	0.526346340143311	-0.369228552512125	0	-0	0
Bladder_droplet	male_only	Fth1	detected_fraction	bladder urothelial cell	0.430670003019975	0.328365678348791	0	0	0
Bladder_droplet	male_only	Fth1	detected_fraction	endothelial cell	0.0177805929348274	0.0215413051200705	0	0	0
Bladder_droplet	male_only	Fth1	detected_fraction	leukocyte	0.0252030639018861	0.0193215690432632	0	0	0
Bladder_droplet	male_only	H2-D1	mean_expression	bladder cell	0.526346340143311	-2.92746494539729	3.30280830039866	-2.31689865583408	0.210037331042677
Bladder_droplet	male_only	H2-D1	mean_expression	bladder urothelial cell	0.430670003019975	1.31061362956169	0.5622104583084	0.428659106096739	-0.0865810233760382
Bladder_droplet	male_only	H2-D1	mean_expression	endothelial cell	0.0177805929348274	0.372442221038654	0.0138698064660018	0.0168033616277922	-0.0174693349167418
Bladder_droplet	male_only	H2-D1	mean_expression	leukocyte	0.0252030639018861	0.501320604432109	0.18433627459158	0.141318772612905	0.128503723111842
Bladder_droplet	male_only	H2-D1	detected_fraction	bladder cell	0.526346340143311	-0.362840515271431	-0.000978366218027532	0.000686317572590532	-0.000314671279454976
Bladder_droplet	male_only	H2-D1	detected_fraction	bladder urothelial cell	0.430670003019975	0.323923083877013	0.000963932100903709	0.000734953017335505	0.000298612079888405
Bladder_droplet	male_only	H2-D1	detected_fraction	endothelial cell	0.0177805929348274	0.0207127933846832	-0.000817285254656895	-0.000990146453789765	-0.000125414519519414
Bladder_droplet	male_only	H2-D1	detected_fraction	leukocyte	0.0252030639018861	0.0193215690432632	0	0	0
Bladder_droplet	male_only	H2-K1	mean_expression	bladder cell	0.526346340143311	-1.39747905290082	1.38790148196654	-0.973603910832568	0.0831764148366034
Bladder_droplet	male_only	H2-K1	mean_expression	bladder urothelial cell	0.430670003019975	1.36003696960963	0.510790562450982	0.389453847161949	-0.0894026246051229
Bladder_droplet	male_only	H2-K1	mean_expression	endothelial cell	0.0177805929348274	0.197570470277438	0.00196350258053546	0.00237879627222739	-0.0128194138449478
Bladder_droplet	male_only	H2-K1	mean_expression	leukocyte	0.0252030639018861	0.206528285305674	0.105766451625676	0.0810843398049525	0.0936729439309497
Bladder_droplet	male_only	H2-K1	detected_fraction	bladder cell	0.526346340143311	-0.335561230313948	-0.0127107990054622	0.00891654327221411	-0.000835891999872773
Bladder_droplet	male_only	H2-K1	detected_fraction	bladder urothelial cell	0.430670003019975	0.323729927595632	0.00152970258336527	0.00116632647487951	0.000250030021406056
Bladder_droplet	male_only	H2-K1	detected_fraction	endothelial cell	0.0177805929348274	0.0154655523938968	0.00067282456369862	0.00081513137790368	-0.000107783584087529
Bladder_droplet	male_only	H2-K1	detected_fraction	leukocyte	0.0252030639018861	0.0190800494302225	6.7949436990379e-05	5.20924655578174e-05	7.9531295591212e-05
Bladder_droplet	male_only	Ifi204	mean_expression	bladder cell	0.526346340143311	-0.0062610483795694	0.0348018845424581	-0.024413296862304	-0.000522295524063809
Bladder_droplet	male_only	Ifi204	mean_expression	bladder urothelial cell	0.430670003019975	0.000288262385686736	0.00100889532934087	0.00076923537018801	-6.09466758197557e-05
Bladder_droplet	male_only	Ifi204	mean_expression	endothelial cell	0.0177805929348274	0.00115372554086324	0.00241149770776388	0.00292154531121078	-5.30522561526015e-05
Bladder_droplet	male_only	Ifi204	mean_expression	leukocyte	0.0252030639018861	0.00350545466125476	0.0105448965373327	0.00808409435032592	-0.0025787118896818
Bladder_droplet	male_only	Ifi204	detected_fraction	bladder cell	0.526346340143311	-0.00398266519327229	0.0203715496805856	-0.0142905103110311	-0.000128264918106516
Bladder_droplet	male_only	Ifi204	detected_fraction	bladder urothelial cell	0.430670003019975	0.000579468844144912	0.00146394517726849	0.00111618953683411	-3.39265171945259e-05
Bladder_droplet	male_only	Ifi204	detected_fraction	endothelial cell	0.0177805929348274	0.000828511735387326	0.00105010110828078	0.00127220438954501	5.99100809781928e-05
Bladder_droplet	male_only	Ifi204	detected_fraction	leukocyte	0.0252030639018861	0.000966078452163162	0.00460929099533462	0.00353364712137974	0.000624886633254288
Bladder_droplet	male_only	Ifit2	mean_expression	bladder cell	0.526346340143311	-0.0432376782541244	-0.0117075680950515	0.00821278327877419	0.000335183207859972
Bladder_droplet	male_only	Ifit2	mean_expression	bladder urothelial cell	0.430670003019975	0.00226841773033	-0.00231272444679854	-0.00176334392105692	0.000238639216558095
Bladder_droplet	male_only	Ifit2	mean_expression	endothelial cell	0.0177805929348274	0.00445065090066356	0.000606310900332247	0.000734549637886324	-0.000560877169446082
Bladder_droplet	male_only	Ifit2	mean_expression	leukocyte	0.0252030639018861	0.0011030780949919	-0.000878403859410205	-0.000673415775301551	0.000486183341477451
Bladder_droplet	male_only	Ifit2	detected_fraction	bladder cell	0.526346340143311	-0.0309464915215852	-0.0104355728980241	0.00732048687699261	-0.000828731488172613
Bladder_droplet	male_only	Ifit2	detected_fraction	bladder urothelial cell	0.430670003019975	0.00356461137458845	-0.0036545235755968	-0.00278640282473269	0.000296508982717238
Bladder_droplet	male_only	Ifit2	detected_fraction	endothelial cell	0.0177805929348274	0.00400447338770541	-0.00169509379573973	-0.0020536172665899	-0.0005501122990126
Bladder_droplet	male_only	Ifit2	detected_fraction	leukocyte	0.0252030639018861	0.000483039226081581	-8.8215058548914e-05	-6.7628814934711e-05	0.000399808763235982
Bladder_droplet	male_only	Ifit3	mean_expression	bladder cell	0.526346340143311	-0.126634004043488	-0.0413037127873871	0.0289742873137697	0.0098954144115884
Bladder_droplet	male_only	Ifit3	mean_expression	bladder urothelial cell	0.430670003019975	0.00255754180998189	-0.0028060383700927	-0.0021394726505377	7.19989294399688e-05
Bladder_droplet	male_only	Ifit3	mean_expression	endothelial cell	0.0177805929348274	0.00650936336385971	0.00504224337526869	0.00610871096562627	-0.00149465513160487
Bladder_droplet	male_only	Ifit3	mean_expression	leukocyte	0.0252030639018861	0.000823383989242575	0.00241438888363454	0.00185095676041756	-0.00248135229638311
Bladder_droplet	male_only	Ifit3	detected_fraction	bladder cell	0.526346340143311	-0.0447478065477764	-0.0226931040330401	0.0159190656704198	-2.57928970263215e-05
Bladder_droplet	male_only	Ifit3	detected_fraction	bladder urothelial cell	0.430670003019975	0.00732237903055858	-0.00842901584550321	-0.00642672925096433	0.00057672252200179
Bladder_droplet	male_only	Ifit3	detected_fraction	endothelial cell	0.0177805929348274	0.00566149685848006	-0.00158067386008776	-0.00191499676305934	-0.000590171250040752
Bladder_droplet	male_only	Ifit3	detected_fraction	leukocyte	0.0252030639018861	0.000483039226081581	0.000826447219280114	0.000633583959081206	-0.00074594670306639
Bladder_droplet	male_only	Ifitm3	mean_expression	bladder cell	0.526346340143311	-7.08826513587994	-1.38640791081331	0.972556180330953	0.0978238932082172
Bladder_droplet	male_only	Ifitm3	mean_expression	bladder urothelial cell	0.430670003019975	0.39257230361017	-0.0157161629352349	-0.0119828371307049	-0.00859507569812079
Bladder_droplet	male_only	Ifitm3	mean_expression	endothelial cell	0.0177805929348274	0.699897069773064	-0.138544143702756	-0.167847140027276	-0.00783105266286388
Bladder_droplet	male_only	Ifitm3	mean_expression	leukocyte	0.0252030639018861	0.240931155049545	0.0566032853818102	0.043394100448967	-0.0854686982763765
Bladder_droplet	male_only	Ifitm3	detected_fraction	bladder cell	0.526346340143311	-0.369015617937435	-0.000949660969611027	0.000666181026529545	-4.77367008644425e-06
Bladder_droplet	male_only	Ifitm3	detected_fraction	bladder urothelial cell	0.430670003019975	0.273632212070011	-0.0229008182101329	-0.0174607998086271	0.00122940591971815
Bladder_droplet	male_only	Ifitm3	detected_fraction	endothelial cell	0.0177805929348274	0.0215413051200705	-0.000246952679650379	-0.000299184793334311	6.33954985700055e-05
Bladder_droplet	male_only	Ifitm3	detected_fraction	leukocyte	0.0252030639018861	0.0156987748476514	-0.000450286938907536	-0.000345206051663049	-0.00121467956918564
Bladder_droplet	male_only	Il1b	mean_expression	bladder cell	0.526346340143311	-0.0585597318346254	-0.055063332156647	0.0386265712860424	0.00115984440780755
Bladder_droplet	male_only	Il1b	mean_expression	bladder urothelial cell	0.430670003019975	0.0264050893863718	-0.0146666325233362	-0.011182619415902	0.000130464156125588
Bladder_droplet	male_only	Il1b	mean_expression	endothelial cell	0.0177805929348274	0	0.000711750605783212	0.000862290533547948	-0.00011004092184669
Bladder_droplet	male_only	Il1b	mean_expression	leukocyte	0.0252030639018861	0.735878280274896	-0.381361919895926	-0.292365670079864	0.333213164668056
Bladder_droplet	male_only	Il1b	detected_fraction	bladder cell	0.526346340143311	-0.0312461772192968	-0.026835844666545	0.018825171424144	-0.00115339354635486
Bladder_droplet	male_only	Il1b	detected_fraction	bladder urothelial cell	0.430670003019975	0.0487456215559489	-0.0323025919931356	-0.0246292113633886	0.000582770248156561
Bladder_droplet	male_only	Il1b	detected_fraction	endothelial cell	0.0177805929348274	0	0.000384786733408731	0.000466171654730206	-4.58437509260692e-05
Bladder_droplet	male_only	Il1b	detected_fraction	leukocyte	0.0252030639018861	0.0142496571694066	-0.00522712152210042	-0.0040072980721694	0.00309526881312344
Bladder_droplet	male_only	Irf7	mean_expression	bladder cell	0.526346340143311	-0.148452023897176	0.0211205277989981	-0.0148159136157247	0.00733519470310305
Bladder_droplet	male_only	Irf7	mean_expression	bladder urothelial cell	0.430670003019975	0.0205783937835132	-0.0103639143959352	-0.00790199864654197	0.00144776975190825
Bladder_droplet	male_only	Irf7	mean_expression	endothelial cell	0.0177805929348274	0.0137844682189937	0.0086101162858036	0.0104312124298449	-0.0025513320061709
Bladder_droplet	male_only	Irf7	mean_expression	leukocyte	0.0252030639018861	0.00573269226065281	0.00392643640597172	0.00301014640153682	-0.00167604344878173
Bladder_droplet	male_only	Irf7	detected_fraction	bladder cell	0.526346340143311	-0.0976738780567872	-0.0318426518453069	0.0223374142694504	-0.000134887609050505
Bladder_droplet	male_only	Irf7	detected_fraction	bladder urothelial cell	0.430670003019975	0.0434601633108694	-0.0283324298754454	-0.0216021489541464	0.00340918971726122
Bladder_droplet	male_only	Irf7	detected_fraction	endothelial cell	0.0177805929348274	0.00483298512309273	0.000495451574647409	0.000600242836716335	-0.00058270185382605
Bladder_droplet	male_only	Irf7	detected_fraction	leukocyte	0.0252030639018861	0.00120759806520395	0.0026166493718225	0.00200601687542824	0.000274123365323889
Bladder_droplet	male_only	Itga1	mean_expression	bladder cell	0.526346340143311	-0.00719250622864046	-0.00530715019923874	0.00372293153115839	0.000247637026451407
Bladder_droplet	male_only	Itga1	mean_expression	bladder urothelial cell	0.430670003019975	0.000301065836001107	0.000161406677427979	0.00012306502136673	-1.50632945017543e-05
Bladder_droplet	male_only	Itga1	mean_expression	endothelial cell	0.0177805929348274	0.0110061295647108	-0.000186574854457926	-0.000226036661563669	-0.00106583601053046
Bladder_droplet	male_only	Itga1	mean_expression	leukocyte	0.0252030639018861	0.000114943652349134	0.00203553012008482	0.00156051009940571	-0.000482024932857947
Bladder_droplet	male_only	Itga1	detected_fraction	bladder cell	0.526346340143311	-0.00653788008954997	-0.00424806152983001	0.00297998768114263	-9.05855406002644e-05
Bladder_droplet	male_only	Itga1	detected_fraction	bladder urothelial cell	0.430670003019975	0.000579468844144912	0.000317434936664351	0.000242029251116802	-2.68596036878981e-05
Bladder_droplet	male_only	Itga1	detected_fraction	endothelial cell	0.0177805929348274	0.00483298512309273	0.000276772547050024	0.000335311758540155	-0.00051508847531364
Bladder_droplet	male_only	Itga1	detected_fraction	leukocyte	0.0252030639018861	0.000241519613040791	0.00128887185666121	0.000988095203953946	-0.000269194710746524
Bladder_droplet	male_only	Itgal	mean_expression	bladder cell	0.526346340143311	-0.00298655557782411	-0.00207440253997884	0.00145517996183904	0.000298916496018046
Bladder_droplet	male_only	Itgal	mean_expression	bladder urothelial cell	0.430670003019975	0	0.000392822423653122	0.000299508674179685	1.27682507553199e-05
Bladder_droplet	male_only	Itgal	mean_expression	endothelial cell	0.0177805929348274	0.00193563602942882	-0.00159770989350096	-0.00193563602942882	-0.000287400996614102
Bladder_droplet	male_only	Itgal	mean_expression	leukocyte	0.0252030639018861	0.0018913729911312	0.0103184451943638	0.00791048866194032	-0.00172032717884712
Bladder_droplet	male_only	Itgal	detected_fraction	bladder cell	0.526346340143311	-0.00398266519327229	-0.00445476871742185	0.00312499143598513	5.52709694457898e-05
Bladder_droplet	male_only	Itgal	detected_fraction	bladder urothelial cell	0.430670003019975	0	0.000689973435214858	0.000526072383746829	2.58157802169525e-05
Bladder_droplet	male_only	Itgal	detected_fraction	endothelial cell	0.0177805929348274	0.00359021752001175	-0.00296343215580456	-0.00359021752001175	-0.000533071340698934
Bladder_droplet	male_only	Itgal	detected_fraction	leukocyte	0.0252030639018861	0.00120759806520395	0.00266866807956633	0.00204589627489834	-4.32552610948099e-05
Bladder_droplet	male_only	Lmnb1	mean_expression	bladder cell	0.526346340143311	-0.0271800861003035	0.0382034968381009	-0.0267995058816081	-8.92835092525315e-05
Bladder_droplet	male_only	Lmnb1	mean_expression	bladder urothelial cell	0.430670003019975	0.0270892716781509	0.0081828499909175	0.0062390393323247	-0.000246959453465506
Bladder_droplet	male_only	Lmnb1	mean_expression	endothelial cell	0.0177805929348274	0.00081546426332194	0.00075775988168025	0.000918031073477317	0.000150149619981061
Bladder_droplet	male_only	Lmnb1	mean_expression	leukocyte	0.0252030639018861	0.028608100313624	0.0045224906903689	0.00346710290707705	0.0167108513168611
Bladder_droplet	male_only	Lmnb1	detected_fraction	bladder cell	0.526346340143311	-0.0222556062879494	0.0217432088275504	-0.0152527203289366	-0.000672331913632356
Bladder_droplet	male_only	Lmnb1	detected_fraction	bladder urothelial cell	0.430670003019975	0.0489914568231619	0.00999083785532906	0.00761754528207935	0.000446650130692477
Bladder_droplet	male_only	Lmnb1	detected_fraction	endothelial cell	0.0177805929348274	0.000414255867693662	0.000774433000764072	0.000938230666753219	0.000109750038826369
Bladder_droplet	male_only	Lmnb1	detected_fraction	leukocyte	0.0252030639018861	0.0118344610389987	-0.00505914444501096	-0.00387852084471387	0.00136905765662086
Bladder_droplet	male_only	Lpl	mean_expression	bladder cell	0.526346340143311	-0.175839785333011	0.228735168981691	-0.160456241281607	-0.00634633593546055
Bladder_droplet	male_only	Lpl	mean_expression	bladder urothelial cell	0.430670003019975	0.0108202155528651	-0.0103741559686031	-0.00790980736535884	0.000426238362642262
Bladder_droplet	male_only	Lpl	mean_expression	endothelial cell	0.0177805929348274	0.0209515230268417	-0.00500227851769845	-0.00606029327819839	-0.00112350382677246
Bladder_droplet	male_only	Lpl	mean_expression	leukocyte	0.0252030639018861	0.00593551486059822	0.0233307127903934	0.0178861578006155	-0.00840707793127228
Bladder_droplet	male_only	Lpl	detected_fraction	bladder cell	0.526346340143311	-0.099606062160454	0.0275073539825966	-0.0192962308651512	-0.00115534057032199
Bladder_droplet	male_only	Lpl	detected_fraction	bladder urothelial cell	0.430670003019975	0.0228451201888651	-0.023799335655268	-0.018145877218967	0.00126997461438221
Bladder_droplet	male_only	Lpl	detected_fraction	endothelial cell	0.0177805929348274	0.00842320264310448	-0.00375553618910176	-0.0045498567587388	-0.000756553252533906
Bladder_droplet	male_only	Lpl	detected_fraction	leukocyte	0.0252030639018861	0.000966078452163162	0.00226844914686223	0.00173907414522526	-0.000472126664219874
Bladder_droplet	male_only	Oas1a	mean_expression	bladder cell	0.526346340143311	-0.00325138413409021	0.0117558314734211	-0.0082466397264697	0.000990139660834465
Bladder_droplet	male_only	Oas1a	mean_expression	bladder urothelial cell	0.430670003019975	8.80986407544921e-05	-1.63444315759044e-05	-1.24618625026418e-05	-3.17424226742299e-05
Bladder_droplet	male_only	Oas1a	mean_expression	endothelial cell	0.0177805929348274	0.000958038595904617	0.000372976031666184	0.000451862911998685	-5.98483118865252e-06
Bladder_droplet	male_only	Oas1a	mean_expression	leukocyte	0.0252030639018861	0.00138974564608474	0.00439096237926665	0.00336626860558104	-0.00303012790180602
Bladder_droplet	male_only	Oas1a	detected_fraction	bladder cell	0.526346340143311	-0.00149054202282863	0.00740089710614991	-0.00519168144125573	0.000397548055031268
Bladder_droplet	male_only	Oas1a	detected_fraction	bladder urothelial cell	0.430670003019975	0.000193156281381626	-9.93045365879483e-05	-7.57150516431523e-05	-5.71919538399818e-05
Bladder_droplet	male_only	Oas1a	detected_fraction	endothelial cell	0.0177805929348274	0.000414255867693662	0.000470270353287709	0.000569735621653623	2.32881066383194e-05
Bladder_droplet	male_only	Oas1a	detected_fraction	leukocyte	0.0252030639018861	0.000724558839122372	0.00226270541454885	0.0017346707948671	-0.00079277740983771
Bladder_droplet	male_only	Oasl2	mean_expression	bladder cell	0.526346340143311	-0.0867804412436985	0.00390006577868334	-0.00273587091300614	0.0037939307591533
Bladder_droplet	male_only	Oasl2	mean_expression	bladder urothelial cell	0.430670003019975	0.00466757148411124	-0.00462160740898078	-0.00352375889026426	0.000256490313910045
Bladder_droplet	male_only	Oasl2	mean_expression	endothelial cell	0.0177805929348274	0.00732878534078617	-0.00258665752946844	-0.00313375258562199	-0.000310217042799976
Bladder_droplet	male_only	Oasl2	mean_expression	leukocyte	0.0252030639018861	0.00582684181998136	-0.00499267912731408	-0.00382756615801935	-0.00172660082716704
Bladder_droplet	male_only	Oasl2	detected_fraction	bladder cell	0.526346340143311	-0.0610175853472235	-0.0096105473257267	0.00674173677537337	0.000611417762320345
Bladder_droplet	male_only	Oasl2	detected_fraction	bladder urothelial cell	0.430670003019975	0.0105006778423838	-0.0110401516626068	-0.00841759784601775	0.000718209925597468
Bladder_droplet	male_only	Oasl2	detected_fraction	endothelial cell	0.0177805929348274	0.0052472409907864	-0.00248786049275692	-0.00301405932676597	-0.000383951485738732
Bladder_droplet	male_only	Oasl2	detected_fraction	leukocyte	0.0252030639018861	0.0050719118738566	-0.00560577436555239	-0.00429758686747884	-0.000396641684902858
Bladder_droplet	male_only	P2ry12	mean_expression	bladder cell	0.526346340143311	-0.000229265965276808	-0.000326825487687355	0.000229265965276808	2.48914569801676e-05
Bladder_droplet	male_only	P2ry12	mean_expression	bladder urothelial cell	0.430670003019975	0	0	0	0
Bladder_droplet	male_only	P2ry12	mean_expression	endothelial cell	0.0177805929348274	0	0	0	0
Bladder_droplet	male_only	P2ry12	mean_expression	leukocyte	0.0252030639018861	0.00259296573700744	0.00109046769480312	0.00083599148645613	-0.00216329572393581
Bladder_droplet	male_only	P2ry12	detected_fraction	bladder cell	0.526346340143311	-0.000212934574689792	-0.000303544602158751	0.000212934574689792	2.31183542619677e-05
Bladder_droplet	male_only	P2ry12	detected_fraction	bladder urothelial cell	0.430670003019975	0	0	0	0
Bladder_droplet	male_only	P2ry12	detected_fraction	endothelial cell	0.0177805929348274	0	0	0	0
Bladder_droplet	male_only	P2ry12	detected_fraction	leukocyte	0.0252030639018861	0.00144911767824474	0.0009231153178374	0.000707693176429808	-0.00079716191471462
Bladder_droplet	male_only	Rtp4	mean_expression	bladder cell	0.526346340143311	-0.138055629697274	-0.0293648254824554	0.0205992351057406	0.00439628080589667
Bladder_droplet	male_only	Rtp4	mean_expression	bladder urothelial cell	0.430670003019975	0.0035744526335295	-0.00301365007649192	-0.00229776683942219	-8.52911955556081e-05
Bladder_droplet	male_only	Rtp4	mean_expression	endothelial cell	0.0177805929348274	0.00828971907310667	0.0115979079510222	0.0140509416555004	-0.00122227487140253
Bladder_droplet	male_only	Rtp4	mean_expression	leukocyte	0.0252030639018861	0.00144685064486676	0.00484371236478159	0.00371336291675361	-0.00303196365382465
Bladder_droplet	male_only	Rtp4	detected_fraction	bladder cell	0.526346340143311	-0.0931155008652795	-0.0573015499945141	0.0401966666195778	-0.000170221760117033
Bladder_droplet	male_only	Rtp4	detected_fraction	bladder urothelial cell	0.430670003019975	0.00770869159332187	-0.00653352642754734	-0.00498150747056286	3.03513766059752e-06
Bladder_droplet	male_only	Rtp4	detected_fraction	endothelial cell	0.0177805929348274	0.00690426446156105	-0.00117158945694599	-0.00141938832186511	-0.000221693318859164
Bladder_droplet	male_only	Rtp4	detected_fraction	leukocyte	0.0252030639018861	0.000483039226081581	0.00210957534362794	0.001617275812677	-0.00075779208098788
Bladder_droplet	male_only	Stat1	mean_expression	bladder cell	0.526346340143311	-0.0781588636988662	0.0136243363793342	-0.00955738383002752	0.00571257115996965
Bladder_droplet	male_only	Stat1	mean_expression	bladder urothelial cell	0.430670003019975	0.0394618278249116	-0.00612061620464479	-0.00466668279159803	-0.00221776917304936
Bladder_droplet	male_only	Stat1	mean_expression	endothelial cell	0.0177805929348274	0.0181832065836141	-0.00909023894845663	-0.0110128841890027	-0.00103829997786841
Bladder_droplet	male_only	Stat1	mean_expression	leukocyte	0.0252030639018861	0.00697168503844933	-0.00136701745838802	-0.00104800441360678	0.00382816233448928
Bladder_droplet	male_only	Stat1	detected_fraction	bladder cell	0.526346340143311	-0.0625317867672399	-0.0267837224695924	0.0187886080401765	0.000280727113147649
Bladder_droplet	male_only	Stat1	detected_fraction	bladder urothelial cell	0.430670003019975	0.0631621040117969	-0.00949134203762505	-0.00723670314804952	-0.00164514980396828
Bladder_droplet	male_only	Stat1	detected_fraction	endothelial cell	0.0177805929348274	0.0109087378492665	-0.00608744981975387	-0.0073749854378357	-0.000661847794963976
Bladder_droplet	male_only	Stat1	detected_fraction	leukocyte	0.0252030639018861	0.00410583342169344	-0.000921056243989208	-0.000706114616867451	0.00162633371034312
Bladder_droplet	male_only	Tmem119	mean_expression	bladder cell	0.526346340143311	-0.478160238897019	-0.327911066001415	0.230027491441177	0.00297532613920237
Bladder_droplet	male_only	Tmem119	mean_expression	bladder urothelial cell	0.430670003019975	0.022504170563041	-0.0286621631095089	-0.0218535550802248	0.0023900122691072
Bladder_droplet	male_only	Tmem119	mean_expression	endothelial cell	0.0177805929348274	0.0125092210892289	-0.00622842207129562	-0.00754577424645726	-0.000895209345737369
Bladder_droplet	male_only	Tmem119	mean_expression	leukocyte	0.0252030639018861	0.0010683340665957	-0.000790495462897176	-0.00060602205843755	0.00106291800194506
Bladder_droplet	male_only	Tmem119	detected_fraction	bladder cell	0.526346340143311	-0.202027592586251	-0.142291409287953	0.0998165030880547	-0.00137417502137022
Bladder_droplet	male_only	Tmem119	detected_fraction	bladder urothelial cell	0.430670003019975	0.0488334198656678	-0.0624856065921586	-0.0476423443745587	0.00566886520479154
Bladder_droplet	male_only	Tmem119	detected_fraction	endothelial cell	0.0177805929348274	0.00883745851079814	-0.00530926172457651	-0.00643220544953804	-0.000754511755852416
Bladder_droplet	male_only	Tmem119	detected_fraction	leukocyte	0.0252030639018861	0.000724558839122372	-0.000429262711194405	-0.000329088127710551	0.000882110166543538
Bladder_droplet	male_only	Tnf	mean_expression	bladder cell	0.526346340143311	-0.00882355974169176	-0.0056500079046454	0.00396344399344788	0.000181389632256032
Bladder_droplet	male_only	Tnf	mean_expression	bladder urothelial cell	0.430670003019975	7.43996134203552e-05	0.00210077806370924	0.00160174474449791	-0.000173951627922794
Bladder_droplet	male_only	Tnf	mean_expression	endothelial cell	0.0177805929348274	0	0	0	0
Bladder_droplet	male_only	Tnf	mean_expression	leukocyte	0.0252030639018861	0.0261512578241887	0.025734673675294	0.0197291200847144	0.0120926394979819
Bladder_droplet	male_only	Tnf	detected_fraction	bladder cell	0.526346340143311	-0.00626185378902615	-0.00560564634047932	0.00393232464317415	-0.000254755865429874
Bladder_droplet	male_only	Tnf	detected_fraction	bladder urothelial cell	0.430670003019975	0.000193156281381626	0.00380231846314285	0.00289908949472417	-0.000168695699871722
Bladder_droplet	male_only	Tnf	detected_fraction	endothelial cell	0.0177805929348274	0	0	0	0
Bladder_droplet	male_only	Tnf	detected_fraction	leukocyte	0.0252030639018861	0.00579647071297897	0.00272144539346476	0.00208635724894404	0.00105949575015712
Bladder_droplet	male_only	Usp18	mean_expression	bladder cell	0.526346340143311	-0.0559253255577346	-0.0275325687206823	0.0193139188407964	0.00277179859427914
Bladder_droplet	male_only	Usp18	mean_expression	bladder urothelial cell	0.430670003019975	0.0816532064364531	-0.0521923093537199	-0.039794187998576	0.000966839085388402
Bladder_droplet	male_only	Usp18	mean_expression	endothelial cell	0.0177805929348274	0.00472956657307819	-0.00183839393532811	-0.00222722632686908	-0.000465836499924532
Bladder_droplet	male_only	Usp18	mean_expression	leukocyte	0.0252030639018861	0.00261389159378538	-0.000224980734903063	-0.000172478267712058	-0.000952954204415044
Bladder_droplet	male_only	Usp18	detected_fraction	bladder cell	0.526346340143311	-0.0414670368044075	-0.0240465757731995	0.0168685173401113	0.000556306674065705
Bladder_droplet	male_only	Usp18	detected_fraction	bladder urothelial cell	0.430670003019975	0.120020289385775	-0.0706050845880912	-0.053833065532932	0.00351016638784821
Bladder_droplet	male_only	Usp18	detected_fraction	endothelial cell	0.0177805929348274	0.00400447338770541	-0.00181834924765826	-0.00220294205610739	-0.000471273992769833
Bladder_droplet	male_only	Usp18	detected_fraction	leukocyte	0.0252030639018861	0.00169063729128553	-0.0010478518441148	-0.000803320653075819	0.000725635641868453
