library	target	plate	position	source_gene_name	source_species	source_gene_id	count_gene_type	count_gene_symbol	interpretation
1-1_B02_MET	MET	plate1	B02	Met	mouse	ENSMUSG00000009376	protein_coding	Met	source target label; RNA is not protein-editing validation
1-1_B03_GLIS3	GLIS3	plate1	B03	Glis3	mouse	ENSMUSG00000052942	protein_coding	Glis3	source target label; RNA is not protein-editing validation
1-1_B04_TIGIT	TIGIT	plate1	B04	Tigit	mouse	ENSMUSG00000071552	protein_coding	Tigit	source target label; RNA is not protein-editing validation
1-1_B05_TDTOMATO	TDTOMATO	plate1	B05						reference label; no S2 guide row
1-1_B06_TRP53	TRP53	plate1	B06	Trp53	mouse	ENSMUSG00000059552	protein_coding	Trp53	source target label; RNA is not protein-editing validation
1-1_B07_ACP6	ACP6	plate1	B07	Acp6	mouse	ENSMUSG00000028093	protein_coding	Acp6	source target label; RNA is not protein-editing validation
1-1_B08_PINK1	PINK1	plate1	B08	Pink1	mouse	ENSMUSG00000028756	protein_coding	Pink1	source target label; RNA is not protein-editing validation
1-1_B09_EIF2AK3	EIF2AK3	plate1	B09	Eif2ak3	mouse	ENSMUSG00000031668	protein_coding	Eif2ak3	source target label; RNA is not protein-editing validation
1-1_B10_CCBE1	CCBE1	plate1	B10	Ccbe1	mouse	ENSMUSG00000046318	protein_coding	Ccbe1	source target label; RNA is not protein-editing validation
1-1_B11_GDF2	GDF2	plate1	B11	Gdf2	mouse	ENSMUSG00000072625	protein_coding	Gdf2	source target label; RNA is not protein-editing validation
1-1_C02_TEAD1	TEAD1	plate1	C02	Tead1	mouse	ENSMUSG00000055320	protein_coding	Tead1	source target label; RNA is not protein-editing validation
1-1_C03_MECOM	MECOM	plate1	C03	Mecom	mouse	ENSMUSG00000027684	protein_coding	Mecom	source target label; RNA is not protein-editing validation
1-1_C04_HUWE1	HUWE1	plate1	C04	Huwe1	mouse	ENSMUSG00000025261	protein_coding	Huwe1	source target label; RNA is not protein-editing validation
1-1_C05_SFTPD	SFTPD	plate1	C05	Sftpd	mouse	ENSMUSG00000021795	protein_coding	Sftpd	source target label; RNA is not protein-editing validation
1-1_C06_TRP63	TRP63	plate1	C06	Trp63	mouse	ENSMUSG00000022510	protein_coding	Trp63	source target label; RNA is not protein-editing validation
1-1_C07_IL1A	IL1A	plate1	C07	Il1a	mouse	ENSMUSG00000027399	protein_coding	Il1a	source target label; RNA is not protein-editing validation
1-1_C08_PRKN	PRKN	plate1	C08	Prkn	mouse	ENSMUSG00000023826	protein_coding	Park2	source target label; RNA is not protein-editing validation
1-1_C09_TIGIT	TIGIT	plate1	C09	Tigit	mouse	ENSMUSG00000071552	protein_coding	Tigit	source target label; RNA is not protein-editing validation
1-1_C10_BMP10	BMP10	plate1	C10	Bmp10	mouse	ENSMUSG00000030046	protein_coding	Bmp10	source target label; RNA is not protein-editing validation
1-1_C11_PLA2G15	PLA2G15	plate1	C11	Pla2g15	mouse	ENSMUSG00000031903	protein_coding	Pla2g15	source target label; RNA is not protein-editing validation
1-1_D02_ROR1	ROR1	plate1	D02	Ror1	mouse	ENSMUSG00000035305	protein_coding	Ror1	source target label; RNA is not protein-editing validation
1-1_D03_NPNT	NPNT	plate1	D03	Npnt	mouse	ENSMUSG00000040998	protein_coding	Npnt	source target label; RNA is not protein-editing validation
1-1_D04_RNF43	RNF43	plate1	D04	Rnf43	mouse	ENSMUSG00000034177	protein_coding	Rnf43	source target label; RNA is not protein-editing validation
1-1_D05_TNS1	TNS1	plate1	D05	Tns1	mouse	ENSMUSG00000055322	protein_coding	Tns1	source target label; RNA is not protein-editing validation
1-1_D06_TTF1	TTF1	plate1	D06	Ttf1	mouse	ENSMUSG00000026803	protein_coding	Ttf1	source target label; RNA is not protein-editing validation
1-1_D07_TIGIT	TIGIT	plate1	D07	Tigit	mouse	ENSMUSG00000071552	protein_coding	Tigit	source target label; RNA is not protein-editing validation
1-1_D08_KEAP1	KEAP1	plate1	D08	Keap1	mouse	ENSMUSG00000003308	protein_coding	Keap1	source target label; RNA is not protein-editing validation
1-1_D09_TFEB	TFEB	plate1	D09	Tfeb	mouse	ENSMUSG00000023990	protein_coding	Tfeb	source target label; RNA is not protein-editing validation
1-1_D10_FGF7	FGF7	plate1	D10	Fgf7	mouse	ENSMUSG00000027208	protein_coding	Fgf7	source target label; RNA is not protein-editing validation
1-1_D11_IL1A	IL1A	plate1	D11	Il1a	mouse	ENSMUSG00000027399	protein_coding	Il1a	source target label; RNA is not protein-editing validation
1-1_E02_TFCP2L1	TFCP2L1	plate1	E02	Tfcp2l1	mouse	ENSMUSG00000026380	protein_coding	Tfcp2l1	source target label; RNA is not protein-editing validation
1-1_E03_TIGIT	TIGIT	plate1	E03	Tigit	mouse	ENSMUSG00000071552	protein_coding	Tigit	source target label; RNA is not protein-editing validation
1-1_E04_SOX4	SOX4	plate1	E04	Sox4	mouse	ENSMUSG00000076431	protein_coding	Sox4	source target label; RNA is not protein-editing validation
1-1_E05_TWIST1	TWIST1	plate1	E05	Twist1	mouse	ENSMUSG00000035799	protein_coding	Twist1	source target label; RNA is not protein-editing validation
1-1_E06_NKX21	NKX21	plate1	E06	Nkx2-1	mouse	ENSMUSG00000001496	protein_coding	Nkx2-1	source target label; RNA is not protein-editing validation
1-1_E07_USP30	USP30	plate1	E07	Usp30	mouse	ENSMUSG00000029592	protein_coding	Usp30	source target label; RNA is not protein-editing validation
1-1_E08_NFE2L2	NFE2L2	plate1	E08	Nfe2l2	mouse	ENSMUSG00000015839	protein_coding	Nfe2l2	source target label; RNA is not protein-editing validation
1-1_E09_ULK1	ULK1	plate1	E09	Ulk1	mouse	ENSMUSG00000029512	protein_coding	Ulk1	source target label; RNA is not protein-editing validation
1-1_E10_INHBA	INHBA	plate1	E10	Inhba	mouse	ENSMUSG00000041324	protein_coding	Inhba	source target label; RNA is not protein-editing validation
1-1_E11_MANF	MANF	plate1	E11	Manf	mouse	ENSMUSG00000032575	protein_coding	Manf	source target label; RNA is not protein-editing validation
1-1_F02_TIGIT	TIGIT	plate1	F02	Tigit	mouse	ENSMUSG00000071552	protein_coding	Tigit	source target label; RNA is not protein-editing validation
1-1_F03_RBMS3	RBMS3	plate1	F03	Rbms3	mouse	ENSMUSG00000039607	protein_coding	Rbms3	source target label; RNA is not protein-editing validation
1-1_F04_AGER	AGER	plate1	F04	Ager	mouse	ENSMUSG00000015452	protein_coding	Ager	source target label; RNA is not protein-editing validation
1-1_F05_TERF1	TERF1	plate1	F05	Terf1	mouse	ENSMUSG00000025925	protein_coding	Terf1	source target label; RNA is not protein-editing validation
1-1_F06_FAM13A	FAM13A	plate1	F06	Fam13a	mouse	ENSMUSG00000037709	protein_coding	Fam13a	source target label; RNA is not protein-editing validation
1-1_F07_NR1D1	NR1D1	plate1	F07	Nr1d1	mouse	ENSMUSG00000020889	protein_coding	Nr1d1	source target label; RNA is not protein-editing validation
1-1_F08_EIF2B1	EIF2B1	plate1	F08	Eif2b1	mouse	ENSMUSG00000029388	protein_coding	Eif2b1	source target label; RNA is not protein-editing validation
1-1_F09_ATG16L1	ATG16L1	plate1	F09	Atg16l1	mouse	ENSMUSG00000026289	protein_coding	Atg16l1	source target label; RNA is not protein-editing validation
1-1_F10_XBP1	XBP1	plate1	F10	Xbp1	mouse	ENSMUSG00000020484	protein_coding	Xbp1	source target label; RNA is not protein-editing validation
1-1_F11_RAD21	RAD21	plate1	F11	Rad21	mouse	ENSMUSG00000022314	protein_coding	Rad21	source target label; RNA is not protein-editing validation
1-1_G02_PID1	PID1	plate1	G02	Pid1	mouse	ENSMUSG00000045658	protein_coding	Pid1	source target label; RNA is not protein-editing validation
1-1_G03_SERPINA1A	SERPINA1A	plate1	G03	Serpina1a	mouse	ENSMUSG00000066366	protein_coding	Serpina1a	source target label; RNA is not protein-editing validation
1-1_G04_CACNA2D3	CACNA2D3	plate1	G04	Cacna2d3	mouse	ENSMUSG00000021991	protein_coding	Cacna2d3	source target label; RNA is not protein-editing validation
1-1_G05_CHRM3	CHRM3	plate1	G05	Chrm3	mouse	ENSMUSG00000046159	protein_coding	Chrm3	source target label; RNA is not protein-editing validation
1-1_G06_HHIP	HHIP	plate1	G06	Hhip	mouse	ENSMUSG00000064325	protein_coding	Hhip	source target label; RNA is not protein-editing validation
1-1_G07_NR1D2	NR1D2	plate1	G07	Nr1d2	mouse	ENSMUSG00000021775	protein_coding	Nr1d2	source target label; RNA is not protein-editing validation
1-1_G08_ERN1	ERN1	plate1	G08	Ern1	mouse	ENSMUSG00000020715	protein_coding	Ern1	source target label; RNA is not protein-editing validation
1-1_G09_BECLN1	BECN1	plate1	G09	Becn1	mouse	ENSMUSG00000035086	protein_coding	Becn1	source target label; RNA is not protein-editing validation
1-1_G10_TDTOMATO	TDTOMATO	plate1	G10						reference label; no S2 guide row
1-1_G11_TIGIT	TIGIT	plate1	G11	Tigit	mouse	ENSMUSG00000071552	protein_coding	Tigit	source target label; RNA is not protein-editing validation
1-2_B02_MET	MET	plate1	B02	Met	mouse	ENSMUSG00000009376	protein_coding	Met	source target label; RNA is not protein-editing validation
1-2_B03_GLIS3	GLIS3	plate1	B03	Glis3	mouse	ENSMUSG00000052942	protein_coding	Glis3	source target label; RNA is not protein-editing validation
1-2_B05_TDTOMATO	TDTOMATO	plate1	B05						reference label; no S2 guide row
1-2_B06_TRP53	TRP53	plate1	B06	Trp53	mouse	ENSMUSG00000059552	protein_coding	Trp53	source target label; RNA is not protein-editing validation
1-2_B07_ACP6	ACP6	plate1	B07	Acp6	mouse	ENSMUSG00000028093	protein_coding	Acp6	source target label; RNA is not protein-editing validation
1-2_B08_PINK1	PINK1	plate1	B08	Pink1	mouse	ENSMUSG00000028756	protein_coding	Pink1	source target label; RNA is not protein-editing validation
1-2_B09_EIF2AK3	EIF2AK3	plate1	B09	Eif2ak3	mouse	ENSMUSG00000031668	protein_coding	Eif2ak3	source target label; RNA is not protein-editing validation
1-2_B10_CCBE1	CCBE1	plate1	B10	Ccbe1	mouse	ENSMUSG00000046318	protein_coding	Ccbe1	source target label; RNA is not protein-editing validation
1-2_B11_GDF2	GDF2	plate1	B11	Gdf2	mouse	ENSMUSG00000072625	protein_coding	Gdf2	source target label; RNA is not protein-editing validation
1-2_C02_TEAD1	TEAD1	plate1	C02	Tead1	mouse	ENSMUSG00000055320	protein_coding	Tead1	source target label; RNA is not protein-editing validation
1-2_C03_MECOM	MECOM	plate1	C03	Mecom	mouse	ENSMUSG00000027684	protein_coding	Mecom	source target label; RNA is not protein-editing validation
1-2_C04_HUWE1	HUWE1	plate1	C04	Huwe1	mouse	ENSMUSG00000025261	protein_coding	Huwe1	source target label; RNA is not protein-editing validation
1-2_C05_SFTPD	SFTPD	plate1	C05	Sftpd	mouse	ENSMUSG00000021795	protein_coding	Sftpd	source target label; RNA is not protein-editing validation
1-2_C06_TRP63	TRP63	plate1	C06	Trp63	mouse	ENSMUSG00000022510	protein_coding	Trp63	source target label; RNA is not protein-editing validation
1-2_C07_IL1A	IL1A	plate1	C07	Il1a	mouse	ENSMUSG00000027399	protein_coding	Il1a	source target label; RNA is not protein-editing validation
1-2_C08_PRKN	PRKN	plate1	C08	Prkn	mouse	ENSMUSG00000023826	protein_coding	Park2	source target label; RNA is not protein-editing validation
1-2_C09_TIGIT	TIGIT	plate1	C09	Tigit	mouse	ENSMUSG00000071552	protein_coding	Tigit	source target label; RNA is not protein-editing validation
1-2_C10_BMP10	BMP10	plate1	C10	Bmp10	mouse	ENSMUSG00000030046	protein_coding	Bmp10	source target label; RNA is not protein-editing validation
1-2_C11_PLA2G15	PLA2G15	plate1	C11	Pla2g15	mouse	ENSMUSG00000031903	protein_coding	Pla2g15	source target label; RNA is not protein-editing validation
1-2_D02_ROR1	ROR1	plate1	D02	Ror1	mouse	ENSMUSG00000035305	protein_coding	Ror1	source target label; RNA is not protein-editing validation
1-2_D03_NPNT	NPNT	plate1	D03	Npnt	mouse	ENSMUSG00000040998	protein_coding	Npnt	source target label; RNA is not protein-editing validation
1-2_D04_RNF43	RNF43	plate1	D04	Rnf43	mouse	ENSMUSG00000034177	protein_coding	Rnf43	source target label; RNA is not protein-editing validation
1-2_D05_TNS1	TNS1	plate1	D05	Tns1	mouse	ENSMUSG00000055322	protein_coding	Tns1	source target label; RNA is not protein-editing validation
1-2_D06_TTF1	TTF1	plate1	D06	Ttf1	mouse	ENSMUSG00000026803	protein_coding	Ttf1	source target label; RNA is not protein-editing validation
1-2_D07_TIGIT	TIGIT	plate1	D07	Tigit	mouse	ENSMUSG00000071552	protein_coding	Tigit	source target label; RNA is not protein-editing validation
1-2_D08_KEAP1	KEAP1	plate1	D08	Keap1	mouse	ENSMUSG00000003308	protein_coding	Keap1	source target label; RNA is not protein-editing validation
1-2_D09_TFEB	TFEB	plate1	D09	Tfeb	mouse	ENSMUSG00000023990	protein_coding	Tfeb	source target label; RNA is not protein-editing validation
1-2_D10_FGF7	FGF7	plate1	D10	Fgf7	mouse	ENSMUSG00000027208	protein_coding	Fgf7	source target label; RNA is not protein-editing validation
1-2_D11_IL1A	IL1A	plate1	D11	Il1a	mouse	ENSMUSG00000027399	protein_coding	Il1a	source target label; RNA is not protein-editing validation
1-2_E02_TFCP2L1	TFCP2L1	plate1	E02	Tfcp2l1	mouse	ENSMUSG00000026380	protein_coding	Tfcp2l1	source target label; RNA is not protein-editing validation
1-2_E03_TIGIT	TIGIT	plate1	E03	Tigit	mouse	ENSMUSG00000071552	protein_coding	Tigit	source target label; RNA is not protein-editing validation
1-2_E04_SOX4	SOX4	plate1	E04	Sox4	mouse	ENSMUSG00000076431	protein_coding	Sox4	source target label; RNA is not protein-editing validation
1-2_E05_TWIST1	TWIST1	plate1	E05	Twist1	mouse	ENSMUSG00000035799	protein_coding	Twist1	source target label; RNA is not protein-editing validation
1-2_E06_NKX21	NKX21	plate1	E06	Nkx2-1	mouse	ENSMUSG00000001496	protein_coding	Nkx2-1	source target label; RNA is not protein-editing validation
1-2_E07_USP30	USP30	plate1	E07	Usp30	mouse	ENSMUSG00000029592	protein_coding	Usp30	source target label; RNA is not protein-editing validation
1-2_E08_NFE2L2	NFE2L2	plate1	E08	Nfe2l2	mouse	ENSMUSG00000015839	protein_coding	Nfe2l2	source target label; RNA is not protein-editing validation
1-2_E09_ULK1	ULK1	plate1	E09	Ulk1	mouse	ENSMUSG00000029512	protein_coding	Ulk1	source target label; RNA is not protein-editing validation
1-2_E10_INHBA	INHBA	plate1	E10	Inhba	mouse	ENSMUSG00000041324	protein_coding	Inhba	source target label; RNA is not protein-editing validation
1-2_E11_MANF	MANF	plate1	E11	Manf	mouse	ENSMUSG00000032575	protein_coding	Manf	source target label; RNA is not protein-editing validation
1-2_F02_TIGIT	TIGIT	plate1	F02	Tigit	mouse	ENSMUSG00000071552	protein_coding	Tigit	source target label; RNA is not protein-editing validation
1-2_F03_RBMS3	RBMS3	plate1	F03	Rbms3	mouse	ENSMUSG00000039607	protein_coding	Rbms3	source target label; RNA is not protein-editing validation
1-2_F04_AGER	AGER	plate1	F04	Ager	mouse	ENSMUSG00000015452	protein_coding	Ager	source target label; RNA is not protein-editing validation
1-2_F05_TERF1	TERF1	plate1	F05	Terf1	mouse	ENSMUSG00000025925	protein_coding	Terf1	source target label; RNA is not protein-editing validation
1-2_F06_FAM13A	FAM13A	plate1	F06	Fam13a	mouse	ENSMUSG00000037709	protein_coding	Fam13a	source target label; RNA is not protein-editing validation
1-2_F07_NR1D1	NR1D1	plate1	F07	Nr1d1	mouse	ENSMUSG00000020889	protein_coding	Nr1d1	source target label; RNA is not protein-editing validation
1-2_F08_EIF2B1	EIF2B1	plate1	F08	Eif2b1	mouse	ENSMUSG00000029388	protein_coding	Eif2b1	source target label; RNA is not protein-editing validation
1-2_F09_ATG16L1	ATG16L1	plate1	F09	Atg16l1	mouse	ENSMUSG00000026289	protein_coding	Atg16l1	source target label; RNA is not protein-editing validation
1-2_F10_XBP1	XBP1	plate1	F10	Xbp1	mouse	ENSMUSG00000020484	protein_coding	Xbp1	source target label; RNA is not protein-editing validation
1-2_F11_RAD21	RAD21	plate1	F11	Rad21	mouse	ENSMUSG00000022314	protein_coding	Rad21	source target label; RNA is not protein-editing validation
1-2_G02_PID1	PID1	plate1	G02	Pid1	mouse	ENSMUSG00000045658	protein_coding	Pid1	source target label; RNA is not protein-editing validation
1-2_G03_SERPINA1A	SERPINA1A	plate1	G03	Serpina1a	mouse	ENSMUSG00000066366	protein_coding	Serpina1a	source target label; RNA is not protein-editing validation
1-2_G04_CACNA2D3	CACNA2D3	plate1	G04	Cacna2d3	mouse	ENSMUSG00000021991	protein_coding	Cacna2d3	source target label; RNA is not protein-editing validation
1-2_G05_CHRM3	CHRM3	plate1	G05	Chrm3	mouse	ENSMUSG00000046159	protein_coding	Chrm3	source target label; RNA is not protein-editing validation
1-2_G06_HHIP	HHIP	plate1	G06	Hhip	mouse	ENSMUSG00000064325	protein_coding	Hhip	source target label; RNA is not protein-editing validation
1-2_G07_NR1D2	NR1D2	plate1	G07	Nr1d2	mouse	ENSMUSG00000021775	protein_coding	Nr1d2	source target label; RNA is not protein-editing validation
1-2_G08_ERN1	ERN1	plate1	G08	Ern1	mouse	ENSMUSG00000020715	protein_coding	Ern1	source target label; RNA is not protein-editing validation
1-2_G09_BECLN1	BECN1	plate1	G09	Becn1	mouse	ENSMUSG00000035086	protein_coding	Becn1	source target label; RNA is not protein-editing validation
1-2_G10_TDTOMATO	TDTOMATO	plate1	G10						reference label; no S2 guide row
1-3_B02_MET	MET	plate1	B02	Met	mouse	ENSMUSG00000009376	protein_coding	Met	source target label; RNA is not protein-editing validation
1-3_B03_GLIS3	GLIS3	plate1	B03	Glis3	mouse	ENSMUSG00000052942	protein_coding	Glis3	source target label; RNA is not protein-editing validation
1-3_B04_TIGIT	TIGIT	plate1	B04	Tigit	mouse	ENSMUSG00000071552	protein_coding	Tigit	source target label; RNA is not protein-editing validation
1-3_B05_TDTOMATO	TDTOMATO	plate1	B05						reference label; no S2 guide row
1-3_B06_TRP53	TRP53	plate1	B06	Trp53	mouse	ENSMUSG00000059552	protein_coding	Trp53	source target label; RNA is not protein-editing validation
1-3_B07_ACP6	ACP6	plate1	B07	Acp6	mouse	ENSMUSG00000028093	protein_coding	Acp6	source target label; RNA is not protein-editing validation
1-3_B08_PINK1	PINK1	plate1	B08	Pink1	mouse	ENSMUSG00000028756	protein_coding	Pink1	source target label; RNA is not protein-editing validation
1-3_B09_EIF2AK3	EIF2AK3	plate1	B09	Eif2ak3	mouse	ENSMUSG00000031668	protein_coding	Eif2ak3	source target label; RNA is not protein-editing validation
1-3_B10_CCBE1	CCBE1	plate1	B10	Ccbe1	mouse	ENSMUSG00000046318	protein_coding	Ccbe1	source target label; RNA is not protein-editing validation
1-3_B11_GDF2	GDF2	plate1	B11	Gdf2	mouse	ENSMUSG00000072625	protein_coding	Gdf2	source target label; RNA is not protein-editing validation
1-3_C02_TEAD1	TEAD1	plate1	C02	Tead1	mouse	ENSMUSG00000055320	protein_coding	Tead1	source target label; RNA is not protein-editing validation
1-3_C03_MECOM	MECOM	plate1	C03	Mecom	mouse	ENSMUSG00000027684	protein_coding	Mecom	source target label; RNA is not protein-editing validation
1-3_C04_HUWE1	HUWE1	plate1	C04	Huwe1	mouse	ENSMUSG00000025261	protein_coding	Huwe1	source target label; RNA is not protein-editing validation
1-3_C05_SFTPD	SFTPD	plate1	C05	Sftpd	mouse	ENSMUSG00000021795	protein_coding	Sftpd	source target label; RNA is not protein-editing validation
1-3_C06_TRP63	TRP63	plate1	C06	Trp63	mouse	ENSMUSG00000022510	protein_coding	Trp63	source target label; RNA is not protein-editing validation
1-3_C07_IL1A	IL1A	plate1	C07	Il1a	mouse	ENSMUSG00000027399	protein_coding	Il1a	source target label; RNA is not protein-editing validation
1-3_C08_PRKN	PRKN	plate1	C08	Prkn	mouse	ENSMUSG00000023826	protein_coding	Park2	source target label; RNA is not protein-editing validation
1-3_C09_TIGIT	TIGIT	plate1	C09	Tigit	mouse	ENSMUSG00000071552	protein_coding	Tigit	source target label; RNA is not protein-editing validation
1-3_C10_BMP10	BMP10	plate1	C10	Bmp10	mouse	ENSMUSG00000030046	protein_coding	Bmp10	source target label; RNA is not protein-editing validation
1-3_D03_NPNT	NPNT	plate1	D03	Npnt	mouse	ENSMUSG00000040998	protein_coding	Npnt	source target label; RNA is not protein-editing validation
1-3_D04_RNF43	RNF43	plate1	D04	Rnf43	mouse	ENSMUSG00000034177	protein_coding	Rnf43	source target label; RNA is not protein-editing validation
1-3_D05_TNS1	TNS1	plate1	D05	Tns1	mouse	ENSMUSG00000055322	protein_coding	Tns1	source target label; RNA is not protein-editing validation
1-3_D06_TTF1	TTF1	plate1	D06	Ttf1	mouse	ENSMUSG00000026803	protein_coding	Ttf1	source target label; RNA is not protein-editing validation
1-3_D07_TIGIT	TIGIT	plate1	D07	Tigit	mouse	ENSMUSG00000071552	protein_coding	Tigit	source target label; RNA is not protein-editing validation
1-3_D09_TFEB	TFEB	plate1	D09	Tfeb	mouse	ENSMUSG00000023990	protein_coding	Tfeb	source target label; RNA is not protein-editing validation
1-3_D10_FGF7	FGF7	plate1	D10	Fgf7	mouse	ENSMUSG00000027208	protein_coding	Fgf7	source target label; RNA is not protein-editing validation
1-3_D11_IL1A	IL1A	plate1	D11	Il1a	mouse	ENSMUSG00000027399	protein_coding	Il1a	source target label; RNA is not protein-editing validation
1-3_E02_TFCP2L1	TFCP2L1	plate1	E02	Tfcp2l1	mouse	ENSMUSG00000026380	protein_coding	Tfcp2l1	source target label; RNA is not protein-editing validation
1-3_E03_TIGIT	TIGIT	plate1	E03	Tigit	mouse	ENSMUSG00000071552	protein_coding	Tigit	source target label; RNA is not protein-editing validation
1-3_E04_SOX4	SOX4	plate1	E04	Sox4	mouse	ENSMUSG00000076431	protein_coding	Sox4	source target label; RNA is not protein-editing validation
1-3_E05_TWIST1	TWIST1	plate1	E05	Twist1	mouse	ENSMUSG00000035799	protein_coding	Twist1	source target label; RNA is not protein-editing validation
1-3_E06_NKX21	NKX21	plate1	E06	Nkx2-1	mouse	ENSMUSG00000001496	protein_coding	Nkx2-1	source target label; RNA is not protein-editing validation
1-3_E07_USP30	USP30	plate1	E07	Usp30	mouse	ENSMUSG00000029592	protein_coding	Usp30	source target label; RNA is not protein-editing validation
1-3_E09_ULK1	ULK1	plate1	E09	Ulk1	mouse	ENSMUSG00000029512	protein_coding	Ulk1	source target label; RNA is not protein-editing validation
1-3_E10_INHBA	INHBA	plate1	E10	Inhba	mouse	ENSMUSG00000041324	protein_coding	Inhba	source target label; RNA is not protein-editing validation
1-3_E11_MANF	MANF	plate1	E11	Manf	mouse	ENSMUSG00000032575	protein_coding	Manf	source target label; RNA is not protein-editing validation
1-3_F02_TIGIT	TIGIT	plate1	F02	Tigit	mouse	ENSMUSG00000071552	protein_coding	Tigit	source target label; RNA is not protein-editing validation
1-3_F03_RBMS3	RBMS3	plate1	F03	Rbms3	mouse	ENSMUSG00000039607	protein_coding	Rbms3	source target label; RNA is not protein-editing validation
1-3_F04_AGER	AGER	plate1	F04	Ager	mouse	ENSMUSG00000015452	protein_coding	Ager	source target label; RNA is not protein-editing validation
1-3_F05_TERF1	TERF1	plate1	F05	Terf1	mouse	ENSMUSG00000025925	protein_coding	Terf1	source target label; RNA is not protein-editing validation
1-3_F06_FAM13A	FAM13A	plate1	F06	Fam13a	mouse	ENSMUSG00000037709	protein_coding	Fam13a	source target label; RNA is not protein-editing validation
1-3_F07_NR1D1	NR1D1	plate1	F07	Nr1d1	mouse	ENSMUSG00000020889	protein_coding	Nr1d1	source target label; RNA is not protein-editing validation
1-3_F08_EIF2B1	EIF2B1	plate1	F08	Eif2b1	mouse	ENSMUSG00000029388	protein_coding	Eif2b1	source target label; RNA is not protein-editing validation
1-3_F09_ATG16L1	ATG16L1	plate1	F09	Atg16l1	mouse	ENSMUSG00000026289	protein_coding	Atg16l1	source target label; RNA is not protein-editing validation
1-3_F10_XBP1	XBP1	plate1	F10	Xbp1	mouse	ENSMUSG00000020484	protein_coding	Xbp1	source target label; RNA is not protein-editing validation
1-3_F11_RAD21	RAD21	plate1	F11	Rad21	mouse	ENSMUSG00000022314	protein_coding	Rad21	source target label; RNA is not protein-editing validation
1-3_G02_PID1	PID1	plate1	G02	Pid1	mouse	ENSMUSG00000045658	protein_coding	Pid1	source target label; RNA is not protein-editing validation
1-3_G03_SERPINA1A	SERPINA1A	plate1	G03	Serpina1a	mouse	ENSMUSG00000066366	protein_coding	Serpina1a	source target label; RNA is not protein-editing validation
1-3_G04_CACNA2D3	CACNA2D3	plate1	G04	Cacna2d3	mouse	ENSMUSG00000021991	protein_coding	Cacna2d3	source target label; RNA is not protein-editing validation
1-3_G05_CHRM3	CHRM3	plate1	G05	Chrm3	mouse	ENSMUSG00000046159	protein_coding	Chrm3	source target label; RNA is not protein-editing validation
1-3_G06_HHIP	HHIP	plate1	G06	Hhip	mouse	ENSMUSG00000064325	protein_coding	Hhip	source target label; RNA is not protein-editing validation
1-3_G07_NR1D2	NR1D2	plate1	G07	Nr1d2	mouse	ENSMUSG00000021775	protein_coding	Nr1d2	source target label; RNA is not protein-editing validation
1-3_G08_ERN1	ERN1	plate1	G08	Ern1	mouse	ENSMUSG00000020715	protein_coding	Ern1	source target label; RNA is not protein-editing validation
1-3_G09_BECLN1	BECN1	plate1	G09	Becn1	mouse	ENSMUSG00000035086	protein_coding	Becn1	source target label; RNA is not protein-editing validation
1-3_G10_TDTOMATO	TDTOMATO	plate1	G10						reference label; no S2 guide row
1-3_G11_TIGIT	TIGIT	plate1	G11	Tigit	mouse	ENSMUSG00000071552	protein_coding	Tigit	source target label; RNA is not protein-editing validation
1-4_B02_MET	MET	plate1	B02	Met	mouse	ENSMUSG00000009376	protein_coding	Met	source target label; RNA is not protein-editing validation
1-4_B03_GLIS3	GLIS3	plate1	B03	Glis3	mouse	ENSMUSG00000052942	protein_coding	Glis3	source target label; RNA is not protein-editing validation
1-4_B04_TIGIT	TIGIT	plate1	B04	Tigit	mouse	ENSMUSG00000071552	protein_coding	Tigit	source target label; RNA is not protein-editing validation
1-4_B05_TDTOMATO	TDTOMATO	plate1	B05						reference label; no S2 guide row
1-4_B06_TRP53	TRP53	plate1	B06	Trp53	mouse	ENSMUSG00000059552	protein_coding	Trp53	source target label; RNA is not protein-editing validation
1-4_B07_ACP6	ACP6	plate1	B07	Acp6	mouse	ENSMUSG00000028093	protein_coding	Acp6	source target label; RNA is not protein-editing validation
1-4_B08_PINK1	PINK1	plate1	B08	Pink1	mouse	ENSMUSG00000028756	protein_coding	Pink1	source target label; RNA is not protein-editing validation
1-4_B10_CCBE1	CCBE1	plate1	B10	Ccbe1	mouse	ENSMUSG00000046318	protein_coding	Ccbe1	source target label; RNA is not protein-editing validation
1-4_B11_GDF2	GDF2	plate1	B11	Gdf2	mouse	ENSMUSG00000072625	protein_coding	Gdf2	source target label; RNA is not protein-editing validation
1-4_C02_TEAD1	TEAD1	plate1	C02	Tead1	mouse	ENSMUSG00000055320	protein_coding	Tead1	source target label; RNA is not protein-editing validation
1-4_C03_MECOM	MECOM	plate1	C03	Mecom	mouse	ENSMUSG00000027684	protein_coding	Mecom	source target label; RNA is not protein-editing validation
1-4_C05_SFTPD	SFTPD	plate1	C05	Sftpd	mouse	ENSMUSG00000021795	protein_coding	Sftpd	source target label; RNA is not protein-editing validation
1-4_C06_TRP63	TRP63	plate1	C06	Trp63	mouse	ENSMUSG00000022510	protein_coding	Trp63	source target label; RNA is not protein-editing validation
1-4_C07_IL1A	IL1A	plate1	C07	Il1a	mouse	ENSMUSG00000027399	protein_coding	Il1a	source target label; RNA is not protein-editing validation
1-4_C08_PRKN	PRKN	plate1	C08	Prkn	mouse	ENSMUSG00000023826	protein_coding	Park2	source target label; RNA is not protein-editing validation
1-4_C09_TIGIT	TIGIT	plate1	C09	Tigit	mouse	ENSMUSG00000071552	protein_coding	Tigit	source target label; RNA is not protein-editing validation
1-4_C10_BMP10	BMP10	plate1	C10	Bmp10	mouse	ENSMUSG00000030046	protein_coding	Bmp10	source target label; RNA is not protein-editing validation
1-4_C11_PLA2G15	PLA2G15	plate1	C11	Pla2g15	mouse	ENSMUSG00000031903	protein_coding	Pla2g15	source target label; RNA is not protein-editing validation
1-4_D02_ROR1	ROR1	plate1	D02	Ror1	mouse	ENSMUSG00000035305	protein_coding	Ror1	source target label; RNA is not protein-editing validation
1-4_D03_NPNT	NPNT	plate1	D03	Npnt	mouse	ENSMUSG00000040998	protein_coding	Npnt	source target label; RNA is not protein-editing validation
1-4_D04_RNF43	RNF43	plate1	D04	Rnf43	mouse	ENSMUSG00000034177	protein_coding	Rnf43	source target label; RNA is not protein-editing validation
1-4_D05_TNS1	TNS1	plate1	D05	Tns1	mouse	ENSMUSG00000055322	protein_coding	Tns1	source target label; RNA is not protein-editing validation
1-4_D06_TTF1	TTF1	plate1	D06	Ttf1	mouse	ENSMUSG00000026803	protein_coding	Ttf1	source target label; RNA is not protein-editing validation
1-4_D07_TIGIT	TIGIT	plate1	D07	Tigit	mouse	ENSMUSG00000071552	protein_coding	Tigit	source target label; RNA is not protein-editing validation
1-4_D08_KEAP1	KEAP1	plate1	D08	Keap1	mouse	ENSMUSG00000003308	protein_coding	Keap1	source target label; RNA is not protein-editing validation
1-4_D09_TFEB	TFEB	plate1	D09	Tfeb	mouse	ENSMUSG00000023990	protein_coding	Tfeb	source target label; RNA is not protein-editing validation
1-4_D10_FGF7	FGF7	plate1	D10	Fgf7	mouse	ENSMUSG00000027208	protein_coding	Fgf7	source target label; RNA is not protein-editing validation
1-4_D11_IL1A	IL1A	plate1	D11	Il1a	mouse	ENSMUSG00000027399	protein_coding	Il1a	source target label; RNA is not protein-editing validation
1-4_E02_TFCP2L1	TFCP2L1	plate1	E02	Tfcp2l1	mouse	ENSMUSG00000026380	protein_coding	Tfcp2l1	source target label; RNA is not protein-editing validation
1-4_E03_TIGIT	TIGIT	plate1	E03	Tigit	mouse	ENSMUSG00000071552	protein_coding	Tigit	source target label; RNA is not protein-editing validation
1-4_E04_SOX4	SOX4	plate1	E04	Sox4	mouse	ENSMUSG00000076431	protein_coding	Sox4	source target label; RNA is not protein-editing validation
1-4_E05_TWIST1	TWIST1	plate1	E05	Twist1	mouse	ENSMUSG00000035799	protein_coding	Twist1	source target label; RNA is not protein-editing validation
1-4_E06_NKX21	NKX21	plate1	E06	Nkx2-1	mouse	ENSMUSG00000001496	protein_coding	Nkx2-1	source target label; RNA is not protein-editing validation
1-4_E07_USP30	USP30	plate1	E07	Usp30	mouse	ENSMUSG00000029592	protein_coding	Usp30	source target label; RNA is not protein-editing validation
1-4_E08_NFE2L2	NFE2L2	plate1	E08	Nfe2l2	mouse	ENSMUSG00000015839	protein_coding	Nfe2l2	source target label; RNA is not protein-editing validation
1-4_E09_ULK1	ULK1	plate1	E09	Ulk1	mouse	ENSMUSG00000029512	protein_coding	Ulk1	source target label; RNA is not protein-editing validation
1-4_E10_INHBA	INHBA	plate1	E10	Inhba	mouse	ENSMUSG00000041324	protein_coding	Inhba	source target label; RNA is not protein-editing validation
1-4_E11_MANF	MANF	plate1	E11	Manf	mouse	ENSMUSG00000032575	protein_coding	Manf	source target label; RNA is not protein-editing validation
1-4_F02_TIGIT	TIGIT	plate1	F02	Tigit	mouse	ENSMUSG00000071552	protein_coding	Tigit	source target label; RNA is not protein-editing validation
1-4_F03_RBMS3	RBMS3	plate1	F03	Rbms3	mouse	ENSMUSG00000039607	protein_coding	Rbms3	source target label; RNA is not protein-editing validation
1-4_F04_AGER	AGER	plate1	F04	Ager	mouse	ENSMUSG00000015452	protein_coding	Ager	source target label; RNA is not protein-editing validation
1-4_F05_TERF1	TERF1	plate1	F05	Terf1	mouse	ENSMUSG00000025925	protein_coding	Terf1	source target label; RNA is not protein-editing validation
1-4_F06_FAM13A	FAM13A	plate1	F06	Fam13a	mouse	ENSMUSG00000037709	protein_coding	Fam13a	source target label; RNA is not protein-editing validation
1-4_F07_NR1D1	NR1D1	plate1	F07	Nr1d1	mouse	ENSMUSG00000020889	protein_coding	Nr1d1	source target label; RNA is not protein-editing validation
1-4_F08_EIF2B1	EIF2B1	plate1	F08	Eif2b1	mouse	ENSMUSG00000029388	protein_coding	Eif2b1	source target label; RNA is not protein-editing validation
1-4_F09_ATG16L1	ATG16L1	plate1	F09	Atg16l1	mouse	ENSMUSG00000026289	protein_coding	Atg16l1	source target label; RNA is not protein-editing validation
1-4_F10_XBP1	XBP1	plate1	F10	Xbp1	mouse	ENSMUSG00000020484	protein_coding	Xbp1	source target label; RNA is not protein-editing validation
1-4_F11_RAD21	RAD21	plate1	F11	Rad21	mouse	ENSMUSG00000022314	protein_coding	Rad21	source target label; RNA is not protein-editing validation
1-4_G02_PID1	PID1	plate1	G02	Pid1	mouse	ENSMUSG00000045658	protein_coding	Pid1	source target label; RNA is not protein-editing validation
1-4_G03_SERPINA1A	SERPINA1A	plate1	G03	Serpina1a	mouse	ENSMUSG00000066366	protein_coding	Serpina1a	source target label; RNA is not protein-editing validation
1-4_G04_CACNA2D3	CACNA2D3	plate1	G04	Cacna2d3	mouse	ENSMUSG00000021991	protein_coding	Cacna2d3	source target label; RNA is not protein-editing validation
1-4_G05_CHRM3	CHRM3	plate1	G05	Chrm3	mouse	ENSMUSG00000046159	protein_coding	Chrm3	source target label; RNA is not protein-editing validation
1-4_G06_HHIP	HHIP	plate1	G06	Hhip	mouse	ENSMUSG00000064325	protein_coding	Hhip	source target label; RNA is not protein-editing validation
1-4_G07_NR1D2	NR1D2	plate1	G07	Nr1d2	mouse	ENSMUSG00000021775	protein_coding	Nr1d2	source target label; RNA is not protein-editing validation
1-4_G08_ERN1	ERN1	plate1	G08	Ern1	mouse	ENSMUSG00000020715	protein_coding	Ern1	source target label; RNA is not protein-editing validation
1-4_G09_BECLN1	BECN1	plate1	G09	Becn1	mouse	ENSMUSG00000035086	protein_coding	Becn1	source target label; RNA is not protein-editing validation
1-4_G10_TDTOMATO	TDTOMATO	plate1	G10						reference label; no S2 guide row
1-4_G11_TIGIT	TIGIT	plate1	G11	Tigit	mouse	ENSMUSG00000071552	protein_coding	Tigit	source target label; RNA is not protein-editing validation
2-2_B02_IVD	IVD	plate2	B02	Ivd	mouse	ENSMUSG00000027332	protein_coding	Ivd	source target label; RNA is not protein-editing validation
2-2_B03_ACOXL	ACOXL	plate2	B03	Acoxl	mouse	ENSMUSG00000027380	protein_coding	Acoxl	source target label; RNA is not protein-editing validation
2-2_B04_TIGIT	TIGIT	plate2	B04	Tigit	mouse	ENSMUSG00000071552	protein_coding	Tigit	source target label; RNA is not protein-editing validation
2-2_B05_TDTOMATO	TDTOMATO	plate2	B05						reference label; no S2 guide row
2-2_B06_LNX2	LNX2	plate2	B06	Lnx2	mouse	ENSMUSG00000016520	protein_coding	Lnx2	source target label; RNA is not protein-editing validation
2-2_B07_CHRNA5	CHRNA5	plate2	B07	Chrna5	mouse	ENSMUSG00000035594	protein_coding	Chrna5	source target label; RNA is not protein-editing validation
2-2_B08_MARCKS	MARCKS	plate2	B08	Marcks	mouse	ENSMUSG00000069662	protein_coding	Marcks	source target label; RNA is not protein-editing validation
2-2_B09_TRIB3	TRIB3	plate2	B09	Trib3	mouse	ENSMUSG00000032715	protein_coding	Trib3	source target label; RNA is not protein-editing validation
2-2_B10_IL4RA	IL4RA	plate2	B10	Il4ra	mouse	ENSMUSG00000030748	protein_coding	Il4ra	source target label; RNA is not protein-editing validation
2-2_B11_ATP6V1C2	ATP6V1C2	plate2	B11	Atp6v1c2	mouse	ENSMUSG00000020566	protein_coding	Atp6v1c2	source target label; RNA is not protein-editing validation
2-2_C02_NAV2	NAV2	plate2	C02	Nav2	mouse	ENSMUSG00000052512	protein_coding	Nav2	source target label; RNA is not protein-editing validation
2-2_C03_ATP11A	ATP11A	plate2	C03	Atp11a	mouse	ENSMUSG00000031441	protein_coding	Atp11a	source target label; RNA is not protein-editing validation
2-2_C04_PATJ	PATJ	plate2	C04	Patj	mouse	ENSMUSG00000061859	protein_coding	Patj	source target label; RNA is not protein-editing validation
2-2_C05_MEGF6	MEGF6	plate2	C05	Megf6	mouse	ENSMUSG00000057751	protein_coding	Megf6	source target label; RNA is not protein-editing validation
2-2_C06_SNX30	SNX30	plate2	C06	Snx30	mouse	ENSMUSG00000028385	protein_coding	Snx30	source target label; RNA is not protein-editing validation
2-2_C07_CHAT	CHAT	plate2	C07	Chat	mouse	ENSMUSG00000021919	protein_coding	Chat	source target label; RNA is not protein-editing validation
2-2_C08_WNT7B	WNT7B	plate2	C08	Wnt7b	mouse	ENSMUSG00000022382	protein_coding	Wnt7b	source target label; RNA is not protein-editing validation
2-2_C09_TIGIT	TIGIT	plate2	C09	Tigit	mouse	ENSMUSG00000071552	protein_coding	Tigit	source target label; RNA is not protein-editing validation
2-2_C10_HLF	HLF	plate2	C10	Hlf	mouse	ENSMUSG00000003949	protein_coding	Hlf	source target label; RNA is not protein-editing validation
2-2_C11_IRX1	IRX1	plate2	C11	Irx1	mouse	ENSMUSG00000060969	protein_coding	Irx1	source target label; RNA is not protein-editing validation
2-2_D02_CAPN1	CAPN1	plate2	D02	Capn1	mouse	ENSMUSG00000024942	protein_coding	Capn1	source target label; RNA is not protein-editing validation
2-2_D03_GPR37	GPR37	plate2	D03	Gpr37	mouse	ENSMUSG00000039904	protein_coding	Gpr37	source target label; RNA is not protein-editing validation
2-2_D04_SDC1	SDC1	plate2	D04	Sdc1	mouse	ENSMUSG00000020592	protein_coding	Sdc1	source target label; RNA is not protein-editing validation
2-2_D05_SLC45A4	SLC45A4	plate2	D05	Slc45a4	mouse	ENSMUSG00000079020	protein_coding	Slc45a4	source target label; RNA is not protein-editing validation
2-2_D06_LIPH	LIPH	plate2	D06	Liph	mouse	ENSMUSG00000044626	protein_coding	Liph	source target label; RNA is not protein-editing validation
2-2_D07_TIGIT	TIGIT	plate2	D07	Tigit	mouse	ENSMUSG00000071552	protein_coding	Tigit	source target label; RNA is not protein-editing validation
2-2_D08_WNT9B	WNT9B	plate2	D08	Wnt9b	mouse	ENSMUSG00000018486	protein_coding	Wnt9b	source target label; RNA is not protein-editing validation
2-2_D09_SPNS1	SPNS1	plate2	D09	Spns1	mouse	ENSMUSG00000030741	protein_coding	Spns1	source target label; RNA is not protein-editing validation
2-2_D10_HIF1A	HIF1A	plate2	D10	Hif1a	mouse	ENSMUSG00000021109	protein_coding	Hif1a	source target label; RNA is not protein-editing validation
2-2_D11_ETV5	ETV5	plate2	D11	Etv5	mouse	ENSMUSG00000013089	protein_coding	Etv5	source target label; RNA is not protein-editing validation
2-2_E02_MECOM	MECOM	plate2	E02	Mecom	mouse	ENSMUSG00000027684	protein_coding	Mecom	source target label; RNA is not protein-editing validation
2-2_E03_TIGIT	TIGIT	plate2	E03	Tigit	mouse	ENSMUSG00000071552	protein_coding	Tigit	source target label; RNA is not protein-editing validation
2-2_E04_TOLLIP	TOLLIP	plate2	E04	Tollip	mouse	ENSMUSG00000025139	protein_coding	Tollip	source target label; RNA is not protein-editing validation
2-2_E05_CXADR	CXADR	plate2	E05	Cxadr	mouse	ENSMUSG00000022865	protein_coding	Cxadr	source target label; RNA is not protein-editing validation
2-2_E06_FGFR2	FGFR2	plate2	E06	Fgfr2	mouse	ENSMUSG00000030849	protein_coding	Fgfr2	source target label; RNA is not protein-editing validation
2-2_E07_LRP6	LRP6	plate2	E07	Lrp6	mouse	ENSMUSG00000030201	protein_coding	Lrp6	source target label; RNA is not protein-editing validation
2-2_E08_CHRNA3	CHRNA3	plate2	E08	Chrna3	mouse	ENSMUSG00000032303	protein_coding	Chrna3	source target label; RNA is not protein-editing validation
2-2_E09_SH2B1	SH2B1	plate2	E09	Sh2b1	mouse	ENSMUSG00000030733	protein_coding	Sh2b1	source target label; RNA is not protein-editing validation
2-2_E10_ROS1	ROS1	plate2	E10	Ros1	mouse	ENSMUSG00000019893	protein_coding	Ros1	source target label; RNA is not protein-editing validation
2-2_E11_CSF3R	CSF3R	plate2	E11	Csf3r	mouse	ENSMUSG00000028859	protein_coding	Csf3r	source target label; RNA is not protein-editing validation
2-2_F02_TIGIT	TIGIT	plate2	F02	Tigit	mouse	ENSMUSG00000071552	protein_coding	Tigit	source target label; RNA is not protein-editing validation
2-2_F03_DSP	DSP	plate2	F03	Dsp	mouse	ENSMUSG00000054889	protein_coding	Dsp	source target label; RNA is not protein-editing validation
2-2_F04_MTUS1	MTUS1	plate2	F04	Mtus1	mouse	ENSMUSG00000045636	protein_coding	Mtus1	source target label; RNA is not protein-editing validation
2-2_F05_EPCAM	EPCAM	plate2	F05	Epcam	mouse	ENSMUSG00000045394	protein_coding	Epcam	source target label; RNA is not protein-editing validation
2-2_F06_FZD7	FZD7	plate2	F06	Fzd7	mouse	ENSMUSG00000041075	protein_coding	Fzd7	source target label; RNA is not protein-editing validation
2-2_F07_FZD1	FZD1	plate2	F07	Fzd1	mouse	ENSMUSG00000044674	protein_coding	Fzd1	source target label; RNA is not protein-editing validation
2-2_F08_SYT4	SYT4	plate2	F08	Syt4	mouse	ENSMUSG00000024261	protein_coding	Syt4	source target label; RNA is not protein-editing validation
2-2_F09_TLN1	TLN1	plate2	F09	Tln1	mouse	ENSMUSG00000028465	protein_coding	Tln1	source target label; RNA is not protein-editing validation
2-2_F10_LRP2	LRP2	plate2	F10	Lrp2	mouse	ENSMUSG00000027070	protein_coding	Lrp2	source target label; RNA is not protein-editing validation
2-2_F11_BAP1	BAP1	plate2	F11	Bap1	mouse	ENSMUSG00000021901	protein_coding	Bap1	source target label; RNA is not protein-editing validation
2-2_G02_TERT	TERT	plate2	G02	Tert	mouse	ENSMUSG00000021611	protein_coding	Tert	source target label; RNA is not protein-editing validation
2-2_G03_LRP5	LRP5	plate2	G03	Lrp5	mouse	ENSMUSG00000024913	protein_coding	Lrp5	source target label; RNA is not protein-editing validation
2-2_G04_FZD5	FZD5	plate2	G04	Fzd5	mouse	ENSMUSG00000045005	protein_coding	Fzd5	source target label; RNA is not protein-editing validation
2-2_G05_FZD6	FZD6	plate2	G05	Fzd6	mouse	ENSMUSG00000022297	protein_coding	Fzd6	source target label; RNA is not protein-editing validation
2-2_G06_MYRF	MYRF	plate2	G06	Myrf	mouse	ENSMUSG00000036098	protein_coding	Myrf	source target label; RNA is not protein-editing validation
2-2_G07_FZD4	FZD4	plate2	G07	Fzd4	mouse	ENSMUSG00000049791	protein_coding	Fzd4	source target label; RNA is not protein-editing validation
2-2_G08_SYT11	SYT11	plate2	G08	Syt11	mouse	ENSMUSG00000068923	protein_coding	Syt11	source target label; RNA is not protein-editing validation
2-2_G09_DMBT1	DMBT1	plate2	G09	Dmbt1	mouse	ENSMUSG00000047517	protein_coding	Dmbt1	source target label; RNA is not protein-editing validation
2-2_G10_TDTOMATO	TDTOMATO	plate2	G10						reference label; no S2 guide row
2-3_B02_IVD	IVD	plate2	B02	Ivd	mouse	ENSMUSG00000027332	protein_coding	Ivd	source target label; RNA is not protein-editing validation
2-3_B04_TIGIT	TIGIT	plate2	B04	Tigit	mouse	ENSMUSG00000071552	protein_coding	Tigit	source target label; RNA is not protein-editing validation
2-3_B05_TDTOMATO	TDTOMATO	plate2	B05						reference label; no S2 guide row
2-3_B06_LNX2	LNX2	plate2	B06	Lnx2	mouse	ENSMUSG00000016520	protein_coding	Lnx2	source target label; RNA is not protein-editing validation
2-3_B07_CHRNA5	CHRNA5	plate2	B07	Chrna5	mouse	ENSMUSG00000035594	protein_coding	Chrna5	source target label; RNA is not protein-editing validation
2-3_B08_MARCKS	MARCKS	plate2	B08	Marcks	mouse	ENSMUSG00000069662	protein_coding	Marcks	source target label; RNA is not protein-editing validation
2-3_B09_TRIB3	TRIB3	plate2	B09	Trib3	mouse	ENSMUSG00000032715	protein_coding	Trib3	source target label; RNA is not protein-editing validation
2-3_B10_IL4RA	IL4RA	plate2	B10	Il4ra	mouse	ENSMUSG00000030748	protein_coding	Il4ra	source target label; RNA is not protein-editing validation
2-3_B11_ATP6V1C2	ATP6V1C2	plate2	B11	Atp6v1c2	mouse	ENSMUSG00000020566	protein_coding	Atp6v1c2	source target label; RNA is not protein-editing validation
2-3_C02_NAV2	NAV2	plate2	C02	Nav2	mouse	ENSMUSG00000052512	protein_coding	Nav2	source target label; RNA is not protein-editing validation
2-3_C03_ATP11A	ATP11A	plate2	C03	Atp11a	mouse	ENSMUSG00000031441	protein_coding	Atp11a	source target label; RNA is not protein-editing validation
2-3_C04_PATJ	PATJ	plate2	C04	Patj	mouse	ENSMUSG00000061859	protein_coding	Patj	source target label; RNA is not protein-editing validation
2-3_C05_MEGF6	MEGF6	plate2	C05	Megf6	mouse	ENSMUSG00000057751	protein_coding	Megf6	source target label; RNA is not protein-editing validation
2-3_C06_SNX30	SNX30	plate2	C06	Snx30	mouse	ENSMUSG00000028385	protein_coding	Snx30	source target label; RNA is not protein-editing validation
2-3_C07_CHAT	CHAT	plate2	C07	Chat	mouse	ENSMUSG00000021919	protein_coding	Chat	source target label; RNA is not protein-editing validation
2-3_C08_WNT7B	WNT7B	plate2	C08	Wnt7b	mouse	ENSMUSG00000022382	protein_coding	Wnt7b	source target label; RNA is not protein-editing validation
2-3_C09_TIGIT	TIGIT	plate2	C09	Tigit	mouse	ENSMUSG00000071552	protein_coding	Tigit	source target label; RNA is not protein-editing validation
2-3_C10_HLF	HLF	plate2	C10	Hlf	mouse	ENSMUSG00000003949	protein_coding	Hlf	source target label; RNA is not protein-editing validation
2-3_D02_CAPN1	CAPN1	plate2	D02	Capn1	mouse	ENSMUSG00000024942	protein_coding	Capn1	source target label; RNA is not protein-editing validation
2-3_D03_GPR37	GPR37	plate2	D03	Gpr37	mouse	ENSMUSG00000039904	protein_coding	Gpr37	source target label; RNA is not protein-editing validation
2-3_D04_SDC1	SDC1	plate2	D04	Sdc1	mouse	ENSMUSG00000020592	protein_coding	Sdc1	source target label; RNA is not protein-editing validation
2-3_D05_SLC45A4	SLC45A4	plate2	D05	Slc45a4	mouse	ENSMUSG00000079020	protein_coding	Slc45a4	source target label; RNA is not protein-editing validation
2-3_D06_LIPH	LIPH	plate2	D06	Liph	mouse	ENSMUSG00000044626	protein_coding	Liph	source target label; RNA is not protein-editing validation
2-3_D07_TIGIT	TIGIT	plate2	D07	Tigit	mouse	ENSMUSG00000071552	protein_coding	Tigit	source target label; RNA is not protein-editing validation
2-3_D08_WNT9B	WNT9B	plate2	D08	Wnt9b	mouse	ENSMUSG00000018486	protein_coding	Wnt9b	source target label; RNA is not protein-editing validation
2-3_D09_SPNS1	SPNS1	plate2	D09	Spns1	mouse	ENSMUSG00000030741	protein_coding	Spns1	source target label; RNA is not protein-editing validation
2-3_D10_HIF1A	HIF1A	plate2	D10	Hif1a	mouse	ENSMUSG00000021109	protein_coding	Hif1a	source target label; RNA is not protein-editing validation
2-3_D11_ETV5	ETV5	plate2	D11	Etv5	mouse	ENSMUSG00000013089	protein_coding	Etv5	source target label; RNA is not protein-editing validation
2-3_E02_MECOM	MECOM	plate2	E02	Mecom	mouse	ENSMUSG00000027684	protein_coding	Mecom	source target label; RNA is not protein-editing validation
2-3_E03_TIGIT	TIGIT	plate2	E03	Tigit	mouse	ENSMUSG00000071552	protein_coding	Tigit	source target label; RNA is not protein-editing validation
2-3_E04_TOLLIP	TOLLIP	plate2	E04	Tollip	mouse	ENSMUSG00000025139	protein_coding	Tollip	source target label; RNA is not protein-editing validation
2-3_E05_CXADR	CXADR	plate2	E05	Cxadr	mouse	ENSMUSG00000022865	protein_coding	Cxadr	source target label; RNA is not protein-editing validation
2-3_E06_FGFR2	FGFR2	plate2	E06	Fgfr2	mouse	ENSMUSG00000030849	protein_coding	Fgfr2	source target label; RNA is not protein-editing validation
2-3_E07_LRP6	LRP6	plate2	E07	Lrp6	mouse	ENSMUSG00000030201	protein_coding	Lrp6	source target label; RNA is not protein-editing validation
2-3_E08_CHRNA3	CHRNA3	plate2	E08	Chrna3	mouse	ENSMUSG00000032303	protein_coding	Chrna3	source target label; RNA is not protein-editing validation
2-3_E09_SH2B1	SH2B1	plate2	E09	Sh2b1	mouse	ENSMUSG00000030733	protein_coding	Sh2b1	source target label; RNA is not protein-editing validation
2-3_E10_ROS1	ROS1	plate2	E10	Ros1	mouse	ENSMUSG00000019893	protein_coding	Ros1	source target label; RNA is not protein-editing validation
2-3_E11_CSF3R	CSF3R	plate2	E11	Csf3r	mouse	ENSMUSG00000028859	protein_coding	Csf3r	source target label; RNA is not protein-editing validation
2-3_F02_TIGIT	TIGIT	plate2	F02	Tigit	mouse	ENSMUSG00000071552	protein_coding	Tigit	source target label; RNA is not protein-editing validation
2-3_F03_DSP	DSP	plate2	F03	Dsp	mouse	ENSMUSG00000054889	protein_coding	Dsp	source target label; RNA is not protein-editing validation
2-3_F04_MTUS1	MTUS1	plate2	F04	Mtus1	mouse	ENSMUSG00000045636	protein_coding	Mtus1	source target label; RNA is not protein-editing validation
2-3_F05_EPCAM	EPCAM	plate2	F05	Epcam	mouse	ENSMUSG00000045394	protein_coding	Epcam	source target label; RNA is not protein-editing validation
2-3_F06_FZD7	FZD7	plate2	F06	Fzd7	mouse	ENSMUSG00000041075	protein_coding	Fzd7	source target label; RNA is not protein-editing validation
2-3_F07_FZD1	FZD1	plate2	F07	Fzd1	mouse	ENSMUSG00000044674	protein_coding	Fzd1	source target label; RNA is not protein-editing validation
2-3_F08_SYT4	SYT4	plate2	F08	Syt4	mouse	ENSMUSG00000024261	protein_coding	Syt4	source target label; RNA is not protein-editing validation
2-3_F09_TLN1	TLN1	plate2	F09	Tln1	mouse	ENSMUSG00000028465	protein_coding	Tln1	source target label; RNA is not protein-editing validation
2-3_F10_LRP2	LRP2	plate2	F10	Lrp2	mouse	ENSMUSG00000027070	protein_coding	Lrp2	source target label; RNA is not protein-editing validation
2-3_F11_BAP1	BAP1	plate2	F11	Bap1	mouse	ENSMUSG00000021901	protein_coding	Bap1	source target label; RNA is not protein-editing validation
2-3_G02_TERT	TERT	plate2	G02	Tert	mouse	ENSMUSG00000021611	protein_coding	Tert	source target label; RNA is not protein-editing validation
2-3_G03_LRP5	LRP5	plate2	G03	Lrp5	mouse	ENSMUSG00000024913	protein_coding	Lrp5	source target label; RNA is not protein-editing validation
2-3_G05_FZD6	FZD6	plate2	G05	Fzd6	mouse	ENSMUSG00000022297	protein_coding	Fzd6	source target label; RNA is not protein-editing validation
2-3_G06_MYRF	MYRF	plate2	G06	Myrf	mouse	ENSMUSG00000036098	protein_coding	Myrf	source target label; RNA is not protein-editing validation
2-3_G07_FZD4	FZD4	plate2	G07	Fzd4	mouse	ENSMUSG00000049791	protein_coding	Fzd4	source target label; RNA is not protein-editing validation
2-3_G08_SYT11	SYT11	plate2	G08	Syt11	mouse	ENSMUSG00000068923	protein_coding	Syt11	source target label; RNA is not protein-editing validation
2-3_G09_DMBT1	DMBT1	plate2	G09	Dmbt1	mouse	ENSMUSG00000047517	protein_coding	Dmbt1	source target label; RNA is not protein-editing validation
2-3_G10_TDTOMATO	TDTOMATO	plate2	G10						reference label; no S2 guide row
2-3_G11_TIGIT	TIGIT	plate2	G11	Tigit	mouse	ENSMUSG00000071552	protein_coding	Tigit	source target label; RNA is not protein-editing validation
2-4_B03_ACOXL	ACOXL	plate2	B03	Acoxl	mouse	ENSMUSG00000027380	protein_coding	Acoxl	source target label; RNA is not protein-editing validation
2-4_B04_TIGIT	TIGIT	plate2	B04	Tigit	mouse	ENSMUSG00000071552	protein_coding	Tigit	source target label; RNA is not protein-editing validation
2-4_B05_TDTOMATO	TDTOMATO	plate2	B05						reference label; no S2 guide row
2-4_B06_LNX2	LNX2	plate2	B06	Lnx2	mouse	ENSMUSG00000016520	protein_coding	Lnx2	source target label; RNA is not protein-editing validation
2-4_B07_CHRNA5	CHRNA5	plate2	B07	Chrna5	mouse	ENSMUSG00000035594	protein_coding	Chrna5	source target label; RNA is not protein-editing validation
2-4_B08_MARCKS	MARCKS	plate2	B08	Marcks	mouse	ENSMUSG00000069662	protein_coding	Marcks	source target label; RNA is not protein-editing validation
2-4_B09_TRIB3	TRIB3	plate2	B09	Trib3	mouse	ENSMUSG00000032715	protein_coding	Trib3	source target label; RNA is not protein-editing validation
2-4_B10_IL4RA	IL4RA	plate2	B10	Il4ra	mouse	ENSMUSG00000030748	protein_coding	Il4ra	source target label; RNA is not protein-editing validation
2-4_B11_ATP6V1C2	ATP6V1C2	plate2	B11	Atp6v1c2	mouse	ENSMUSG00000020566	protein_coding	Atp6v1c2	source target label; RNA is not protein-editing validation
2-4_C02_NAV2	NAV2	plate2	C02	Nav2	mouse	ENSMUSG00000052512	protein_coding	Nav2	source target label; RNA is not protein-editing validation
2-4_C03_ATP11A	ATP11A	plate2	C03	Atp11a	mouse	ENSMUSG00000031441	protein_coding	Atp11a	source target label; RNA is not protein-editing validation
2-4_C04_PATJ	PATJ	plate2	C04	Patj	mouse	ENSMUSG00000061859	protein_coding	Patj	source target label; RNA is not protein-editing validation
2-4_C05_MEGF6	MEGF6	plate2	C05	Megf6	mouse	ENSMUSG00000057751	protein_coding	Megf6	source target label; RNA is not protein-editing validation
2-4_C06_SNX30	SNX30	plate2	C06	Snx30	mouse	ENSMUSG00000028385	protein_coding	Snx30	source target label; RNA is not protein-editing validation
2-4_C07_CHAT	CHAT	plate2	C07	Chat	mouse	ENSMUSG00000021919	protein_coding	Chat	source target label; RNA is not protein-editing validation
2-4_C08_WNT7B	WNT7B	plate2	C08	Wnt7b	mouse	ENSMUSG00000022382	protein_coding	Wnt7b	source target label; RNA is not protein-editing validation
2-4_C09_TIGIT	TIGIT	plate2	C09	Tigit	mouse	ENSMUSG00000071552	protein_coding	Tigit	source target label; RNA is not protein-editing validation
2-4_C10_HLF	HLF	plate2	C10	Hlf	mouse	ENSMUSG00000003949	protein_coding	Hlf	source target label; RNA is not protein-editing validation
2-4_C11_IRX1	IRX1	plate2	C11	Irx1	mouse	ENSMUSG00000060969	protein_coding	Irx1	source target label; RNA is not protein-editing validation
2-4_D02_CAPN1	CAPN1	plate2	D02	Capn1	mouse	ENSMUSG00000024942	protein_coding	Capn1	source target label; RNA is not protein-editing validation
2-4_D03_GPR37	GPR37	plate2	D03	Gpr37	mouse	ENSMUSG00000039904	protein_coding	Gpr37	source target label; RNA is not protein-editing validation
2-4_D04_SDC1	SDC1	plate2	D04	Sdc1	mouse	ENSMUSG00000020592	protein_coding	Sdc1	source target label; RNA is not protein-editing validation
2-4_D05_SLC45A4	SLC45A4	plate2	D05	Slc45a4	mouse	ENSMUSG00000079020	protein_coding	Slc45a4	source target label; RNA is not protein-editing validation
2-4_D06_LIPH	LIPH	plate2	D06	Liph	mouse	ENSMUSG00000044626	protein_coding	Liph	source target label; RNA is not protein-editing validation
2-4_D07_TIGIT	TIGIT	plate2	D07	Tigit	mouse	ENSMUSG00000071552	protein_coding	Tigit	source target label; RNA is not protein-editing validation
2-4_D08_WNT9B	WNT9B	plate2	D08	Wnt9b	mouse	ENSMUSG00000018486	protein_coding	Wnt9b	source target label; RNA is not protein-editing validation
2-4_D09_SPNS1	SPNS1	plate2	D09	Spns1	mouse	ENSMUSG00000030741	protein_coding	Spns1	source target label; RNA is not protein-editing validation
2-4_D10_HIF1A	HIF1A	plate2	D10	Hif1a	mouse	ENSMUSG00000021109	protein_coding	Hif1a	source target label; RNA is not protein-editing validation
2-4_D11_ETV5	ETV5	plate2	D11	Etv5	mouse	ENSMUSG00000013089	protein_coding	Etv5	source target label; RNA is not protein-editing validation
2-4_E02_MECOM	MECOM	plate2	E02	Mecom	mouse	ENSMUSG00000027684	protein_coding	Mecom	source target label; RNA is not protein-editing validation
2-4_E03_TIGIT	TIGIT	plate2	E03	Tigit	mouse	ENSMUSG00000071552	protein_coding	Tigit	source target label; RNA is not protein-editing validation
2-4_E04_TOLLIP	TOLLIP	plate2	E04	Tollip	mouse	ENSMUSG00000025139	protein_coding	Tollip	source target label; RNA is not protein-editing validation
2-4_E05_CXADR	CXADR	plate2	E05	Cxadr	mouse	ENSMUSG00000022865	protein_coding	Cxadr	source target label; RNA is not protein-editing validation
2-4_E06_FGFR2	FGFR2	plate2	E06	Fgfr2	mouse	ENSMUSG00000030849	protein_coding	Fgfr2	source target label; RNA is not protein-editing validation
2-4_E07_LRP6	LRP6	plate2	E07	Lrp6	mouse	ENSMUSG00000030201	protein_coding	Lrp6	source target label; RNA is not protein-editing validation
2-4_E08_CHRNA3	CHRNA3	plate2	E08	Chrna3	mouse	ENSMUSG00000032303	protein_coding	Chrna3	source target label; RNA is not protein-editing validation
2-4_E09_SH2B1	SH2B1	plate2	E09	Sh2b1	mouse	ENSMUSG00000030733	protein_coding	Sh2b1	source target label; RNA is not protein-editing validation
2-4_E10_ROS1	ROS1	plate2	E10	Ros1	mouse	ENSMUSG00000019893	protein_coding	Ros1	source target label; RNA is not protein-editing validation
2-4_E11_CSF3R	CSF3R	plate2	E11	Csf3r	mouse	ENSMUSG00000028859	protein_coding	Csf3r	source target label; RNA is not protein-editing validation
2-4_F02_TIGIT	TIGIT	plate2	F02	Tigit	mouse	ENSMUSG00000071552	protein_coding	Tigit	source target label; RNA is not protein-editing validation
2-4_F03_DSP	DSP	plate2	F03	Dsp	mouse	ENSMUSG00000054889	protein_coding	Dsp	source target label; RNA is not protein-editing validation
2-4_F04_MTUS1	MTUS1	plate2	F04	Mtus1	mouse	ENSMUSG00000045636	protein_coding	Mtus1	source target label; RNA is not protein-editing validation
2-4_F05_EPCAM	EPCAM	plate2	F05	Epcam	mouse	ENSMUSG00000045394	protein_coding	Epcam	source target label; RNA is not protein-editing validation
2-4_F06_FZD7	FZD7	plate2	F06	Fzd7	mouse	ENSMUSG00000041075	protein_coding	Fzd7	source target label; RNA is not protein-editing validation
2-4_F07_FZD1	FZD1	plate2	F07	Fzd1	mouse	ENSMUSG00000044674	protein_coding	Fzd1	source target label; RNA is not protein-editing validation
2-4_F08_SYT4	SYT4	plate2	F08	Syt4	mouse	ENSMUSG00000024261	protein_coding	Syt4	source target label; RNA is not protein-editing validation
2-4_F09_TLN1	TLN1	plate2	F09	Tln1	mouse	ENSMUSG00000028465	protein_coding	Tln1	source target label; RNA is not protein-editing validation
2-4_F10_LRP2	LRP2	plate2	F10	Lrp2	mouse	ENSMUSG00000027070	protein_coding	Lrp2	source target label; RNA is not protein-editing validation
2-4_F11_BAP1	BAP1	plate2	F11	Bap1	mouse	ENSMUSG00000021901	protein_coding	Bap1	source target label; RNA is not protein-editing validation
2-4_G02_TERT	TERT	plate2	G02	Tert	mouse	ENSMUSG00000021611	protein_coding	Tert	source target label; RNA is not protein-editing validation
2-4_G04_FZD5	FZD5	plate2	G04	Fzd5	mouse	ENSMUSG00000045005	protein_coding	Fzd5	source target label; RNA is not protein-editing validation
2-4_G05_FZD6	FZD6	plate2	G05	Fzd6	mouse	ENSMUSG00000022297	protein_coding	Fzd6	source target label; RNA is not protein-editing validation
2-4_G06_MYRF	MYRF	plate2	G06	Myrf	mouse	ENSMUSG00000036098	protein_coding	Myrf	source target label; RNA is not protein-editing validation
2-4_G07_FZD4	FZD4	plate2	G07	Fzd4	mouse	ENSMUSG00000049791	protein_coding	Fzd4	source target label; RNA is not protein-editing validation
2-4_G08_SYT11	SYT11	plate2	G08	Syt11	mouse	ENSMUSG00000068923	protein_coding	Syt11	source target label; RNA is not protein-editing validation
2-4_G09_DMBT1	DMBT1	plate2	G09	Dmbt1	mouse	ENSMUSG00000047517	protein_coding	Dmbt1	source target label; RNA is not protein-editing validation
2-4_G10_TDTOMATO	TDTOMATO	plate2	G10						reference label; no S2 guide row
2-4_G11_TIGIT	TIGIT	plate2	G11	Tigit	mouse	ENSMUSG00000071552	protein_coding	Tigit	source target label; RNA is not protein-editing validation
3-1_B02_KIDINS220	KIDINS220	plate3	B02	Kidins220	mouse	ENSMUSG00000036333	protein_coding	Kidins220	source target label; RNA is not protein-editing validation
3-1_B03_CD81	CD81	plate3	B03	Cd81	mouse	ENSMUSG00000037706	protein_coding	Cd81	source target label; RNA is not protein-editing validation
3-1_B04_TIGIT	TIGIT	plate3	B04	Tigit	mouse	ENSMUSG00000071552	protein_coding	Tigit	source target label; RNA is not protein-editing validation
3-1_B05_TDTOMATO	TDTOMATO	plate3	B05						reference label; no S2 guide row
3-1_B06_TGIF1	TGIF1	plate3	B06	Tgif1	mouse	ENSMUSG00000047407	protein_coding	Tgif1	source target label; RNA is not protein-editing validation
3-1_B07_CELSR1	CELSR1	plate3	B07	Celsr1	mouse	ENSMUSG00000016028	protein_coding	Celsr1	source target label; RNA is not protein-editing validation
3-1_B08_PI4K2B	PI4K2B	plate3	B08	Pi4k2b	mouse	ENSMUSG00000029186	protein_coding	Pi4k2b	source target label; RNA is not protein-editing validation
3-1_B09_MAP2K2	MAP2K2	plate3	B09	Map2k2	mouse	ENSMUSG00000035027	protein_coding	Map2k2	source target label; RNA is not protein-editing validation
3-1_B10_MAP3K5	MAP3K5	plate3	B10	Map3k5	mouse	ENSMUSG00000071369	protein_coding	Map3k5	source target label; RNA is not protein-editing validation
3-1_B11_MAPK3	MAPK3	plate3	B11	Mapk3	mouse	ENSMUSG00000063065	protein_coding	Mapk3	source target label; RNA is not protein-editing validation
3-1_C02_ITGB6	ITGB6	plate3	C02	Itgb6	mouse	ENSMUSG00000026971	protein_coding	Itgb6	source target label; RNA is not protein-editing validation
3-1_C03_EGFR	EGFR	plate3	C03	Egfr	mouse	ENSMUSG00000020122	protein_coding	Egfr	source target label; RNA is not protein-editing validation
3-1_C04_DRAM1	DRAM1	plate3	C04	Dram1	mouse	ENSMUSG00000020057	protein_coding	Dram1	source target label; RNA is not protein-editing validation
3-1_C05_CSNK1A1	CSNK1A1	plate3	C05	Csnk1a1	mouse	ENSMUSG00000024576	protein_coding	Csnk1a1	source target label; RNA is not protein-editing validation
3-1_C06_ADK	ADK	plate3	C06	Adk	mouse	ENSMUSG00000039197	protein_coding	Adk	source target label; RNA is not protein-editing validation
3-1_C07_GNAI2	GNAI2	plate3	C07	Gnai2	mouse	ENSMUSG00000032562	protein_coding	Gnai2	source target label; RNA is not protein-editing validation
3-1_C08_OCIAD2	OCIAD2	plate3	C08	Ociad2	mouse	ENSMUSG00000029153	protein_coding	Ociad2	source target label; RNA is not protein-editing validation
3-1_C09_TIGIT	TIGIT	plate3	C09	Tigit	mouse	ENSMUSG00000071552	protein_coding	Tigit	source target label; RNA is not protein-editing validation
3-1_C10_MAP3K7	MAP3K7	plate3	C10	Map3k7	mouse	ENSMUSG00000028284	protein_coding	Map3k7	source target label; RNA is not protein-editing validation
3-1_C11_CISH	CISH	plate3	C11	Cish	mouse	ENSMUSG00000032578	protein_coding	Cish	source target label; RNA is not protein-editing validation
3-1_D02_SLC22A3	SLC22A3	plate3	D02	Slc22a3	mouse	ENSMUSG00000023828	protein_coding	Slc22a3	source target label; RNA is not protein-editing validation
3-1_D03_ERBB2	ERBB2	plate3	D03	Erbb2	mouse	ENSMUSG00000062312	protein_coding	Erbb2	source target label; RNA is not protein-editing validation
3-1_D04_EGFL6	EGFL6	plate3	D04	Egfl6	mouse	ENSMUSG00000000402	protein_coding	Egfl6	source target label; RNA is not protein-editing validation
3-1_D05_CSNK2A1	CSNK2A1	plate3	D05	Csnk2a1	mouse	ENSMUSG00000074698	protein_coding	Csnk2a1	source target label; RNA is not protein-editing validation
3-1_D06_ANK3	ANK3	plate3	D06	Ank3	mouse	ENSMUSG00000069601	protein_coding	Ank3	source target label; RNA is not protein-editing validation
3-1_D07_TIGIT	TIGIT	plate3	D07	Tigit	mouse	ENSMUSG00000071552	protein_coding	Tigit	source target label; RNA is not protein-editing validation
3-1_D08_ELOVL1	ELOVL1	plate3	D08	Elovl1	mouse	ENSMUSG00000006390	protein_coding	Elovl1	source target label; RNA is not protein-editing validation
3-1_D09_MAP2K3	MAP2K3	plate3	D09	Map2k3	mouse	ENSMUSG00000018932	protein_coding	Map2k3	source target label; RNA is not protein-editing validation
3-1_D10_MAP4K3	MAP4K3	plate3	D10	Map4k3	mouse	ENSMUSG00000024242	protein_coding	Map4k3	source target label; RNA is not protein-editing validation
3-1_D11_ELF5	ELF5	plate3	D11	Elf5	mouse	ENSMUSG00000027186	protein_coding	Elf5	source target label; RNA is not protein-editing validation
3-1_E02_TLR2	TLR2	plate3	E02	Tlr2	mouse	ENSMUSG00000027995	protein_coding	Tlr2	source target label; RNA is not protein-editing validation
3-1_E03_TIGIT	TIGIT	plate3	E03	Tigit	mouse	ENSMUSG00000071552	protein_coding	Tigit	source target label; RNA is not protein-editing validation
3-1_E04_CTSH	CTSH	plate3	E04	Ctsh	mouse	ENSMUSG00000032359	protein_coding	Ctsh	source target label; RNA is not protein-editing validation
3-1_E05_CSNK2A1	CSNK2A1	plate3	E05	Csnk2a1	mouse	ENSMUSG00000074698	protein_coding	Csnk2a1	source target label; RNA is not protein-editing validation
3-1_E06_MYO5C	MYO5C	plate3	E06	Myo5c	mouse	ENSMUSG00000033590	protein_coding	Myo5c	source target label; RNA is not protein-editing validation
3-1_E07_GNAI1	GNAI1	plate3	E07	Gnai1	mouse	ENSMUSG00000057614	protein_coding	Gnai1	source target label; RNA is not protein-editing validation
3-1_E08_ANTXR1	ANTXR1	plate3	E08	Antxr1	mouse	ENSMUSG00000033420	protein_coding	Antxr1	source target label; RNA is not protein-editing validation
3-1_E09_MAP2K4	MAP2K4	plate3	E09	Map2k4	mouse	ENSMUSG00000033352	protein_coding	Map2k4	source target label; RNA is not protein-editing validation
3-1_E10_MAP4K4	MAP4K4	plate3	E10	Map4k4	mouse	ENSMUSG00000026074	protein_coding	Map4k4	source target label; RNA is not protein-editing validation
3-1_E11_CCN2	CCN2	plate3	E11	Ccn2	mouse	ENSMUSG00000019997	protein_coding	Ctgf	source target label; RNA is not protein-editing validation
3-1_F02_TIGIT	TIGIT	plate3	F02	Tigit	mouse	ENSMUSG00000071552	protein_coding	Tigit	source target label; RNA is not protein-editing validation
3-1_F03_ERBB4	ERBB4	plate3	F03	Erbb4	mouse	ENSMUSG00000062209	protein_coding	Erbb4	source target label; RNA is not protein-editing validation
3-1_F04_SLC39A8	SLC39A8	plate3	F04	Slc39a8	mouse	ENSMUSG00000053897	protein_coding	Slc39a8	source target label; RNA is not protein-editing validation
3-1_F05_VANGL1	VANGL1	plate3	F05	Vangl1	mouse	ENSMUSG00000027860	protein_coding	Vangl1	source target label; RNA is not protein-editing validation
3-1_F06_TINAG	TINAG	plate3	F06	Tinag	mouse	ENSMUSG00000032357	protein_coding	Tinag	source target label; RNA is not protein-editing validation
3-1_F07_AREG	AREG	plate3	F07	Areg	mouse	ENSMUSG00000029378	protein_coding	Areg	source target label; RNA is not protein-editing validation
3-1_F08_TSPAN11	TSPAN11	plate3	F08	Tspan11	mouse	ENSMUSG00000030351	protein_coding	Tspan11	source target label; RNA is not protein-editing validation
3-1_F09_MAP3K1	MAP3K1	plate3	F09	Map3k1	mouse	ENSMUSG00000021754	protein_coding	Map3k1	source target label; RNA is not protein-editing validation
3-1_F10_MAPK1	MAPK1	plate3	F10	Mapk1	mouse	ENSMUSG00000063358	protein_coding	Mapk1	source target label; RNA is not protein-editing validation
3-1_F11_BMP2	BMP2	plate3	F11	Bmp2	mouse	ENSMUSG00000027358	protein_coding	Bmp2	source target label; RNA is not protein-editing validation
3-1_G02_ERBB3	ERBB3	plate3	G02	Erbb3	mouse	ENSMUSG00000018166	protein_coding	Erbb3	source target label; RNA is not protein-editing validation
3-1_G03_SOCS2	SOCS2	plate3	G03	Socs2	mouse	ENSMUSG00000020027	protein_coding	Socs2	source target label; RNA is not protein-editing validation
3-1_G04_SOAT1	SOAT1	plate3	G04	Soat1	mouse	ENSMUSG00000026600	protein_coding	Soat1	source target label; RNA is not protein-editing validation
3-1_G05_VANGL2	VANGL2	plate3	G05	Vangl2	mouse	ENSMUSG00000026556	protein_coding	Vangl2	source target label; RNA is not protein-editing validation
3-1_G06_IRF4	IRF4	plate3	G06	Irf4	mouse	ENSMUSG00000021356	protein_coding	Irf4	source target label; RNA is not protein-editing validation
3-1_G07_ATP6V0E	ATP6V0E	plate3	G07	Atp6v0e	mouse	ENSMUSG00000015575	protein_coding	Atp6v0e	source target label; RNA is not protein-editing validation
3-1_G08_MAP2K1	MAP2K1	plate3	G08	Map2k1	mouse	ENSMUSG00000004936	protein_coding	Map2k1	source target label; RNA is not protein-editing validation
3-1_G09_MAP3K2	MAP3K2	plate3	G09	Map3k2	mouse	ENSMUSG00000024383	protein_coding	Map3k2	source target label; RNA is not protein-editing validation
3-1_G10_TDTOMATO	TDTOMATO	plate3	G10						reference label; no S2 guide row
3-1_G11_TIGIT	TIGIT	plate3	G11	Tigit	mouse	ENSMUSG00000071552	protein_coding	Tigit	source target label; RNA is not protein-editing validation
3-2_B02_KIDINS220	KIDINS220	plate3	B02	Kidins220	mouse	ENSMUSG00000036333	protein_coding	Kidins220	source target label; RNA is not protein-editing validation
3-2_B03_CD81	CD81	plate3	B03	Cd81	mouse	ENSMUSG00000037706	protein_coding	Cd81	source target label; RNA is not protein-editing validation
3-2_B04_TIGIT	TIGIT	plate3	B04	Tigit	mouse	ENSMUSG00000071552	protein_coding	Tigit	source target label; RNA is not protein-editing validation
3-2_B05_TDTOMATO	TDTOMATO	plate3	B05						reference label; no S2 guide row
3-2_B06_TGIF1	TGIF1	plate3	B06	Tgif1	mouse	ENSMUSG00000047407	protein_coding	Tgif1	source target label; RNA is not protein-editing validation
3-2_B07_CELSR1	CELSR1	plate3	B07	Celsr1	mouse	ENSMUSG00000016028	protein_coding	Celsr1	source target label; RNA is not protein-editing validation
3-2_B08_PI4K2B	PI4K2B	plate3	B08	Pi4k2b	mouse	ENSMUSG00000029186	protein_coding	Pi4k2b	source target label; RNA is not protein-editing validation
3-2_B09_MAP2K2	MAP2K2	plate3	B09	Map2k2	mouse	ENSMUSG00000035027	protein_coding	Map2k2	source target label; RNA is not protein-editing validation
3-2_B10_MAP3K5	MAP3K5	plate3	B10	Map3k5	mouse	ENSMUSG00000071369	protein_coding	Map3k5	source target label; RNA is not protein-editing validation
3-2_B11_MAPK3	MAPK3	plate3	B11	Mapk3	mouse	ENSMUSG00000063065	protein_coding	Mapk3	source target label; RNA is not protein-editing validation
3-2_C02_ITGB6	ITGB6	plate3	C02	Itgb6	mouse	ENSMUSG00000026971	protein_coding	Itgb6	source target label; RNA is not protein-editing validation
3-2_C03_EGFR	EGFR	plate3	C03	Egfr	mouse	ENSMUSG00000020122	protein_coding	Egfr	source target label; RNA is not protein-editing validation
3-2_C04_DRAM1	DRAM1	plate3	C04	Dram1	mouse	ENSMUSG00000020057	protein_coding	Dram1	source target label; RNA is not protein-editing validation
3-2_C05_CSNK1A1	CSNK1A1	plate3	C05	Csnk1a1	mouse	ENSMUSG00000024576	protein_coding	Csnk1a1	source target label; RNA is not protein-editing validation
3-2_C06_ADK	ADK	plate3	C06	Adk	mouse	ENSMUSG00000039197	protein_coding	Adk	source target label; RNA is not protein-editing validation
3-2_C07_GNAI2	GNAI2	plate3	C07	Gnai2	mouse	ENSMUSG00000032562	protein_coding	Gnai2	source target label; RNA is not protein-editing validation
3-2_C08_OCIAD2	OCIAD2	plate3	C08	Ociad2	mouse	ENSMUSG00000029153	protein_coding	Ociad2	source target label; RNA is not protein-editing validation
3-2_C09_TIGIT	TIGIT	plate3	C09	Tigit	mouse	ENSMUSG00000071552	protein_coding	Tigit	source target label; RNA is not protein-editing validation
3-2_C10_MAP3K7	MAP3K7	plate3	C10	Map3k7	mouse	ENSMUSG00000028284	protein_coding	Map3k7	source target label; RNA is not protein-editing validation
3-2_C11_CISH	CISH	plate3	C11	Cish	mouse	ENSMUSG00000032578	protein_coding	Cish	source target label; RNA is not protein-editing validation
3-2_D02_SLC22A3	SLC22A3	plate3	D02	Slc22a3	mouse	ENSMUSG00000023828	protein_coding	Slc22a3	source target label; RNA is not protein-editing validation
3-2_D03_ERBB2	ERBB2	plate3	D03	Erbb2	mouse	ENSMUSG00000062312	protein_coding	Erbb2	source target label; RNA is not protein-editing validation
3-2_D04_EGFL6	EGFL6	plate3	D04	Egfl6	mouse	ENSMUSG00000000402	protein_coding	Egfl6	source target label; RNA is not protein-editing validation
3-2_D05_CSNK2A1	CSNK2A1	plate3	D05	Csnk2a1	mouse	ENSMUSG00000074698	protein_coding	Csnk2a1	source target label; RNA is not protein-editing validation
3-2_D06_ANK3	ANK3	plate3	D06	Ank3	mouse	ENSMUSG00000069601	protein_coding	Ank3	source target label; RNA is not protein-editing validation
3-2_D07_TIGIT	TIGIT	plate3	D07	Tigit	mouse	ENSMUSG00000071552	protein_coding	Tigit	source target label; RNA is not protein-editing validation
3-2_D08_ELOVL1	ELOVL1	plate3	D08	Elovl1	mouse	ENSMUSG00000006390	protein_coding	Elovl1	source target label; RNA is not protein-editing validation
3-2_D09_MAP2K3	MAP2K3	plate3	D09	Map2k3	mouse	ENSMUSG00000018932	protein_coding	Map2k3	source target label; RNA is not protein-editing validation
3-2_D10_MAP4K3	MAP4K3	plate3	D10	Map4k3	mouse	ENSMUSG00000024242	protein_coding	Map4k3	source target label; RNA is not protein-editing validation
3-2_D11_ELF5	ELF5	plate3	D11	Elf5	mouse	ENSMUSG00000027186	protein_coding	Elf5	source target label; RNA is not protein-editing validation
3-2_E02_TLR2	TLR2	plate3	E02	Tlr2	mouse	ENSMUSG00000027995	protein_coding	Tlr2	source target label; RNA is not protein-editing validation
3-2_E03_TIGIT	TIGIT	plate3	E03	Tigit	mouse	ENSMUSG00000071552	protein_coding	Tigit	source target label; RNA is not protein-editing validation
3-2_E04_CTSH	CTSH	plate3	E04	Ctsh	mouse	ENSMUSG00000032359	protein_coding	Ctsh	source target label; RNA is not protein-editing validation
3-2_E05_CSNK2A1	CSNK2A1	plate3	E05	Csnk2a1	mouse	ENSMUSG00000074698	protein_coding	Csnk2a1	source target label; RNA is not protein-editing validation
3-2_E06_MYO5C	MYO5C	plate3	E06	Myo5c	mouse	ENSMUSG00000033590	protein_coding	Myo5c	source target label; RNA is not protein-editing validation
3-2_E07_GNAI1	GNAI1	plate3	E07	Gnai1	mouse	ENSMUSG00000057614	protein_coding	Gnai1	source target label; RNA is not protein-editing validation
3-2_E08_ANTXR1	ANTXR1	plate3	E08	Antxr1	mouse	ENSMUSG00000033420	protein_coding	Antxr1	source target label; RNA is not protein-editing validation
3-2_E09_MAP2K4	MAP2K4	plate3	E09	Map2k4	mouse	ENSMUSG00000033352	protein_coding	Map2k4	source target label; RNA is not protein-editing validation
3-2_E10_MAP4K4	MAP4K4	plate3	E10	Map4k4	mouse	ENSMUSG00000026074	protein_coding	Map4k4	source target label; RNA is not protein-editing validation
3-2_E11_CCN2	CCN2	plate3	E11	Ccn2	mouse	ENSMUSG00000019997	protein_coding	Ctgf	source target label; RNA is not protein-editing validation
3-2_F02_TIGIT	TIGIT	plate3	F02	Tigit	mouse	ENSMUSG00000071552	protein_coding	Tigit	source target label; RNA is not protein-editing validation
3-2_F03_ERBB4	ERBB4	plate3	F03	Erbb4	mouse	ENSMUSG00000062209	protein_coding	Erbb4	source target label; RNA is not protein-editing validation
3-2_F04_SLC39A8	SLC39A8	plate3	F04	Slc39a8	mouse	ENSMUSG00000053897	protein_coding	Slc39a8	source target label; RNA is not protein-editing validation
3-2_F05_VANGL1	VANGL1	plate3	F05	Vangl1	mouse	ENSMUSG00000027860	protein_coding	Vangl1	source target label; RNA is not protein-editing validation
3-2_F06_TINAG	TINAG	plate3	F06	Tinag	mouse	ENSMUSG00000032357	protein_coding	Tinag	source target label; RNA is not protein-editing validation
3-2_F07_AREG	AREG	plate3	F07	Areg	mouse	ENSMUSG00000029378	protein_coding	Areg	source target label; RNA is not protein-editing validation
3-2_F08_TSPAN11	TSPAN11	plate3	F08	Tspan11	mouse	ENSMUSG00000030351	protein_coding	Tspan11	source target label; RNA is not protein-editing validation
3-2_F09_MAP3K1	MAP3K1	plate3	F09	Map3k1	mouse	ENSMUSG00000021754	protein_coding	Map3k1	source target label; RNA is not protein-editing validation
3-2_F10_MAPK1	MAPK1	plate3	F10	Mapk1	mouse	ENSMUSG00000063358	protein_coding	Mapk1	source target label; RNA is not protein-editing validation
3-2_F11_BMP2	BMP2	plate3	F11	Bmp2	mouse	ENSMUSG00000027358	protein_coding	Bmp2	source target label; RNA is not protein-editing validation
3-2_G02_ERBB3	ERBB3	plate3	G02	Erbb3	mouse	ENSMUSG00000018166	protein_coding	Erbb3	source target label; RNA is not protein-editing validation
3-2_G03_SOCS2	SOCS2	plate3	G03	Socs2	mouse	ENSMUSG00000020027	protein_coding	Socs2	source target label; RNA is not protein-editing validation
3-2_G04_SOAT1	SOAT1	plate3	G04	Soat1	mouse	ENSMUSG00000026600	protein_coding	Soat1	source target label; RNA is not protein-editing validation
3-2_G05_VANGL2	VANGL2	plate3	G05	Vangl2	mouse	ENSMUSG00000026556	protein_coding	Vangl2	source target label; RNA is not protein-editing validation
3-2_G06_IRF4	IRF4	plate3	G06	Irf4	mouse	ENSMUSG00000021356	protein_coding	Irf4	source target label; RNA is not protein-editing validation
3-2_G07_ATP6V0E	ATP6V0E	plate3	G07	Atp6v0e	mouse	ENSMUSG00000015575	protein_coding	Atp6v0e	source target label; RNA is not protein-editing validation
3-2_G08_MAP2K1	MAP2K1	plate3	G08	Map2k1	mouse	ENSMUSG00000004936	protein_coding	Map2k1	source target label; RNA is not protein-editing validation
3-2_G09_MAP3K2	MAP3K2	plate3	G09	Map3k2	mouse	ENSMUSG00000024383	protein_coding	Map3k2	source target label; RNA is not protein-editing validation
3-2_G10_TDTOMATO	TDTOMATO	plate3	G10						reference label; no S2 guide row
3-2_G11_TIGIT	TIGIT	plate3	G11	Tigit	mouse	ENSMUSG00000071552	protein_coding	Tigit	source target label; RNA is not protein-editing validation
3-3_B02_KIDINS220	KIDINS220	plate3	B02	Kidins220	mouse	ENSMUSG00000036333	protein_coding	Kidins220	source target label; RNA is not protein-editing validation
3-3_B03_CD81	CD81	plate3	B03	Cd81	mouse	ENSMUSG00000037706	protein_coding	Cd81	source target label; RNA is not protein-editing validation
3-3_B04_TIGIT	TIGIT	plate3	B04	Tigit	mouse	ENSMUSG00000071552	protein_coding	Tigit	source target label; RNA is not protein-editing validation
3-3_B05_TDTOMATO	TDTOMATO	plate3	B05						reference label; no S2 guide row
3-3_B06_TGIF1	TGIF1	plate3	B06	Tgif1	mouse	ENSMUSG00000047407	protein_coding	Tgif1	source target label; RNA is not protein-editing validation
3-3_B07_CELSR1	CELSR1	plate3	B07	Celsr1	mouse	ENSMUSG00000016028	protein_coding	Celsr1	source target label; RNA is not protein-editing validation
3-3_B08_PI4K2B	PI4K2B	plate3	B08	Pi4k2b	mouse	ENSMUSG00000029186	protein_coding	Pi4k2b	source target label; RNA is not protein-editing validation
3-3_B09_MAP2K2	MAP2K2	plate3	B09	Map2k2	mouse	ENSMUSG00000035027	protein_coding	Map2k2	source target label; RNA is not protein-editing validation
3-3_B10_MAP3K5	MAP3K5	plate3	B10	Map3k5	mouse	ENSMUSG00000071369	protein_coding	Map3k5	source target label; RNA is not protein-editing validation
3-3_B11_MAPK3	MAPK3	plate3	B11	Mapk3	mouse	ENSMUSG00000063065	protein_coding	Mapk3	source target label; RNA is not protein-editing validation
3-3_C02_ITGB6	ITGB6	plate3	C02	Itgb6	mouse	ENSMUSG00000026971	protein_coding	Itgb6	source target label; RNA is not protein-editing validation
3-3_C03_EGFR	EGFR	plate3	C03	Egfr	mouse	ENSMUSG00000020122	protein_coding	Egfr	source target label; RNA is not protein-editing validation
3-3_C04_DRAM1	DRAM1	plate3	C04	Dram1	mouse	ENSMUSG00000020057	protein_coding	Dram1	source target label; RNA is not protein-editing validation
3-3_C05_CSNK1A1	CSNK1A1	plate3	C05	Csnk1a1	mouse	ENSMUSG00000024576	protein_coding	Csnk1a1	source target label; RNA is not protein-editing validation
3-3_C06_ADK	ADK	plate3	C06	Adk	mouse	ENSMUSG00000039197	protein_coding	Adk	source target label; RNA is not protein-editing validation
3-3_C07_GNAI2	GNAI2	plate3	C07	Gnai2	mouse	ENSMUSG00000032562	protein_coding	Gnai2	source target label; RNA is not protein-editing validation
3-3_C08_OCIAD2	OCIAD2	plate3	C08	Ociad2	mouse	ENSMUSG00000029153	protein_coding	Ociad2	source target label; RNA is not protein-editing validation
3-3_C09_TIGIT	TIGIT	plate3	C09	Tigit	mouse	ENSMUSG00000071552	protein_coding	Tigit	source target label; RNA is not protein-editing validation
3-3_C10_MAP3K7	MAP3K7	plate3	C10	Map3k7	mouse	ENSMUSG00000028284	protein_coding	Map3k7	source target label; RNA is not protein-editing validation
3-3_C11_CISH	CISH	plate3	C11	Cish	mouse	ENSMUSG00000032578	protein_coding	Cish	source target label; RNA is not protein-editing validation
3-3_D02_SLC22A3	SLC22A3	plate3	D02	Slc22a3	mouse	ENSMUSG00000023828	protein_coding	Slc22a3	source target label; RNA is not protein-editing validation
3-3_D03_ERBB2	ERBB2	plate3	D03	Erbb2	mouse	ENSMUSG00000062312	protein_coding	Erbb2	source target label; RNA is not protein-editing validation
3-3_D04_EGFL6	EGFL6	plate3	D04	Egfl6	mouse	ENSMUSG00000000402	protein_coding	Egfl6	source target label; RNA is not protein-editing validation
3-3_D05_CSNK2A1	CSNK2A1	plate3	D05	Csnk2a1	mouse	ENSMUSG00000074698	protein_coding	Csnk2a1	source target label; RNA is not protein-editing validation
3-3_D06_ANK3	ANK3	plate3	D06	Ank3	mouse	ENSMUSG00000069601	protein_coding	Ank3	source target label; RNA is not protein-editing validation
3-3_D07_TIGIT	TIGIT	plate3	D07	Tigit	mouse	ENSMUSG00000071552	protein_coding	Tigit	source target label; RNA is not protein-editing validation
3-3_D08_ELOVL1	ELOVL1	plate3	D08	Elovl1	mouse	ENSMUSG00000006390	protein_coding	Elovl1	source target label; RNA is not protein-editing validation
3-3_D09_MAP2K3	MAP2K3	plate3	D09	Map2k3	mouse	ENSMUSG00000018932	protein_coding	Map2k3	source target label; RNA is not protein-editing validation
3-3_D10_MAP4K3	MAP4K3	plate3	D10	Map4k3	mouse	ENSMUSG00000024242	protein_coding	Map4k3	source target label; RNA is not protein-editing validation
3-3_D11_ELF5	ELF5	plate3	D11	Elf5	mouse	ENSMUSG00000027186	protein_coding	Elf5	source target label; RNA is not protein-editing validation
3-3_E02_TLR2	TLR2	plate3	E02	Tlr2	mouse	ENSMUSG00000027995	protein_coding	Tlr2	source target label; RNA is not protein-editing validation
3-3_E03_TIGIT	TIGIT	plate3	E03	Tigit	mouse	ENSMUSG00000071552	protein_coding	Tigit	source target label; RNA is not protein-editing validation
3-3_E04_CTSH	CTSH	plate3	E04	Ctsh	mouse	ENSMUSG00000032359	protein_coding	Ctsh	source target label; RNA is not protein-editing validation
3-3_E05_CSNK2A1	CSNK2A1	plate3	E05	Csnk2a1	mouse	ENSMUSG00000074698	protein_coding	Csnk2a1	source target label; RNA is not protein-editing validation
3-3_E06_MYO5C	MYO5C	plate3	E06	Myo5c	mouse	ENSMUSG00000033590	protein_coding	Myo5c	source target label; RNA is not protein-editing validation
3-3_E07_GNAI1	GNAI1	plate3	E07	Gnai1	mouse	ENSMUSG00000057614	protein_coding	Gnai1	source target label; RNA is not protein-editing validation
3-3_E08_ANTXR1	ANTXR1	plate3	E08	Antxr1	mouse	ENSMUSG00000033420	protein_coding	Antxr1	source target label; RNA is not protein-editing validation
3-3_E09_MAP2K4	MAP2K4	plate3	E09	Map2k4	mouse	ENSMUSG00000033352	protein_coding	Map2k4	source target label; RNA is not protein-editing validation
3-3_E10_MAP4K4	MAP4K4	plate3	E10	Map4k4	mouse	ENSMUSG00000026074	protein_coding	Map4k4	source target label; RNA is not protein-editing validation
3-3_E11_CCN2	CCN2	plate3	E11	Ccn2	mouse	ENSMUSG00000019997	protein_coding	Ctgf	source target label; RNA is not protein-editing validation
3-3_F02_TIGIT	TIGIT	plate3	F02	Tigit	mouse	ENSMUSG00000071552	protein_coding	Tigit	source target label; RNA is not protein-editing validation
3-3_F03_ERBB4	ERBB4	plate3	F03	Erbb4	mouse	ENSMUSG00000062209	protein_coding	Erbb4	source target label; RNA is not protein-editing validation
3-3_F04_SLC39A8	SLC39A8	plate3	F04	Slc39a8	mouse	ENSMUSG00000053897	protein_coding	Slc39a8	source target label; RNA is not protein-editing validation
3-3_F05_VANGL1	VANGL1	plate3	F05	Vangl1	mouse	ENSMUSG00000027860	protein_coding	Vangl1	source target label; RNA is not protein-editing validation
3-3_F06_TINAG	TINAG	plate3	F06	Tinag	mouse	ENSMUSG00000032357	protein_coding	Tinag	source target label; RNA is not protein-editing validation
3-3_F07_AREG	AREG	plate3	F07	Areg	mouse	ENSMUSG00000029378	protein_coding	Areg	source target label; RNA is not protein-editing validation
3-3_F08_TSPAN11	TSPAN11	plate3	F08	Tspan11	mouse	ENSMUSG00000030351	protein_coding	Tspan11	source target label; RNA is not protein-editing validation
3-3_F09_MAP3K1	MAP3K1	plate3	F09	Map3k1	mouse	ENSMUSG00000021754	protein_coding	Map3k1	source target label; RNA is not protein-editing validation
3-3_F10_MAPK1	MAPK1	plate3	F10	Mapk1	mouse	ENSMUSG00000063358	protein_coding	Mapk1	source target label; RNA is not protein-editing validation
3-3_F11_BMP2	BMP2	plate3	F11	Bmp2	mouse	ENSMUSG00000027358	protein_coding	Bmp2	source target label; RNA is not protein-editing validation
3-3_G02_ERBB3	ERBB3	plate3	G02	Erbb3	mouse	ENSMUSG00000018166	protein_coding	Erbb3	source target label; RNA is not protein-editing validation
3-3_G03_SOCS2	SOCS2	plate3	G03	Socs2	mouse	ENSMUSG00000020027	protein_coding	Socs2	source target label; RNA is not protein-editing validation
3-3_G04_SOAT1	SOAT1	plate3	G04	Soat1	mouse	ENSMUSG00000026600	protein_coding	Soat1	source target label; RNA is not protein-editing validation
3-3_G05_VANGL2	VANGL2	plate3	G05	Vangl2	mouse	ENSMUSG00000026556	protein_coding	Vangl2	source target label; RNA is not protein-editing validation
3-3_G06_IRF4	IRF4	plate3	G06	Irf4	mouse	ENSMUSG00000021356	protein_coding	Irf4	source target label; RNA is not protein-editing validation
3-3_G07_ATP6V0E	ATP6V0E	plate3	G07	Atp6v0e	mouse	ENSMUSG00000015575	protein_coding	Atp6v0e	source target label; RNA is not protein-editing validation
3-3_G08_MAP2K1	MAP2K1	plate3	G08	Map2k1	mouse	ENSMUSG00000004936	protein_coding	Map2k1	source target label; RNA is not protein-editing validation
3-3_G09_MAP3K2	MAP3K2	plate3	G09	Map3k2	mouse	ENSMUSG00000024383	protein_coding	Map3k2	source target label; RNA is not protein-editing validation
3-3_G10_TDTOMATO	TDTOMATO	plate3	G10						reference label; no S2 guide row
3-3_G11_TIGIT	TIGIT	plate3	G11	Tigit	mouse	ENSMUSG00000071552	protein_coding	Tigit	source target label; RNA is not protein-editing validation
3-4_B02_KIDINS220	KIDINS220	plate3	B02	Kidins220	mouse	ENSMUSG00000036333	protein_coding	Kidins220	source target label; RNA is not protein-editing validation
3-4_B03_CD81	CD81	plate3	B03	Cd81	mouse	ENSMUSG00000037706	protein_coding	Cd81	source target label; RNA is not protein-editing validation
3-4_B04_TIGIT	TIGIT	plate3	B04	Tigit	mouse	ENSMUSG00000071552	protein_coding	Tigit	source target label; RNA is not protein-editing validation
3-4_B05_TDTOMATO	TDTOMATO	plate3	B05						reference label; no S2 guide row
3-4_B06_TGIF1	TGIF1	plate3	B06	Tgif1	mouse	ENSMUSG00000047407	protein_coding	Tgif1	source target label; RNA is not protein-editing validation
3-4_B07_CELSR1	CELSR1	plate3	B07	Celsr1	mouse	ENSMUSG00000016028	protein_coding	Celsr1	source target label; RNA is not protein-editing validation
3-4_B08_PI4K2B	PI4K2B	plate3	B08	Pi4k2b	mouse	ENSMUSG00000029186	protein_coding	Pi4k2b	source target label; RNA is not protein-editing validation
3-4_B09_MAP2K2	MAP2K2	plate3	B09	Map2k2	mouse	ENSMUSG00000035027	protein_coding	Map2k2	source target label; RNA is not protein-editing validation
3-4_B10_MAP3K5	MAP3K5	plate3	B10	Map3k5	mouse	ENSMUSG00000071369	protein_coding	Map3k5	source target label; RNA is not protein-editing validation
3-4_B11_MAPK3	MAPK3	plate3	B11	Mapk3	mouse	ENSMUSG00000063065	protein_coding	Mapk3	source target label; RNA is not protein-editing validation
3-4_C02_ITGB6	ITGB6	plate3	C02	Itgb6	mouse	ENSMUSG00000026971	protein_coding	Itgb6	source target label; RNA is not protein-editing validation
3-4_C03_EGFR	EGFR	plate3	C03	Egfr	mouse	ENSMUSG00000020122	protein_coding	Egfr	source target label; RNA is not protein-editing validation
3-4_C04_DRAM1	DRAM1	plate3	C04	Dram1	mouse	ENSMUSG00000020057	protein_coding	Dram1	source target label; RNA is not protein-editing validation
3-4_C05_CSNK1A1	CSNK1A1	plate3	C05	Csnk1a1	mouse	ENSMUSG00000024576	protein_coding	Csnk1a1	source target label; RNA is not protein-editing validation
3-4_C06_ADK	ADK	plate3	C06	Adk	mouse	ENSMUSG00000039197	protein_coding	Adk	source target label; RNA is not protein-editing validation
3-4_C07_GNAI2	GNAI2	plate3	C07	Gnai2	mouse	ENSMUSG00000032562	protein_coding	Gnai2	source target label; RNA is not protein-editing validation
3-4_C08_OCIAD2	OCIAD2	plate3	C08	Ociad2	mouse	ENSMUSG00000029153	protein_coding	Ociad2	source target label; RNA is not protein-editing validation
3-4_C09_TIGIT	TIGIT	plate3	C09	Tigit	mouse	ENSMUSG00000071552	protein_coding	Tigit	source target label; RNA is not protein-editing validation
3-4_C10_MAP3K7	MAP3K7	plate3	C10	Map3k7	mouse	ENSMUSG00000028284	protein_coding	Map3k7	source target label; RNA is not protein-editing validation
3-4_C11_CISH	CISH	plate3	C11	Cish	mouse	ENSMUSG00000032578	protein_coding	Cish	source target label; RNA is not protein-editing validation
3-4_D02_SLC22A3	SLC22A3	plate3	D02	Slc22a3	mouse	ENSMUSG00000023828	protein_coding	Slc22a3	source target label; RNA is not protein-editing validation
3-4_D03_ERBB2	ERBB2	plate3	D03	Erbb2	mouse	ENSMUSG00000062312	protein_coding	Erbb2	source target label; RNA is not protein-editing validation
3-4_D04_EGFL6	EGFL6	plate3	D04	Egfl6	mouse	ENSMUSG00000000402	protein_coding	Egfl6	source target label; RNA is not protein-editing validation
3-4_D05_CSNK2A1	CSNK2A1	plate3	D05	Csnk2a1	mouse	ENSMUSG00000074698	protein_coding	Csnk2a1	source target label; RNA is not protein-editing validation
3-4_D06_ANK3	ANK3	plate3	D06	Ank3	mouse	ENSMUSG00000069601	protein_coding	Ank3	source target label; RNA is not protein-editing validation
3-4_D07_TIGIT	TIGIT	plate3	D07	Tigit	mouse	ENSMUSG00000071552	protein_coding	Tigit	source target label; RNA is not protein-editing validation
3-4_D08_ELOVL1	ELOVL1	plate3	D08	Elovl1	mouse	ENSMUSG00000006390	protein_coding	Elovl1	source target label; RNA is not protein-editing validation
3-4_D09_MAP2K3	MAP2K3	plate3	D09	Map2k3	mouse	ENSMUSG00000018932	protein_coding	Map2k3	source target label; RNA is not protein-editing validation
3-4_D10_MAP4K3	MAP4K3	plate3	D10	Map4k3	mouse	ENSMUSG00000024242	protein_coding	Map4k3	source target label; RNA is not protein-editing validation
3-4_D11_ELF5	ELF5	plate3	D11	Elf5	mouse	ENSMUSG00000027186	protein_coding	Elf5	source target label; RNA is not protein-editing validation
3-4_E02_TLR2	TLR2	plate3	E02	Tlr2	mouse	ENSMUSG00000027995	protein_coding	Tlr2	source target label; RNA is not protein-editing validation
3-4_E03_TIGIT	TIGIT	plate3	E03	Tigit	mouse	ENSMUSG00000071552	protein_coding	Tigit	source target label; RNA is not protein-editing validation
3-4_E04_CTSH	CTSH	plate3	E04	Ctsh	mouse	ENSMUSG00000032359	protein_coding	Ctsh	source target label; RNA is not protein-editing validation
3-4_E05_CSNK2A1	CSNK2A1	plate3	E05	Csnk2a1	mouse	ENSMUSG00000074698	protein_coding	Csnk2a1	source target label; RNA is not protein-editing validation
3-4_E06_MYO5C	MYO5C	plate3	E06	Myo5c	mouse	ENSMUSG00000033590	protein_coding	Myo5c	source target label; RNA is not protein-editing validation
3-4_E07_GNAI1	GNAI1	plate3	E07	Gnai1	mouse	ENSMUSG00000057614	protein_coding	Gnai1	source target label; RNA is not protein-editing validation
3-4_E08_ANTXR1	ANTXR1	plate3	E08	Antxr1	mouse	ENSMUSG00000033420	protein_coding	Antxr1	source target label; RNA is not protein-editing validation
3-4_E09_MAP2K4	MAP2K4	plate3	E09	Map2k4	mouse	ENSMUSG00000033352	protein_coding	Map2k4	source target label; RNA is not protein-editing validation
3-4_E10_MAP4K4	MAP4K4	plate3	E10	Map4k4	mouse	ENSMUSG00000026074	protein_coding	Map4k4	source target label; RNA is not protein-editing validation
3-4_E11_CCN2	CCN2	plate3	E11	Ccn2	mouse	ENSMUSG00000019997	protein_coding	Ctgf	source target label; RNA is not protein-editing validation
3-4_F02_TIGIT	TIGIT	plate3	F02	Tigit	mouse	ENSMUSG00000071552	protein_coding	Tigit	source target label; RNA is not protein-editing validation
3-4_F03_ERBB4	ERBB4	plate3	F03	Erbb4	mouse	ENSMUSG00000062209	protein_coding	Erbb4	source target label; RNA is not protein-editing validation
3-4_F04_SLC39A8	SLC39A8	plate3	F04	Slc39a8	mouse	ENSMUSG00000053897	protein_coding	Slc39a8	source target label; RNA is not protein-editing validation
3-4_F05_VANGL1	VANGL1	plate3	F05	Vangl1	mouse	ENSMUSG00000027860	protein_coding	Vangl1	source target label; RNA is not protein-editing validation
3-4_F06_TINAG	TINAG	plate3	F06	Tinag	mouse	ENSMUSG00000032357	protein_coding	Tinag	source target label; RNA is not protein-editing validation
3-4_F07_AREG	AREG	plate3	F07	Areg	mouse	ENSMUSG00000029378	protein_coding	Areg	source target label; RNA is not protein-editing validation
3-4_F08_TSPAN11	TSPAN11	plate3	F08	Tspan11	mouse	ENSMUSG00000030351	protein_coding	Tspan11	source target label; RNA is not protein-editing validation
3-4_F09_MAP3K1	MAP3K1	plate3	F09	Map3k1	mouse	ENSMUSG00000021754	protein_coding	Map3k1	source target label; RNA is not protein-editing validation
3-4_F10_MAPK1	MAPK1	plate3	F10	Mapk1	mouse	ENSMUSG00000063358	protein_coding	Mapk1	source target label; RNA is not protein-editing validation
3-4_F11_BMP2	BMP2	plate3	F11	Bmp2	mouse	ENSMUSG00000027358	protein_coding	Bmp2	source target label; RNA is not protein-editing validation
3-4_G02_ERBB3	ERBB3	plate3	G02	Erbb3	mouse	ENSMUSG00000018166	protein_coding	Erbb3	source target label; RNA is not protein-editing validation
3-4_G03_SOCS2	SOCS2	plate3	G03	Socs2	mouse	ENSMUSG00000020027	protein_coding	Socs2	source target label; RNA is not protein-editing validation
3-4_G04_SOAT1	SOAT1	plate3	G04	Soat1	mouse	ENSMUSG00000026600	protein_coding	Soat1	source target label; RNA is not protein-editing validation
3-4_G05_VANGL2	VANGL2	plate3	G05	Vangl2	mouse	ENSMUSG00000026556	protein_coding	Vangl2	source target label; RNA is not protein-editing validation
3-4_G06_IRF4	IRF4	plate3	G06	Irf4	mouse	ENSMUSG00000021356	protein_coding	Irf4	source target label; RNA is not protein-editing validation
3-4_G07_ATP6V0E	ATP6V0E	plate3	G07	Atp6v0e	mouse	ENSMUSG00000015575	protein_coding	Atp6v0e	source target label; RNA is not protein-editing validation
3-4_G08_MAP2K1	MAP2K1	plate3	G08	Map2k1	mouse	ENSMUSG00000004936	protein_coding	Map2k1	source target label; RNA is not protein-editing validation
3-4_G09_MAP3K2	MAP3K2	plate3	G09	Map3k2	mouse	ENSMUSG00000024383	protein_coding	Map3k2	source target label; RNA is not protein-editing validation
3-4_G10_TDTOMATO	TDTOMATO	plate3	G10						reference label; no S2 guide row
3-4_G11_TIGIT	TIGIT	plate3	G11	Tigit	mouse	ENSMUSG00000071552	protein_coding	Tigit	source target label; RNA is not protein-editing validation
4-1_B02_ATF6	ATF6	plate4	B02	Atf6	mouse	ENSMUSG00000026663	protein_coding	Atf6	source target label; RNA is not protein-editing validation
4-1_B03_CTCF	CTCF	plate4	B03	Ctcf	mouse	ENSMUSG00000005698	protein_coding	Ctcf	source target label; RNA is not protein-editing validation
4-1_B04_TIGIT	TIGIT	plate4	B04	Tigit	mouse	ENSMUSG00000071552	protein_coding	Tigit	source target label; RNA is not protein-editing validation
4-1_B05_TDTOMATO	TDTOMATO	plate4	B05						reference label; no S2 guide row
4-1_B06_RYK	RYK	plate4	B06	Ryk	mouse	ENSMUSG00000032547	protein_coding	Ryk	source target label; RNA is not protein-editing validation
4-1_B07_RNF43	RNF43	plate4	B07	Rnf43	mouse	ENSMUSG00000034177	protein_coding	Rnf43	source target label; RNA is not protein-editing validation
4-1_B08_NKD1	NKD1	plate4	B08	Nkd1	mouse	ENSMUSG00000031661	protein_coding	Nkd1	source target label; RNA is not protein-editing validation
4-1_B09_SLC34A2	SLC34A2	plate4	B09	Slc34a2	mouse	ENSMUSG00000029188	protein_coding	Slc34a2	source target label; RNA is not protein-editing validation
4-1_B10_RBPJL	RBPJL	plate4	B10	Rbpjl	mouse	ENSMUSG00000017007	protein_coding	Rbpjl	source target label; RNA is not protein-editing validation
4-1_B11_SLC6A14	SLC6A14	plate4	B11	Slc6a14	mouse	ENSMUSG00000031089	protein_coding	Slc6a14	source target label; RNA is not protein-editing validation
4-1_C02_LAMP2	LAMP2	plate4	C02	Lamp2	mouse	ENSMUSG00000016534	protein_coding	Lamp2	source target label; RNA is not protein-editing validation
4-1_C03_LGR5	LGR5	plate4	C03	Lgr5	mouse	ENSMUSG00000020140	protein_coding	Lgr5	source target label; RNA is not protein-editing validation
4-1_C04_CTNNB1	CTNNB1	plate4	C04	Ctnnb1	mouse	ENSMUSG00000006932	protein_coding	Ctnnb1	source activating edit; not a simple knockout
4-1_C05_DVL3	DVL3	plate4	C05	Dvl3	mouse	ENSMUSG00000003233	protein_coding	Dvl3	source target label; RNA is not protein-editing validation
4-1_C06_DVL2	DVL2	plate4	C06	Dvl2	mouse	ENSMUSG00000020888	protein_coding	Dvl2	source target label; RNA is not protein-editing validation
4-1_C07_SPRY4	SPRY4	plate4	C07	Spry4	mouse	ENSMUSG00000024427	protein_coding	Spry4	source target label; RNA is not protein-editing validation
4-1_C08_NKD2	NKD2	plate4	C08	Nkd2	mouse	ENSMUSG00000021567	protein_coding	Nkd2	source target label; RNA is not protein-editing validation
4-1_C09_TIGIT	TIGIT	plate4	C09	Tigit	mouse	ENSMUSG00000071552	protein_coding	Tigit	source target label; RNA is not protein-editing validation
4-1_C10_HOPX	HOPX	plate4	C10	Hopx	mouse	ENSMUSG00000059325	protein_coding	Hopx	source target label; RNA is not protein-editing validation
4-1_C11_CD36	CD36	plate4	C11	Cd36	mouse	ENSMUSG00000002944	protein_coding	Cd36	source target label; RNA is not protein-editing validation
4-1_D02_CRELD1	CRELD1	plate4	D02	Creld1	mouse	ENSMUSG00000030284	protein_coding	Creld1	source target label; RNA is not protein-editing validation
4-1_D03_LGR6	LGR6	plate4	D03	Lgr6	mouse	ENSMUSG00000042793	protein_coding	Lgr6	source target label; RNA is not protein-editing validation
4-1_D04_PORCN	PORCN	plate4	D04	Porcn	mouse	ENSMUSG00000031169	protein_coding	Porcn	source target label; RNA is not protein-editing validation
4-1_D05_WIF1	WIF1	plate4	D05	Wif1	mouse	ENSMUSG00000020218	protein_coding	Wif1	source target label; RNA is not protein-editing validation
4-1_D06_GSK3B	GSK3B	plate4	D06	Gsk3b	mouse	ENSMUSG00000022812	protein_coding	Gsk3b	source target label; RNA is not protein-editing validation
4-1_D07_TIGIT	TIGIT	plate4	D07	Tigit	mouse	ENSMUSG00000071552	protein_coding	Tigit	source target label; RNA is not protein-editing validation
4-1_D08_FBXW11	FBXW11	plate4	D08	Fbxw11	mouse	ENSMUSG00000020271	protein_coding	Fbxw11	source target label; RNA is not protein-editing validation
4-1_D09_PDE7B	PDE7B	plate4	D09	Pde7b	mouse	ENSMUSG00000019990	protein_coding	Pde7b	source target label; RNA is not protein-editing validation
4-1_D10_HBEGF	HBEGF	plate4	D10	Hbegf	mouse	ENSMUSG00000024486	protein_coding	Hbegf	source target label; RNA is not protein-editing validation
4-1_D11_KCNJ15	KCNJ15	plate4	D11	Kcnj15	mouse	ENSMUSG00000062609	protein_coding	Kcnj15	source target label; RNA is not protein-editing validation
4-1_E02_CRISPLD2	CRISPLD2	plate4	E02	Crispld2	mouse	ENSMUSG00000031825	protein_coding	Crispld2	source target label; RNA is not protein-editing validation
4-1_E03_TIGIT	TIGIT	plate4	E03	Tigit	mouse	ENSMUSG00000071552	protein_coding	Tigit	source target label; RNA is not protein-editing validation
4-1_E04_SIAH1A	SIAH1A	plate4	E04	Siah1a	mouse	ENSMUSG00000036840	protein_coding	Siah1a	source target label; RNA is not protein-editing validation
4-1_E05_JUP	JUP	plate4	E05	Jup	mouse	ENSMUSG00000001552	protein_coding	Jup	source target label; RNA is not protein-editing validation
4-1_E06_CELSR2	CELSR2	plate4	E06	Celsr2	mouse	ENSMUSG00000068740	protein_coding	Celsr2	source target label; RNA is not protein-editing validation
4-1_E07_APC	APC	plate4	E07	Apc	mouse	ENSMUSG00000005871	protein_coding	Apc	source target label; RNA is not protein-editing validation
4-1_E08_MLC1	MLC1	plate4	E08	Mlc1	mouse	ENSMUSG00000035805	protein_coding	Mlc1	source target label; RNA is not protein-editing validation
4-1_E09_CDKN2B	CDKN2B	plate4	E09	Cdkn2b	mouse	ENSMUSG00000073802	protein_coding	Cdkn2b	source target label; RNA is not protein-editing validation
4-1_E10_SEMA3E	SEMA3E	plate4	E10	Sema3e	mouse	ENSMUSG00000063531	protein_coding	Sema3e	source target label; RNA is not protein-editing validation
4-1_E11_SLC34A2	SLC34A2	plate4	E11	Slc34a2	mouse	ENSMUSG00000029188	protein_coding	Slc34a2	source target label; RNA is not protein-editing validation
4-1_F02_TIGIT	TIGIT	plate4	F02	Tigit	mouse	ENSMUSG00000071552	protein_coding	Tigit	source target label; RNA is not protein-editing validation
4-1_F03_ZNRF3	ZNRF3	plate4	F03	Znrf3	mouse	ENSMUSG00000041961	protein_coding	Znrf3	source target label; RNA is not protein-editing validation
4-1_F04_USP6NL	USP6NL	plate4	F04	Usp6nl	mouse	ENSMUSG00000039046	protein_coding	Usp6nl	source target label; RNA is not protein-editing validation
4-1_F05_SH3RF1	SH3RF1	plate4	F05	Sh3rf1	mouse	ENSMUSG00000031642	protein_coding	Sh3rf1	source target label; RNA is not protein-editing validation
4-1_F06_CELSR3	CELSR3	plate4	F06	Celsr3	mouse	ENSMUSG00000023473	protein_coding	Celsr3	source target label; RNA is not protein-editing validation
4-1_F07_SPRY1	SPRY1	plate4	F07	Spry1	mouse	ENSMUSG00000037211	protein_coding	Spry1	source target label; RNA is not protein-editing validation
4-1_F08_ZFP385B	ZFP385B	plate4	F08	Zfp385b	mouse	ENSMUSG00000027016	protein_coding	Zfp385b	source target label; RNA is not protein-editing validation
4-1_F09_BDNF	BDNF	plate4	F09	Bdnf	mouse	ENSMUSG00000048482	protein_coding	Bdnf	source target label; RNA is not protein-editing validation
4-1_F10_ZFP365	ZFP365	plate4	F10	Zfp365	mouse	ENSMUSG00000037855	protein_coding	Zfp365	source target label; RNA is not protein-editing validation
4-1_F11_NPR1	NPR1	plate4	F11	Npr1	mouse	ENSMUSG00000027931	protein_coding	Npr1	source target label; RNA is not protein-editing validation
4-1_G02_RNF43	RNF43	plate4	G02	Rnf43	mouse	ENSMUSG00000034177	protein_coding	Rnf43	source target label; RNA is not protein-editing validation
4-1_G03_LGR4	LGR4	plate4	G03	Lgr4	mouse	ENSMUSG00000050199	protein_coding	Lgr4	source target label; RNA is not protein-editing validation
4-1_G04_DVL1	DVL1	plate4	G04	Dvl1	mouse	ENSMUSG00000029071	protein_coding	Dvl1	source target label; RNA is not protein-editing validation
4-1_G05_PDLIM2	PDLIM2	plate4	G05	Pdlim2	mouse	ENSMUSG00000022090	protein_coding	Pdlim2	source target label; RNA is not protein-editing validation
4-1_G06_USP6NL	USP6NL	plate4	G06	Usp6nl	mouse	ENSMUSG00000039046	protein_coding	Usp6nl	source target label; RNA is not protein-editing validation
4-1_G07_SPRY2	SPRY2	plate4	G07	Spry2	mouse	ENSMUSG00000022114	protein_coding	Spry2	source target label; RNA is not protein-editing validation
4-1_G08_LRG1	LRG1	plate4	G08	Lrg1	mouse	ENSMUSG00000037095	protein_coding	Lrg1	source target label; RNA is not protein-editing validation
4-1_G09_CSF1R	CSF1R	plate4	G09	Csf1r	mouse	ENSMUSG00000024621	protein_coding	Csf1r	source target label; RNA is not protein-editing validation
4-1_G10_TDTOMATO	TDTOMATO	plate4	G10						reference label; no S2 guide row
4-1_G11_TIGIT	TIGIT	plate4	G11	Tigit	mouse	ENSMUSG00000071552	protein_coding	Tigit	source target label; RNA is not protein-editing validation
4-2_B02_ATF6	ATF6	plate4	B02	Atf6	mouse	ENSMUSG00000026663	protein_coding	Atf6	source target label; RNA is not protein-editing validation
4-2_B03_CTCF	CTCF	plate4	B03	Ctcf	mouse	ENSMUSG00000005698	protein_coding	Ctcf	source target label; RNA is not protein-editing validation
4-2_B04_TIGIT	TIGIT	plate4	B04	Tigit	mouse	ENSMUSG00000071552	protein_coding	Tigit	source target label; RNA is not protein-editing validation
4-2_B05_TDTOMATO	TDTOMATO	plate4	B05						reference label; no S2 guide row
4-2_B06_RYK	RYK	plate4	B06	Ryk	mouse	ENSMUSG00000032547	protein_coding	Ryk	source target label; RNA is not protein-editing validation
4-2_B07_RNF43	RNF43	plate4	B07	Rnf43	mouse	ENSMUSG00000034177	protein_coding	Rnf43	source target label; RNA is not protein-editing validation
4-2_B08_NKD1	NKD1	plate4	B08	Nkd1	mouse	ENSMUSG00000031661	protein_coding	Nkd1	source target label; RNA is not protein-editing validation
4-2_B09_SLC34A2	SLC34A2	plate4	B09	Slc34a2	mouse	ENSMUSG00000029188	protein_coding	Slc34a2	source target label; RNA is not protein-editing validation
4-2_B10_RBPJL	RBPJL	plate4	B10	Rbpjl	mouse	ENSMUSG00000017007	protein_coding	Rbpjl	source target label; RNA is not protein-editing validation
4-2_B11_SLC6A14	SLC6A14	plate4	B11	Slc6a14	mouse	ENSMUSG00000031089	protein_coding	Slc6a14	source target label; RNA is not protein-editing validation
4-2_C02_LAMP2	LAMP2	plate4	C02	Lamp2	mouse	ENSMUSG00000016534	protein_coding	Lamp2	source target label; RNA is not protein-editing validation
4-2_C03_LGR5	LGR5	plate4	C03	Lgr5	mouse	ENSMUSG00000020140	protein_coding	Lgr5	source target label; RNA is not protein-editing validation
4-2_C04_CTNNB1	CTNNB1	plate4	C04	Ctnnb1	mouse	ENSMUSG00000006932	protein_coding	Ctnnb1	source activating edit; not a simple knockout
4-2_C05_DVL3	DVL3	plate4	C05	Dvl3	mouse	ENSMUSG00000003233	protein_coding	Dvl3	source target label; RNA is not protein-editing validation
4-2_C06_DVL2	DVL2	plate4	C06	Dvl2	mouse	ENSMUSG00000020888	protein_coding	Dvl2	source target label; RNA is not protein-editing validation
4-2_C07_SPRY4	SPRY4	plate4	C07	Spry4	mouse	ENSMUSG00000024427	protein_coding	Spry4	source target label; RNA is not protein-editing validation
4-2_C08_NKD2	NKD2	plate4	C08	Nkd2	mouse	ENSMUSG00000021567	protein_coding	Nkd2	source target label; RNA is not protein-editing validation
4-2_C09_TIGIT	TIGIT	plate4	C09	Tigit	mouse	ENSMUSG00000071552	protein_coding	Tigit	source target label; RNA is not protein-editing validation
4-2_C10_HOPX	HOPX	plate4	C10	Hopx	mouse	ENSMUSG00000059325	protein_coding	Hopx	source target label; RNA is not protein-editing validation
4-2_C11_CD36	CD36	plate4	C11	Cd36	mouse	ENSMUSG00000002944	protein_coding	Cd36	source target label; RNA is not protein-editing validation
4-2_D02_CRELD1	CRELD1	plate4	D02	Creld1	mouse	ENSMUSG00000030284	protein_coding	Creld1	source target label; RNA is not protein-editing validation
4-2_D03_LGR6	LGR6	plate4	D03	Lgr6	mouse	ENSMUSG00000042793	protein_coding	Lgr6	source target label; RNA is not protein-editing validation
4-2_D04_PORCN	PORCN	plate4	D04	Porcn	mouse	ENSMUSG00000031169	protein_coding	Porcn	source target label; RNA is not protein-editing validation
4-2_D05_WIF1	WIF1	plate4	D05	Wif1	mouse	ENSMUSG00000020218	protein_coding	Wif1	source target label; RNA is not protein-editing validation
4-2_D06_GSK3B	GSK3B	plate4	D06	Gsk3b	mouse	ENSMUSG00000022812	protein_coding	Gsk3b	source target label; RNA is not protein-editing validation
4-2_D07_TIGIT	TIGIT	plate4	D07	Tigit	mouse	ENSMUSG00000071552	protein_coding	Tigit	source target label; RNA is not protein-editing validation
4-2_D08_FBXW11	FBXW11	plate4	D08	Fbxw11	mouse	ENSMUSG00000020271	protein_coding	Fbxw11	source target label; RNA is not protein-editing validation
4-2_D09_PDE7B	PDE7B	plate4	D09	Pde7b	mouse	ENSMUSG00000019990	protein_coding	Pde7b	source target label; RNA is not protein-editing validation
4-2_D10_HBEGF	HBEGF	plate4	D10	Hbegf	mouse	ENSMUSG00000024486	protein_coding	Hbegf	source target label; RNA is not protein-editing validation
4-2_D11_KCNJ15	KCNJ15	plate4	D11	Kcnj15	mouse	ENSMUSG00000062609	protein_coding	Kcnj15	source target label; RNA is not protein-editing validation
4-2_E02_CRISPLD2	CRISPLD2	plate4	E02	Crispld2	mouse	ENSMUSG00000031825	protein_coding	Crispld2	source target label; RNA is not protein-editing validation
4-2_E03_TIGIT	TIGIT	plate4	E03	Tigit	mouse	ENSMUSG00000071552	protein_coding	Tigit	source target label; RNA is not protein-editing validation
4-2_E04_SIAH1A	SIAH1A	plate4	E04	Siah1a	mouse	ENSMUSG00000036840	protein_coding	Siah1a	source target label; RNA is not protein-editing validation
4-2_E05_JUP	JUP	plate4	E05	Jup	mouse	ENSMUSG00000001552	protein_coding	Jup	source target label; RNA is not protein-editing validation
4-2_E06_CELSR2	CELSR2	plate4	E06	Celsr2	mouse	ENSMUSG00000068740	protein_coding	Celsr2	source target label; RNA is not protein-editing validation
4-2_E07_APC	APC	plate4	E07	Apc	mouse	ENSMUSG00000005871	protein_coding	Apc	source target label; RNA is not protein-editing validation
4-2_E08_MLC1	MLC1	plate4	E08	Mlc1	mouse	ENSMUSG00000035805	protein_coding	Mlc1	source target label; RNA is not protein-editing validation
4-2_E09_CDKN2B	CDKN2B	plate4	E09	Cdkn2b	mouse	ENSMUSG00000073802	protein_coding	Cdkn2b	source target label; RNA is not protein-editing validation
4-2_E10_SEMA3E	SEMA3E	plate4	E10	Sema3e	mouse	ENSMUSG00000063531	protein_coding	Sema3e	source target label; RNA is not protein-editing validation
4-2_E11_SLC34A2	SLC34A2	plate4	E11	Slc34a2	mouse	ENSMUSG00000029188	protein_coding	Slc34a2	source target label; RNA is not protein-editing validation
4-2_F02_TIGIT	TIGIT	plate4	F02	Tigit	mouse	ENSMUSG00000071552	protein_coding	Tigit	source target label; RNA is not protein-editing validation
4-2_F03_ZNRF3	ZNRF3	plate4	F03	Znrf3	mouse	ENSMUSG00000041961	protein_coding	Znrf3	source target label; RNA is not protein-editing validation
4-2_F04_USP6NL	USP6NL	plate4	F04	Usp6nl	mouse	ENSMUSG00000039046	protein_coding	Usp6nl	source target label; RNA is not protein-editing validation
4-2_F05_SH3RF1	SH3RF1	plate4	F05	Sh3rf1	mouse	ENSMUSG00000031642	protein_coding	Sh3rf1	source target label; RNA is not protein-editing validation
4-2_F06_CELSR3	CELSR3	plate4	F06	Celsr3	mouse	ENSMUSG00000023473	protein_coding	Celsr3	source target label; RNA is not protein-editing validation
4-2_F07_SPRY1	SPRY1	plate4	F07	Spry1	mouse	ENSMUSG00000037211	protein_coding	Spry1	source target label; RNA is not protein-editing validation
4-2_F08_ZFP385B	ZFP385B	plate4	F08	Zfp385b	mouse	ENSMUSG00000027016	protein_coding	Zfp385b	source target label; RNA is not protein-editing validation
4-2_F09_BDNF	BDNF	plate4	F09	Bdnf	mouse	ENSMUSG00000048482	protein_coding	Bdnf	source target label; RNA is not protein-editing validation
4-2_F10_ZFP365	ZFP365	plate4	F10	Zfp365	mouse	ENSMUSG00000037855	protein_coding	Zfp365	source target label; RNA is not protein-editing validation
4-2_F11_NPR1	NPR1	plate4	F11	Npr1	mouse	ENSMUSG00000027931	protein_coding	Npr1	source target label; RNA is not protein-editing validation
4-2_G02_RNF43	RNF43	plate4	G02	Rnf43	mouse	ENSMUSG00000034177	protein_coding	Rnf43	source target label; RNA is not protein-editing validation
4-2_G03_LGR4	LGR4	plate4	G03	Lgr4	mouse	ENSMUSG00000050199	protein_coding	Lgr4	source target label; RNA is not protein-editing validation
4-2_G04_DVL1	DVL1	plate4	G04	Dvl1	mouse	ENSMUSG00000029071	protein_coding	Dvl1	source target label; RNA is not protein-editing validation
4-2_G05_PDLIM2	PDLIM2	plate4	G05	Pdlim2	mouse	ENSMUSG00000022090	protein_coding	Pdlim2	source target label; RNA is not protein-editing validation
4-2_G06_USP6NL	USP6NL	plate4	G06	Usp6nl	mouse	ENSMUSG00000039046	protein_coding	Usp6nl	source target label; RNA is not protein-editing validation
4-2_G07_SPRY2	SPRY2	plate4	G07	Spry2	mouse	ENSMUSG00000022114	protein_coding	Spry2	source target label; RNA is not protein-editing validation
4-2_G08_LRG1	LRG1	plate4	G08	Lrg1	mouse	ENSMUSG00000037095	protein_coding	Lrg1	source target label; RNA is not protein-editing validation
4-2_G09_CSF1R	CSF1R	plate4	G09	Csf1r	mouse	ENSMUSG00000024621	protein_coding	Csf1r	source target label; RNA is not protein-editing validation
4-2_G10_TDTOMATO	TDTOMATO	plate4	G10						reference label; no S2 guide row
4-2_G11_TIGIT	TIGIT	plate4	G11	Tigit	mouse	ENSMUSG00000071552	protein_coding	Tigit	source target label; RNA is not protein-editing validation
4-3_B02_ATF6	ATF6	plate4	B02	Atf6	mouse	ENSMUSG00000026663	protein_coding	Atf6	source target label; RNA is not protein-editing validation
4-3_B03_CTCF	CTCF	plate4	B03	Ctcf	mouse	ENSMUSG00000005698	protein_coding	Ctcf	source target label; RNA is not protein-editing validation
4-3_B04_TIGIT	TIGIT	plate4	B04	Tigit	mouse	ENSMUSG00000071552	protein_coding	Tigit	source target label; RNA is not protein-editing validation
4-3_B05_TDTOMATO	TDTOMATO	plate4	B05						reference label; no S2 guide row
4-3_B06_RYK	RYK	plate4	B06	Ryk	mouse	ENSMUSG00000032547	protein_coding	Ryk	source target label; RNA is not protein-editing validation
4-3_B07_RNF43	RNF43	plate4	B07	Rnf43	mouse	ENSMUSG00000034177	protein_coding	Rnf43	source target label; RNA is not protein-editing validation
4-3_B08_NKD1	NKD1	plate4	B08	Nkd1	mouse	ENSMUSG00000031661	protein_coding	Nkd1	source target label; RNA is not protein-editing validation
4-3_B09_SLC34A2	SLC34A2	plate4	B09	Slc34a2	mouse	ENSMUSG00000029188	protein_coding	Slc34a2	source target label; RNA is not protein-editing validation
4-3_B10_RBPJL	RBPJL	plate4	B10	Rbpjl	mouse	ENSMUSG00000017007	protein_coding	Rbpjl	source target label; RNA is not protein-editing validation
4-3_B11_SLC6A14	SLC6A14	plate4	B11	Slc6a14	mouse	ENSMUSG00000031089	protein_coding	Slc6a14	source target label; RNA is not protein-editing validation
4-3_C02_LAMP2	LAMP2	plate4	C02	Lamp2	mouse	ENSMUSG00000016534	protein_coding	Lamp2	source target label; RNA is not protein-editing validation
4-3_C03_LGR5	LGR5	plate4	C03	Lgr5	mouse	ENSMUSG00000020140	protein_coding	Lgr5	source target label; RNA is not protein-editing validation
4-3_C04_CTNNB1	CTNNB1	plate4	C04	Ctnnb1	mouse	ENSMUSG00000006932	protein_coding	Ctnnb1	source activating edit; not a simple knockout
4-3_C05_DVL3	DVL3	plate4	C05	Dvl3	mouse	ENSMUSG00000003233	protein_coding	Dvl3	source target label; RNA is not protein-editing validation
4-3_C06_DVL2	DVL2	plate4	C06	Dvl2	mouse	ENSMUSG00000020888	protein_coding	Dvl2	source target label; RNA is not protein-editing validation
4-3_C07_SPRY4	SPRY4	plate4	C07	Spry4	mouse	ENSMUSG00000024427	protein_coding	Spry4	source target label; RNA is not protein-editing validation
4-3_C08_NKD2	NKD2	plate4	C08	Nkd2	mouse	ENSMUSG00000021567	protein_coding	Nkd2	source target label; RNA is not protein-editing validation
4-3_C09_TIGIT	TIGIT	plate4	C09	Tigit	mouse	ENSMUSG00000071552	protein_coding	Tigit	source target label; RNA is not protein-editing validation
4-3_C10_HOPX	HOPX	plate4	C10	Hopx	mouse	ENSMUSG00000059325	protein_coding	Hopx	source target label; RNA is not protein-editing validation
4-3_C11_CD36	CD36	plate4	C11	Cd36	mouse	ENSMUSG00000002944	protein_coding	Cd36	source target label; RNA is not protein-editing validation
4-3_D02_CRELD1	CRELD1	plate4	D02	Creld1	mouse	ENSMUSG00000030284	protein_coding	Creld1	source target label; RNA is not protein-editing validation
4-3_D03_LGR6	LGR6	plate4	D03	Lgr6	mouse	ENSMUSG00000042793	protein_coding	Lgr6	source target label; RNA is not protein-editing validation
4-3_D04_PORCN	PORCN	plate4	D04	Porcn	mouse	ENSMUSG00000031169	protein_coding	Porcn	source target label; RNA is not protein-editing validation
4-3_D05_WIF1	WIF1	plate4	D05	Wif1	mouse	ENSMUSG00000020218	protein_coding	Wif1	source target label; RNA is not protein-editing validation
4-3_D06_GSK3B	GSK3B	plate4	D06	Gsk3b	mouse	ENSMUSG00000022812	protein_coding	Gsk3b	source target label; RNA is not protein-editing validation
4-3_D07_TIGIT	TIGIT	plate4	D07	Tigit	mouse	ENSMUSG00000071552	protein_coding	Tigit	source target label; RNA is not protein-editing validation
4-3_D08_FBXW11	FBXW11	plate4	D08	Fbxw11	mouse	ENSMUSG00000020271	protein_coding	Fbxw11	source target label; RNA is not protein-editing validation
4-3_D09_PDE7B	PDE7B	plate4	D09	Pde7b	mouse	ENSMUSG00000019990	protein_coding	Pde7b	source target label; RNA is not protein-editing validation
4-3_D10_HBEGF	HBEGF	plate4	D10	Hbegf	mouse	ENSMUSG00000024486	protein_coding	Hbegf	source target label; RNA is not protein-editing validation
4-3_D11_KCNJ15	KCNJ15	plate4	D11	Kcnj15	mouse	ENSMUSG00000062609	protein_coding	Kcnj15	source target label; RNA is not protein-editing validation
4-3_E02_CRISPLD2	CRISPLD2	plate4	E02	Crispld2	mouse	ENSMUSG00000031825	protein_coding	Crispld2	source target label; RNA is not protein-editing validation
4-3_E03_TIGIT	TIGIT	plate4	E03	Tigit	mouse	ENSMUSG00000071552	protein_coding	Tigit	source target label; RNA is not protein-editing validation
4-3_E04_SIAH1A	SIAH1A	plate4	E04	Siah1a	mouse	ENSMUSG00000036840	protein_coding	Siah1a	source target label; RNA is not protein-editing validation
4-3_E05_JUP	JUP	plate4	E05	Jup	mouse	ENSMUSG00000001552	protein_coding	Jup	source target label; RNA is not protein-editing validation
4-3_E06_CELSR2	CELSR2	plate4	E06	Celsr2	mouse	ENSMUSG00000068740	protein_coding	Celsr2	source target label; RNA is not protein-editing validation
4-3_E07_APC	APC	plate4	E07	Apc	mouse	ENSMUSG00000005871	protein_coding	Apc	source target label; RNA is not protein-editing validation
4-3_E08_MLC1	MLC1	plate4	E08	Mlc1	mouse	ENSMUSG00000035805	protein_coding	Mlc1	source target label; RNA is not protein-editing validation
4-3_E09_CDKN2B	CDKN2B	plate4	E09	Cdkn2b	mouse	ENSMUSG00000073802	protein_coding	Cdkn2b	source target label; RNA is not protein-editing validation
4-3_E10_SEMA3E	SEMA3E	plate4	E10	Sema3e	mouse	ENSMUSG00000063531	protein_coding	Sema3e	source target label; RNA is not protein-editing validation
4-3_E11_SLC34A2	SLC34A2	plate4	E11	Slc34a2	mouse	ENSMUSG00000029188	protein_coding	Slc34a2	source target label; RNA is not protein-editing validation
4-3_F02_TIGIT	TIGIT	plate4	F02	Tigit	mouse	ENSMUSG00000071552	protein_coding	Tigit	source target label; RNA is not protein-editing validation
4-3_F03_ZNRF3	ZNRF3	plate4	F03	Znrf3	mouse	ENSMUSG00000041961	protein_coding	Znrf3	source target label; RNA is not protein-editing validation
4-3_F04_USP6NL	USP6NL	plate4	F04	Usp6nl	mouse	ENSMUSG00000039046	protein_coding	Usp6nl	source target label; RNA is not protein-editing validation
4-3_F05_SH3RF1	SH3RF1	plate4	F05	Sh3rf1	mouse	ENSMUSG00000031642	protein_coding	Sh3rf1	source target label; RNA is not protein-editing validation
4-3_F06_CELSR3	CELSR3	plate4	F06	Celsr3	mouse	ENSMUSG00000023473	protein_coding	Celsr3	source target label; RNA is not protein-editing validation
4-3_F07_SPRY1	SPRY1	plate4	F07	Spry1	mouse	ENSMUSG00000037211	protein_coding	Spry1	source target label; RNA is not protein-editing validation
4-3_F08_ZFP385B	ZFP385B	plate4	F08	Zfp385b	mouse	ENSMUSG00000027016	protein_coding	Zfp385b	source target label; RNA is not protein-editing validation
4-3_F09_BDNF	BDNF	plate4	F09	Bdnf	mouse	ENSMUSG00000048482	protein_coding	Bdnf	source target label; RNA is not protein-editing validation
4-3_F10_ZFP365	ZFP365	plate4	F10	Zfp365	mouse	ENSMUSG00000037855	protein_coding	Zfp365	source target label; RNA is not protein-editing validation
4-3_F11_NPR1	NPR1	plate4	F11	Npr1	mouse	ENSMUSG00000027931	protein_coding	Npr1	source target label; RNA is not protein-editing validation
4-3_G02_RNF43	RNF43	plate4	G02	Rnf43	mouse	ENSMUSG00000034177	protein_coding	Rnf43	source target label; RNA is not protein-editing validation
4-3_G03_LGR4	LGR4	plate4	G03	Lgr4	mouse	ENSMUSG00000050199	protein_coding	Lgr4	source target label; RNA is not protein-editing validation
4-3_G04_DVL1	DVL1	plate4	G04	Dvl1	mouse	ENSMUSG00000029071	protein_coding	Dvl1	source target label; RNA is not protein-editing validation
4-3_G05_PDLIM2	PDLIM2	plate4	G05	Pdlim2	mouse	ENSMUSG00000022090	protein_coding	Pdlim2	source target label; RNA is not protein-editing validation
4-3_G06_USP6NL	USP6NL	plate4	G06	Usp6nl	mouse	ENSMUSG00000039046	protein_coding	Usp6nl	source target label; RNA is not protein-editing validation
4-3_G07_SPRY2	SPRY2	plate4	G07	Spry2	mouse	ENSMUSG00000022114	protein_coding	Spry2	source target label; RNA is not protein-editing validation
4-3_G08_LRG1	LRG1	plate4	G08	Lrg1	mouse	ENSMUSG00000037095	protein_coding	Lrg1	source target label; RNA is not protein-editing validation
4-3_G09_CSF1R	CSF1R	plate4	G09	Csf1r	mouse	ENSMUSG00000024621	protein_coding	Csf1r	source target label; RNA is not protein-editing validation
4-3_G10_TDTOMATO	TDTOMATO	plate4	G10						reference label; no S2 guide row
4-3_G11_TIGIT	TIGIT	plate4	G11	Tigit	mouse	ENSMUSG00000071552	protein_coding	Tigit	source target label; RNA is not protein-editing validation
4-4_B02_ATF6	ATF6	plate4	B02	Atf6	mouse	ENSMUSG00000026663	protein_coding	Atf6	source target label; RNA is not protein-editing validation
4-4_B03_CTCF	CTCF	plate4	B03	Ctcf	mouse	ENSMUSG00000005698	protein_coding	Ctcf	source target label; RNA is not protein-editing validation
4-4_B04_TIGIT	TIGIT	plate4	B04	Tigit	mouse	ENSMUSG00000071552	protein_coding	Tigit	source target label; RNA is not protein-editing validation
4-4_B05_TDTOMATO	TDTOMATO	plate4	B05						reference label; no S2 guide row
4-4_B06_RYK	RYK	plate4	B06	Ryk	mouse	ENSMUSG00000032547	protein_coding	Ryk	source target label; RNA is not protein-editing validation
4-4_B07_RNF43	RNF43	plate4	B07	Rnf43	mouse	ENSMUSG00000034177	protein_coding	Rnf43	source target label; RNA is not protein-editing validation
4-4_B08_NKD1	NKD1	plate4	B08	Nkd1	mouse	ENSMUSG00000031661	protein_coding	Nkd1	source target label; RNA is not protein-editing validation
4-4_B09_SLC34A2	SLC34A2	plate4	B09	Slc34a2	mouse	ENSMUSG00000029188	protein_coding	Slc34a2	source target label; RNA is not protein-editing validation
4-4_B10_RBPJL	RBPJL	plate4	B10	Rbpjl	mouse	ENSMUSG00000017007	protein_coding	Rbpjl	source target label; RNA is not protein-editing validation
4-4_B11_SLC6A14	SLC6A14	plate4	B11	Slc6a14	mouse	ENSMUSG00000031089	protein_coding	Slc6a14	source target label; RNA is not protein-editing validation
4-4_C02_LAMP2	LAMP2	plate4	C02	Lamp2	mouse	ENSMUSG00000016534	protein_coding	Lamp2	source target label; RNA is not protein-editing validation
4-4_C03_LGR5	LGR5	plate4	C03	Lgr5	mouse	ENSMUSG00000020140	protein_coding	Lgr5	source target label; RNA is not protein-editing validation
4-4_C04_CTNNB1	CTNNB1	plate4	C04	Ctnnb1	mouse	ENSMUSG00000006932	protein_coding	Ctnnb1	source activating edit; not a simple knockout
4-4_C05_DVL3	DVL3	plate4	C05	Dvl3	mouse	ENSMUSG00000003233	protein_coding	Dvl3	source target label; RNA is not protein-editing validation
4-4_C06_DVL2	DVL2	plate4	C06	Dvl2	mouse	ENSMUSG00000020888	protein_coding	Dvl2	source target label; RNA is not protein-editing validation
4-4_C07_SPRY4	SPRY4	plate4	C07	Spry4	mouse	ENSMUSG00000024427	protein_coding	Spry4	source target label; RNA is not protein-editing validation
4-4_C08_NKD2	NKD2	plate4	C08	Nkd2	mouse	ENSMUSG00000021567	protein_coding	Nkd2	source target label; RNA is not protein-editing validation
4-4_C09_TIGIT	TIGIT	plate4	C09	Tigit	mouse	ENSMUSG00000071552	protein_coding	Tigit	source target label; RNA is not protein-editing validation
4-4_C10_HOPX	HOPX	plate4	C10	Hopx	mouse	ENSMUSG00000059325	protein_coding	Hopx	source target label; RNA is not protein-editing validation
4-4_C11_CD36	CD36	plate4	C11	Cd36	mouse	ENSMUSG00000002944	protein_coding	Cd36	source target label; RNA is not protein-editing validation
4-4_D02_CRELD1	CRELD1	plate4	D02	Creld1	mouse	ENSMUSG00000030284	protein_coding	Creld1	source target label; RNA is not protein-editing validation
4-4_D03_LGR6	LGR6	plate4	D03	Lgr6	mouse	ENSMUSG00000042793	protein_coding	Lgr6	source target label; RNA is not protein-editing validation
4-4_D04_PORCN	PORCN	plate4	D04	Porcn	mouse	ENSMUSG00000031169	protein_coding	Porcn	source target label; RNA is not protein-editing validation
4-4_D05_WIF1	WIF1	plate4	D05	Wif1	mouse	ENSMUSG00000020218	protein_coding	Wif1	source target label; RNA is not protein-editing validation
4-4_D06_GSK3B	GSK3B	plate4	D06	Gsk3b	mouse	ENSMUSG00000022812	protein_coding	Gsk3b	source target label; RNA is not protein-editing validation
4-4_D07_TIGIT	TIGIT	plate4	D07	Tigit	mouse	ENSMUSG00000071552	protein_coding	Tigit	source target label; RNA is not protein-editing validation
4-4_D08_FBXW11	FBXW11	plate4	D08	Fbxw11	mouse	ENSMUSG00000020271	protein_coding	Fbxw11	source target label; RNA is not protein-editing validation
4-4_D09_PDE7B	PDE7B	plate4	D09	Pde7b	mouse	ENSMUSG00000019990	protein_coding	Pde7b	source target label; RNA is not protein-editing validation
4-4_D10_HBEGF	HBEGF	plate4	D10	Hbegf	mouse	ENSMUSG00000024486	protein_coding	Hbegf	source target label; RNA is not protein-editing validation
4-4_D11_KCNJ15	KCNJ15	plate4	D11	Kcnj15	mouse	ENSMUSG00000062609	protein_coding	Kcnj15	source target label; RNA is not protein-editing validation
4-4_E02_CRISPLD2	CRISPLD2	plate4	E02	Crispld2	mouse	ENSMUSG00000031825	protein_coding	Crispld2	source target label; RNA is not protein-editing validation
4-4_E03_TIGIT	TIGIT	plate4	E03	Tigit	mouse	ENSMUSG00000071552	protein_coding	Tigit	source target label; RNA is not protein-editing validation
4-4_E04_SIAH1A	SIAH1A	plate4	E04	Siah1a	mouse	ENSMUSG00000036840	protein_coding	Siah1a	source target label; RNA is not protein-editing validation
4-4_E05_JUP	JUP	plate4	E05	Jup	mouse	ENSMUSG00000001552	protein_coding	Jup	source target label; RNA is not protein-editing validation
4-4_E06_CELSR2	CELSR2	plate4	E06	Celsr2	mouse	ENSMUSG00000068740	protein_coding	Celsr2	source target label; RNA is not protein-editing validation
4-4_E07_APC	APC	plate4	E07	Apc	mouse	ENSMUSG00000005871	protein_coding	Apc	source target label; RNA is not protein-editing validation
4-4_E08_MLC1	MLC1	plate4	E08	Mlc1	mouse	ENSMUSG00000035805	protein_coding	Mlc1	source target label; RNA is not protein-editing validation
4-4_E09_CDKN2B	CDKN2B	plate4	E09	Cdkn2b	mouse	ENSMUSG00000073802	protein_coding	Cdkn2b	source target label; RNA is not protein-editing validation
4-4_E10_SEMA3E	SEMA3E	plate4	E10	Sema3e	mouse	ENSMUSG00000063531	protein_coding	Sema3e	source target label; RNA is not protein-editing validation
4-4_E11_SLC34A2	SLC34A2	plate4	E11	Slc34a2	mouse	ENSMUSG00000029188	protein_coding	Slc34a2	source target label; RNA is not protein-editing validation
4-4_F02_TIGIT	TIGIT	plate4	F02	Tigit	mouse	ENSMUSG00000071552	protein_coding	Tigit	source target label; RNA is not protein-editing validation
4-4_F03_ZNRF3	ZNRF3	plate4	F03	Znrf3	mouse	ENSMUSG00000041961	protein_coding	Znrf3	source target label; RNA is not protein-editing validation
4-4_F04_USP6NL	USP6NL	plate4	F04	Usp6nl	mouse	ENSMUSG00000039046	protein_coding	Usp6nl	source target label; RNA is not protein-editing validation
4-4_F05_SH3RF1	SH3RF1	plate4	F05	Sh3rf1	mouse	ENSMUSG00000031642	protein_coding	Sh3rf1	source target label; RNA is not protein-editing validation
4-4_F06_CELSR3	CELSR3	plate4	F06	Celsr3	mouse	ENSMUSG00000023473	protein_coding	Celsr3	source target label; RNA is not protein-editing validation
4-4_F07_SPRY1	SPRY1	plate4	F07	Spry1	mouse	ENSMUSG00000037211	protein_coding	Spry1	source target label; RNA is not protein-editing validation
4-4_F08_ZFP385B	ZFP385B	plate4	F08	Zfp385b	mouse	ENSMUSG00000027016	protein_coding	Zfp385b	source target label; RNA is not protein-editing validation
4-4_F09_BDNF	BDNF	plate4	F09	Bdnf	mouse	ENSMUSG00000048482	protein_coding	Bdnf	source target label; RNA is not protein-editing validation
4-4_F10_ZFP365	ZFP365	plate4	F10	Zfp365	mouse	ENSMUSG00000037855	protein_coding	Zfp365	source target label; RNA is not protein-editing validation
4-4_F11_NPR1	NPR1	plate4	F11	Npr1	mouse	ENSMUSG00000027931	protein_coding	Npr1	source target label; RNA is not protein-editing validation
4-4_G02_RNF43	RNF43	plate4	G02	Rnf43	mouse	ENSMUSG00000034177	protein_coding	Rnf43	source target label; RNA is not protein-editing validation
4-4_G03_LGR4	LGR4	plate4	G03	Lgr4	mouse	ENSMUSG00000050199	protein_coding	Lgr4	source target label; RNA is not protein-editing validation
4-4_G04_DVL1	DVL1	plate4	G04	Dvl1	mouse	ENSMUSG00000029071	protein_coding	Dvl1	source target label; RNA is not protein-editing validation
4-4_G05_PDLIM2	PDLIM2	plate4	G05	Pdlim2	mouse	ENSMUSG00000022090	protein_coding	Pdlim2	source target label; RNA is not protein-editing validation
4-4_G06_USP6NL	USP6NL	plate4	G06	Usp6nl	mouse	ENSMUSG00000039046	protein_coding	Usp6nl	source target label; RNA is not protein-editing validation
4-4_G07_SPRY2	SPRY2	plate4	G07	Spry2	mouse	ENSMUSG00000022114	protein_coding	Spry2	source target label; RNA is not protein-editing validation
4-4_G08_LRG1	LRG1	plate4	G08	Lrg1	mouse	ENSMUSG00000037095	protein_coding	Lrg1	source target label; RNA is not protein-editing validation
4-4_G09_CSF1R	CSF1R	plate4	G09	Csf1r	mouse	ENSMUSG00000024621	protein_coding	Csf1r	source target label; RNA is not protein-editing validation
4-4_G10_TDTOMATO	TDTOMATO	plate4	G10						reference label; no S2 guide row
4-4_G11_TIGIT	TIGIT	plate4	G11	Tigit	mouse	ENSMUSG00000071552	protein_coding	Tigit	source target label; RNA is not protein-editing validation
