series	geo_sample	biosample	sra_sample	title	attribute_names	identity_fields
GSE307351	GSM9215859	SAMN50935941	SRS26383690	lung alveolar organoid, Met knockout, plate1-1 well B02	"[""batch"", ""cell_type"", ""collection_date"", ""genotype"", ""geo_loc_name"", ""source_name""]"	"[[""source_name"", ""lung mouse alveolar type 2 cells and primary human fibroblasts""], [""cell_type"", ""lung mouse alveolar type 2 cells and primary human fibroblasts""], [""genotype"", ""Met CRISPR/Cas9 knockout""], [""batch"", ""plate1-1""]]"
GSE307351	GSM9215860	SAMN50935940	SRS26383691	lung alveolar organoid, Glis3 knockout, plate1-1 well B03	"[""batch"", ""cell_type"", ""collection_date"", ""genotype"", ""geo_loc_name"", ""source_name""]"	"[[""source_name"", ""lung mouse alveolar type 2 cells and primary human fibroblasts""], [""cell_type"", ""lung mouse alveolar type 2 cells and primary human fibroblasts""], [""genotype"", ""Glis3 CRISPR/Cas9 knockout""], [""batch"", ""plate1-1""]]"
GSE307351	GSM9215861	SAMN50935939	SRS26383692	lung alveolar organoid, Tigit knockout, plate1-1 well B04	"[""batch"", ""cell_type"", ""collection_date"", ""genotype"", ""geo_loc_name"", ""source_name""]"	"[[""source_name"", ""lung mouse alveolar type 2 cells and primary human fibroblasts""], [""cell_type"", ""lung mouse alveolar type 2 cells and primary human fibroblasts""], [""genotype"", ""Tigit CRISPR/Cas9 knockout""], [""batch"", ""plate1-1""]]"
GSE307351	GSM9215862	SAMN50935938	SRS26383689	lung alveolar organoid, Tdtomato knockout, plate1-1 well B05	"[""batch"", ""cell_type"", ""collection_date"", ""genotype"", ""geo_loc_name"", ""source_name""]"	"[[""source_name"", ""lung mouse alveolar type 2 cells and primary human fibroblasts""], [""cell_type"", ""lung mouse alveolar type 2 cells and primary human fibroblasts""], [""genotype"", ""Tdtomato CRISPR/Cas9 knockout""], [""batch"", ""plate1-1""]]"
GSE307351	GSM9215863	SAMN50935937	SRS26383694	lung alveolar organoid, Trp53 knockout, plate1-1 well B06	"[""batch"", ""cell_type"", ""collection_date"", ""genotype"", ""geo_loc_name"", ""source_name""]"	"[[""source_name"", ""lung mouse alveolar type 2 cells and primary human fibroblasts""], [""cell_type"", ""lung mouse alveolar type 2 cells and primary human fibroblasts""], [""genotype"", ""Trp53 CRISPR/Cas9 knockout""], [""batch"", ""plate1-1""]]"
GSE307351	GSM9215864	SAMN50935936	SRS26383693	lung alveolar organoid, Acp6 knockout, plate1-1 well B07	"[""batch"", ""cell_type"", ""collection_date"", ""genotype"", ""geo_loc_name"", ""source_name""]"	"[[""source_name"", ""lung mouse alveolar type 2 cells and primary human fibroblasts""], [""cell_type"", ""lung mouse alveolar type 2 cells and primary human fibroblasts""], [""genotype"", ""Acp6 CRISPR/Cas9 knockout""], [""batch"", ""plate1-1""]]"
GSE307351	GSM9215865	SAMN50935935	SRS26383695	lung alveolar organoid, Pink1 knockout, plate1-1 well B08	"[""batch"", ""cell_type"", ""collection_date"", ""genotype"", ""geo_loc_name"", ""source_name""]"	"[[""source_name"", ""lung mouse alveolar type 2 cells and primary human fibroblasts""], [""cell_type"", ""lung mouse alveolar type 2 cells and primary human fibroblasts""], [""genotype"", ""Pink1 CRISPR/Cas9 knockout""], [""batch"", ""plate1-1""]]"
GSE307351	GSM9215866	SAMN50935934	SRS26383696	lung alveolar organoid, Eif2ak3 knockout, plate1-1 well B09	"[""batch"", ""cell_type"", ""collection_date"", ""genotype"", ""geo_loc_name"", ""source_name""]"	"[[""source_name"", ""lung mouse alveolar type 2 cells and primary human fibroblasts""], [""cell_type"", ""lung mouse alveolar type 2 cells and primary human fibroblasts""], [""genotype"", ""Eif2ak3 CRISPR/Cas9 knockout""], [""batch"", ""plate1-1""]]"
GSE307351	GSM9215867	SAMN50935933	SRS26383698	lung alveolar organoid, Ccbe1 knockout, plate1-1 well B10	"[""batch"", ""cell_type"", ""collection_date"", ""genotype"", ""geo_loc_name"", ""source_name""]"	"[[""source_name"", ""lung mouse alveolar type 2 cells and primary human fibroblasts""], [""cell_type"", ""lung mouse alveolar type 2 cells and primary human fibroblasts""], [""genotype"", ""Ccbe1 CRISPR/Cas9 knockout""], [""batch"", ""plate1-1""]]"
GSE307351	GSM9215868	SAMN50935932	SRS26383697	lung alveolar organoid, Gdf2 knockout, plate1-1 well B11	"[""batch"", ""cell_type"", ""collection_date"", ""genotype"", ""geo_loc_name"", ""source_name""]"	"[[""source_name"", ""lung mouse alveolar type 2 cells and primary human fibroblasts""], [""cell_type"", ""lung mouse alveolar type 2 cells and primary human fibroblasts""], [""genotype"", ""Gdf2 CRISPR/Cas9 knockout""], [""batch"", ""plate1-1""]]"
GSE307351	GSM9215869	SAMN50935931	SRS26383699	lung alveolar organoid, Tead1 knockout, plate1-1 well C02	"[""batch"", ""cell_type"", ""collection_date"", ""genotype"", ""geo_loc_name"", ""source_name""]"	"[[""source_name"", ""lung mouse alveolar type 2 cells and primary human fibroblasts""], [""cell_type"", ""lung mouse alveolar type 2 cells and primary human fibroblasts""], [""genotype"", ""Tead1 CRISPR/Cas9 knockout""], [""batch"", ""plate1-1""]]"
GSE307351	GSM9215870	SAMN50935930	SRS26383702	lung alveolar organoid, Mecom knockout, plate1-1 well C03	"[""batch"", ""cell_type"", ""collection_date"", ""genotype"", ""geo_loc_name"", ""source_name""]"	"[[""source_name"", ""lung mouse alveolar type 2 cells and primary human fibroblasts""], [""cell_type"", ""lung mouse alveolar type 2 cells and primary human fibroblasts""], [""genotype"", ""Mecom CRISPR/Cas9 knockout""], [""batch"", ""plate1-1""]]"
GSE307351	GSM9215871	SAMN50935929	SRS26383700	lung alveolar organoid, Huwe1 knockout, plate1-1 well C04	"[""batch"", ""cell_type"", ""collection_date"", ""genotype"", ""geo_loc_name"", ""source_name""]"	"[[""source_name"", ""lung mouse alveolar type 2 cells and primary human fibroblasts""], [""cell_type"", ""lung mouse alveolar type 2 cells and primary human fibroblasts""], [""genotype"", ""Huwe1 CRISPR/Cas9 knockout""], [""batch"", ""plate1-1""]]"
GSE307351	GSM9215872	SAMN50935928	SRS26383701	lung alveolar organoid, Sftpd knockout, plate1-1 well C05	"[""batch"", ""cell_type"", ""collection_date"", ""genotype"", ""geo_loc_name"", ""source_name""]"	"[[""source_name"", ""lung mouse alveolar type 2 cells and primary human fibroblasts""], [""cell_type"", ""lung mouse alveolar type 2 cells and primary human fibroblasts""], [""genotype"", ""Sftpd CRISPR/Cas9 knockout""], [""batch"", ""plate1-1""]]"
GSE307351	GSM9215873	SAMN50935927	SRS26383703	lung alveolar organoid, Trp63 knockout, plate1-1 well C06	"[""batch"", ""cell_type"", ""collection_date"", ""genotype"", ""geo_loc_name"", ""source_name""]"	"[[""source_name"", ""lung mouse alveolar type 2 cells and primary human fibroblasts""], [""cell_type"", ""lung mouse alveolar type 2 cells and primary human fibroblasts""], [""genotype"", ""Trp63 CRISPR/Cas9 knockout""], [""batch"", ""plate1-1""]]"
GSE307351	GSM9215874	SAMN50935926	SRS26383704	lung alveolar organoid, Il1a knockout, plate1-1 well C07	"[""batch"", ""cell_type"", ""collection_date"", ""genotype"", ""geo_loc_name"", ""source_name""]"	"[[""source_name"", ""lung mouse alveolar type 2 cells and primary human fibroblasts""], [""cell_type"", ""lung mouse alveolar type 2 cells and primary human fibroblasts""], [""genotype"", ""Il1a CRISPR/Cas9 knockout""], [""batch"", ""plate1-1""]]"
GSE307351	GSM9215875	SAMN50935925	SRS26384007	lung alveolar organoid, Prkn knockout, plate1-1 well C08	"[""batch"", ""cell_type"", ""collection_date"", ""genotype"", ""geo_loc_name"", ""source_name""]"	"[[""source_name"", ""lung mouse alveolar type 2 cells and primary human fibroblasts""], [""cell_type"", ""lung mouse alveolar type 2 cells and primary human fibroblasts""], [""genotype"", ""Prkn CRISPR/Cas9 knockout""], [""batch"", ""plate1-1""]]"
GSE307351	GSM9215876	SAMN50935924	SRS26384010	lung alveolar organoid, Tigit knockout, plate1-1 well C09	"[""batch"", ""cell_type"", ""collection_date"", ""genotype"", ""geo_loc_name"", ""source_name""]"	"[[""source_name"", ""lung mouse alveolar type 2 cells and primary human fibroblasts""], [""cell_type"", ""lung mouse alveolar type 2 cells and primary human fibroblasts""], [""genotype"", ""Tigit CRISPR/Cas9 knockout""], [""batch"", ""plate1-1""]]"
GSE307351	GSM9215877	SAMN50935923	SRS26384009	lung alveolar organoid, Bmp10 knockout, plate1-1 well C10	"[""batch"", ""cell_type"", ""collection_date"", ""genotype"", ""geo_loc_name"", ""source_name""]"	"[[""source_name"", ""lung mouse alveolar type 2 cells and primary human fibroblasts""], [""cell_type"", ""lung mouse alveolar type 2 cells and primary human fibroblasts""], [""genotype"", ""Bmp10 CRISPR/Cas9 knockout""], [""batch"", ""plate1-1""]]"
GSE307351	GSM9215878	SAMN50935922	SRS26384011	lung alveolar organoid, Pla2g15 knockout, plate1-1 well C11	"[""batch"", ""cell_type"", ""collection_date"", ""genotype"", ""geo_loc_name"", ""source_name""]"	"[[""source_name"", ""lung mouse alveolar type 2 cells and primary human fibroblasts""], [""cell_type"", ""lung mouse alveolar type 2 cells and primary human fibroblasts""], [""genotype"", ""Pla2g15 CRISPR/Cas9 knockout""], [""batch"", ""plate1-1""]]"
GSE307351	GSM9215879	SAMN50935921	SRS26384012	lung alveolar organoid, Ror1 knockout, plate1-1 well D02	"[""batch"", ""cell_type"", ""collection_date"", ""genotype"", ""geo_loc_name"", ""source_name""]"	"[[""source_name"", ""lung mouse alveolar type 2 cells and primary human fibroblasts""], [""cell_type"", ""lung mouse alveolar type 2 cells and primary human fibroblasts""], [""genotype"", ""Ror1 CRISPR/Cas9 knockout""], [""batch"", ""plate1-1""]]"
GSE307351	GSM9215880	SAMN50935920	SRS26384013	lung alveolar organoid, Npnt knockout, plate1-1 well D03	"[""batch"", ""cell_type"", ""collection_date"", ""genotype"", ""geo_loc_name"", ""source_name""]"	"[[""source_name"", ""lung mouse alveolar type 2 cells and primary human fibroblasts""], [""cell_type"", ""lung mouse alveolar type 2 cells and primary human fibroblasts""], [""genotype"", ""Npnt CRISPR/Cas9 knockout""], [""batch"", ""plate1-1""]]"
GSE307351	GSM9215881	SAMN50935919	SRS26384015	lung alveolar organoid, Rnf43 knockout, plate1-1 well D04	"[""batch"", ""cell_type"", ""collection_date"", ""genotype"", ""geo_loc_name"", ""source_name""]"	"[[""source_name"", ""lung mouse alveolar type 2 cells and primary human fibroblasts""], [""cell_type"", ""lung mouse alveolar type 2 cells and primary human fibroblasts""], [""genotype"", ""Rnf43 CRISPR/Cas9 knockout""], [""batch"", ""plate1-1""]]"
GSE307351	GSM9215882	SAMN50935918	SRS26384014	lung alveolar organoid, Tns1 knockout, plate1-1 well D05	"[""batch"", ""cell_type"", ""collection_date"", ""genotype"", ""geo_loc_name"", ""source_name""]"	"[[""source_name"", ""lung mouse alveolar type 2 cells and primary human fibroblasts""], [""cell_type"", ""lung mouse alveolar type 2 cells and primary human fibroblasts""], [""genotype"", ""Tns1 CRISPR/Cas9 knockout""], [""batch"", ""plate1-1""]]"
GSE307351	GSM9215883	SAMN50935917	SRS26383944	lung alveolar organoid, Ttf1 knockout, plate1-1 well D06	"[""batch"", ""cell_type"", ""collection_date"", ""genotype"", ""geo_loc_name"", ""source_name""]"	"[[""source_name"", ""lung mouse alveolar type 2 cells and primary human fibroblasts""], [""cell_type"", ""lung mouse alveolar type 2 cells and primary human fibroblasts""], [""genotype"", ""Ttf1 CRISPR/Cas9 knockout""], [""batch"", ""plate1-1""]]"
GSE307351	GSM9215884	SAMN50935916	SRS26383945	lung alveolar organoid, Tigit knockout, plate1-1 well D07	"[""batch"", ""cell_type"", ""collection_date"", ""genotype"", ""geo_loc_name"", ""source_name""]"	"[[""source_name"", ""lung mouse alveolar type 2 cells and primary human fibroblasts""], [""cell_type"", ""lung mouse alveolar type 2 cells and primary human fibroblasts""], [""genotype"", ""Tigit CRISPR/Cas9 knockout""], [""batch"", ""plate1-1""]]"
GSE307351	GSM9215885	SAMN50935915	SRS26383947	lung alveolar organoid, Keap1 knockout, plate1-1 well D08	"[""batch"", ""cell_type"", ""collection_date"", ""genotype"", ""geo_loc_name"", ""source_name""]"	"[[""source_name"", ""lung mouse alveolar type 2 cells and primary human fibroblasts""], [""cell_type"", ""lung mouse alveolar type 2 cells and primary human fibroblasts""], [""genotype"", ""Keap1 CRISPR/Cas9 knockout""], [""batch"", ""plate1-1""]]"
GSE307351	GSM9215886	SAMN50935914	SRS26383948	lung alveolar organoid, Tfeb knockout, plate1-1 well D09	"[""batch"", ""cell_type"", ""collection_date"", ""genotype"", ""geo_loc_name"", ""source_name""]"	"[[""source_name"", ""lung mouse alveolar type 2 cells and primary human fibroblasts""], [""cell_type"", ""lung mouse alveolar type 2 cells and primary human fibroblasts""], [""genotype"", ""Tfeb CRISPR/Cas9 knockout""], [""batch"", ""plate1-1""]]"
GSE307351	GSM9215887	SAMN50935913	SRS26383949	lung alveolar organoid, Fgf7 knockout, plate1-1 well D10	"[""batch"", ""cell_type"", ""collection_date"", ""genotype"", ""geo_loc_name"", ""source_name""]"	"[[""source_name"", ""lung mouse alveolar type 2 cells and primary human fibroblasts""], [""cell_type"", ""lung mouse alveolar type 2 cells and primary human fibroblasts""], [""genotype"", ""Fgf7 CRISPR/Cas9 knockout""], [""batch"", ""plate1-1""]]"
GSE307351	GSM9215888	SAMN50935912	SRS26383602	lung alveolar organoid, Il1a knockout, plate1-1 well D11	"[""batch"", ""cell_type"", ""collection_date"", ""genotype"", ""geo_loc_name"", ""source_name""]"	"[[""source_name"", ""lung mouse alveolar type 2 cells and primary human fibroblasts""], [""cell_type"", ""lung mouse alveolar type 2 cells and primary human fibroblasts""], [""genotype"", ""Il1a CRISPR/Cas9 knockout""], [""batch"", ""plate1-1""]]"
GSE307351	GSM9215889	SAMN50935911	SRS26383603	lung alveolar organoid, Tfcp2l1 knockout, plate1-1 well E02	"[""batch"", ""cell_type"", ""collection_date"", ""genotype"", ""geo_loc_name"", ""source_name""]"	"[[""source_name"", ""lung mouse alveolar type 2 cells and primary human fibroblasts""], [""cell_type"", ""lung mouse alveolar type 2 cells and primary human fibroblasts""], [""genotype"", ""Tfcp2l1 CRISPR/Cas9 knockout""], [""batch"", ""plate1-1""]]"
GSE307351	GSM9215890	SAMN50935910	SRS26383604	lung alveolar organoid, Tigit knockout, plate1-1 well E03	"[""batch"", ""cell_type"", ""collection_date"", ""genotype"", ""geo_loc_name"", ""source_name""]"	"[[""source_name"", ""lung mouse alveolar type 2 cells and primary human fibroblasts""], [""cell_type"", ""lung mouse alveolar type 2 cells and primary human fibroblasts""], [""genotype"", ""Tigit CRISPR/Cas9 knockout""], [""batch"", ""plate1-1""]]"
GSE307351	GSM9215891	SAMN50935909	SRS26384448	lung alveolar organoid, Sox4 knockout, plate1-1 well E04	"[""batch"", ""cell_type"", ""collection_date"", ""genotype"", ""geo_loc_name"", ""source_name""]"	"[[""source_name"", ""lung mouse alveolar type 2 cells and primary human fibroblasts""], [""cell_type"", ""lung mouse alveolar type 2 cells and primary human fibroblasts""], [""genotype"", ""Sox4 CRISPR/Cas9 knockout""], [""batch"", ""plate1-1""]]"
GSE307351	GSM9215892	SAMN50935908	SRS26384445	lung alveolar organoid, Twist1 knockout, plate1-1 well E05	"[""batch"", ""cell_type"", ""collection_date"", ""genotype"", ""geo_loc_name"", ""source_name""]"	"[[""source_name"", ""lung mouse alveolar type 2 cells and primary human fibroblasts""], [""cell_type"", ""lung mouse alveolar type 2 cells and primary human fibroblasts""], [""genotype"", ""Twist1 CRISPR/Cas9 knockout""], [""batch"", ""plate1-1""]]"
GSE307351	GSM9215893	SAMN50935907	SRS26384447	lung alveolar organoid, Nkx21 knockout, plate1-1 well E06	"[""batch"", ""cell_type"", ""collection_date"", ""genotype"", ""geo_loc_name"", ""source_name""]"	"[[""source_name"", ""lung mouse alveolar type 2 cells and primary human fibroblasts""], [""cell_type"", ""lung mouse alveolar type 2 cells and primary human fibroblasts""], [""genotype"", ""Nkx21 CRISPR/Cas9 knockout""], [""batch"", ""plate1-1""]]"
GSE307351	GSM9215894	SAMN50935906	SRS26384450	lung alveolar organoid, Usp30 knockout, plate1-1 well E07	"[""batch"", ""cell_type"", ""collection_date"", ""genotype"", ""geo_loc_name"", ""source_name""]"	"[[""source_name"", ""lung mouse alveolar type 2 cells and primary human fibroblasts""], [""cell_type"", ""lung mouse alveolar type 2 cells and primary human fibroblasts""], [""genotype"", ""Usp30 CRISPR/Cas9 knockout""], [""batch"", ""plate1-1""]]"
GSE307351	GSM9215895	SAMN50935905	SRS26384449	lung alveolar organoid, Nfe2l2 knockout, plate1-1 well E08	"[""batch"", ""cell_type"", ""collection_date"", ""genotype"", ""geo_loc_name"", ""source_name""]"	"[[""source_name"", ""lung mouse alveolar type 2 cells and primary human fibroblasts""], [""cell_type"", ""lung mouse alveolar type 2 cells and primary human fibroblasts""], [""genotype"", ""Nfe2l2 CRISPR/Cas9 knockout""], [""batch"", ""plate1-1""]]"
GSE307351	GSM9215896	SAMN50935904	SRS26384452	lung alveolar organoid, Ulk1 knockout, plate1-1 well E09	"[""batch"", ""cell_type"", ""collection_date"", ""genotype"", ""geo_loc_name"", ""source_name""]"	"[[""source_name"", ""lung mouse alveolar type 2 cells and primary human fibroblasts""], [""cell_type"", ""lung mouse alveolar type 2 cells and primary human fibroblasts""], [""genotype"", ""Ulk1 CRISPR/Cas9 knockout""], [""batch"", ""plate1-1""]]"
GSE307351	GSM9215897	SAMN50935903	SRS26384451	lung alveolar organoid, Inhba knockout, plate1-1 well E10	"[""batch"", ""cell_type"", ""collection_date"", ""genotype"", ""geo_loc_name"", ""source_name""]"	"[[""source_name"", ""lung mouse alveolar type 2 cells and primary human fibroblasts""], [""cell_type"", ""lung mouse alveolar type 2 cells and primary human fibroblasts""], [""genotype"", ""Inhba CRISPR/Cas9 knockout""], [""batch"", ""plate1-1""]]"
GSE307351	GSM9215898	SAMN50935902	SRS26384453	lung alveolar organoid, Manf knockout, plate1-1 well E11	"[""batch"", ""cell_type"", ""collection_date"", ""genotype"", ""geo_loc_name"", ""source_name""]"	"[[""source_name"", ""lung mouse alveolar type 2 cells and primary human fibroblasts""], [""cell_type"", ""lung mouse alveolar type 2 cells and primary human fibroblasts""], [""genotype"", ""Manf CRISPR/Cas9 knockout""], [""batch"", ""plate1-1""]]"
GSE307351	GSM9215899	SAMN50935901	SRS26383706	lung alveolar organoid, Tigit knockout, plate1-1 well F02	"[""batch"", ""cell_type"", ""collection_date"", ""genotype"", ""geo_loc_name"", ""source_name""]"	"[[""source_name"", ""lung mouse alveolar type 2 cells and primary human fibroblasts""], [""cell_type"", ""lung mouse alveolar type 2 cells and primary human fibroblasts""], [""genotype"", ""Tigit CRISPR/Cas9 knockout""], [""batch"", ""plate1-1""]]"
GSE307351	GSM9215900	SAMN50935900	SRS26383705	lung alveolar organoid, Rbms3 knockout, plate1-1 well F03	"[""batch"", ""cell_type"", ""collection_date"", ""genotype"", ""geo_loc_name"", ""source_name""]"	"[[""source_name"", ""lung mouse alveolar type 2 cells and primary human fibroblasts""], [""cell_type"", ""lung mouse alveolar type 2 cells and primary human fibroblasts""], [""genotype"", ""Rbms3 CRISPR/Cas9 knockout""], [""batch"", ""plate1-1""]]"
GSE307351	GSM9215901	SAMN50935899	SRS26383707	lung alveolar organoid, Ager knockout, plate1-1 well F04	"[""batch"", ""cell_type"", ""collection_date"", ""genotype"", ""geo_loc_name"", ""source_name""]"	"[[""source_name"", ""lung mouse alveolar type 2 cells and primary human fibroblasts""], [""cell_type"", ""lung mouse alveolar type 2 cells and primary human fibroblasts""], [""genotype"", ""Ager CRISPR/Cas9 knockout""], [""batch"", ""plate1-1""]]"
GSE307351	GSM9215902	SAMN50935898	SRS26383709	lung alveolar organoid, Terf1 knockout, plate1-1 well F05	"[""batch"", ""cell_type"", ""collection_date"", ""genotype"", ""geo_loc_name"", ""source_name""]"	"[[""source_name"", ""lung mouse alveolar type 2 cells and primary human fibroblasts""], [""cell_type"", ""lung mouse alveolar type 2 cells and primary human fibroblasts""], [""genotype"", ""Terf1 CRISPR/Cas9 knockout""], [""batch"", ""plate1-1""]]"
GSE307351	GSM9215903	SAMN50935897	SRS26383708	lung alveolar organoid, Fam13a knockout, plate1-1 well F06	"[""batch"", ""cell_type"", ""collection_date"", ""genotype"", ""geo_loc_name"", ""source_name""]"	"[[""source_name"", ""lung mouse alveolar type 2 cells and primary human fibroblasts""], [""cell_type"", ""lung mouse alveolar type 2 cells and primary human fibroblasts""], [""genotype"", ""Fam13a CRISPR/Cas9 knockout""], [""batch"", ""plate1-1""]]"
GSE307351	GSM9215904	SAMN50935896	SRS26383711	lung alveolar organoid, Nr1d1 knockout, plate1-1 well F07	"[""batch"", ""cell_type"", ""collection_date"", ""genotype"", ""geo_loc_name"", ""source_name""]"	"[[""source_name"", ""lung mouse alveolar type 2 cells and primary human fibroblasts""], [""cell_type"", ""lung mouse alveolar type 2 cells and primary human fibroblasts""], [""genotype"", ""Nr1d1 CRISPR/Cas9 knockout""], [""batch"", ""plate1-1""]]"
GSE307351	GSM9215905	SAMN50935895	SRS26383710	lung alveolar organoid, Eif2b1 knockout, plate1-1 well F08	"[""batch"", ""cell_type"", ""collection_date"", ""genotype"", ""geo_loc_name"", ""source_name""]"	"[[""source_name"", ""lung mouse alveolar type 2 cells and primary human fibroblasts""], [""cell_type"", ""lung mouse alveolar type 2 cells and primary human fibroblasts""], [""genotype"", ""Eif2b1 CRISPR/Cas9 knockout""], [""batch"", ""plate1-1""]]"
GSE307351	GSM9215906	SAMN50935894	SRS26383713	lung alveolar organoid, Atg16l1 knockout, plate1-1 well F09	"[""batch"", ""cell_type"", ""collection_date"", ""genotype"", ""geo_loc_name"", ""source_name""]"	"[[""source_name"", ""lung mouse alveolar type 2 cells and primary human fibroblasts""], [""cell_type"", ""lung mouse alveolar type 2 cells and primary human fibroblasts""], [""genotype"", ""Atg16l1 CRISPR/Cas9 knockout""], [""batch"", ""plate1-1""]]"
GSE307351	GSM9215907	SAMN50935893	SRS26384017	lung alveolar organoid, Xbp1 knockout, plate1-1 well F10	"[""batch"", ""cell_type"", ""collection_date"", ""genotype"", ""geo_loc_name"", ""source_name""]"	"[[""source_name"", ""lung mouse alveolar type 2 cells and primary human fibroblasts""], [""cell_type"", ""lung mouse alveolar type 2 cells and primary human fibroblasts""], [""genotype"", ""Xbp1 CRISPR/Cas9 knockout""], [""batch"", ""plate1-1""]]"
GSE307351	GSM9215908	SAMN50935892	SRS26384019	lung alveolar organoid, Rad21 knockout, plate1-1 well F11	"[""batch"", ""cell_type"", ""collection_date"", ""genotype"", ""geo_loc_name"", ""source_name""]"	"[[""source_name"", ""lung mouse alveolar type 2 cells and primary human fibroblasts""], [""cell_type"", ""lung mouse alveolar type 2 cells and primary human fibroblasts""], [""genotype"", ""Rad21 CRISPR/Cas9 knockout""], [""batch"", ""plate1-1""]]"
GSE307351	GSM9215909	SAMN50935891	SRS26384016	lung alveolar organoid, Pid1 knockout, plate1-1 well G02	"[""batch"", ""cell_type"", ""collection_date"", ""genotype"", ""geo_loc_name"", ""source_name""]"	"[[""source_name"", ""lung mouse alveolar type 2 cells and primary human fibroblasts""], [""cell_type"", ""lung mouse alveolar type 2 cells and primary human fibroblasts""], [""genotype"", ""Pid1 CRISPR/Cas9 knockout""], [""batch"", ""plate1-1""]]"
GSE307351	GSM9215910	SAMN50935890	SRS26384018	lung alveolar organoid, Serpina1a knockout, plate1-1 well G03	"[""batch"", ""cell_type"", ""collection_date"", ""genotype"", ""geo_loc_name"", ""source_name""]"	"[[""source_name"", ""lung mouse alveolar type 2 cells and primary human fibroblasts""], [""cell_type"", ""lung mouse alveolar type 2 cells and primary human fibroblasts""], [""genotype"", ""Serpina1a CRISPR/Cas9 knockout""], [""batch"", ""plate1-1""]]"
GSE307351	GSM9215911	SAMN50935889	SRS26384020	lung alveolar organoid, Cacna2d3 knockout, plate1-1 well G04	"[""batch"", ""cell_type"", ""collection_date"", ""genotype"", ""geo_loc_name"", ""source_name""]"	"[[""source_name"", ""lung mouse alveolar type 2 cells and primary human fibroblasts""], [""cell_type"", ""lung mouse alveolar type 2 cells and primary human fibroblasts""], [""genotype"", ""Cacna2d3 CRISPR/Cas9 knockout""], [""batch"", ""plate1-1""]]"
GSE307351	GSM9215912	SAMN50935888	SRS26384022	lung alveolar organoid, Chrm3 knockout, plate1-1 well G05	"[""batch"", ""cell_type"", ""collection_date"", ""genotype"", ""geo_loc_name"", ""source_name""]"	"[[""source_name"", ""lung mouse alveolar type 2 cells and primary human fibroblasts""], [""cell_type"", ""lung mouse alveolar type 2 cells and primary human fibroblasts""], [""genotype"", ""Chrm3 CRISPR/Cas9 knockout""], [""batch"", ""plate1-1""]]"
GSE307351	GSM9215913	SAMN50935887	SRS26384023	lung alveolar organoid, Hhip knockout, plate1-1 well G06	"[""batch"", ""cell_type"", ""collection_date"", ""genotype"", ""geo_loc_name"", ""source_name""]"	"[[""source_name"", ""lung mouse alveolar type 2 cells and primary human fibroblasts""], [""cell_type"", ""lung mouse alveolar type 2 cells and primary human fibroblasts""], [""genotype"", ""Hhip CRISPR/Cas9 knockout""], [""batch"", ""plate1-1""]]"
GSE307351	GSM9215914	SAMN50935886	SRS26384021	lung alveolar organoid, Nr1d2 knockout, plate1-1 well G07	"[""batch"", ""cell_type"", ""collection_date"", ""genotype"", ""geo_loc_name"", ""source_name""]"	"[[""source_name"", ""lung mouse alveolar type 2 cells and primary human fibroblasts""], [""cell_type"", ""lung mouse alveolar type 2 cells and primary human fibroblasts""], [""genotype"", ""Nr1d2 CRISPR/Cas9 knockout""], [""batch"", ""plate1-1""]]"
GSE307351	GSM9215915	SAMN50935885	SRS26383605	lung alveolar organoid, Ern1 knockout, plate1-1 well G08	"[""batch"", ""cell_type"", ""collection_date"", ""genotype"", ""geo_loc_name"", ""source_name""]"	"[[""source_name"", ""lung mouse alveolar type 2 cells and primary human fibroblasts""], [""cell_type"", ""lung mouse alveolar type 2 cells and primary human fibroblasts""], [""genotype"", ""Ern1 CRISPR/Cas9 knockout""], [""batch"", ""plate1-1""]]"
GSE307351	GSM9215916	SAMN50935884	SRS26383606	lung alveolar organoid, Becn1 knockout, plate1-1 well G09	"[""batch"", ""cell_type"", ""collection_date"", ""genotype"", ""geo_loc_name"", ""source_name""]"	"[[""source_name"", ""lung mouse alveolar type 2 cells and primary human fibroblasts""], [""cell_type"", ""lung mouse alveolar type 2 cells and primary human fibroblasts""], [""genotype"", ""Becn1 CRISPR/Cas9 knockout""], [""batch"", ""plate1-1""]]"
GSE307351	GSM9215917	SAMN50935883	SRS26383607	lung alveolar organoid, Tdtomato knockout, plate1-1 well G10	"[""batch"", ""cell_type"", ""collection_date"", ""genotype"", ""geo_loc_name"", ""source_name""]"	"[[""source_name"", ""lung mouse alveolar type 2 cells and primary human fibroblasts""], [""cell_type"", ""lung mouse alveolar type 2 cells and primary human fibroblasts""], [""genotype"", ""Tdtomato CRISPR/Cas9 knockout""], [""batch"", ""plate1-1""]]"
GSE307351	GSM9215918	SAMN50935882	SRS26383608	lung alveolar organoid, Tigit knockout, plate1-1 well G11	"[""batch"", ""cell_type"", ""collection_date"", ""genotype"", ""geo_loc_name"", ""source_name""]"	"[[""source_name"", ""lung mouse alveolar type 2 cells and primary human fibroblasts""], [""cell_type"", ""lung mouse alveolar type 2 cells and primary human fibroblasts""], [""genotype"", ""Tigit CRISPR/Cas9 knockout""], [""batch"", ""plate1-1""]]"
GSE307351	GSM9215919	SAMN50935881	SRS26383609	lung alveolar organoid, Met knockout, plate1-2 well B02	"[""batch"", ""cell_type"", ""collection_date"", ""genotype"", ""geo_loc_name"", ""source_name""]"	"[[""source_name"", ""lung mouse alveolar type 2 cells and primary human fibroblasts""], [""cell_type"", ""lung mouse alveolar type 2 cells and primary human fibroblasts""], [""genotype"", ""Met CRISPR/Cas9 knockout""], [""batch"", ""plate1-2""]]"
GSE307351	GSM9215920	SAMN50935880	SRS26383610	lung alveolar organoid, Glis3 knockout, plate1-2 well B03	"[""batch"", ""cell_type"", ""collection_date"", ""genotype"", ""geo_loc_name"", ""source_name""]"	"[[""source_name"", ""lung mouse alveolar type 2 cells and primary human fibroblasts""], [""cell_type"", ""lung mouse alveolar type 2 cells and primary human fibroblasts""], [""genotype"", ""Glis3 CRISPR/Cas9 knockout""], [""batch"", ""plate1-2""]]"
GSE307351	GSM9215921	SAMN50935879	SRS26383611	lung alveolar organoid, Tdtomato knockout, plate1-2 well B05	"[""batch"", ""cell_type"", ""collection_date"", ""genotype"", ""geo_loc_name"", ""source_name""]"	"[[""source_name"", ""lung mouse alveolar type 2 cells and primary human fibroblasts""], [""cell_type"", ""lung mouse alveolar type 2 cells and primary human fibroblasts""], [""genotype"", ""Tdtomato CRISPR/Cas9 knockout""], [""batch"", ""plate1-2""]]"
GSE307351	GSM9215922	SAMN50935878	SRS26383612	lung alveolar organoid, Trp53 knockout, plate1-2 well B06	"[""batch"", ""cell_type"", ""collection_date"", ""genotype"", ""geo_loc_name"", ""source_name""]"	"[[""source_name"", ""lung mouse alveolar type 2 cells and primary human fibroblasts""], [""cell_type"", ""lung mouse alveolar type 2 cells and primary human fibroblasts""], [""genotype"", ""Trp53 CRISPR/Cas9 knockout""], [""batch"", ""plate1-2""]]"
GSE307351	GSM9215923	SAMN50935877	SRS26384455	lung alveolar organoid, Acp6 knockout, plate1-2 well B07	"[""batch"", ""cell_type"", ""collection_date"", ""genotype"", ""geo_loc_name"", ""source_name""]"	"[[""source_name"", ""lung mouse alveolar type 2 cells and primary human fibroblasts""], [""cell_type"", ""lung mouse alveolar type 2 cells and primary human fibroblasts""], [""genotype"", ""Acp6 CRISPR/Cas9 knockout""], [""batch"", ""plate1-2""]]"
GSE307351	GSM9215924	SAMN50935876	SRS26384454	lung alveolar organoid, Pink1 knockout, plate1-2 well B08	"[""batch"", ""cell_type"", ""collection_date"", ""genotype"", ""geo_loc_name"", ""source_name""]"	"[[""source_name"", ""lung mouse alveolar type 2 cells and primary human fibroblasts""], [""cell_type"", ""lung mouse alveolar type 2 cells and primary human fibroblasts""], [""genotype"", ""Pink1 CRISPR/Cas9 knockout""], [""batch"", ""plate1-2""]]"
GSE307351	GSM9215925	SAMN50935875	SRS26384457	lung alveolar organoid, Eif2ak3 knockout, plate1-2 well B09	"[""batch"", ""cell_type"", ""collection_date"", ""genotype"", ""geo_loc_name"", ""source_name""]"	"[[""source_name"", ""lung mouse alveolar type 2 cells and primary human fibroblasts""], [""cell_type"", ""lung mouse alveolar type 2 cells and primary human fibroblasts""], [""genotype"", ""Eif2ak3 CRISPR/Cas9 knockout""], [""batch"", ""plate1-2""]]"
GSE307351	GSM9215926	SAMN50935874	SRS26384456	lung alveolar organoid, Ccbe1 knockout, plate1-2 well B10	"[""batch"", ""cell_type"", ""collection_date"", ""genotype"", ""geo_loc_name"", ""source_name""]"	"[[""source_name"", ""lung mouse alveolar type 2 cells and primary human fibroblasts""], [""cell_type"", ""lung mouse alveolar type 2 cells and primary human fibroblasts""], [""genotype"", ""Ccbe1 CRISPR/Cas9 knockout""], [""batch"", ""plate1-2""]]"
GSE307351	GSM9215927	SAMN50935873	SRS26384458	lung alveolar organoid, Gdf2 knockout, plate1-2 well B11	"[""batch"", ""cell_type"", ""collection_date"", ""genotype"", ""geo_loc_name"", ""source_name""]"	"[[""source_name"", ""lung mouse alveolar type 2 cells and primary human fibroblasts""], [""cell_type"", ""lung mouse alveolar type 2 cells and primary human fibroblasts""], [""genotype"", ""Gdf2 CRISPR/Cas9 knockout""], [""batch"", ""plate1-2""]]"
GSE307351	GSM9215928	SAMN50935872	SRS26384459	lung alveolar organoid, Tead1 knockout, plate1-2 well C02	"[""batch"", ""cell_type"", ""collection_date"", ""genotype"", ""geo_loc_name"", ""source_name""]"	"[[""source_name"", ""lung mouse alveolar type 2 cells and primary human fibroblasts""], [""cell_type"", ""lung mouse alveolar type 2 cells and primary human fibroblasts""], [""genotype"", ""Tead1 CRISPR/Cas9 knockout""], [""batch"", ""plate1-2""]]"
GSE307351	GSM9215929	SAMN50935871	SRS26384461	lung alveolar organoid, Mecom knockout, plate1-2 well C03	"[""batch"", ""cell_type"", ""collection_date"", ""genotype"", ""geo_loc_name"", ""source_name""]"	"[[""source_name"", ""lung mouse alveolar type 2 cells and primary human fibroblasts""], [""cell_type"", ""lung mouse alveolar type 2 cells and primary human fibroblasts""], [""genotype"", ""Mecom CRISPR/Cas9 knockout""], [""batch"", ""plate1-2""]]"
GSE307351	GSM9215930	SAMN50935870	SRS26384462	lung alveolar organoid, Huwe1 knockout, plate1-2 well C04	"[""batch"", ""cell_type"", ""collection_date"", ""genotype"", ""geo_loc_name"", ""source_name""]"	"[[""source_name"", ""lung mouse alveolar type 2 cells and primary human fibroblasts""], [""cell_type"", ""lung mouse alveolar type 2 cells and primary human fibroblasts""], [""genotype"", ""Huwe1 CRISPR/Cas9 knockout""], [""batch"", ""plate1-2""]]"
GSE307351	GSM9215931	SAMN50935869	SRS26383712	lung alveolar organoid, Sftpd knockout, plate1-2 well C05	"[""batch"", ""cell_type"", ""collection_date"", ""genotype"", ""geo_loc_name"", ""source_name""]"	"[[""source_name"", ""lung mouse alveolar type 2 cells and primary human fibroblasts""], [""cell_type"", ""lung mouse alveolar type 2 cells and primary human fibroblasts""], [""genotype"", ""Sftpd CRISPR/Cas9 knockout""], [""batch"", ""plate1-2""]]"
GSE307351	GSM9215932	SAMN50935868	SRS26383714	lung alveolar organoid, Trp63 knockout, plate1-2 well C06	"[""batch"", ""cell_type"", ""collection_date"", ""genotype"", ""geo_loc_name"", ""source_name""]"	"[[""source_name"", ""lung mouse alveolar type 2 cells and primary human fibroblasts""], [""cell_type"", ""lung mouse alveolar type 2 cells and primary human fibroblasts""], [""genotype"", ""Trp63 CRISPR/Cas9 knockout""], [""batch"", ""plate1-2""]]"
GSE307351	GSM9215933	SAMN50935867	SRS26383715	lung alveolar organoid, Il1a knockout, plate1-2 well C07	"[""batch"", ""cell_type"", ""collection_date"", ""genotype"", ""geo_loc_name"", ""source_name""]"	"[[""source_name"", ""lung mouse alveolar type 2 cells and primary human fibroblasts""], [""cell_type"", ""lung mouse alveolar type 2 cells and primary human fibroblasts""], [""genotype"", ""Il1a CRISPR/Cas9 knockout""], [""batch"", ""plate1-2""]]"
GSE307351	GSM9215934	SAMN50935866	SRS26383716	lung alveolar organoid, Prkn knockout, plate1-2 well C08	"[""batch"", ""cell_type"", ""collection_date"", ""genotype"", ""geo_loc_name"", ""source_name""]"	"[[""source_name"", ""lung mouse alveolar type 2 cells and primary human fibroblasts""], [""cell_type"", ""lung mouse alveolar type 2 cells and primary human fibroblasts""], [""genotype"", ""Prkn CRISPR/Cas9 knockout""], [""batch"", ""plate1-2""]]"
GSE307351	GSM9215935	SAMN50935865	SRS26383719	lung alveolar organoid, Tigit knockout, plate1-2 well C09	"[""batch"", ""cell_type"", ""collection_date"", ""genotype"", ""geo_loc_name"", ""source_name""]"	"[[""source_name"", ""lung mouse alveolar type 2 cells and primary human fibroblasts""], [""cell_type"", ""lung mouse alveolar type 2 cells and primary human fibroblasts""], [""genotype"", ""Tigit CRISPR/Cas9 knockout""], [""batch"", ""plate1-2""]]"
GSE307351	GSM9215936	SAMN50935864	SRS26383717	lung alveolar organoid, Bmp10 knockout, plate1-2 well C10	"[""batch"", ""cell_type"", ""collection_date"", ""genotype"", ""geo_loc_name"", ""source_name""]"	"[[""source_name"", ""lung mouse alveolar type 2 cells and primary human fibroblasts""], [""cell_type"", ""lung mouse alveolar type 2 cells and primary human fibroblasts""], [""genotype"", ""Bmp10 CRISPR/Cas9 knockout""], [""batch"", ""plate1-2""]]"
GSE307351	GSM9215937	SAMN50935863	SRS26383720	lung alveolar organoid, Pla2g15 knockout, plate1-2 well C11	"[""batch"", ""cell_type"", ""collection_date"", ""genotype"", ""geo_loc_name"", ""source_name""]"	"[[""source_name"", ""lung mouse alveolar type 2 cells and primary human fibroblasts""], [""cell_type"", ""lung mouse alveolar type 2 cells and primary human fibroblasts""], [""genotype"", ""Pla2g15 CRISPR/Cas9 knockout""], [""batch"", ""plate1-2""]]"
GSE307351	GSM9215938	SAMN50935862	SRS26383718	lung alveolar organoid, Ror1 knockout, plate1-2 well D02	"[""batch"", ""cell_type"", ""collection_date"", ""genotype"", ""geo_loc_name"", ""source_name""]"	"[[""source_name"", ""lung mouse alveolar type 2 cells and primary human fibroblasts""], [""cell_type"", ""lung mouse alveolar type 2 cells and primary human fibroblasts""], [""genotype"", ""Ror1 CRISPR/Cas9 knockout""], [""batch"", ""plate1-2""]]"
GSE307351	GSM9215939	SAMN50935861	SRS26384024	lung alveolar organoid, Npnt knockout, plate1-2 well D03	"[""batch"", ""cell_type"", ""collection_date"", ""genotype"", ""geo_loc_name"", ""source_name""]"	"[[""source_name"", ""lung mouse alveolar type 2 cells and primary human fibroblasts""], [""cell_type"", ""lung mouse alveolar type 2 cells and primary human fibroblasts""], [""genotype"", ""Npnt CRISPR/Cas9 knockout""], [""batch"", ""plate1-2""]]"
GSE307351	GSM9215940	SAMN50935860	SRS26384027	lung alveolar organoid, Rnf43 knockout, plate1-2 well D04	"[""batch"", ""cell_type"", ""collection_date"", ""genotype"", ""geo_loc_name"", ""source_name""]"	"[[""source_name"", ""lung mouse alveolar type 2 cells and primary human fibroblasts""], [""cell_type"", ""lung mouse alveolar type 2 cells and primary human fibroblasts""], [""genotype"", ""Rnf43 CRISPR/Cas9 knockout""], [""batch"", ""plate1-2""]]"
GSE307351	GSM9215941	SAMN50935859	SRS26384025	lung alveolar organoid, Tns1 knockout, plate1-2 well D05	"[""batch"", ""cell_type"", ""collection_date"", ""genotype"", ""geo_loc_name"", ""source_name""]"	"[[""source_name"", ""lung mouse alveolar type 2 cells and primary human fibroblasts""], [""cell_type"", ""lung mouse alveolar type 2 cells and primary human fibroblasts""], [""genotype"", ""Tns1 CRISPR/Cas9 knockout""], [""batch"", ""plate1-2""]]"
GSE307351	GSM9215942	SAMN50935858	SRS26384026	lung alveolar organoid, Ttf1 knockout, plate1-2 well D06	"[""batch"", ""cell_type"", ""collection_date"", ""genotype"", ""geo_loc_name"", ""source_name""]"	"[[""source_name"", ""lung mouse alveolar type 2 cells and primary human fibroblasts""], [""cell_type"", ""lung mouse alveolar type 2 cells and primary human fibroblasts""], [""genotype"", ""Ttf1 CRISPR/Cas9 knockout""], [""batch"", ""plate1-2""]]"
GSE307351	GSM9215943	SAMN50935857	SRS26384029	lung alveolar organoid, Tigit knockout, plate1-2 well D07	"[""batch"", ""cell_type"", ""collection_date"", ""genotype"", ""geo_loc_name"", ""source_name""]"	"[[""source_name"", ""lung mouse alveolar type 2 cells and primary human fibroblasts""], [""cell_type"", ""lung mouse alveolar type 2 cells and primary human fibroblasts""], [""genotype"", ""Tigit CRISPR/Cas9 knockout""], [""batch"", ""plate1-2""]]"
GSE307351	GSM9215944	SAMN50935856	SRS26384028	lung alveolar organoid, Keap1 knockout, plate1-2 well D08	"[""batch"", ""cell_type"", ""collection_date"", ""genotype"", ""geo_loc_name"", ""source_name""]"	"[[""source_name"", ""lung mouse alveolar type 2 cells and primary human fibroblasts""], [""cell_type"", ""lung mouse alveolar type 2 cells and primary human fibroblasts""], [""genotype"", ""Keap1 CRISPR/Cas9 knockout""], [""batch"", ""plate1-2""]]"
GSE307351	GSM9215945	SAMN50935855	SRS26384030	lung alveolar organoid, Tfeb knockout, plate1-2 well D09	"[""batch"", ""cell_type"", ""collection_date"", ""genotype"", ""geo_loc_name"", ""source_name""]"	"[[""source_name"", ""lung mouse alveolar type 2 cells and primary human fibroblasts""], [""cell_type"", ""lung mouse alveolar type 2 cells and primary human fibroblasts""], [""genotype"", ""Tfeb CRISPR/Cas9 knockout""], [""batch"", ""plate1-2""]]"
GSE307351	GSM9215946	SAMN50935854	SRS26384031	lung alveolar organoid, Fgf7 knockout, plate1-2 well D10	"[""batch"", ""cell_type"", ""collection_date"", ""genotype"", ""geo_loc_name"", ""source_name""]"	"[[""source_name"", ""lung mouse alveolar type 2 cells and primary human fibroblasts""], [""cell_type"", ""lung mouse alveolar type 2 cells and primary human fibroblasts""], [""genotype"", ""Fgf7 CRISPR/Cas9 knockout""], [""batch"", ""plate1-2""]]"
GSE307351	GSM9215947	SAMN50935853	SRS26383613	lung alveolar organoid, Il1a knockout, plate1-2 well D11	"[""batch"", ""cell_type"", ""collection_date"", ""genotype"", ""geo_loc_name"", ""source_name""]"	"[[""source_name"", ""lung mouse alveolar type 2 cells and primary human fibroblasts""], [""cell_type"", ""lung mouse alveolar type 2 cells and primary human fibroblasts""], [""genotype"", ""Il1a CRISPR/Cas9 knockout""], [""batch"", ""plate1-2""]]"
GSE307351	GSM9215948	SAMN50935852	SRS26383614	lung alveolar organoid, Tfcp2l1 knockout, plate1-2 well E02	"[""batch"", ""cell_type"", ""collection_date"", ""genotype"", ""geo_loc_name"", ""source_name""]"	"[[""source_name"", ""lung mouse alveolar type 2 cells and primary human fibroblasts""], [""cell_type"", ""lung mouse alveolar type 2 cells and primary human fibroblasts""], [""genotype"", ""Tfcp2l1 CRISPR/Cas9 knockout""], [""batch"", ""plate1-2""]]"
GSE307351	GSM9215949	SAMN50935851	SRS26383615	lung alveolar organoid, Tigit knockout, plate1-2 well E03	"[""batch"", ""cell_type"", ""collection_date"", ""genotype"", ""geo_loc_name"", ""source_name""]"	"[[""source_name"", ""lung mouse alveolar type 2 cells and primary human fibroblasts""], [""cell_type"", ""lung mouse alveolar type 2 cells and primary human fibroblasts""], [""genotype"", ""Tigit CRISPR/Cas9 knockout""], [""batch"", ""plate1-2""]]"
GSE307351	GSM9215950	SAMN50935850	SRS26383616	lung alveolar organoid, Sox4 knockout, plate1-2 well E04	"[""batch"", ""cell_type"", ""collection_date"", ""genotype"", ""geo_loc_name"", ""source_name""]"	"[[""source_name"", ""lung mouse alveolar type 2 cells and primary human fibroblasts""], [""cell_type"", ""lung mouse alveolar type 2 cells and primary human fibroblasts""], [""genotype"", ""Sox4 CRISPR/Cas9 knockout""], [""batch"", ""plate1-2""]]"
GSE307351	GSM9215951	SAMN50935849	SRS26383617	lung alveolar organoid, Twist1 knockout, plate1-2 well E05	"[""batch"", ""cell_type"", ""collection_date"", ""genotype"", ""geo_loc_name"", ""source_name""]"	"[[""source_name"", ""lung mouse alveolar type 2 cells and primary human fibroblasts""], [""cell_type"", ""lung mouse alveolar type 2 cells and primary human fibroblasts""], [""genotype"", ""Twist1 CRISPR/Cas9 knockout""], [""batch"", ""plate1-2""]]"
GSE307351	GSM9215952	SAMN50935848	SRS26383618	lung alveolar organoid, Nkx21 knockout, plate1-2 well E06	"[""batch"", ""cell_type"", ""collection_date"", ""genotype"", ""geo_loc_name"", ""source_name""]"	"[[""source_name"", ""lung mouse alveolar type 2 cells and primary human fibroblasts""], [""cell_type"", ""lung mouse alveolar type 2 cells and primary human fibroblasts""], [""genotype"", ""Nkx21 CRISPR/Cas9 knockout""], [""batch"", ""plate1-2""]]"
GSE307351	GSM9215953	SAMN50935847	SRS26383619	lung alveolar organoid, Usp30 knockout, plate1-2 well E07	"[""batch"", ""cell_type"", ""collection_date"", ""genotype"", ""geo_loc_name"", ""source_name""]"	"[[""source_name"", ""lung mouse alveolar type 2 cells and primary human fibroblasts""], [""cell_type"", ""lung mouse alveolar type 2 cells and primary human fibroblasts""], [""genotype"", ""Usp30 CRISPR/Cas9 knockout""], [""batch"", ""plate1-2""]]"
GSE307351	GSM9215954	SAMN50935846	SRS26383620	lung alveolar organoid, Nfe2l2 knockout, plate1-2 well E08	"[""batch"", ""cell_type"", ""collection_date"", ""genotype"", ""geo_loc_name"", ""source_name""]"	"[[""source_name"", ""lung mouse alveolar type 2 cells and primary human fibroblasts""], [""cell_type"", ""lung mouse alveolar type 2 cells and primary human fibroblasts""], [""genotype"", ""Nfe2l2 CRISPR/Cas9 knockout""], [""batch"", ""plate1-2""]]"
GSE307351	GSM9215955	SAMN50935845	SRS26384460	lung alveolar organoid, Ulk1 knockout, plate1-2 well E09	"[""batch"", ""cell_type"", ""collection_date"", ""genotype"", ""geo_loc_name"", ""source_name""]"	"[[""source_name"", ""lung mouse alveolar type 2 cells and primary human fibroblasts""], [""cell_type"", ""lung mouse alveolar type 2 cells and primary human fibroblasts""], [""genotype"", ""Ulk1 CRISPR/Cas9 knockout""], [""batch"", ""plate1-2""]]"
GSE307351	GSM9215956	SAMN50935844	SRS26384463	lung alveolar organoid, Inhba knockout, plate1-2 well E10	"[""batch"", ""cell_type"", ""collection_date"", ""genotype"", ""geo_loc_name"", ""source_name""]"	"[[""source_name"", ""lung mouse alveolar type 2 cells and primary human fibroblasts""], [""cell_type"", ""lung mouse alveolar type 2 cells and primary human fibroblasts""], [""genotype"", ""Inhba CRISPR/Cas9 knockout""], [""batch"", ""plate1-2""]]"
GSE307351	GSM9215957	SAMN50935843	SRS26384464	lung alveolar organoid, Manf knockout, plate1-2 well E11	"[""batch"", ""cell_type"", ""collection_date"", ""genotype"", ""geo_loc_name"", ""source_name""]"	"[[""source_name"", ""lung mouse alveolar type 2 cells and primary human fibroblasts""], [""cell_type"", ""lung mouse alveolar type 2 cells and primary human fibroblasts""], [""genotype"", ""Manf CRISPR/Cas9 knockout""], [""batch"", ""plate1-2""]]"
GSE307351	GSM9215958	SAMN50935842	SRS26384465	lung alveolar organoid, Tigit knockout, plate1-2 well F02	"[""batch"", ""cell_type"", ""collection_date"", ""genotype"", ""geo_loc_name"", ""source_name""]"	"[[""source_name"", ""lung mouse alveolar type 2 cells and primary human fibroblasts""], [""cell_type"", ""lung mouse alveolar type 2 cells and primary human fibroblasts""], [""genotype"", ""Tigit CRISPR/Cas9 knockout""], [""batch"", ""plate1-2""]]"
GSE307351	GSM9215959	SAMN50935841	SRS26384466	lung alveolar organoid, Rbms3 knockout, plate1-2 well F03	"[""batch"", ""cell_type"", ""collection_date"", ""genotype"", ""geo_loc_name"", ""source_name""]"	"[[""source_name"", ""lung mouse alveolar type 2 cells and primary human fibroblasts""], [""cell_type"", ""lung mouse alveolar type 2 cells and primary human fibroblasts""], [""genotype"", ""Rbms3 CRISPR/Cas9 knockout""], [""batch"", ""plate1-2""]]"
GSE307351	GSM9215960	SAMN50935840	SRS26384468	lung alveolar organoid, Ager knockout, plate1-2 well F04	"[""batch"", ""cell_type"", ""collection_date"", ""genotype"", ""geo_loc_name"", ""source_name""]"	"[[""source_name"", ""lung mouse alveolar type 2 cells and primary human fibroblasts""], [""cell_type"", ""lung mouse alveolar type 2 cells and primary human fibroblasts""], [""genotype"", ""Ager CRISPR/Cas9 knockout""], [""batch"", ""plate1-2""]]"
GSE307351	GSM9215961	SAMN50935839	SRS26384467	lung alveolar organoid, Terf1 knockout, plate1-2 well F05	"[""batch"", ""cell_type"", ""collection_date"", ""genotype"", ""geo_loc_name"", ""source_name""]"	"[[""source_name"", ""lung mouse alveolar type 2 cells and primary human fibroblasts""], [""cell_type"", ""lung mouse alveolar type 2 cells and primary human fibroblasts""], [""genotype"", ""Terf1 CRISPR/Cas9 knockout""], [""batch"", ""plate1-2""]]"
GSE307351	GSM9215962	SAMN50935838	SRS26384469	lung alveolar organoid, Fam13a knockout, plate1-2 well F06	"[""batch"", ""cell_type"", ""collection_date"", ""genotype"", ""geo_loc_name"", ""source_name""]"	"[[""source_name"", ""lung mouse alveolar type 2 cells and primary human fibroblasts""], [""cell_type"", ""lung mouse alveolar type 2 cells and primary human fibroblasts""], [""genotype"", ""Fam13a CRISPR/Cas9 knockout""], [""batch"", ""plate1-2""]]"
GSE307351	GSM9215963	SAMN50935837	SRS26383721	lung alveolar organoid, Nr1d1 knockout, plate1-2 well F07	"[""batch"", ""cell_type"", ""collection_date"", ""genotype"", ""geo_loc_name"", ""source_name""]"	"[[""source_name"", ""lung mouse alveolar type 2 cells and primary human fibroblasts""], [""cell_type"", ""lung mouse alveolar type 2 cells and primary human fibroblasts""], [""genotype"", ""Nr1d1 CRISPR/Cas9 knockout""], [""batch"", ""plate1-2""]]"
GSE307351	GSM9215964	SAMN50935836	SRS26383724	lung alveolar organoid, Eif2b1 knockout, plate1-2 well F08	"[""batch"", ""cell_type"", ""collection_date"", ""genotype"", ""geo_loc_name"", ""source_name""]"	"[[""source_name"", ""lung mouse alveolar type 2 cells and primary human fibroblasts""], [""cell_type"", ""lung mouse alveolar type 2 cells and primary human fibroblasts""], [""genotype"", ""Eif2b1 CRISPR/Cas9 knockout""], [""batch"", ""plate1-2""]]"
GSE307351	GSM9215965	SAMN50935835	SRS26383723	lung alveolar organoid, Atg16l1 knockout, plate1-2 well F09	"[""batch"", ""cell_type"", ""collection_date"", ""genotype"", ""geo_loc_name"", ""source_name""]"	"[[""source_name"", ""lung mouse alveolar type 2 cells and primary human fibroblasts""], [""cell_type"", ""lung mouse alveolar type 2 cells and primary human fibroblasts""], [""genotype"", ""Atg16l1 CRISPR/Cas9 knockout""], [""batch"", ""plate1-2""]]"
GSE307351	GSM9215966	SAMN50935834	SRS26383722	lung alveolar organoid, Xbp1 knockout, plate1-2 well F10	"[""batch"", ""cell_type"", ""collection_date"", ""genotype"", ""geo_loc_name"", ""source_name""]"	"[[""source_name"", ""lung mouse alveolar type 2 cells and primary human fibroblasts""], [""cell_type"", ""lung mouse alveolar type 2 cells and primary human fibroblasts""], [""genotype"", ""Xbp1 CRISPR/Cas9 knockout""], [""batch"", ""plate1-2""]]"
GSE307351	GSM9215967	SAMN50935833	SRS26383725	lung alveolar organoid, Rad21 knockout, plate1-2 well F11	"[""batch"", ""cell_type"", ""collection_date"", ""genotype"", ""geo_loc_name"", ""source_name""]"	"[[""source_name"", ""lung mouse alveolar type 2 cells and primary human fibroblasts""], [""cell_type"", ""lung mouse alveolar type 2 cells and primary human fibroblasts""], [""genotype"", ""Rad21 CRISPR/Cas9 knockout""], [""batch"", ""plate1-2""]]"
GSE307351	GSM9215968	SAMN50935832	SRS26383726	lung alveolar organoid, Pid1 knockout, plate1-2 well G02	"[""batch"", ""cell_type"", ""collection_date"", ""genotype"", ""geo_loc_name"", ""source_name""]"	"[[""source_name"", ""lung mouse alveolar type 2 cells and primary human fibroblasts""], [""cell_type"", ""lung mouse alveolar type 2 cells and primary human fibroblasts""], [""genotype"", ""Pid1 CRISPR/Cas9 knockout""], [""batch"", ""plate1-2""]]"
GSE307351	GSM9215969	SAMN50935831	SRS26383727	lung alveolar organoid, Serpina1a knockout, plate1-2 well G03	"[""batch"", ""cell_type"", ""collection_date"", ""genotype"", ""geo_loc_name"", ""source_name""]"	"[[""source_name"", ""lung mouse alveolar type 2 cells and primary human fibroblasts""], [""cell_type"", ""lung mouse alveolar type 2 cells and primary human fibroblasts""], [""genotype"", ""Serpina1a CRISPR/Cas9 knockout""], [""batch"", ""plate1-2""]]"
GSE307351	GSM9215970	SAMN50935830	SRS26383728	lung alveolar organoid, Cacna2d3 knockout, plate1-2 well G04	"[""batch"", ""cell_type"", ""collection_date"", ""genotype"", ""geo_loc_name"", ""source_name""]"	"[[""source_name"", ""lung mouse alveolar type 2 cells and primary human fibroblasts""], [""cell_type"", ""lung mouse alveolar type 2 cells and primary human fibroblasts""], [""genotype"", ""Cacna2d3 CRISPR/Cas9 knockout""], [""batch"", ""plate1-2""]]"
GSE307351	GSM9215971	SAMN50935829	SRS26384033	lung alveolar organoid, Chrm3 knockout, plate1-2 well G05	"[""batch"", ""cell_type"", ""collection_date"", ""genotype"", ""geo_loc_name"", ""source_name""]"	"[[""source_name"", ""lung mouse alveolar type 2 cells and primary human fibroblasts""], [""cell_type"", ""lung mouse alveolar type 2 cells and primary human fibroblasts""], [""genotype"", ""Chrm3 CRISPR/Cas9 knockout""], [""batch"", ""plate1-2""]]"
GSE307351	GSM9215972	SAMN50935828	SRS26384032	lung alveolar organoid, Hhip knockout, plate1-2 well G06	"[""batch"", ""cell_type"", ""collection_date"", ""genotype"", ""geo_loc_name"", ""source_name""]"	"[[""source_name"", ""lung mouse alveolar type 2 cells and primary human fibroblasts""], [""cell_type"", ""lung mouse alveolar type 2 cells and primary human fibroblasts""], [""genotype"", ""Hhip CRISPR/Cas9 knockout""], [""batch"", ""plate1-2""]]"
GSE307351	GSM9215973	SAMN50935827	SRS26384036	lung alveolar organoid, Nr1d2 knockout, plate1-2 well G07	"[""batch"", ""cell_type"", ""collection_date"", ""genotype"", ""geo_loc_name"", ""source_name""]"	"[[""source_name"", ""lung mouse alveolar type 2 cells and primary human fibroblasts""], [""cell_type"", ""lung mouse alveolar type 2 cells and primary human fibroblasts""], [""genotype"", ""Nr1d2 CRISPR/Cas9 knockout""], [""batch"", ""plate1-2""]]"
GSE307351	GSM9215974	SAMN50935826	SRS26384035	lung alveolar organoid, Ern1 knockout, plate1-2 well G08	"[""batch"", ""cell_type"", ""collection_date"", ""genotype"", ""geo_loc_name"", ""source_name""]"	"[[""source_name"", ""lung mouse alveolar type 2 cells and primary human fibroblasts""], [""cell_type"", ""lung mouse alveolar type 2 cells and primary human fibroblasts""], [""genotype"", ""Ern1 CRISPR/Cas9 knockout""], [""batch"", ""plate1-2""]]"
GSE307351	GSM9215975	SAMN50935825	SRS26384034	lung alveolar organoid, Becn1 knockout, plate1-2 well G09	"[""batch"", ""cell_type"", ""collection_date"", ""genotype"", ""geo_loc_name"", ""source_name""]"	"[[""source_name"", ""lung mouse alveolar type 2 cells and primary human fibroblasts""], [""cell_type"", ""lung mouse alveolar type 2 cells and primary human fibroblasts""], [""genotype"", ""Becn1 CRISPR/Cas9 knockout""], [""batch"", ""plate1-2""]]"
GSE307351	GSM9215976	SAMN50935824	SRS26384227	lung alveolar organoid, Tdtomato knockout, plate1-2 well G10	"[""batch"", ""cell_type"", ""collection_date"", ""genotype"", ""geo_loc_name"", ""source_name""]"	"[[""source_name"", ""lung mouse alveolar type 2 cells and primary human fibroblasts""], [""cell_type"", ""lung mouse alveolar type 2 cells and primary human fibroblasts""], [""genotype"", ""Tdtomato CRISPR/Cas9 knockout""], [""batch"", ""plate1-2""]]"
GSE307351	GSM9215977	SAMN50935823	SRS26384229	lung alveolar organoid, Met knockout, plate1-3 well B02	"[""batch"", ""cell_type"", ""collection_date"", ""genotype"", ""geo_loc_name"", ""source_name""]"	"[[""source_name"", ""lung mouse alveolar type 2 cells and primary human fibroblasts""], [""cell_type"", ""lung mouse alveolar type 2 cells and primary human fibroblasts""], [""genotype"", ""Met CRISPR/Cas9 knockout""], [""batch"", ""plate1-3""]]"
GSE307351	GSM9215978	SAMN50935822	SRS26384230	lung alveolar organoid, Glis3 knockout, plate1-3 well B03	"[""batch"", ""cell_type"", ""collection_date"", ""genotype"", ""geo_loc_name"", ""source_name""]"	"[[""source_name"", ""lung mouse alveolar type 2 cells and primary human fibroblasts""], [""cell_type"", ""lung mouse alveolar type 2 cells and primary human fibroblasts""], [""genotype"", ""Glis3 CRISPR/Cas9 knockout""], [""batch"", ""plate1-3""]]"
GSE307351	GSM9215979	SAMN50935821	SRS26383621	lung alveolar organoid, Tigit knockout, plate1-3 well B04	"[""batch"", ""cell_type"", ""collection_date"", ""genotype"", ""geo_loc_name"", ""source_name""]"	"[[""source_name"", ""lung mouse alveolar type 2 cells and primary human fibroblasts""], [""cell_type"", ""lung mouse alveolar type 2 cells and primary human fibroblasts""], [""genotype"", ""Tigit CRISPR/Cas9 knockout""], [""batch"", ""plate1-3""]]"
GSE307351	GSM9215980	SAMN50935820	SRS26383622	lung alveolar organoid, Tdtomato knockout, plate1-3 well B05	"[""batch"", ""cell_type"", ""collection_date"", ""genotype"", ""geo_loc_name"", ""source_name""]"	"[[""source_name"", ""lung mouse alveolar type 2 cells and primary human fibroblasts""], [""cell_type"", ""lung mouse alveolar type 2 cells and primary human fibroblasts""], [""genotype"", ""Tdtomato CRISPR/Cas9 knockout""], [""batch"", ""plate1-3""]]"
GSE307351	GSM9215981	SAMN50935819	SRS26383623	lung alveolar organoid, Trp53 knockout, plate1-3 well B06	"[""batch"", ""cell_type"", ""collection_date"", ""genotype"", ""geo_loc_name"", ""source_name""]"	"[[""source_name"", ""lung mouse alveolar type 2 cells and primary human fibroblasts""], [""cell_type"", ""lung mouse alveolar type 2 cells and primary human fibroblasts""], [""genotype"", ""Trp53 CRISPR/Cas9 knockout""], [""batch"", ""plate1-3""]]"
GSE307351	GSM9215982	SAMN50935818	SRS26383624	lung alveolar organoid, Acp6 knockout, plate1-3 well B07	"[""batch"", ""cell_type"", ""collection_date"", ""genotype"", ""geo_loc_name"", ""source_name""]"	"[[""source_name"", ""lung mouse alveolar type 2 cells and primary human fibroblasts""], [""cell_type"", ""lung mouse alveolar type 2 cells and primary human fibroblasts""], [""genotype"", ""Acp6 CRISPR/Cas9 knockout""], [""batch"", ""plate1-3""]]"
GSE307351	GSM9215983	SAMN50935817	SRS26383625	lung alveolar organoid, Pink1 knockout, plate1-3 well B08	"[""batch"", ""cell_type"", ""collection_date"", ""genotype"", ""geo_loc_name"", ""source_name""]"	"[[""source_name"", ""lung mouse alveolar type 2 cells and primary human fibroblasts""], [""cell_type"", ""lung mouse alveolar type 2 cells and primary human fibroblasts""], [""genotype"", ""Pink1 CRISPR/Cas9 knockout""], [""batch"", ""plate1-3""]]"
GSE307351	GSM9215984	SAMN50935816	SRS26383626	lung alveolar organoid, Eif2ak3 knockout, plate1-3 well B09	"[""batch"", ""cell_type"", ""collection_date"", ""genotype"", ""geo_loc_name"", ""source_name""]"	"[[""source_name"", ""lung mouse alveolar type 2 cells and primary human fibroblasts""], [""cell_type"", ""lung mouse alveolar type 2 cells and primary human fibroblasts""], [""genotype"", ""Eif2ak3 CRISPR/Cas9 knockout""], [""batch"", ""plate1-3""]]"
GSE307351	GSM9215985	SAMN50935815	SRS26383627	lung alveolar organoid, Ccbe1 knockout, plate1-3 well B10	"[""batch"", ""cell_type"", ""collection_date"", ""genotype"", ""geo_loc_name"", ""source_name""]"	"[[""source_name"", ""lung mouse alveolar type 2 cells and primary human fibroblasts""], [""cell_type"", ""lung mouse alveolar type 2 cells and primary human fibroblasts""], [""genotype"", ""Ccbe1 CRISPR/Cas9 knockout""], [""batch"", ""plate1-3""]]"
GSE307351	GSM9215986	SAMN50935814	SRS26383628	lung alveolar organoid, Gdf2 knockout, plate1-3 well B11	"[""batch"", ""cell_type"", ""collection_date"", ""genotype"", ""geo_loc_name"", ""source_name""]"	"[[""source_name"", ""lung mouse alveolar type 2 cells and primary human fibroblasts""], [""cell_type"", ""lung mouse alveolar type 2 cells and primary human fibroblasts""], [""genotype"", ""Gdf2 CRISPR/Cas9 knockout""], [""batch"", ""plate1-3""]]"
GSE307351	GSM9215987	SAMN50935813	SRS26384470	lung alveolar organoid, Tead1 knockout, plate1-3 well C02	"[""batch"", ""cell_type"", ""collection_date"", ""genotype"", ""geo_loc_name"", ""source_name""]"	"[[""source_name"", ""lung mouse alveolar type 2 cells and primary human fibroblasts""], [""cell_type"", ""lung mouse alveolar type 2 cells and primary human fibroblasts""], [""genotype"", ""Tead1 CRISPR/Cas9 knockout""], [""batch"", ""plate1-3""]]"
GSE307351	GSM9215988	SAMN50935812	SRS26384472	lung alveolar organoid, Mecom knockout, plate1-3 well C03	"[""batch"", ""cell_type"", ""collection_date"", ""genotype"", ""geo_loc_name"", ""source_name""]"	"[[""source_name"", ""lung mouse alveolar type 2 cells and primary human fibroblasts""], [""cell_type"", ""lung mouse alveolar type 2 cells and primary human fibroblasts""], [""genotype"", ""Mecom CRISPR/Cas9 knockout""], [""batch"", ""plate1-3""]]"
GSE307351	GSM9215989	SAMN50935811	SRS26384471	lung alveolar organoid, Huwe1 knockout, plate1-3 well C04	"[""batch"", ""cell_type"", ""collection_date"", ""genotype"", ""geo_loc_name"", ""source_name""]"	"[[""source_name"", ""lung mouse alveolar type 2 cells and primary human fibroblasts""], [""cell_type"", ""lung mouse alveolar type 2 cells and primary human fibroblasts""], [""genotype"", ""Huwe1 CRISPR/Cas9 knockout""], [""batch"", ""plate1-3""]]"
GSE307351	GSM9215990	SAMN50935810	SRS26384474	lung alveolar organoid, Sftpd knockout, plate1-3 well C05	"[""batch"", ""cell_type"", ""collection_date"", ""genotype"", ""geo_loc_name"", ""source_name""]"	"[[""source_name"", ""lung mouse alveolar type 2 cells and primary human fibroblasts""], [""cell_type"", ""lung mouse alveolar type 2 cells and primary human fibroblasts""], [""genotype"", ""Sftpd CRISPR/Cas9 knockout""], [""batch"", ""plate1-3""]]"
GSE307351	GSM9215991	SAMN50935809	SRS26384473	lung alveolar organoid, Trp63 knockout, plate1-3 well C06	"[""batch"", ""cell_type"", ""collection_date"", ""genotype"", ""geo_loc_name"", ""source_name""]"	"[[""source_name"", ""lung mouse alveolar type 2 cells and primary human fibroblasts""], [""cell_type"", ""lung mouse alveolar type 2 cells and primary human fibroblasts""], [""genotype"", ""Trp63 CRISPR/Cas9 knockout""], [""batch"", ""plate1-3""]]"
GSE307351	GSM9215992	SAMN50935808	SRS26384475	lung alveolar organoid, Il1a knockout, plate1-3 well C07	"[""batch"", ""cell_type"", ""collection_date"", ""genotype"", ""geo_loc_name"", ""source_name""]"	"[[""source_name"", ""lung mouse alveolar type 2 cells and primary human fibroblasts""], [""cell_type"", ""lung mouse alveolar type 2 cells and primary human fibroblasts""], [""genotype"", ""Il1a CRISPR/Cas9 knockout""], [""batch"", ""plate1-3""]]"
GSE307351	GSM9215993	SAMN50935807	SRS26384477	lung alveolar organoid, Prkn knockout, plate1-3 well C08	"[""batch"", ""cell_type"", ""collection_date"", ""genotype"", ""geo_loc_name"", ""source_name""]"	"[[""source_name"", ""lung mouse alveolar type 2 cells and primary human fibroblasts""], [""cell_type"", ""lung mouse alveolar type 2 cells and primary human fibroblasts""], [""genotype"", ""Prkn CRISPR/Cas9 knockout""], [""batch"", ""plate1-3""]]"
GSE307351	GSM9215994	SAMN50935806	SRS26384482	lung alveolar organoid, Tigit knockout, plate1-3 well C09	"[""batch"", ""cell_type"", ""collection_date"", ""genotype"", ""geo_loc_name"", ""source_name""]"	"[[""source_name"", ""lung mouse alveolar type 2 cells and primary human fibroblasts""], [""cell_type"", ""lung mouse alveolar type 2 cells and primary human fibroblasts""], [""genotype"", ""Tigit CRISPR/Cas9 knockout""], [""batch"", ""plate1-3""]]"
GSE307351	GSM9215995	SAMN50935805	SRS26383729	lung alveolar organoid, Bmp10 knockout, plate1-3 well C10	"[""batch"", ""cell_type"", ""collection_date"", ""genotype"", ""geo_loc_name"", ""source_name""]"	"[[""source_name"", ""lung mouse alveolar type 2 cells and primary human fibroblasts""], [""cell_type"", ""lung mouse alveolar type 2 cells and primary human fibroblasts""], [""genotype"", ""Bmp10 CRISPR/Cas9 knockout""], [""batch"", ""plate1-3""]]"
GSE307351	GSM9215996	SAMN50935804	SRS26383730	lung alveolar organoid, Npnt knockout, plate1-3 well D03	"[""batch"", ""cell_type"", ""collection_date"", ""genotype"", ""geo_loc_name"", ""source_name""]"	"[[""source_name"", ""lung mouse alveolar type 2 cells and primary human fibroblasts""], [""cell_type"", ""lung mouse alveolar type 2 cells and primary human fibroblasts""], [""genotype"", ""Npnt CRISPR/Cas9 knockout""], [""batch"", ""plate1-3""]]"
GSE307351	GSM9215997	SAMN50935803	SRS26383733	lung alveolar organoid, Rnf43 knockout, plate1-3 well D04	"[""batch"", ""cell_type"", ""collection_date"", ""genotype"", ""geo_loc_name"", ""source_name""]"	"[[""source_name"", ""lung mouse alveolar type 2 cells and primary human fibroblasts""], [""cell_type"", ""lung mouse alveolar type 2 cells and primary human fibroblasts""], [""genotype"", ""Rnf43 CRISPR/Cas9 knockout""], [""batch"", ""plate1-3""]]"
GSE307351	GSM9215998	SAMN50935802	SRS26383732	lung alveolar organoid, Tns1 knockout, plate1-3 well D05	"[""batch"", ""cell_type"", ""collection_date"", ""genotype"", ""geo_loc_name"", ""source_name""]"	"[[""source_name"", ""lung mouse alveolar type 2 cells and primary human fibroblasts""], [""cell_type"", ""lung mouse alveolar type 2 cells and primary human fibroblasts""], [""genotype"", ""Tns1 CRISPR/Cas9 knockout""], [""batch"", ""plate1-3""]]"
GSE307351	GSM9215999	SAMN50935801	SRS26383734	lung alveolar organoid, Ttf1 knockout, plate1-3 well D06	"[""batch"", ""cell_type"", ""collection_date"", ""genotype"", ""geo_loc_name"", ""source_name""]"	"[[""source_name"", ""lung mouse alveolar type 2 cells and primary human fibroblasts""], [""cell_type"", ""lung mouse alveolar type 2 cells and primary human fibroblasts""], [""genotype"", ""Ttf1 CRISPR/Cas9 knockout""], [""batch"", ""plate1-3""]]"
GSE307351	GSM9216000	SAMN50935800	SRS26383731	lung alveolar organoid, Tigit knockout, plate1-3 well D07	"[""batch"", ""cell_type"", ""collection_date"", ""genotype"", ""geo_loc_name"", ""source_name""]"	"[[""source_name"", ""lung mouse alveolar type 2 cells and primary human fibroblasts""], [""cell_type"", ""lung mouse alveolar type 2 cells and primary human fibroblasts""], [""genotype"", ""Tigit CRISPR/Cas9 knockout""], [""batch"", ""plate1-3""]]"
GSE307351	GSM9216001	SAMN50935799	SRS26383736	lung alveolar organoid, Tfeb knockout, plate1-3 well D09	"[""batch"", ""cell_type"", ""collection_date"", ""genotype"", ""geo_loc_name"", ""source_name""]"	"[[""source_name"", ""lung mouse alveolar type 2 cells and primary human fibroblasts""], [""cell_type"", ""lung mouse alveolar type 2 cells and primary human fibroblasts""], [""genotype"", ""Tfeb CRISPR/Cas9 knockout""], [""batch"", ""plate1-3""]]"
GSE307351	GSM9216002	SAMN50935798	SRS26383735	lung alveolar organoid, Fgf7 knockout, plate1-3 well D10	"[""batch"", ""cell_type"", ""collection_date"", ""genotype"", ""geo_loc_name"", ""source_name""]"	"[[""source_name"", ""lung mouse alveolar type 2 cells and primary human fibroblasts""], [""cell_type"", ""lung mouse alveolar type 2 cells and primary human fibroblasts""], [""genotype"", ""Fgf7 CRISPR/Cas9 knockout""], [""batch"", ""plate1-3""]]"
GSE307351	GSM9216003	SAMN50935797	SRS26384228	lung alveolar organoid, Il1a knockout, plate1-3 well D11	"[""batch"", ""cell_type"", ""collection_date"", ""genotype"", ""geo_loc_name"", ""source_name""]"	"[[""source_name"", ""lung mouse alveolar type 2 cells and primary human fibroblasts""], [""cell_type"", ""lung mouse alveolar type 2 cells and primary human fibroblasts""], [""genotype"", ""Il1a CRISPR/Cas9 knockout""], [""batch"", ""plate1-3""]]"
GSE307351	GSM9216004	SAMN50935796	SRS26384231	lung alveolar organoid, Tfcp2l1 knockout, plate1-3 well E02	"[""batch"", ""cell_type"", ""collection_date"", ""genotype"", ""geo_loc_name"", ""source_name""]"	"[[""source_name"", ""lung mouse alveolar type 2 cells and primary human fibroblasts""], [""cell_type"", ""lung mouse alveolar type 2 cells and primary human fibroblasts""], [""genotype"", ""Tfcp2l1 CRISPR/Cas9 knockout""], [""batch"", ""plate1-3""]]"
GSE307351	GSM9216005	SAMN50935795	SRS26384232	lung alveolar organoid, Tigit knockout, plate1-3 well E03	"[""batch"", ""cell_type"", ""collection_date"", ""genotype"", ""geo_loc_name"", ""source_name""]"	"[[""source_name"", ""lung mouse alveolar type 2 cells and primary human fibroblasts""], [""cell_type"", ""lung mouse alveolar type 2 cells and primary human fibroblasts""], [""genotype"", ""Tigit CRISPR/Cas9 knockout""], [""batch"", ""plate1-3""]]"
GSE307351	GSM9216006	SAMN50935794	SRS26384233	lung alveolar organoid, Sox4 knockout, plate1-3 well E04	"[""batch"", ""cell_type"", ""collection_date"", ""genotype"", ""geo_loc_name"", ""source_name""]"	"[[""source_name"", ""lung mouse alveolar type 2 cells and primary human fibroblasts""], [""cell_type"", ""lung mouse alveolar type 2 cells and primary human fibroblasts""], [""genotype"", ""Sox4 CRISPR/Cas9 knockout""], [""batch"", ""plate1-3""]]"
GSE307351	GSM9216007	SAMN50935793	SRS26384235	lung alveolar organoid, Twist1 knockout, plate1-3 well E05	"[""batch"", ""cell_type"", ""collection_date"", ""genotype"", ""geo_loc_name"", ""source_name""]"	"[[""source_name"", ""lung mouse alveolar type 2 cells and primary human fibroblasts""], [""cell_type"", ""lung mouse alveolar type 2 cells and primary human fibroblasts""], [""genotype"", ""Twist1 CRISPR/Cas9 knockout""], [""batch"", ""plate1-3""]]"
GSE307351	GSM9216008	SAMN50935792	SRS26384236	lung alveolar organoid, Nkx21 knockout, plate1-3 well E06	"[""batch"", ""cell_type"", ""collection_date"", ""genotype"", ""geo_loc_name"", ""source_name""]"	"[[""source_name"", ""lung mouse alveolar type 2 cells and primary human fibroblasts""], [""cell_type"", ""lung mouse alveolar type 2 cells and primary human fibroblasts""], [""genotype"", ""Nkx21 CRISPR/Cas9 knockout""], [""batch"", ""plate1-3""]]"
GSE307351	GSM9216009	SAMN50935791	SRS26384234	lung alveolar organoid, Usp30 knockout, plate1-3 well E07	"[""batch"", ""cell_type"", ""collection_date"", ""genotype"", ""geo_loc_name"", ""source_name""]"	"[[""source_name"", ""lung mouse alveolar type 2 cells and primary human fibroblasts""], [""cell_type"", ""lung mouse alveolar type 2 cells and primary human fibroblasts""], [""genotype"", ""Usp30 CRISPR/Cas9 knockout""], [""batch"", ""plate1-3""]]"
GSE307351	GSM9216010	SAMN50935790	SRS26384238	lung alveolar organoid, Ulk1 knockout, plate1-3 well E09	"[""batch"", ""cell_type"", ""collection_date"", ""genotype"", ""geo_loc_name"", ""source_name""]"	"[[""source_name"", ""lung mouse alveolar type 2 cells and primary human fibroblasts""], [""cell_type"", ""lung mouse alveolar type 2 cells and primary human fibroblasts""], [""genotype"", ""Ulk1 CRISPR/Cas9 knockout""], [""batch"", ""plate1-3""]]"
GSE307351	GSM9216011	SAMN50935789	SRS26383629	lung alveolar organoid, Inhba knockout, plate1-3 well E10	"[""batch"", ""cell_type"", ""collection_date"", ""genotype"", ""geo_loc_name"", ""source_name""]"	"[[""source_name"", ""lung mouse alveolar type 2 cells and primary human fibroblasts""], [""cell_type"", ""lung mouse alveolar type 2 cells and primary human fibroblasts""], [""genotype"", ""Inhba CRISPR/Cas9 knockout""], [""batch"", ""plate1-3""]]"
GSE307351	GSM9216012	SAMN50935788	SRS26383630	lung alveolar organoid, Manf knockout, plate1-3 well E11	"[""batch"", ""cell_type"", ""collection_date"", ""genotype"", ""geo_loc_name"", ""source_name""]"	"[[""source_name"", ""lung mouse alveolar type 2 cells and primary human fibroblasts""], [""cell_type"", ""lung mouse alveolar type 2 cells and primary human fibroblasts""], [""genotype"", ""Manf CRISPR/Cas9 knockout""], [""batch"", ""plate1-3""]]"
GSE307351	GSM9216013	SAMN50935787	SRS26383632	lung alveolar organoid, Tigit knockout, plate1-3 well F02	"[""batch"", ""cell_type"", ""collection_date"", ""genotype"", ""geo_loc_name"", ""source_name""]"	"[[""source_name"", ""lung mouse alveolar type 2 cells and primary human fibroblasts""], [""cell_type"", ""lung mouse alveolar type 2 cells and primary human fibroblasts""], [""genotype"", ""Tigit CRISPR/Cas9 knockout""], [""batch"", ""plate1-3""]]"
GSE307351	GSM9216014	SAMN50935786	SRS26383631	lung alveolar organoid, Rbms3 knockout, plate1-3 well F03	"[""batch"", ""cell_type"", ""collection_date"", ""genotype"", ""geo_loc_name"", ""source_name""]"	"[[""source_name"", ""lung mouse alveolar type 2 cells and primary human fibroblasts""], [""cell_type"", ""lung mouse alveolar type 2 cells and primary human fibroblasts""], [""genotype"", ""Rbms3 CRISPR/Cas9 knockout""], [""batch"", ""plate1-3""]]"
GSE307351	GSM9216015	SAMN50935785	SRS26383633	lung alveolar organoid, Ager knockout, plate1-3 well F04	"[""batch"", ""cell_type"", ""collection_date"", ""genotype"", ""geo_loc_name"", ""source_name""]"	"[[""source_name"", ""lung mouse alveolar type 2 cells and primary human fibroblasts""], [""cell_type"", ""lung mouse alveolar type 2 cells and primary human fibroblasts""], [""genotype"", ""Ager CRISPR/Cas9 knockout""], [""batch"", ""plate1-3""]]"
GSE307351	GSM9216016	SAMN50935784	SRS26383634	lung alveolar organoid, Terf1 knockout, plate1-3 well F05	"[""batch"", ""cell_type"", ""collection_date"", ""genotype"", ""geo_loc_name"", ""source_name""]"	"[[""source_name"", ""lung mouse alveolar type 2 cells and primary human fibroblasts""], [""cell_type"", ""lung mouse alveolar type 2 cells and primary human fibroblasts""], [""genotype"", ""Terf1 CRISPR/Cas9 knockout""], [""batch"", ""plate1-3""]]"
GSE307351	GSM9216017	SAMN50935783	SRS26383635	lung alveolar organoid, Fam13a knockout, plate1-3 well F06	"[""batch"", ""cell_type"", ""collection_date"", ""genotype"", ""geo_loc_name"", ""source_name""]"	"[[""source_name"", ""lung mouse alveolar type 2 cells and primary human fibroblasts""], [""cell_type"", ""lung mouse alveolar type 2 cells and primary human fibroblasts""], [""genotype"", ""Fam13a CRISPR/Cas9 knockout""], [""batch"", ""plate1-3""]]"
GSE307351	GSM9216018	SAMN50935782	SRS26383636	lung alveolar organoid, Nr1d1 knockout, plate1-3 well F07	"[""batch"", ""cell_type"", ""collection_date"", ""genotype"", ""geo_loc_name"", ""source_name""]"	"[[""source_name"", ""lung mouse alveolar type 2 cells and primary human fibroblasts""], [""cell_type"", ""lung mouse alveolar type 2 cells and primary human fibroblasts""], [""genotype"", ""Nr1d1 CRISPR/Cas9 knockout""], [""batch"", ""plate1-3""]]"
GSE307351	GSM9216019	SAMN50935781	SRS26384476	lung alveolar organoid, Eif2b1 knockout, plate1-3 well F08	"[""batch"", ""cell_type"", ""collection_date"", ""genotype"", ""geo_loc_name"", ""source_name""]"	"[[""source_name"", ""lung mouse alveolar type 2 cells and primary human fibroblasts""], [""cell_type"", ""lung mouse alveolar type 2 cells and primary human fibroblasts""], [""genotype"", ""Eif2b1 CRISPR/Cas9 knockout""], [""batch"", ""plate1-3""]]"
GSE307351	GSM9216020	SAMN50935780	SRS26384479	lung alveolar organoid, Atg16l1 knockout, plate1-3 well F09	"[""batch"", ""cell_type"", ""collection_date"", ""genotype"", ""geo_loc_name"", ""source_name""]"	"[[""source_name"", ""lung mouse alveolar type 2 cells and primary human fibroblasts""], [""cell_type"", ""lung mouse alveolar type 2 cells and primary human fibroblasts""], [""genotype"", ""Atg16l1 CRISPR/Cas9 knockout""], [""batch"", ""plate1-3""]]"
GSE307351	GSM9216021	SAMN50935779	SRS26384480	lung alveolar organoid, Xbp1 knockout, plate1-3 well F10	"[""batch"", ""cell_type"", ""collection_date"", ""genotype"", ""geo_loc_name"", ""source_name""]"	"[[""source_name"", ""lung mouse alveolar type 2 cells and primary human fibroblasts""], [""cell_type"", ""lung mouse alveolar type 2 cells and primary human fibroblasts""], [""genotype"", ""Xbp1 CRISPR/Cas9 knockout""], [""batch"", ""plate1-3""]]"
GSE307351	GSM9216022	SAMN50935778	SRS26384478	lung alveolar organoid, Rad21 knockout, plate1-3 well F11	"[""batch"", ""cell_type"", ""collection_date"", ""genotype"", ""geo_loc_name"", ""source_name""]"	"[[""source_name"", ""lung mouse alveolar type 2 cells and primary human fibroblasts""], [""cell_type"", ""lung mouse alveolar type 2 cells and primary human fibroblasts""], [""genotype"", ""Rad21 CRISPR/Cas9 knockout""], [""batch"", ""plate1-3""]]"
GSE307351	GSM9216023	SAMN50935777	SRS26384481	lung alveolar organoid, Pid1 knockout, plate1-3 well G02	"[""batch"", ""cell_type"", ""collection_date"", ""genotype"", ""geo_loc_name"", ""source_name""]"	"[[""source_name"", ""lung mouse alveolar type 2 cells and primary human fibroblasts""], [""cell_type"", ""lung mouse alveolar type 2 cells and primary human fibroblasts""], [""genotype"", ""Pid1 CRISPR/Cas9 knockout""], [""batch"", ""plate1-3""]]"
GSE307351	GSM9216024	SAMN50935776	SRS26384483	lung alveolar organoid, Serpina1a knockout, plate1-3 well G03	"[""batch"", ""cell_type"", ""collection_date"", ""genotype"", ""geo_loc_name"", ""source_name""]"	"[[""source_name"", ""lung mouse alveolar type 2 cells and primary human fibroblasts""], [""cell_type"", ""lung mouse alveolar type 2 cells and primary human fibroblasts""], [""genotype"", ""Serpina1a CRISPR/Cas9 knockout""], [""batch"", ""plate1-3""]]"
GSE307351	GSM9216025	SAMN50935775	SRS26384487	lung alveolar organoid, Cacna2d3 knockout, plate1-3 well G04	"[""batch"", ""cell_type"", ""collection_date"", ""genotype"", ""geo_loc_name"", ""source_name""]"	"[[""source_name"", ""lung mouse alveolar type 2 cells and primary human fibroblasts""], [""cell_type"", ""lung mouse alveolar type 2 cells and primary human fibroblasts""], [""genotype"", ""Cacna2d3 CRISPR/Cas9 knockout""], [""batch"", ""plate1-3""]]"
GSE307351	GSM9216026	SAMN50935774	SRS26384484	lung alveolar organoid, Chrm3 knockout, plate1-3 well G05	"[""batch"", ""cell_type"", ""collection_date"", ""genotype"", ""geo_loc_name"", ""source_name""]"	"[[""source_name"", ""lung mouse alveolar type 2 cells and primary human fibroblasts""], [""cell_type"", ""lung mouse alveolar type 2 cells and primary human fibroblasts""], [""genotype"", ""Chrm3 CRISPR/Cas9 knockout""], [""batch"", ""plate1-3""]]"
GSE307351	GSM9216027	SAMN50935773	SRS26383737	lung alveolar organoid, Hhip knockout, plate1-3 well G06	"[""batch"", ""cell_type"", ""collection_date"", ""genotype"", ""geo_loc_name"", ""source_name""]"	"[[""source_name"", ""lung mouse alveolar type 2 cells and primary human fibroblasts""], [""cell_type"", ""lung mouse alveolar type 2 cells and primary human fibroblasts""], [""genotype"", ""Hhip CRISPR/Cas9 knockout""], [""batch"", ""plate1-3""]]"
GSE307351	GSM9216028	SAMN50935772	SRS26383739	lung alveolar organoid, Nr1d2 knockout, plate1-3 well G07	"[""batch"", ""cell_type"", ""collection_date"", ""genotype"", ""geo_loc_name"", ""source_name""]"	"[[""source_name"", ""lung mouse alveolar type 2 cells and primary human fibroblasts""], [""cell_type"", ""lung mouse alveolar type 2 cells and primary human fibroblasts""], [""genotype"", ""Nr1d2 CRISPR/Cas9 knockout""], [""batch"", ""plate1-3""]]"
GSE307351	GSM9216029	SAMN50935771	SRS26383738	lung alveolar organoid, Ern1 knockout, plate1-3 well G08	"[""batch"", ""cell_type"", ""collection_date"", ""genotype"", ""geo_loc_name"", ""source_name""]"	"[[""source_name"", ""lung mouse alveolar type 2 cells and primary human fibroblasts""], [""cell_type"", ""lung mouse alveolar type 2 cells and primary human fibroblasts""], [""genotype"", ""Ern1 CRISPR/Cas9 knockout""], [""batch"", ""plate1-3""]]"
GSE307351	GSM9216030	SAMN50935770	SRS26383740	lung alveolar organoid, Becn1 knockout, plate1-3 well G09	"[""batch"", ""cell_type"", ""collection_date"", ""genotype"", ""geo_loc_name"", ""source_name""]"	"[[""source_name"", ""lung mouse alveolar type 2 cells and primary human fibroblasts""], [""cell_type"", ""lung mouse alveolar type 2 cells and primary human fibroblasts""], [""genotype"", ""Becn1 CRISPR/Cas9 knockout""], [""batch"", ""plate1-3""]]"
GSE307351	GSM9216031	SAMN50935769	SRS26383742	lung alveolar organoid, Tdtomato knockout, plate1-3 well G10	"[""batch"", ""cell_type"", ""collection_date"", ""genotype"", ""geo_loc_name"", ""source_name""]"	"[[""source_name"", ""lung mouse alveolar type 2 cells and primary human fibroblasts""], [""cell_type"", ""lung mouse alveolar type 2 cells and primary human fibroblasts""], [""genotype"", ""Tdtomato CRISPR/Cas9 knockout""], [""batch"", ""plate1-3""]]"
GSE307351	GSM9216032	SAMN50935768	SRS26383741	lung alveolar organoid, Tigit knockout, plate1-3 well G11	"[""batch"", ""cell_type"", ""collection_date"", ""genotype"", ""geo_loc_name"", ""source_name""]"	"[[""source_name"", ""lung mouse alveolar type 2 cells and primary human fibroblasts""], [""cell_type"", ""lung mouse alveolar type 2 cells and primary human fibroblasts""], [""genotype"", ""Tigit CRISPR/Cas9 knockout""], [""batch"", ""plate1-3""]]"
GSE307351	GSM9216033	SAMN50935767	SRS26383744	lung alveolar organoid, Met knockout, plate1-4 well B02	"[""batch"", ""cell_type"", ""collection_date"", ""genotype"", ""geo_loc_name"", ""source_name""]"	"[[""source_name"", ""lung mouse alveolar type 2 cells and primary human fibroblasts""], [""cell_type"", ""lung mouse alveolar type 2 cells and primary human fibroblasts""], [""genotype"", ""Met CRISPR/Cas9 knockout""], [""batch"", ""plate1-4""]]"
GSE307351	GSM9216034	SAMN50935766	SRS26383743	lung alveolar organoid, Glis3 knockout, plate1-4 well B03	"[""batch"", ""cell_type"", ""collection_date"", ""genotype"", ""geo_loc_name"", ""source_name""]"	"[[""source_name"", ""lung mouse alveolar type 2 cells and primary human fibroblasts""], [""cell_type"", ""lung mouse alveolar type 2 cells and primary human fibroblasts""], [""genotype"", ""Glis3 CRISPR/Cas9 knockout""], [""batch"", ""plate1-4""]]"
GSE307351	GSM9216035	SAMN50935765	SRS26384237	lung alveolar organoid, Tigit knockout, plate1-4 well B04	"[""batch"", ""cell_type"", ""collection_date"", ""genotype"", ""geo_loc_name"", ""source_name""]"	"[[""source_name"", ""lung mouse alveolar type 2 cells and primary human fibroblasts""], [""cell_type"", ""lung mouse alveolar type 2 cells and primary human fibroblasts""], [""genotype"", ""Tigit CRISPR/Cas9 knockout""], [""batch"", ""plate1-4""]]"
GSE307351	GSM9216036	SAMN50935764	SRS26384239	lung alveolar organoid, Tdtomato knockout, plate1-4 well B05	"[""batch"", ""cell_type"", ""collection_date"", ""genotype"", ""geo_loc_name"", ""source_name""]"	"[[""source_name"", ""lung mouse alveolar type 2 cells and primary human fibroblasts""], [""cell_type"", ""lung mouse alveolar type 2 cells and primary human fibroblasts""], [""genotype"", ""Tdtomato CRISPR/Cas9 knockout""], [""batch"", ""plate1-4""]]"
GSE307351	GSM9216037	SAMN50935763	SRS26384240	lung alveolar organoid, Trp53 knockout, plate1-4 well B06	"[""batch"", ""cell_type"", ""collection_date"", ""genotype"", ""geo_loc_name"", ""source_name""]"	"[[""source_name"", ""lung mouse alveolar type 2 cells and primary human fibroblasts""], [""cell_type"", ""lung mouse alveolar type 2 cells and primary human fibroblasts""], [""genotype"", ""Trp53 CRISPR/Cas9 knockout""], [""batch"", ""plate1-4""]]"
GSE307351	GSM9216038	SAMN50935762	SRS26384241	lung alveolar organoid, Acp6 knockout, plate1-4 well B07	"[""batch"", ""cell_type"", ""collection_date"", ""genotype"", ""geo_loc_name"", ""source_name""]"	"[[""source_name"", ""lung mouse alveolar type 2 cells and primary human fibroblasts""], [""cell_type"", ""lung mouse alveolar type 2 cells and primary human fibroblasts""], [""genotype"", ""Acp6 CRISPR/Cas9 knockout""], [""batch"", ""plate1-4""]]"
GSE307351	GSM9216039	SAMN50935761	SRS26384242	lung alveolar organoid, Pink1 knockout, plate1-4 well B08	"[""batch"", ""cell_type"", ""collection_date"", ""genotype"", ""geo_loc_name"", ""source_name""]"	"[[""source_name"", ""lung mouse alveolar type 2 cells and primary human fibroblasts""], [""cell_type"", ""lung mouse alveolar type 2 cells and primary human fibroblasts""], [""genotype"", ""Pink1 CRISPR/Cas9 knockout""], [""batch"", ""plate1-4""]]"
GSE307351	GSM9216040	SAMN50935760	SRS26384243	lung alveolar organoid, Ccbe1 knockout, plate1-4 well B10	"[""batch"", ""cell_type"", ""collection_date"", ""genotype"", ""geo_loc_name"", ""source_name""]"	"[[""source_name"", ""lung mouse alveolar type 2 cells and primary human fibroblasts""], [""cell_type"", ""lung mouse alveolar type 2 cells and primary human fibroblasts""], [""genotype"", ""Ccbe1 CRISPR/Cas9 knockout""], [""batch"", ""plate1-4""]]"
GSE307351	GSM9216041	SAMN50935759	SRS26384244	lung alveolar organoid, Gdf2 knockout, plate1-4 well B11	"[""batch"", ""cell_type"", ""collection_date"", ""genotype"", ""geo_loc_name"", ""source_name""]"	"[[""source_name"", ""lung mouse alveolar type 2 cells and primary human fibroblasts""], [""cell_type"", ""lung mouse alveolar type 2 cells and primary human fibroblasts""], [""genotype"", ""Gdf2 CRISPR/Cas9 knockout""], [""batch"", ""plate1-4""]]"
GSE307351	GSM9216042	SAMN50935758	SRS26384245	lung alveolar organoid, Tead1 knockout, plate1-4 well C02	"[""batch"", ""cell_type"", ""collection_date"", ""genotype"", ""geo_loc_name"", ""source_name""]"	"[[""source_name"", ""lung mouse alveolar type 2 cells and primary human fibroblasts""], [""cell_type"", ""lung mouse alveolar type 2 cells and primary human fibroblasts""], [""genotype"", ""Tead1 CRISPR/Cas9 knockout""], [""batch"", ""plate1-4""]]"
GSE307351	GSM9216043	SAMN50935757	SRS26383637	lung alveolar organoid, Mecom knockout, plate1-4 well C03	"[""batch"", ""cell_type"", ""collection_date"", ""genotype"", ""geo_loc_name"", ""source_name""]"	"[[""source_name"", ""lung mouse alveolar type 2 cells and primary human fibroblasts""], [""cell_type"", ""lung mouse alveolar type 2 cells and primary human fibroblasts""], [""genotype"", ""Mecom CRISPR/Cas9 knockout""], [""batch"", ""plate1-4""]]"
GSE307351	GSM9216044	SAMN50935756	SRS26383638	lung alveolar organoid, Sftpd knockout, plate1-4 well C05	"[""batch"", ""cell_type"", ""collection_date"", ""genotype"", ""geo_loc_name"", ""source_name""]"	"[[""source_name"", ""lung mouse alveolar type 2 cells and primary human fibroblasts""], [""cell_type"", ""lung mouse alveolar type 2 cells and primary human fibroblasts""], [""genotype"", ""Sftpd CRISPR/Cas9 knockout""], [""batch"", ""plate1-4""]]"
GSE307351	GSM9216045	SAMN50935755	SRS26383640	lung alveolar organoid, Trp63 knockout, plate1-4 well C06	"[""batch"", ""cell_type"", ""collection_date"", ""genotype"", ""geo_loc_name"", ""source_name""]"	"[[""source_name"", ""lung mouse alveolar type 2 cells and primary human fibroblasts""], [""cell_type"", ""lung mouse alveolar type 2 cells and primary human fibroblasts""], [""genotype"", ""Trp63 CRISPR/Cas9 knockout""], [""batch"", ""plate1-4""]]"
GSE307351	GSM9216046	SAMN50935754	SRS26383639	lung alveolar organoid, Il1a knockout, plate1-4 well C07	"[""batch"", ""cell_type"", ""collection_date"", ""genotype"", ""geo_loc_name"", ""source_name""]"	"[[""source_name"", ""lung mouse alveolar type 2 cells and primary human fibroblasts""], [""cell_type"", ""lung mouse alveolar type 2 cells and primary human fibroblasts""], [""genotype"", ""Il1a CRISPR/Cas9 knockout""], [""batch"", ""plate1-4""]]"
GSE307351	GSM9216047	SAMN50935753	SRS26383641	lung alveolar organoid, Prkn knockout, plate1-4 well C08	"[""batch"", ""cell_type"", ""collection_date"", ""genotype"", ""geo_loc_name"", ""source_name""]"	"[[""source_name"", ""lung mouse alveolar type 2 cells and primary human fibroblasts""], [""cell_type"", ""lung mouse alveolar type 2 cells and primary human fibroblasts""], [""genotype"", ""Prkn CRISPR/Cas9 knockout""], [""batch"", ""plate1-4""]]"
GSE307351	GSM9216048	SAMN50935752	SRS26383642	lung alveolar organoid, Tigit knockout, plate1-4 well C09	"[""batch"", ""cell_type"", ""collection_date"", ""genotype"", ""geo_loc_name"", ""source_name""]"	"[[""source_name"", ""lung mouse alveolar type 2 cells and primary human fibroblasts""], [""cell_type"", ""lung mouse alveolar type 2 cells and primary human fibroblasts""], [""genotype"", ""Tigit CRISPR/Cas9 knockout""], [""batch"", ""plate1-4""]]"
GSE307351	GSM9216049	SAMN50935751	SRS26383643	lung alveolar organoid, Bmp10 knockout, plate1-4 well C10	"[""batch"", ""cell_type"", ""collection_date"", ""genotype"", ""geo_loc_name"", ""source_name""]"	"[[""source_name"", ""lung mouse alveolar type 2 cells and primary human fibroblasts""], [""cell_type"", ""lung mouse alveolar type 2 cells and primary human fibroblasts""], [""genotype"", ""Bmp10 CRISPR/Cas9 knockout""], [""batch"", ""plate1-4""]]"
GSE307351	GSM9216050	SAMN50935750	SRS26383644	lung alveolar organoid, Pla2g15 knockout, plate1-4 well C11	"[""batch"", ""cell_type"", ""collection_date"", ""genotype"", ""geo_loc_name"", ""source_name""]"	"[[""source_name"", ""lung mouse alveolar type 2 cells and primary human fibroblasts""], [""cell_type"", ""lung mouse alveolar type 2 cells and primary human fibroblasts""], [""genotype"", ""Pla2g15 CRISPR/Cas9 knockout""], [""batch"", ""plate1-4""]]"
GSE307351	GSM9216051	SAMN50935749	SRS26384486	lung alveolar organoid, Ror1 knockout, plate1-4 well D02	"[""batch"", ""cell_type"", ""collection_date"", ""genotype"", ""geo_loc_name"", ""source_name""]"	"[[""source_name"", ""lung mouse alveolar type 2 cells and primary human fibroblasts""], [""cell_type"", ""lung mouse alveolar type 2 cells and primary human fibroblasts""], [""genotype"", ""Ror1 CRISPR/Cas9 knockout""], [""batch"", ""plate1-4""]]"
GSE307351	GSM9216052	SAMN50935748	SRS26384485	lung alveolar organoid, Npnt knockout, plate1-4 well D03	"[""batch"", ""cell_type"", ""collection_date"", ""genotype"", ""geo_loc_name"", ""source_name""]"	"[[""source_name"", ""lung mouse alveolar type 2 cells and primary human fibroblasts""], [""cell_type"", ""lung mouse alveolar type 2 cells and primary human fibroblasts""], [""genotype"", ""Npnt CRISPR/Cas9 knockout""], [""batch"", ""plate1-4""]]"
GSE307351	GSM9216053	SAMN50935747	SRS26384124	lung alveolar organoid, Rnf43 knockout, plate1-4 well D04	"[""batch"", ""cell_type"", ""collection_date"", ""genotype"", ""geo_loc_name"", ""source_name""]"	"[[""source_name"", ""lung mouse alveolar type 2 cells and primary human fibroblasts""], [""cell_type"", ""lung mouse alveolar type 2 cells and primary human fibroblasts""], [""genotype"", ""Rnf43 CRISPR/Cas9 knockout""], [""batch"", ""plate1-4""]]"
GSE307351	GSM9216054	SAMN50935746	SRS26384125	lung alveolar organoid, Tns1 knockout, plate1-4 well D05	"[""batch"", ""cell_type"", ""collection_date"", ""genotype"", ""geo_loc_name"", ""source_name""]"	"[[""source_name"", ""lung mouse alveolar type 2 cells and primary human fibroblasts""], [""cell_type"", ""lung mouse alveolar type 2 cells and primary human fibroblasts""], [""genotype"", ""Tns1 CRISPR/Cas9 knockout""], [""batch"", ""plate1-4""]]"
GSE307351	GSM9216055	SAMN50935745	SRS26384127	lung alveolar organoid, Ttf1 knockout, plate1-4 well D06	"[""batch"", ""cell_type"", ""collection_date"", ""genotype"", ""geo_loc_name"", ""source_name""]"	"[[""source_name"", ""lung mouse alveolar type 2 cells and primary human fibroblasts""], [""cell_type"", ""lung mouse alveolar type 2 cells and primary human fibroblasts""], [""genotype"", ""Ttf1 CRISPR/Cas9 knockout""], [""batch"", ""plate1-4""]]"
GSE307351	GSM9216056	SAMN50935744	SRS26384130	lung alveolar organoid, Tigit knockout, plate1-4 well D07	"[""batch"", ""cell_type"", ""collection_date"", ""genotype"", ""geo_loc_name"", ""source_name""]"	"[[""source_name"", ""lung mouse alveolar type 2 cells and primary human fibroblasts""], [""cell_type"", ""lung mouse alveolar type 2 cells and primary human fibroblasts""], [""genotype"", ""Tigit CRISPR/Cas9 knockout""], [""batch"", ""plate1-4""]]"
GSE307351	GSM9216057	SAMN50935743	SRS26384128	lung alveolar organoid, Keap1 knockout, plate1-4 well D08	"[""batch"", ""cell_type"", ""collection_date"", ""genotype"", ""geo_loc_name"", ""source_name""]"	"[[""source_name"", ""lung mouse alveolar type 2 cells and primary human fibroblasts""], [""cell_type"", ""lung mouse alveolar type 2 cells and primary human fibroblasts""], [""genotype"", ""Keap1 CRISPR/Cas9 knockout""], [""batch"", ""plate1-4""]]"
GSE307351	GSM9216058	SAMN50935742	SRS26384126	lung alveolar organoid, Tfeb knockout, plate1-4 well D09	"[""batch"", ""cell_type"", ""collection_date"", ""genotype"", ""geo_loc_name"", ""source_name""]"	"[[""source_name"", ""lung mouse alveolar type 2 cells and primary human fibroblasts""], [""cell_type"", ""lung mouse alveolar type 2 cells and primary human fibroblasts""], [""genotype"", ""Tfeb CRISPR/Cas9 knockout""], [""batch"", ""plate1-4""]]"
GSE307351	GSM9216059	SAMN50935741	SRS26383745	lung alveolar organoid, Fgf7 knockout, plate1-4 well D10	"[""batch"", ""cell_type"", ""collection_date"", ""genotype"", ""geo_loc_name"", ""source_name""]"	"[[""source_name"", ""lung mouse alveolar type 2 cells and primary human fibroblasts""], [""cell_type"", ""lung mouse alveolar type 2 cells and primary human fibroblasts""], [""genotype"", ""Fgf7 CRISPR/Cas9 knockout""], [""batch"", ""plate1-4""]]"
GSE307351	GSM9216060	SAMN50935740	SRS26383747	lung alveolar organoid, Il1a knockout, plate1-4 well D11	"[""batch"", ""cell_type"", ""collection_date"", ""genotype"", ""geo_loc_name"", ""source_name""]"	"[[""source_name"", ""lung mouse alveolar type 2 cells and primary human fibroblasts""], [""cell_type"", ""lung mouse alveolar type 2 cells and primary human fibroblasts""], [""genotype"", ""Il1a CRISPR/Cas9 knockout""], [""batch"", ""plate1-4""]]"
GSE307351	GSM9216061	SAMN50935739	SRS26383746	lung alveolar organoid, Tfcp2l1 knockout, plate1-4 well E02	"[""batch"", ""cell_type"", ""collection_date"", ""genotype"", ""geo_loc_name"", ""source_name""]"	"[[""source_name"", ""lung mouse alveolar type 2 cells and primary human fibroblasts""], [""cell_type"", ""lung mouse alveolar type 2 cells and primary human fibroblasts""], [""genotype"", ""Tfcp2l1 CRISPR/Cas9 knockout""], [""batch"", ""plate1-4""]]"
GSE307351	GSM9216062	SAMN50935738	SRS26383748	lung alveolar organoid, Tigit knockout, plate1-4 well E03	"[""batch"", ""cell_type"", ""collection_date"", ""genotype"", ""geo_loc_name"", ""source_name""]"	"[[""source_name"", ""lung mouse alveolar type 2 cells and primary human fibroblasts""], [""cell_type"", ""lung mouse alveolar type 2 cells and primary human fibroblasts""], [""genotype"", ""Tigit CRISPR/Cas9 knockout""], [""batch"", ""plate1-4""]]"
GSE307351	GSM9216063	SAMN50935737	SRS26383750	lung alveolar organoid, Sox4 knockout, plate1-4 well E04	"[""batch"", ""cell_type"", ""collection_date"", ""genotype"", ""geo_loc_name"", ""source_name""]"	"[[""source_name"", ""lung mouse alveolar type 2 cells and primary human fibroblasts""], [""cell_type"", ""lung mouse alveolar type 2 cells and primary human fibroblasts""], [""genotype"", ""Sox4 CRISPR/Cas9 knockout""], [""batch"", ""plate1-4""]]"
GSE307351	GSM9216064	SAMN50935736	SRS26383749	lung alveolar organoid, Twist1 knockout, plate1-4 well E05	"[""batch"", ""cell_type"", ""collection_date"", ""genotype"", ""geo_loc_name"", ""source_name""]"	"[[""source_name"", ""lung mouse alveolar type 2 cells and primary human fibroblasts""], [""cell_type"", ""lung mouse alveolar type 2 cells and primary human fibroblasts""], [""genotype"", ""Twist1 CRISPR/Cas9 knockout""], [""batch"", ""plate1-4""]]"
GSE307351	GSM9216065	SAMN50935735	SRS26383751	lung alveolar organoid, Nkx21 knockout, plate1-4 well E06	"[""batch"", ""cell_type"", ""collection_date"", ""genotype"", ""geo_loc_name"", ""source_name""]"	"[[""source_name"", ""lung mouse alveolar type 2 cells and primary human fibroblasts""], [""cell_type"", ""lung mouse alveolar type 2 cells and primary human fibroblasts""], [""genotype"", ""Nkx21 CRISPR/Cas9 knockout""], [""batch"", ""plate1-4""]]"
GSE307351	GSM9216066	SAMN50935734	SRS26383752	lung alveolar organoid, Usp30 knockout, plate1-4 well E07	"[""batch"", ""cell_type"", ""collection_date"", ""genotype"", ""geo_loc_name"", ""source_name""]"	"[[""source_name"", ""lung mouse alveolar type 2 cells and primary human fibroblasts""], [""cell_type"", ""lung mouse alveolar type 2 cells and primary human fibroblasts""], [""genotype"", ""Usp30 CRISPR/Cas9 knockout""], [""batch"", ""plate1-4""]]"
GSE307351	GSM9216067	SAMN50935733	SRS26384246	lung alveolar organoid, Nfe2l2 knockout, plate1-4 well E08	"[""batch"", ""cell_type"", ""collection_date"", ""genotype"", ""geo_loc_name"", ""source_name""]"	"[[""source_name"", ""lung mouse alveolar type 2 cells and primary human fibroblasts""], [""cell_type"", ""lung mouse alveolar type 2 cells and primary human fibroblasts""], [""genotype"", ""Nfe2l2 CRISPR/Cas9 knockout""], [""batch"", ""plate1-4""]]"
GSE307351	GSM9216068	SAMN50935732	SRS26384247	lung alveolar organoid, Ulk1 knockout, plate1-4 well E09	"[""batch"", ""cell_type"", ""collection_date"", ""genotype"", ""geo_loc_name"", ""source_name""]"	"[[""source_name"", ""lung mouse alveolar type 2 cells and primary human fibroblasts""], [""cell_type"", ""lung mouse alveolar type 2 cells and primary human fibroblasts""], [""genotype"", ""Ulk1 CRISPR/Cas9 knockout""], [""batch"", ""plate1-4""]]"
GSE307351	GSM9216069	SAMN50935731	SRS26384248	lung alveolar organoid, Inhba knockout, plate1-4 well E10	"[""batch"", ""cell_type"", ""collection_date"", ""genotype"", ""geo_loc_name"", ""source_name""]"	"[[""source_name"", ""lung mouse alveolar type 2 cells and primary human fibroblasts""], [""cell_type"", ""lung mouse alveolar type 2 cells and primary human fibroblasts""], [""genotype"", ""Inhba CRISPR/Cas9 knockout""], [""batch"", ""plate1-4""]]"
GSE307351	GSM9216070	SAMN50935730	SRS26384249	lung alveolar organoid, Manf knockout, plate1-4 well E11	"[""batch"", ""cell_type"", ""collection_date"", ""genotype"", ""geo_loc_name"", ""source_name""]"	"[[""source_name"", ""lung mouse alveolar type 2 cells and primary human fibroblasts""], [""cell_type"", ""lung mouse alveolar type 2 cells and primary human fibroblasts""], [""genotype"", ""Manf CRISPR/Cas9 knockout""], [""batch"", ""plate1-4""]]"
GSE307351	GSM9216071	SAMN50935729	SRS26384251	lung alveolar organoid, Tigit knockout, plate1-4 well F02	"[""batch"", ""cell_type"", ""collection_date"", ""genotype"", ""geo_loc_name"", ""source_name""]"	"[[""source_name"", ""lung mouse alveolar type 2 cells and primary human fibroblasts""], [""cell_type"", ""lung mouse alveolar type 2 cells and primary human fibroblasts""], [""genotype"", ""Tigit CRISPR/Cas9 knockout""], [""batch"", ""plate1-4""]]"
GSE307351	GSM9216072	SAMN50935728	SRS26384250	lung alveolar organoid, Rbms3 knockout, plate1-4 well F03	"[""batch"", ""cell_type"", ""collection_date"", ""genotype"", ""geo_loc_name"", ""source_name""]"	"[[""source_name"", ""lung mouse alveolar type 2 cells and primary human fibroblasts""], [""cell_type"", ""lung mouse alveolar type 2 cells and primary human fibroblasts""], [""genotype"", ""Rbms3 CRISPR/Cas9 knockout""], [""batch"", ""plate1-4""]]"
GSE307351	GSM9216073	SAMN50935727	SRS26384252	lung alveolar organoid, Ager knockout, plate1-4 well F04	"[""batch"", ""cell_type"", ""collection_date"", ""genotype"", ""geo_loc_name"", ""source_name""]"	"[[""source_name"", ""lung mouse alveolar type 2 cells and primary human fibroblasts""], [""cell_type"", ""lung mouse alveolar type 2 cells and primary human fibroblasts""], [""genotype"", ""Ager CRISPR/Cas9 knockout""], [""batch"", ""plate1-4""]]"
GSE307351	GSM9216074	SAMN50935726	SRS26384254	lung alveolar organoid, Terf1 knockout, plate1-4 well F05	"[""batch"", ""cell_type"", ""collection_date"", ""genotype"", ""geo_loc_name"", ""source_name""]"	"[[""source_name"", ""lung mouse alveolar type 2 cells and primary human fibroblasts""], [""cell_type"", ""lung mouse alveolar type 2 cells and primary human fibroblasts""], [""genotype"", ""Terf1 CRISPR/Cas9 knockout""], [""batch"", ""plate1-4""]]"
GSE307351	GSM9216075	SAMN50935725	SRS26383646	lung alveolar organoid, Fam13a knockout, plate1-4 well F06	"[""batch"", ""cell_type"", ""collection_date"", ""genotype"", ""geo_loc_name"", ""source_name""]"	"[[""source_name"", ""lung mouse alveolar type 2 cells and primary human fibroblasts""], [""cell_type"", ""lung mouse alveolar type 2 cells and primary human fibroblasts""], [""genotype"", ""Fam13a CRISPR/Cas9 knockout""], [""batch"", ""plate1-4""]]"
GSE307351	GSM9216076	SAMN50935724	SRS26383645	lung alveolar organoid, Nr1d1 knockout, plate1-4 well F07	"[""batch"", ""cell_type"", ""collection_date"", ""genotype"", ""geo_loc_name"", ""source_name""]"	"[[""source_name"", ""lung mouse alveolar type 2 cells and primary human fibroblasts""], [""cell_type"", ""lung mouse alveolar type 2 cells and primary human fibroblasts""], [""genotype"", ""Nr1d1 CRISPR/Cas9 knockout""], [""batch"", ""plate1-4""]]"
GSE307351	GSM9216077	SAMN50935723	SRS26383647	lung alveolar organoid, Eif2b1 knockout, plate1-4 well F08	"[""batch"", ""cell_type"", ""collection_date"", ""genotype"", ""geo_loc_name"", ""source_name""]"	"[[""source_name"", ""lung mouse alveolar type 2 cells and primary human fibroblasts""], [""cell_type"", ""lung mouse alveolar type 2 cells and primary human fibroblasts""], [""genotype"", ""Eif2b1 CRISPR/Cas9 knockout""], [""batch"", ""plate1-4""]]"
GSE307351	GSM9216078	SAMN50935722	SRS26383649	lung alveolar organoid, Atg16l1 knockout, plate1-4 well F09	"[""batch"", ""cell_type"", ""collection_date"", ""genotype"", ""geo_loc_name"", ""source_name""]"	"[[""source_name"", ""lung mouse alveolar type 2 cells and primary human fibroblasts""], [""cell_type"", ""lung mouse alveolar type 2 cells and primary human fibroblasts""], [""genotype"", ""Atg16l1 CRISPR/Cas9 knockout""], [""batch"", ""plate1-4""]]"
GSE307351	GSM9216079	SAMN50935721	SRS26383648	lung alveolar organoid, Xbp1 knockout, plate1-4 well F10	"[""batch"", ""cell_type"", ""collection_date"", ""genotype"", ""geo_loc_name"", ""source_name""]"	"[[""source_name"", ""lung mouse alveolar type 2 cells and primary human fibroblasts""], [""cell_type"", ""lung mouse alveolar type 2 cells and primary human fibroblasts""], [""genotype"", ""Xbp1 CRISPR/Cas9 knockout""], [""batch"", ""plate1-4""]]"
GSE307351	GSM9216080	SAMN50935720	SRS26383650	lung alveolar organoid, Rad21 knockout, plate1-4 well F11	"[""batch"", ""cell_type"", ""collection_date"", ""genotype"", ""geo_loc_name"", ""source_name""]"	"[[""source_name"", ""lung mouse alveolar type 2 cells and primary human fibroblasts""], [""cell_type"", ""lung mouse alveolar type 2 cells and primary human fibroblasts""], [""genotype"", ""Rad21 CRISPR/Cas9 knockout""], [""batch"", ""plate1-4""]]"
GSE307351	GSM9216081	SAMN50935719	SRS26383651	lung alveolar organoid, Pid1 knockout, plate1-4 well G02	"[""batch"", ""cell_type"", ""collection_date"", ""genotype"", ""geo_loc_name"", ""source_name""]"	"[[""source_name"", ""lung mouse alveolar type 2 cells and primary human fibroblasts""], [""cell_type"", ""lung mouse alveolar type 2 cells and primary human fibroblasts""], [""genotype"", ""Pid1 CRISPR/Cas9 knockout""], [""batch"", ""plate1-4""]]"
GSE307351	GSM9216082	SAMN50935718	SRS26383652	lung alveolar organoid, Serpina1a knockout, plate1-4 well G03	"[""batch"", ""cell_type"", ""collection_date"", ""genotype"", ""geo_loc_name"", ""source_name""]"	"[[""source_name"", ""lung mouse alveolar type 2 cells and primary human fibroblasts""], [""cell_type"", ""lung mouse alveolar type 2 cells and primary human fibroblasts""], [""genotype"", ""Serpina1a CRISPR/Cas9 knockout""], [""batch"", ""plate1-4""]]"
GSE307351	GSM9216083	SAMN50935717	SRS26384129	lung alveolar organoid, Cacna2d3 knockout, plate1-4 well G04	"[""batch"", ""cell_type"", ""collection_date"", ""genotype"", ""geo_loc_name"", ""source_name""]"	"[[""source_name"", ""lung mouse alveolar type 2 cells and primary human fibroblasts""], [""cell_type"", ""lung mouse alveolar type 2 cells and primary human fibroblasts""], [""genotype"", ""Cacna2d3 CRISPR/Cas9 knockout""], [""batch"", ""plate1-4""]]"
GSE307351	GSM9216084	SAMN50935716	SRS26384131	lung alveolar organoid, Chrm3 knockout, plate1-4 well G05	"[""batch"", ""cell_type"", ""collection_date"", ""genotype"", ""geo_loc_name"", ""source_name""]"	"[[""source_name"", ""lung mouse alveolar type 2 cells and primary human fibroblasts""], [""cell_type"", ""lung mouse alveolar type 2 cells and primary human fibroblasts""], [""genotype"", ""Chrm3 CRISPR/Cas9 knockout""], [""batch"", ""plate1-4""]]"
GSE307351	GSM9216085	SAMN50935715	SRS26384132	lung alveolar organoid, Hhip knockout, plate1-4 well G06	"[""batch"", ""cell_type"", ""collection_date"", ""genotype"", ""geo_loc_name"", ""source_name""]"	"[[""source_name"", ""lung mouse alveolar type 2 cells and primary human fibroblasts""], [""cell_type"", ""lung mouse alveolar type 2 cells and primary human fibroblasts""], [""genotype"", ""Hhip CRISPR/Cas9 knockout""], [""batch"", ""plate1-4""]]"
GSE307351	GSM9216086	SAMN50935714	SRS26384133	lung alveolar organoid, Nr1d2 knockout, plate1-4 well G07	"[""batch"", ""cell_type"", ""collection_date"", ""genotype"", ""geo_loc_name"", ""source_name""]"	"[[""source_name"", ""lung mouse alveolar type 2 cells and primary human fibroblasts""], [""cell_type"", ""lung mouse alveolar type 2 cells and primary human fibroblasts""], [""genotype"", ""Nr1d2 CRISPR/Cas9 knockout""], [""batch"", ""plate1-4""]]"
GSE307351	GSM9216087	SAMN50935713	SRS26384139	lung alveolar organoid, Ern1 knockout, plate1-4 well G08	"[""batch"", ""cell_type"", ""collection_date"", ""genotype"", ""geo_loc_name"", ""source_name""]"	"[[""source_name"", ""lung mouse alveolar type 2 cells and primary human fibroblasts""], [""cell_type"", ""lung mouse alveolar type 2 cells and primary human fibroblasts""], [""genotype"", ""Ern1 CRISPR/Cas9 knockout""], [""batch"", ""plate1-4""]]"
GSE307351	GSM9216088	SAMN50935712	SRS26384135	lung alveolar organoid, Becn1 knockout, plate1-4 well G09	"[""batch"", ""cell_type"", ""collection_date"", ""genotype"", ""geo_loc_name"", ""source_name""]"	"[[""source_name"", ""lung mouse alveolar type 2 cells and primary human fibroblasts""], [""cell_type"", ""lung mouse alveolar type 2 cells and primary human fibroblasts""], [""genotype"", ""Becn1 CRISPR/Cas9 knockout""], [""batch"", ""plate1-4""]]"
GSE307351	GSM9216089	SAMN50935711	SRS26384134	lung alveolar organoid, Tdtomato knockout, plate1-4 well G10	"[""batch"", ""cell_type"", ""collection_date"", ""genotype"", ""geo_loc_name"", ""source_name""]"	"[[""source_name"", ""lung mouse alveolar type 2 cells and primary human fibroblasts""], [""cell_type"", ""lung mouse alveolar type 2 cells and primary human fibroblasts""], [""genotype"", ""Tdtomato CRISPR/Cas9 knockout""], [""batch"", ""plate1-4""]]"
GSE307351	GSM9216090	SAMN50935710	SRS26384137	lung alveolar organoid, Tigit knockout, plate1-4 well G11	"[""batch"", ""cell_type"", ""collection_date"", ""genotype"", ""geo_loc_name"", ""source_name""]"	"[[""source_name"", ""lung mouse alveolar type 2 cells and primary human fibroblasts""], [""cell_type"", ""lung mouse alveolar type 2 cells and primary human fibroblasts""], [""genotype"", ""Tigit CRISPR/Cas9 knockout""], [""batch"", ""plate1-4""]]"
GSE307351	GSM9216091	SAMN50935709	SRS26383753	lung alveolar organoid, Ivd knockout, plate2-2 well B02	"[""batch"", ""cell_type"", ""collection_date"", ""genotype"", ""geo_loc_name"", ""source_name""]"	"[[""source_name"", ""lung mouse alveolar type 2 cells and primary human fibroblasts""], [""cell_type"", ""lung mouse alveolar type 2 cells and primary human fibroblasts""], [""genotype"", ""Ivd CRISPR/Cas9 knockout""], [""batch"", ""plate2-2""]]"
GSE307351	GSM9216092	SAMN50935708	SRS26383754	lung alveolar organoid, Acoxl knockout, plate2-2 well B03	"[""batch"", ""cell_type"", ""collection_date"", ""genotype"", ""geo_loc_name"", ""source_name""]"	"[[""source_name"", ""lung mouse alveolar type 2 cells and primary human fibroblasts""], [""cell_type"", ""lung mouse alveolar type 2 cells and primary human fibroblasts""], [""genotype"", ""Acoxl CRISPR/Cas9 knockout""], [""batch"", ""plate2-2""]]"
GSE307351	GSM9216093	SAMN50935707	SRS26383755	lung alveolar organoid, Tigit knockout, plate2-2 well B04	"[""batch"", ""cell_type"", ""collection_date"", ""genotype"", ""geo_loc_name"", ""source_name""]"	"[[""source_name"", ""lung mouse alveolar type 2 cells and primary human fibroblasts""], [""cell_type"", ""lung mouse alveolar type 2 cells and primary human fibroblasts""], [""genotype"", ""Tigit CRISPR/Cas9 knockout""], [""batch"", ""plate2-2""]]"
GSE307351	GSM9216094	SAMN50935706	SRS26383757	lung alveolar organoid, Tdtomato knockout, plate2-2 well B05	"[""batch"", ""cell_type"", ""collection_date"", ""genotype"", ""geo_loc_name"", ""source_name""]"	"[[""source_name"", ""lung mouse alveolar type 2 cells and primary human fibroblasts""], [""cell_type"", ""lung mouse alveolar type 2 cells and primary human fibroblasts""], [""genotype"", ""Tdtomato CRISPR/Cas9 knockout""], [""batch"", ""plate2-2""]]"
GSE307351	GSM9216095	SAMN50935705	SRS26383756	lung alveolar organoid, Lnx2 knockout, plate2-2 well B06	"[""batch"", ""cell_type"", ""collection_date"", ""genotype"", ""geo_loc_name"", ""source_name""]"	"[[""source_name"", ""lung mouse alveolar type 2 cells and primary human fibroblasts""], [""cell_type"", ""lung mouse alveolar type 2 cells and primary human fibroblasts""], [""genotype"", ""Lnx2 CRISPR/Cas9 knockout""], [""batch"", ""plate2-2""]]"
GSE307351	GSM9216096	SAMN50935704	SRS26383758	lung alveolar organoid, Chrna5 knockout, plate2-2 well B07	"[""batch"", ""cell_type"", ""collection_date"", ""genotype"", ""geo_loc_name"", ""source_name""]"	"[[""source_name"", ""lung mouse alveolar type 2 cells and primary human fibroblasts""], [""cell_type"", ""lung mouse alveolar type 2 cells and primary human fibroblasts""], [""genotype"", ""Chrna5 CRISPR/Cas9 knockout""], [""batch"", ""plate2-2""]]"
GSE307351	GSM9216097	SAMN50935703	SRS26383760	lung alveolar organoid, Marcks knockout, plate2-2 well B08	"[""batch"", ""cell_type"", ""collection_date"", ""genotype"", ""geo_loc_name"", ""source_name""]"	"[[""source_name"", ""lung mouse alveolar type 2 cells and primary human fibroblasts""], [""cell_type"", ""lung mouse alveolar type 2 cells and primary human fibroblasts""], [""genotype"", ""Marcks CRISPR/Cas9 knockout""], [""batch"", ""plate2-2""]]"
GSE307351	GSM9216098	SAMN50935702	SRS26383759	lung alveolar organoid, Trib3 knockout, plate2-2 well B09	"[""batch"", ""cell_type"", ""collection_date"", ""genotype"", ""geo_loc_name"", ""source_name""]"	"[[""source_name"", ""lung mouse alveolar type 2 cells and primary human fibroblasts""], [""cell_type"", ""lung mouse alveolar type 2 cells and primary human fibroblasts""], [""genotype"", ""Trib3 CRISPR/Cas9 knockout""], [""batch"", ""plate2-2""]]"
GSE307351	GSM9216099	SAMN50935701	SRS26384253	lung alveolar organoid, Il4ra knockout, plate2-2 well B10	"[""batch"", ""cell_type"", ""collection_date"", ""genotype"", ""geo_loc_name"", ""source_name""]"	"[[""source_name"", ""lung mouse alveolar type 2 cells and primary human fibroblasts""], [""cell_type"", ""lung mouse alveolar type 2 cells and primary human fibroblasts""], [""genotype"", ""Il4ra CRISPR/Cas9 knockout""], [""batch"", ""plate2-2""]]"
GSE307351	GSM9216100	SAMN50935700	SRS26384256	lung alveolar organoid, Atp6v1c2 knockout, plate2-2 well B11	"[""batch"", ""cell_type"", ""collection_date"", ""genotype"", ""geo_loc_name"", ""source_name""]"	"[[""source_name"", ""lung mouse alveolar type 2 cells and primary human fibroblasts""], [""cell_type"", ""lung mouse alveolar type 2 cells and primary human fibroblasts""], [""genotype"", ""Atp6v1c2 CRISPR/Cas9 knockout""], [""batch"", ""plate2-2""]]"
GSE307351	GSM9216101	SAMN50935699	SRS26384255	lung alveolar organoid, Nav2 knockout, plate2-2 well C02	"[""batch"", ""cell_type"", ""collection_date"", ""genotype"", ""geo_loc_name"", ""source_name""]"	"[[""source_name"", ""lung mouse alveolar type 2 cells and primary human fibroblasts""], [""cell_type"", ""lung mouse alveolar type 2 cells and primary human fibroblasts""], [""genotype"", ""Nav2 CRISPR/Cas9 knockout""], [""batch"", ""plate2-2""]]"
GSE307351	GSM9216102	SAMN50935698	SRS26384257	lung alveolar organoid, Atp11a knockout, plate2-2 well C03	"[""batch"", ""cell_type"", ""collection_date"", ""genotype"", ""geo_loc_name"", ""source_name""]"	"[[""source_name"", ""lung mouse alveolar type 2 cells and primary human fibroblasts""], [""cell_type"", ""lung mouse alveolar type 2 cells and primary human fibroblasts""], [""genotype"", ""Atp11a CRISPR/Cas9 knockout""], [""batch"", ""plate2-2""]]"
GSE307351	GSM9216103	SAMN50935697	SRS26384258	lung alveolar organoid, Patj knockout, plate2-2 well C04	"[""batch"", ""cell_type"", ""collection_date"", ""genotype"", ""geo_loc_name"", ""source_name""]"	"[[""source_name"", ""lung mouse alveolar type 2 cells and primary human fibroblasts""], [""cell_type"", ""lung mouse alveolar type 2 cells and primary human fibroblasts""], [""genotype"", ""Patj CRISPR/Cas9 knockout""], [""batch"", ""plate2-2""]]"
GSE307351	GSM9216104	SAMN50935696	SRS26384259	lung alveolar organoid, Megf6 knockout, plate2-2 well C05	"[""batch"", ""cell_type"", ""collection_date"", ""genotype"", ""geo_loc_name"", ""source_name""]"	"[[""source_name"", ""lung mouse alveolar type 2 cells and primary human fibroblasts""], [""cell_type"", ""lung mouse alveolar type 2 cells and primary human fibroblasts""], [""genotype"", ""Megf6 CRISPR/Cas9 knockout""], [""batch"", ""plate2-2""]]"
GSE307351	GSM9216105	SAMN50935695	SRS26384261	lung alveolar organoid, Snx30 knockout, plate2-2 well C06	"[""batch"", ""cell_type"", ""collection_date"", ""genotype"", ""geo_loc_name"", ""source_name""]"	"[[""source_name"", ""lung mouse alveolar type 2 cells and primary human fibroblasts""], [""cell_type"", ""lung mouse alveolar type 2 cells and primary human fibroblasts""], [""genotype"", ""Snx30 CRISPR/Cas9 knockout""], [""batch"", ""plate2-2""]]"
GSE307351	GSM9216106	SAMN50935694	SRS26384260	lung alveolar organoid, Chat knockout, plate2-2 well C07	"[""batch"", ""cell_type"", ""collection_date"", ""genotype"", ""geo_loc_name"", ""source_name""]"	"[[""source_name"", ""lung mouse alveolar type 2 cells and primary human fibroblasts""], [""cell_type"", ""lung mouse alveolar type 2 cells and primary human fibroblasts""], [""genotype"", ""Chat CRISPR/Cas9 knockout""], [""batch"", ""plate2-2""]]"
GSE307351	GSM9216107	SAMN50935693	SRS26383654	lung alveolar organoid, Wnt7b knockout, plate2-2 well C08	"[""batch"", ""cell_type"", ""collection_date"", ""genotype"", ""geo_loc_name"", ""source_name""]"	"[[""source_name"", ""lung mouse alveolar type 2 cells and primary human fibroblasts""], [""cell_type"", ""lung mouse alveolar type 2 cells and primary human fibroblasts""], [""genotype"", ""Wnt7b CRISPR/Cas9 knockout""], [""batch"", ""plate2-2""]]"
GSE307351	GSM9216108	SAMN50935692	SRS26383655	lung alveolar organoid, Tigit knockout, plate2-2 well C09	"[""batch"", ""cell_type"", ""collection_date"", ""genotype"", ""geo_loc_name"", ""source_name""]"	"[[""source_name"", ""lung mouse alveolar type 2 cells and primary human fibroblasts""], [""cell_type"", ""lung mouse alveolar type 2 cells and primary human fibroblasts""], [""genotype"", ""Tigit CRISPR/Cas9 knockout""], [""batch"", ""plate2-2""]]"
GSE307351	GSM9216109	SAMN50935691	SRS26383653	lung alveolar organoid, Hlf knockout, plate2-2 well C10	"[""batch"", ""cell_type"", ""collection_date"", ""genotype"", ""geo_loc_name"", ""source_name""]"	"[[""source_name"", ""lung mouse alveolar type 2 cells and primary human fibroblasts""], [""cell_type"", ""lung mouse alveolar type 2 cells and primary human fibroblasts""], [""genotype"", ""Hlf CRISPR/Cas9 knockout""], [""batch"", ""plate2-2""]]"
GSE307351	GSM9216110	SAMN50935690	SRS26383656	lung alveolar organoid, Irx1 knockout, plate2-2 well C11	"[""batch"", ""cell_type"", ""collection_date"", ""genotype"", ""geo_loc_name"", ""source_name""]"	"[[""source_name"", ""lung mouse alveolar type 2 cells and primary human fibroblasts""], [""cell_type"", ""lung mouse alveolar type 2 cells and primary human fibroblasts""], [""genotype"", ""Irx1 CRISPR/Cas9 knockout""], [""batch"", ""plate2-2""]]"
GSE307351	GSM9216111	SAMN50935689	SRS26383657	lung alveolar organoid, Capn1 knockout, plate2-2 well D02	"[""batch"", ""cell_type"", ""collection_date"", ""genotype"", ""geo_loc_name"", ""source_name""]"	"[[""source_name"", ""lung mouse alveolar type 2 cells and primary human fibroblasts""], [""cell_type"", ""lung mouse alveolar type 2 cells and primary human fibroblasts""], [""genotype"", ""Capn1 CRISPR/Cas9 knockout""], [""batch"", ""plate2-2""]]"
GSE307351	GSM9216112	SAMN50935688	SRS26383658	lung alveolar organoid, Gpr37 knockout, plate2-2 well D03	"[""batch"", ""cell_type"", ""collection_date"", ""genotype"", ""geo_loc_name"", ""source_name""]"	"[[""source_name"", ""lung mouse alveolar type 2 cells and primary human fibroblasts""], [""cell_type"", ""lung mouse alveolar type 2 cells and primary human fibroblasts""], [""genotype"", ""Gpr37 CRISPR/Cas9 knockout""], [""batch"", ""plate2-2""]]"
GSE307351	GSM9216113	SAMN50935687	SRS26383660	lung alveolar organoid, Sdc1 knockout, plate2-2 well D04	"[""batch"", ""cell_type"", ""collection_date"", ""genotype"", ""geo_loc_name"", ""source_name""]"	"[[""source_name"", ""lung mouse alveolar type 2 cells and primary human fibroblasts""], [""cell_type"", ""lung mouse alveolar type 2 cells and primary human fibroblasts""], [""genotype"", ""Sdc1 CRISPR/Cas9 knockout""], [""batch"", ""plate2-2""]]"
GSE307351	GSM9216114	SAMN50935686	SRS26383659	lung alveolar organoid, Slc45a4 knockout, plate2-2 well D05	"[""batch"", ""cell_type"", ""collection_date"", ""genotype"", ""geo_loc_name"", ""source_name""]"	"[[""source_name"", ""lung mouse alveolar type 2 cells and primary human fibroblasts""], [""cell_type"", ""lung mouse alveolar type 2 cells and primary human fibroblasts""], [""genotype"", ""Slc45a4 CRISPR/Cas9 knockout""], [""batch"", ""plate2-2""]]"
GSE307351	GSM9216115	SAMN50935685	SRS26384136	lung alveolar organoid, Liph knockout, plate2-2 well D06	"[""batch"", ""cell_type"", ""collection_date"", ""genotype"", ""geo_loc_name"", ""source_name""]"	"[[""source_name"", ""lung mouse alveolar type 2 cells and primary human fibroblasts""], [""cell_type"", ""lung mouse alveolar type 2 cells and primary human fibroblasts""], [""genotype"", ""Liph CRISPR/Cas9 knockout""], [""batch"", ""plate2-2""]]"
GSE307351	GSM9216116	SAMN50935684	SRS26384138	lung alveolar organoid, Tigit knockout, plate2-2 well D07	"[""batch"", ""cell_type"", ""collection_date"", ""genotype"", ""geo_loc_name"", ""source_name""]"	"[[""source_name"", ""lung mouse alveolar type 2 cells and primary human fibroblasts""], [""cell_type"", ""lung mouse alveolar type 2 cells and primary human fibroblasts""], [""genotype"", ""Tigit CRISPR/Cas9 knockout""], [""batch"", ""plate2-2""]]"
GSE307351	GSM9216117	SAMN50935683	SRS26384140	lung alveolar organoid, Wnt9b knockout, plate2-2 well D08	"[""batch"", ""cell_type"", ""collection_date"", ""genotype"", ""geo_loc_name"", ""source_name""]"	"[[""source_name"", ""lung mouse alveolar type 2 cells and primary human fibroblasts""], [""cell_type"", ""lung mouse alveolar type 2 cells and primary human fibroblasts""], [""genotype"", ""Wnt9b CRISPR/Cas9 knockout""], [""batch"", ""plate2-2""]]"
GSE307351	GSM9216118	SAMN50935682	SRS26384143	lung alveolar organoid, Spns1 knockout, plate2-2 well D09	"[""batch"", ""cell_type"", ""collection_date"", ""genotype"", ""geo_loc_name"", ""source_name""]"	"[[""source_name"", ""lung mouse alveolar type 2 cells and primary human fibroblasts""], [""cell_type"", ""lung mouse alveolar type 2 cells and primary human fibroblasts""], [""genotype"", ""Spns1 CRISPR/Cas9 knockout""], [""batch"", ""plate2-2""]]"
GSE307351	GSM9216119	SAMN50935681	SRS26384141	lung alveolar organoid, Hif1a knockout, plate2-2 well D10	"[""batch"", ""cell_type"", ""collection_date"", ""genotype"", ""geo_loc_name"", ""source_name""]"	"[[""source_name"", ""lung mouse alveolar type 2 cells and primary human fibroblasts""], [""cell_type"", ""lung mouse alveolar type 2 cells and primary human fibroblasts""], [""genotype"", ""Hif1a CRISPR/Cas9 knockout""], [""batch"", ""plate2-2""]]"
GSE307351	GSM9216120	SAMN50935680	SRS26384142	lung alveolar organoid, Etv5 knockout, plate2-2 well D11	"[""batch"", ""cell_type"", ""collection_date"", ""genotype"", ""geo_loc_name"", ""source_name""]"	"[[""source_name"", ""lung mouse alveolar type 2 cells and primary human fibroblasts""], [""cell_type"", ""lung mouse alveolar type 2 cells and primary human fibroblasts""], [""genotype"", ""Etv5 CRISPR/Cas9 knockout""], [""batch"", ""plate2-2""]]"
GSE307351	GSM9216121	SAMN50935679	SRS26384144	lung alveolar organoid, Mecom knockout, plate2-2 well E02	"[""batch"", ""cell_type"", ""collection_date"", ""genotype"", ""geo_loc_name"", ""source_name""]"	"[[""source_name"", ""lung mouse alveolar type 2 cells and primary human fibroblasts""], [""cell_type"", ""lung mouse alveolar type 2 cells and primary human fibroblasts""], [""genotype"", ""Mecom CRISPR/Cas9 knockout""], [""batch"", ""plate2-2""]]"
GSE307351	GSM9216122	SAMN50935678	SRS26384145	lung alveolar organoid, Tigit knockout, plate2-2 well E03	"[""batch"", ""cell_type"", ""collection_date"", ""genotype"", ""geo_loc_name"", ""source_name""]"	"[[""source_name"", ""lung mouse alveolar type 2 cells and primary human fibroblasts""], [""cell_type"", ""lung mouse alveolar type 2 cells and primary human fibroblasts""], [""genotype"", ""Tigit CRISPR/Cas9 knockout""], [""batch"", ""plate2-2""]]"
GSE307351	GSM9216123	SAMN50935677	SRS26383761	lung alveolar organoid, Tollip knockout, plate2-2 well E04	"[""batch"", ""cell_type"", ""collection_date"", ""genotype"", ""geo_loc_name"", ""source_name""]"	"[[""source_name"", ""lung mouse alveolar type 2 cells and primary human fibroblasts""], [""cell_type"", ""lung mouse alveolar type 2 cells and primary human fibroblasts""], [""genotype"", ""Tollip CRISPR/Cas9 knockout""], [""batch"", ""plate2-2""]]"
GSE307351	GSM9216124	SAMN50935676	SRS26383762	lung alveolar organoid, Cxadr knockout, plate2-2 well E05	"[""batch"", ""cell_type"", ""collection_date"", ""genotype"", ""geo_loc_name"", ""source_name""]"	"[[""source_name"", ""lung mouse alveolar type 2 cells and primary human fibroblasts""], [""cell_type"", ""lung mouse alveolar type 2 cells and primary human fibroblasts""], [""genotype"", ""Cxadr CRISPR/Cas9 knockout""], [""batch"", ""plate2-2""]]"
GSE307351	GSM9216125	SAMN50935675	SRS26383763	lung alveolar organoid, Fgfr2 knockout, plate2-2 well E06	"[""batch"", ""cell_type"", ""collection_date"", ""genotype"", ""geo_loc_name"", ""source_name""]"	"[[""source_name"", ""lung mouse alveolar type 2 cells and primary human fibroblasts""], [""cell_type"", ""lung mouse alveolar type 2 cells and primary human fibroblasts""], [""genotype"", ""Fgfr2 CRISPR/Cas9 knockout""], [""batch"", ""plate2-2""]]"
GSE307351	GSM9216126	SAMN50935674	SRS26383764	lung alveolar organoid, Lrp6 knockout, plate2-2 well E07	"[""batch"", ""cell_type"", ""collection_date"", ""genotype"", ""geo_loc_name"", ""source_name""]"	"[[""source_name"", ""lung mouse alveolar type 2 cells and primary human fibroblasts""], [""cell_type"", ""lung mouse alveolar type 2 cells and primary human fibroblasts""], [""genotype"", ""Lrp6 CRISPR/Cas9 knockout""], [""batch"", ""plate2-2""]]"
GSE307351	GSM9216127	SAMN50935673	SRS26383766	lung alveolar organoid, Chrna3 knockout, plate2-2 well E08	"[""batch"", ""cell_type"", ""collection_date"", ""genotype"", ""geo_loc_name"", ""source_name""]"	"[[""source_name"", ""lung mouse alveolar type 2 cells and primary human fibroblasts""], [""cell_type"", ""lung mouse alveolar type 2 cells and primary human fibroblasts""], [""genotype"", ""Chrna3 CRISPR/Cas9 knockout""], [""batch"", ""plate2-2""]]"
GSE307351	GSM9216128	SAMN50935672	SRS26383765	lung alveolar organoid, Sh2b1 knockout, plate2-2 well E09	"[""batch"", ""cell_type"", ""collection_date"", ""genotype"", ""geo_loc_name"", ""source_name""]"	"[[""source_name"", ""lung mouse alveolar type 2 cells and primary human fibroblasts""], [""cell_type"", ""lung mouse alveolar type 2 cells and primary human fibroblasts""], [""genotype"", ""Sh2b1 CRISPR/Cas9 knockout""], [""batch"", ""plate2-2""]]"
GSE307351	GSM9216129	SAMN50935671	SRS26383767	lung alveolar organoid, Ros1 knockout, plate2-2 well E10	"[""batch"", ""cell_type"", ""collection_date"", ""genotype"", ""geo_loc_name"", ""source_name""]"	"[[""source_name"", ""lung mouse alveolar type 2 cells and primary human fibroblasts""], [""cell_type"", ""lung mouse alveolar type 2 cells and primary human fibroblasts""], [""genotype"", ""Ros1 CRISPR/Cas9 knockout""], [""batch"", ""plate2-2""]]"
GSE307351	GSM9216130	SAMN50935670	SRS26383768	lung alveolar organoid, Csf3r knockout, plate2-2 well E11	"[""batch"", ""cell_type"", ""collection_date"", ""genotype"", ""geo_loc_name"", ""source_name""]"	"[[""source_name"", ""lung mouse alveolar type 2 cells and primary human fibroblasts""], [""cell_type"", ""lung mouse alveolar type 2 cells and primary human fibroblasts""], [""genotype"", ""Csf3r CRISPR/Cas9 knockout""], [""batch"", ""plate2-2""]]"
GSE307351	GSM9216131	SAMN50935669	SRS26384262	lung alveolar organoid, Tigit knockout, plate2-2 well F02	"[""batch"", ""cell_type"", ""collection_date"", ""genotype"", ""geo_loc_name"", ""source_name""]"	"[[""source_name"", ""lung mouse alveolar type 2 cells and primary human fibroblasts""], [""cell_type"", ""lung mouse alveolar type 2 cells and primary human fibroblasts""], [""genotype"", ""Tigit CRISPR/Cas9 knockout""], [""batch"", ""plate2-2""]]"
GSE307351	GSM9216132	SAMN50935668	SRS26384263	lung alveolar organoid, Dsp knockout, plate2-2 well F03	"[""batch"", ""cell_type"", ""collection_date"", ""genotype"", ""geo_loc_name"", ""source_name""]"	"[[""source_name"", ""lung mouse alveolar type 2 cells and primary human fibroblasts""], [""cell_type"", ""lung mouse alveolar type 2 cells and primary human fibroblasts""], [""genotype"", ""Dsp CRISPR/Cas9 knockout""], [""batch"", ""plate2-2""]]"
GSE307351	GSM9216133	SAMN50935667	SRS26384265	lung alveolar organoid, Mtus1 knockout, plate2-2 well F04	"[""batch"", ""cell_type"", ""collection_date"", ""genotype"", ""geo_loc_name"", ""source_name""]"	"[[""source_name"", ""lung mouse alveolar type 2 cells and primary human fibroblasts""], [""cell_type"", ""lung mouse alveolar type 2 cells and primary human fibroblasts""], [""genotype"", ""Mtus1 CRISPR/Cas9 knockout""], [""batch"", ""plate2-2""]]"
GSE307351	GSM9216134	SAMN50935666	SRS26384264	lung alveolar organoid, Epcam knockout, plate2-2 well F05	"[""batch"", ""cell_type"", ""collection_date"", ""genotype"", ""geo_loc_name"", ""source_name""]"	"[[""source_name"", ""lung mouse alveolar type 2 cells and primary human fibroblasts""], [""cell_type"", ""lung mouse alveolar type 2 cells and primary human fibroblasts""], [""genotype"", ""Epcam CRISPR/Cas9 knockout""], [""batch"", ""plate2-2""]]"
GSE307351	GSM9216135	SAMN50935665	SRS26384266	lung alveolar organoid, Fzd7 knockout, plate2-2 well F06	"[""batch"", ""cell_type"", ""collection_date"", ""genotype"", ""geo_loc_name"", ""source_name""]"	"[[""source_name"", ""lung mouse alveolar type 2 cells and primary human fibroblasts""], [""cell_type"", ""lung mouse alveolar type 2 cells and primary human fibroblasts""], [""genotype"", ""Fzd7 CRISPR/Cas9 knockout""], [""batch"", ""plate2-2""]]"
GSE307351	GSM9216136	SAMN50935664	SRS26384268	lung alveolar organoid, Fzd1 knockout, plate2-2 well F07	"[""batch"", ""cell_type"", ""collection_date"", ""genotype"", ""geo_loc_name"", ""source_name""]"	"[[""source_name"", ""lung mouse alveolar type 2 cells and primary human fibroblasts""], [""cell_type"", ""lung mouse alveolar type 2 cells and primary human fibroblasts""], [""genotype"", ""Fzd1 CRISPR/Cas9 knockout""], [""batch"", ""plate2-2""]]"
GSE307351	GSM9216137	SAMN50935663	SRS26384267	lung alveolar organoid, Syt4 knockout, plate2-2 well F08	"[""batch"", ""cell_type"", ""collection_date"", ""genotype"", ""geo_loc_name"", ""source_name""]"	"[[""source_name"", ""lung mouse alveolar type 2 cells and primary human fibroblasts""], [""cell_type"", ""lung mouse alveolar type 2 cells and primary human fibroblasts""], [""genotype"", ""Syt4 CRISPR/Cas9 knockout""], [""batch"", ""plate2-2""]]"
GSE307351	GSM9216138	SAMN50935662	SRS26384269	lung alveolar organoid, Tln1 knockout, plate2-2 well F09	"[""batch"", ""cell_type"", ""collection_date"", ""genotype"", ""geo_loc_name"", ""source_name""]"	"[[""source_name"", ""lung mouse alveolar type 2 cells and primary human fibroblasts""], [""cell_type"", ""lung mouse alveolar type 2 cells and primary human fibroblasts""], [""genotype"", ""Tln1 CRISPR/Cas9 knockout""], [""batch"", ""plate2-2""]]"
GSE307351	GSM9216139	SAMN50935661	SRS26383661	lung alveolar organoid, Lrp2 knockout, plate2-2 well F10	"[""batch"", ""cell_type"", ""collection_date"", ""genotype"", ""geo_loc_name"", ""source_name""]"	"[[""source_name"", ""lung mouse alveolar type 2 cells and primary human fibroblasts""], [""cell_type"", ""lung mouse alveolar type 2 cells and primary human fibroblasts""], [""genotype"", ""Lrp2 CRISPR/Cas9 knockout""], [""batch"", ""plate2-2""]]"
GSE307351	GSM9216140	SAMN50935660	SRS26383662	lung alveolar organoid, Bap1 knockout, plate2-2 well F11	"[""batch"", ""cell_type"", ""collection_date"", ""genotype"", ""geo_loc_name"", ""source_name""]"	"[[""source_name"", ""lung mouse alveolar type 2 cells and primary human fibroblasts""], [""cell_type"", ""lung mouse alveolar type 2 cells and primary human fibroblasts""], [""genotype"", ""Bap1 CRISPR/Cas9 knockout""], [""batch"", ""plate2-2""]]"
GSE307351	GSM9216141	SAMN50935659	SRS26383663	lung alveolar organoid, Tert knockout, plate2-2 well G02	"[""batch"", ""cell_type"", ""collection_date"", ""genotype"", ""geo_loc_name"", ""source_name""]"	"[[""source_name"", ""lung mouse alveolar type 2 cells and primary human fibroblasts""], [""cell_type"", ""lung mouse alveolar type 2 cells and primary human fibroblasts""], [""genotype"", ""Tert CRISPR/Cas9 knockout""], [""batch"", ""plate2-2""]]"
GSE307351	GSM9216142	SAMN50935658	SRS26383664	lung alveolar organoid, Lrp5 knockout, plate2-2 well G03	"[""batch"", ""cell_type"", ""collection_date"", ""genotype"", ""geo_loc_name"", ""source_name""]"	"[[""source_name"", ""lung mouse alveolar type 2 cells and primary human fibroblasts""], [""cell_type"", ""lung mouse alveolar type 2 cells and primary human fibroblasts""], [""genotype"", ""Lrp5 CRISPR/Cas9 knockout""], [""batch"", ""plate2-2""]]"
GSE307351	GSM9216143	SAMN50935657	SRS26383665	lung alveolar organoid, Fzd5 knockout, plate2-2 well G04	"[""batch"", ""cell_type"", ""collection_date"", ""genotype"", ""geo_loc_name"", ""source_name""]"	"[[""source_name"", ""lung mouse alveolar type 2 cells and primary human fibroblasts""], [""cell_type"", ""lung mouse alveolar type 2 cells and primary human fibroblasts""], [""genotype"", ""Fzd5 CRISPR/Cas9 knockout""], [""batch"", ""plate2-2""]]"
GSE307351	GSM9216144	SAMN50935656	SRS26383668	lung alveolar organoid, Fzd6 knockout, plate2-2 well G05	"[""batch"", ""cell_type"", ""collection_date"", ""genotype"", ""geo_loc_name"", ""source_name""]"	"[[""source_name"", ""lung mouse alveolar type 2 cells and primary human fibroblasts""], [""cell_type"", ""lung mouse alveolar type 2 cells and primary human fibroblasts""], [""genotype"", ""Fzd6 CRISPR/Cas9 knockout""], [""batch"", ""plate2-2""]]"
GSE307351	GSM9216145	SAMN50935655	SRS26383667	lung alveolar organoid, Myrf knockout, plate2-2 well G06	"[""batch"", ""cell_type"", ""collection_date"", ""genotype"", ""geo_loc_name"", ""source_name""]"	"[[""source_name"", ""lung mouse alveolar type 2 cells and primary human fibroblasts""], [""cell_type"", ""lung mouse alveolar type 2 cells and primary human fibroblasts""], [""genotype"", ""Myrf CRISPR/Cas9 knockout""], [""batch"", ""plate2-2""]]"
GSE307351	GSM9216146	SAMN50935654	SRS26383666	lung alveolar organoid, Fzd4 knockout, plate2-2 well G07	"[""batch"", ""cell_type"", ""collection_date"", ""genotype"", ""geo_loc_name"", ""source_name""]"	"[[""source_name"", ""lung mouse alveolar type 2 cells and primary human fibroblasts""], [""cell_type"", ""lung mouse alveolar type 2 cells and primary human fibroblasts""], [""genotype"", ""Fzd4 CRISPR/Cas9 knockout""], [""batch"", ""plate2-2""]]"
GSE307351	GSM9216147	SAMN50935653	SRS26384148	lung alveolar organoid, Syt11 knockout, plate2-2 well G08	"[""batch"", ""cell_type"", ""collection_date"", ""genotype"", ""geo_loc_name"", ""source_name""]"	"[[""source_name"", ""lung mouse alveolar type 2 cells and primary human fibroblasts""], [""cell_type"", ""lung mouse alveolar type 2 cells and primary human fibroblasts""], [""genotype"", ""Syt11 CRISPR/Cas9 knockout""], [""batch"", ""plate2-2""]]"
GSE307351	GSM9216148	SAMN50935652	SRS26384146	lung alveolar organoid, Dmbt1 knockout, plate2-2 well G09	"[""batch"", ""cell_type"", ""collection_date"", ""genotype"", ""geo_loc_name"", ""source_name""]"	"[[""source_name"", ""lung mouse alveolar type 2 cells and primary human fibroblasts""], [""cell_type"", ""lung mouse alveolar type 2 cells and primary human fibroblasts""], [""genotype"", ""Dmbt1 CRISPR/Cas9 knockout""], [""batch"", ""plate2-2""]]"
GSE307351	GSM9216149	SAMN50935651	SRS26384147	lung alveolar organoid, Tdtomato knockout, plate2-2 well G10	"[""batch"", ""cell_type"", ""collection_date"", ""genotype"", ""geo_loc_name"", ""source_name""]"	"[[""source_name"", ""lung mouse alveolar type 2 cells and primary human fibroblasts""], [""cell_type"", ""lung mouse alveolar type 2 cells and primary human fibroblasts""], [""genotype"", ""Tdtomato CRISPR/Cas9 knockout""], [""batch"", ""plate2-2""]]"
GSE307351	GSM9216150	SAMN50935650	SRS26384150	lung alveolar organoid, Ivd knockout, plate2-3 well B02	"[""batch"", ""cell_type"", ""collection_date"", ""genotype"", ""geo_loc_name"", ""source_name""]"	"[[""source_name"", ""lung mouse alveolar type 2 cells and primary human fibroblasts""], [""cell_type"", ""lung mouse alveolar type 2 cells and primary human fibroblasts""], [""genotype"", ""Ivd CRISPR/Cas9 knockout""], [""batch"", ""plate2-3""]]"
GSE307351	GSM9216151	SAMN50935649	SRS26384151	lung alveolar organoid, Tigit knockout, plate2-3 well B04	"[""batch"", ""cell_type"", ""collection_date"", ""genotype"", ""geo_loc_name"", ""source_name""]"	"[[""source_name"", ""lung mouse alveolar type 2 cells and primary human fibroblasts""], [""cell_type"", ""lung mouse alveolar type 2 cells and primary human fibroblasts""], [""genotype"", ""Tigit CRISPR/Cas9 knockout""], [""batch"", ""plate2-3""]]"
GSE307351	GSM9216152	SAMN50935648	SRS26384152	lung alveolar organoid, Tdtomato knockout, plate2-3 well B05	"[""batch"", ""cell_type"", ""collection_date"", ""genotype"", ""geo_loc_name"", ""source_name""]"	"[[""source_name"", ""lung mouse alveolar type 2 cells and primary human fibroblasts""], [""cell_type"", ""lung mouse alveolar type 2 cells and primary human fibroblasts""], [""genotype"", ""Tdtomato CRISPR/Cas9 knockout""], [""batch"", ""plate2-3""]]"
GSE307351	GSM9216153	SAMN50935647	SRS26384149	lung alveolar organoid, Lnx2 knockout, plate2-3 well B06	"[""batch"", ""cell_type"", ""collection_date"", ""genotype"", ""geo_loc_name"", ""source_name""]"	"[[""source_name"", ""lung mouse alveolar type 2 cells and primary human fibroblasts""], [""cell_type"", ""lung mouse alveolar type 2 cells and primary human fibroblasts""], [""genotype"", ""Lnx2 CRISPR/Cas9 knockout""], [""batch"", ""plate2-3""]]"
GSE307351	GSM9216154	SAMN50935646	SRS26384154	lung alveolar organoid, Chrna5 knockout, plate2-3 well B07	"[""batch"", ""cell_type"", ""collection_date"", ""genotype"", ""geo_loc_name"", ""source_name""]"	"[[""source_name"", ""lung mouse alveolar type 2 cells and primary human fibroblasts""], [""cell_type"", ""lung mouse alveolar type 2 cells and primary human fibroblasts""], [""genotype"", ""Chrna5 CRISPR/Cas9 knockout""], [""batch"", ""plate2-3""]]"
GSE307351	GSM9216155	SAMN50935645	SRS26383769	lung alveolar organoid, Marcks knockout, plate2-3 well B08	"[""batch"", ""cell_type"", ""collection_date"", ""genotype"", ""geo_loc_name"", ""source_name""]"	"[[""source_name"", ""lung mouse alveolar type 2 cells and primary human fibroblasts""], [""cell_type"", ""lung mouse alveolar type 2 cells and primary human fibroblasts""], [""genotype"", ""Marcks CRISPR/Cas9 knockout""], [""batch"", ""plate2-3""]]"
GSE307351	GSM9216156	SAMN50935644	SRS26383770	lung alveolar organoid, Trib3 knockout, plate2-3 well B09	"[""batch"", ""cell_type"", ""collection_date"", ""genotype"", ""geo_loc_name"", ""source_name""]"	"[[""source_name"", ""lung mouse alveolar type 2 cells and primary human fibroblasts""], [""cell_type"", ""lung mouse alveolar type 2 cells and primary human fibroblasts""], [""genotype"", ""Trib3 CRISPR/Cas9 knockout""], [""batch"", ""plate2-3""]]"
GSE307351	GSM9216157	SAMN50935643	SRS26383772	lung alveolar organoid, Il4ra knockout, plate2-3 well B10	"[""batch"", ""cell_type"", ""collection_date"", ""genotype"", ""geo_loc_name"", ""source_name""]"	"[[""source_name"", ""lung mouse alveolar type 2 cells and primary human fibroblasts""], [""cell_type"", ""lung mouse alveolar type 2 cells and primary human fibroblasts""], [""genotype"", ""Il4ra CRISPR/Cas9 knockout""], [""batch"", ""plate2-3""]]"
GSE307351	GSM9216158	SAMN50935642	SRS26383771	lung alveolar organoid, Atp6v1c2 knockout, plate2-3 well B11	"[""batch"", ""cell_type"", ""collection_date"", ""genotype"", ""geo_loc_name"", ""source_name""]"	"[[""source_name"", ""lung mouse alveolar type 2 cells and primary human fibroblasts""], [""cell_type"", ""lung mouse alveolar type 2 cells and primary human fibroblasts""], [""genotype"", ""Atp6v1c2 CRISPR/Cas9 knockout""], [""batch"", ""plate2-3""]]"
GSE307351	GSM9216159	SAMN50935641	SRS26383773	lung alveolar organoid, Nav2 knockout, plate2-3 well C02	"[""batch"", ""cell_type"", ""collection_date"", ""genotype"", ""geo_loc_name"", ""source_name""]"	"[[""source_name"", ""lung mouse alveolar type 2 cells and primary human fibroblasts""], [""cell_type"", ""lung mouse alveolar type 2 cells and primary human fibroblasts""], [""genotype"", ""Nav2 CRISPR/Cas9 knockout""], [""batch"", ""plate2-3""]]"
GSE307351	GSM9216160	SAMN50935640	SRS26383774	lung alveolar organoid, Atp11a knockout, plate2-3 well C03	"[""batch"", ""cell_type"", ""collection_date"", ""genotype"", ""geo_loc_name"", ""source_name""]"	"[[""source_name"", ""lung mouse alveolar type 2 cells and primary human fibroblasts""], [""cell_type"", ""lung mouse alveolar type 2 cells and primary human fibroblasts""], [""genotype"", ""Atp11a CRISPR/Cas9 knockout""], [""batch"", ""plate2-3""]]"
GSE307351	GSM9216161	SAMN50935639	SRS26383776	lung alveolar organoid, Patj knockout, plate2-3 well C04	"[""batch"", ""cell_type"", ""collection_date"", ""genotype"", ""geo_loc_name"", ""source_name""]"	"[[""source_name"", ""lung mouse alveolar type 2 cells and primary human fibroblasts""], [""cell_type"", ""lung mouse alveolar type 2 cells and primary human fibroblasts""], [""genotype"", ""Patj CRISPR/Cas9 knockout""], [""batch"", ""plate2-3""]]"
GSE307351	GSM9216162	SAMN50935638	SRS26383775	lung alveolar organoid, Megf6 knockout, plate2-3 well C05	"[""batch"", ""cell_type"", ""collection_date"", ""genotype"", ""geo_loc_name"", ""source_name""]"	"[[""source_name"", ""lung mouse alveolar type 2 cells and primary human fibroblasts""], [""cell_type"", ""lung mouse alveolar type 2 cells and primary human fibroblasts""], [""genotype"", ""Megf6 CRISPR/Cas9 knockout""], [""batch"", ""plate2-3""]]"
GSE307351	GSM9216163	SAMN50935637	SRS26383669	lung alveolar organoid, Snx30 knockout, plate2-3 well C06	"[""batch"", ""cell_type"", ""collection_date"", ""genotype"", ""geo_loc_name"", ""source_name""]"	"[[""source_name"", ""lung mouse alveolar type 2 cells and primary human fibroblasts""], [""cell_type"", ""lung mouse alveolar type 2 cells and primary human fibroblasts""], [""genotype"", ""Snx30 CRISPR/Cas9 knockout""], [""batch"", ""plate2-3""]]"
GSE307351	GSM9216164	SAMN50935636	SRS26383670	lung alveolar organoid, Chat knockout, plate2-3 well C07	"[""batch"", ""cell_type"", ""collection_date"", ""genotype"", ""geo_loc_name"", ""source_name""]"	"[[""source_name"", ""lung mouse alveolar type 2 cells and primary human fibroblasts""], [""cell_type"", ""lung mouse alveolar type 2 cells and primary human fibroblasts""], [""genotype"", ""Chat CRISPR/Cas9 knockout""], [""batch"", ""plate2-3""]]"
GSE307351	GSM9216165	SAMN50935635	SRS26383671	lung alveolar organoid, Wnt7b knockout, plate2-3 well C08	"[""batch"", ""cell_type"", ""collection_date"", ""genotype"", ""geo_loc_name"", ""source_name""]"	"[[""source_name"", ""lung mouse alveolar type 2 cells and primary human fibroblasts""], [""cell_type"", ""lung mouse alveolar type 2 cells and primary human fibroblasts""], [""genotype"", ""Wnt7b CRISPR/Cas9 knockout""], [""batch"", ""plate2-3""]]"
GSE307351	GSM9216166	SAMN50935634	SRS26383672	lung alveolar organoid, Tigit knockout, plate2-3 well C09	"[""batch"", ""cell_type"", ""collection_date"", ""genotype"", ""geo_loc_name"", ""source_name""]"	"[[""source_name"", ""lung mouse alveolar type 2 cells and primary human fibroblasts""], [""cell_type"", ""lung mouse alveolar type 2 cells and primary human fibroblasts""], [""genotype"", ""Tigit CRISPR/Cas9 knockout""], [""batch"", ""plate2-3""]]"
GSE307351	GSM9216167	SAMN50935633	SRS26383673	lung alveolar organoid, Hlf knockout, plate2-3 well C10	"[""batch"", ""cell_type"", ""collection_date"", ""genotype"", ""geo_loc_name"", ""source_name""]"	"[[""source_name"", ""lung mouse alveolar type 2 cells and primary human fibroblasts""], [""cell_type"", ""lung mouse alveolar type 2 cells and primary human fibroblasts""], [""genotype"", ""Hlf CRISPR/Cas9 knockout""], [""batch"", ""plate2-3""]]"
GSE307351	GSM9216168	SAMN50935632	SRS26383676	lung alveolar organoid, Capn1 knockout, plate2-3 well D02	"[""batch"", ""cell_type"", ""collection_date"", ""genotype"", ""geo_loc_name"", ""source_name""]"	"[[""source_name"", ""lung mouse alveolar type 2 cells and primary human fibroblasts""], [""cell_type"", ""lung mouse alveolar type 2 cells and primary human fibroblasts""], [""genotype"", ""Capn1 CRISPR/Cas9 knockout""], [""batch"", ""plate2-3""]]"
GSE307351	GSM9216169	SAMN50935631	SRS26383675	lung alveolar organoid, Gpr37 knockout, plate2-3 well D03	"[""batch"", ""cell_type"", ""collection_date"", ""genotype"", ""geo_loc_name"", ""source_name""]"	"[[""source_name"", ""lung mouse alveolar type 2 cells and primary human fibroblasts""], [""cell_type"", ""lung mouse alveolar type 2 cells and primary human fibroblasts""], [""genotype"", ""Gpr37 CRISPR/Cas9 knockout""], [""batch"", ""plate2-3""]]"
GSE307351	GSM9216170	SAMN50935630	SRS26383677	lung alveolar organoid, Sdc1 knockout, plate2-3 well D04	"[""batch"", ""cell_type"", ""collection_date"", ""genotype"", ""geo_loc_name"", ""source_name""]"	"[[""source_name"", ""lung mouse alveolar type 2 cells and primary human fibroblasts""], [""cell_type"", ""lung mouse alveolar type 2 cells and primary human fibroblasts""], [""genotype"", ""Sdc1 CRISPR/Cas9 knockout""], [""batch"", ""plate2-3""]]"
GSE307351	GSM9216171	SAMN50935629	SRS26384153	lung alveolar organoid, Slc45a4 knockout, plate2-3 well D05	"[""batch"", ""cell_type"", ""collection_date"", ""genotype"", ""geo_loc_name"", ""source_name""]"	"[[""source_name"", ""lung mouse alveolar type 2 cells and primary human fibroblasts""], [""cell_type"", ""lung mouse alveolar type 2 cells and primary human fibroblasts""], [""genotype"", ""Slc45a4 CRISPR/Cas9 knockout""], [""batch"", ""plate2-3""]]"
GSE307351	GSM9216172	SAMN50935628	SRS26384155	lung alveolar organoid, Liph knockout, plate2-3 well D06	"[""batch"", ""cell_type"", ""collection_date"", ""genotype"", ""geo_loc_name"", ""source_name""]"	"[[""source_name"", ""lung mouse alveolar type 2 cells and primary human fibroblasts""], [""cell_type"", ""lung mouse alveolar type 2 cells and primary human fibroblasts""], [""genotype"", ""Liph CRISPR/Cas9 knockout""], [""batch"", ""plate2-3""]]"
GSE307351	GSM9216173	SAMN50935627	SRS26384156	lung alveolar organoid, Tigit knockout, plate2-3 well D07	"[""batch"", ""cell_type"", ""collection_date"", ""genotype"", ""geo_loc_name"", ""source_name""]"	"[[""source_name"", ""lung mouse alveolar type 2 cells and primary human fibroblasts""], [""cell_type"", ""lung mouse alveolar type 2 cells and primary human fibroblasts""], [""genotype"", ""Tigit CRISPR/Cas9 knockout""], [""batch"", ""plate2-3""]]"
GSE307351	GSM9216174	SAMN50935626	SRS26384160	lung alveolar organoid, Wnt9b knockout, plate2-3 well D08	"[""batch"", ""cell_type"", ""collection_date"", ""genotype"", ""geo_loc_name"", ""source_name""]"	"[[""source_name"", ""lung mouse alveolar type 2 cells and primary human fibroblasts""], [""cell_type"", ""lung mouse alveolar type 2 cells and primary human fibroblasts""], [""genotype"", ""Wnt9b CRISPR/Cas9 knockout""], [""batch"", ""plate2-3""]]"
GSE307351	GSM9216175	SAMN50935625	SRS26384158	lung alveolar organoid, Spns1 knockout, plate2-3 well D09	"[""batch"", ""cell_type"", ""collection_date"", ""genotype"", ""geo_loc_name"", ""source_name""]"	"[[""source_name"", ""lung mouse alveolar type 2 cells and primary human fibroblasts""], [""cell_type"", ""lung mouse alveolar type 2 cells and primary human fibroblasts""], [""genotype"", ""Spns1 CRISPR/Cas9 knockout""], [""batch"", ""plate2-3""]]"
GSE307351	GSM9216176	SAMN50935624	SRS26384157	lung alveolar organoid, Hif1a knockout, plate2-3 well D10	"[""batch"", ""cell_type"", ""collection_date"", ""genotype"", ""geo_loc_name"", ""source_name""]"	"[[""source_name"", ""lung mouse alveolar type 2 cells and primary human fibroblasts""], [""cell_type"", ""lung mouse alveolar type 2 cells and primary human fibroblasts""], [""genotype"", ""Hif1a CRISPR/Cas9 knockout""], [""batch"", ""plate2-3""]]"
GSE307351	GSM9216177	SAMN50935623	SRS26384159	lung alveolar organoid, Etv5 knockout, plate2-3 well D11	"[""batch"", ""cell_type"", ""collection_date"", ""genotype"", ""geo_loc_name"", ""source_name""]"	"[[""source_name"", ""lung mouse alveolar type 2 cells and primary human fibroblasts""], [""cell_type"", ""lung mouse alveolar type 2 cells and primary human fibroblasts""], [""genotype"", ""Etv5 CRISPR/Cas9 knockout""], [""batch"", ""plate2-3""]]"
GSE307351	GSM9216178	SAMN50935622	SRS26384161	lung alveolar organoid, Mecom knockout, plate2-3 well E02	"[""batch"", ""cell_type"", ""collection_date"", ""genotype"", ""geo_loc_name"", ""source_name""]"	"[[""source_name"", ""lung mouse alveolar type 2 cells and primary human fibroblasts""], [""cell_type"", ""lung mouse alveolar type 2 cells and primary human fibroblasts""], [""genotype"", ""Mecom CRISPR/Cas9 knockout""], [""batch"", ""plate2-3""]]"
GSE307351	GSM9216179	SAMN50935621	SRS26383777	lung alveolar organoid, Tigit knockout, plate2-3 well E03	"[""batch"", ""cell_type"", ""collection_date"", ""genotype"", ""geo_loc_name"", ""source_name""]"	"[[""source_name"", ""lung mouse alveolar type 2 cells and primary human fibroblasts""], [""cell_type"", ""lung mouse alveolar type 2 cells and primary human fibroblasts""], [""genotype"", ""Tigit CRISPR/Cas9 knockout""], [""batch"", ""plate2-3""]]"
GSE307351	GSM9216180	SAMN50935620	SRS26383778	lung alveolar organoid, Tollip knockout, plate2-3 well E04	"[""batch"", ""cell_type"", ""collection_date"", ""genotype"", ""geo_loc_name"", ""source_name""]"	"[[""source_name"", ""lung mouse alveolar type 2 cells and primary human fibroblasts""], [""cell_type"", ""lung mouse alveolar type 2 cells and primary human fibroblasts""], [""genotype"", ""Tollip CRISPR/Cas9 knockout""], [""batch"", ""plate2-3""]]"
GSE307351	GSM9216181	SAMN50935619	SRS26383779	lung alveolar organoid, Cxadr knockout, plate2-3 well E05	"[""batch"", ""cell_type"", ""collection_date"", ""genotype"", ""geo_loc_name"", ""source_name""]"	"[[""source_name"", ""lung mouse alveolar type 2 cells and primary human fibroblasts""], [""cell_type"", ""lung mouse alveolar type 2 cells and primary human fibroblasts""], [""genotype"", ""Cxadr CRISPR/Cas9 knockout""], [""batch"", ""plate2-3""]]"
GSE307351	GSM9216182	SAMN50935618	SRS26383780	lung alveolar organoid, Fgfr2 knockout, plate2-3 well E06	"[""batch"", ""cell_type"", ""collection_date"", ""genotype"", ""geo_loc_name"", ""source_name""]"	"[[""source_name"", ""lung mouse alveolar type 2 cells and primary human fibroblasts""], [""cell_type"", ""lung mouse alveolar type 2 cells and primary human fibroblasts""], [""genotype"", ""Fgfr2 CRISPR/Cas9 knockout""], [""batch"", ""plate2-3""]]"
GSE307351	GSM9216183	SAMN50935617	SRS26383782	lung alveolar organoid, Lrp6 knockout, plate2-3 well E07	"[""batch"", ""cell_type"", ""collection_date"", ""genotype"", ""geo_loc_name"", ""source_name""]"	"[[""source_name"", ""lung mouse alveolar type 2 cells and primary human fibroblasts""], [""cell_type"", ""lung mouse alveolar type 2 cells and primary human fibroblasts""], [""genotype"", ""Lrp6 CRISPR/Cas9 knockout""], [""batch"", ""plate2-3""]]"
GSE307351	GSM9216184	SAMN50935616	SRS26383783	lung alveolar organoid, Chrna3 knockout, plate2-3 well E08	"[""batch"", ""cell_type"", ""collection_date"", ""genotype"", ""geo_loc_name"", ""source_name""]"	"[[""source_name"", ""lung mouse alveolar type 2 cells and primary human fibroblasts""], [""cell_type"", ""lung mouse alveolar type 2 cells and primary human fibroblasts""], [""genotype"", ""Chrna3 CRISPR/Cas9 knockout""], [""batch"", ""plate2-3""]]"
GSE307351	GSM9216185	SAMN50935615	SRS26383781	lung alveolar organoid, Sh2b1 knockout, plate2-3 well E09	"[""batch"", ""cell_type"", ""collection_date"", ""genotype"", ""geo_loc_name"", ""source_name""]"	"[[""source_name"", ""lung mouse alveolar type 2 cells and primary human fibroblasts""], [""cell_type"", ""lung mouse alveolar type 2 cells and primary human fibroblasts""], [""genotype"", ""Sh2b1 CRISPR/Cas9 knockout""], [""batch"", ""plate2-3""]]"
GSE307351	GSM9216186	SAMN50935614	SRS26383784	lung alveolar organoid, Ros1 knockout, plate2-3 well E10	"[""batch"", ""cell_type"", ""collection_date"", ""genotype"", ""geo_loc_name"", ""source_name""]"	"[[""source_name"", ""lung mouse alveolar type 2 cells and primary human fibroblasts""], [""cell_type"", ""lung mouse alveolar type 2 cells and primary human fibroblasts""], [""genotype"", ""Ros1 CRISPR/Cas9 knockout""], [""batch"", ""plate2-3""]]"
GSE307351	GSM9216187	SAMN50935613	SRS26383674	lung alveolar organoid, Csf3r knockout, plate2-3 well E11	"[""batch"", ""cell_type"", ""collection_date"", ""genotype"", ""geo_loc_name"", ""source_name""]"	"[[""source_name"", ""lung mouse alveolar type 2 cells and primary human fibroblasts""], [""cell_type"", ""lung mouse alveolar type 2 cells and primary human fibroblasts""], [""genotype"", ""Csf3r CRISPR/Cas9 knockout""], [""batch"", ""plate2-3""]]"
GSE307351	GSM9216188	SAMN50935612	SRS26383679	lung alveolar organoid, Tigit knockout, plate2-3 well F02	"[""batch"", ""cell_type"", ""collection_date"", ""genotype"", ""geo_loc_name"", ""source_name""]"	"[[""source_name"", ""lung mouse alveolar type 2 cells and primary human fibroblasts""], [""cell_type"", ""lung mouse alveolar type 2 cells and primary human fibroblasts""], [""genotype"", ""Tigit CRISPR/Cas9 knockout""], [""batch"", ""plate2-3""]]"
GSE307351	GSM9216189	SAMN50935611	SRS26383678	lung alveolar organoid, Dsp knockout, plate2-3 well F03	"[""batch"", ""cell_type"", ""collection_date"", ""genotype"", ""geo_loc_name"", ""source_name""]"	"[[""source_name"", ""lung mouse alveolar type 2 cells and primary human fibroblasts""], [""cell_type"", ""lung mouse alveolar type 2 cells and primary human fibroblasts""], [""genotype"", ""Dsp CRISPR/Cas9 knockout""], [""batch"", ""plate2-3""]]"
GSE307351	GSM9216190	SAMN50935610	SRS26383680	lung alveolar organoid, Mtus1 knockout, plate2-3 well F04	"[""batch"", ""cell_type"", ""collection_date"", ""genotype"", ""geo_loc_name"", ""source_name""]"	"[[""source_name"", ""lung mouse alveolar type 2 cells and primary human fibroblasts""], [""cell_type"", ""lung mouse alveolar type 2 cells and primary human fibroblasts""], [""genotype"", ""Mtus1 CRISPR/Cas9 knockout""], [""batch"", ""plate2-3""]]"
GSE307351	GSM9216191	SAMN50935609	SRS26383683	lung alveolar organoid, Epcam knockout, plate2-3 well F05	"[""batch"", ""cell_type"", ""collection_date"", ""genotype"", ""geo_loc_name"", ""source_name""]"	"[[""source_name"", ""lung mouse alveolar type 2 cells and primary human fibroblasts""], [""cell_type"", ""lung mouse alveolar type 2 cells and primary human fibroblasts""], [""genotype"", ""Epcam CRISPR/Cas9 knockout""], [""batch"", ""plate2-3""]]"
GSE307351	GSM9216192	SAMN50935608	SRS26383682	lung alveolar organoid, Fzd7 knockout, plate2-3 well F06	"[""batch"", ""cell_type"", ""collection_date"", ""genotype"", ""geo_loc_name"", ""source_name""]"	"[[""source_name"", ""lung mouse alveolar type 2 cells and primary human fibroblasts""], [""cell_type"", ""lung mouse alveolar type 2 cells and primary human fibroblasts""], [""genotype"", ""Fzd7 CRISPR/Cas9 knockout""], [""batch"", ""plate2-3""]]"
GSE307351	GSM9216193	SAMN50935607	SRS26383681	lung alveolar organoid, Fzd1 knockout, plate2-3 well F07	"[""batch"", ""cell_type"", ""collection_date"", ""genotype"", ""geo_loc_name"", ""source_name""]"	"[[""source_name"", ""lung mouse alveolar type 2 cells and primary human fibroblasts""], [""cell_type"", ""lung mouse alveolar type 2 cells and primary human fibroblasts""], [""genotype"", ""Fzd1 CRISPR/Cas9 knockout""], [""batch"", ""plate2-3""]]"
GSE307351	GSM9216194	SAMN50935606	SRS26383685	lung alveolar organoid, Syt4 knockout, plate2-3 well F08	"[""batch"", ""cell_type"", ""collection_date"", ""genotype"", ""geo_loc_name"", ""source_name""]"	"[[""source_name"", ""lung mouse alveolar type 2 cells and primary human fibroblasts""], [""cell_type"", ""lung mouse alveolar type 2 cells and primary human fibroblasts""], [""genotype"", ""Syt4 CRISPR/Cas9 knockout""], [""batch"", ""plate2-3""]]"
GSE307351	GSM9216195	SAMN50935605	SRS26383785	lung alveolar organoid, Tln1 knockout, plate2-3 well F09	"[""batch"", ""cell_type"", ""collection_date"", ""genotype"", ""geo_loc_name"", ""source_name""]"	"[[""source_name"", ""lung mouse alveolar type 2 cells and primary human fibroblasts""], [""cell_type"", ""lung mouse alveolar type 2 cells and primary human fibroblasts""], [""genotype"", ""Tln1 CRISPR/Cas9 knockout""], [""batch"", ""plate2-3""]]"
GSE307351	GSM9216196	SAMN50935604	SRS26383786	lung alveolar organoid, Lrp2 knockout, plate2-3 well F10	"[""batch"", ""cell_type"", ""collection_date"", ""genotype"", ""geo_loc_name"", ""source_name""]"	"[[""source_name"", ""lung mouse alveolar type 2 cells and primary human fibroblasts""], [""cell_type"", ""lung mouse alveolar type 2 cells and primary human fibroblasts""], [""genotype"", ""Lrp2 CRISPR/Cas9 knockout""], [""batch"", ""plate2-3""]]"
GSE307351	GSM9216197	SAMN50935603	SRS26383789	lung alveolar organoid, Bap1 knockout, plate2-3 well F11	"[""batch"", ""cell_type"", ""collection_date"", ""genotype"", ""geo_loc_name"", ""source_name""]"	"[[""source_name"", ""lung mouse alveolar type 2 cells and primary human fibroblasts""], [""cell_type"", ""lung mouse alveolar type 2 cells and primary human fibroblasts""], [""genotype"", ""Bap1 CRISPR/Cas9 knockout""], [""batch"", ""plate2-3""]]"
GSE307351	GSM9216198	SAMN50935602	SRS26383787	lung alveolar organoid, Tert knockout, plate2-3 well G02	"[""batch"", ""cell_type"", ""collection_date"", ""genotype"", ""geo_loc_name"", ""source_name""]"	"[[""source_name"", ""lung mouse alveolar type 2 cells and primary human fibroblasts""], [""cell_type"", ""lung mouse alveolar type 2 cells and primary human fibroblasts""], [""genotype"", ""Tert CRISPR/Cas9 knockout""], [""batch"", ""plate2-3""]]"
GSE307351	GSM9216199	SAMN50935601	SRS26383788	lung alveolar organoid, Lrp5 knockout, plate2-3 well G03	"[""batch"", ""cell_type"", ""collection_date"", ""genotype"", ""geo_loc_name"", ""source_name""]"	"[[""source_name"", ""lung mouse alveolar type 2 cells and primary human fibroblasts""], [""cell_type"", ""lung mouse alveolar type 2 cells and primary human fibroblasts""], [""genotype"", ""Lrp5 CRISPR/Cas9 knockout""], [""batch"", ""plate2-3""]]"
GSE307351	GSM9216200	SAMN50935600	SRS26383790	lung alveolar organoid, Fzd6 knockout, plate2-3 well G05	"[""batch"", ""cell_type"", ""collection_date"", ""genotype"", ""geo_loc_name"", ""source_name""]"	"[[""source_name"", ""lung mouse alveolar type 2 cells and primary human fibroblasts""], [""cell_type"", ""lung mouse alveolar type 2 cells and primary human fibroblasts""], [""genotype"", ""Fzd6 CRISPR/Cas9 knockout""], [""batch"", ""plate2-3""]]"
GSE307351	GSM9216201	SAMN50935599	SRS26383792	lung alveolar organoid, Myrf knockout, plate2-3 well G06	"[""batch"", ""cell_type"", ""collection_date"", ""genotype"", ""geo_loc_name"", ""source_name""]"	"[[""source_name"", ""lung mouse alveolar type 2 cells and primary human fibroblasts""], [""cell_type"", ""lung mouse alveolar type 2 cells and primary human fibroblasts""], [""genotype"", ""Myrf CRISPR/Cas9 knockout""], [""batch"", ""plate2-3""]]"
GSE307351	GSM9216202	SAMN50935598	SRS26383791	lung alveolar organoid, Fzd4 knockout, plate2-3 well G07	"[""batch"", ""cell_type"", ""collection_date"", ""genotype"", ""geo_loc_name"", ""source_name""]"	"[[""source_name"", ""lung mouse alveolar type 2 cells and primary human fibroblasts""], [""cell_type"", ""lung mouse alveolar type 2 cells and primary human fibroblasts""], [""genotype"", ""Fzd4 CRISPR/Cas9 knockout""], [""batch"", ""plate2-3""]]"
GSE307351	GSM9216203	SAMN50935597	SRS26383686	lung alveolar organoid, Syt11 knockout, plate2-3 well G08	"[""batch"", ""cell_type"", ""collection_date"", ""genotype"", ""geo_loc_name"", ""source_name""]"	"[[""source_name"", ""lung mouse alveolar type 2 cells and primary human fibroblasts""], [""cell_type"", ""lung mouse alveolar type 2 cells and primary human fibroblasts""], [""genotype"", ""Syt11 CRISPR/Cas9 knockout""], [""batch"", ""plate2-3""]]"
GSE307351	GSM9216204	SAMN50935596	SRS26383684	lung alveolar organoid, Dmbt1 knockout, plate2-3 well G09	"[""batch"", ""cell_type"", ""collection_date"", ""genotype"", ""geo_loc_name"", ""source_name""]"	"[[""source_name"", ""lung mouse alveolar type 2 cells and primary human fibroblasts""], [""cell_type"", ""lung mouse alveolar type 2 cells and primary human fibroblasts""], [""genotype"", ""Dmbt1 CRISPR/Cas9 knockout""], [""batch"", ""plate2-3""]]"
GSE307351	GSM9216205	SAMN50935595	SRS26383687	lung alveolar organoid, Tdtomato knockout, plate2-3 well G10	"[""batch"", ""cell_type"", ""collection_date"", ""genotype"", ""geo_loc_name"", ""source_name""]"	"[[""source_name"", ""lung mouse alveolar type 2 cells and primary human fibroblasts""], [""cell_type"", ""lung mouse alveolar type 2 cells and primary human fibroblasts""], [""genotype"", ""Tdtomato CRISPR/Cas9 knockout""], [""batch"", ""plate2-3""]]"
GSE307351	GSM9216206	SAMN50935594	SRS26383688	lung alveolar organoid, Tigit knockout, plate2-3 well G11	"[""batch"", ""cell_type"", ""collection_date"", ""genotype"", ""geo_loc_name"", ""source_name""]"	"[[""source_name"", ""lung mouse alveolar type 2 cells and primary human fibroblasts""], [""cell_type"", ""lung mouse alveolar type 2 cells and primary human fibroblasts""], [""genotype"", ""Tigit CRISPR/Cas9 knockout""], [""batch"", ""plate2-3""]]"
GSE307351	GSM9216207	SAMN50935593	SRS26384316	lung alveolar organoid, Acoxl knockout, plate2-4 well B03	"[""batch"", ""cell_type"", ""collection_date"", ""genotype"", ""geo_loc_name"", ""source_name""]"	"[[""source_name"", ""lung mouse alveolar type 2 cells and primary human fibroblasts""], [""cell_type"", ""lung mouse alveolar type 2 cells and primary human fibroblasts""], [""genotype"", ""Acoxl CRISPR/Cas9 knockout""], [""batch"", ""plate2-4""]]"
GSE307351	GSM9216208	SAMN50935592	SRS26384315	lung alveolar organoid, Tigit knockout, plate2-4 well B04	"[""batch"", ""cell_type"", ""collection_date"", ""genotype"", ""geo_loc_name"", ""source_name""]"	"[[""source_name"", ""lung mouse alveolar type 2 cells and primary human fibroblasts""], [""cell_type"", ""lung mouse alveolar type 2 cells and primary human fibroblasts""], [""genotype"", ""Tigit CRISPR/Cas9 knockout""], [""batch"", ""plate2-4""]]"
GSE307351	GSM9216209	SAMN50935591	SRS26384314	lung alveolar organoid, Tdtomato knockout, plate2-4 well B05	"[""batch"", ""cell_type"", ""collection_date"", ""genotype"", ""geo_loc_name"", ""source_name""]"	"[[""source_name"", ""lung mouse alveolar type 2 cells and primary human fibroblasts""], [""cell_type"", ""lung mouse alveolar type 2 cells and primary human fibroblasts""], [""genotype"", ""Tdtomato CRISPR/Cas9 knockout""], [""batch"", ""plate2-4""]]"
GSE307351	GSM9216210	SAMN50935590	SRS26384313	lung alveolar organoid, Lnx2 knockout, plate2-4 well B06	"[""batch"", ""cell_type"", ""collection_date"", ""genotype"", ""geo_loc_name"", ""source_name""]"	"[[""source_name"", ""lung mouse alveolar type 2 cells and primary human fibroblasts""], [""cell_type"", ""lung mouse alveolar type 2 cells and primary human fibroblasts""], [""genotype"", ""Lnx2 CRISPR/Cas9 knockout""], [""batch"", ""plate2-4""]]"
GSE307351	GSM9216211	SAMN50935589	SRS26384162	lung alveolar organoid, Chrna5 knockout, plate2-4 well B07	"[""batch"", ""cell_type"", ""collection_date"", ""genotype"", ""geo_loc_name"", ""source_name""]"	"[[""source_name"", ""lung mouse alveolar type 2 cells and primary human fibroblasts""], [""cell_type"", ""lung mouse alveolar type 2 cells and primary human fibroblasts""], [""genotype"", ""Chrna5 CRISPR/Cas9 knockout""], [""batch"", ""plate2-4""]]"
GSE307351	GSM9216212	SAMN50935588	SRS26384163	lung alveolar organoid, Marcks knockout, plate2-4 well B08	"[""batch"", ""cell_type"", ""collection_date"", ""genotype"", ""geo_loc_name"", ""source_name""]"	"[[""source_name"", ""lung mouse alveolar type 2 cells and primary human fibroblasts""], [""cell_type"", ""lung mouse alveolar type 2 cells and primary human fibroblasts""], [""genotype"", ""Marcks CRISPR/Cas9 knockout""], [""batch"", ""plate2-4""]]"
GSE307351	GSM9216213	SAMN50935587	SRS26384165	lung alveolar organoid, Trib3 knockout, plate2-4 well B09	"[""batch"", ""cell_type"", ""collection_date"", ""genotype"", ""geo_loc_name"", ""source_name""]"	"[[""source_name"", ""lung mouse alveolar type 2 cells and primary human fibroblasts""], [""cell_type"", ""lung mouse alveolar type 2 cells and primary human fibroblasts""], [""genotype"", ""Trib3 CRISPR/Cas9 knockout""], [""batch"", ""plate2-4""]]"
GSE307351	GSM9216214	SAMN50935586	SRS26384164	lung alveolar organoid, Il4ra knockout, plate2-4 well B10	"[""batch"", ""cell_type"", ""collection_date"", ""genotype"", ""geo_loc_name"", ""source_name""]"	"[[""source_name"", ""lung mouse alveolar type 2 cells and primary human fibroblasts""], [""cell_type"", ""lung mouse alveolar type 2 cells and primary human fibroblasts""], [""genotype"", ""Il4ra CRISPR/Cas9 knockout""], [""batch"", ""plate2-4""]]"
GSE307351	GSM9216215	SAMN50935585	SRS26384167	lung alveolar organoid, Atp6v1c2 knockout, plate2-4 well B11	"[""batch"", ""cell_type"", ""collection_date"", ""genotype"", ""geo_loc_name"", ""source_name""]"	"[[""source_name"", ""lung mouse alveolar type 2 cells and primary human fibroblasts""], [""cell_type"", ""lung mouse alveolar type 2 cells and primary human fibroblasts""], [""genotype"", ""Atp6v1c2 CRISPR/Cas9 knockout""], [""batch"", ""plate2-4""]]"
GSE307351	GSM9216216	SAMN50935584	SRS26384166	lung alveolar organoid, Nav2 knockout, plate2-4 well C02	"[""batch"", ""cell_type"", ""collection_date"", ""genotype"", ""geo_loc_name"", ""source_name""]"	"[[""source_name"", ""lung mouse alveolar type 2 cells and primary human fibroblasts""], [""cell_type"", ""lung mouse alveolar type 2 cells and primary human fibroblasts""], [""genotype"", ""Nav2 CRISPR/Cas9 knockout""], [""batch"", ""plate2-4""]]"
GSE307351	GSM9216217	SAMN50935583	SRS26384168	lung alveolar organoid, Atp11a knockout, plate2-4 well C03	"[""batch"", ""cell_type"", ""collection_date"", ""genotype"", ""geo_loc_name"", ""source_name""]"	"[[""source_name"", ""lung mouse alveolar type 2 cells and primary human fibroblasts""], [""cell_type"", ""lung mouse alveolar type 2 cells and primary human fibroblasts""], [""genotype"", ""Atp11a CRISPR/Cas9 knockout""], [""batch"", ""plate2-4""]]"
GSE307351	GSM9216218	SAMN50935582	SRS26384170	lung alveolar organoid, Patj knockout, plate2-4 well C04	"[""batch"", ""cell_type"", ""collection_date"", ""genotype"", ""geo_loc_name"", ""source_name""]"	"[[""source_name"", ""lung mouse alveolar type 2 cells and primary human fibroblasts""], [""cell_type"", ""lung mouse alveolar type 2 cells and primary human fibroblasts""], [""genotype"", ""Patj CRISPR/Cas9 knockout""], [""batch"", ""plate2-4""]]"
GSE307351	GSM9216219	SAMN50935581	SRS26383793	lung alveolar organoid, Megf6 knockout, plate2-4 well C05	"[""batch"", ""cell_type"", ""collection_date"", ""genotype"", ""geo_loc_name"", ""source_name""]"	"[[""source_name"", ""lung mouse alveolar type 2 cells and primary human fibroblasts""], [""cell_type"", ""lung mouse alveolar type 2 cells and primary human fibroblasts""], [""genotype"", ""Megf6 CRISPR/Cas9 knockout""], [""batch"", ""plate2-4""]]"
GSE307351	GSM9216220	SAMN50935580	SRS26383794	lung alveolar organoid, Snx30 knockout, plate2-4 well C06	"[""batch"", ""cell_type"", ""collection_date"", ""genotype"", ""geo_loc_name"", ""source_name""]"	"[[""source_name"", ""lung mouse alveolar type 2 cells and primary human fibroblasts""], [""cell_type"", ""lung mouse alveolar type 2 cells and primary human fibroblasts""], [""genotype"", ""Snx30 CRISPR/Cas9 knockout""], [""batch"", ""plate2-4""]]"
GSE307351	GSM9216221	SAMN50935579	SRS26383795	lung alveolar organoid, Chat knockout, plate2-4 well C07	"[""batch"", ""cell_type"", ""collection_date"", ""genotype"", ""geo_loc_name"", ""source_name""]"	"[[""source_name"", ""lung mouse alveolar type 2 cells and primary human fibroblasts""], [""cell_type"", ""lung mouse alveolar type 2 cells and primary human fibroblasts""], [""genotype"", ""Chat CRISPR/Cas9 knockout""], [""batch"", ""plate2-4""]]"
GSE307351	GSM9216222	SAMN50935578	SRS26383796	lung alveolar organoid, Wnt7b knockout, plate2-4 well C08	"[""batch"", ""cell_type"", ""collection_date"", ""genotype"", ""geo_loc_name"", ""source_name""]"	"[[""source_name"", ""lung mouse alveolar type 2 cells and primary human fibroblasts""], [""cell_type"", ""lung mouse alveolar type 2 cells and primary human fibroblasts""], [""genotype"", ""Wnt7b CRISPR/Cas9 knockout""], [""batch"", ""plate2-4""]]"
GSE307351	GSM9216223	SAMN50935577	SRS26383797	lung alveolar organoid, Tigit knockout, plate2-4 well C09	"[""batch"", ""cell_type"", ""collection_date"", ""genotype"", ""geo_loc_name"", ""source_name""]"	"[[""source_name"", ""lung mouse alveolar type 2 cells and primary human fibroblasts""], [""cell_type"", ""lung mouse alveolar type 2 cells and primary human fibroblasts""], [""genotype"", ""Tigit CRISPR/Cas9 knockout""], [""batch"", ""plate2-4""]]"
GSE307351	GSM9216224	SAMN50935576	SRS26383798	lung alveolar organoid, Hlf knockout, plate2-4 well C10	"[""batch"", ""cell_type"", ""collection_date"", ""genotype"", ""geo_loc_name"", ""source_name""]"	"[[""source_name"", ""lung mouse alveolar type 2 cells and primary human fibroblasts""], [""cell_type"", ""lung mouse alveolar type 2 cells and primary human fibroblasts""], [""genotype"", ""Hlf CRISPR/Cas9 knockout""], [""batch"", ""plate2-4""]]"
GSE307351	GSM9216225	SAMN50935575	SRS26383799	lung alveolar organoid, Irx1 knockout, plate2-4 well C11	"[""batch"", ""cell_type"", ""collection_date"", ""genotype"", ""geo_loc_name"", ""source_name""]"	"[[""source_name"", ""lung mouse alveolar type 2 cells and primary human fibroblasts""], [""cell_type"", ""lung mouse alveolar type 2 cells and primary human fibroblasts""], [""genotype"", ""Irx1 CRISPR/Cas9 knockout""], [""batch"", ""plate2-4""]]"
GSE307351	GSM9216226	SAMN50935574	SRS26383802	lung alveolar organoid, Capn1 knockout, plate2-4 well D02	"[""batch"", ""cell_type"", ""collection_date"", ""genotype"", ""geo_loc_name"", ""source_name""]"	"[[""source_name"", ""lung mouse alveolar type 2 cells and primary human fibroblasts""], [""cell_type"", ""lung mouse alveolar type 2 cells and primary human fibroblasts""], [""genotype"", ""Capn1 CRISPR/Cas9 knockout""], [""batch"", ""plate2-4""]]"
GSE307351	GSM9216227	SAMN50935573	SRS26384272	lung alveolar organoid, Gpr37 knockout, plate2-4 well D03	"[""batch"", ""cell_type"", ""collection_date"", ""genotype"", ""geo_loc_name"", ""source_name""]"	"[[""source_name"", ""lung mouse alveolar type 2 cells and primary human fibroblasts""], [""cell_type"", ""lung mouse alveolar type 2 cells and primary human fibroblasts""], [""genotype"", ""Gpr37 CRISPR/Cas9 knockout""], [""batch"", ""plate2-4""]]"
GSE307351	GSM9216228	SAMN50935572	SRS26384270	lung alveolar organoid, Sdc1 knockout, plate2-4 well D04	"[""batch"", ""cell_type"", ""collection_date"", ""genotype"", ""geo_loc_name"", ""source_name""]"	"[[""source_name"", ""lung mouse alveolar type 2 cells and primary human fibroblasts""], [""cell_type"", ""lung mouse alveolar type 2 cells and primary human fibroblasts""], [""genotype"", ""Sdc1 CRISPR/Cas9 knockout""], [""batch"", ""plate2-4""]]"
GSE307351	GSM9216229	SAMN50935571	SRS26384271	lung alveolar organoid, Slc45a4 knockout, plate2-4 well D05	"[""batch"", ""cell_type"", ""collection_date"", ""genotype"", ""geo_loc_name"", ""source_name""]"	"[[""source_name"", ""lung mouse alveolar type 2 cells and primary human fibroblasts""], [""cell_type"", ""lung mouse alveolar type 2 cells and primary human fibroblasts""], [""genotype"", ""Slc45a4 CRISPR/Cas9 knockout""], [""batch"", ""plate2-4""]]"
GSE307351	GSM9216230	SAMN50935570	SRS26384273	lung alveolar organoid, Liph knockout, plate2-4 well D06	"[""batch"", ""cell_type"", ""collection_date"", ""genotype"", ""geo_loc_name"", ""source_name""]"	"[[""source_name"", ""lung mouse alveolar type 2 cells and primary human fibroblasts""], [""cell_type"", ""lung mouse alveolar type 2 cells and primary human fibroblasts""], [""genotype"", ""Liph CRISPR/Cas9 knockout""], [""batch"", ""plate2-4""]]"
GSE307351	GSM9216231	SAMN50935569	SRS26384275	lung alveolar organoid, Tigit knockout, plate2-4 well D07	"[""batch"", ""cell_type"", ""collection_date"", ""genotype"", ""geo_loc_name"", ""source_name""]"	"[[""source_name"", ""lung mouse alveolar type 2 cells and primary human fibroblasts""], [""cell_type"", ""lung mouse alveolar type 2 cells and primary human fibroblasts""], [""genotype"", ""Tigit CRISPR/Cas9 knockout""], [""batch"", ""plate2-4""]]"
GSE307351	GSM9216232	SAMN50935568	SRS26384274	lung alveolar organoid, Wnt9b knockout, plate2-4 well D08	"[""batch"", ""cell_type"", ""collection_date"", ""genotype"", ""geo_loc_name"", ""source_name""]"	"[[""source_name"", ""lung mouse alveolar type 2 cells and primary human fibroblasts""], [""cell_type"", ""lung mouse alveolar type 2 cells and primary human fibroblasts""], [""genotype"", ""Wnt9b CRISPR/Cas9 knockout""], [""batch"", ""plate2-4""]]"
GSE307351	GSM9216233	SAMN50935567	SRS26384276	lung alveolar organoid, Spns1 knockout, plate2-4 well D09	"[""batch"", ""cell_type"", ""collection_date"", ""genotype"", ""geo_loc_name"", ""source_name""]"	"[[""source_name"", ""lung mouse alveolar type 2 cells and primary human fibroblasts""], [""cell_type"", ""lung mouse alveolar type 2 cells and primary human fibroblasts""], [""genotype"", ""Spns1 CRISPR/Cas9 knockout""], [""batch"", ""plate2-4""]]"
GSE307351	GSM9216234	SAMN50935566	SRS26384277	lung alveolar organoid, Hif1a knockout, plate2-4 well D10	"[""batch"", ""cell_type"", ""collection_date"", ""genotype"", ""geo_loc_name"", ""source_name""]"	"[[""source_name"", ""lung mouse alveolar type 2 cells and primary human fibroblasts""], [""cell_type"", ""lung mouse alveolar type 2 cells and primary human fibroblasts""], [""genotype"", ""Hif1a CRISPR/Cas9 knockout""], [""batch"", ""plate2-4""]]"
GSE307351	GSM9216235	SAMN50935565	SRS26384318	lung alveolar organoid, Etv5 knockout, plate2-4 well D11	"[""batch"", ""cell_type"", ""collection_date"", ""genotype"", ""geo_loc_name"", ""source_name""]"	"[[""source_name"", ""lung mouse alveolar type 2 cells and primary human fibroblasts""], [""cell_type"", ""lung mouse alveolar type 2 cells and primary human fibroblasts""], [""genotype"", ""Etv5 CRISPR/Cas9 knockout""], [""batch"", ""plate2-4""]]"
GSE307351	GSM9216236	SAMN50935564	SRS26384319	lung alveolar organoid, Mecom knockout, plate2-4 well E02	"[""batch"", ""cell_type"", ""collection_date"", ""genotype"", ""geo_loc_name"", ""source_name""]"	"[[""source_name"", ""lung mouse alveolar type 2 cells and primary human fibroblasts""], [""cell_type"", ""lung mouse alveolar type 2 cells and primary human fibroblasts""], [""genotype"", ""Mecom CRISPR/Cas9 knockout""], [""batch"", ""plate2-4""]]"
GSE307351	GSM9216237	SAMN50935563	SRS26384320	lung alveolar organoid, Tigit knockout, plate2-4 well E03	"[""batch"", ""cell_type"", ""collection_date"", ""genotype"", ""geo_loc_name"", ""source_name""]"	"[[""source_name"", ""lung mouse alveolar type 2 cells and primary human fibroblasts""], [""cell_type"", ""lung mouse alveolar type 2 cells and primary human fibroblasts""], [""genotype"", ""Tigit CRISPR/Cas9 knockout""], [""batch"", ""plate2-4""]]"
GSE307351	GSM9216238	SAMN50935562	SRS26384325	lung alveolar organoid, Tollip knockout, plate2-4 well E04	"[""batch"", ""cell_type"", ""collection_date"", ""genotype"", ""geo_loc_name"", ""source_name""]"	"[[""source_name"", ""lung mouse alveolar type 2 cells and primary human fibroblasts""], [""cell_type"", ""lung mouse alveolar type 2 cells and primary human fibroblasts""], [""genotype"", ""Tollip CRISPR/Cas9 knockout""], [""batch"", ""plate2-4""]]"
GSE307351	GSM9216239	SAMN50935561	SRS26384321	lung alveolar organoid, Cxadr knockout, plate2-4 well E05	"[""batch"", ""cell_type"", ""collection_date"", ""genotype"", ""geo_loc_name"", ""source_name""]"	"[[""source_name"", ""lung mouse alveolar type 2 cells and primary human fibroblasts""], [""cell_type"", ""lung mouse alveolar type 2 cells and primary human fibroblasts""], [""genotype"", ""Cxadr CRISPR/Cas9 knockout""], [""batch"", ""plate2-4""]]"
GSE307351	GSM9216240	SAMN50935560	SRS26384323	lung alveolar organoid, Fgfr2 knockout, plate2-4 well E06	"[""batch"", ""cell_type"", ""collection_date"", ""genotype"", ""geo_loc_name"", ""source_name""]"	"[[""source_name"", ""lung mouse alveolar type 2 cells and primary human fibroblasts""], [""cell_type"", ""lung mouse alveolar type 2 cells and primary human fibroblasts""], [""genotype"", ""Fgfr2 CRISPR/Cas9 knockout""], [""batch"", ""plate2-4""]]"
GSE307351	GSM9216241	SAMN50935559	SRS26384322	lung alveolar organoid, Lrp6 knockout, plate2-4 well E07	"[""batch"", ""cell_type"", ""collection_date"", ""genotype"", ""geo_loc_name"", ""source_name""]"	"[[""source_name"", ""lung mouse alveolar type 2 cells and primary human fibroblasts""], [""cell_type"", ""lung mouse alveolar type 2 cells and primary human fibroblasts""], [""genotype"", ""Lrp6 CRISPR/Cas9 knockout""], [""batch"", ""plate2-4""]]"
GSE307351	GSM9216242	SAMN50935558	SRS26384324	lung alveolar organoid, Chrna3 knockout, plate2-4 well E08	"[""batch"", ""cell_type"", ""collection_date"", ""genotype"", ""geo_loc_name"", ""source_name""]"	"[[""source_name"", ""lung mouse alveolar type 2 cells and primary human fibroblasts""], [""cell_type"", ""lung mouse alveolar type 2 cells and primary human fibroblasts""], [""genotype"", ""Chrna3 CRISPR/Cas9 knockout""], [""batch"", ""plate2-4""]]"
GSE307351	GSM9216243	SAMN50935557	SRS26384171	lung alveolar organoid, Sh2b1 knockout, plate2-4 well E09	"[""batch"", ""cell_type"", ""collection_date"", ""genotype"", ""geo_loc_name"", ""source_name""]"	"[[""source_name"", ""lung mouse alveolar type 2 cells and primary human fibroblasts""], [""cell_type"", ""lung mouse alveolar type 2 cells and primary human fibroblasts""], [""genotype"", ""Sh2b1 CRISPR/Cas9 knockout""], [""batch"", ""plate2-4""]]"
GSE307351	GSM9216244	SAMN50935556	SRS26384169	lung alveolar organoid, Ros1 knockout, plate2-4 well E10	"[""batch"", ""cell_type"", ""collection_date"", ""genotype"", ""geo_loc_name"", ""source_name""]"	"[[""source_name"", ""lung mouse alveolar type 2 cells and primary human fibroblasts""], [""cell_type"", ""lung mouse alveolar type 2 cells and primary human fibroblasts""], [""genotype"", ""Ros1 CRISPR/Cas9 knockout""], [""batch"", ""plate2-4""]]"
GSE307351	GSM9216245	SAMN50935555	SRS26384172	lung alveolar organoid, Csf3r knockout, plate2-4 well E11	"[""batch"", ""cell_type"", ""collection_date"", ""genotype"", ""geo_loc_name"", ""source_name""]"	"[[""source_name"", ""lung mouse alveolar type 2 cells and primary human fibroblasts""], [""cell_type"", ""lung mouse alveolar type 2 cells and primary human fibroblasts""], [""genotype"", ""Csf3r CRISPR/Cas9 knockout""], [""batch"", ""plate2-4""]]"
GSE307351	GSM9216246	SAMN50935554	SRS26384173	lung alveolar organoid, Tigit knockout, plate2-4 well F02	"[""batch"", ""cell_type"", ""collection_date"", ""genotype"", ""geo_loc_name"", ""source_name""]"	"[[""source_name"", ""lung mouse alveolar type 2 cells and primary human fibroblasts""], [""cell_type"", ""lung mouse alveolar type 2 cells and primary human fibroblasts""], [""genotype"", ""Tigit CRISPR/Cas9 knockout""], [""batch"", ""plate2-4""]]"
GSE307351	GSM9216247	SAMN50935553	SRS26384174	lung alveolar organoid, Dsp knockout, plate2-4 well F03	"[""batch"", ""cell_type"", ""collection_date"", ""genotype"", ""geo_loc_name"", ""source_name""]"	"[[""source_name"", ""lung mouse alveolar type 2 cells and primary human fibroblasts""], [""cell_type"", ""lung mouse alveolar type 2 cells and primary human fibroblasts""], [""genotype"", ""Dsp CRISPR/Cas9 knockout""], [""batch"", ""plate2-4""]]"
GSE307351	GSM9216248	SAMN50935552	SRS26384178	lung alveolar organoid, Mtus1 knockout, plate2-4 well F04	"[""batch"", ""cell_type"", ""collection_date"", ""genotype"", ""geo_loc_name"", ""source_name""]"	"[[""source_name"", ""lung mouse alveolar type 2 cells and primary human fibroblasts""], [""cell_type"", ""lung mouse alveolar type 2 cells and primary human fibroblasts""], [""genotype"", ""Mtus1 CRISPR/Cas9 knockout""], [""batch"", ""plate2-4""]]"
GSE307351	GSM9216249	SAMN50935551	SRS26384175	lung alveolar organoid, Epcam knockout, plate2-4 well F05	"[""batch"", ""cell_type"", ""collection_date"", ""genotype"", ""geo_loc_name"", ""source_name""]"	"[[""source_name"", ""lung mouse alveolar type 2 cells and primary human fibroblasts""], [""cell_type"", ""lung mouse alveolar type 2 cells and primary human fibroblasts""], [""genotype"", ""Epcam CRISPR/Cas9 knockout""], [""batch"", ""plate2-4""]]"
GSE307351	GSM9216250	SAMN50935550	SRS26384176	lung alveolar organoid, Fzd7 knockout, plate2-4 well F06	"[""batch"", ""cell_type"", ""collection_date"", ""genotype"", ""geo_loc_name"", ""source_name""]"	"[[""source_name"", ""lung mouse alveolar type 2 cells and primary human fibroblasts""], [""cell_type"", ""lung mouse alveolar type 2 cells and primary human fibroblasts""], [""genotype"", ""Fzd7 CRISPR/Cas9 knockout""], [""batch"", ""plate2-4""]]"
GSE307351	GSM9216251	SAMN50935549	SRS26383800	lung alveolar organoid, Fzd1 knockout, plate2-4 well F07	"[""batch"", ""cell_type"", ""collection_date"", ""genotype"", ""geo_loc_name"", ""source_name""]"	"[[""source_name"", ""lung mouse alveolar type 2 cells and primary human fibroblasts""], [""cell_type"", ""lung mouse alveolar type 2 cells and primary human fibroblasts""], [""genotype"", ""Fzd1 CRISPR/Cas9 knockout""], [""batch"", ""plate2-4""]]"
GSE307351	GSM9216252	SAMN50935548	SRS26383801	lung alveolar organoid, Syt4 knockout, plate2-4 well F08	"[""batch"", ""cell_type"", ""collection_date"", ""genotype"", ""geo_loc_name"", ""source_name""]"	"[[""source_name"", ""lung mouse alveolar type 2 cells and primary human fibroblasts""], [""cell_type"", ""lung mouse alveolar type 2 cells and primary human fibroblasts""], [""genotype"", ""Syt4 CRISPR/Cas9 knockout""], [""batch"", ""plate2-4""]]"
GSE307351	GSM9216253	SAMN50935547	SRS26383803	lung alveolar organoid, Tln1 knockout, plate2-4 well F09	"[""batch"", ""cell_type"", ""collection_date"", ""genotype"", ""geo_loc_name"", ""source_name""]"	"[[""source_name"", ""lung mouse alveolar type 2 cells and primary human fibroblasts""], [""cell_type"", ""lung mouse alveolar type 2 cells and primary human fibroblasts""], [""genotype"", ""Tln1 CRISPR/Cas9 knockout""], [""batch"", ""plate2-4""]]"
GSE307351	GSM9216254	SAMN50935546	SRS26383805	lung alveolar organoid, Lrp2 knockout, plate2-4 well F10	"[""batch"", ""cell_type"", ""collection_date"", ""genotype"", ""geo_loc_name"", ""source_name""]"	"[[""source_name"", ""lung mouse alveolar type 2 cells and primary human fibroblasts""], [""cell_type"", ""lung mouse alveolar type 2 cells and primary human fibroblasts""], [""genotype"", ""Lrp2 CRISPR/Cas9 knockout""], [""batch"", ""plate2-4""]]"
GSE307351	GSM9216255	SAMN50935545	SRS26383806	lung alveolar organoid, Bap1 knockout, plate2-4 well F11	"[""batch"", ""cell_type"", ""collection_date"", ""genotype"", ""geo_loc_name"", ""source_name""]"	"[[""source_name"", ""lung mouse alveolar type 2 cells and primary human fibroblasts""], [""cell_type"", ""lung mouse alveolar type 2 cells and primary human fibroblasts""], [""genotype"", ""Bap1 CRISPR/Cas9 knockout""], [""batch"", ""plate2-4""]]"
GSE307351	GSM9216256	SAMN50935544	SRS26383804	lung alveolar organoid, Tert knockout, plate2-4 well G02	"[""batch"", ""cell_type"", ""collection_date"", ""genotype"", ""geo_loc_name"", ""source_name""]"	"[[""source_name"", ""lung mouse alveolar type 2 cells and primary human fibroblasts""], [""cell_type"", ""lung mouse alveolar type 2 cells and primary human fibroblasts""], [""genotype"", ""Tert CRISPR/Cas9 knockout""], [""batch"", ""plate2-4""]]"
GSE307351	GSM9216257	SAMN50935543	SRS26383807	lung alveolar organoid, Fzd5 knockout, plate2-4 well G04	"[""batch"", ""cell_type"", ""collection_date"", ""genotype"", ""geo_loc_name"", ""source_name""]"	"[[""source_name"", ""lung mouse alveolar type 2 cells and primary human fibroblasts""], [""cell_type"", ""lung mouse alveolar type 2 cells and primary human fibroblasts""], [""genotype"", ""Fzd5 CRISPR/Cas9 knockout""], [""batch"", ""plate2-4""]]"
GSE307351	GSM9216258	SAMN50935542	SRS26383808	lung alveolar organoid, Fzd6 knockout, plate2-4 well G05	"[""batch"", ""cell_type"", ""collection_date"", ""genotype"", ""geo_loc_name"", ""source_name""]"	"[[""source_name"", ""lung mouse alveolar type 2 cells and primary human fibroblasts""], [""cell_type"", ""lung mouse alveolar type 2 cells and primary human fibroblasts""], [""genotype"", ""Fzd6 CRISPR/Cas9 knockout""], [""batch"", ""plate2-4""]]"
GSE307351	GSM9216259	SAMN50935541	SRS26384278	lung alveolar organoid, Myrf knockout, plate2-4 well G06	"[""batch"", ""cell_type"", ""collection_date"", ""genotype"", ""geo_loc_name"", ""source_name""]"	"[[""source_name"", ""lung mouse alveolar type 2 cells and primary human fibroblasts""], [""cell_type"", ""lung mouse alveolar type 2 cells and primary human fibroblasts""], [""genotype"", ""Myrf CRISPR/Cas9 knockout""], [""batch"", ""plate2-4""]]"
GSE307351	GSM9216260	SAMN50935540	SRS26384279	lung alveolar organoid, Fzd4 knockout, plate2-4 well G07	"[""batch"", ""cell_type"", ""collection_date"", ""genotype"", ""geo_loc_name"", ""source_name""]"	"[[""source_name"", ""lung mouse alveolar type 2 cells and primary human fibroblasts""], [""cell_type"", ""lung mouse alveolar type 2 cells and primary human fibroblasts""], [""genotype"", ""Fzd4 CRISPR/Cas9 knockout""], [""batch"", ""plate2-4""]]"
GSE307351	GSM9216261	SAMN50935539	SRS26384280	lung alveolar organoid, Syt11 knockout, plate2-4 well G08	"[""batch"", ""cell_type"", ""collection_date"", ""genotype"", ""geo_loc_name"", ""source_name""]"	"[[""source_name"", ""lung mouse alveolar type 2 cells and primary human fibroblasts""], [""cell_type"", ""lung mouse alveolar type 2 cells and primary human fibroblasts""], [""genotype"", ""Syt11 CRISPR/Cas9 knockout""], [""batch"", ""plate2-4""]]"
GSE307351	GSM9216262	SAMN50935538	SRS26384282	lung alveolar organoid, Dmbt1 knockout, plate2-4 well G09	"[""batch"", ""cell_type"", ""collection_date"", ""genotype"", ""geo_loc_name"", ""source_name""]"	"[[""source_name"", ""lung mouse alveolar type 2 cells and primary human fibroblasts""], [""cell_type"", ""lung mouse alveolar type 2 cells and primary human fibroblasts""], [""genotype"", ""Dmbt1 CRISPR/Cas9 knockout""], [""batch"", ""plate2-4""]]"
GSE307351	GSM9216263	SAMN50935537	SRS26384281	lung alveolar organoid, Tdtomato knockout, plate2-4 well G10	"[""batch"", ""cell_type"", ""collection_date"", ""genotype"", ""geo_loc_name"", ""source_name""]"	"[[""source_name"", ""lung mouse alveolar type 2 cells and primary human fibroblasts""], [""cell_type"", ""lung mouse alveolar type 2 cells and primary human fibroblasts""], [""genotype"", ""Tdtomato CRISPR/Cas9 knockout""], [""batch"", ""plate2-4""]]"
GSE307351	GSM9216264	SAMN50935536	SRS26384284	lung alveolar organoid, Tigit knockout, plate2-4 well G11	"[""batch"", ""cell_type"", ""collection_date"", ""genotype"", ""geo_loc_name"", ""source_name""]"	"[[""source_name"", ""lung mouse alveolar type 2 cells and primary human fibroblasts""], [""cell_type"", ""lung mouse alveolar type 2 cells and primary human fibroblasts""], [""genotype"", ""Tigit CRISPR/Cas9 knockout""], [""batch"", ""plate2-4""]]"
GSE307351	GSM9216265	SAMN50935535	SRS26384283	lung alveolar organoid, Kidins220 knockout, plate3-1 well B02	"[""batch"", ""cell_type"", ""collection_date"", ""genotype"", ""geo_loc_name"", ""source_name""]"	"[[""source_name"", ""lung mouse alveolar type 2 cells and primary human fibroblasts""], [""cell_type"", ""lung mouse alveolar type 2 cells and primary human fibroblasts""], [""genotype"", ""Kidins220 CRISPR/Cas9 knockout""], [""batch"", ""plate3-1""]]"
GSE307351	GSM9216266	SAMN50935534	SRS26384290	lung alveolar organoid, Cd81 knockout, plate3-1 well B03	"[""batch"", ""cell_type"", ""collection_date"", ""genotype"", ""geo_loc_name"", ""source_name""]"	"[[""source_name"", ""lung mouse alveolar type 2 cells and primary human fibroblasts""], [""cell_type"", ""lung mouse alveolar type 2 cells and primary human fibroblasts""], [""genotype"", ""Cd81 CRISPR/Cas9 knockout""], [""batch"", ""plate3-1""]]"
GSE307351	GSM9216267	SAMN50935533	SRS26384326	lung alveolar organoid, Tigit knockout, plate3-1 well B04	"[""batch"", ""cell_type"", ""collection_date"", ""genotype"", ""geo_loc_name"", ""source_name""]"	"[[""source_name"", ""lung mouse alveolar type 2 cells and primary human fibroblasts""], [""cell_type"", ""lung mouse alveolar type 2 cells and primary human fibroblasts""], [""genotype"", ""Tigit CRISPR/Cas9 knockout""], [""batch"", ""plate3-1""]]"
GSE307351	GSM9216268	SAMN50935532	SRS26384327	lung alveolar organoid, Tdtomato knockout, plate3-1 well B05	"[""batch"", ""cell_type"", ""collection_date"", ""genotype"", ""geo_loc_name"", ""source_name""]"	"[[""source_name"", ""lung mouse alveolar type 2 cells and primary human fibroblasts""], [""cell_type"", ""lung mouse alveolar type 2 cells and primary human fibroblasts""], [""genotype"", ""Tdtomato CRISPR/Cas9 knockout""], [""batch"", ""plate3-1""]]"
GSE307351	GSM9216269	SAMN50935531	SRS26384328	lung alveolar organoid, Tgif1 knockout, plate3-1 well B06	"[""batch"", ""cell_type"", ""collection_date"", ""genotype"", ""geo_loc_name"", ""source_name""]"	"[[""source_name"", ""lung mouse alveolar type 2 cells and primary human fibroblasts""], [""cell_type"", ""lung mouse alveolar type 2 cells and primary human fibroblasts""], [""genotype"", ""Tgif1 CRISPR/Cas9 knockout""], [""batch"", ""plate3-1""]]"
GSE307351	GSM9216270	SAMN50935530	SRS26384332	lung alveolar organoid, Celsr1 knockout, plate3-1 well B07	"[""batch"", ""cell_type"", ""collection_date"", ""genotype"", ""geo_loc_name"", ""source_name""]"	"[[""source_name"", ""lung mouse alveolar type 2 cells and primary human fibroblasts""], [""cell_type"", ""lung mouse alveolar type 2 cells and primary human fibroblasts""], [""genotype"", ""Celsr1 CRISPR/Cas9 knockout""], [""batch"", ""plate3-1""]]"
GSE307351	GSM9216271	SAMN50935529	SRS26384330	lung alveolar organoid, Pi4k2b knockout, plate3-1 well B08	"[""batch"", ""cell_type"", ""collection_date"", ""genotype"", ""geo_loc_name"", ""source_name""]"	"[[""source_name"", ""lung mouse alveolar type 2 cells and primary human fibroblasts""], [""cell_type"", ""lung mouse alveolar type 2 cells and primary human fibroblasts""], [""genotype"", ""Pi4k2b CRISPR/Cas9 knockout""], [""batch"", ""plate3-1""]]"
GSE307351	GSM9216272	SAMN50935528	SRS26384329	lung alveolar organoid, Map2k2 knockout, plate3-1 well B09	"[""batch"", ""cell_type"", ""collection_date"", ""genotype"", ""geo_loc_name"", ""source_name""]"	"[[""source_name"", ""lung mouse alveolar type 2 cells and primary human fibroblasts""], [""cell_type"", ""lung mouse alveolar type 2 cells and primary human fibroblasts""], [""genotype"", ""Map2k2 CRISPR/Cas9 knockout""], [""batch"", ""plate3-1""]]"
GSE307351	GSM9216273	SAMN50935527	SRS26384333	lung alveolar organoid, Map3k5 knockout, plate3-1 well B10	"[""batch"", ""cell_type"", ""collection_date"", ""genotype"", ""geo_loc_name"", ""source_name""]"	"[[""source_name"", ""lung mouse alveolar type 2 cells and primary human fibroblasts""], [""cell_type"", ""lung mouse alveolar type 2 cells and primary human fibroblasts""], [""genotype"", ""Map3k5 CRISPR/Cas9 knockout""], [""batch"", ""plate3-1""]]"
GSE307351	GSM9216274	SAMN50935526	SRS26384331	lung alveolar organoid, Mapk3 knockout, plate3-1 well B11	"[""batch"", ""cell_type"", ""collection_date"", ""genotype"", ""geo_loc_name"", ""source_name""]"	"[[""source_name"", ""lung mouse alveolar type 2 cells and primary human fibroblasts""], [""cell_type"", ""lung mouse alveolar type 2 cells and primary human fibroblasts""], [""genotype"", ""Mapk3 CRISPR/Cas9 knockout""], [""batch"", ""plate3-1""]]"
GSE307351	GSM9216275	SAMN50935525	SRS26384177	lung alveolar organoid, Itgb6 knockout, plate3-1 well C02	"[""batch"", ""cell_type"", ""collection_date"", ""genotype"", ""geo_loc_name"", ""source_name""]"	"[[""source_name"", ""lung mouse alveolar type 2 cells and primary human fibroblasts""], [""cell_type"", ""lung mouse alveolar type 2 cells and primary human fibroblasts""], [""genotype"", ""Itgb6 CRISPR/Cas9 knockout""], [""batch"", ""plate3-1""]]"
GSE307351	GSM9216276	SAMN50935524	SRS26384180	lung alveolar organoid, Egfr knockout, plate3-1 well C03	"[""batch"", ""cell_type"", ""collection_date"", ""genotype"", ""geo_loc_name"", ""source_name""]"	"[[""source_name"", ""lung mouse alveolar type 2 cells and primary human fibroblasts""], [""cell_type"", ""lung mouse alveolar type 2 cells and primary human fibroblasts""], [""genotype"", ""Egfr CRISPR/Cas9 knockout""], [""batch"", ""plate3-1""]]"
GSE307351	GSM9216277	SAMN50935523	SRS26384179	lung alveolar organoid, Dram1 knockout, plate3-1 well C04	"[""batch"", ""cell_type"", ""collection_date"", ""genotype"", ""geo_loc_name"", ""source_name""]"	"[[""source_name"", ""lung mouse alveolar type 2 cells and primary human fibroblasts""], [""cell_type"", ""lung mouse alveolar type 2 cells and primary human fibroblasts""], [""genotype"", ""Dram1 CRISPR/Cas9 knockout""], [""batch"", ""plate3-1""]]"
GSE307351	GSM9216278	SAMN50935522	SRS26384181	lung alveolar organoid, Csnk1a1 knockout, plate3-1 well C05	"[""batch"", ""cell_type"", ""collection_date"", ""genotype"", ""geo_loc_name"", ""source_name""]"	"[[""source_name"", ""lung mouse alveolar type 2 cells and primary human fibroblasts""], [""cell_type"", ""lung mouse alveolar type 2 cells and primary human fibroblasts""], [""genotype"", ""Csnk1a1 CRISPR/Cas9 knockout""], [""batch"", ""plate3-1""]]"
GSE307351	GSM9216279	SAMN50935521	SRS26384183	lung alveolar organoid, Adk knockout, plate3-1 well C06	"[""batch"", ""cell_type"", ""collection_date"", ""genotype"", ""geo_loc_name"", ""source_name""]"	"[[""source_name"", ""lung mouse alveolar type 2 cells and primary human fibroblasts""], [""cell_type"", ""lung mouse alveolar type 2 cells and primary human fibroblasts""], [""genotype"", ""Adk CRISPR/Cas9 knockout""], [""batch"", ""plate3-1""]]"
GSE307351	GSM9216280	SAMN50935520	SRS26384184	lung alveolar organoid, Gnai2 knockout, plate3-1 well C07	"[""batch"", ""cell_type"", ""collection_date"", ""genotype"", ""geo_loc_name"", ""source_name""]"	"[[""source_name"", ""lung mouse alveolar type 2 cells and primary human fibroblasts""], [""cell_type"", ""lung mouse alveolar type 2 cells and primary human fibroblasts""], [""genotype"", ""Gnai2 CRISPR/Cas9 knockout""], [""batch"", ""plate3-1""]]"
GSE307351	GSM9216281	SAMN50935519	SRS26384182	lung alveolar organoid, Ociad2 knockout, plate3-1 well C08	"[""batch"", ""cell_type"", ""collection_date"", ""genotype"", ""geo_loc_name"", ""source_name""]"	"[[""source_name"", ""lung mouse alveolar type 2 cells and primary human fibroblasts""], [""cell_type"", ""lung mouse alveolar type 2 cells and primary human fibroblasts""], [""genotype"", ""Ociad2 CRISPR/Cas9 knockout""], [""batch"", ""plate3-1""]]"
GSE307351	GSM9216282	SAMN50935518	SRS26384186	lung alveolar organoid, Tigit knockout, plate3-1 well C09	"[""batch"", ""cell_type"", ""collection_date"", ""genotype"", ""geo_loc_name"", ""source_name""]"	"[[""source_name"", ""lung mouse alveolar type 2 cells and primary human fibroblasts""], [""cell_type"", ""lung mouse alveolar type 2 cells and primary human fibroblasts""], [""genotype"", ""Tigit CRISPR/Cas9 knockout""], [""batch"", ""plate3-1""]]"
GSE307351	GSM9216283	SAMN50935517	SRS26383809	lung alveolar organoid, Map3k7 knockout, plate3-1 well C10	"[""batch"", ""cell_type"", ""collection_date"", ""genotype"", ""geo_loc_name"", ""source_name""]"	"[[""source_name"", ""lung mouse alveolar type 2 cells and primary human fibroblasts""], [""cell_type"", ""lung mouse alveolar type 2 cells and primary human fibroblasts""], [""genotype"", ""Map3k7 CRISPR/Cas9 knockout""], [""batch"", ""plate3-1""]]"
GSE307351	GSM9216284	SAMN50935516	SRS26383811	lung alveolar organoid, Cish knockout, plate3-1 well C11	"[""batch"", ""cell_type"", ""collection_date"", ""genotype"", ""geo_loc_name"", ""source_name""]"	"[[""source_name"", ""lung mouse alveolar type 2 cells and primary human fibroblasts""], [""cell_type"", ""lung mouse alveolar type 2 cells and primary human fibroblasts""], [""genotype"", ""Cish CRISPR/Cas9 knockout""], [""batch"", ""plate3-1""]]"
GSE307351	GSM9216285	SAMN50935515	SRS26383810	lung alveolar organoid, Slc22a3 knockout, plate3-1 well D02	"[""batch"", ""cell_type"", ""collection_date"", ""genotype"", ""geo_loc_name"", ""source_name""]"	"[[""source_name"", ""lung mouse alveolar type 2 cells and primary human fibroblasts""], [""cell_type"", ""lung mouse alveolar type 2 cells and primary human fibroblasts""], [""genotype"", ""Slc22a3 CRISPR/Cas9 knockout""], [""batch"", ""plate3-1""]]"
GSE307351	GSM9216286	SAMN50935514	SRS26383812	lung alveolar organoid, Erbb2 knockout, plate3-1 well D03	"[""batch"", ""cell_type"", ""collection_date"", ""genotype"", ""geo_loc_name"", ""source_name""]"	"[[""source_name"", ""lung mouse alveolar type 2 cells and primary human fibroblasts""], [""cell_type"", ""lung mouse alveolar type 2 cells and primary human fibroblasts""], [""genotype"", ""Erbb2 CRISPR/Cas9 knockout""], [""batch"", ""plate3-1""]]"
GSE307351	GSM9216287	SAMN50935513	SRS26383813	lung alveolar organoid, Egfl6 knockout, plate3-1 well D04	"[""batch"", ""cell_type"", ""collection_date"", ""genotype"", ""geo_loc_name"", ""source_name""]"	"[[""source_name"", ""lung mouse alveolar type 2 cells and primary human fibroblasts""], [""cell_type"", ""lung mouse alveolar type 2 cells and primary human fibroblasts""], [""genotype"", ""Egfl6 CRISPR/Cas9 knockout""], [""batch"", ""plate3-1""]]"
GSE307351	GSM9216288	SAMN50935512	SRS26383814	lung alveolar organoid, Csnk2a1 knockout, plate3-1 well D05	"[""batch"", ""cell_type"", ""collection_date"", ""genotype"", ""geo_loc_name"", ""source_name""]"	"[[""source_name"", ""lung mouse alveolar type 2 cells and primary human fibroblasts""], [""cell_type"", ""lung mouse alveolar type 2 cells and primary human fibroblasts""], [""genotype"", ""Csnk2a1 CRISPR/Cas9 knockout""], [""batch"", ""plate3-1""]]"
GSE307351	GSM9216289	SAMN50935511	SRS26383815	lung alveolar organoid, Ank3 knockout, plate3-1 well D06	"[""batch"", ""cell_type"", ""collection_date"", ""genotype"", ""geo_loc_name"", ""source_name""]"	"[[""source_name"", ""lung mouse alveolar type 2 cells and primary human fibroblasts""], [""cell_type"", ""lung mouse alveolar type 2 cells and primary human fibroblasts""], [""genotype"", ""Ank3 CRISPR/Cas9 knockout""], [""batch"", ""plate3-1""]]"
GSE307351	GSM9216290	SAMN50935510	SRS26383816	lung alveolar organoid, Tigit knockout, plate3-1 well D07	"[""batch"", ""cell_type"", ""collection_date"", ""genotype"", ""geo_loc_name"", ""source_name""]"	"[[""source_name"", ""lung mouse alveolar type 2 cells and primary human fibroblasts""], [""cell_type"", ""lung mouse alveolar type 2 cells and primary human fibroblasts""], [""genotype"", ""Tigit CRISPR/Cas9 knockout""], [""batch"", ""plate3-1""]]"
GSE307351	GSM9216291	SAMN50935509	SRS26384286	lung alveolar organoid, Elovl1 knockout, plate3-1 well D08	"[""batch"", ""cell_type"", ""collection_date"", ""genotype"", ""geo_loc_name"", ""source_name""]"	"[[""source_name"", ""lung mouse alveolar type 2 cells and primary human fibroblasts""], [""cell_type"", ""lung mouse alveolar type 2 cells and primary human fibroblasts""], [""genotype"", ""Elovl1 CRISPR/Cas9 knockout""], [""batch"", ""plate3-1""]]"
GSE307351	GSM9216292	SAMN50935508	SRS26384289	lung alveolar organoid, Map2k3 knockout, plate3-1 well D09	"[""batch"", ""cell_type"", ""collection_date"", ""genotype"", ""geo_loc_name"", ""source_name""]"	"[[""source_name"", ""lung mouse alveolar type 2 cells and primary human fibroblasts""], [""cell_type"", ""lung mouse alveolar type 2 cells and primary human fibroblasts""], [""genotype"", ""Map2k3 CRISPR/Cas9 knockout""], [""batch"", ""plate3-1""]]"
GSE307351	GSM9216293	SAMN50935507	SRS26384285	lung alveolar organoid, Map4k3 knockout, plate3-1 well D10	"[""batch"", ""cell_type"", ""collection_date"", ""genotype"", ""geo_loc_name"", ""source_name""]"	"[[""source_name"", ""lung mouse alveolar type 2 cells and primary human fibroblasts""], [""cell_type"", ""lung mouse alveolar type 2 cells and primary human fibroblasts""], [""genotype"", ""Map4k3 CRISPR/Cas9 knockout""], [""batch"", ""plate3-1""]]"
GSE307351	GSM9216294	SAMN50935506	SRS26384287	lung alveolar organoid, Elf5 knockout, plate3-1 well D11	"[""batch"", ""cell_type"", ""collection_date"", ""genotype"", ""geo_loc_name"", ""source_name""]"	"[[""source_name"", ""lung mouse alveolar type 2 cells and primary human fibroblasts""], [""cell_type"", ""lung mouse alveolar type 2 cells and primary human fibroblasts""], [""genotype"", ""Elf5 CRISPR/Cas9 knockout""], [""batch"", ""plate3-1""]]"
GSE307351	GSM9216295	SAMN50935505	SRS26384288	lung alveolar organoid, Tlr2 knockout, plate3-1 well E02	"[""batch"", ""cell_type"", ""collection_date"", ""genotype"", ""geo_loc_name"", ""source_name""]"	"[[""source_name"", ""lung mouse alveolar type 2 cells and primary human fibroblasts""], [""cell_type"", ""lung mouse alveolar type 2 cells and primary human fibroblasts""], [""genotype"", ""Tlr2 CRISPR/Cas9 knockout""], [""batch"", ""plate3-1""]]"
GSE307351	GSM9216296	SAMN50935504	SRS26384291	lung alveolar organoid, Tigit knockout, plate3-1 well E03	"[""batch"", ""cell_type"", ""collection_date"", ""genotype"", ""geo_loc_name"", ""source_name""]"	"[[""source_name"", ""lung mouse alveolar type 2 cells and primary human fibroblasts""], [""cell_type"", ""lung mouse alveolar type 2 cells and primary human fibroblasts""], [""genotype"", ""Tigit CRISPR/Cas9 knockout""], [""batch"", ""plate3-1""]]"
GSE307351	GSM9216297	SAMN50935503	SRS26384293	lung alveolar organoid, Ctsh knockout, plate3-1 well E04	"[""batch"", ""cell_type"", ""collection_date"", ""genotype"", ""geo_loc_name"", ""source_name""]"	"[[""source_name"", ""lung mouse alveolar type 2 cells and primary human fibroblasts""], [""cell_type"", ""lung mouse alveolar type 2 cells and primary human fibroblasts""], [""genotype"", ""Ctsh CRISPR/Cas9 knockout""], [""batch"", ""plate3-1""]]"
GSE307351	GSM9216298	SAMN50935502	SRS26384292	lung alveolar organoid, Csnk2a1 knockout, plate3-1 well E05	"[""batch"", ""cell_type"", ""collection_date"", ""genotype"", ""geo_loc_name"", ""source_name""]"	"[[""source_name"", ""lung mouse alveolar type 2 cells and primary human fibroblasts""], [""cell_type"", ""lung mouse alveolar type 2 cells and primary human fibroblasts""], [""genotype"", ""Csnk2a1 CRISPR/Cas9 knockout""], [""batch"", ""plate3-1""]]"
GSE307351	GSM9216299	SAMN50935501	SRS26384336	lung alveolar organoid, Myo5c knockout, plate3-1 well E06	"[""batch"", ""cell_type"", ""collection_date"", ""genotype"", ""geo_loc_name"", ""source_name""]"	"[[""source_name"", ""lung mouse alveolar type 2 cells and primary human fibroblasts""], [""cell_type"", ""lung mouse alveolar type 2 cells and primary human fibroblasts""], [""genotype"", ""Myo5c CRISPR/Cas9 knockout""], [""batch"", ""plate3-1""]]"
GSE307351	GSM9216300	SAMN50935500	SRS26384335	lung alveolar organoid, Gnai1 knockout, plate3-1 well E07	"[""batch"", ""cell_type"", ""collection_date"", ""genotype"", ""geo_loc_name"", ""source_name""]"	"[[""source_name"", ""lung mouse alveolar type 2 cells and primary human fibroblasts""], [""cell_type"", ""lung mouse alveolar type 2 cells and primary human fibroblasts""], [""genotype"", ""Gnai1 CRISPR/Cas9 knockout""], [""batch"", ""plate3-1""]]"
GSE307351	GSM9216301	SAMN50935499	SRS26384337	lung alveolar organoid, Antxr1 knockout, plate3-1 well E08	"[""batch"", ""cell_type"", ""collection_date"", ""genotype"", ""geo_loc_name"", ""source_name""]"	"[[""source_name"", ""lung mouse alveolar type 2 cells and primary human fibroblasts""], [""cell_type"", ""lung mouse alveolar type 2 cells and primary human fibroblasts""], [""genotype"", ""Antxr1 CRISPR/Cas9 knockout""], [""batch"", ""plate3-1""]]"
GSE307351	GSM9216302	SAMN50935498	SRS26384334	lung alveolar organoid, Map2k4 knockout, plate3-1 well E09	"[""batch"", ""cell_type"", ""collection_date"", ""genotype"", ""geo_loc_name"", ""source_name""]"	"[[""source_name"", ""lung mouse alveolar type 2 cells and primary human fibroblasts""], [""cell_type"", ""lung mouse alveolar type 2 cells and primary human fibroblasts""], [""genotype"", ""Map2k4 CRISPR/Cas9 knockout""], [""batch"", ""plate3-1""]]"
GSE307351	GSM9216303	SAMN50935497	SRS26384342	lung alveolar organoid, Map4k4 knockout, plate3-1 well E10	"[""batch"", ""cell_type"", ""collection_date"", ""genotype"", ""geo_loc_name"", ""source_name""]"	"[[""source_name"", ""lung mouse alveolar type 2 cells and primary human fibroblasts""], [""cell_type"", ""lung mouse alveolar type 2 cells and primary human fibroblasts""], [""genotype"", ""Map4k4 CRISPR/Cas9 knockout""], [""batch"", ""plate3-1""]]"
GSE307351	GSM9216304	SAMN50935496	SRS26384340	lung alveolar organoid, Ccn2 knockout, plate3-1 well E11	"[""batch"", ""cell_type"", ""collection_date"", ""genotype"", ""geo_loc_name"", ""source_name""]"	"[[""source_name"", ""lung mouse alveolar type 2 cells and primary human fibroblasts""], [""cell_type"", ""lung mouse alveolar type 2 cells and primary human fibroblasts""], [""genotype"", ""Ccn2 CRISPR/Cas9 knockout""], [""batch"", ""plate3-1""]]"
GSE307351	GSM9216305	SAMN50935495	SRS26384338	lung alveolar organoid, Tigit knockout, plate3-1 well F02	"[""batch"", ""cell_type"", ""collection_date"", ""genotype"", ""geo_loc_name"", ""source_name""]"	"[[""source_name"", ""lung mouse alveolar type 2 cells and primary human fibroblasts""], [""cell_type"", ""lung mouse alveolar type 2 cells and primary human fibroblasts""], [""genotype"", ""Tigit CRISPR/Cas9 knockout""], [""batch"", ""plate3-1""]]"
GSE307351	GSM9216306	SAMN50935494	SRS26384339	lung alveolar organoid, Erbb4 knockout, plate3-1 well F03	"[""batch"", ""cell_type"", ""collection_date"", ""genotype"", ""geo_loc_name"", ""source_name""]"	"[[""source_name"", ""lung mouse alveolar type 2 cells and primary human fibroblasts""], [""cell_type"", ""lung mouse alveolar type 2 cells and primary human fibroblasts""], [""genotype"", ""Erbb4 CRISPR/Cas9 knockout""], [""batch"", ""plate3-1""]]"
GSE307351	GSM9216307	SAMN50935493	SRS26384188	lung alveolar organoid, Slc39a8 knockout, plate3-1 well F04	"[""batch"", ""cell_type"", ""collection_date"", ""genotype"", ""geo_loc_name"", ""source_name""]"	"[[""source_name"", ""lung mouse alveolar type 2 cells and primary human fibroblasts""], [""cell_type"", ""lung mouse alveolar type 2 cells and primary human fibroblasts""], [""genotype"", ""Slc39a8 CRISPR/Cas9 knockout""], [""batch"", ""plate3-1""]]"
GSE307351	GSM9216308	SAMN50935492	SRS26384185	lung alveolar organoid, Vangl1 knockout, plate3-1 well F05	"[""batch"", ""cell_type"", ""collection_date"", ""genotype"", ""geo_loc_name"", ""source_name""]"	"[[""source_name"", ""lung mouse alveolar type 2 cells and primary human fibroblasts""], [""cell_type"", ""lung mouse alveolar type 2 cells and primary human fibroblasts""], [""genotype"", ""Vangl1 CRISPR/Cas9 knockout""], [""batch"", ""plate3-1""]]"
GSE307351	GSM9216309	SAMN50935491	SRS26384187	lung alveolar organoid, Tinag knockout, plate3-1 well F06	"[""batch"", ""cell_type"", ""collection_date"", ""genotype"", ""geo_loc_name"", ""source_name""]"	"[[""source_name"", ""lung mouse alveolar type 2 cells and primary human fibroblasts""], [""cell_type"", ""lung mouse alveolar type 2 cells and primary human fibroblasts""], [""genotype"", ""Tinag CRISPR/Cas9 knockout""], [""batch"", ""plate3-1""]]"
GSE307351	GSM9216310	SAMN50935490	SRS26384189	lung alveolar organoid, Areg knockout, plate3-1 well F07	"[""batch"", ""cell_type"", ""collection_date"", ""genotype"", ""geo_loc_name"", ""source_name""]"	"[[""source_name"", ""lung mouse alveolar type 2 cells and primary human fibroblasts""], [""cell_type"", ""lung mouse alveolar type 2 cells and primary human fibroblasts""], [""genotype"", ""Areg CRISPR/Cas9 knockout""], [""batch"", ""plate3-1""]]"
GSE307351	GSM9216311	SAMN50935489	SRS26384191	lung alveolar organoid, Tspan11 knockout, plate3-1 well F08	"[""batch"", ""cell_type"", ""collection_date"", ""genotype"", ""geo_loc_name"", ""source_name""]"	"[[""source_name"", ""lung mouse alveolar type 2 cells and primary human fibroblasts""], [""cell_type"", ""lung mouse alveolar type 2 cells and primary human fibroblasts""], [""genotype"", ""Tspan11 CRISPR/Cas9 knockout""], [""batch"", ""plate3-1""]]"
GSE307351	GSM9216312	SAMN50935488	SRS26384190	lung alveolar organoid, Map3k1 knockout, plate3-1 well F09	"[""batch"", ""cell_type"", ""collection_date"", ""genotype"", ""geo_loc_name"", ""source_name""]"	"[[""source_name"", ""lung mouse alveolar type 2 cells and primary human fibroblasts""], [""cell_type"", ""lung mouse alveolar type 2 cells and primary human fibroblasts""], [""genotype"", ""Map3k1 CRISPR/Cas9 knockout""], [""batch"", ""plate3-1""]]"
GSE307351	GSM9216313	SAMN50935487	SRS26384194	lung alveolar organoid, Mapk1 knockout, plate3-1 well F10	"[""batch"", ""cell_type"", ""collection_date"", ""genotype"", ""geo_loc_name"", ""source_name""]"	"[[""source_name"", ""lung mouse alveolar type 2 cells and primary human fibroblasts""], [""cell_type"", ""lung mouse alveolar type 2 cells and primary human fibroblasts""], [""genotype"", ""Mapk1 CRISPR/Cas9 knockout""], [""batch"", ""plate3-1""]]"
GSE307351	GSM9216314	SAMN50935486	SRS26384193	lung alveolar organoid, Bmp2 knockout, plate3-1 well F11	"[""batch"", ""cell_type"", ""collection_date"", ""genotype"", ""geo_loc_name"", ""source_name""]"	"[[""source_name"", ""lung mouse alveolar type 2 cells and primary human fibroblasts""], [""cell_type"", ""lung mouse alveolar type 2 cells and primary human fibroblasts""], [""genotype"", ""Bmp2 CRISPR/Cas9 knockout""], [""batch"", ""plate3-1""]]"
GSE307351	GSM9216315	SAMN50935485	SRS26383817	lung alveolar organoid, Erbb3 knockout, plate3-1 well G02	"[""batch"", ""cell_type"", ""collection_date"", ""genotype"", ""geo_loc_name"", ""source_name""]"	"[[""source_name"", ""lung mouse alveolar type 2 cells and primary human fibroblasts""], [""cell_type"", ""lung mouse alveolar type 2 cells and primary human fibroblasts""], [""genotype"", ""Erbb3 CRISPR/Cas9 knockout""], [""batch"", ""plate3-1""]]"
GSE307351	GSM9216316	SAMN50935484	SRS26383818	lung alveolar organoid, Socs2 knockout, plate3-1 well G03	"[""batch"", ""cell_type"", ""collection_date"", ""genotype"", ""geo_loc_name"", ""source_name""]"	"[[""source_name"", ""lung mouse alveolar type 2 cells and primary human fibroblasts""], [""cell_type"", ""lung mouse alveolar type 2 cells and primary human fibroblasts""], [""genotype"", ""Socs2 CRISPR/Cas9 knockout""], [""batch"", ""plate3-1""]]"
GSE307351	GSM9216317	SAMN50935483	SRS26383819	lung alveolar organoid, Soat1 knockout, plate3-1 well G04	"[""batch"", ""cell_type"", ""collection_date"", ""genotype"", ""geo_loc_name"", ""source_name""]"	"[[""source_name"", ""lung mouse alveolar type 2 cells and primary human fibroblasts""], [""cell_type"", ""lung mouse alveolar type 2 cells and primary human fibroblasts""], [""genotype"", ""Soat1 CRISPR/Cas9 knockout""], [""batch"", ""plate3-1""]]"
GSE307351	GSM9216318	SAMN50935482	SRS26383820	lung alveolar organoid, Vangl2 knockout, plate3-1 well G05	"[""batch"", ""cell_type"", ""collection_date"", ""genotype"", ""geo_loc_name"", ""source_name""]"	"[[""source_name"", ""lung mouse alveolar type 2 cells and primary human fibroblasts""], [""cell_type"", ""lung mouse alveolar type 2 cells and primary human fibroblasts""], [""genotype"", ""Vangl2 CRISPR/Cas9 knockout""], [""batch"", ""plate3-1""]]"
GSE307351	GSM9216319	SAMN50935481	SRS26383822	lung alveolar organoid, Irf4 knockout, plate3-1 well G06	"[""batch"", ""cell_type"", ""collection_date"", ""genotype"", ""geo_loc_name"", ""source_name""]"	"[[""source_name"", ""lung mouse alveolar type 2 cells and primary human fibroblasts""], [""cell_type"", ""lung mouse alveolar type 2 cells and primary human fibroblasts""], [""genotype"", ""Irf4 CRISPR/Cas9 knockout""], [""batch"", ""plate3-1""]]"
GSE307351	GSM9216320	SAMN50935480	SRS26383821	lung alveolar organoid, Atp6v0e knockout, plate3-1 well G07	"[""batch"", ""cell_type"", ""collection_date"", ""genotype"", ""geo_loc_name"", ""source_name""]"	"[[""source_name"", ""lung mouse alveolar type 2 cells and primary human fibroblasts""], [""cell_type"", ""lung mouse alveolar type 2 cells and primary human fibroblasts""], [""genotype"", ""Atp6v0e CRISPR/Cas9 knockout""], [""batch"", ""plate3-1""]]"
GSE307351	GSM9216321	SAMN50935479	SRS26383823	lung alveolar organoid, Map2k1 knockout, plate3-1 well G08	"[""batch"", ""cell_type"", ""collection_date"", ""genotype"", ""geo_loc_name"", ""source_name""]"	"[[""source_name"", ""lung mouse alveolar type 2 cells and primary human fibroblasts""], [""cell_type"", ""lung mouse alveolar type 2 cells and primary human fibroblasts""], [""genotype"", ""Map2k1 CRISPR/Cas9 knockout""], [""batch"", ""plate3-1""]]"
GSE307351	GSM9216322	SAMN50935478	SRS26383824	lung alveolar organoid, Map3k2 knockout, plate3-1 well G09	"[""batch"", ""cell_type"", ""collection_date"", ""genotype"", ""geo_loc_name"", ""source_name""]"	"[[""source_name"", ""lung mouse alveolar type 2 cells and primary human fibroblasts""], [""cell_type"", ""lung mouse alveolar type 2 cells and primary human fibroblasts""], [""genotype"", ""Map3k2 CRISPR/Cas9 knockout""], [""batch"", ""plate3-1""]]"
GSE307351	GSM9216323	SAMN50935477	SRS26384294	lung alveolar organoid, Tdtomato knockout, plate3-1 well G10	"[""batch"", ""cell_type"", ""collection_date"", ""genotype"", ""geo_loc_name"", ""source_name""]"	"[[""source_name"", ""lung mouse alveolar type 2 cells and primary human fibroblasts""], [""cell_type"", ""lung mouse alveolar type 2 cells and primary human fibroblasts""], [""genotype"", ""Tdtomato CRISPR/Cas9 knockout""], [""batch"", ""plate3-1""]]"
GSE307351	GSM9216324	SAMN50935476	SRS26384295	lung alveolar organoid, Tigit knockout, plate3-1 well G11	"[""batch"", ""cell_type"", ""collection_date"", ""genotype"", ""geo_loc_name"", ""source_name""]"	"[[""source_name"", ""lung mouse alveolar type 2 cells and primary human fibroblasts""], [""cell_type"", ""lung mouse alveolar type 2 cells and primary human fibroblasts""], [""genotype"", ""Tigit CRISPR/Cas9 knockout""], [""batch"", ""plate3-1""]]"
GSE307351	GSM9216325	SAMN50935475	SRS26384297	lung alveolar organoid, Kidins220 knockout, plate3-2 well B02	"[""batch"", ""cell_type"", ""collection_date"", ""genotype"", ""geo_loc_name"", ""source_name""]"	"[[""source_name"", ""lung mouse alveolar type 2 cells and primary human fibroblasts""], [""cell_type"", ""lung mouse alveolar type 2 cells and primary human fibroblasts""], [""genotype"", ""Kidins220 CRISPR/Cas9 knockout""], [""batch"", ""plate3-2""]]"
GSE307351	GSM9216326	SAMN50935474	SRS26384296	lung alveolar organoid, Cd81 knockout, plate3-2 well B03	"[""batch"", ""cell_type"", ""collection_date"", ""genotype"", ""geo_loc_name"", ""source_name""]"	"[[""source_name"", ""lung mouse alveolar type 2 cells and primary human fibroblasts""], [""cell_type"", ""lung mouse alveolar type 2 cells and primary human fibroblasts""], [""genotype"", ""Cd81 CRISPR/Cas9 knockout""], [""batch"", ""plate3-2""]]"
GSE307351	GSM9216327	SAMN50935473	SRS26384298	lung alveolar organoid, Tigit knockout, plate3-2 well B04	"[""batch"", ""cell_type"", ""collection_date"", ""genotype"", ""geo_loc_name"", ""source_name""]"	"[[""source_name"", ""lung mouse alveolar type 2 cells and primary human fibroblasts""], [""cell_type"", ""lung mouse alveolar type 2 cells and primary human fibroblasts""], [""genotype"", ""Tigit CRISPR/Cas9 knockout""], [""batch"", ""plate3-2""]]"
GSE307351	GSM9216328	SAMN50935472	SRS26384300	lung alveolar organoid, Tdtomato knockout, plate3-2 well B05	"[""batch"", ""cell_type"", ""collection_date"", ""genotype"", ""geo_loc_name"", ""source_name""]"	"[[""source_name"", ""lung mouse alveolar type 2 cells and primary human fibroblasts""], [""cell_type"", ""lung mouse alveolar type 2 cells and primary human fibroblasts""], [""genotype"", ""Tdtomato CRISPR/Cas9 knockout""], [""batch"", ""plate3-2""]]"
GSE307351	GSM9216329	SAMN50935471	SRS26384299	lung alveolar organoid, Tgif1 knockout, plate3-2 well B06	"[""batch"", ""cell_type"", ""collection_date"", ""genotype"", ""geo_loc_name"", ""source_name""]"	"[[""source_name"", ""lung mouse alveolar type 2 cells and primary human fibroblasts""], [""cell_type"", ""lung mouse alveolar type 2 cells and primary human fibroblasts""], [""genotype"", ""Tgif1 CRISPR/Cas9 knockout""], [""batch"", ""plate3-2""]]"
GSE307351	GSM9216330	SAMN50935470	SRS26384301	lung alveolar organoid, Celsr1 knockout, plate3-2 well B07	"[""batch"", ""cell_type"", ""collection_date"", ""genotype"", ""geo_loc_name"", ""source_name""]"	"[[""source_name"", ""lung mouse alveolar type 2 cells and primary human fibroblasts""], [""cell_type"", ""lung mouse alveolar type 2 cells and primary human fibroblasts""], [""genotype"", ""Celsr1 CRISPR/Cas9 knockout""], [""batch"", ""plate3-2""]]"
GSE307351	GSM9216331	SAMN50935469	SRS26384341	lung alveolar organoid, Pi4k2b knockout, plate3-2 well B08	"[""batch"", ""cell_type"", ""collection_date"", ""genotype"", ""geo_loc_name"", ""source_name""]"	"[[""source_name"", ""lung mouse alveolar type 2 cells and primary human fibroblasts""], [""cell_type"", ""lung mouse alveolar type 2 cells and primary human fibroblasts""], [""genotype"", ""Pi4k2b CRISPR/Cas9 knockout""], [""batch"", ""plate3-2""]]"
GSE307351	GSM9216332	SAMN50935468	SRS26384343	lung alveolar organoid, Map2k2 knockout, plate3-2 well B09	"[""batch"", ""cell_type"", ""collection_date"", ""genotype"", ""geo_loc_name"", ""source_name""]"	"[[""source_name"", ""lung mouse alveolar type 2 cells and primary human fibroblasts""], [""cell_type"", ""lung mouse alveolar type 2 cells and primary human fibroblasts""], [""genotype"", ""Map2k2 CRISPR/Cas9 knockout""], [""batch"", ""plate3-2""]]"
GSE307351	GSM9216333	SAMN50935467	SRS26384344	lung alveolar organoid, Map3k5 knockout, plate3-2 well B10	"[""batch"", ""cell_type"", ""collection_date"", ""genotype"", ""geo_loc_name"", ""source_name""]"	"[[""source_name"", ""lung mouse alveolar type 2 cells and primary human fibroblasts""], [""cell_type"", ""lung mouse alveolar type 2 cells and primary human fibroblasts""], [""genotype"", ""Map3k5 CRISPR/Cas9 knockout""], [""batch"", ""plate3-2""]]"
GSE307351	GSM9216334	SAMN50935466	SRS26384347	lung alveolar organoid, Mapk3 knockout, plate3-2 well B11	"[""batch"", ""cell_type"", ""collection_date"", ""genotype"", ""geo_loc_name"", ""source_name""]"	"[[""source_name"", ""lung mouse alveolar type 2 cells and primary human fibroblasts""], [""cell_type"", ""lung mouse alveolar type 2 cells and primary human fibroblasts""], [""genotype"", ""Mapk3 CRISPR/Cas9 knockout""], [""batch"", ""plate3-2""]]"
GSE307351	GSM9216335	SAMN50935465	SRS26384345	lung alveolar organoid, Itgb6 knockout, plate3-2 well C02	"[""batch"", ""cell_type"", ""collection_date"", ""genotype"", ""geo_loc_name"", ""source_name""]"	"[[""source_name"", ""lung mouse alveolar type 2 cells and primary human fibroblasts""], [""cell_type"", ""lung mouse alveolar type 2 cells and primary human fibroblasts""], [""genotype"", ""Itgb6 CRISPR/Cas9 knockout""], [""batch"", ""plate3-2""]]"
GSE307351	GSM9216336	SAMN50935464	SRS26384346	lung alveolar organoid, Egfr knockout, plate3-2 well C03	"[""batch"", ""cell_type"", ""collection_date"", ""genotype"", ""geo_loc_name"", ""source_name""]"	"[[""source_name"", ""lung mouse alveolar type 2 cells and primary human fibroblasts""], [""cell_type"", ""lung mouse alveolar type 2 cells and primary human fibroblasts""], [""genotype"", ""Egfr CRISPR/Cas9 knockout""], [""batch"", ""plate3-2""]]"
GSE307351	GSM9216337	SAMN50935463	SRS26384349	lung alveolar organoid, Dram1 knockout, plate3-2 well C04	"[""batch"", ""cell_type"", ""collection_date"", ""genotype"", ""geo_loc_name"", ""source_name""]"	"[[""source_name"", ""lung mouse alveolar type 2 cells and primary human fibroblasts""], [""cell_type"", ""lung mouse alveolar type 2 cells and primary human fibroblasts""], [""genotype"", ""Dram1 CRISPR/Cas9 knockout""], [""batch"", ""plate3-2""]]"
GSE307351	GSM9216338	SAMN50935462	SRS26384350	lung alveolar organoid, Csnk1a1 knockout, plate3-2 well C05	"[""batch"", ""cell_type"", ""collection_date"", ""genotype"", ""geo_loc_name"", ""source_name""]"	"[[""source_name"", ""lung mouse alveolar type 2 cells and primary human fibroblasts""], [""cell_type"", ""lung mouse alveolar type 2 cells and primary human fibroblasts""], [""genotype"", ""Csnk1a1 CRISPR/Cas9 knockout""], [""batch"", ""plate3-2""]]"
GSE307351	GSM9216339	SAMN50935461	SRS26384195	lung alveolar organoid, Adk knockout, plate3-2 well C06	"[""batch"", ""cell_type"", ""collection_date"", ""genotype"", ""geo_loc_name"", ""source_name""]"	"[[""source_name"", ""lung mouse alveolar type 2 cells and primary human fibroblasts""], [""cell_type"", ""lung mouse alveolar type 2 cells and primary human fibroblasts""], [""genotype"", ""Adk CRISPR/Cas9 knockout""], [""batch"", ""plate3-2""]]"
GSE307351	GSM9216340	SAMN50935460	SRS26384192	lung alveolar organoid, Gnai2 knockout, plate3-2 well C07	"[""batch"", ""cell_type"", ""collection_date"", ""genotype"", ""geo_loc_name"", ""source_name""]"	"[[""source_name"", ""lung mouse alveolar type 2 cells and primary human fibroblasts""], [""cell_type"", ""lung mouse alveolar type 2 cells and primary human fibroblasts""], [""genotype"", ""Gnai2 CRISPR/Cas9 knockout""], [""batch"", ""plate3-2""]]"
GSE307351	GSM9216341	SAMN50935459	SRS26384197	lung alveolar organoid, Ociad2 knockout, plate3-2 well C08	"[""batch"", ""cell_type"", ""collection_date"", ""genotype"", ""geo_loc_name"", ""source_name""]"	"[[""source_name"", ""lung mouse alveolar type 2 cells and primary human fibroblasts""], [""cell_type"", ""lung mouse alveolar type 2 cells and primary human fibroblasts""], [""genotype"", ""Ociad2 CRISPR/Cas9 knockout""], [""batch"", ""plate3-2""]]"
GSE307351	GSM9216342	SAMN50935458	SRS26384201	lung alveolar organoid, Tigit knockout, plate3-2 well C09	"[""batch"", ""cell_type"", ""collection_date"", ""genotype"", ""geo_loc_name"", ""source_name""]"	"[[""source_name"", ""lung mouse alveolar type 2 cells and primary human fibroblasts""], [""cell_type"", ""lung mouse alveolar type 2 cells and primary human fibroblasts""], [""genotype"", ""Tigit CRISPR/Cas9 knockout""], [""batch"", ""plate3-2""]]"
GSE307351	GSM9216343	SAMN50935457	SRS26384200	lung alveolar organoid, Map3k7 knockout, plate3-2 well C10	"[""batch"", ""cell_type"", ""collection_date"", ""genotype"", ""geo_loc_name"", ""source_name""]"	"[[""source_name"", ""lung mouse alveolar type 2 cells and primary human fibroblasts""], [""cell_type"", ""lung mouse alveolar type 2 cells and primary human fibroblasts""], [""genotype"", ""Map3k7 CRISPR/Cas9 knockout""], [""batch"", ""plate3-2""]]"
GSE307351	GSM9216344	SAMN50935456	SRS26384196	lung alveolar organoid, Cish knockout, plate3-2 well C11	"[""batch"", ""cell_type"", ""collection_date"", ""genotype"", ""geo_loc_name"", ""source_name""]"	"[[""source_name"", ""lung mouse alveolar type 2 cells and primary human fibroblasts""], [""cell_type"", ""lung mouse alveolar type 2 cells and primary human fibroblasts""], [""genotype"", ""Cish CRISPR/Cas9 knockout""], [""batch"", ""plate3-2""]]"
GSE307351	GSM9216345	SAMN50935455	SRS26384198	lung alveolar organoid, Slc22a3 knockout, plate3-2 well D02	"[""batch"", ""cell_type"", ""collection_date"", ""genotype"", ""geo_loc_name"", ""source_name""]"	"[[""source_name"", ""lung mouse alveolar type 2 cells and primary human fibroblasts""], [""cell_type"", ""lung mouse alveolar type 2 cells and primary human fibroblasts""], [""genotype"", ""Slc22a3 CRISPR/Cas9 knockout""], [""batch"", ""plate3-2""]]"
GSE307351	GSM9216346	SAMN50935454	SRS26384199	lung alveolar organoid, Erbb2 knockout, plate3-2 well D03	"[""batch"", ""cell_type"", ""collection_date"", ""genotype"", ""geo_loc_name"", ""source_name""]"	"[[""source_name"", ""lung mouse alveolar type 2 cells and primary human fibroblasts""], [""cell_type"", ""lung mouse alveolar type 2 cells and primary human fibroblasts""], [""genotype"", ""Erbb2 CRISPR/Cas9 knockout""], [""batch"", ""plate3-2""]]"
GSE307351	GSM9216347	SAMN50935453	SRS26383826	lung alveolar organoid, Egfl6 knockout, plate3-2 well D04	"[""batch"", ""cell_type"", ""collection_date"", ""genotype"", ""geo_loc_name"", ""source_name""]"	"[[""source_name"", ""lung mouse alveolar type 2 cells and primary human fibroblasts""], [""cell_type"", ""lung mouse alveolar type 2 cells and primary human fibroblasts""], [""genotype"", ""Egfl6 CRISPR/Cas9 knockout""], [""batch"", ""plate3-2""]]"
GSE307351	GSM9216348	SAMN50935452	SRS26383827	lung alveolar organoid, Csnk2a1 knockout, plate3-2 well D05	"[""batch"", ""cell_type"", ""collection_date"", ""genotype"", ""geo_loc_name"", ""source_name""]"	"[[""source_name"", ""lung mouse alveolar type 2 cells and primary human fibroblasts""], [""cell_type"", ""lung mouse alveolar type 2 cells and primary human fibroblasts""], [""genotype"", ""Csnk2a1 CRISPR/Cas9 knockout""], [""batch"", ""plate3-2""]]"
GSE307351	GSM9216349	SAMN50935451	SRS26383825	lung alveolar organoid, Ank3 knockout, plate3-2 well D06	"[""batch"", ""cell_type"", ""collection_date"", ""genotype"", ""geo_loc_name"", ""source_name""]"	"[[""source_name"", ""lung mouse alveolar type 2 cells and primary human fibroblasts""], [""cell_type"", ""lung mouse alveolar type 2 cells and primary human fibroblasts""], [""genotype"", ""Ank3 CRISPR/Cas9 knockout""], [""batch"", ""plate3-2""]]"
GSE307351	GSM9216350	SAMN50935450	SRS26383828	lung alveolar organoid, Tigit knockout, plate3-2 well D07	"[""batch"", ""cell_type"", ""collection_date"", ""genotype"", ""geo_loc_name"", ""source_name""]"	"[[""source_name"", ""lung mouse alveolar type 2 cells and primary human fibroblasts""], [""cell_type"", ""lung mouse alveolar type 2 cells and primary human fibroblasts""], [""genotype"", ""Tigit CRISPR/Cas9 knockout""], [""batch"", ""plate3-2""]]"
GSE307351	GSM9216351	SAMN50935449	SRS26383830	lung alveolar organoid, Elovl1 knockout, plate3-2 well D08	"[""batch"", ""cell_type"", ""collection_date"", ""genotype"", ""geo_loc_name"", ""source_name""]"	"[[""source_name"", ""lung mouse alveolar type 2 cells and primary human fibroblasts""], [""cell_type"", ""lung mouse alveolar type 2 cells and primary human fibroblasts""], [""genotype"", ""Elovl1 CRISPR/Cas9 knockout""], [""batch"", ""plate3-2""]]"
GSE307351	GSM9216352	SAMN50935448	SRS26383829	lung alveolar organoid, Map2k3 knockout, plate3-2 well D09	"[""batch"", ""cell_type"", ""collection_date"", ""genotype"", ""geo_loc_name"", ""source_name""]"	"[[""source_name"", ""lung mouse alveolar type 2 cells and primary human fibroblasts""], [""cell_type"", ""lung mouse alveolar type 2 cells and primary human fibroblasts""], [""genotype"", ""Map2k3 CRISPR/Cas9 knockout""], [""batch"", ""plate3-2""]]"
GSE307351	GSM9216353	SAMN50935447	SRS26383832	lung alveolar organoid, Map4k3 knockout, plate3-2 well D10	"[""batch"", ""cell_type"", ""collection_date"", ""genotype"", ""geo_loc_name"", ""source_name""]"	"[[""source_name"", ""lung mouse alveolar type 2 cells and primary human fibroblasts""], [""cell_type"", ""lung mouse alveolar type 2 cells and primary human fibroblasts""], [""genotype"", ""Map4k3 CRISPR/Cas9 knockout""], [""batch"", ""plate3-2""]]"
GSE307351	GSM9216354	SAMN50935446	SRS26383834	lung alveolar organoid, Elf5 knockout, plate3-2 well D11	"[""batch"", ""cell_type"", ""collection_date"", ""genotype"", ""geo_loc_name"", ""source_name""]"	"[[""source_name"", ""lung mouse alveolar type 2 cells and primary human fibroblasts""], [""cell_type"", ""lung mouse alveolar type 2 cells and primary human fibroblasts""], [""genotype"", ""Elf5 CRISPR/Cas9 knockout""], [""batch"", ""plate3-2""]]"
GSE307351	GSM9216355	SAMN50935445	SRS26384348	lung alveolar organoid, Tlr2 knockout, plate3-2 well E02	"[""batch"", ""cell_type"", ""collection_date"", ""genotype"", ""geo_loc_name"", ""source_name""]"	"[[""source_name"", ""lung mouse alveolar type 2 cells and primary human fibroblasts""], [""cell_type"", ""lung mouse alveolar type 2 cells and primary human fibroblasts""], [""genotype"", ""Tlr2 CRISPR/Cas9 knockout""], [""batch"", ""plate3-2""]]"
GSE307351	GSM9216356	SAMN50935444	SRS26384351	lung alveolar organoid, Tigit knockout, plate3-2 well E03	"[""batch"", ""cell_type"", ""collection_date"", ""genotype"", ""geo_loc_name"", ""source_name""]"	"[[""source_name"", ""lung mouse alveolar type 2 cells and primary human fibroblasts""], [""cell_type"", ""lung mouse alveolar type 2 cells and primary human fibroblasts""], [""genotype"", ""Tigit CRISPR/Cas9 knockout""], [""batch"", ""plate3-2""]]"
GSE307351	GSM9216357	SAMN50935443	SRS26384352	lung alveolar organoid, Ctsh knockout, plate3-2 well E04	"[""batch"", ""cell_type"", ""collection_date"", ""genotype"", ""geo_loc_name"", ""source_name""]"	"[[""source_name"", ""lung mouse alveolar type 2 cells and primary human fibroblasts""], [""cell_type"", ""lung mouse alveolar type 2 cells and primary human fibroblasts""], [""genotype"", ""Ctsh CRISPR/Cas9 knockout""], [""batch"", ""plate3-2""]]"
GSE307351	GSM9216358	SAMN50935442	SRS26384353	lung alveolar organoid, Csnk2a1 knockout, plate3-2 well E05	"[""batch"", ""cell_type"", ""collection_date"", ""genotype"", ""geo_loc_name"", ""source_name""]"	"[[""source_name"", ""lung mouse alveolar type 2 cells and primary human fibroblasts""], [""cell_type"", ""lung mouse alveolar type 2 cells and primary human fibroblasts""], [""genotype"", ""Csnk2a1 CRISPR/Cas9 knockout""], [""batch"", ""plate3-2""]]"
GSE307351	GSM9216359	SAMN50935441	SRS26384354	lung alveolar organoid, Myo5c knockout, plate3-2 well E06	"[""batch"", ""cell_type"", ""collection_date"", ""genotype"", ""geo_loc_name"", ""source_name""]"	"[[""source_name"", ""lung mouse alveolar type 2 cells and primary human fibroblasts""], [""cell_type"", ""lung mouse alveolar type 2 cells and primary human fibroblasts""], [""genotype"", ""Myo5c CRISPR/Cas9 knockout""], [""batch"", ""plate3-2""]]"
GSE307351	GSM9216360	SAMN50935440	SRS26384356	lung alveolar organoid, Gnai1 knockout, plate3-2 well E07	"[""batch"", ""cell_type"", ""collection_date"", ""genotype"", ""geo_loc_name"", ""source_name""]"	"[[""source_name"", ""lung mouse alveolar type 2 cells and primary human fibroblasts""], [""cell_type"", ""lung mouse alveolar type 2 cells and primary human fibroblasts""], [""genotype"", ""Gnai1 CRISPR/Cas9 knockout""], [""batch"", ""plate3-2""]]"
GSE307351	GSM9216361	SAMN50935439	SRS26384359	lung alveolar organoid, Antxr1 knockout, plate3-2 well E08	"[""batch"", ""cell_type"", ""collection_date"", ""genotype"", ""geo_loc_name"", ""source_name""]"	"[[""source_name"", ""lung mouse alveolar type 2 cells and primary human fibroblasts""], [""cell_type"", ""lung mouse alveolar type 2 cells and primary human fibroblasts""], [""genotype"", ""Antxr1 CRISPR/Cas9 knockout""], [""batch"", ""plate3-2""]]"
GSE307351	GSM9216362	SAMN50935438	SRS26384355	lung alveolar organoid, Map2k4 knockout, plate3-2 well E09	"[""batch"", ""cell_type"", ""collection_date"", ""genotype"", ""geo_loc_name"", ""source_name""]"	"[[""source_name"", ""lung mouse alveolar type 2 cells and primary human fibroblasts""], [""cell_type"", ""lung mouse alveolar type 2 cells and primary human fibroblasts""], [""genotype"", ""Map2k4 CRISPR/Cas9 knockout""], [""batch"", ""plate3-2""]]"
GSE307351	GSM9216363	SAMN50935437	SRS26384204	lung alveolar organoid, Map4k4 knockout, plate3-2 well E10	"[""batch"", ""cell_type"", ""collection_date"", ""genotype"", ""geo_loc_name"", ""source_name""]"	"[[""source_name"", ""lung mouse alveolar type 2 cells and primary human fibroblasts""], [""cell_type"", ""lung mouse alveolar type 2 cells and primary human fibroblasts""], [""genotype"", ""Map4k4 CRISPR/Cas9 knockout""], [""batch"", ""plate3-2""]]"
GSE307351	GSM9216364	SAMN50935436	SRS26384202	lung alveolar organoid, Ccn2 knockout, plate3-2 well E11	"[""batch"", ""cell_type"", ""collection_date"", ""genotype"", ""geo_loc_name"", ""source_name""]"	"[[""source_name"", ""lung mouse alveolar type 2 cells and primary human fibroblasts""], [""cell_type"", ""lung mouse alveolar type 2 cells and primary human fibroblasts""], [""genotype"", ""Ccn2 CRISPR/Cas9 knockout""], [""batch"", ""plate3-2""]]"
GSE307351	GSM9216365	SAMN50935435	SRS26384203	lung alveolar organoid, Tigit knockout, plate3-2 well F02	"[""batch"", ""cell_type"", ""collection_date"", ""genotype"", ""geo_loc_name"", ""source_name""]"	"[[""source_name"", ""lung mouse alveolar type 2 cells and primary human fibroblasts""], [""cell_type"", ""lung mouse alveolar type 2 cells and primary human fibroblasts""], [""genotype"", ""Tigit CRISPR/Cas9 knockout""], [""batch"", ""plate3-2""]]"
GSE307351	GSM9216366	SAMN50935434	SRS26384206	lung alveolar organoid, Erbb4 knockout, plate3-2 well F03	"[""batch"", ""cell_type"", ""collection_date"", ""genotype"", ""geo_loc_name"", ""source_name""]"	"[[""source_name"", ""lung mouse alveolar type 2 cells and primary human fibroblasts""], [""cell_type"", ""lung mouse alveolar type 2 cells and primary human fibroblasts""], [""genotype"", ""Erbb4 CRISPR/Cas9 knockout""], [""batch"", ""plate3-2""]]"
GSE307351	GSM9216367	SAMN50935433	SRS26384205	lung alveolar organoid, Slc39a8 knockout, plate3-2 well F04	"[""batch"", ""cell_type"", ""collection_date"", ""genotype"", ""geo_loc_name"", ""source_name""]"	"[[""source_name"", ""lung mouse alveolar type 2 cells and primary human fibroblasts""], [""cell_type"", ""lung mouse alveolar type 2 cells and primary human fibroblasts""], [""genotype"", ""Slc39a8 CRISPR/Cas9 knockout""], [""batch"", ""plate3-2""]]"
GSE307351	GSM9216368	SAMN50935432	SRS26384207	lung alveolar organoid, Vangl1 knockout, plate3-2 well F05	"[""batch"", ""cell_type"", ""collection_date"", ""genotype"", ""geo_loc_name"", ""source_name""]"	"[[""source_name"", ""lung mouse alveolar type 2 cells and primary human fibroblasts""], [""cell_type"", ""lung mouse alveolar type 2 cells and primary human fibroblasts""], [""genotype"", ""Vangl1 CRISPR/Cas9 knockout""], [""batch"", ""plate3-2""]]"
GSE307351	GSM9216369	SAMN50935431	SRS26384208	lung alveolar organoid, Tinag knockout, plate3-2 well F06	"[""batch"", ""cell_type"", ""collection_date"", ""genotype"", ""geo_loc_name"", ""source_name""]"	"[[""source_name"", ""lung mouse alveolar type 2 cells and primary human fibroblasts""], [""cell_type"", ""lung mouse alveolar type 2 cells and primary human fibroblasts""], [""genotype"", ""Tinag CRISPR/Cas9 knockout""], [""batch"", ""plate3-2""]]"
GSE307351	GSM9216370	SAMN50935430	SRS26384212	lung alveolar organoid, Areg knockout, plate3-2 well F07	"[""batch"", ""cell_type"", ""collection_date"", ""genotype"", ""geo_loc_name"", ""source_name""]"	"[[""source_name"", ""lung mouse alveolar type 2 cells and primary human fibroblasts""], [""cell_type"", ""lung mouse alveolar type 2 cells and primary human fibroblasts""], [""genotype"", ""Areg CRISPR/Cas9 knockout""], [""batch"", ""plate3-2""]]"
GSE307351	GSM9216371	SAMN50935429	SRS26383831	lung alveolar organoid, Tspan11 knockout, plate3-2 well F08	"[""batch"", ""cell_type"", ""collection_date"", ""genotype"", ""geo_loc_name"", ""source_name""]"	"[[""source_name"", ""lung mouse alveolar type 2 cells and primary human fibroblasts""], [""cell_type"", ""lung mouse alveolar type 2 cells and primary human fibroblasts""], [""genotype"", ""Tspan11 CRISPR/Cas9 knockout""], [""batch"", ""plate3-2""]]"
GSE307351	GSM9216372	SAMN50935428	SRS26383833	lung alveolar organoid, Map3k1 knockout, plate3-2 well F09	"[""batch"", ""cell_type"", ""collection_date"", ""genotype"", ""geo_loc_name"", ""source_name""]"	"[[""source_name"", ""lung mouse alveolar type 2 cells and primary human fibroblasts""], [""cell_type"", ""lung mouse alveolar type 2 cells and primary human fibroblasts""], [""genotype"", ""Map3k1 CRISPR/Cas9 knockout""], [""batch"", ""plate3-2""]]"
GSE307351	GSM9216373	SAMN50935427	SRS26383835	lung alveolar organoid, Mapk1 knockout, plate3-2 well F10	"[""batch"", ""cell_type"", ""collection_date"", ""genotype"", ""geo_loc_name"", ""source_name""]"	"[[""source_name"", ""lung mouse alveolar type 2 cells and primary human fibroblasts""], [""cell_type"", ""lung mouse alveolar type 2 cells and primary human fibroblasts""], [""genotype"", ""Mapk1 CRISPR/Cas9 knockout""], [""batch"", ""plate3-2""]]"
GSE307351	GSM9216374	SAMN50935426	SRS26383836	lung alveolar organoid, Bmp2 knockout, plate3-2 well F11	"[""batch"", ""cell_type"", ""collection_date"", ""genotype"", ""geo_loc_name"", ""source_name""]"	"[[""source_name"", ""lung mouse alveolar type 2 cells and primary human fibroblasts""], [""cell_type"", ""lung mouse alveolar type 2 cells and primary human fibroblasts""], [""genotype"", ""Bmp2 CRISPR/Cas9 knockout""], [""batch"", ""plate3-2""]]"
GSE307351	GSM9216375	SAMN50935425	SRS26383837	lung alveolar organoid, Erbb3 knockout, plate3-2 well G02	"[""batch"", ""cell_type"", ""collection_date"", ""genotype"", ""geo_loc_name"", ""source_name""]"	"[[""source_name"", ""lung mouse alveolar type 2 cells and primary human fibroblasts""], [""cell_type"", ""lung mouse alveolar type 2 cells and primary human fibroblasts""], [""genotype"", ""Erbb3 CRISPR/Cas9 knockout""], [""batch"", ""plate3-2""]]"
GSE307351	GSM9216376	SAMN50935424	SRS26383838	lung alveolar organoid, Socs2 knockout, plate3-2 well G03	"[""batch"", ""cell_type"", ""collection_date"", ""genotype"", ""geo_loc_name"", ""source_name""]"	"[[""source_name"", ""lung mouse alveolar type 2 cells and primary human fibroblasts""], [""cell_type"", ""lung mouse alveolar type 2 cells and primary human fibroblasts""], [""genotype"", ""Socs2 CRISPR/Cas9 knockout""], [""batch"", ""plate3-2""]]"
GSE307351	GSM9216377	SAMN50935423	SRS26383840	lung alveolar organoid, Soat1 knockout, plate3-2 well G04	"[""batch"", ""cell_type"", ""collection_date"", ""genotype"", ""geo_loc_name"", ""source_name""]"	"[[""source_name"", ""lung mouse alveolar type 2 cells and primary human fibroblasts""], [""cell_type"", ""lung mouse alveolar type 2 cells and primary human fibroblasts""], [""genotype"", ""Soat1 CRISPR/Cas9 knockout""], [""batch"", ""plate3-2""]]"
GSE307351	GSM9216378	SAMN50935422	SRS26383839	lung alveolar organoid, Vangl2 knockout, plate3-2 well G05	"[""batch"", ""cell_type"", ""collection_date"", ""genotype"", ""geo_loc_name"", ""source_name""]"	"[[""source_name"", ""lung mouse alveolar type 2 cells and primary human fibroblasts""], [""cell_type"", ""lung mouse alveolar type 2 cells and primary human fibroblasts""], [""genotype"", ""Vangl2 CRISPR/Cas9 knockout""], [""batch"", ""plate3-2""]]"
GSE307351	GSM9216379	SAMN50935421	SRS26384302	lung alveolar organoid, Irf4 knockout, plate3-2 well G06	"[""batch"", ""cell_type"", ""collection_date"", ""genotype"", ""geo_loc_name"", ""source_name""]"	"[[""source_name"", ""lung mouse alveolar type 2 cells and primary human fibroblasts""], [""cell_type"", ""lung mouse alveolar type 2 cells and primary human fibroblasts""], [""genotype"", ""Irf4 CRISPR/Cas9 knockout""], [""batch"", ""plate3-2""]]"
GSE307351	GSM9216380	SAMN50935420	SRS26384303	lung alveolar organoid, Atp6v0e knockout, plate3-2 well G07	"[""batch"", ""cell_type"", ""collection_date"", ""genotype"", ""geo_loc_name"", ""source_name""]"	"[[""source_name"", ""lung mouse alveolar type 2 cells and primary human fibroblasts""], [""cell_type"", ""lung mouse alveolar type 2 cells and primary human fibroblasts""], [""genotype"", ""Atp6v0e CRISPR/Cas9 knockout""], [""batch"", ""plate3-2""]]"
GSE307351	GSM9216381	SAMN50935419	SRS26384304	lung alveolar organoid, Map2k1 knockout, plate3-2 well G08	"[""batch"", ""cell_type"", ""collection_date"", ""genotype"", ""geo_loc_name"", ""source_name""]"	"[[""source_name"", ""lung mouse alveolar type 2 cells and primary human fibroblasts""], [""cell_type"", ""lung mouse alveolar type 2 cells and primary human fibroblasts""], [""genotype"", ""Map2k1 CRISPR/Cas9 knockout""], [""batch"", ""plate3-2""]]"
GSE307351	GSM9216382	SAMN50935418	SRS26384305	lung alveolar organoid, Map3k2 knockout, plate3-2 well G09	"[""batch"", ""cell_type"", ""collection_date"", ""genotype"", ""geo_loc_name"", ""source_name""]"	"[[""source_name"", ""lung mouse alveolar type 2 cells and primary human fibroblasts""], [""cell_type"", ""lung mouse alveolar type 2 cells and primary human fibroblasts""], [""genotype"", ""Map3k2 CRISPR/Cas9 knockout""], [""batch"", ""plate3-2""]]"
GSE307351	GSM9216383	SAMN50935417	SRS26384308	lung alveolar organoid, Tdtomato knockout, plate3-2 well G10	"[""batch"", ""cell_type"", ""collection_date"", ""genotype"", ""geo_loc_name"", ""source_name""]"	"[[""source_name"", ""lung mouse alveolar type 2 cells and primary human fibroblasts""], [""cell_type"", ""lung mouse alveolar type 2 cells and primary human fibroblasts""], [""genotype"", ""Tdtomato CRISPR/Cas9 knockout""], [""batch"", ""plate3-2""]]"
GSE307351	GSM9216384	SAMN50935416	SRS26384307	lung alveolar organoid, Tigit knockout, plate3-2 well G11	"[""batch"", ""cell_type"", ""collection_date"", ""genotype"", ""geo_loc_name"", ""source_name""]"	"[[""source_name"", ""lung mouse alveolar type 2 cells and primary human fibroblasts""], [""cell_type"", ""lung mouse alveolar type 2 cells and primary human fibroblasts""], [""genotype"", ""Tigit CRISPR/Cas9 knockout""], [""batch"", ""plate3-2""]]"
GSE307351	GSM9216385	SAMN50935415	SRS26384306	lung alveolar organoid, Kidins220 knockout, plate3-3 well B02	"[""batch"", ""cell_type"", ""collection_date"", ""genotype"", ""geo_loc_name"", ""source_name""]"	"[[""source_name"", ""lung mouse alveolar type 2 cells and primary human fibroblasts""], [""cell_type"", ""lung mouse alveolar type 2 cells and primary human fibroblasts""], [""genotype"", ""Kidins220 CRISPR/Cas9 knockout""], [""batch"", ""plate3-3""]]"
GSE307351	GSM9216386	SAMN50935414	SRS26384310	lung alveolar organoid, Cd81 knockout, plate3-3 well B03	"[""batch"", ""cell_type"", ""collection_date"", ""genotype"", ""geo_loc_name"", ""source_name""]"	"[[""source_name"", ""lung mouse alveolar type 2 cells and primary human fibroblasts""], [""cell_type"", ""lung mouse alveolar type 2 cells and primary human fibroblasts""], [""genotype"", ""Cd81 CRISPR/Cas9 knockout""], [""batch"", ""plate3-3""]]"
GSE307351	GSM9216387	SAMN50935413	SRS26384357	lung alveolar organoid, Tigit knockout, plate3-3 well B04	"[""batch"", ""cell_type"", ""collection_date"", ""genotype"", ""geo_loc_name"", ""source_name""]"	"[[""source_name"", ""lung mouse alveolar type 2 cells and primary human fibroblasts""], [""cell_type"", ""lung mouse alveolar type 2 cells and primary human fibroblasts""], [""genotype"", ""Tigit CRISPR/Cas9 knockout""], [""batch"", ""plate3-3""]]"
GSE307351	GSM9216388	SAMN50935412	SRS26384360	lung alveolar organoid, Tdtomato knockout, plate3-3 well B05	"[""batch"", ""cell_type"", ""collection_date"", ""genotype"", ""geo_loc_name"", ""source_name""]"	"[[""source_name"", ""lung mouse alveolar type 2 cells and primary human fibroblasts""], [""cell_type"", ""lung mouse alveolar type 2 cells and primary human fibroblasts""], [""genotype"", ""Tdtomato CRISPR/Cas9 knockout""], [""batch"", ""plate3-3""]]"
GSE307351	GSM9216389	SAMN50935411	SRS26384358	lung alveolar organoid, Tgif1 knockout, plate3-3 well B06	"[""batch"", ""cell_type"", ""collection_date"", ""genotype"", ""geo_loc_name"", ""source_name""]"	"[[""source_name"", ""lung mouse alveolar type 2 cells and primary human fibroblasts""], [""cell_type"", ""lung mouse alveolar type 2 cells and primary human fibroblasts""], [""genotype"", ""Tgif1 CRISPR/Cas9 knockout""], [""batch"", ""plate3-3""]]"
GSE307351	GSM9216390	SAMN50935410	SRS26384361	lung alveolar organoid, Celsr1 knockout, plate3-3 well B07	"[""batch"", ""cell_type"", ""collection_date"", ""genotype"", ""geo_loc_name"", ""source_name""]"	"[[""source_name"", ""lung mouse alveolar type 2 cells and primary human fibroblasts""], [""cell_type"", ""lung mouse alveolar type 2 cells and primary human fibroblasts""], [""genotype"", ""Celsr1 CRISPR/Cas9 knockout""], [""batch"", ""plate3-3""]]"
GSE307351	GSM9216391	SAMN50935409	SRS26384362	lung alveolar organoid, Pi4k2b knockout, plate3-3 well B08	"[""batch"", ""cell_type"", ""collection_date"", ""genotype"", ""geo_loc_name"", ""source_name""]"	"[[""source_name"", ""lung mouse alveolar type 2 cells and primary human fibroblasts""], [""cell_type"", ""lung mouse alveolar type 2 cells and primary human fibroblasts""], [""genotype"", ""Pi4k2b CRISPR/Cas9 knockout""], [""batch"", ""plate3-3""]]"
GSE307351	GSM9216392	SAMN50935408	SRS26384364	lung alveolar organoid, Map2k2 knockout, plate3-3 well B09	"[""batch"", ""cell_type"", ""collection_date"", ""genotype"", ""geo_loc_name"", ""source_name""]"	"[[""source_name"", ""lung mouse alveolar type 2 cells and primary human fibroblasts""], [""cell_type"", ""lung mouse alveolar type 2 cells and primary human fibroblasts""], [""genotype"", ""Map2k2 CRISPR/Cas9 knockout""], [""batch"", ""plate3-3""]]"
GSE307351	GSM9216393	SAMN50935407	SRS26384363	lung alveolar organoid, Map3k5 knockout, plate3-3 well B10	"[""batch"", ""cell_type"", ""collection_date"", ""genotype"", ""geo_loc_name"", ""source_name""]"	"[[""source_name"", ""lung mouse alveolar type 2 cells and primary human fibroblasts""], [""cell_type"", ""lung mouse alveolar type 2 cells and primary human fibroblasts""], [""genotype"", ""Map3k5 CRISPR/Cas9 knockout""], [""batch"", ""plate3-3""]]"
GSE307351	GSM9216394	SAMN50935406	SRS26384365	lung alveolar organoid, Mapk3 knockout, plate3-3 well B11	"[""batch"", ""cell_type"", ""collection_date"", ""genotype"", ""geo_loc_name"", ""source_name""]"	"[[""source_name"", ""lung mouse alveolar type 2 cells and primary human fibroblasts""], [""cell_type"", ""lung mouse alveolar type 2 cells and primary human fibroblasts""], [""genotype"", ""Mapk3 CRISPR/Cas9 knockout""], [""batch"", ""plate3-3""]]"
GSE307351	GSM9216395	SAMN50935405	SRS26384210	lung alveolar organoid, Itgb6 knockout, plate3-3 well C02	"[""batch"", ""cell_type"", ""collection_date"", ""genotype"", ""geo_loc_name"", ""source_name""]"	"[[""source_name"", ""lung mouse alveolar type 2 cells and primary human fibroblasts""], [""cell_type"", ""lung mouse alveolar type 2 cells and primary human fibroblasts""], [""genotype"", ""Itgb6 CRISPR/Cas9 knockout""], [""batch"", ""plate3-3""]]"
GSE307351	GSM9216396	SAMN50935404	SRS26384038	lung alveolar organoid, Egfr knockout, plate3-3 well C03	"[""batch"", ""cell_type"", ""collection_date"", ""genotype"", ""geo_loc_name"", ""source_name""]"	"[[""source_name"", ""lung mouse alveolar type 2 cells and primary human fibroblasts""], [""cell_type"", ""lung mouse alveolar type 2 cells and primary human fibroblasts""], [""genotype"", ""Egfr CRISPR/Cas9 knockout""], [""batch"", ""plate3-3""]]"
GSE307351	GSM9216397	SAMN50935403	SRS26384039	lung alveolar organoid, Dram1 knockout, plate3-3 well C04	"[""batch"", ""cell_type"", ""collection_date"", ""genotype"", ""geo_loc_name"", ""source_name""]"	"[[""source_name"", ""lung mouse alveolar type 2 cells and primary human fibroblasts""], [""cell_type"", ""lung mouse alveolar type 2 cells and primary human fibroblasts""], [""genotype"", ""Dram1 CRISPR/Cas9 knockout""], [""batch"", ""plate3-3""]]"
GSE307351	GSM9216398	SAMN50935402	SRS26384037	lung alveolar organoid, Csnk1a1 knockout, plate3-3 well C05	"[""batch"", ""cell_type"", ""collection_date"", ""genotype"", ""geo_loc_name"", ""source_name""]"	"[[""source_name"", ""lung mouse alveolar type 2 cells and primary human fibroblasts""], [""cell_type"", ""lung mouse alveolar type 2 cells and primary human fibroblasts""], [""genotype"", ""Csnk1a1 CRISPR/Cas9 knockout""], [""batch"", ""plate3-3""]]"
GSE307351	GSM9216399	SAMN50935401	SRS26384040	lung alveolar organoid, Adk knockout, plate3-3 well C06	"[""batch"", ""cell_type"", ""collection_date"", ""genotype"", ""geo_loc_name"", ""source_name""]"	"[[""source_name"", ""lung mouse alveolar type 2 cells and primary human fibroblasts""], [""cell_type"", ""lung mouse alveolar type 2 cells and primary human fibroblasts""], [""genotype"", ""Adk CRISPR/Cas9 knockout""], [""batch"", ""plate3-3""]]"
GSE307351	GSM9216400	SAMN50935400	SRS26384041	lung alveolar organoid, Gnai2 knockout, plate3-3 well C07	"[""batch"", ""cell_type"", ""collection_date"", ""genotype"", ""geo_loc_name"", ""source_name""]"	"[[""source_name"", ""lung mouse alveolar type 2 cells and primary human fibroblasts""], [""cell_type"", ""lung mouse alveolar type 2 cells and primary human fibroblasts""], [""genotype"", ""Gnai2 CRISPR/Cas9 knockout""], [""batch"", ""plate3-3""]]"
GSE307351	GSM9216401	SAMN50935399	SRS26384042	lung alveolar organoid, Ociad2 knockout, plate3-3 well C08	"[""batch"", ""cell_type"", ""collection_date"", ""genotype"", ""geo_loc_name"", ""source_name""]"	"[[""source_name"", ""lung mouse alveolar type 2 cells and primary human fibroblasts""], [""cell_type"", ""lung mouse alveolar type 2 cells and primary human fibroblasts""], [""genotype"", ""Ociad2 CRISPR/Cas9 knockout""], [""batch"", ""plate3-3""]]"
GSE307351	GSM9216402	SAMN50935398	SRS26384043	lung alveolar organoid, Tigit knockout, plate3-3 well C09	"[""batch"", ""cell_type"", ""collection_date"", ""genotype"", ""geo_loc_name"", ""source_name""]"	"[[""source_name"", ""lung mouse alveolar type 2 cells and primary human fibroblasts""], [""cell_type"", ""lung mouse alveolar type 2 cells and primary human fibroblasts""], [""genotype"", ""Tigit CRISPR/Cas9 knockout""], [""batch"", ""plate3-3""]]"
GSE307351	GSM9216403	SAMN50935397	SRS26383841	lung alveolar organoid, Map3k7 knockout, plate3-3 well C10	"[""batch"", ""cell_type"", ""collection_date"", ""genotype"", ""geo_loc_name"", ""source_name""]"	"[[""source_name"", ""lung mouse alveolar type 2 cells and primary human fibroblasts""], [""cell_type"", ""lung mouse alveolar type 2 cells and primary human fibroblasts""], [""genotype"", ""Map3k7 CRISPR/Cas9 knockout""], [""batch"", ""plate3-3""]]"
GSE307351	GSM9216404	SAMN50935396	SRS26383843	lung alveolar organoid, Cish knockout, plate3-3 well C11	"[""batch"", ""cell_type"", ""collection_date"", ""genotype"", ""geo_loc_name"", ""source_name""]"	"[[""source_name"", ""lung mouse alveolar type 2 cells and primary human fibroblasts""], [""cell_type"", ""lung mouse alveolar type 2 cells and primary human fibroblasts""], [""genotype"", ""Cish CRISPR/Cas9 knockout""], [""batch"", ""plate3-3""]]"
GSE307351	GSM9216405	SAMN50935395	SRS26383842	lung alveolar organoid, Slc22a3 knockout, plate3-3 well D02	"[""batch"", ""cell_type"", ""collection_date"", ""genotype"", ""geo_loc_name"", ""source_name""]"	"[[""source_name"", ""lung mouse alveolar type 2 cells and primary human fibroblasts""], [""cell_type"", ""lung mouse alveolar type 2 cells and primary human fibroblasts""], [""genotype"", ""Slc22a3 CRISPR/Cas9 knockout""], [""batch"", ""plate3-3""]]"
GSE307351	GSM9216406	SAMN50935394	SRS26383844	lung alveolar organoid, Erbb2 knockout, plate3-3 well D03	"[""batch"", ""cell_type"", ""collection_date"", ""genotype"", ""geo_loc_name"", ""source_name""]"	"[[""source_name"", ""lung mouse alveolar type 2 cells and primary human fibroblasts""], [""cell_type"", ""lung mouse alveolar type 2 cells and primary human fibroblasts""], [""genotype"", ""Erbb2 CRISPR/Cas9 knockout""], [""batch"", ""plate3-3""]]"
GSE307351	GSM9216407	SAMN50935393	SRS26383847	lung alveolar organoid, Egfl6 knockout, plate3-3 well D04	"[""batch"", ""cell_type"", ""collection_date"", ""genotype"", ""geo_loc_name"", ""source_name""]"	"[[""source_name"", ""lung mouse alveolar type 2 cells and primary human fibroblasts""], [""cell_type"", ""lung mouse alveolar type 2 cells and primary human fibroblasts""], [""genotype"", ""Egfl6 CRISPR/Cas9 knockout""], [""batch"", ""plate3-3""]]"
GSE307351	GSM9216408	SAMN50935392	SRS26383845	lung alveolar organoid, Csnk2a1 knockout, plate3-3 well D05	"[""batch"", ""cell_type"", ""collection_date"", ""genotype"", ""geo_loc_name"", ""source_name""]"	"[[""source_name"", ""lung mouse alveolar type 2 cells and primary human fibroblasts""], [""cell_type"", ""lung mouse alveolar type 2 cells and primary human fibroblasts""], [""genotype"", ""Csnk2a1 CRISPR/Cas9 knockout""], [""batch"", ""plate3-3""]]"
GSE307351	GSM9216409	SAMN50935391	SRS26383848	lung alveolar organoid, Ank3 knockout, plate3-3 well D06	"[""batch"", ""cell_type"", ""collection_date"", ""genotype"", ""geo_loc_name"", ""source_name""]"	"[[""source_name"", ""lung mouse alveolar type 2 cells and primary human fibroblasts""], [""cell_type"", ""lung mouse alveolar type 2 cells and primary human fibroblasts""], [""genotype"", ""Ank3 CRISPR/Cas9 knockout""], [""batch"", ""plate3-3""]]"
GSE307351	GSM9216410	SAMN50935390	SRS26383846	lung alveolar organoid, Tigit knockout, plate3-3 well D07	"[""batch"", ""cell_type"", ""collection_date"", ""genotype"", ""geo_loc_name"", ""source_name""]"	"[[""source_name"", ""lung mouse alveolar type 2 cells and primary human fibroblasts""], [""cell_type"", ""lung mouse alveolar type 2 cells and primary human fibroblasts""], [""genotype"", ""Tigit CRISPR/Cas9 knockout""], [""batch"", ""plate3-3""]]"
GSE307351	GSM9216411	SAMN50935389	SRS26384311	lung alveolar organoid, Elovl1 knockout, plate3-3 well D08	"[""batch"", ""cell_type"", ""collection_date"", ""genotype"", ""geo_loc_name"", ""source_name""]"	"[[""source_name"", ""lung mouse alveolar type 2 cells and primary human fibroblasts""], [""cell_type"", ""lung mouse alveolar type 2 cells and primary human fibroblasts""], [""genotype"", ""Elovl1 CRISPR/Cas9 knockout""], [""batch"", ""plate3-3""]]"
GSE307351	GSM9216412	SAMN50935388	SRS26384309	lung alveolar organoid, Map2k3 knockout, plate3-3 well D09	"[""batch"", ""cell_type"", ""collection_date"", ""genotype"", ""geo_loc_name"", ""source_name""]"	"[[""source_name"", ""lung mouse alveolar type 2 cells and primary human fibroblasts""], [""cell_type"", ""lung mouse alveolar type 2 cells and primary human fibroblasts""], [""genotype"", ""Map2k3 CRISPR/Cas9 knockout""], [""batch"", ""plate3-3""]]"
GSE307351	GSM9216413	SAMN50935387	SRS26384312	lung alveolar organoid, Map4k3 knockout, plate3-3 well D10	"[""batch"", ""cell_type"", ""collection_date"", ""genotype"", ""geo_loc_name"", ""source_name""]"	"[[""source_name"", ""lung mouse alveolar type 2 cells and primary human fibroblasts""], [""cell_type"", ""lung mouse alveolar type 2 cells and primary human fibroblasts""], [""genotype"", ""Map4k3 CRISPR/Cas9 knockout""], [""batch"", ""plate3-3""]]"
GSE307351	GSM9216414	SAMN50935386	SRS26384317	lung alveolar organoid, Elf5 knockout, plate3-3 well D11	"[""batch"", ""cell_type"", ""collection_date"", ""genotype"", ""geo_loc_name"", ""source_name""]"	"[[""source_name"", ""lung mouse alveolar type 2 cells and primary human fibroblasts""], [""cell_type"", ""lung mouse alveolar type 2 cells and primary human fibroblasts""], [""genotype"", ""Elf5 CRISPR/Cas9 knockout""], [""batch"", ""plate3-3""]]"
GSE307351	GSM9216415	SAMN50935385	SRS26383863	lung alveolar organoid, Tlr2 knockout, plate3-3 well E02	"[""batch"", ""cell_type"", ""collection_date"", ""genotype"", ""geo_loc_name"", ""source_name""]"	"[[""source_name"", ""lung mouse alveolar type 2 cells and primary human fibroblasts""], [""cell_type"", ""lung mouse alveolar type 2 cells and primary human fibroblasts""], [""genotype"", ""Tlr2 CRISPR/Cas9 knockout""], [""batch"", ""plate3-3""]]"
GSE307351	GSM9216416	SAMN50935384	SRS26383864	lung alveolar organoid, Tigit knockout, plate3-3 well E03	"[""batch"", ""cell_type"", ""collection_date"", ""genotype"", ""geo_loc_name"", ""source_name""]"	"[[""source_name"", ""lung mouse alveolar type 2 cells and primary human fibroblasts""], [""cell_type"", ""lung mouse alveolar type 2 cells and primary human fibroblasts""], [""genotype"", ""Tigit CRISPR/Cas9 knockout""], [""batch"", ""plate3-3""]]"
GSE307351	GSM9216417	SAMN50935383	SRS26383865	lung alveolar organoid, Ctsh knockout, plate3-3 well E04	"[""batch"", ""cell_type"", ""collection_date"", ""genotype"", ""geo_loc_name"", ""source_name""]"	"[[""source_name"", ""lung mouse alveolar type 2 cells and primary human fibroblasts""], [""cell_type"", ""lung mouse alveolar type 2 cells and primary human fibroblasts""], [""genotype"", ""Ctsh CRISPR/Cas9 knockout""], [""batch"", ""plate3-3""]]"
GSE307351	GSM9216418	SAMN50935382	SRS26383867	lung alveolar organoid, Csnk2a1 knockout, plate3-3 well E05	"[""batch"", ""cell_type"", ""collection_date"", ""genotype"", ""geo_loc_name"", ""source_name""]"	"[[""source_name"", ""lung mouse alveolar type 2 cells and primary human fibroblasts""], [""cell_type"", ""lung mouse alveolar type 2 cells and primary human fibroblasts""], [""genotype"", ""Csnk2a1 CRISPR/Cas9 knockout""], [""batch"", ""plate3-3""]]"
GSE307351	GSM9216419	SAMN50935381	SRS26384370	lung alveolar organoid, Myo5c knockout, plate3-3 well E06	"[""batch"", ""cell_type"", ""collection_date"", ""genotype"", ""geo_loc_name"", ""source_name""]"	"[[""source_name"", ""lung mouse alveolar type 2 cells and primary human fibroblasts""], [""cell_type"", ""lung mouse alveolar type 2 cells and primary human fibroblasts""], [""genotype"", ""Myo5c CRISPR/Cas9 knockout""], [""batch"", ""plate3-3""]]"
GSE307351	GSM9216420	SAMN50935380	SRS26384367	lung alveolar organoid, Gnai1 knockout, plate3-3 well E07	"[""batch"", ""cell_type"", ""collection_date"", ""genotype"", ""geo_loc_name"", ""source_name""]"	"[[""source_name"", ""lung mouse alveolar type 2 cells and primary human fibroblasts""], [""cell_type"", ""lung mouse alveolar type 2 cells and primary human fibroblasts""], [""genotype"", ""Gnai1 CRISPR/Cas9 knockout""], [""batch"", ""plate3-3""]]"
GSE307351	GSM9216421	SAMN50935379	SRS26384366	lung alveolar organoid, Antxr1 knockout, plate3-3 well E08	"[""batch"", ""cell_type"", ""collection_date"", ""genotype"", ""geo_loc_name"", ""source_name""]"	"[[""source_name"", ""lung mouse alveolar type 2 cells and primary human fibroblasts""], [""cell_type"", ""lung mouse alveolar type 2 cells and primary human fibroblasts""], [""genotype"", ""Antxr1 CRISPR/Cas9 knockout""], [""batch"", ""plate3-3""]]"
GSE307351	GSM9216422	SAMN50935378	SRS26384369	lung alveolar organoid, Map2k4 knockout, plate3-3 well E09	"[""batch"", ""cell_type"", ""collection_date"", ""genotype"", ""geo_loc_name"", ""source_name""]"	"[[""source_name"", ""lung mouse alveolar type 2 cells and primary human fibroblasts""], [""cell_type"", ""lung mouse alveolar type 2 cells and primary human fibroblasts""], [""genotype"", ""Map2k4 CRISPR/Cas9 knockout""], [""batch"", ""plate3-3""]]"
GSE307351	GSM9216423	SAMN50935377	SRS26384368	lung alveolar organoid, Map4k4 knockout, plate3-3 well E10	"[""batch"", ""cell_type"", ""collection_date"", ""genotype"", ""geo_loc_name"", ""source_name""]"	"[[""source_name"", ""lung mouse alveolar type 2 cells and primary human fibroblasts""], [""cell_type"", ""lung mouse alveolar type 2 cells and primary human fibroblasts""], [""genotype"", ""Map4k4 CRISPR/Cas9 knockout""], [""batch"", ""plate3-3""]]"
GSE307351	GSM9216424	SAMN50935376	SRS26384373	lung alveolar organoid, Ccn2 knockout, plate3-3 well E11	"[""batch"", ""cell_type"", ""collection_date"", ""genotype"", ""geo_loc_name"", ""source_name""]"	"[[""source_name"", ""lung mouse alveolar type 2 cells and primary human fibroblasts""], [""cell_type"", ""lung mouse alveolar type 2 cells and primary human fibroblasts""], [""genotype"", ""Ccn2 CRISPR/Cas9 knockout""], [""batch"", ""plate3-3""]]"
GSE307351	GSM9216425	SAMN50935375	SRS26384371	lung alveolar organoid, Tigit knockout, plate3-3 well F02	"[""batch"", ""cell_type"", ""collection_date"", ""genotype"", ""geo_loc_name"", ""source_name""]"	"[[""source_name"", ""lung mouse alveolar type 2 cells and primary human fibroblasts""], [""cell_type"", ""lung mouse alveolar type 2 cells and primary human fibroblasts""], [""genotype"", ""Tigit CRISPR/Cas9 knockout""], [""batch"", ""plate3-3""]]"
GSE307351	GSM9216426	SAMN50935374	SRS26384372	lung alveolar organoid, Erbb4 knockout, plate3-3 well F03	"[""batch"", ""cell_type"", ""collection_date"", ""genotype"", ""geo_loc_name"", ""source_name""]"	"[[""source_name"", ""lung mouse alveolar type 2 cells and primary human fibroblasts""], [""cell_type"", ""lung mouse alveolar type 2 cells and primary human fibroblasts""], [""genotype"", ""Erbb4 CRISPR/Cas9 knockout""], [""batch"", ""plate3-3""]]"
GSE307351	GSM9216427	SAMN50935373	SRS26384045	lung alveolar organoid, Slc39a8 knockout, plate3-3 well F04	"[""batch"", ""cell_type"", ""collection_date"", ""genotype"", ""geo_loc_name"", ""source_name""]"	"[[""source_name"", ""lung mouse alveolar type 2 cells and primary human fibroblasts""], [""cell_type"", ""lung mouse alveolar type 2 cells and primary human fibroblasts""], [""genotype"", ""Slc39a8 CRISPR/Cas9 knockout""], [""batch"", ""plate3-3""]]"
GSE307351	GSM9216428	SAMN50935372	SRS26384044	lung alveolar organoid, Vangl1 knockout, plate3-3 well F05	"[""batch"", ""cell_type"", ""collection_date"", ""genotype"", ""geo_loc_name"", ""source_name""]"	"[[""source_name"", ""lung mouse alveolar type 2 cells and primary human fibroblasts""], [""cell_type"", ""lung mouse alveolar type 2 cells and primary human fibroblasts""], [""genotype"", ""Vangl1 CRISPR/Cas9 knockout""], [""batch"", ""plate3-3""]]"
GSE307351	GSM9216429	SAMN50935371	SRS26384048	lung alveolar organoid, Tinag knockout, plate3-3 well F06	"[""batch"", ""cell_type"", ""collection_date"", ""genotype"", ""geo_loc_name"", ""source_name""]"	"[[""source_name"", ""lung mouse alveolar type 2 cells and primary human fibroblasts""], [""cell_type"", ""lung mouse alveolar type 2 cells and primary human fibroblasts""], [""genotype"", ""Tinag CRISPR/Cas9 knockout""], [""batch"", ""plate3-3""]]"
GSE307351	GSM9216430	SAMN50935370	SRS26384046	lung alveolar organoid, Areg knockout, plate3-3 well F07	"[""batch"", ""cell_type"", ""collection_date"", ""genotype"", ""geo_loc_name"", ""source_name""]"	"[[""source_name"", ""lung mouse alveolar type 2 cells and primary human fibroblasts""], [""cell_type"", ""lung mouse alveolar type 2 cells and primary human fibroblasts""], [""genotype"", ""Areg CRISPR/Cas9 knockout""], [""batch"", ""plate3-3""]]"
GSE307351	GSM9216431	SAMN50935369	SRS26384047	lung alveolar organoid, Tspan11 knockout, plate3-3 well F08	"[""batch"", ""cell_type"", ""collection_date"", ""genotype"", ""geo_loc_name"", ""source_name""]"	"[[""source_name"", ""lung mouse alveolar type 2 cells and primary human fibroblasts""], [""cell_type"", ""lung mouse alveolar type 2 cells and primary human fibroblasts""], [""genotype"", ""Tspan11 CRISPR/Cas9 knockout""], [""batch"", ""plate3-3""]]"
GSE307351	GSM9216432	SAMN50935368	SRS26384050	lung alveolar organoid, Map3k1 knockout, plate3-3 well F09	"[""batch"", ""cell_type"", ""collection_date"", ""genotype"", ""geo_loc_name"", ""source_name""]"	"[[""source_name"", ""lung mouse alveolar type 2 cells and primary human fibroblasts""], [""cell_type"", ""lung mouse alveolar type 2 cells and primary human fibroblasts""], [""genotype"", ""Map3k1 CRISPR/Cas9 knockout""], [""batch"", ""plate3-3""]]"
GSE307351	GSM9216433	SAMN50935367	SRS26384052	lung alveolar organoid, Mapk1 knockout, plate3-3 well F10	"[""batch"", ""cell_type"", ""collection_date"", ""genotype"", ""geo_loc_name"", ""source_name""]"	"[[""source_name"", ""lung mouse alveolar type 2 cells and primary human fibroblasts""], [""cell_type"", ""lung mouse alveolar type 2 cells and primary human fibroblasts""], [""genotype"", ""Mapk1 CRISPR/Cas9 knockout""], [""batch"", ""plate3-3""]]"
GSE307351	GSM9216434	SAMN50935366	SRS26384049	lung alveolar organoid, Bmp2 knockout, plate3-3 well F11	"[""batch"", ""cell_type"", ""collection_date"", ""genotype"", ""geo_loc_name"", ""source_name""]"	"[[""source_name"", ""lung mouse alveolar type 2 cells and primary human fibroblasts""], [""cell_type"", ""lung mouse alveolar type 2 cells and primary human fibroblasts""], [""genotype"", ""Bmp2 CRISPR/Cas9 knockout""], [""batch"", ""plate3-3""]]"
GSE307351	GSM9216435	SAMN50935365	SRS26383849	lung alveolar organoid, Erbb3 knockout, plate3-3 well G02	"[""batch"", ""cell_type"", ""collection_date"", ""genotype"", ""geo_loc_name"", ""source_name""]"	"[[""source_name"", ""lung mouse alveolar type 2 cells and primary human fibroblasts""], [""cell_type"", ""lung mouse alveolar type 2 cells and primary human fibroblasts""], [""genotype"", ""Erbb3 CRISPR/Cas9 knockout""], [""batch"", ""plate3-3""]]"
GSE307351	GSM9216436	SAMN50935364	SRS26383850	lung alveolar organoid, Socs2 knockout, plate3-3 well G03	"[""batch"", ""cell_type"", ""collection_date"", ""genotype"", ""geo_loc_name"", ""source_name""]"	"[[""source_name"", ""lung mouse alveolar type 2 cells and primary human fibroblasts""], [""cell_type"", ""lung mouse alveolar type 2 cells and primary human fibroblasts""], [""genotype"", ""Socs2 CRISPR/Cas9 knockout""], [""batch"", ""plate3-3""]]"
GSE307351	GSM9216437	SAMN50935363	SRS26383851	lung alveolar organoid, Soat1 knockout, plate3-3 well G04	"[""batch"", ""cell_type"", ""collection_date"", ""genotype"", ""geo_loc_name"", ""source_name""]"	"[[""source_name"", ""lung mouse alveolar type 2 cells and primary human fibroblasts""], [""cell_type"", ""lung mouse alveolar type 2 cells and primary human fibroblasts""], [""genotype"", ""Soat1 CRISPR/Cas9 knockout""], [""batch"", ""plate3-3""]]"
GSE307351	GSM9216438	SAMN50935362	SRS26383853	lung alveolar organoid, Vangl2 knockout, plate3-3 well G05	"[""batch"", ""cell_type"", ""collection_date"", ""genotype"", ""geo_loc_name"", ""source_name""]"	"[[""source_name"", ""lung mouse alveolar type 2 cells and primary human fibroblasts""], [""cell_type"", ""lung mouse alveolar type 2 cells and primary human fibroblasts""], [""genotype"", ""Vangl2 CRISPR/Cas9 knockout""], [""batch"", ""plate3-3""]]"
GSE307351	GSM9216439	SAMN50935361	SRS26383852	lung alveolar organoid, Irf4 knockout, plate3-3 well G06	"[""batch"", ""cell_type"", ""collection_date"", ""genotype"", ""geo_loc_name"", ""source_name""]"	"[[""source_name"", ""lung mouse alveolar type 2 cells and primary human fibroblasts""], [""cell_type"", ""lung mouse alveolar type 2 cells and primary human fibroblasts""], [""genotype"", ""Irf4 CRISPR/Cas9 knockout""], [""batch"", ""plate3-3""]]"
GSE307351	GSM9216440	SAMN50935360	SRS26383854	lung alveolar organoid, Atp6v0e knockout, plate3-3 well G07	"[""batch"", ""cell_type"", ""collection_date"", ""genotype"", ""geo_loc_name"", ""source_name""]"	"[[""source_name"", ""lung mouse alveolar type 2 cells and primary human fibroblasts""], [""cell_type"", ""lung mouse alveolar type 2 cells and primary human fibroblasts""], [""genotype"", ""Atp6v0e CRISPR/Cas9 knockout""], [""batch"", ""plate3-3""]]"
GSE307351	GSM9216441	SAMN50935359	SRS26383856	lung alveolar organoid, Map2k1 knockout, plate3-3 well G08	"[""batch"", ""cell_type"", ""collection_date"", ""genotype"", ""geo_loc_name"", ""source_name""]"	"[[""source_name"", ""lung mouse alveolar type 2 cells and primary human fibroblasts""], [""cell_type"", ""lung mouse alveolar type 2 cells and primary human fibroblasts""], [""genotype"", ""Map2k1 CRISPR/Cas9 knockout""], [""batch"", ""plate3-3""]]"
GSE307351	GSM9216442	SAMN50935358	SRS26383855	lung alveolar organoid, Map3k2 knockout, plate3-3 well G09	"[""batch"", ""cell_type"", ""collection_date"", ""genotype"", ""geo_loc_name"", ""source_name""]"	"[[""source_name"", ""lung mouse alveolar type 2 cells and primary human fibroblasts""], [""cell_type"", ""lung mouse alveolar type 2 cells and primary human fibroblasts""], [""genotype"", ""Map3k2 CRISPR/Cas9 knockout""], [""batch"", ""plate3-3""]]"
GSE307351	GSM9216443	SAMN50935357	SRS26383866	lung alveolar organoid, Tdtomato knockout, plate3-3 well G10	"[""batch"", ""cell_type"", ""collection_date"", ""genotype"", ""geo_loc_name"", ""source_name""]"	"[[""source_name"", ""lung mouse alveolar type 2 cells and primary human fibroblasts""], [""cell_type"", ""lung mouse alveolar type 2 cells and primary human fibroblasts""], [""genotype"", ""Tdtomato CRISPR/Cas9 knockout""], [""batch"", ""plate3-3""]]"
GSE307351	GSM9216444	SAMN50935356	SRS26383868	lung alveolar organoid, Tigit knockout, plate3-3 well G11	"[""batch"", ""cell_type"", ""collection_date"", ""genotype"", ""geo_loc_name"", ""source_name""]"	"[[""source_name"", ""lung mouse alveolar type 2 cells and primary human fibroblasts""], [""cell_type"", ""lung mouse alveolar type 2 cells and primary human fibroblasts""], [""genotype"", ""Tigit CRISPR/Cas9 knockout""], [""batch"", ""plate3-3""]]"
GSE307351	GSM9216445	SAMN50935355	SRS26383869	lung alveolar organoid, Kidins220 knockout, plate3-4 well B02	"[""batch"", ""cell_type"", ""collection_date"", ""genotype"", ""geo_loc_name"", ""source_name""]"	"[[""source_name"", ""lung mouse alveolar type 2 cells and primary human fibroblasts""], [""cell_type"", ""lung mouse alveolar type 2 cells and primary human fibroblasts""], [""genotype"", ""Kidins220 CRISPR/Cas9 knockout""], [""batch"", ""plate3-4""]]"
GSE307351	GSM9216446	SAMN50935354	SRS26383870	lung alveolar organoid, Cd81 knockout, plate3-4 well B03	"[""batch"", ""cell_type"", ""collection_date"", ""genotype"", ""geo_loc_name"", ""source_name""]"	"[[""source_name"", ""lung mouse alveolar type 2 cells and primary human fibroblasts""], [""cell_type"", ""lung mouse alveolar type 2 cells and primary human fibroblasts""], [""genotype"", ""Cd81 CRISPR/Cas9 knockout""], [""batch"", ""plate3-4""]]"
GSE307351	GSM9216447	SAMN50935353	SRS26383871	lung alveolar organoid, Tigit knockout, plate3-4 well B04	"[""batch"", ""cell_type"", ""collection_date"", ""genotype"", ""geo_loc_name"", ""source_name""]"	"[[""source_name"", ""lung mouse alveolar type 2 cells and primary human fibroblasts""], [""cell_type"", ""lung mouse alveolar type 2 cells and primary human fibroblasts""], [""genotype"", ""Tigit CRISPR/Cas9 knockout""], [""batch"", ""plate3-4""]]"
GSE307351	GSM9216448	SAMN50935352	SRS26383873	lung alveolar organoid, Tdtomato knockout, plate3-4 well B05	"[""batch"", ""cell_type"", ""collection_date"", ""genotype"", ""geo_loc_name"", ""source_name""]"	"[[""source_name"", ""lung mouse alveolar type 2 cells and primary human fibroblasts""], [""cell_type"", ""lung mouse alveolar type 2 cells and primary human fibroblasts""], [""genotype"", ""Tdtomato CRISPR/Cas9 knockout""], [""batch"", ""plate3-4""]]"
GSE307351	GSM9216449	SAMN50935351	SRS26383872	lung alveolar organoid, Tgif1 knockout, plate3-4 well B06	"[""batch"", ""cell_type"", ""collection_date"", ""genotype"", ""geo_loc_name"", ""source_name""]"	"[[""source_name"", ""lung mouse alveolar type 2 cells and primary human fibroblasts""], [""cell_type"", ""lung mouse alveolar type 2 cells and primary human fibroblasts""], [""genotype"", ""Tgif1 CRISPR/Cas9 knockout""], [""batch"", ""plate3-4""]]"
GSE307351	GSM9216450	SAMN50935350	SRS26383874	lung alveolar organoid, Celsr1 knockout, plate3-4 well B07	"[""batch"", ""cell_type"", ""collection_date"", ""genotype"", ""geo_loc_name"", ""source_name""]"	"[[""source_name"", ""lung mouse alveolar type 2 cells and primary human fibroblasts""], [""cell_type"", ""lung mouse alveolar type 2 cells and primary human fibroblasts""], [""genotype"", ""Celsr1 CRISPR/Cas9 knockout""], [""batch"", ""plate3-4""]]"
GSE307351	GSM9216451	SAMN50935349	SRS26384374	lung alveolar organoid, Pi4k2b knockout, plate3-4 well B08	"[""batch"", ""cell_type"", ""collection_date"", ""genotype"", ""geo_loc_name"", ""source_name""]"	"[[""source_name"", ""lung mouse alveolar type 2 cells and primary human fibroblasts""], [""cell_type"", ""lung mouse alveolar type 2 cells and primary human fibroblasts""], [""genotype"", ""Pi4k2b CRISPR/Cas9 knockout""], [""batch"", ""plate3-4""]]"
GSE307351	GSM9216452	SAMN50935348	SRS26384375	lung alveolar organoid, Map2k2 knockout, plate3-4 well B09	"[""batch"", ""cell_type"", ""collection_date"", ""genotype"", ""geo_loc_name"", ""source_name""]"	"[[""source_name"", ""lung mouse alveolar type 2 cells and primary human fibroblasts""], [""cell_type"", ""lung mouse alveolar type 2 cells and primary human fibroblasts""], [""genotype"", ""Map2k2 CRISPR/Cas9 knockout""], [""batch"", ""plate3-4""]]"
GSE307351	GSM9216453	SAMN50935347	SRS26384381	lung alveolar organoid, Map3k5 knockout, plate3-4 well B10	"[""batch"", ""cell_type"", ""collection_date"", ""genotype"", ""geo_loc_name"", ""source_name""]"	"[[""source_name"", ""lung mouse alveolar type 2 cells and primary human fibroblasts""], [""cell_type"", ""lung mouse alveolar type 2 cells and primary human fibroblasts""], [""genotype"", ""Map3k5 CRISPR/Cas9 knockout""], [""batch"", ""plate3-4""]]"
GSE307351	GSM9216454	SAMN50935346	SRS26384377	lung alveolar organoid, Mapk3 knockout, plate3-4 well B11	"[""batch"", ""cell_type"", ""collection_date"", ""genotype"", ""geo_loc_name"", ""source_name""]"	"[[""source_name"", ""lung mouse alveolar type 2 cells and primary human fibroblasts""], [""cell_type"", ""lung mouse alveolar type 2 cells and primary human fibroblasts""], [""genotype"", ""Mapk3 CRISPR/Cas9 knockout""], [""batch"", ""plate3-4""]]"
GSE307351	GSM9216455	SAMN50935345	SRS26384379	lung alveolar organoid, Itgb6 knockout, plate3-4 well C02	"[""batch"", ""cell_type"", ""collection_date"", ""genotype"", ""geo_loc_name"", ""source_name""]"	"[[""source_name"", ""lung mouse alveolar type 2 cells and primary human fibroblasts""], [""cell_type"", ""lung mouse alveolar type 2 cells and primary human fibroblasts""], [""genotype"", ""Itgb6 CRISPR/Cas9 knockout""], [""batch"", ""plate3-4""]]"
GSE307351	GSM9216456	SAMN50935344	SRS26384376	lung alveolar organoid, Egfr knockout, plate3-4 well C03	"[""batch"", ""cell_type"", ""collection_date"", ""genotype"", ""geo_loc_name"", ""source_name""]"	"[[""source_name"", ""lung mouse alveolar type 2 cells and primary human fibroblasts""], [""cell_type"", ""lung mouse alveolar type 2 cells and primary human fibroblasts""], [""genotype"", ""Egfr CRISPR/Cas9 knockout""], [""batch"", ""plate3-4""]]"
GSE307351	GSM9216457	SAMN50935343	SRS26384382	lung alveolar organoid, Dram1 knockout, plate3-4 well C04	"[""batch"", ""cell_type"", ""collection_date"", ""genotype"", ""geo_loc_name"", ""source_name""]"	"[[""source_name"", ""lung mouse alveolar type 2 cells and primary human fibroblasts""], [""cell_type"", ""lung mouse alveolar type 2 cells and primary human fibroblasts""], [""genotype"", ""Dram1 CRISPR/Cas9 knockout""], [""batch"", ""plate3-4""]]"
GSE307351	GSM9216458	SAMN50935342	SRS26384380	lung alveolar organoid, Csnk1a1 knockout, plate3-4 well C05	"[""batch"", ""cell_type"", ""collection_date"", ""genotype"", ""geo_loc_name"", ""source_name""]"	"[[""source_name"", ""lung mouse alveolar type 2 cells and primary human fibroblasts""], [""cell_type"", ""lung mouse alveolar type 2 cells and primary human fibroblasts""], [""genotype"", ""Csnk1a1 CRISPR/Cas9 knockout""], [""batch"", ""plate3-4""]]"
GSE307351	GSM9216459	SAMN50935341	SRS26384051	lung alveolar organoid, Adk knockout, plate3-4 well C06	"[""batch"", ""cell_type"", ""collection_date"", ""genotype"", ""geo_loc_name"", ""source_name""]"	"[[""source_name"", ""lung mouse alveolar type 2 cells and primary human fibroblasts""], [""cell_type"", ""lung mouse alveolar type 2 cells and primary human fibroblasts""], [""genotype"", ""Adk CRISPR/Cas9 knockout""], [""batch"", ""plate3-4""]]"
GSE307351	GSM9216460	SAMN50935340	SRS26384053	lung alveolar organoid, Gnai2 knockout, plate3-4 well C07	"[""batch"", ""cell_type"", ""collection_date"", ""genotype"", ""geo_loc_name"", ""source_name""]"	"[[""source_name"", ""lung mouse alveolar type 2 cells and primary human fibroblasts""], [""cell_type"", ""lung mouse alveolar type 2 cells and primary human fibroblasts""], [""genotype"", ""Gnai2 CRISPR/Cas9 knockout""], [""batch"", ""plate3-4""]]"
GSE307351	GSM9216461	SAMN50935339	SRS26384054	lung alveolar organoid, Ociad2 knockout, plate3-4 well C08	"[""batch"", ""cell_type"", ""collection_date"", ""genotype"", ""geo_loc_name"", ""source_name""]"	"[[""source_name"", ""lung mouse alveolar type 2 cells and primary human fibroblasts""], [""cell_type"", ""lung mouse alveolar type 2 cells and primary human fibroblasts""], [""genotype"", ""Ociad2 CRISPR/Cas9 knockout""], [""batch"", ""plate3-4""]]"
GSE307351	GSM9216462	SAMN50935338	SRS26384056	lung alveolar organoid, Tigit knockout, plate3-4 well C09	"[""batch"", ""cell_type"", ""collection_date"", ""genotype"", ""geo_loc_name"", ""source_name""]"	"[[""source_name"", ""lung mouse alveolar type 2 cells and primary human fibroblasts""], [""cell_type"", ""lung mouse alveolar type 2 cells and primary human fibroblasts""], [""genotype"", ""Tigit CRISPR/Cas9 knockout""], [""batch"", ""plate3-4""]]"
GSE307351	GSM9216463	SAMN50935337	SRS26384055	lung alveolar organoid, Map3k7 knockout, plate3-4 well C10	"[""batch"", ""cell_type"", ""collection_date"", ""genotype"", ""geo_loc_name"", ""source_name""]"	"[[""source_name"", ""lung mouse alveolar type 2 cells and primary human fibroblasts""], [""cell_type"", ""lung mouse alveolar type 2 cells and primary human fibroblasts""], [""genotype"", ""Map3k7 CRISPR/Cas9 knockout""], [""batch"", ""plate3-4""]]"
GSE307351	GSM9216464	SAMN50935336	SRS26384057	lung alveolar organoid, Cish knockout, plate3-4 well C11	"[""batch"", ""cell_type"", ""collection_date"", ""genotype"", ""geo_loc_name"", ""source_name""]"	"[[""source_name"", ""lung mouse alveolar type 2 cells and primary human fibroblasts""], [""cell_type"", ""lung mouse alveolar type 2 cells and primary human fibroblasts""], [""genotype"", ""Cish CRISPR/Cas9 knockout""], [""batch"", ""plate3-4""]]"
GSE307351	GSM9216465	SAMN50935335	SRS26384058	lung alveolar organoid, Slc22a3 knockout, plate3-4 well D02	"[""batch"", ""cell_type"", ""collection_date"", ""genotype"", ""geo_loc_name"", ""source_name""]"	"[[""source_name"", ""lung mouse alveolar type 2 cells and primary human fibroblasts""], [""cell_type"", ""lung mouse alveolar type 2 cells and primary human fibroblasts""], [""genotype"", ""Slc22a3 CRISPR/Cas9 knockout""], [""batch"", ""plate3-4""]]"
GSE307351	GSM9216466	SAMN50935334	SRS26384059	lung alveolar organoid, Erbb2 knockout, plate3-4 well D03	"[""batch"", ""cell_type"", ""collection_date"", ""genotype"", ""geo_loc_name"", ""source_name""]"	"[[""source_name"", ""lung mouse alveolar type 2 cells and primary human fibroblasts""], [""cell_type"", ""lung mouse alveolar type 2 cells and primary human fibroblasts""], [""genotype"", ""Erbb2 CRISPR/Cas9 knockout""], [""batch"", ""plate3-4""]]"
GSE307351	GSM9216467	SAMN50935333	SRS26383858	lung alveolar organoid, Egfl6 knockout, plate3-4 well D04	"[""batch"", ""cell_type"", ""collection_date"", ""genotype"", ""geo_loc_name"", ""source_name""]"	"[[""source_name"", ""lung mouse alveolar type 2 cells and primary human fibroblasts""], [""cell_type"", ""lung mouse alveolar type 2 cells and primary human fibroblasts""], [""genotype"", ""Egfl6 CRISPR/Cas9 knockout""], [""batch"", ""plate3-4""]]"
GSE307351	GSM9216468	SAMN50935332	SRS26383857	lung alveolar organoid, Csnk2a1 knockout, plate3-4 well D05	"[""batch"", ""cell_type"", ""collection_date"", ""genotype"", ""geo_loc_name"", ""source_name""]"	"[[""source_name"", ""lung mouse alveolar type 2 cells and primary human fibroblasts""], [""cell_type"", ""lung mouse alveolar type 2 cells and primary human fibroblasts""], [""genotype"", ""Csnk2a1 CRISPR/Cas9 knockout""], [""batch"", ""plate3-4""]]"
GSE307351	GSM9216469	SAMN50935331	SRS26383859	lung alveolar organoid, Ank3 knockout, plate3-4 well D06	"[""batch"", ""cell_type"", ""collection_date"", ""genotype"", ""geo_loc_name"", ""source_name""]"	"[[""source_name"", ""lung mouse alveolar type 2 cells and primary human fibroblasts""], [""cell_type"", ""lung mouse alveolar type 2 cells and primary human fibroblasts""], [""genotype"", ""Ank3 CRISPR/Cas9 knockout""], [""batch"", ""plate3-4""]]"
GSE307351	GSM9216470	SAMN50935330	SRS26383860	lung alveolar organoid, Tigit knockout, plate3-4 well D07	"[""batch"", ""cell_type"", ""collection_date"", ""genotype"", ""geo_loc_name"", ""source_name""]"	"[[""source_name"", ""lung mouse alveolar type 2 cells and primary human fibroblasts""], [""cell_type"", ""lung mouse alveolar type 2 cells and primary human fibroblasts""], [""genotype"", ""Tigit CRISPR/Cas9 knockout""], [""batch"", ""plate3-4""]]"
GSE307351	GSM9216471	SAMN50935329	SRS26383861	lung alveolar organoid, Elovl1 knockout, plate3-4 well D08	"[""batch"", ""cell_type"", ""collection_date"", ""genotype"", ""geo_loc_name"", ""source_name""]"	"[[""source_name"", ""lung mouse alveolar type 2 cells and primary human fibroblasts""], [""cell_type"", ""lung mouse alveolar type 2 cells and primary human fibroblasts""], [""genotype"", ""Elovl1 CRISPR/Cas9 knockout""], [""batch"", ""plate3-4""]]"
GSE307351	GSM9216472	SAMN50935328	SRS26383862	lung alveolar organoid, Map2k3 knockout, plate3-4 well D09	"[""batch"", ""cell_type"", ""collection_date"", ""genotype"", ""geo_loc_name"", ""source_name""]"	"[[""source_name"", ""lung mouse alveolar type 2 cells and primary human fibroblasts""], [""cell_type"", ""lung mouse alveolar type 2 cells and primary human fibroblasts""], [""genotype"", ""Map2k3 CRISPR/Cas9 knockout""], [""batch"", ""plate3-4""]]"
GSE307351	GSM9216473	SAMN50935327	SRS26383953	lung alveolar organoid, Map4k3 knockout, plate3-4 well D10	"[""batch"", ""cell_type"", ""collection_date"", ""genotype"", ""geo_loc_name"", ""source_name""]"	"[[""source_name"", ""lung mouse alveolar type 2 cells and primary human fibroblasts""], [""cell_type"", ""lung mouse alveolar type 2 cells and primary human fibroblasts""], [""genotype"", ""Map4k3 CRISPR/Cas9 knockout""], [""batch"", ""plate3-4""]]"
GSE307351	GSM9216474	SAMN50935326	SRS26383950	lung alveolar organoid, Elf5 knockout, plate3-4 well D11	"[""batch"", ""cell_type"", ""collection_date"", ""genotype"", ""geo_loc_name"", ""source_name""]"	"[[""source_name"", ""lung mouse alveolar type 2 cells and primary human fibroblasts""], [""cell_type"", ""lung mouse alveolar type 2 cells and primary human fibroblasts""], [""genotype"", ""Elf5 CRISPR/Cas9 knockout""], [""batch"", ""plate3-4""]]"
GSE307351	GSM9216475	SAMN50935325	SRS26384060	lung alveolar organoid, Tlr2 knockout, plate3-4 well E02	"[""batch"", ""cell_type"", ""collection_date"", ""genotype"", ""geo_loc_name"", ""source_name""]"	"[[""source_name"", ""lung mouse alveolar type 2 cells and primary human fibroblasts""], [""cell_type"", ""lung mouse alveolar type 2 cells and primary human fibroblasts""], [""genotype"", ""Tlr2 CRISPR/Cas9 knockout""], [""batch"", ""plate3-4""]]"
GSE307351	GSM9216476	SAMN50935324	SRS26384061	lung alveolar organoid, Tigit knockout, plate3-4 well E03	"[""batch"", ""cell_type"", ""collection_date"", ""genotype"", ""geo_loc_name"", ""source_name""]"	"[[""source_name"", ""lung mouse alveolar type 2 cells and primary human fibroblasts""], [""cell_type"", ""lung mouse alveolar type 2 cells and primary human fibroblasts""], [""genotype"", ""Tigit CRISPR/Cas9 knockout""], [""batch"", ""plate3-4""]]"
GSE307351	GSM9216477	SAMN50935323	SRS26384064	lung alveolar organoid, Ctsh knockout, plate3-4 well E04	"[""batch"", ""cell_type"", ""collection_date"", ""genotype"", ""geo_loc_name"", ""source_name""]"	"[[""source_name"", ""lung mouse alveolar type 2 cells and primary human fibroblasts""], [""cell_type"", ""lung mouse alveolar type 2 cells and primary human fibroblasts""], [""genotype"", ""Ctsh CRISPR/Cas9 knockout""], [""batch"", ""plate3-4""]]"
GSE307351	GSM9216478	SAMN50935322	SRS26384062	lung alveolar organoid, Csnk2a1 knockout, plate3-4 well E05	"[""batch"", ""cell_type"", ""collection_date"", ""genotype"", ""geo_loc_name"", ""source_name""]"	"[[""source_name"", ""lung mouse alveolar type 2 cells and primary human fibroblasts""], [""cell_type"", ""lung mouse alveolar type 2 cells and primary human fibroblasts""], [""genotype"", ""Csnk2a1 CRISPR/Cas9 knockout""], [""batch"", ""plate3-4""]]"
GSE307351	GSM9216479	SAMN50935321	SRS26384063	lung alveolar organoid, Myo5c knockout, plate3-4 well E06	"[""batch"", ""cell_type"", ""collection_date"", ""genotype"", ""geo_loc_name"", ""source_name""]"	"[[""source_name"", ""lung mouse alveolar type 2 cells and primary human fibroblasts""], [""cell_type"", ""lung mouse alveolar type 2 cells and primary human fibroblasts""], [""genotype"", ""Myo5c CRISPR/Cas9 knockout""], [""batch"", ""plate3-4""]]"
GSE307351	GSM9216480	SAMN50935320	SRS26384065	lung alveolar organoid, Gnai1 knockout, plate3-4 well E07	"[""batch"", ""cell_type"", ""collection_date"", ""genotype"", ""geo_loc_name"", ""source_name""]"	"[[""source_name"", ""lung mouse alveolar type 2 cells and primary human fibroblasts""], [""cell_type"", ""lung mouse alveolar type 2 cells and primary human fibroblasts""], [""genotype"", ""Gnai1 CRISPR/Cas9 knockout""], [""batch"", ""plate3-4""]]"
GSE307351	GSM9216481	SAMN50935319	SRS26384066	lung alveolar organoid, Antxr1 knockout, plate3-4 well E08	"[""batch"", ""cell_type"", ""collection_date"", ""genotype"", ""geo_loc_name"", ""source_name""]"	"[[""source_name"", ""lung mouse alveolar type 2 cells and primary human fibroblasts""], [""cell_type"", ""lung mouse alveolar type 2 cells and primary human fibroblasts""], [""genotype"", ""Antxr1 CRISPR/Cas9 knockout""], [""batch"", ""plate3-4""]]"
GSE307351	GSM9216482	SAMN50935318	SRS26384068	lung alveolar organoid, Map2k4 knockout, plate3-4 well E09	"[""batch"", ""cell_type"", ""collection_date"", ""genotype"", ""geo_loc_name"", ""source_name""]"	"[[""source_name"", ""lung mouse alveolar type 2 cells and primary human fibroblasts""], [""cell_type"", ""lung mouse alveolar type 2 cells and primary human fibroblasts""], [""genotype"", ""Map2k4 CRISPR/Cas9 knockout""], [""batch"", ""plate3-4""]]"
GSE307351	GSM9216483	SAMN50935317	SRS26383951	lung alveolar organoid, Map4k4 knockout, plate3-4 well E10	"[""batch"", ""cell_type"", ""collection_date"", ""genotype"", ""geo_loc_name"", ""source_name""]"	"[[""source_name"", ""lung mouse alveolar type 2 cells and primary human fibroblasts""], [""cell_type"", ""lung mouse alveolar type 2 cells and primary human fibroblasts""], [""genotype"", ""Map4k4 CRISPR/Cas9 knockout""], [""batch"", ""plate3-4""]]"
GSE307351	GSM9216484	SAMN50935316	SRS26383952	lung alveolar organoid, Ccn2 knockout, plate3-4 well E11	"[""batch"", ""cell_type"", ""collection_date"", ""genotype"", ""geo_loc_name"", ""source_name""]"	"[[""source_name"", ""lung mouse alveolar type 2 cells and primary human fibroblasts""], [""cell_type"", ""lung mouse alveolar type 2 cells and primary human fibroblasts""], [""genotype"", ""Ccn2 CRISPR/Cas9 knockout""], [""batch"", ""plate3-4""]]"
GSE307351	GSM9216485	SAMN50935315	SRS26383954	lung alveolar organoid, Tigit knockout, plate3-4 well F02	"[""batch"", ""cell_type"", ""collection_date"", ""genotype"", ""geo_loc_name"", ""source_name""]"	"[[""source_name"", ""lung mouse alveolar type 2 cells and primary human fibroblasts""], [""cell_type"", ""lung mouse alveolar type 2 cells and primary human fibroblasts""], [""genotype"", ""Tigit CRISPR/Cas9 knockout""], [""batch"", ""plate3-4""]]"
GSE307351	GSM9216486	SAMN50935314	SRS26383955	lung alveolar organoid, Erbb4 knockout, plate3-4 well F03	"[""batch"", ""cell_type"", ""collection_date"", ""genotype"", ""geo_loc_name"", ""source_name""]"	"[[""source_name"", ""lung mouse alveolar type 2 cells and primary human fibroblasts""], [""cell_type"", ""lung mouse alveolar type 2 cells and primary human fibroblasts""], [""genotype"", ""Erbb4 CRISPR/Cas9 knockout""], [""batch"", ""plate3-4""]]"
GSE307351	GSM9216487	SAMN50935313	SRS26383956	lung alveolar organoid, Slc39a8 knockout, plate3-4 well F04	"[""batch"", ""cell_type"", ""collection_date"", ""genotype"", ""geo_loc_name"", ""source_name""]"	"[[""source_name"", ""lung mouse alveolar type 2 cells and primary human fibroblasts""], [""cell_type"", ""lung mouse alveolar type 2 cells and primary human fibroblasts""], [""genotype"", ""Slc39a8 CRISPR/Cas9 knockout""], [""batch"", ""plate3-4""]]"
GSE307351	GSM9216488	SAMN50935312	SRS26383958	lung alveolar organoid, Vangl1 knockout, plate3-4 well F05	"[""batch"", ""cell_type"", ""collection_date"", ""genotype"", ""geo_loc_name"", ""source_name""]"	"[[""source_name"", ""lung mouse alveolar type 2 cells and primary human fibroblasts""], [""cell_type"", ""lung mouse alveolar type 2 cells and primary human fibroblasts""], [""genotype"", ""Vangl1 CRISPR/Cas9 knockout""], [""batch"", ""plate3-4""]]"
GSE307351	GSM9216489	SAMN50935311	SRS26383959	lung alveolar organoid, Tinag knockout, plate3-4 well F06	"[""batch"", ""cell_type"", ""collection_date"", ""genotype"", ""geo_loc_name"", ""source_name""]"	"[[""source_name"", ""lung mouse alveolar type 2 cells and primary human fibroblasts""], [""cell_type"", ""lung mouse alveolar type 2 cells and primary human fibroblasts""], [""genotype"", ""Tinag CRISPR/Cas9 knockout""], [""batch"", ""plate3-4""]]"
GSE307351	GSM9216490	SAMN50935310	SRS26383957	lung alveolar organoid, Areg knockout, plate3-4 well F07	"[""batch"", ""cell_type"", ""collection_date"", ""genotype"", ""geo_loc_name"", ""source_name""]"	"[[""source_name"", ""lung mouse alveolar type 2 cells and primary human fibroblasts""], [""cell_type"", ""lung mouse alveolar type 2 cells and primary human fibroblasts""], [""genotype"", ""Areg CRISPR/Cas9 knockout""], [""batch"", ""plate3-4""]]"
GSE307351	GSM9216491	SAMN50935309	SRS26383875	lung alveolar organoid, Tspan11 knockout, plate3-4 well F08	"[""batch"", ""cell_type"", ""collection_date"", ""genotype"", ""geo_loc_name"", ""source_name""]"	"[[""source_name"", ""lung mouse alveolar type 2 cells and primary human fibroblasts""], [""cell_type"", ""lung mouse alveolar type 2 cells and primary human fibroblasts""], [""genotype"", ""Tspan11 CRISPR/Cas9 knockout""], [""batch"", ""plate3-4""]]"
GSE307351	GSM9216492	SAMN50935308	SRS26383876	lung alveolar organoid, Map3k1 knockout, plate3-4 well F09	"[""batch"", ""cell_type"", ""collection_date"", ""genotype"", ""geo_loc_name"", ""source_name""]"	"[[""source_name"", ""lung mouse alveolar type 2 cells and primary human fibroblasts""], [""cell_type"", ""lung mouse alveolar type 2 cells and primary human fibroblasts""], [""genotype"", ""Map3k1 CRISPR/Cas9 knockout""], [""batch"", ""plate3-4""]]"
GSE307351	GSM9216493	SAMN50935307	SRS26383877	lung alveolar organoid, Mapk1 knockout, plate3-4 well F10	"[""batch"", ""cell_type"", ""collection_date"", ""genotype"", ""geo_loc_name"", ""source_name""]"	"[[""source_name"", ""lung mouse alveolar type 2 cells and primary human fibroblasts""], [""cell_type"", ""lung mouse alveolar type 2 cells and primary human fibroblasts""], [""genotype"", ""Mapk1 CRISPR/Cas9 knockout""], [""batch"", ""plate3-4""]]"
GSE307351	GSM9216494	SAMN50935306	SRS26383878	lung alveolar organoid, Bmp2 knockout, plate3-4 well F11	"[""batch"", ""cell_type"", ""collection_date"", ""genotype"", ""geo_loc_name"", ""source_name""]"	"[[""source_name"", ""lung mouse alveolar type 2 cells and primary human fibroblasts""], [""cell_type"", ""lung mouse alveolar type 2 cells and primary human fibroblasts""], [""genotype"", ""Bmp2 CRISPR/Cas9 knockout""], [""batch"", ""plate3-4""]]"
GSE307351	GSM9216495	SAMN50935305	SRS26383879	lung alveolar organoid, Erbb3 knockout, plate3-4 well G02	"[""batch"", ""cell_type"", ""collection_date"", ""genotype"", ""geo_loc_name"", ""source_name""]"	"[[""source_name"", ""lung mouse alveolar type 2 cells and primary human fibroblasts""], [""cell_type"", ""lung mouse alveolar type 2 cells and primary human fibroblasts""], [""genotype"", ""Erbb3 CRISPR/Cas9 knockout""], [""batch"", ""plate3-4""]]"
GSE307351	GSM9216496	SAMN50935304	SRS26383880	lung alveolar organoid, Socs2 knockout, plate3-4 well G03	"[""batch"", ""cell_type"", ""collection_date"", ""genotype"", ""geo_loc_name"", ""source_name""]"	"[[""source_name"", ""lung mouse alveolar type 2 cells and primary human fibroblasts""], [""cell_type"", ""lung mouse alveolar type 2 cells and primary human fibroblasts""], [""genotype"", ""Socs2 CRISPR/Cas9 knockout""], [""batch"", ""plate3-4""]]"
GSE307351	GSM9216497	SAMN50935303	SRS26383881	lung alveolar organoid, Soat1 knockout, plate3-4 well G04	"[""batch"", ""cell_type"", ""collection_date"", ""genotype"", ""geo_loc_name"", ""source_name""]"	"[[""source_name"", ""lung mouse alveolar type 2 cells and primary human fibroblasts""], [""cell_type"", ""lung mouse alveolar type 2 cells and primary human fibroblasts""], [""genotype"", ""Soat1 CRISPR/Cas9 knockout""], [""batch"", ""plate3-4""]]"
GSE307351	GSM9216498	SAMN50935302	SRS26383882	lung alveolar organoid, Vangl2 knockout, plate3-4 well G05	"[""batch"", ""cell_type"", ""collection_date"", ""genotype"", ""geo_loc_name"", ""source_name""]"	"[[""source_name"", ""lung mouse alveolar type 2 cells and primary human fibroblasts""], [""cell_type"", ""lung mouse alveolar type 2 cells and primary human fibroblasts""], [""genotype"", ""Vangl2 CRISPR/Cas9 knockout""], [""batch"", ""plate3-4""]]"
GSE307351	GSM9216499	SAMN50935301	SRS26384378	lung alveolar organoid, Irf4 knockout, plate3-4 well G06	"[""batch"", ""cell_type"", ""collection_date"", ""genotype"", ""geo_loc_name"", ""source_name""]"	"[[""source_name"", ""lung mouse alveolar type 2 cells and primary human fibroblasts""], [""cell_type"", ""lung mouse alveolar type 2 cells and primary human fibroblasts""], [""genotype"", ""Irf4 CRISPR/Cas9 knockout""], [""batch"", ""plate3-4""]]"
GSE307351	GSM9216500	SAMN50935300	SRS26384383	lung alveolar organoid, Atp6v0e knockout, plate3-4 well G07	"[""batch"", ""cell_type"", ""collection_date"", ""genotype"", ""geo_loc_name"", ""source_name""]"	"[[""source_name"", ""lung mouse alveolar type 2 cells and primary human fibroblasts""], [""cell_type"", ""lung mouse alveolar type 2 cells and primary human fibroblasts""], [""genotype"", ""Atp6v0e CRISPR/Cas9 knockout""], [""batch"", ""plate3-4""]]"
GSE307351	GSM9216501	SAMN50935299	SRS26384385	lung alveolar organoid, Map2k1 knockout, plate3-4 well G08	"[""batch"", ""cell_type"", ""collection_date"", ""genotype"", ""geo_loc_name"", ""source_name""]"	"[[""source_name"", ""lung mouse alveolar type 2 cells and primary human fibroblasts""], [""cell_type"", ""lung mouse alveolar type 2 cells and primary human fibroblasts""], [""genotype"", ""Map2k1 CRISPR/Cas9 knockout""], [""batch"", ""plate3-4""]]"
GSE307351	GSM9216502	SAMN50935298	SRS26384384	lung alveolar organoid, Map3k2 knockout, plate3-4 well G09	"[""batch"", ""cell_type"", ""collection_date"", ""genotype"", ""geo_loc_name"", ""source_name""]"	"[[""source_name"", ""lung mouse alveolar type 2 cells and primary human fibroblasts""], [""cell_type"", ""lung mouse alveolar type 2 cells and primary human fibroblasts""], [""genotype"", ""Map3k2 CRISPR/Cas9 knockout""], [""batch"", ""plate3-4""]]"
GSE307351	GSM9216503	SAMN50935297	SRS26384388	lung alveolar organoid, Tdtomato knockout, plate3-4 well G10	"[""batch"", ""cell_type"", ""collection_date"", ""genotype"", ""geo_loc_name"", ""source_name""]"	"[[""source_name"", ""lung mouse alveolar type 2 cells and primary human fibroblasts""], [""cell_type"", ""lung mouse alveolar type 2 cells and primary human fibroblasts""], [""genotype"", ""Tdtomato CRISPR/Cas9 knockout""], [""batch"", ""plate3-4""]]"
GSE307351	GSM9216504	SAMN50935296	SRS26384386	lung alveolar organoid, Tigit knockout, plate3-4 well G11	"[""batch"", ""cell_type"", ""collection_date"", ""genotype"", ""geo_loc_name"", ""source_name""]"	"[[""source_name"", ""lung mouse alveolar type 2 cells and primary human fibroblasts""], [""cell_type"", ""lung mouse alveolar type 2 cells and primary human fibroblasts""], [""genotype"", ""Tigit CRISPR/Cas9 knockout""], [""batch"", ""plate3-4""]]"
GSE307351	GSM9216505	SAMN50935295	SRS26384391	lung alveolar organoid, Atf6 knockout, plate4-1 well B02	"[""batch"", ""cell_type"", ""collection_date"", ""genotype"", ""geo_loc_name"", ""source_name""]"	"[[""source_name"", ""lung mouse alveolar type 2 cells and primary human fibroblasts""], [""cell_type"", ""lung mouse alveolar type 2 cells and primary human fibroblasts""], [""genotype"", ""Atf6 CRISPR/Cas9 knockout""], [""batch"", ""plate4-1""]]"
GSE307351	GSM9216506	SAMN50935294	SRS26384387	lung alveolar organoid, Ctcf knockout, plate4-1 well B03	"[""batch"", ""cell_type"", ""collection_date"", ""genotype"", ""geo_loc_name"", ""source_name""]"	"[[""source_name"", ""lung mouse alveolar type 2 cells and primary human fibroblasts""], [""cell_type"", ""lung mouse alveolar type 2 cells and primary human fibroblasts""], [""genotype"", ""Ctcf CRISPR/Cas9 knockout""], [""batch"", ""plate4-1""]]"
GSE307351	GSM9216507	SAMN50935293	SRS26384067	lung alveolar organoid, Tigit knockout, plate4-1 well B04	"[""batch"", ""cell_type"", ""collection_date"", ""genotype"", ""geo_loc_name"", ""source_name""]"	"[[""source_name"", ""lung mouse alveolar type 2 cells and primary human fibroblasts""], [""cell_type"", ""lung mouse alveolar type 2 cells and primary human fibroblasts""], [""genotype"", ""Tigit CRISPR/Cas9 knockout""], [""batch"", ""plate4-1""]]"
GSE307351	GSM9216508	SAMN50935292	SRS26384070	lung alveolar organoid, Tdtomato knockout, plate4-1 well B05	"[""batch"", ""cell_type"", ""collection_date"", ""genotype"", ""geo_loc_name"", ""source_name""]"	"[[""source_name"", ""lung mouse alveolar type 2 cells and primary human fibroblasts""], [""cell_type"", ""lung mouse alveolar type 2 cells and primary human fibroblasts""], [""genotype"", ""Tdtomato CRISPR/Cas9 knockout""], [""batch"", ""plate4-1""]]"
GSE307351	GSM9216509	SAMN50935291	SRS26384069	lung alveolar organoid, Ryk knockout, plate4-1 well B06	"[""batch"", ""cell_type"", ""collection_date"", ""genotype"", ""geo_loc_name"", ""source_name""]"	"[[""source_name"", ""lung mouse alveolar type 2 cells and primary human fibroblasts""], [""cell_type"", ""lung mouse alveolar type 2 cells and primary human fibroblasts""], [""genotype"", ""Ryk CRISPR/Cas9 knockout""], [""batch"", ""plate4-1""]]"
GSE307351	GSM9216510	SAMN50935290	SRS26384073	lung alveolar organoid, Rnf43 knockout, plate4-1 well B07	"[""batch"", ""cell_type"", ""collection_date"", ""genotype"", ""geo_loc_name"", ""source_name""]"	"[[""source_name"", ""lung mouse alveolar type 2 cells and primary human fibroblasts""], [""cell_type"", ""lung mouse alveolar type 2 cells and primary human fibroblasts""], [""genotype"", ""Rnf43 CRISPR/Cas9 knockout""], [""batch"", ""plate4-1""]]"
GSE307351	GSM9216511	SAMN50935289	SRS26384072	lung alveolar organoid, Nkd1 knockout, plate4-1 well B08	"[""batch"", ""cell_type"", ""collection_date"", ""genotype"", ""geo_loc_name"", ""source_name""]"	"[[""source_name"", ""lung mouse alveolar type 2 cells and primary human fibroblasts""], [""cell_type"", ""lung mouse alveolar type 2 cells and primary human fibroblasts""], [""genotype"", ""Nkd1 CRISPR/Cas9 knockout""], [""batch"", ""plate4-1""]]"
GSE307351	GSM9216512	SAMN50935288	SRS26384071	lung alveolar organoid, Slc34a2 knockout, plate4-1 well B09	"[""batch"", ""cell_type"", ""collection_date"", ""genotype"", ""geo_loc_name"", ""source_name""]"	"[[""source_name"", ""lung mouse alveolar type 2 cells and primary human fibroblasts""], [""cell_type"", ""lung mouse alveolar type 2 cells and primary human fibroblasts""], [""genotype"", ""Slc34a2 CRISPR/Cas9 knockout""], [""batch"", ""plate4-1""]]"
GSE307351	GSM9216513	SAMN50935287	SRS26384074	lung alveolar organoid, Rbpjl knockout, plate4-1 well B10	"[""batch"", ""cell_type"", ""collection_date"", ""genotype"", ""geo_loc_name"", ""source_name""]"	"[[""source_name"", ""lung mouse alveolar type 2 cells and primary human fibroblasts""], [""cell_type"", ""lung mouse alveolar type 2 cells and primary human fibroblasts""], [""genotype"", ""Rbpjl CRISPR/Cas9 knockout""], [""batch"", ""plate4-1""]]"
GSE307351	GSM9216514	SAMN50935286	SRS26384075	lung alveolar organoid, Slc6a14 knockout, plate4-1 well B11	"[""batch"", ""cell_type"", ""collection_date"", ""genotype"", ""geo_loc_name"", ""source_name""]"	"[[""source_name"", ""lung mouse alveolar type 2 cells and primary human fibroblasts""], [""cell_type"", ""lung mouse alveolar type 2 cells and primary human fibroblasts""], [""genotype"", ""Slc6a14 CRISPR/Cas9 knockout""], [""batch"", ""plate4-1""]]"
GSE307351	GSM9216515	SAMN50935285	SRS26383960	lung alveolar organoid, Lamp2 knockout, plate4-1 well C02	"[""batch"", ""cell_type"", ""collection_date"", ""genotype"", ""geo_loc_name"", ""source_name""]"	"[[""source_name"", ""lung mouse alveolar type 2 cells and primary human fibroblasts""], [""cell_type"", ""lung mouse alveolar type 2 cells and primary human fibroblasts""], [""genotype"", ""Lamp2 CRISPR/Cas9 knockout""], [""batch"", ""plate4-1""]]"
GSE307351	GSM9216516	SAMN50935284	SRS26383961	lung alveolar organoid, Lgr5 knockout, plate4-1 well C03	"[""batch"", ""cell_type"", ""collection_date"", ""genotype"", ""geo_loc_name"", ""source_name""]"	"[[""source_name"", ""lung mouse alveolar type 2 cells and primary human fibroblasts""], [""cell_type"", ""lung mouse alveolar type 2 cells and primary human fibroblasts""], [""genotype"", ""Lgr5 CRISPR/Cas9 knockout""], [""batch"", ""plate4-1""]]"
GSE307351	GSM9216517	SAMN50935283	SRS26383962	lung alveolar organoid, Ctnnb1 knockout, plate4-1 well C04	"[""batch"", ""cell_type"", ""collection_date"", ""genotype"", ""geo_loc_name"", ""source_name""]"	"[[""source_name"", ""lung mouse alveolar type 2 cells and primary human fibroblasts""], [""cell_type"", ""lung mouse alveolar type 2 cells and primary human fibroblasts""], [""genotype"", ""Ctnnb1 CRISPR/Cas9 knockout""], [""batch"", ""plate4-1""]]"
GSE307351	GSM9216518	SAMN50935282	SRS26383967	lung alveolar organoid, Dvl3 knockout, plate4-1 well C05	"[""batch"", ""cell_type"", ""collection_date"", ""genotype"", ""geo_loc_name"", ""source_name""]"	"[[""source_name"", ""lung mouse alveolar type 2 cells and primary human fibroblasts""], [""cell_type"", ""lung mouse alveolar type 2 cells and primary human fibroblasts""], [""genotype"", ""Dvl3 CRISPR/Cas9 knockout""], [""batch"", ""plate4-1""]]"
GSE307351	GSM9216519	SAMN50935281	SRS26383963	lung alveolar organoid, Dvl2 knockout, plate4-1 well C06	"[""batch"", ""cell_type"", ""collection_date"", ""genotype"", ""geo_loc_name"", ""source_name""]"	"[[""source_name"", ""lung mouse alveolar type 2 cells and primary human fibroblasts""], [""cell_type"", ""lung mouse alveolar type 2 cells and primary human fibroblasts""], [""genotype"", ""Dvl2 CRISPR/Cas9 knockout""], [""batch"", ""plate4-1""]]"
GSE307351	GSM9216520	SAMN50935280	SRS26383965	lung alveolar organoid, Spry4 knockout, plate4-1 well C07	"[""batch"", ""cell_type"", ""collection_date"", ""genotype"", ""geo_loc_name"", ""source_name""]"	"[[""source_name"", ""lung mouse alveolar type 2 cells and primary human fibroblasts""], [""cell_type"", ""lung mouse alveolar type 2 cells and primary human fibroblasts""], [""genotype"", ""Spry4 CRISPR/Cas9 knockout""], [""batch"", ""plate4-1""]]"
GSE307351	GSM9216521	SAMN50935279	SRS26383964	lung alveolar organoid, Nkd2 knockout, plate4-1 well C08	"[""batch"", ""cell_type"", ""collection_date"", ""genotype"", ""geo_loc_name"", ""source_name""]"	"[[""source_name"", ""lung mouse alveolar type 2 cells and primary human fibroblasts""], [""cell_type"", ""lung mouse alveolar type 2 cells and primary human fibroblasts""], [""genotype"", ""Nkd2 CRISPR/Cas9 knockout""], [""batch"", ""plate4-1""]]"
GSE307351	GSM9216522	SAMN50935278	SRS26383966	lung alveolar organoid, Tigit knockout, plate4-1 well C09	"[""batch"", ""cell_type"", ""collection_date"", ""genotype"", ""geo_loc_name"", ""source_name""]"	"[[""source_name"", ""lung mouse alveolar type 2 cells and primary human fibroblasts""], [""cell_type"", ""lung mouse alveolar type 2 cells and primary human fibroblasts""], [""genotype"", ""Tigit CRISPR/Cas9 knockout""], [""batch"", ""plate4-1""]]"
GSE307351	GSM9216523	SAMN50935277	SRS26383883	lung alveolar organoid, Hopx knockout, plate4-1 well C10	"[""batch"", ""cell_type"", ""collection_date"", ""genotype"", ""geo_loc_name"", ""source_name""]"	"[[""source_name"", ""lung mouse alveolar type 2 cells and primary human fibroblasts""], [""cell_type"", ""lung mouse alveolar type 2 cells and primary human fibroblasts""], [""genotype"", ""Hopx CRISPR/Cas9 knockout""], [""batch"", ""plate4-1""]]"
GSE307351	GSM9216524	SAMN50935276	SRS26383884	lung alveolar organoid, Cd36 knockout, plate4-1 well C11	"[""batch"", ""cell_type"", ""collection_date"", ""genotype"", ""geo_loc_name"", ""source_name""]"	"[[""source_name"", ""lung mouse alveolar type 2 cells and primary human fibroblasts""], [""cell_type"", ""lung mouse alveolar type 2 cells and primary human fibroblasts""], [""genotype"", ""Cd36 CRISPR/Cas9 knockout""], [""batch"", ""plate4-1""]]"
GSE307351	GSM9216525	SAMN50935275	SRS26383885	lung alveolar organoid, Creld1 knockout, plate4-1 well D02	"[""batch"", ""cell_type"", ""collection_date"", ""genotype"", ""geo_loc_name"", ""source_name""]"	"[[""source_name"", ""lung mouse alveolar type 2 cells and primary human fibroblasts""], [""cell_type"", ""lung mouse alveolar type 2 cells and primary human fibroblasts""], [""genotype"", ""Creld1 CRISPR/Cas9 knockout""], [""batch"", ""plate4-1""]]"
GSE307351	GSM9216526	SAMN50935274	SRS26383886	lung alveolar organoid, Lgr6 knockout, plate4-1 well D03	"[""batch"", ""cell_type"", ""collection_date"", ""genotype"", ""geo_loc_name"", ""source_name""]"	"[[""source_name"", ""lung mouse alveolar type 2 cells and primary human fibroblasts""], [""cell_type"", ""lung mouse alveolar type 2 cells and primary human fibroblasts""], [""genotype"", ""Lgr6 CRISPR/Cas9 knockout""], [""batch"", ""plate4-1""]]"
GSE307351	GSM9216527	SAMN50935273	SRS26383887	lung alveolar organoid, Porcn knockout, plate4-1 well D04	"[""batch"", ""cell_type"", ""collection_date"", ""genotype"", ""geo_loc_name"", ""source_name""]"	"[[""source_name"", ""lung mouse alveolar type 2 cells and primary human fibroblasts""], [""cell_type"", ""lung mouse alveolar type 2 cells and primary human fibroblasts""], [""genotype"", ""Porcn CRISPR/Cas9 knockout""], [""batch"", ""plate4-1""]]"
GSE307351	GSM9216528	SAMN50935272	SRS26383888	lung alveolar organoid, Wif1 knockout, plate4-1 well D05	"[""batch"", ""cell_type"", ""collection_date"", ""genotype"", ""geo_loc_name"", ""source_name""]"	"[[""source_name"", ""lung mouse alveolar type 2 cells and primary human fibroblasts""], [""cell_type"", ""lung mouse alveolar type 2 cells and primary human fibroblasts""], [""genotype"", ""Wif1 CRISPR/Cas9 knockout""], [""batch"", ""plate4-1""]]"
GSE307351	GSM9216529	SAMN50935271	SRS26383889	lung alveolar organoid, Gsk3b knockout, plate4-1 well D06	"[""batch"", ""cell_type"", ""collection_date"", ""genotype"", ""geo_loc_name"", ""source_name""]"	"[[""source_name"", ""lung mouse alveolar type 2 cells and primary human fibroblasts""], [""cell_type"", ""lung mouse alveolar type 2 cells and primary human fibroblasts""], [""genotype"", ""Gsk3b CRISPR/Cas9 knockout""], [""batch"", ""plate4-1""]]"
GSE307351	GSM9216530	SAMN50935270	SRS26383890	lung alveolar organoid, Tigit knockout, plate4-1 well D07	"[""batch"", ""cell_type"", ""collection_date"", ""genotype"", ""geo_loc_name"", ""source_name""]"	"[[""source_name"", ""lung mouse alveolar type 2 cells and primary human fibroblasts""], [""cell_type"", ""lung mouse alveolar type 2 cells and primary human fibroblasts""], [""genotype"", ""Tigit CRISPR/Cas9 knockout""], [""batch"", ""plate4-1""]]"
GSE307351	GSM9216531	SAMN50935269	SRS26384389	lung alveolar organoid, Fbxw11 knockout, plate4-1 well D08	"[""batch"", ""cell_type"", ""collection_date"", ""genotype"", ""geo_loc_name"", ""source_name""]"	"[[""source_name"", ""lung mouse alveolar type 2 cells and primary human fibroblasts""], [""cell_type"", ""lung mouse alveolar type 2 cells and primary human fibroblasts""], [""genotype"", ""Fbxw11 CRISPR/Cas9 knockout""], [""batch"", ""plate4-1""]]"
GSE307351	GSM9216532	SAMN50935268	SRS26384390	lung alveolar organoid, Pde7b knockout, plate4-1 well D09	"[""batch"", ""cell_type"", ""collection_date"", ""genotype"", ""geo_loc_name"", ""source_name""]"	"[[""source_name"", ""lung mouse alveolar type 2 cells and primary human fibroblasts""], [""cell_type"", ""lung mouse alveolar type 2 cells and primary human fibroblasts""], [""genotype"", ""Pde7b CRISPR/Cas9 knockout""], [""batch"", ""plate4-1""]]"
GSE307351	GSM9216533	SAMN50935267	SRS26384396	lung alveolar organoid, Hbegf knockout, plate4-1 well D10	"[""batch"", ""cell_type"", ""collection_date"", ""genotype"", ""geo_loc_name"", ""source_name""]"	"[[""source_name"", ""lung mouse alveolar type 2 cells and primary human fibroblasts""], [""cell_type"", ""lung mouse alveolar type 2 cells and primary human fibroblasts""], [""genotype"", ""Hbegf CRISPR/Cas9 knockout""], [""batch"", ""plate4-1""]]"
GSE307351	GSM9216534	SAMN50935266	SRS26384392	lung alveolar organoid, Kcnj15 knockout, plate4-1 well D11	"[""batch"", ""cell_type"", ""collection_date"", ""genotype"", ""geo_loc_name"", ""source_name""]"	"[[""source_name"", ""lung mouse alveolar type 2 cells and primary human fibroblasts""], [""cell_type"", ""lung mouse alveolar type 2 cells and primary human fibroblasts""], [""genotype"", ""Kcnj15 CRISPR/Cas9 knockout""], [""batch"", ""plate4-1""]]"
GSE307351	GSM9216535	SAMN50935265	SRS26384397	lung alveolar organoid, Crispld2 knockout, plate4-1 well E02	"[""batch"", ""cell_type"", ""collection_date"", ""genotype"", ""geo_loc_name"", ""source_name""]"	"[[""source_name"", ""lung mouse alveolar type 2 cells and primary human fibroblasts""], [""cell_type"", ""lung mouse alveolar type 2 cells and primary human fibroblasts""], [""genotype"", ""Crispld2 CRISPR/Cas9 knockout""], [""batch"", ""plate4-1""]]"
GSE307351	GSM9216536	SAMN50935264	SRS26384395	lung alveolar organoid, Tigit knockout, plate4-1 well E03	"[""batch"", ""cell_type"", ""collection_date"", ""genotype"", ""geo_loc_name"", ""source_name""]"	"[[""source_name"", ""lung mouse alveolar type 2 cells and primary human fibroblasts""], [""cell_type"", ""lung mouse alveolar type 2 cells and primary human fibroblasts""], [""genotype"", ""Tigit CRISPR/Cas9 knockout""], [""batch"", ""plate4-1""]]"
GSE307351	GSM9216537	SAMN50935263	SRS26384393	lung alveolar organoid, Siah1a knockout, plate4-1 well E04	"[""batch"", ""cell_type"", ""collection_date"", ""genotype"", ""geo_loc_name"", ""source_name""]"	"[[""source_name"", ""lung mouse alveolar type 2 cells and primary human fibroblasts""], [""cell_type"", ""lung mouse alveolar type 2 cells and primary human fibroblasts""], [""genotype"", ""Siah1a CRISPR/Cas9 knockout""], [""batch"", ""plate4-1""]]"
GSE307351	GSM9216538	SAMN50935262	SRS26384394	lung alveolar organoid, Jup knockout, plate4-1 well E05	"[""batch"", ""cell_type"", ""collection_date"", ""genotype"", ""geo_loc_name"", ""source_name""]"	"[[""source_name"", ""lung mouse alveolar type 2 cells and primary human fibroblasts""], [""cell_type"", ""lung mouse alveolar type 2 cells and primary human fibroblasts""], [""genotype"", ""Jup CRISPR/Cas9 knockout""], [""batch"", ""plate4-1""]]"
GSE307351	GSM9216539	SAMN50935261	SRS26384076	lung alveolar organoid, Celsr2 knockout, plate4-1 well E06	"[""batch"", ""cell_type"", ""collection_date"", ""genotype"", ""geo_loc_name"", ""source_name""]"	"[[""source_name"", ""lung mouse alveolar type 2 cells and primary human fibroblasts""], [""cell_type"", ""lung mouse alveolar type 2 cells and primary human fibroblasts""], [""genotype"", ""Celsr2 CRISPR/Cas9 knockout""], [""batch"", ""plate4-1""]]"
GSE307351	GSM9216540	SAMN50935260	SRS26384077	lung alveolar organoid, Apc knockout, plate4-1 well E07	"[""batch"", ""cell_type"", ""collection_date"", ""genotype"", ""geo_loc_name"", ""source_name""]"	"[[""source_name"", ""lung mouse alveolar type 2 cells and primary human fibroblasts""], [""cell_type"", ""lung mouse alveolar type 2 cells and primary human fibroblasts""], [""genotype"", ""Apc CRISPR/Cas9 knockout""], [""batch"", ""plate4-1""]]"
GSE307351	GSM9216541	SAMN50935259	SRS26384078	lung alveolar organoid, Mlc1 knockout, plate4-1 well E08	"[""batch"", ""cell_type"", ""collection_date"", ""genotype"", ""geo_loc_name"", ""source_name""]"	"[[""source_name"", ""lung mouse alveolar type 2 cells and primary human fibroblasts""], [""cell_type"", ""lung mouse alveolar type 2 cells and primary human fibroblasts""], [""genotype"", ""Mlc1 CRISPR/Cas9 knockout""], [""batch"", ""plate4-1""]]"
GSE307351	GSM9216542	SAMN50935258	SRS26384079	lung alveolar organoid, Cdkn2b knockout, plate4-1 well E09	"[""batch"", ""cell_type"", ""collection_date"", ""genotype"", ""geo_loc_name"", ""source_name""]"	"[[""source_name"", ""lung mouse alveolar type 2 cells and primary human fibroblasts""], [""cell_type"", ""lung mouse alveolar type 2 cells and primary human fibroblasts""], [""genotype"", ""Cdkn2b CRISPR/Cas9 knockout""], [""batch"", ""plate4-1""]]"
GSE307351	GSM9216543	SAMN50935257	SRS26384080	lung alveolar organoid, Sema3e knockout, plate4-1 well E10	"[""batch"", ""cell_type"", ""collection_date"", ""genotype"", ""geo_loc_name"", ""source_name""]"	"[[""source_name"", ""lung mouse alveolar type 2 cells and primary human fibroblasts""], [""cell_type"", ""lung mouse alveolar type 2 cells and primary human fibroblasts""], [""genotype"", ""Sema3e CRISPR/Cas9 knockout""], [""batch"", ""plate4-1""]]"
GSE307351	GSM9216544	SAMN50935256	SRS26384082	lung alveolar organoid, Slc34a2 knockout, plate4-1 well E11	"[""batch"", ""cell_type"", ""collection_date"", ""genotype"", ""geo_loc_name"", ""source_name""]"	"[[""source_name"", ""lung mouse alveolar type 2 cells and primary human fibroblasts""], [""cell_type"", ""lung mouse alveolar type 2 cells and primary human fibroblasts""], [""genotype"", ""Slc34a2 CRISPR/Cas9 knockout""], [""batch"", ""plate4-1""]]"
GSE307351	GSM9216545	SAMN50935255	SRS26384081	lung alveolar organoid, Tigit knockout, plate4-1 well F02	"[""batch"", ""cell_type"", ""collection_date"", ""genotype"", ""geo_loc_name"", ""source_name""]"	"[[""source_name"", ""lung mouse alveolar type 2 cells and primary human fibroblasts""], [""cell_type"", ""lung mouse alveolar type 2 cells and primary human fibroblasts""], [""genotype"", ""Tigit CRISPR/Cas9 knockout""], [""batch"", ""plate4-1""]]"
GSE307351	GSM9216546	SAMN50935254	SRS26384083	lung alveolar organoid, Znrf3 knockout, plate4-1 well F03	"[""batch"", ""cell_type"", ""collection_date"", ""genotype"", ""geo_loc_name"", ""source_name""]"	"[[""source_name"", ""lung mouse alveolar type 2 cells and primary human fibroblasts""], [""cell_type"", ""lung mouse alveolar type 2 cells and primary human fibroblasts""], [""genotype"", ""Znrf3 CRISPR/Cas9 knockout""], [""batch"", ""plate4-1""]]"
GSE307351	GSM9216547	SAMN50935253	SRS26383968	lung alveolar organoid, Usp6nl knockout, plate4-1 well F04	"[""batch"", ""cell_type"", ""collection_date"", ""genotype"", ""geo_loc_name"", ""source_name""]"	"[[""source_name"", ""lung mouse alveolar type 2 cells and primary human fibroblasts""], [""cell_type"", ""lung mouse alveolar type 2 cells and primary human fibroblasts""], [""genotype"", ""Usp6nl CRISPR/Cas9 knockout""], [""batch"", ""plate4-1""]]"
GSE307351	GSM9216548	SAMN50935252	SRS26383970	lung alveolar organoid, Sh3rf1 knockout, plate4-1 well F05	"[""batch"", ""cell_type"", ""collection_date"", ""genotype"", ""geo_loc_name"", ""source_name""]"	"[[""source_name"", ""lung mouse alveolar type 2 cells and primary human fibroblasts""], [""cell_type"", ""lung mouse alveolar type 2 cells and primary human fibroblasts""], [""genotype"", ""Sh3rf1 CRISPR/Cas9 knockout""], [""batch"", ""plate4-1""]]"
GSE307351	GSM9216549	SAMN50935251	SRS26383972	lung alveolar organoid, Celsr3 knockout, plate4-1 well F06	"[""batch"", ""cell_type"", ""collection_date"", ""genotype"", ""geo_loc_name"", ""source_name""]"	"[[""source_name"", ""lung mouse alveolar type 2 cells and primary human fibroblasts""], [""cell_type"", ""lung mouse alveolar type 2 cells and primary human fibroblasts""], [""genotype"", ""Celsr3 CRISPR/Cas9 knockout""], [""batch"", ""plate4-1""]]"
GSE307351	GSM9216550	SAMN50935250	SRS26383969	lung alveolar organoid, Spry1 knockout, plate4-1 well F07	"[""batch"", ""cell_type"", ""collection_date"", ""genotype"", ""geo_loc_name"", ""source_name""]"	"[[""source_name"", ""lung mouse alveolar type 2 cells and primary human fibroblasts""], [""cell_type"", ""lung mouse alveolar type 2 cells and primary human fibroblasts""], [""genotype"", ""Spry1 CRISPR/Cas9 knockout""], [""batch"", ""plate4-1""]]"
GSE307351	GSM9216551	SAMN50935249	SRS26383971	lung alveolar organoid, Zfp385b knockout, plate4-1 well F08	"[""batch"", ""cell_type"", ""collection_date"", ""genotype"", ""geo_loc_name"", ""source_name""]"	"[[""source_name"", ""lung mouse alveolar type 2 cells and primary human fibroblasts""], [""cell_type"", ""lung mouse alveolar type 2 cells and primary human fibroblasts""], [""genotype"", ""Zfp385b CRISPR/Cas9 knockout""], [""batch"", ""plate4-1""]]"
GSE307351	GSM9216552	SAMN50935248	SRS26383973	lung alveolar organoid, Bdnf knockout, plate4-1 well F09	"[""batch"", ""cell_type"", ""collection_date"", ""genotype"", ""geo_loc_name"", ""source_name""]"	"[[""source_name"", ""lung mouse alveolar type 2 cells and primary human fibroblasts""], [""cell_type"", ""lung mouse alveolar type 2 cells and primary human fibroblasts""], [""genotype"", ""Bdnf CRISPR/Cas9 knockout""], [""batch"", ""plate4-1""]]"
GSE307351	GSM9216553	SAMN50935247	SRS26383974	lung alveolar organoid, Zfp365 knockout, plate4-1 well F10	"[""batch"", ""cell_type"", ""collection_date"", ""genotype"", ""geo_loc_name"", ""source_name""]"	"[[""source_name"", ""lung mouse alveolar type 2 cells and primary human fibroblasts""], [""cell_type"", ""lung mouse alveolar type 2 cells and primary human fibroblasts""], [""genotype"", ""Zfp365 CRISPR/Cas9 knockout""], [""batch"", ""plate4-1""]]"
GSE307351	GSM9216554	SAMN50935246	SRS26383975	lung alveolar organoid, Npr1 knockout, plate4-1 well F11	"[""batch"", ""cell_type"", ""collection_date"", ""genotype"", ""geo_loc_name"", ""source_name""]"	"[[""source_name"", ""lung mouse alveolar type 2 cells and primary human fibroblasts""], [""cell_type"", ""lung mouse alveolar type 2 cells and primary human fibroblasts""], [""genotype"", ""Npr1 CRISPR/Cas9 knockout""], [""batch"", ""plate4-1""]]"
GSE307351	GSM9216555	SAMN50935245	SRS26384398	lung alveolar organoid, Rnf43 knockout, plate4-1 well G02	"[""batch"", ""cell_type"", ""collection_date"", ""genotype"", ""geo_loc_name"", ""source_name""]"	"[[""source_name"", ""lung mouse alveolar type 2 cells and primary human fibroblasts""], [""cell_type"", ""lung mouse alveolar type 2 cells and primary human fibroblasts""], [""genotype"", ""Rnf43 CRISPR/Cas9 knockout""], [""batch"", ""plate4-1""]]"
GSE307351	GSM9216556	SAMN50935244	SRS26384400	lung alveolar organoid, Lgr4 knockout, plate4-1 well G03	"[""batch"", ""cell_type"", ""collection_date"", ""genotype"", ""geo_loc_name"", ""source_name""]"	"[[""source_name"", ""lung mouse alveolar type 2 cells and primary human fibroblasts""], [""cell_type"", ""lung mouse alveolar type 2 cells and primary human fibroblasts""], [""genotype"", ""Lgr4 CRISPR/Cas9 knockout""], [""batch"", ""plate4-1""]]"
GSE307351	GSM9216557	SAMN50935243	SRS26384399	lung alveolar organoid, Dvl1 knockout, plate4-1 well G04	"[""batch"", ""cell_type"", ""collection_date"", ""genotype"", ""geo_loc_name"", ""source_name""]"	"[[""source_name"", ""lung mouse alveolar type 2 cells and primary human fibroblasts""], [""cell_type"", ""lung mouse alveolar type 2 cells and primary human fibroblasts""], [""genotype"", ""Dvl1 CRISPR/Cas9 knockout""], [""batch"", ""plate4-1""]]"
GSE307351	GSM9216558	SAMN50935242	SRS26384401	lung alveolar organoid, Pdlim2 knockout, plate4-1 well G05	"[""batch"", ""cell_type"", ""collection_date"", ""genotype"", ""geo_loc_name"", ""source_name""]"	"[[""source_name"", ""lung mouse alveolar type 2 cells and primary human fibroblasts""], [""cell_type"", ""lung mouse alveolar type 2 cells and primary human fibroblasts""], [""genotype"", ""Pdlim2 CRISPR/Cas9 knockout""], [""batch"", ""plate4-1""]]"
GSE307351	GSM9216559	SAMN50935241	SRS26384403	lung alveolar organoid, Usp6nl knockout, plate4-1 well G06	"[""batch"", ""cell_type"", ""collection_date"", ""genotype"", ""geo_loc_name"", ""source_name""]"	"[[""source_name"", ""lung mouse alveolar type 2 cells and primary human fibroblasts""], [""cell_type"", ""lung mouse alveolar type 2 cells and primary human fibroblasts""], [""genotype"", ""Usp6nl CRISPR/Cas9 knockout""], [""batch"", ""plate4-1""]]"
GSE307351	GSM9216560	SAMN50935240	SRS26384406	lung alveolar organoid, Spry2 knockout, plate4-1 well G07	"[""batch"", ""cell_type"", ""collection_date"", ""genotype"", ""geo_loc_name"", ""source_name""]"	"[[""source_name"", ""lung mouse alveolar type 2 cells and primary human fibroblasts""], [""cell_type"", ""lung mouse alveolar type 2 cells and primary human fibroblasts""], [""genotype"", ""Spry2 CRISPR/Cas9 knockout""], [""batch"", ""plate4-1""]]"
GSE307351	GSM9216561	SAMN50935239	SRS26384402	lung alveolar organoid, Lrg1 knockout, plate4-1 well G08	"[""batch"", ""cell_type"", ""collection_date"", ""genotype"", ""geo_loc_name"", ""source_name""]"	"[[""source_name"", ""lung mouse alveolar type 2 cells and primary human fibroblasts""], [""cell_type"", ""lung mouse alveolar type 2 cells and primary human fibroblasts""], [""genotype"", ""Lrg1 CRISPR/Cas9 knockout""], [""batch"", ""plate4-1""]]"
GSE307351	GSM9216562	SAMN50935238	SRS26384408	lung alveolar organoid, Csf1r knockout, plate4-1 well G09	"[""batch"", ""cell_type"", ""collection_date"", ""genotype"", ""geo_loc_name"", ""source_name""]"	"[[""source_name"", ""lung mouse alveolar type 2 cells and primary human fibroblasts""], [""cell_type"", ""lung mouse alveolar type 2 cells and primary human fibroblasts""], [""genotype"", ""Csf1r CRISPR/Cas9 knockout""], [""batch"", ""plate4-1""]]"
GSE307351	GSM9216563	SAMN50935237	SRS26384084	lung alveolar organoid, Tdtomato knockout, plate4-1 well G10	"[""batch"", ""cell_type"", ""collection_date"", ""genotype"", ""geo_loc_name"", ""source_name""]"	"[[""source_name"", ""lung mouse alveolar type 2 cells and primary human fibroblasts""], [""cell_type"", ""lung mouse alveolar type 2 cells and primary human fibroblasts""], [""genotype"", ""Tdtomato CRISPR/Cas9 knockout""], [""batch"", ""plate4-1""]]"
GSE307351	GSM9216564	SAMN50935236	SRS26384085	lung alveolar organoid, Tigit knockout, plate4-1 well G11	"[""batch"", ""cell_type"", ""collection_date"", ""genotype"", ""geo_loc_name"", ""source_name""]"	"[[""source_name"", ""lung mouse alveolar type 2 cells and primary human fibroblasts""], [""cell_type"", ""lung mouse alveolar type 2 cells and primary human fibroblasts""], [""genotype"", ""Tigit CRISPR/Cas9 knockout""], [""batch"", ""plate4-1""]]"
GSE307351	GSM9216565	SAMN50935235	SRS26384086	lung alveolar organoid, Atf6 knockout, plate4-2 well B02	"[""batch"", ""cell_type"", ""collection_date"", ""genotype"", ""geo_loc_name"", ""source_name""]"	"[[""source_name"", ""lung mouse alveolar type 2 cells and primary human fibroblasts""], [""cell_type"", ""lung mouse alveolar type 2 cells and primary human fibroblasts""], [""genotype"", ""Atf6 CRISPR/Cas9 knockout""], [""batch"", ""plate4-2""]]"
GSE307351	GSM9216566	SAMN50935234	SRS26384087	lung alveolar organoid, Ctcf knockout, plate4-2 well B03	"[""batch"", ""cell_type"", ""collection_date"", ""genotype"", ""geo_loc_name"", ""source_name""]"	"[[""source_name"", ""lung mouse alveolar type 2 cells and primary human fibroblasts""], [""cell_type"", ""lung mouse alveolar type 2 cells and primary human fibroblasts""], [""genotype"", ""Ctcf CRISPR/Cas9 knockout""], [""batch"", ""plate4-2""]]"
GSE307351	GSM9216567	SAMN50935233	SRS26384089	lung alveolar organoid, Tigit knockout, plate4-2 well B04	"[""batch"", ""cell_type"", ""collection_date"", ""genotype"", ""geo_loc_name"", ""source_name""]"	"[[""source_name"", ""lung mouse alveolar type 2 cells and primary human fibroblasts""], [""cell_type"", ""lung mouse alveolar type 2 cells and primary human fibroblasts""], [""genotype"", ""Tigit CRISPR/Cas9 knockout""], [""batch"", ""plate4-2""]]"
GSE307351	GSM9216568	SAMN50935232	SRS26384088	lung alveolar organoid, Tdtomato knockout, plate4-2 well B05	"[""batch"", ""cell_type"", ""collection_date"", ""genotype"", ""geo_loc_name"", ""source_name""]"	"[[""source_name"", ""lung mouse alveolar type 2 cells and primary human fibroblasts""], [""cell_type"", ""lung mouse alveolar type 2 cells and primary human fibroblasts""], [""genotype"", ""Tdtomato CRISPR/Cas9 knockout""], [""batch"", ""plate4-2""]]"
GSE307351	GSM9216569	SAMN50935231	SRS26384090	lung alveolar organoid, Ryk knockout, plate4-2 well B06	"[""batch"", ""cell_type"", ""collection_date"", ""genotype"", ""geo_loc_name"", ""source_name""]"	"[[""source_name"", ""lung mouse alveolar type 2 cells and primary human fibroblasts""], [""cell_type"", ""lung mouse alveolar type 2 cells and primary human fibroblasts""], [""genotype"", ""Ryk CRISPR/Cas9 knockout""], [""batch"", ""plate4-2""]]"
GSE307351	GSM9216570	SAMN50935230	SRS26384091	lung alveolar organoid, Rnf43 knockout, plate4-2 well B07	"[""batch"", ""cell_type"", ""collection_date"", ""genotype"", ""geo_loc_name"", ""source_name""]"	"[[""source_name"", ""lung mouse alveolar type 2 cells and primary human fibroblasts""], [""cell_type"", ""lung mouse alveolar type 2 cells and primary human fibroblasts""], [""genotype"", ""Rnf43 CRISPR/Cas9 knockout""], [""batch"", ""plate4-2""]]"
GSE307351	GSM9216571	SAMN50935229	SRS26383977	lung alveolar organoid, Nkd1 knockout, plate4-2 well B08	"[""batch"", ""cell_type"", ""collection_date"", ""genotype"", ""geo_loc_name"", ""source_name""]"	"[[""source_name"", ""lung mouse alveolar type 2 cells and primary human fibroblasts""], [""cell_type"", ""lung mouse alveolar type 2 cells and primary human fibroblasts""], [""genotype"", ""Nkd1 CRISPR/Cas9 knockout""], [""batch"", ""plate4-2""]]"
GSE307351	GSM9216572	SAMN50935228	SRS26383979	lung alveolar organoid, Slc34a2 knockout, plate4-2 well B09	"[""batch"", ""cell_type"", ""collection_date"", ""genotype"", ""geo_loc_name"", ""source_name""]"	"[[""source_name"", ""lung mouse alveolar type 2 cells and primary human fibroblasts""], [""cell_type"", ""lung mouse alveolar type 2 cells and primary human fibroblasts""], [""genotype"", ""Slc34a2 CRISPR/Cas9 knockout""], [""batch"", ""plate4-2""]]"
GSE307351	GSM9216573	SAMN50935227	SRS26383978	lung alveolar organoid, Rbpjl knockout, plate4-2 well B10	"[""batch"", ""cell_type"", ""collection_date"", ""genotype"", ""geo_loc_name"", ""source_name""]"	"[[""source_name"", ""lung mouse alveolar type 2 cells and primary human fibroblasts""], [""cell_type"", ""lung mouse alveolar type 2 cells and primary human fibroblasts""], [""genotype"", ""Rbpjl CRISPR/Cas9 knockout""], [""batch"", ""plate4-2""]]"
GSE307351	GSM9216574	SAMN50935226	SRS26383976	lung alveolar organoid, Slc6a14 knockout, plate4-2 well B11	"[""batch"", ""cell_type"", ""collection_date"", ""genotype"", ""geo_loc_name"", ""source_name""]"	"[[""source_name"", ""lung mouse alveolar type 2 cells and primary human fibroblasts""], [""cell_type"", ""lung mouse alveolar type 2 cells and primary human fibroblasts""], [""genotype"", ""Slc6a14 CRISPR/Cas9 knockout""], [""batch"", ""plate4-2""]]"
GSE307351	GSM9216575	SAMN50935225	SRS26383980	lung alveolar organoid, Lamp2 knockout, plate4-2 well C02	"[""batch"", ""cell_type"", ""collection_date"", ""genotype"", ""geo_loc_name"", ""source_name""]"	"[[""source_name"", ""lung mouse alveolar type 2 cells and primary human fibroblasts""], [""cell_type"", ""lung mouse alveolar type 2 cells and primary human fibroblasts""], [""genotype"", ""Lamp2 CRISPR/Cas9 knockout""], [""batch"", ""plate4-2""]]"
GSE307351	GSM9216576	SAMN50935224	SRS26383981	lung alveolar organoid, Lgr5 knockout, plate4-2 well C03	"[""batch"", ""cell_type"", ""collection_date"", ""genotype"", ""geo_loc_name"", ""source_name""]"	"[[""source_name"", ""lung mouse alveolar type 2 cells and primary human fibroblasts""], [""cell_type"", ""lung mouse alveolar type 2 cells and primary human fibroblasts""], [""genotype"", ""Lgr5 CRISPR/Cas9 knockout""], [""batch"", ""plate4-2""]]"
GSE307351	GSM9216577	SAMN50935223	SRS26383983	lung alveolar organoid, Ctnnb1 knockout, plate4-2 well C04	"[""batch"", ""cell_type"", ""collection_date"", ""genotype"", ""geo_loc_name"", ""source_name""]"	"[[""source_name"", ""lung mouse alveolar type 2 cells and primary human fibroblasts""], [""cell_type"", ""lung mouse alveolar type 2 cells and primary human fibroblasts""], [""genotype"", ""Ctnnb1 CRISPR/Cas9 knockout""], [""batch"", ""plate4-2""]]"
GSE307351	GSM9216578	SAMN50935222	SRS26383982	lung alveolar organoid, Dvl3 knockout, plate4-2 well C05	"[""batch"", ""cell_type"", ""collection_date"", ""genotype"", ""geo_loc_name"", ""source_name""]"	"[[""source_name"", ""lung mouse alveolar type 2 cells and primary human fibroblasts""], [""cell_type"", ""lung mouse alveolar type 2 cells and primary human fibroblasts""], [""genotype"", ""Dvl3 CRISPR/Cas9 knockout""], [""batch"", ""plate4-2""]]"
GSE307351	GSM9216579	SAMN50935221	SRS26383891	lung alveolar organoid, Dvl2 knockout, plate4-2 well C06	"[""batch"", ""cell_type"", ""collection_date"", ""genotype"", ""geo_loc_name"", ""source_name""]"	"[[""source_name"", ""lung mouse alveolar type 2 cells and primary human fibroblasts""], [""cell_type"", ""lung mouse alveolar type 2 cells and primary human fibroblasts""], [""genotype"", ""Dvl2 CRISPR/Cas9 knockout""], [""batch"", ""plate4-2""]]"
GSE307351	GSM9216580	SAMN50935220	SRS26383892	lung alveolar organoid, Spry4 knockout, plate4-2 well C07	"[""batch"", ""cell_type"", ""collection_date"", ""genotype"", ""geo_loc_name"", ""source_name""]"	"[[""source_name"", ""lung mouse alveolar type 2 cells and primary human fibroblasts""], [""cell_type"", ""lung mouse alveolar type 2 cells and primary human fibroblasts""], [""genotype"", ""Spry4 CRISPR/Cas9 knockout""], [""batch"", ""plate4-2""]]"
GSE307351	GSM9216581	SAMN50935219	SRS26383893	lung alveolar organoid, Nkd2 knockout, plate4-2 well C08	"[""batch"", ""cell_type"", ""collection_date"", ""genotype"", ""geo_loc_name"", ""source_name""]"	"[[""source_name"", ""lung mouse alveolar type 2 cells and primary human fibroblasts""], [""cell_type"", ""lung mouse alveolar type 2 cells and primary human fibroblasts""], [""genotype"", ""Nkd2 CRISPR/Cas9 knockout""], [""batch"", ""plate4-2""]]"
GSE307351	GSM9216582	SAMN50935218	SRS26383894	lung alveolar organoid, Tigit knockout, plate4-2 well C09	"[""batch"", ""cell_type"", ""collection_date"", ""genotype"", ""geo_loc_name"", ""source_name""]"	"[[""source_name"", ""lung mouse alveolar type 2 cells and primary human fibroblasts""], [""cell_type"", ""lung mouse alveolar type 2 cells and primary human fibroblasts""], [""genotype"", ""Tigit CRISPR/Cas9 knockout""], [""batch"", ""plate4-2""]]"
GSE307351	GSM9216583	SAMN50935217	SRS26383895	lung alveolar organoid, Hopx knockout, plate4-2 well C10	"[""batch"", ""cell_type"", ""collection_date"", ""genotype"", ""geo_loc_name"", ""source_name""]"	"[[""source_name"", ""lung mouse alveolar type 2 cells and primary human fibroblasts""], [""cell_type"", ""lung mouse alveolar type 2 cells and primary human fibroblasts""], [""genotype"", ""Hopx CRISPR/Cas9 knockout""], [""batch"", ""plate4-2""]]"
GSE307351	GSM9216584	SAMN50935216	SRS26383897	lung alveolar organoid, Cd36 knockout, plate4-2 well C11	"[""batch"", ""cell_type"", ""collection_date"", ""genotype"", ""geo_loc_name"", ""source_name""]"	"[[""source_name"", ""lung mouse alveolar type 2 cells and primary human fibroblasts""], [""cell_type"", ""lung mouse alveolar type 2 cells and primary human fibroblasts""], [""genotype"", ""Cd36 CRISPR/Cas9 knockout""], [""batch"", ""plate4-2""]]"
GSE307351	GSM9216585	SAMN50935215	SRS26383896	lung alveolar organoid, Creld1 knockout, plate4-2 well D02	"[""batch"", ""cell_type"", ""collection_date"", ""genotype"", ""geo_loc_name"", ""source_name""]"	"[[""source_name"", ""lung mouse alveolar type 2 cells and primary human fibroblasts""], [""cell_type"", ""lung mouse alveolar type 2 cells and primary human fibroblasts""], [""genotype"", ""Creld1 CRISPR/Cas9 knockout""], [""batch"", ""plate4-2""]]"
GSE307351	GSM9216586	SAMN50935214	SRS26383898	lung alveolar organoid, Lgr6 knockout, plate4-2 well D03	"[""batch"", ""cell_type"", ""collection_date"", ""genotype"", ""geo_loc_name"", ""source_name""]"	"[[""source_name"", ""lung mouse alveolar type 2 cells and primary human fibroblasts""], [""cell_type"", ""lung mouse alveolar type 2 cells and primary human fibroblasts""], [""genotype"", ""Lgr6 CRISPR/Cas9 knockout""], [""batch"", ""plate4-2""]]"
GSE307351	GSM9216587	SAMN50935213	SRS26384092	lung alveolar organoid, Porcn knockout, plate4-2 well D04	"[""batch"", ""cell_type"", ""collection_date"", ""genotype"", ""geo_loc_name"", ""source_name""]"	"[[""source_name"", ""lung mouse alveolar type 2 cells and primary human fibroblasts""], [""cell_type"", ""lung mouse alveolar type 2 cells and primary human fibroblasts""], [""genotype"", ""Porcn CRISPR/Cas9 knockout""], [""batch"", ""plate4-2""]]"
GSE307351	GSM9216588	SAMN50935212	SRS26384093	lung alveolar organoid, Wif1 knockout, plate4-2 well D05	"[""batch"", ""cell_type"", ""collection_date"", ""genotype"", ""geo_loc_name"", ""source_name""]"	"[[""source_name"", ""lung mouse alveolar type 2 cells and primary human fibroblasts""], [""cell_type"", ""lung mouse alveolar type 2 cells and primary human fibroblasts""], [""genotype"", ""Wif1 CRISPR/Cas9 knockout""], [""batch"", ""plate4-2""]]"
GSE307351	GSM9216589	SAMN50935211	SRS26384094	lung alveolar organoid, Gsk3b knockout, plate4-2 well D06	"[""batch"", ""cell_type"", ""collection_date"", ""genotype"", ""geo_loc_name"", ""source_name""]"	"[[""source_name"", ""lung mouse alveolar type 2 cells and primary human fibroblasts""], [""cell_type"", ""lung mouse alveolar type 2 cells and primary human fibroblasts""], [""genotype"", ""Gsk3b CRISPR/Cas9 knockout""], [""batch"", ""plate4-2""]]"
GSE307351	GSM9216590	SAMN50935210	SRS26384095	lung alveolar organoid, Tigit knockout, plate4-2 well D07	"[""batch"", ""cell_type"", ""collection_date"", ""genotype"", ""geo_loc_name"", ""source_name""]"	"[[""source_name"", ""lung mouse alveolar type 2 cells and primary human fibroblasts""], [""cell_type"", ""lung mouse alveolar type 2 cells and primary human fibroblasts""], [""genotype"", ""Tigit CRISPR/Cas9 knockout""], [""batch"", ""plate4-2""]]"
GSE307351	GSM9216591	SAMN50935209	SRS26384096	lung alveolar organoid, Fbxw11 knockout, plate4-2 well D08	"[""batch"", ""cell_type"", ""collection_date"", ""genotype"", ""geo_loc_name"", ""source_name""]"	"[[""source_name"", ""lung mouse alveolar type 2 cells and primary human fibroblasts""], [""cell_type"", ""lung mouse alveolar type 2 cells and primary human fibroblasts""], [""genotype"", ""Fbxw11 CRISPR/Cas9 knockout""], [""batch"", ""plate4-2""]]"
GSE307351	GSM9216592	SAMN50935208	SRS26384098	lung alveolar organoid, Pde7b knockout, plate4-2 well D09	"[""batch"", ""cell_type"", ""collection_date"", ""genotype"", ""geo_loc_name"", ""source_name""]"	"[[""source_name"", ""lung mouse alveolar type 2 cells and primary human fibroblasts""], [""cell_type"", ""lung mouse alveolar type 2 cells and primary human fibroblasts""], [""genotype"", ""Pde7b CRISPR/Cas9 knockout""], [""batch"", ""plate4-2""]]"
GSE307351	GSM9216593	SAMN50935207	SRS26384097	lung alveolar organoid, Hbegf knockout, plate4-2 well D10	"[""batch"", ""cell_type"", ""collection_date"", ""genotype"", ""geo_loc_name"", ""source_name""]"	"[[""source_name"", ""lung mouse alveolar type 2 cells and primary human fibroblasts""], [""cell_type"", ""lung mouse alveolar type 2 cells and primary human fibroblasts""], [""genotype"", ""Hbegf CRISPR/Cas9 knockout""], [""batch"", ""plate4-2""]]"
GSE307351	GSM9216594	SAMN50935206	SRS26384099	lung alveolar organoid, Kcnj15 knockout, plate4-2 well D11	"[""batch"", ""cell_type"", ""collection_date"", ""genotype"", ""geo_loc_name"", ""source_name""]"	"[[""source_name"", ""lung mouse alveolar type 2 cells and primary human fibroblasts""], [""cell_type"", ""lung mouse alveolar type 2 cells and primary human fibroblasts""], [""genotype"", ""Kcnj15 CRISPR/Cas9 knockout""], [""batch"", ""plate4-2""]]"
GSE307351	GSM9216595	SAMN50935205	SRS26383984	lung alveolar organoid, Crispld2 knockout, plate4-2 well E02	"[""batch"", ""cell_type"", ""collection_date"", ""genotype"", ""geo_loc_name"", ""source_name""]"	"[[""source_name"", ""lung mouse alveolar type 2 cells and primary human fibroblasts""], [""cell_type"", ""lung mouse alveolar type 2 cells and primary human fibroblasts""], [""genotype"", ""Crispld2 CRISPR/Cas9 knockout""], [""batch"", ""plate4-2""]]"
GSE307351	GSM9216596	SAMN50935204	SRS26383987	lung alveolar organoid, Tigit knockout, plate4-2 well E03	"[""batch"", ""cell_type"", ""collection_date"", ""genotype"", ""geo_loc_name"", ""source_name""]"	"[[""source_name"", ""lung mouse alveolar type 2 cells and primary human fibroblasts""], [""cell_type"", ""lung mouse alveolar type 2 cells and primary human fibroblasts""], [""genotype"", ""Tigit CRISPR/Cas9 knockout""], [""batch"", ""plate4-2""]]"
GSE307351	GSM9216597	SAMN50935203	SRS26383986	lung alveolar organoid, Siah1a knockout, plate4-2 well E04	"[""batch"", ""cell_type"", ""collection_date"", ""genotype"", ""geo_loc_name"", ""source_name""]"	"[[""source_name"", ""lung mouse alveolar type 2 cells and primary human fibroblasts""], [""cell_type"", ""lung mouse alveolar type 2 cells and primary human fibroblasts""], [""genotype"", ""Siah1a CRISPR/Cas9 knockout""], [""batch"", ""plate4-2""]]"
GSE307351	GSM9216598	SAMN50935202	SRS26383985	lung alveolar organoid, Jup knockout, plate4-2 well E05	"[""batch"", ""cell_type"", ""collection_date"", ""genotype"", ""geo_loc_name"", ""source_name""]"	"[[""source_name"", ""lung mouse alveolar type 2 cells and primary human fibroblasts""], [""cell_type"", ""lung mouse alveolar type 2 cells and primary human fibroblasts""], [""genotype"", ""Jup CRISPR/Cas9 knockout""], [""batch"", ""plate4-2""]]"
GSE307351	GSM9216599	SAMN50935201	SRS26383991	lung alveolar organoid, Celsr2 knockout, plate4-2 well E06	"[""batch"", ""cell_type"", ""collection_date"", ""genotype"", ""geo_loc_name"", ""source_name""]"	"[[""source_name"", ""lung mouse alveolar type 2 cells and primary human fibroblasts""], [""cell_type"", ""lung mouse alveolar type 2 cells and primary human fibroblasts""], [""genotype"", ""Celsr2 CRISPR/Cas9 knockout""], [""batch"", ""plate4-2""]]"
GSE307351	GSM9216600	SAMN50935200	SRS26383989	lung alveolar organoid, Apc knockout, plate4-2 well E07	"[""batch"", ""cell_type"", ""collection_date"", ""genotype"", ""geo_loc_name"", ""source_name""]"	"[[""source_name"", ""lung mouse alveolar type 2 cells and primary human fibroblasts""], [""cell_type"", ""lung mouse alveolar type 2 cells and primary human fibroblasts""], [""genotype"", ""Apc CRISPR/Cas9 knockout""], [""batch"", ""plate4-2""]]"
GSE307351	GSM9216601	SAMN50935199	SRS26383990	lung alveolar organoid, Mlc1 knockout, plate4-2 well E08	"[""batch"", ""cell_type"", ""collection_date"", ""genotype"", ""geo_loc_name"", ""source_name""]"	"[[""source_name"", ""lung mouse alveolar type 2 cells and primary human fibroblasts""], [""cell_type"", ""lung mouse alveolar type 2 cells and primary human fibroblasts""], [""genotype"", ""Mlc1 CRISPR/Cas9 knockout""], [""batch"", ""plate4-2""]]"
GSE307351	GSM9216602	SAMN50935198	SRS26383988	lung alveolar organoid, Cdkn2b knockout, plate4-2 well E09	"[""batch"", ""cell_type"", ""collection_date"", ""genotype"", ""geo_loc_name"", ""source_name""]"	"[[""source_name"", ""lung mouse alveolar type 2 cells and primary human fibroblasts""], [""cell_type"", ""lung mouse alveolar type 2 cells and primary human fibroblasts""], [""genotype"", ""Cdkn2b CRISPR/Cas9 knockout""], [""batch"", ""plate4-2""]]"
GSE307351	GSM9216603	SAMN50935197	SRS26383899	lung alveolar organoid, Sema3e knockout, plate4-2 well E10	"[""batch"", ""cell_type"", ""collection_date"", ""genotype"", ""geo_loc_name"", ""source_name""]"	"[[""source_name"", ""lung mouse alveolar type 2 cells and primary human fibroblasts""], [""cell_type"", ""lung mouse alveolar type 2 cells and primary human fibroblasts""], [""genotype"", ""Sema3e CRISPR/Cas9 knockout""], [""batch"", ""plate4-2""]]"
GSE307351	GSM9216604	SAMN50935196	SRS26383900	lung alveolar organoid, Slc34a2 knockout, plate4-2 well E11	"[""batch"", ""cell_type"", ""collection_date"", ""genotype"", ""geo_loc_name"", ""source_name""]"	"[[""source_name"", ""lung mouse alveolar type 2 cells and primary human fibroblasts""], [""cell_type"", ""lung mouse alveolar type 2 cells and primary human fibroblasts""], [""genotype"", ""Slc34a2 CRISPR/Cas9 knockout""], [""batch"", ""plate4-2""]]"
GSE307351	GSM9216605	SAMN50935195	SRS26383901	lung alveolar organoid, Tigit knockout, plate4-2 well F02	"[""batch"", ""cell_type"", ""collection_date"", ""genotype"", ""geo_loc_name"", ""source_name""]"	"[[""source_name"", ""lung mouse alveolar type 2 cells and primary human fibroblasts""], [""cell_type"", ""lung mouse alveolar type 2 cells and primary human fibroblasts""], [""genotype"", ""Tigit CRISPR/Cas9 knockout""], [""batch"", ""plate4-2""]]"
GSE307351	GSM9216606	SAMN50935194	SRS26383902	lung alveolar organoid, Znrf3 knockout, plate4-2 well F03	"[""batch"", ""cell_type"", ""collection_date"", ""genotype"", ""geo_loc_name"", ""source_name""]"	"[[""source_name"", ""lung mouse alveolar type 2 cells and primary human fibroblasts""], [""cell_type"", ""lung mouse alveolar type 2 cells and primary human fibroblasts""], [""genotype"", ""Znrf3 CRISPR/Cas9 knockout""], [""batch"", ""plate4-2""]]"
GSE307351	GSM9216607	SAMN50935193	SRS26383904	lung alveolar organoid, Usp6nl knockout, plate4-2 well F04	"[""batch"", ""cell_type"", ""collection_date"", ""genotype"", ""geo_loc_name"", ""source_name""]"	"[[""source_name"", ""lung mouse alveolar type 2 cells and primary human fibroblasts""], [""cell_type"", ""lung mouse alveolar type 2 cells and primary human fibroblasts""], [""genotype"", ""Usp6nl CRISPR/Cas9 knockout""], [""batch"", ""plate4-2""]]"
GSE307351	GSM9216608	SAMN50935192	SRS26383903	lung alveolar organoid, Sh3rf1 knockout, plate4-2 well F05	"[""batch"", ""cell_type"", ""collection_date"", ""genotype"", ""geo_loc_name"", ""source_name""]"	"[[""source_name"", ""lung mouse alveolar type 2 cells and primary human fibroblasts""], [""cell_type"", ""lung mouse alveolar type 2 cells and primary human fibroblasts""], [""genotype"", ""Sh3rf1 CRISPR/Cas9 knockout""], [""batch"", ""plate4-2""]]"
GSE307351	GSM9216609	SAMN50935191	SRS26383908	lung alveolar organoid, Celsr3 knockout, plate4-2 well F06	"[""batch"", ""cell_type"", ""collection_date"", ""genotype"", ""geo_loc_name"", ""source_name""]"	"[[""source_name"", ""lung mouse alveolar type 2 cells and primary human fibroblasts""], [""cell_type"", ""lung mouse alveolar type 2 cells and primary human fibroblasts""], [""genotype"", ""Celsr3 CRISPR/Cas9 knockout""], [""batch"", ""plate4-2""]]"
GSE307351	GSM9216610	SAMN50935190	SRS26383905	lung alveolar organoid, Spry1 knockout, plate4-2 well F07	"[""batch"", ""cell_type"", ""collection_date"", ""genotype"", ""geo_loc_name"", ""source_name""]"	"[[""source_name"", ""lung mouse alveolar type 2 cells and primary human fibroblasts""], [""cell_type"", ""lung mouse alveolar type 2 cells and primary human fibroblasts""], [""genotype"", ""Spry1 CRISPR/Cas9 knockout""], [""batch"", ""plate4-2""]]"
GSE307351	GSM9216611	SAMN50935189	SRS26383907	lung alveolar organoid, Zfp385b knockout, plate4-2 well F08	"[""batch"", ""cell_type"", ""collection_date"", ""genotype"", ""geo_loc_name"", ""source_name""]"	"[[""source_name"", ""lung mouse alveolar type 2 cells and primary human fibroblasts""], [""cell_type"", ""lung mouse alveolar type 2 cells and primary human fibroblasts""], [""genotype"", ""Zfp385b CRISPR/Cas9 knockout""], [""batch"", ""plate4-2""]]"
GSE307351	GSM9216612	SAMN50935188	SRS26383906	lung alveolar organoid, Bdnf knockout, plate4-2 well F09	"[""batch"", ""cell_type"", ""collection_date"", ""genotype"", ""geo_loc_name"", ""source_name""]"	"[[""source_name"", ""lung mouse alveolar type 2 cells and primary human fibroblasts""], [""cell_type"", ""lung mouse alveolar type 2 cells and primary human fibroblasts""], [""genotype"", ""Bdnf CRISPR/Cas9 knockout""], [""batch"", ""plate4-2""]]"
GSE307351	GSM9216613	SAMN50935187	SRS26383909	lung alveolar organoid, Zfp365 knockout, plate4-2 well F10	"[""batch"", ""cell_type"", ""collection_date"", ""genotype"", ""geo_loc_name"", ""source_name""]"	"[[""source_name"", ""lung mouse alveolar type 2 cells and primary human fibroblasts""], [""cell_type"", ""lung mouse alveolar type 2 cells and primary human fibroblasts""], [""genotype"", ""Zfp365 CRISPR/Cas9 knockout""], [""batch"", ""plate4-2""]]"
GSE307351	GSM9216614	SAMN50935186	SRS26383912	lung alveolar organoid, Npr1 knockout, plate4-2 well F11	"[""batch"", ""cell_type"", ""collection_date"", ""genotype"", ""geo_loc_name"", ""source_name""]"	"[[""source_name"", ""lung mouse alveolar type 2 cells and primary human fibroblasts""], [""cell_type"", ""lung mouse alveolar type 2 cells and primary human fibroblasts""], [""genotype"", ""Npr1 CRISPR/Cas9 knockout""], [""batch"", ""plate4-2""]]"
GSE307351	GSM9216615	SAMN50935185	SRS26383910	lung alveolar organoid, Rnf43 knockout, plate4-2 well G02	"[""batch"", ""cell_type"", ""collection_date"", ""genotype"", ""geo_loc_name"", ""source_name""]"	"[[""source_name"", ""lung mouse alveolar type 2 cells and primary human fibroblasts""], [""cell_type"", ""lung mouse alveolar type 2 cells and primary human fibroblasts""], [""genotype"", ""Rnf43 CRISPR/Cas9 knockout""], [""batch"", ""plate4-2""]]"
GSE307351	GSM9216616	SAMN50935184	SRS26383911	lung alveolar organoid, Lgr4 knockout, plate4-2 well G03	"[""batch"", ""cell_type"", ""collection_date"", ""genotype"", ""geo_loc_name"", ""source_name""]"	"[[""source_name"", ""lung mouse alveolar type 2 cells and primary human fibroblasts""], [""cell_type"", ""lung mouse alveolar type 2 cells and primary human fibroblasts""], [""genotype"", ""Lgr4 CRISPR/Cas9 knockout""], [""batch"", ""plate4-2""]]"
GSE307351	GSM9216617	SAMN50935183	SRS26383913	lung alveolar organoid, Dvl1 knockout, plate4-2 well G04	"[""batch"", ""cell_type"", ""collection_date"", ""genotype"", ""geo_loc_name"", ""source_name""]"	"[[""source_name"", ""lung mouse alveolar type 2 cells and primary human fibroblasts""], [""cell_type"", ""lung mouse alveolar type 2 cells and primary human fibroblasts""], [""genotype"", ""Dvl1 CRISPR/Cas9 knockout""], [""batch"", ""plate4-2""]]"
GSE307351	GSM9216618	SAMN50935182	SRS26383914	lung alveolar organoid, Pdlim2 knockout, plate4-2 well G05	"[""batch"", ""cell_type"", ""collection_date"", ""genotype"", ""geo_loc_name"", ""source_name""]"	"[[""source_name"", ""lung mouse alveolar type 2 cells and primary human fibroblasts""], [""cell_type"", ""lung mouse alveolar type 2 cells and primary human fibroblasts""], [""genotype"", ""Pdlim2 CRISPR/Cas9 knockout""], [""batch"", ""plate4-2""]]"
GSE307351	GSM9216619	SAMN50935181	SRS26384407	lung alveolar organoid, Usp6nl knockout, plate4-2 well G06	"[""batch"", ""cell_type"", ""collection_date"", ""genotype"", ""geo_loc_name"", ""source_name""]"	"[[""source_name"", ""lung mouse alveolar type 2 cells and primary human fibroblasts""], [""cell_type"", ""lung mouse alveolar type 2 cells and primary human fibroblasts""], [""genotype"", ""Usp6nl CRISPR/Cas9 knockout""], [""batch"", ""plate4-2""]]"
GSE307351	GSM9216620	SAMN50935180	SRS26384404	lung alveolar organoid, Spry2 knockout, plate4-2 well G07	"[""batch"", ""cell_type"", ""collection_date"", ""genotype"", ""geo_loc_name"", ""source_name""]"	"[[""source_name"", ""lung mouse alveolar type 2 cells and primary human fibroblasts""], [""cell_type"", ""lung mouse alveolar type 2 cells and primary human fibroblasts""], [""genotype"", ""Spry2 CRISPR/Cas9 knockout""], [""batch"", ""plate4-2""]]"
GSE307351	GSM9216621	SAMN50935179	SRS26384405	lung alveolar organoid, Lrg1 knockout, plate4-2 well G08	"[""batch"", ""cell_type"", ""collection_date"", ""genotype"", ""geo_loc_name"", ""source_name""]"	"[[""source_name"", ""lung mouse alveolar type 2 cells and primary human fibroblasts""], [""cell_type"", ""lung mouse alveolar type 2 cells and primary human fibroblasts""], [""genotype"", ""Lrg1 CRISPR/Cas9 knockout""], [""batch"", ""plate4-2""]]"
GSE307351	GSM9216622	SAMN50935178	SRS26384409	lung alveolar organoid, Csf1r knockout, plate4-2 well G09	"[""batch"", ""cell_type"", ""collection_date"", ""genotype"", ""geo_loc_name"", ""source_name""]"	"[[""source_name"", ""lung mouse alveolar type 2 cells and primary human fibroblasts""], [""cell_type"", ""lung mouse alveolar type 2 cells and primary human fibroblasts""], [""genotype"", ""Csf1r CRISPR/Cas9 knockout""], [""batch"", ""plate4-2""]]"
GSE307351	GSM9216623	SAMN50935177	SRS26384412	lung alveolar organoid, Tdtomato knockout, plate4-2 well G10	"[""batch"", ""cell_type"", ""collection_date"", ""genotype"", ""geo_loc_name"", ""source_name""]"	"[[""source_name"", ""lung mouse alveolar type 2 cells and primary human fibroblasts""], [""cell_type"", ""lung mouse alveolar type 2 cells and primary human fibroblasts""], [""genotype"", ""Tdtomato CRISPR/Cas9 knockout""], [""batch"", ""plate4-2""]]"
GSE307351	GSM9216624	SAMN50935176	SRS26384410	lung alveolar organoid, Tigit knockout, plate4-2 well G11	"[""batch"", ""cell_type"", ""collection_date"", ""genotype"", ""geo_loc_name"", ""source_name""]"	"[[""source_name"", ""lung mouse alveolar type 2 cells and primary human fibroblasts""], [""cell_type"", ""lung mouse alveolar type 2 cells and primary human fibroblasts""], [""genotype"", ""Tigit CRISPR/Cas9 knockout""], [""batch"", ""plate4-2""]]"
GSE307351	GSM9216625	SAMN50935175	SRS26384411	lung alveolar organoid, Atf6 knockout, plate4-3 well B02	"[""batch"", ""cell_type"", ""collection_date"", ""genotype"", ""geo_loc_name"", ""source_name""]"	"[[""source_name"", ""lung mouse alveolar type 2 cells and primary human fibroblasts""], [""cell_type"", ""lung mouse alveolar type 2 cells and primary human fibroblasts""], [""genotype"", ""Atf6 CRISPR/Cas9 knockout""], [""batch"", ""plate4-3""]]"
GSE307351	GSM9216626	SAMN50935174	SRS26384416	lung alveolar organoid, Ctcf knockout, plate4-3 well B03	"[""batch"", ""cell_type"", ""collection_date"", ""genotype"", ""geo_loc_name"", ""source_name""]"	"[[""source_name"", ""lung mouse alveolar type 2 cells and primary human fibroblasts""], [""cell_type"", ""lung mouse alveolar type 2 cells and primary human fibroblasts""], [""genotype"", ""Ctcf CRISPR/Cas9 knockout""], [""batch"", ""plate4-3""]]"
GSE307351	GSM9216627	SAMN50935173	SRS26383915	lung alveolar organoid, Tigit knockout, plate4-3 well B04	"[""batch"", ""cell_type"", ""collection_date"", ""genotype"", ""geo_loc_name"", ""source_name""]"	"[[""source_name"", ""lung mouse alveolar type 2 cells and primary human fibroblasts""], [""cell_type"", ""lung mouse alveolar type 2 cells and primary human fibroblasts""], [""genotype"", ""Tigit CRISPR/Cas9 knockout""], [""batch"", ""plate4-3""]]"
GSE307351	GSM9216628	SAMN50935172	SRS26383916	lung alveolar organoid, Tdtomato knockout, plate4-3 well B05	"[""batch"", ""cell_type"", ""collection_date"", ""genotype"", ""geo_loc_name"", ""source_name""]"	"[[""source_name"", ""lung mouse alveolar type 2 cells and primary human fibroblasts""], [""cell_type"", ""lung mouse alveolar type 2 cells and primary human fibroblasts""], [""genotype"", ""Tdtomato CRISPR/Cas9 knockout""], [""batch"", ""plate4-3""]]"
GSE307351	GSM9216629	SAMN50935171	SRS26383917	lung alveolar organoid, Ryk knockout, plate4-3 well B06	"[""batch"", ""cell_type"", ""collection_date"", ""genotype"", ""geo_loc_name"", ""source_name""]"	"[[""source_name"", ""lung mouse alveolar type 2 cells and primary human fibroblasts""], [""cell_type"", ""lung mouse alveolar type 2 cells and primary human fibroblasts""], [""genotype"", ""Ryk CRISPR/Cas9 knockout""], [""batch"", ""plate4-3""]]"
GSE307351	GSM9216630	SAMN50935170	SRS26383919	lung alveolar organoid, Rnf43 knockout, plate4-3 well B07	"[""batch"", ""cell_type"", ""collection_date"", ""genotype"", ""geo_loc_name"", ""source_name""]"	"[[""source_name"", ""lung mouse alveolar type 2 cells and primary human fibroblasts""], [""cell_type"", ""lung mouse alveolar type 2 cells and primary human fibroblasts""], [""genotype"", ""Rnf43 CRISPR/Cas9 knockout""], [""batch"", ""plate4-3""]]"
GSE307351	GSM9216631	SAMN50935169	SRS26383920	lung alveolar organoid, Nkd1 knockout, plate4-3 well B08	"[""batch"", ""cell_type"", ""collection_date"", ""genotype"", ""geo_loc_name"", ""source_name""]"	"[[""source_name"", ""lung mouse alveolar type 2 cells and primary human fibroblasts""], [""cell_type"", ""lung mouse alveolar type 2 cells and primary human fibroblasts""], [""genotype"", ""Nkd1 CRISPR/Cas9 knockout""], [""batch"", ""plate4-3""]]"
GSE307351	GSM9216632	SAMN50935168	SRS26383921	lung alveolar organoid, Slc34a2 knockout, plate4-3 well B09	"[""batch"", ""cell_type"", ""collection_date"", ""genotype"", ""geo_loc_name"", ""source_name""]"	"[[""source_name"", ""lung mouse alveolar type 2 cells and primary human fibroblasts""], [""cell_type"", ""lung mouse alveolar type 2 cells and primary human fibroblasts""], [""genotype"", ""Slc34a2 CRISPR/Cas9 knockout""], [""batch"", ""plate4-3""]]"
GSE307351	GSM9216633	SAMN50935167	SRS26383918	lung alveolar organoid, Rbpjl knockout, plate4-3 well B10	"[""batch"", ""cell_type"", ""collection_date"", ""genotype"", ""geo_loc_name"", ""source_name""]"	"[[""source_name"", ""lung mouse alveolar type 2 cells and primary human fibroblasts""], [""cell_type"", ""lung mouse alveolar type 2 cells and primary human fibroblasts""], [""genotype"", ""Rbpjl CRISPR/Cas9 knockout""], [""batch"", ""plate4-3""]]"
GSE307351	GSM9216634	SAMN50935166	SRS26383922	lung alveolar organoid, Slc6a14 knockout, plate4-3 well B11	"[""batch"", ""cell_type"", ""collection_date"", ""genotype"", ""geo_loc_name"", ""source_name""]"	"[[""source_name"", ""lung mouse alveolar type 2 cells and primary human fibroblasts""], [""cell_type"", ""lung mouse alveolar type 2 cells and primary human fibroblasts""], [""genotype"", ""Slc6a14 CRISPR/Cas9 knockout""], [""batch"", ""plate4-3""]]"
GSE307351	GSM9216635	SAMN50935165	SRS26384413	lung alveolar organoid, Lamp2 knockout, plate4-3 well C02	"[""batch"", ""cell_type"", ""collection_date"", ""genotype"", ""geo_loc_name"", ""source_name""]"	"[[""source_name"", ""lung mouse alveolar type 2 cells and primary human fibroblasts""], [""cell_type"", ""lung mouse alveolar type 2 cells and primary human fibroblasts""], [""genotype"", ""Lamp2 CRISPR/Cas9 knockout""], [""batch"", ""plate4-3""]]"
GSE307351	GSM9216636	SAMN50935164	SRS26384414	lung alveolar organoid, Lgr5 knockout, plate4-3 well C03	"[""batch"", ""cell_type"", ""collection_date"", ""genotype"", ""geo_loc_name"", ""source_name""]"	"[[""source_name"", ""lung mouse alveolar type 2 cells and primary human fibroblasts""], [""cell_type"", ""lung mouse alveolar type 2 cells and primary human fibroblasts""], [""genotype"", ""Lgr5 CRISPR/Cas9 knockout""], [""batch"", ""plate4-3""]]"
GSE307351	GSM9216637	SAMN50935163	SRS26384415	lung alveolar organoid, Ctnnb1 knockout, plate4-3 well C04	"[""batch"", ""cell_type"", ""collection_date"", ""genotype"", ""geo_loc_name"", ""source_name""]"	"[[""source_name"", ""lung mouse alveolar type 2 cells and primary human fibroblasts""], [""cell_type"", ""lung mouse alveolar type 2 cells and primary human fibroblasts""], [""genotype"", ""Ctnnb1 CRISPR/Cas9 knockout""], [""batch"", ""plate4-3""]]"
GSE307351	GSM9216638	SAMN50935162	SRS26384417	lung alveolar organoid, Dvl3 knockout, plate4-3 well C05	"[""batch"", ""cell_type"", ""collection_date"", ""genotype"", ""geo_loc_name"", ""source_name""]"	"[[""source_name"", ""lung mouse alveolar type 2 cells and primary human fibroblasts""], [""cell_type"", ""lung mouse alveolar type 2 cells and primary human fibroblasts""], [""genotype"", ""Dvl3 CRISPR/Cas9 knockout""], [""batch"", ""plate4-3""]]"
GSE307351	GSM9216639	SAMN50935161	SRS26384418	lung alveolar organoid, Dvl2 knockout, plate4-3 well C06	"[""batch"", ""cell_type"", ""collection_date"", ""genotype"", ""geo_loc_name"", ""source_name""]"	"[[""source_name"", ""lung mouse alveolar type 2 cells and primary human fibroblasts""], [""cell_type"", ""lung mouse alveolar type 2 cells and primary human fibroblasts""], [""genotype"", ""Dvl2 CRISPR/Cas9 knockout""], [""batch"", ""plate4-3""]]"
GSE307351	GSM9216640	SAMN50935160	SRS26384421	lung alveolar organoid, Spry4 knockout, plate4-3 well C07	"[""batch"", ""cell_type"", ""collection_date"", ""genotype"", ""geo_loc_name"", ""source_name""]"	"[[""source_name"", ""lung mouse alveolar type 2 cells and primary human fibroblasts""], [""cell_type"", ""lung mouse alveolar type 2 cells and primary human fibroblasts""], [""genotype"", ""Spry4 CRISPR/Cas9 knockout""], [""batch"", ""plate4-3""]]"
GSE307351	GSM9216641	SAMN50935159	SRS26384419	lung alveolar organoid, Nkd2 knockout, plate4-3 well C08	"[""batch"", ""cell_type"", ""collection_date"", ""genotype"", ""geo_loc_name"", ""source_name""]"	"[[""source_name"", ""lung mouse alveolar type 2 cells and primary human fibroblasts""], [""cell_type"", ""lung mouse alveolar type 2 cells and primary human fibroblasts""], [""genotype"", ""Nkd2 CRISPR/Cas9 knockout""], [""batch"", ""plate4-3""]]"
GSE307351	GSM9216642	SAMN50935158	SRS26384420	lung alveolar organoid, Tigit knockout, plate4-3 well C09	"[""batch"", ""cell_type"", ""collection_date"", ""genotype"", ""geo_loc_name"", ""source_name""]"	"[[""source_name"", ""lung mouse alveolar type 2 cells and primary human fibroblasts""], [""cell_type"", ""lung mouse alveolar type 2 cells and primary human fibroblasts""], [""genotype"", ""Tigit CRISPR/Cas9 knockout""], [""batch"", ""plate4-3""]]"
GSE307351	GSM9216643	SAMN50935157	SRS26383992	lung alveolar organoid, Hopx knockout, plate4-3 well C10	"[""batch"", ""cell_type"", ""collection_date"", ""genotype"", ""geo_loc_name"", ""source_name""]"	"[[""source_name"", ""lung mouse alveolar type 2 cells and primary human fibroblasts""], [""cell_type"", ""lung mouse alveolar type 2 cells and primary human fibroblasts""], [""genotype"", ""Hopx CRISPR/Cas9 knockout""], [""batch"", ""plate4-3""]]"
GSE307351	GSM9216644	SAMN50935156	SRS26383993	lung alveolar organoid, Cd36 knockout, plate4-3 well C11	"[""batch"", ""cell_type"", ""collection_date"", ""genotype"", ""geo_loc_name"", ""source_name""]"	"[[""source_name"", ""lung mouse alveolar type 2 cells and primary human fibroblasts""], [""cell_type"", ""lung mouse alveolar type 2 cells and primary human fibroblasts""], [""genotype"", ""Cd36 CRISPR/Cas9 knockout""], [""batch"", ""plate4-3""]]"
GSE307351	GSM9216645	SAMN50935155	SRS26383996	lung alveolar organoid, Creld1 knockout, plate4-3 well D02	"[""batch"", ""cell_type"", ""collection_date"", ""genotype"", ""geo_loc_name"", ""source_name""]"	"[[""source_name"", ""lung mouse alveolar type 2 cells and primary human fibroblasts""], [""cell_type"", ""lung mouse alveolar type 2 cells and primary human fibroblasts""], [""genotype"", ""Creld1 CRISPR/Cas9 knockout""], [""batch"", ""plate4-3""]]"
GSE307351	GSM9216646	SAMN50935154	SRS26383994	lung alveolar organoid, Lgr6 knockout, plate4-3 well D03	"[""batch"", ""cell_type"", ""collection_date"", ""genotype"", ""geo_loc_name"", ""source_name""]"	"[[""source_name"", ""lung mouse alveolar type 2 cells and primary human fibroblasts""], [""cell_type"", ""lung mouse alveolar type 2 cells and primary human fibroblasts""], [""genotype"", ""Lgr6 CRISPR/Cas9 knockout""], [""batch"", ""plate4-3""]]"
GSE307351	GSM9216647	SAMN50935153	SRS26383997	lung alveolar organoid, Porcn knockout, plate4-3 well D04	"[""batch"", ""cell_type"", ""collection_date"", ""genotype"", ""geo_loc_name"", ""source_name""]"	"[[""source_name"", ""lung mouse alveolar type 2 cells and primary human fibroblasts""], [""cell_type"", ""lung mouse alveolar type 2 cells and primary human fibroblasts""], [""genotype"", ""Porcn CRISPR/Cas9 knockout""], [""batch"", ""plate4-3""]]"
GSE307351	GSM9216648	SAMN50935152	SRS26383995	lung alveolar organoid, Wif1 knockout, plate4-3 well D05	"[""batch"", ""cell_type"", ""collection_date"", ""genotype"", ""geo_loc_name"", ""source_name""]"	"[[""source_name"", ""lung mouse alveolar type 2 cells and primary human fibroblasts""], [""cell_type"", ""lung mouse alveolar type 2 cells and primary human fibroblasts""], [""genotype"", ""Wif1 CRISPR/Cas9 knockout""], [""batch"", ""plate4-3""]]"
GSE307351	GSM9216649	SAMN50935151	SRS26383998	lung alveolar organoid, Gsk3b knockout, plate4-3 well D06	"[""batch"", ""cell_type"", ""collection_date"", ""genotype"", ""geo_loc_name"", ""source_name""]"	"[[""source_name"", ""lung mouse alveolar type 2 cells and primary human fibroblasts""], [""cell_type"", ""lung mouse alveolar type 2 cells and primary human fibroblasts""], [""genotype"", ""Gsk3b CRISPR/Cas9 knockout""], [""batch"", ""plate4-3""]]"
GSE307351	GSM9216650	SAMN50935150	SRS26383999	lung alveolar organoid, Tigit knockout, plate4-3 well D07	"[""batch"", ""cell_type"", ""collection_date"", ""genotype"", ""geo_loc_name"", ""source_name""]"	"[[""source_name"", ""lung mouse alveolar type 2 cells and primary human fibroblasts""], [""cell_type"", ""lung mouse alveolar type 2 cells and primary human fibroblasts""], [""genotype"", ""Tigit CRISPR/Cas9 knockout""], [""batch"", ""plate4-3""]]"
GSE307351	GSM9216651	SAMN50935149	SRS26384100	lung alveolar organoid, Fbxw11 knockout, plate4-3 well D08	"[""batch"", ""cell_type"", ""collection_date"", ""genotype"", ""geo_loc_name"", ""source_name""]"	"[[""source_name"", ""lung mouse alveolar type 2 cells and primary human fibroblasts""], [""cell_type"", ""lung mouse alveolar type 2 cells and primary human fibroblasts""], [""genotype"", ""Fbxw11 CRISPR/Cas9 knockout""], [""batch"", ""plate4-3""]]"
GSE307351	GSM9216652	SAMN50935148	SRS26384101	lung alveolar organoid, Pde7b knockout, plate4-3 well D09	"[""batch"", ""cell_type"", ""collection_date"", ""genotype"", ""geo_loc_name"", ""source_name""]"	"[[""source_name"", ""lung mouse alveolar type 2 cells and primary human fibroblasts""], [""cell_type"", ""lung mouse alveolar type 2 cells and primary human fibroblasts""], [""genotype"", ""Pde7b CRISPR/Cas9 knockout""], [""batch"", ""plate4-3""]]"
GSE307351	GSM9216653	SAMN50935147	SRS26384102	lung alveolar organoid, Hbegf knockout, plate4-3 well D10	"[""batch"", ""cell_type"", ""collection_date"", ""genotype"", ""geo_loc_name"", ""source_name""]"	"[[""source_name"", ""lung mouse alveolar type 2 cells and primary human fibroblasts""], [""cell_type"", ""lung mouse alveolar type 2 cells and primary human fibroblasts""], [""genotype"", ""Hbegf CRISPR/Cas9 knockout""], [""batch"", ""plate4-3""]]"
GSE307351	GSM9216654	SAMN50935146	SRS26384103	lung alveolar organoid, Kcnj15 knockout, plate4-3 well D11	"[""batch"", ""cell_type"", ""collection_date"", ""genotype"", ""geo_loc_name"", ""source_name""]"	"[[""source_name"", ""lung mouse alveolar type 2 cells and primary human fibroblasts""], [""cell_type"", ""lung mouse alveolar type 2 cells and primary human fibroblasts""], [""genotype"", ""Kcnj15 CRISPR/Cas9 knockout""], [""batch"", ""plate4-3""]]"
GSE307351	GSM9216655	SAMN50935145	SRS26384104	lung alveolar organoid, Crispld2 knockout, plate4-3 well E02	"[""batch"", ""cell_type"", ""collection_date"", ""genotype"", ""geo_loc_name"", ""source_name""]"	"[[""source_name"", ""lung mouse alveolar type 2 cells and primary human fibroblasts""], [""cell_type"", ""lung mouse alveolar type 2 cells and primary human fibroblasts""], [""genotype"", ""Crispld2 CRISPR/Cas9 knockout""], [""batch"", ""plate4-3""]]"
GSE307351	GSM9216656	SAMN50935144	SRS26384106	lung alveolar organoid, Tigit knockout, plate4-3 well E03	"[""batch"", ""cell_type"", ""collection_date"", ""genotype"", ""geo_loc_name"", ""source_name""]"	"[[""source_name"", ""lung mouse alveolar type 2 cells and primary human fibroblasts""], [""cell_type"", ""lung mouse alveolar type 2 cells and primary human fibroblasts""], [""genotype"", ""Tigit CRISPR/Cas9 knockout""], [""batch"", ""plate4-3""]]"
GSE307351	GSM9216657	SAMN50935143	SRS26384107	lung alveolar organoid, Siah1a knockout, plate4-3 well E04	"[""batch"", ""cell_type"", ""collection_date"", ""genotype"", ""geo_loc_name"", ""source_name""]"	"[[""source_name"", ""lung mouse alveolar type 2 cells and primary human fibroblasts""], [""cell_type"", ""lung mouse alveolar type 2 cells and primary human fibroblasts""], [""genotype"", ""Siah1a CRISPR/Cas9 knockout""], [""batch"", ""plate4-3""]]"
GSE307351	GSM9216658	SAMN50935142	SRS26384105	lung alveolar organoid, Jup knockout, plate4-3 well E05	"[""batch"", ""cell_type"", ""collection_date"", ""genotype"", ""geo_loc_name"", ""source_name""]"	"[[""source_name"", ""lung mouse alveolar type 2 cells and primary human fibroblasts""], [""cell_type"", ""lung mouse alveolar type 2 cells and primary human fibroblasts""], [""genotype"", ""Jup CRISPR/Cas9 knockout""], [""batch"", ""plate4-3""]]"
GSE307351	GSM9216659	SAMN50935141	SRS26383923	lung alveolar organoid, Celsr2 knockout, plate4-3 well E06	"[""batch"", ""cell_type"", ""collection_date"", ""genotype"", ""geo_loc_name"", ""source_name""]"	"[[""source_name"", ""lung mouse alveolar type 2 cells and primary human fibroblasts""], [""cell_type"", ""lung mouse alveolar type 2 cells and primary human fibroblasts""], [""genotype"", ""Celsr2 CRISPR/Cas9 knockout""], [""batch"", ""plate4-3""]]"
GSE307351	GSM9216660	SAMN50935140	SRS26383925	lung alveolar organoid, Apc knockout, plate4-3 well E07	"[""batch"", ""cell_type"", ""collection_date"", ""genotype"", ""geo_loc_name"", ""source_name""]"	"[[""source_name"", ""lung mouse alveolar type 2 cells and primary human fibroblasts""], [""cell_type"", ""lung mouse alveolar type 2 cells and primary human fibroblasts""], [""genotype"", ""Apc CRISPR/Cas9 knockout""], [""batch"", ""plate4-3""]]"
GSE307351	GSM9216661	SAMN50935139	SRS26383926	lung alveolar organoid, Mlc1 knockout, plate4-3 well E08	"[""batch"", ""cell_type"", ""collection_date"", ""genotype"", ""geo_loc_name"", ""source_name""]"	"[[""source_name"", ""lung mouse alveolar type 2 cells and primary human fibroblasts""], [""cell_type"", ""lung mouse alveolar type 2 cells and primary human fibroblasts""], [""genotype"", ""Mlc1 CRISPR/Cas9 knockout""], [""batch"", ""plate4-3""]]"
GSE307351	GSM9216662	SAMN50935138	SRS26383924	lung alveolar organoid, Cdkn2b knockout, plate4-3 well E09	"[""batch"", ""cell_type"", ""collection_date"", ""genotype"", ""geo_loc_name"", ""source_name""]"	"[[""source_name"", ""lung mouse alveolar type 2 cells and primary human fibroblasts""], [""cell_type"", ""lung mouse alveolar type 2 cells and primary human fibroblasts""], [""genotype"", ""Cdkn2b CRISPR/Cas9 knockout""], [""batch"", ""plate4-3""]]"
GSE307351	GSM9216663	SAMN50935137	SRS26383927	lung alveolar organoid, Sema3e knockout, plate4-3 well E10	"[""batch"", ""cell_type"", ""collection_date"", ""genotype"", ""geo_loc_name"", ""source_name""]"	"[[""source_name"", ""lung mouse alveolar type 2 cells and primary human fibroblasts""], [""cell_type"", ""lung mouse alveolar type 2 cells and primary human fibroblasts""], [""genotype"", ""Sema3e CRISPR/Cas9 knockout""], [""batch"", ""plate4-3""]]"
GSE307351	GSM9216664	SAMN50935136	SRS26383928	lung alveolar organoid, Slc34a2 knockout, plate4-3 well E11	"[""batch"", ""cell_type"", ""collection_date"", ""genotype"", ""geo_loc_name"", ""source_name""]"	"[[""source_name"", ""lung mouse alveolar type 2 cells and primary human fibroblasts""], [""cell_type"", ""lung mouse alveolar type 2 cells and primary human fibroblasts""], [""genotype"", ""Slc34a2 CRISPR/Cas9 knockout""], [""batch"", ""plate4-3""]]"
GSE307351	GSM9216665	SAMN50935135	SRS26383929	lung alveolar organoid, Tigit knockout, plate4-3 well F02	"[""batch"", ""cell_type"", ""collection_date"", ""genotype"", ""geo_loc_name"", ""source_name""]"	"[[""source_name"", ""lung mouse alveolar type 2 cells and primary human fibroblasts""], [""cell_type"", ""lung mouse alveolar type 2 cells and primary human fibroblasts""], [""genotype"", ""Tigit CRISPR/Cas9 knockout""], [""batch"", ""plate4-3""]]"
GSE307351	GSM9216666	SAMN50935134	SRS26383930	lung alveolar organoid, Znrf3 knockout, plate4-3 well F03	"[""batch"", ""cell_type"", ""collection_date"", ""genotype"", ""geo_loc_name"", ""source_name""]"	"[[""source_name"", ""lung mouse alveolar type 2 cells and primary human fibroblasts""], [""cell_type"", ""lung mouse alveolar type 2 cells and primary human fibroblasts""], [""genotype"", ""Znrf3 CRISPR/Cas9 knockout""], [""batch"", ""plate4-3""]]"
GSE307351	GSM9216667	SAMN50935133	SRS26384422	lung alveolar organoid, Usp6nl knockout, plate4-3 well F04	"[""batch"", ""cell_type"", ""collection_date"", ""genotype"", ""geo_loc_name"", ""source_name""]"	"[[""source_name"", ""lung mouse alveolar type 2 cells and primary human fibroblasts""], [""cell_type"", ""lung mouse alveolar type 2 cells and primary human fibroblasts""], [""genotype"", ""Usp6nl CRISPR/Cas9 knockout""], [""batch"", ""plate4-3""]]"
GSE307351	GSM9216668	SAMN50935132	SRS26384423	lung alveolar organoid, Sh3rf1 knockout, plate4-3 well F05	"[""batch"", ""cell_type"", ""collection_date"", ""genotype"", ""geo_loc_name"", ""source_name""]"	"[[""source_name"", ""lung mouse alveolar type 2 cells and primary human fibroblasts""], [""cell_type"", ""lung mouse alveolar type 2 cells and primary human fibroblasts""], [""genotype"", ""Sh3rf1 CRISPR/Cas9 knockout""], [""batch"", ""plate4-3""]]"
GSE307351	GSM9216669	SAMN50935131	SRS26384427	lung alveolar organoid, Celsr3 knockout, plate4-3 well F06	"[""batch"", ""cell_type"", ""collection_date"", ""genotype"", ""geo_loc_name"", ""source_name""]"	"[[""source_name"", ""lung mouse alveolar type 2 cells and primary human fibroblasts""], [""cell_type"", ""lung mouse alveolar type 2 cells and primary human fibroblasts""], [""genotype"", ""Celsr3 CRISPR/Cas9 knockout""], [""batch"", ""plate4-3""]]"
GSE307351	GSM9216670	SAMN50935130	SRS26384426	lung alveolar organoid, Spry1 knockout, plate4-3 well F07	"[""batch"", ""cell_type"", ""collection_date"", ""genotype"", ""geo_loc_name"", ""source_name""]"	"[[""source_name"", ""lung mouse alveolar type 2 cells and primary human fibroblasts""], [""cell_type"", ""lung mouse alveolar type 2 cells and primary human fibroblasts""], [""genotype"", ""Spry1 CRISPR/Cas9 knockout""], [""batch"", ""plate4-3""]]"
GSE307351	GSM9216671	SAMN50935129	SRS26384425	lung alveolar organoid, Zfp385b knockout, plate4-3 well F08	"[""batch"", ""cell_type"", ""collection_date"", ""genotype"", ""geo_loc_name"", ""source_name""]"	"[[""source_name"", ""lung mouse alveolar type 2 cells and primary human fibroblasts""], [""cell_type"", ""lung mouse alveolar type 2 cells and primary human fibroblasts""], [""genotype"", ""Zfp385b CRISPR/Cas9 knockout""], [""batch"", ""plate4-3""]]"
GSE307351	GSM9216672	SAMN50935128	SRS26384428	lung alveolar organoid, Bdnf knockout, plate4-3 well F09	"[""batch"", ""cell_type"", ""collection_date"", ""genotype"", ""geo_loc_name"", ""source_name""]"	"[[""source_name"", ""lung mouse alveolar type 2 cells and primary human fibroblasts""], [""cell_type"", ""lung mouse alveolar type 2 cells and primary human fibroblasts""], [""genotype"", ""Bdnf CRISPR/Cas9 knockout""], [""batch"", ""plate4-3""]]"
GSE307351	GSM9216673	SAMN50935127	SRS26384424	lung alveolar organoid, Zfp365 knockout, plate4-3 well F10	"[""batch"", ""cell_type"", ""collection_date"", ""genotype"", ""geo_loc_name"", ""source_name""]"	"[[""source_name"", ""lung mouse alveolar type 2 cells and primary human fibroblasts""], [""cell_type"", ""lung mouse alveolar type 2 cells and primary human fibroblasts""], [""genotype"", ""Zfp365 CRISPR/Cas9 knockout""], [""batch"", ""plate4-3""]]"
GSE307351	GSM9216674	SAMN50935126	SRS26384429	lung alveolar organoid, Npr1 knockout, plate4-3 well F11	"[""batch"", ""cell_type"", ""collection_date"", ""genotype"", ""geo_loc_name"", ""source_name""]"	"[[""source_name"", ""lung mouse alveolar type 2 cells and primary human fibroblasts""], [""cell_type"", ""lung mouse alveolar type 2 cells and primary human fibroblasts""], [""genotype"", ""Npr1 CRISPR/Cas9 knockout""], [""batch"", ""plate4-3""]]"
GSE307351	GSM9216675	SAMN50935125	SRS26384108	lung alveolar organoid, Rnf43 knockout, plate4-3 well G02	"[""batch"", ""cell_type"", ""collection_date"", ""genotype"", ""geo_loc_name"", ""source_name""]"	"[[""source_name"", ""lung mouse alveolar type 2 cells and primary human fibroblasts""], [""cell_type"", ""lung mouse alveolar type 2 cells and primary human fibroblasts""], [""genotype"", ""Rnf43 CRISPR/Cas9 knockout""], [""batch"", ""plate4-3""]]"
GSE307351	GSM9216676	SAMN50935124	SRS26384111	lung alveolar organoid, Lgr4 knockout, plate4-3 well G03	"[""batch"", ""cell_type"", ""collection_date"", ""genotype"", ""geo_loc_name"", ""source_name""]"	"[[""source_name"", ""lung mouse alveolar type 2 cells and primary human fibroblasts""], [""cell_type"", ""lung mouse alveolar type 2 cells and primary human fibroblasts""], [""genotype"", ""Lgr4 CRISPR/Cas9 knockout""], [""batch"", ""plate4-3""]]"
GSE307351	GSM9216677	SAMN50935123	SRS26384112	lung alveolar organoid, Dvl1 knockout, plate4-3 well G04	"[""batch"", ""cell_type"", ""collection_date"", ""genotype"", ""geo_loc_name"", ""source_name""]"	"[[""source_name"", ""lung mouse alveolar type 2 cells and primary human fibroblasts""], [""cell_type"", ""lung mouse alveolar type 2 cells and primary human fibroblasts""], [""genotype"", ""Dvl1 CRISPR/Cas9 knockout""], [""batch"", ""plate4-3""]]"
GSE307351	GSM9216678	SAMN50935122	SRS26384109	lung alveolar organoid, Pdlim2 knockout, plate4-3 well G05	"[""batch"", ""cell_type"", ""collection_date"", ""genotype"", ""geo_loc_name"", ""source_name""]"	"[[""source_name"", ""lung mouse alveolar type 2 cells and primary human fibroblasts""], [""cell_type"", ""lung mouse alveolar type 2 cells and primary human fibroblasts""], [""genotype"", ""Pdlim2 CRISPR/Cas9 knockout""], [""batch"", ""plate4-3""]]"
GSE307351	GSM9216679	SAMN50935121	SRS26384110	lung alveolar organoid, Usp6nl knockout, plate4-3 well G06	"[""batch"", ""cell_type"", ""collection_date"", ""genotype"", ""geo_loc_name"", ""source_name""]"	"[[""source_name"", ""lung mouse alveolar type 2 cells and primary human fibroblasts""], [""cell_type"", ""lung mouse alveolar type 2 cells and primary human fibroblasts""], [""genotype"", ""Usp6nl CRISPR/Cas9 knockout""], [""batch"", ""plate4-3""]]"
GSE307351	GSM9216680	SAMN50935120	SRS26384113	lung alveolar organoid, Spry2 knockout, plate4-3 well G07	"[""batch"", ""cell_type"", ""collection_date"", ""genotype"", ""geo_loc_name"", ""source_name""]"	"[[""source_name"", ""lung mouse alveolar type 2 cells and primary human fibroblasts""], [""cell_type"", ""lung mouse alveolar type 2 cells and primary human fibroblasts""], [""genotype"", ""Spry2 CRISPR/Cas9 knockout""], [""batch"", ""plate4-3""]]"
GSE307351	GSM9216681	SAMN50935119	SRS26384114	lung alveolar organoid, Lrg1 knockout, plate4-3 well G08	"[""batch"", ""cell_type"", ""collection_date"", ""genotype"", ""geo_loc_name"", ""source_name""]"	"[[""source_name"", ""lung mouse alveolar type 2 cells and primary human fibroblasts""], [""cell_type"", ""lung mouse alveolar type 2 cells and primary human fibroblasts""], [""genotype"", ""Lrg1 CRISPR/Cas9 knockout""], [""batch"", ""plate4-3""]]"
GSE307351	GSM9216682	SAMN50935118	SRS26384117	lung alveolar organoid, Csf1r knockout, plate4-3 well G09	"[""batch"", ""cell_type"", ""collection_date"", ""genotype"", ""geo_loc_name"", ""source_name""]"	"[[""source_name"", ""lung mouse alveolar type 2 cells and primary human fibroblasts""], [""cell_type"", ""lung mouse alveolar type 2 cells and primary human fibroblasts""], [""genotype"", ""Csf1r CRISPR/Cas9 knockout""], [""batch"", ""plate4-3""]]"
GSE307351	GSM9216683	SAMN50935117	SRS26384002	lung alveolar organoid, Tdtomato knockout, plate4-3 well G10	"[""batch"", ""cell_type"", ""collection_date"", ""genotype"", ""geo_loc_name"", ""source_name""]"	"[[""source_name"", ""lung mouse alveolar type 2 cells and primary human fibroblasts""], [""cell_type"", ""lung mouse alveolar type 2 cells and primary human fibroblasts""], [""genotype"", ""Tdtomato CRISPR/Cas9 knockout""], [""batch"", ""plate4-3""]]"
GSE307351	GSM9216684	SAMN50935116	SRS26384001	lung alveolar organoid, Tigit knockout, plate4-3 well G11	"[""batch"", ""cell_type"", ""collection_date"", ""genotype"", ""geo_loc_name"", ""source_name""]"	"[[""source_name"", ""lung mouse alveolar type 2 cells and primary human fibroblasts""], [""cell_type"", ""lung mouse alveolar type 2 cells and primary human fibroblasts""], [""genotype"", ""Tigit CRISPR/Cas9 knockout""], [""batch"", ""plate4-3""]]"
GSE307351	GSM9216685	SAMN50935115	SRS26384000	lung alveolar organoid, Atf6 knockout, plate4-4 well B02	"[""batch"", ""cell_type"", ""collection_date"", ""genotype"", ""geo_loc_name"", ""source_name""]"	"[[""source_name"", ""lung mouse alveolar type 2 cells and primary human fibroblasts""], [""cell_type"", ""lung mouse alveolar type 2 cells and primary human fibroblasts""], [""genotype"", ""Atf6 CRISPR/Cas9 knockout""], [""batch"", ""plate4-4""]]"
GSE307351	GSM9216686	SAMN50935114	SRS26384005	lung alveolar organoid, Ctcf knockout, plate4-4 well B03	"[""batch"", ""cell_type"", ""collection_date"", ""genotype"", ""geo_loc_name"", ""source_name""]"	"[[""source_name"", ""lung mouse alveolar type 2 cells and primary human fibroblasts""], [""cell_type"", ""lung mouse alveolar type 2 cells and primary human fibroblasts""], [""genotype"", ""Ctcf CRISPR/Cas9 knockout""], [""batch"", ""plate4-4""]]"
GSE307351	GSM9216687	SAMN50935113	SRS26384003	lung alveolar organoid, Tigit knockout, plate4-4 well B04	"[""batch"", ""cell_type"", ""collection_date"", ""genotype"", ""geo_loc_name"", ""source_name""]"	"[[""source_name"", ""lung mouse alveolar type 2 cells and primary human fibroblasts""], [""cell_type"", ""lung mouse alveolar type 2 cells and primary human fibroblasts""], [""genotype"", ""Tigit CRISPR/Cas9 knockout""], [""batch"", ""plate4-4""]]"
GSE307351	GSM9216688	SAMN50935112	SRS26384004	lung alveolar organoid, Tdtomato knockout, plate4-4 well B05	"[""batch"", ""cell_type"", ""collection_date"", ""genotype"", ""geo_loc_name"", ""source_name""]"	"[[""source_name"", ""lung mouse alveolar type 2 cells and primary human fibroblasts""], [""cell_type"", ""lung mouse alveolar type 2 cells and primary human fibroblasts""], [""genotype"", ""Tdtomato CRISPR/Cas9 knockout""], [""batch"", ""plate4-4""]]"
GSE307351	GSM9216689	SAMN50935111	SRS26384006	lung alveolar organoid, Ryk knockout, plate4-4 well B06	"[""batch"", ""cell_type"", ""collection_date"", ""genotype"", ""geo_loc_name"", ""source_name""]"	"[[""source_name"", ""lung mouse alveolar type 2 cells and primary human fibroblasts""], [""cell_type"", ""lung mouse alveolar type 2 cells and primary human fibroblasts""], [""genotype"", ""Ryk CRISPR/Cas9 knockout""], [""batch"", ""plate4-4""]]"
GSE307351	GSM9216690	SAMN50935110	SRS26384008	lung alveolar organoid, Rnf43 knockout, plate4-4 well B07	"[""batch"", ""cell_type"", ""collection_date"", ""genotype"", ""geo_loc_name"", ""source_name""]"	"[[""source_name"", ""lung mouse alveolar type 2 cells and primary human fibroblasts""], [""cell_type"", ""lung mouse alveolar type 2 cells and primary human fibroblasts""], [""genotype"", ""Rnf43 CRISPR/Cas9 knockout""], [""batch"", ""plate4-4""]]"
GSE307351	GSM9216691	SAMN50935109	SRS26384430	lung alveolar organoid, Nkd1 knockout, plate4-4 well B08	"[""batch"", ""cell_type"", ""collection_date"", ""genotype"", ""geo_loc_name"", ""source_name""]"	"[[""source_name"", ""lung mouse alveolar type 2 cells and primary human fibroblasts""], [""cell_type"", ""lung mouse alveolar type 2 cells and primary human fibroblasts""], [""genotype"", ""Nkd1 CRISPR/Cas9 knockout""], [""batch"", ""plate4-4""]]"
GSE307351	GSM9216692	SAMN50935108	SRS26384431	lung alveolar organoid, Slc34a2 knockout, plate4-4 well B09	"[""batch"", ""cell_type"", ""collection_date"", ""genotype"", ""geo_loc_name"", ""source_name""]"	"[[""source_name"", ""lung mouse alveolar type 2 cells and primary human fibroblasts""], [""cell_type"", ""lung mouse alveolar type 2 cells and primary human fibroblasts""], [""genotype"", ""Slc34a2 CRISPR/Cas9 knockout""], [""batch"", ""plate4-4""]]"
GSE307351	GSM9216693	SAMN50935107	SRS26384432	lung alveolar organoid, Rbpjl knockout, plate4-4 well B10	"[""batch"", ""cell_type"", ""collection_date"", ""genotype"", ""geo_loc_name"", ""source_name""]"	"[[""source_name"", ""lung mouse alveolar type 2 cells and primary human fibroblasts""], [""cell_type"", ""lung mouse alveolar type 2 cells and primary human fibroblasts""], [""genotype"", ""Rbpjl CRISPR/Cas9 knockout""], [""batch"", ""plate4-4""]]"
GSE307351	GSM9216694	SAMN50935106	SRS26384433	lung alveolar organoid, Slc6a14 knockout, plate4-4 well B11	"[""batch"", ""cell_type"", ""collection_date"", ""genotype"", ""geo_loc_name"", ""source_name""]"	"[[""source_name"", ""lung mouse alveolar type 2 cells and primary human fibroblasts""], [""cell_type"", ""lung mouse alveolar type 2 cells and primary human fibroblasts""], [""genotype"", ""Slc6a14 CRISPR/Cas9 knockout""], [""batch"", ""plate4-4""]]"
GSE307351	GSM9216695	SAMN50935105	SRS26384434	lung alveolar organoid, Lamp2 knockout, plate4-4 well C02	"[""batch"", ""cell_type"", ""collection_date"", ""genotype"", ""geo_loc_name"", ""source_name""]"	"[[""source_name"", ""lung mouse alveolar type 2 cells and primary human fibroblasts""], [""cell_type"", ""lung mouse alveolar type 2 cells and primary human fibroblasts""], [""genotype"", ""Lamp2 CRISPR/Cas9 knockout""], [""batch"", ""plate4-4""]]"
GSE307351	GSM9216696	SAMN50935104	SRS26384435	lung alveolar organoid, Lgr5 knockout, plate4-4 well C03	"[""batch"", ""cell_type"", ""collection_date"", ""genotype"", ""geo_loc_name"", ""source_name""]"	"[[""source_name"", ""lung mouse alveolar type 2 cells and primary human fibroblasts""], [""cell_type"", ""lung mouse alveolar type 2 cells and primary human fibroblasts""], [""genotype"", ""Lgr5 CRISPR/Cas9 knockout""], [""batch"", ""plate4-4""]]"
GSE307351	GSM9216697	SAMN50935103	SRS26384436	lung alveolar organoid, Ctnnb1 knockout, plate4-4 well C04	"[""batch"", ""cell_type"", ""collection_date"", ""genotype"", ""geo_loc_name"", ""source_name""]"	"[[""source_name"", ""lung mouse alveolar type 2 cells and primary human fibroblasts""], [""cell_type"", ""lung mouse alveolar type 2 cells and primary human fibroblasts""], [""genotype"", ""Ctnnb1 CRISPR/Cas9 knockout""], [""batch"", ""plate4-4""]]"
GSE307351	GSM9216698	SAMN50935102	SRS26384437	lung alveolar organoid, Dvl3 knockout, plate4-4 well C05	"[""batch"", ""cell_type"", ""collection_date"", ""genotype"", ""geo_loc_name"", ""source_name""]"	"[[""source_name"", ""lung mouse alveolar type 2 cells and primary human fibroblasts""], [""cell_type"", ""lung mouse alveolar type 2 cells and primary human fibroblasts""], [""genotype"", ""Dvl3 CRISPR/Cas9 knockout""], [""batch"", ""plate4-4""]]"
GSE307351	GSM9216699	SAMN50935101	SRS26384116	lung alveolar organoid, Dvl2 knockout, plate4-4 well C06	"[""batch"", ""cell_type"", ""collection_date"", ""genotype"", ""geo_loc_name"", ""source_name""]"	"[[""source_name"", ""lung mouse alveolar type 2 cells and primary human fibroblasts""], [""cell_type"", ""lung mouse alveolar type 2 cells and primary human fibroblasts""], [""genotype"", ""Dvl2 CRISPR/Cas9 knockout""], [""batch"", ""plate4-4""]]"
GSE307351	GSM9216700	SAMN50935100	SRS26384115	lung alveolar organoid, Spry4 knockout, plate4-4 well C07	"[""batch"", ""cell_type"", ""collection_date"", ""genotype"", ""geo_loc_name"", ""source_name""]"	"[[""source_name"", ""lung mouse alveolar type 2 cells and primary human fibroblasts""], [""cell_type"", ""lung mouse alveolar type 2 cells and primary human fibroblasts""], [""genotype"", ""Spry4 CRISPR/Cas9 knockout""], [""batch"", ""plate4-4""]]"
GSE307351	GSM9216701	SAMN50935099	SRS26384119	lung alveolar organoid, Nkd2 knockout, plate4-4 well C08	"[""batch"", ""cell_type"", ""collection_date"", ""genotype"", ""geo_loc_name"", ""source_name""]"	"[[""source_name"", ""lung mouse alveolar type 2 cells and primary human fibroblasts""], [""cell_type"", ""lung mouse alveolar type 2 cells and primary human fibroblasts""], [""genotype"", ""Nkd2 CRISPR/Cas9 knockout""], [""batch"", ""plate4-4""]]"
GSE307351	GSM9216702	SAMN50935098	SRS26384118	lung alveolar organoid, Tigit knockout, plate4-4 well C09	"[""batch"", ""cell_type"", ""collection_date"", ""genotype"", ""geo_loc_name"", ""source_name""]"	"[[""source_name"", ""lung mouse alveolar type 2 cells and primary human fibroblasts""], [""cell_type"", ""lung mouse alveolar type 2 cells and primary human fibroblasts""], [""genotype"", ""Tigit CRISPR/Cas9 knockout""], [""batch"", ""plate4-4""]]"
GSE307351	GSM9216703	SAMN50935097	SRS26384123	lung alveolar organoid, Hopx knockout, plate4-4 well C10	"[""batch"", ""cell_type"", ""collection_date"", ""genotype"", ""geo_loc_name"", ""source_name""]"	"[[""source_name"", ""lung mouse alveolar type 2 cells and primary human fibroblasts""], [""cell_type"", ""lung mouse alveolar type 2 cells and primary human fibroblasts""], [""genotype"", ""Hopx CRISPR/Cas9 knockout""], [""batch"", ""plate4-4""]]"
GSE307351	GSM9216704	SAMN50935096	SRS26384122	lung alveolar organoid, Cd36 knockout, plate4-4 well C11	"[""batch"", ""cell_type"", ""collection_date"", ""genotype"", ""geo_loc_name"", ""source_name""]"	"[[""source_name"", ""lung mouse alveolar type 2 cells and primary human fibroblasts""], [""cell_type"", ""lung mouse alveolar type 2 cells and primary human fibroblasts""], [""genotype"", ""Cd36 CRISPR/Cas9 knockout""], [""batch"", ""plate4-4""]]"
GSE307351	GSM9216705	SAMN50935095	SRS26384120	lung alveolar organoid, Creld1 knockout, plate4-4 well D02	"[""batch"", ""cell_type"", ""collection_date"", ""genotype"", ""geo_loc_name"", ""source_name""]"	"[[""source_name"", ""lung mouse alveolar type 2 cells and primary human fibroblasts""], [""cell_type"", ""lung mouse alveolar type 2 cells and primary human fibroblasts""], [""genotype"", ""Creld1 CRISPR/Cas9 knockout""], [""batch"", ""plate4-4""]]"
GSE307351	GSM9216706	SAMN50935094	SRS26384121	lung alveolar organoid, Lgr6 knockout, plate4-4 well D03	"[""batch"", ""cell_type"", ""collection_date"", ""genotype"", ""geo_loc_name"", ""source_name""]"	"[[""source_name"", ""lung mouse alveolar type 2 cells and primary human fibroblasts""], [""cell_type"", ""lung mouse alveolar type 2 cells and primary human fibroblasts""], [""genotype"", ""Lgr6 CRISPR/Cas9 knockout""], [""batch"", ""plate4-4""]]"
GSE307351	GSM9216707	SAMN50935093	SRS26383931	lung alveolar organoid, Porcn knockout, plate4-4 well D04	"[""batch"", ""cell_type"", ""collection_date"", ""genotype"", ""geo_loc_name"", ""source_name""]"	"[[""source_name"", ""lung mouse alveolar type 2 cells and primary human fibroblasts""], [""cell_type"", ""lung mouse alveolar type 2 cells and primary human fibroblasts""], [""genotype"", ""Porcn CRISPR/Cas9 knockout""], [""batch"", ""plate4-4""]]"
GSE307351	GSM9216708	SAMN50935092	SRS26383933	lung alveolar organoid, Wif1 knockout, plate4-4 well D05	"[""batch"", ""cell_type"", ""collection_date"", ""genotype"", ""geo_loc_name"", ""source_name""]"	"[[""source_name"", ""lung mouse alveolar type 2 cells and primary human fibroblasts""], [""cell_type"", ""lung mouse alveolar type 2 cells and primary human fibroblasts""], [""genotype"", ""Wif1 CRISPR/Cas9 knockout""], [""batch"", ""plate4-4""]]"
GSE307351	GSM9216709	SAMN50935091	SRS26383932	lung alveolar organoid, Gsk3b knockout, plate4-4 well D06	"[""batch"", ""cell_type"", ""collection_date"", ""genotype"", ""geo_loc_name"", ""source_name""]"	"[[""source_name"", ""lung mouse alveolar type 2 cells and primary human fibroblasts""], [""cell_type"", ""lung mouse alveolar type 2 cells and primary human fibroblasts""], [""genotype"", ""Gsk3b CRISPR/Cas9 knockout""], [""batch"", ""plate4-4""]]"
GSE307351	GSM9216710	SAMN50935090	SRS26383934	lung alveolar organoid, Tigit knockout, plate4-4 well D07	"[""batch"", ""cell_type"", ""collection_date"", ""genotype"", ""geo_loc_name"", ""source_name""]"	"[[""source_name"", ""lung mouse alveolar type 2 cells and primary human fibroblasts""], [""cell_type"", ""lung mouse alveolar type 2 cells and primary human fibroblasts""], [""genotype"", ""Tigit CRISPR/Cas9 knockout""], [""batch"", ""plate4-4""]]"
GSE307351	GSM9216711	SAMN50935089	SRS26383936	lung alveolar organoid, Fbxw11 knockout, plate4-4 well D08	"[""batch"", ""cell_type"", ""collection_date"", ""genotype"", ""geo_loc_name"", ""source_name""]"	"[[""source_name"", ""lung mouse alveolar type 2 cells and primary human fibroblasts""], [""cell_type"", ""lung mouse alveolar type 2 cells and primary human fibroblasts""], [""genotype"", ""Fbxw11 CRISPR/Cas9 knockout""], [""batch"", ""plate4-4""]]"
GSE307351	GSM9216712	SAMN50935088	SRS26383935	lung alveolar organoid, Pde7b knockout, plate4-4 well D09	"[""batch"", ""cell_type"", ""collection_date"", ""genotype"", ""geo_loc_name"", ""source_name""]"	"[[""source_name"", ""lung mouse alveolar type 2 cells and primary human fibroblasts""], [""cell_type"", ""lung mouse alveolar type 2 cells and primary human fibroblasts""], [""genotype"", ""Pde7b CRISPR/Cas9 knockout""], [""batch"", ""plate4-4""]]"
GSE307351	GSM9216713	SAMN50935087	SRS26383937	lung alveolar organoid, Hbegf knockout, plate4-4 well D10	"[""batch"", ""cell_type"", ""collection_date"", ""genotype"", ""geo_loc_name"", ""source_name""]"	"[[""source_name"", ""lung mouse alveolar type 2 cells and primary human fibroblasts""], [""cell_type"", ""lung mouse alveolar type 2 cells and primary human fibroblasts""], [""genotype"", ""Hbegf CRISPR/Cas9 knockout""], [""batch"", ""plate4-4""]]"
GSE307351	GSM9216714	SAMN50935086	SRS26383938	lung alveolar organoid, Kcnj15 knockout, plate4-4 well D11	"[""batch"", ""cell_type"", ""collection_date"", ""genotype"", ""geo_loc_name"", ""source_name""]"	"[[""source_name"", ""lung mouse alveolar type 2 cells and primary human fibroblasts""], [""cell_type"", ""lung mouse alveolar type 2 cells and primary human fibroblasts""], [""genotype"", ""Kcnj15 CRISPR/Cas9 knockout""], [""batch"", ""plate4-4""]]"
GSE307351	GSM9216715	SAMN50935085	SRS26384438	lung alveolar organoid, Crispld2 knockout, plate4-4 well E02	"[""batch"", ""cell_type"", ""collection_date"", ""genotype"", ""geo_loc_name"", ""source_name""]"	"[[""source_name"", ""lung mouse alveolar type 2 cells and primary human fibroblasts""], [""cell_type"", ""lung mouse alveolar type 2 cells and primary human fibroblasts""], [""genotype"", ""Crispld2 CRISPR/Cas9 knockout""], [""batch"", ""plate4-4""]]"
GSE307351	GSM9216716	SAMN50935084	SRS26384440	lung alveolar organoid, Tigit knockout, plate4-4 well E03	"[""batch"", ""cell_type"", ""collection_date"", ""genotype"", ""geo_loc_name"", ""source_name""]"	"[[""source_name"", ""lung mouse alveolar type 2 cells and primary human fibroblasts""], [""cell_type"", ""lung mouse alveolar type 2 cells and primary human fibroblasts""], [""genotype"", ""Tigit CRISPR/Cas9 knockout""], [""batch"", ""plate4-4""]]"
GSE307351	GSM9216717	SAMN50935083	SRS26384439	lung alveolar organoid, Siah1a knockout, plate4-4 well E04	"[""batch"", ""cell_type"", ""collection_date"", ""genotype"", ""geo_loc_name"", ""source_name""]"	"[[""source_name"", ""lung mouse alveolar type 2 cells and primary human fibroblasts""], [""cell_type"", ""lung mouse alveolar type 2 cells and primary human fibroblasts""], [""genotype"", ""Siah1a CRISPR/Cas9 knockout""], [""batch"", ""plate4-4""]]"
GSE307351	GSM9216718	SAMN50935082	SRS26384441	lung alveolar organoid, Jup knockout, plate4-4 well E05	"[""batch"", ""cell_type"", ""collection_date"", ""genotype"", ""geo_loc_name"", ""source_name""]"	"[[""source_name"", ""lung mouse alveolar type 2 cells and primary human fibroblasts""], [""cell_type"", ""lung mouse alveolar type 2 cells and primary human fibroblasts""], [""genotype"", ""Jup CRISPR/Cas9 knockout""], [""batch"", ""plate4-4""]]"
GSE307351	GSM9216719	SAMN50935081	SRS26384442	lung alveolar organoid, Celsr2 knockout, plate4-4 well E06	"[""batch"", ""cell_type"", ""collection_date"", ""genotype"", ""geo_loc_name"", ""source_name""]"	"[[""source_name"", ""lung mouse alveolar type 2 cells and primary human fibroblasts""], [""cell_type"", ""lung mouse alveolar type 2 cells and primary human fibroblasts""], [""genotype"", ""Celsr2 CRISPR/Cas9 knockout""], [""batch"", ""plate4-4""]]"
GSE307351	GSM9216720	SAMN50935080	SRS26384443	lung alveolar organoid, Apc knockout, plate4-4 well E07	"[""batch"", ""cell_type"", ""collection_date"", ""genotype"", ""geo_loc_name"", ""source_name""]"	"[[""source_name"", ""lung mouse alveolar type 2 cells and primary human fibroblasts""], [""cell_type"", ""lung mouse alveolar type 2 cells and primary human fibroblasts""], [""genotype"", ""Apc CRISPR/Cas9 knockout""], [""batch"", ""plate4-4""]]"
GSE307351	GSM9216721	SAMN50935079	SRS26384444	lung alveolar organoid, Mlc1 knockout, plate4-4 well E08	"[""batch"", ""cell_type"", ""collection_date"", ""genotype"", ""geo_loc_name"", ""source_name""]"	"[[""source_name"", ""lung mouse alveolar type 2 cells and primary human fibroblasts""], [""cell_type"", ""lung mouse alveolar type 2 cells and primary human fibroblasts""], [""genotype"", ""Mlc1 CRISPR/Cas9 knockout""], [""batch"", ""plate4-4""]]"
GSE307351	GSM9216722	SAMN50935078	SRS26384446	lung alveolar organoid, Cdkn2b knockout, plate4-4 well E09	"[""batch"", ""cell_type"", ""collection_date"", ""genotype"", ""geo_loc_name"", ""source_name""]"	"[[""source_name"", ""lung mouse alveolar type 2 cells and primary human fibroblasts""], [""cell_type"", ""lung mouse alveolar type 2 cells and primary human fibroblasts""], [""genotype"", ""Cdkn2b CRISPR/Cas9 knockout""], [""batch"", ""plate4-4""]]"
GSE307351	GSM9216723	SAMN50935077	SRS26384209	lung alveolar organoid, Sema3e knockout, plate4-4 well E10	"[""batch"", ""cell_type"", ""collection_date"", ""genotype"", ""geo_loc_name"", ""source_name""]"	"[[""source_name"", ""lung mouse alveolar type 2 cells and primary human fibroblasts""], [""cell_type"", ""lung mouse alveolar type 2 cells and primary human fibroblasts""], [""genotype"", ""Sema3e CRISPR/Cas9 knockout""], [""batch"", ""plate4-4""]]"
GSE307351	GSM9216724	SAMN50935076	SRS26384211	lung alveolar organoid, Slc34a2 knockout, plate4-4 well E11	"[""batch"", ""cell_type"", ""collection_date"", ""genotype"", ""geo_loc_name"", ""source_name""]"	"[[""source_name"", ""lung mouse alveolar type 2 cells and primary human fibroblasts""], [""cell_type"", ""lung mouse alveolar type 2 cells and primary human fibroblasts""], [""genotype"", ""Slc34a2 CRISPR/Cas9 knockout""], [""batch"", ""plate4-4""]]"
GSE307351	GSM9216725	SAMN50935075	SRS26384213	lung alveolar organoid, Tigit knockout, plate4-4 well F02	"[""batch"", ""cell_type"", ""collection_date"", ""genotype"", ""geo_loc_name"", ""source_name""]"	"[[""source_name"", ""lung mouse alveolar type 2 cells and primary human fibroblasts""], [""cell_type"", ""lung mouse alveolar type 2 cells and primary human fibroblasts""], [""genotype"", ""Tigit CRISPR/Cas9 knockout""], [""batch"", ""plate4-4""]]"
GSE307351	GSM9216726	SAMN50935074	SRS26384214	lung alveolar organoid, Znrf3 knockout, plate4-4 well F03	"[""batch"", ""cell_type"", ""collection_date"", ""genotype"", ""geo_loc_name"", ""source_name""]"	"[[""source_name"", ""lung mouse alveolar type 2 cells and primary human fibroblasts""], [""cell_type"", ""lung mouse alveolar type 2 cells and primary human fibroblasts""], [""genotype"", ""Znrf3 CRISPR/Cas9 knockout""], [""batch"", ""plate4-4""]]"
GSE307351	GSM9216727	SAMN50935073	SRS26384219	lung alveolar organoid, Usp6nl knockout, plate4-4 well F04	"[""batch"", ""cell_type"", ""collection_date"", ""genotype"", ""geo_loc_name"", ""source_name""]"	"[[""source_name"", ""lung mouse alveolar type 2 cells and primary human fibroblasts""], [""cell_type"", ""lung mouse alveolar type 2 cells and primary human fibroblasts""], [""genotype"", ""Usp6nl CRISPR/Cas9 knockout""], [""batch"", ""plate4-4""]]"
GSE307351	GSM9216728	SAMN50935072	SRS26384216	lung alveolar organoid, Sh3rf1 knockout, plate4-4 well F05	"[""batch"", ""cell_type"", ""collection_date"", ""genotype"", ""geo_loc_name"", ""source_name""]"	"[[""source_name"", ""lung mouse alveolar type 2 cells and primary human fibroblasts""], [""cell_type"", ""lung mouse alveolar type 2 cells and primary human fibroblasts""], [""genotype"", ""Sh3rf1 CRISPR/Cas9 knockout""], [""batch"", ""plate4-4""]]"
GSE307351	GSM9216729	SAMN50935071	SRS26384215	lung alveolar organoid, Celsr3 knockout, plate4-4 well F06	"[""batch"", ""cell_type"", ""collection_date"", ""genotype"", ""geo_loc_name"", ""source_name""]"	"[[""source_name"", ""lung mouse alveolar type 2 cells and primary human fibroblasts""], [""cell_type"", ""lung mouse alveolar type 2 cells and primary human fibroblasts""], [""genotype"", ""Celsr3 CRISPR/Cas9 knockout""], [""batch"", ""plate4-4""]]"
GSE307351	GSM9216730	SAMN50935070	SRS26384217	lung alveolar organoid, Spry1 knockout, plate4-4 well F07	"[""batch"", ""cell_type"", ""collection_date"", ""genotype"", ""geo_loc_name"", ""source_name""]"	"[[""source_name"", ""lung mouse alveolar type 2 cells and primary human fibroblasts""], [""cell_type"", ""lung mouse alveolar type 2 cells and primary human fibroblasts""], [""genotype"", ""Spry1 CRISPR/Cas9 knockout""], [""batch"", ""plate4-4""]]"
GSE307351	GSM9216731	SAMN50935069	SRS26384220	lung alveolar organoid, Zfp385b knockout, plate4-4 well F08	"[""batch"", ""cell_type"", ""collection_date"", ""genotype"", ""geo_loc_name"", ""source_name""]"	"[[""source_name"", ""lung mouse alveolar type 2 cells and primary human fibroblasts""], [""cell_type"", ""lung mouse alveolar type 2 cells and primary human fibroblasts""], [""genotype"", ""Zfp385b CRISPR/Cas9 knockout""], [""batch"", ""plate4-4""]]"
GSE307351	GSM9216732	SAMN50935068	SRS26384218	lung alveolar organoid, Bdnf knockout, plate4-4 well F09	"[""batch"", ""cell_type"", ""collection_date"", ""genotype"", ""geo_loc_name"", ""source_name""]"	"[[""source_name"", ""lung mouse alveolar type 2 cells and primary human fibroblasts""], [""cell_type"", ""lung mouse alveolar type 2 cells and primary human fibroblasts""], [""genotype"", ""Bdnf CRISPR/Cas9 knockout""], [""batch"", ""plate4-4""]]"
GSE307351	GSM9216733	SAMN50935067	SRS26384225	lung alveolar organoid, Zfp365 knockout, plate4-4 well F10	"[""batch"", ""cell_type"", ""collection_date"", ""genotype"", ""geo_loc_name"", ""source_name""]"	"[[""source_name"", ""lung mouse alveolar type 2 cells and primary human fibroblasts""], [""cell_type"", ""lung mouse alveolar type 2 cells and primary human fibroblasts""], [""genotype"", ""Zfp365 CRISPR/Cas9 knockout""], [""batch"", ""plate4-4""]]"
GSE307351	GSM9216734	SAMN50935066	SRS26384221	lung alveolar organoid, Npr1 knockout, plate4-4 well F11	"[""batch"", ""cell_type"", ""collection_date"", ""genotype"", ""geo_loc_name"", ""source_name""]"	"[[""source_name"", ""lung mouse alveolar type 2 cells and primary human fibroblasts""], [""cell_type"", ""lung mouse alveolar type 2 cells and primary human fibroblasts""], [""genotype"", ""Npr1 CRISPR/Cas9 knockout""], [""batch"", ""plate4-4""]]"
GSE307351	GSM9216735	SAMN50935065	SRS26384222	lung alveolar organoid, Rnf43 knockout, plate4-4 well G02	"[""batch"", ""cell_type"", ""collection_date"", ""genotype"", ""geo_loc_name"", ""source_name""]"	"[[""source_name"", ""lung mouse alveolar type 2 cells and primary human fibroblasts""], [""cell_type"", ""lung mouse alveolar type 2 cells and primary human fibroblasts""], [""genotype"", ""Rnf43 CRISPR/Cas9 knockout""], [""batch"", ""plate4-4""]]"
GSE307351	GSM9216736	SAMN50935064	SRS26384223	lung alveolar organoid, Lgr4 knockout, plate4-4 well G03	"[""batch"", ""cell_type"", ""collection_date"", ""genotype"", ""geo_loc_name"", ""source_name""]"	"[[""source_name"", ""lung mouse alveolar type 2 cells and primary human fibroblasts""], [""cell_type"", ""lung mouse alveolar type 2 cells and primary human fibroblasts""], [""genotype"", ""Lgr4 CRISPR/Cas9 knockout""], [""batch"", ""plate4-4""]]"
GSE307351	GSM9216737	SAMN50935063	SRS26384224	lung alveolar organoid, Dvl1 knockout, plate4-4 well G04	"[""batch"", ""cell_type"", ""collection_date"", ""genotype"", ""geo_loc_name"", ""source_name""]"	"[[""source_name"", ""lung mouse alveolar type 2 cells and primary human fibroblasts""], [""cell_type"", ""lung mouse alveolar type 2 cells and primary human fibroblasts""], [""genotype"", ""Dvl1 CRISPR/Cas9 knockout""], [""batch"", ""plate4-4""]]"
GSE307351	GSM9216738	SAMN50935062	SRS26384226	lung alveolar organoid, Pdlim2 knockout, plate4-4 well G05	"[""batch"", ""cell_type"", ""collection_date"", ""genotype"", ""geo_loc_name"", ""source_name""]"	"[[""source_name"", ""lung mouse alveolar type 2 cells and primary human fibroblasts""], [""cell_type"", ""lung mouse alveolar type 2 cells and primary human fibroblasts""], [""genotype"", ""Pdlim2 CRISPR/Cas9 knockout""], [""batch"", ""plate4-4""]]"
GSE307351	GSM9216739	SAMN50935061	SRS26383939	lung alveolar organoid, Usp6nl knockout, plate4-4 well G06	"[""batch"", ""cell_type"", ""collection_date"", ""genotype"", ""geo_loc_name"", ""source_name""]"	"[[""source_name"", ""lung mouse alveolar type 2 cells and primary human fibroblasts""], [""cell_type"", ""lung mouse alveolar type 2 cells and primary human fibroblasts""], [""genotype"", ""Usp6nl CRISPR/Cas9 knockout""], [""batch"", ""plate4-4""]]"
GSE307351	GSM9216740	SAMN50935060	SRS26383940	lung alveolar organoid, Spry2 knockout, plate4-4 well G07	"[""batch"", ""cell_type"", ""collection_date"", ""genotype"", ""geo_loc_name"", ""source_name""]"	"[[""source_name"", ""lung mouse alveolar type 2 cells and primary human fibroblasts""], [""cell_type"", ""lung mouse alveolar type 2 cells and primary human fibroblasts""], [""genotype"", ""Spry2 CRISPR/Cas9 knockout""], [""batch"", ""plate4-4""]]"
GSE307351	GSM9216741	SAMN50935059	SRS26383941	lung alveolar organoid, Lrg1 knockout, plate4-4 well G08	"[""batch"", ""cell_type"", ""collection_date"", ""genotype"", ""geo_loc_name"", ""source_name""]"	"[[""source_name"", ""lung mouse alveolar type 2 cells and primary human fibroblasts""], [""cell_type"", ""lung mouse alveolar type 2 cells and primary human fibroblasts""], [""genotype"", ""Lrg1 CRISPR/Cas9 knockout""], [""batch"", ""plate4-4""]]"
GSE307351	GSM9216742	SAMN50935058	SRS26383942	lung alveolar organoid, Csf1r knockout, plate4-4 well G09	"[""batch"", ""cell_type"", ""collection_date"", ""genotype"", ""geo_loc_name"", ""source_name""]"	"[[""source_name"", ""lung mouse alveolar type 2 cells and primary human fibroblasts""], [""cell_type"", ""lung mouse alveolar type 2 cells and primary human fibroblasts""], [""genotype"", ""Csf1r CRISPR/Cas9 knockout""], [""batch"", ""plate4-4""]]"
GSE307351	GSM9216743	SAMN50935057	SRS26383943	lung alveolar organoid, Tdtomato knockout, plate4-4 well G10	"[""batch"", ""cell_type"", ""collection_date"", ""genotype"", ""geo_loc_name"", ""source_name""]"	"[[""source_name"", ""lung mouse alveolar type 2 cells and primary human fibroblasts""], [""cell_type"", ""lung mouse alveolar type 2 cells and primary human fibroblasts""], [""genotype"", ""Tdtomato CRISPR/Cas9 knockout""], [""batch"", ""plate4-4""]]"
GSE307351	GSM9216744	SAMN50935056	SRS26383946	lung alveolar organoid, Tigit knockout, plate4-4 well G11	"[""batch"", ""cell_type"", ""collection_date"", ""genotype"", ""geo_loc_name"", ""source_name""]"	"[[""source_name"", ""lung mouse alveolar type 2 cells and primary human fibroblasts""], [""cell_type"", ""lung mouse alveolar type 2 cells and primary human fibroblasts""], [""genotype"", ""Tigit CRISPR/Cas9 knockout""], [""batch"", ""plate4-4""]]"
GSE307351	GSM9216987	SAMN51015637	SRS26393644	Block 8, WT	"[""batch"", ""collection_date"", ""genotype"", ""geo_loc_name"", ""source_name"", ""tissue"", ""treatment""]"	"[[""source_name"", ""Lung""], [""tissue"", ""Lung""], [""genotype"", ""WT""], [""batch"", ""25036""]]"
GSE307351	GSM9216988	SAMN51015636	SRS26393645	Block 10, Nkx2.1 KO	"[""batch"", ""collection_date"", ""genotype"", ""geo_loc_name"", ""source_name"", ""tissue"", ""treatment""]"	"[[""source_name"", ""Lung""], [""tissue"", ""Lung""], [""genotype"", ""Nkx2.1 KO""], [""batch"", ""25036""]]"
GSE307351	GSM9216989	SAMN51015635	SRS26393646	Block 15, Nkx2.1 KO	"[""batch"", ""collection_date"", ""genotype"", ""geo_loc_name"", ""source_name"", ""tissue"", ""treatment""]"	"[[""source_name"", ""Lung""], [""tissue"", ""Lung""], [""genotype"", ""Nkx2.1 KO""], [""batch"", ""25036""]]"
GSE307351	GSM9216990	SAMN51015634	SRS26393647	Block 16, WT	"[""batch"", ""collection_date"", ""genotype"", ""geo_loc_name"", ""source_name"", ""tissue"", ""treatment""]"	"[[""source_name"", ""Lung""], [""tissue"", ""Lung""], [""genotype"", ""WT""], [""batch"", ""25036""]]"
