mode	unit	state	lineage	day	condition	sex	cells	total_umi
doublets_removed	EEM-scRNA-113	AF1	Mesenchyme	6.0	H1N1_infected	f	503	4430066
doublets_removed	EEM-scRNA-113	AF2	Mesenchyme	6.0	H1N1_infected	f	144	539269
doublets_removed	EEM-scRNA-113	AT1	Epithelium	6.0	H1N1_infected	f	11	108215
doublets_removed	EEM-scRNA-113	AT1_AT2	Epithelium	6.0	H1N1_infected	f	19	460346
doublets_removed	EEM-scRNA-113	AT2	Epithelium	6.0	H1N1_infected	f	120	2064547
doublets_removed	EEM-scRNA-113	Adventitial_fibroblast	Mesenchyme	6.0	H1N1_infected	f	104	1982572
doublets_removed	EEM-scRNA-113	Alveolar_transitional	Epithelium	6.0	H1N1_infected	f	4	47587
doublets_removed	EEM-scRNA-113	Arterial_endothelium	Endothelium	6.0	H1N1_infected	f	53	861465
doublets_removed	EEM-scRNA-113	B_lymphocyte	Lymphoid	6.0	H1N1_infected	f	30	154580
doublets_removed	EEM-scRNA-113	CAP1	Endothelium	6.0	H1N1_infected	f	962	6153892
doublets_removed	EEM-scRNA-113	CAP2	Endothelium	6.0	H1N1_infected	f	117	570082
doublets_removed	EEM-scRNA-113	Ciliated	Epithelium	6.0	H1N1_infected	f	63	1321229
doublets_removed	EEM-scRNA-113	Lymphatic_endothelium	Endothelium	6.0	H1N1_infected	f	47	500582
doublets_removed	EEM-scRNA-113	Mesothelium	Mesenchyme	6.0	H1N1_infected	f	15	193784
doublets_removed	EEM-scRNA-113	NK_cell	Lymphoid	6.0	H1N1_infected	f	22	97470
doublets_removed	EEM-scRNA-113	Neutrophil	Myeloid	6.0	H1N1_infected	f	44	165518
doublets_removed	EEM-scRNA-113	Peribronchial_fibroblast	Mesenchyme	6.0	H1N1_infected	f	25	219839
doublets_removed	EEM-scRNA-113	Plasma_cell	Lymphoid	6.0	H1N1_infected	f	8	149714
doublets_removed	EEM-scRNA-113	Secretory	Epithelium	6.0	H1N1_infected	f	10	406861
doublets_removed	EEM-scRNA-113	T_lymphocyte	Lymphoid	6.0	H1N1_infected	f	49	394020
doublets_removed	EEM-scRNA-113	VSMC	Mesenchyme	6.0	H1N1_infected	f	42	639036
doublets_removed	EEM-scRNA-113	Venous_endothelium	Endothelium	6.0	H1N1_infected	f	61	888636
doublets_removed	EEM-scRNA-113	aMAC	Myeloid	6.0	H1N1_infected	f	13	405261
doublets_removed	EEM-scRNA-113	cDC1	Myeloid	6.0	H1N1_infected	f	3	40346
doublets_removed	EEM-scRNA-113	cDC2	Myeloid	6.0	H1N1_infected	f	4	76306
doublets_removed	EEM-scRNA-113	cMON	Myeloid	6.0	H1N1_infected	f	11	155065
doublets_removed	EEM-scRNA-113	iMAC	Myeloid	6.0	H1N1_infected	f	3	26476
doublets_removed	EEM-scRNA-113	iMON	Myeloid	6.0	H1N1_infected	f	98	1089958
doublets_removed	EEM-scRNA-113	maDC	Myeloid	6.0	H1N1_infected	f	1	3645
doublets_removed	EEM-scRNA-113	pMON	Myeloid	6.0	H1N1_infected	f	9	50782
doublets_removed	EEM-scRNA-116	AF1	Mesenchyme	11.0	H1N1_infected	m	768	14115470
doublets_removed	EEM-scRNA-116	AF2	Mesenchyme	11.0	H1N1_infected	m	70	356449
doublets_removed	EEM-scRNA-116	AT1	Epithelium	11.0	H1N1_infected	m	35	636923
doublets_removed	EEM-scRNA-116	AT1_AT2	Epithelium	11.0	H1N1_infected	m	4	180024
doublets_removed	EEM-scRNA-116	AT2	Epithelium	11.0	H1N1_infected	m	40	971878
doublets_removed	EEM-scRNA-116	Adventitial_fibroblast	Mesenchyme	11.0	H1N1_infected	m	331	6018420
doublets_removed	EEM-scRNA-116	Alveolar_transitional	Epithelium	11.0	H1N1_infected	m	23	590948
doublets_removed	EEM-scRNA-116	Arterial_endothelium	Endothelium	11.0	H1N1_infected	m	73	1058218
doublets_removed	EEM-scRNA-116	B_lymphocyte	Lymphoid	11.0	H1N1_infected	m	16	53458
doublets_removed	EEM-scRNA-116	CAP1	Endothelium	11.0	H1N1_infected	m	1548	15269988
doublets_removed	EEM-scRNA-116	CAP2	Endothelium	11.0	H1N1_infected	m	128	657136
doublets_removed	EEM-scRNA-116	Ciliated	Epithelium	11.0	H1N1_infected	m	51	1251290
doublets_removed	EEM-scRNA-116	Krt5	Epithelium	11.0	H1N1_infected	m	6	85415
doublets_removed	EEM-scRNA-116	Lymphatic_endothelium	Endothelium	11.0	H1N1_infected	m	110	1601293
doublets_removed	EEM-scRNA-116	Mesothelium	Mesenchyme	11.0	H1N1_infected	m	68	1878482
doublets_removed	EEM-scRNA-116	NK_cell	Lymphoid	11.0	H1N1_infected	m	5	35397
doublets_removed	EEM-scRNA-116	Neutrophil	Myeloid	11.0	H1N1_infected	m	76	180848
doublets_removed	EEM-scRNA-116	Peribronchial_fibroblast	Mesenchyme	11.0	H1N1_infected	m	85	943972
doublets_removed	EEM-scRNA-116	Plasma_cell	Lymphoid	11.0	H1N1_infected	m	1	14650
doublets_removed	EEM-scRNA-116	Secretory	Epithelium	11.0	H1N1_infected	m	10	299992
doublets_removed	EEM-scRNA-116	T_lymphocyte	Lymphoid	11.0	H1N1_infected	m	136	790095
doublets_removed	EEM-scRNA-116	VSMC	Mesenchyme	11.0	H1N1_infected	m	70	963139
doublets_removed	EEM-scRNA-116	Venous_endothelium	Endothelium	11.0	H1N1_infected	m	104	1318394
doublets_removed	EEM-scRNA-116	aMAC	Myeloid	11.0	H1N1_infected	m	12	343825
doublets_removed	EEM-scRNA-116	cDC1	Myeloid	11.0	H1N1_infected	m	6	107205
doublets_removed	EEM-scRNA-116	cDC2	Myeloid	11.0	H1N1_infected	m	9	115145
doublets_removed	EEM-scRNA-116	cMON	Myeloid	11.0	H1N1_infected	m	35	278551
doublets_removed	EEM-scRNA-116	iMAC	Myeloid	11.0	H1N1_infected	m	10	98881
doublets_removed	EEM-scRNA-116	iMON	Myeloid	11.0	H1N1_infected	m	99	1336740
doublets_removed	EEM-scRNA-116	pMON	Myeloid	11.0	H1N1_infected	m	6	43896
doublets_removed	EEM-scRNA-117	AF1	Mesenchyme	19.0	H1N1_infected	m	969	13818789
doublets_removed	EEM-scRNA-117	AF2	Mesenchyme	19.0	H1N1_infected	m	43	272956
doublets_removed	EEM-scRNA-117	AT1	Epithelium	19.0	H1N1_infected	m	51	597692
doublets_removed	EEM-scRNA-117	AT1_AT2	Epithelium	19.0	H1N1_infected	m	13	342025
doublets_removed	EEM-scRNA-117	AT2	Epithelium	19.0	H1N1_infected	m	152	2442937
doublets_removed	EEM-scRNA-117	Adventitial_fibroblast	Mesenchyme	19.0	H1N1_infected	m	337	3430806
doublets_removed	EEM-scRNA-117	Alveolar_transitional	Epithelium	19.0	H1N1_infected	m	14	320391
doublets_removed	EEM-scRNA-117	Arterial_endothelium	Endothelium	19.0	H1N1_infected	m	51	597596
doublets_removed	EEM-scRNA-117	B_lymphocyte	Lymphoid	19.0	H1N1_infected	m	27	158679
doublets_removed	EEM-scRNA-117	CAP1	Endothelium	19.0	H1N1_infected	m	1625	16671557
doublets_removed	EEM-scRNA-117	CAP2	Endothelium	19.0	H1N1_infected	m	165	977031
doublets_removed	EEM-scRNA-117	Ciliated	Epithelium	19.0	H1N1_infected	m	47	677887
doublets_removed	EEM-scRNA-117	Krt5	Epithelium	19.0	H1N1_infected	m	46	678194
doublets_removed	EEM-scRNA-117	Lymphatic_endothelium	Endothelium	19.0	H1N1_infected	m	110	923871
doublets_removed	EEM-scRNA-117	Mesothelium	Mesenchyme	19.0	H1N1_infected	m	44	883718
doublets_removed	EEM-scRNA-117	NK_cell	Lymphoid	19.0	H1N1_infected	m	18	70126
doublets_removed	EEM-scRNA-117	Neutrophil	Myeloid	19.0	H1N1_infected	m	30	132655
doublets_removed	EEM-scRNA-117	Peribronchial_fibroblast	Mesenchyme	19.0	H1N1_infected	m	51	483823
doublets_removed	EEM-scRNA-117	Plasma_cell	Lymphoid	19.0	H1N1_infected	m	2	23960
doublets_removed	EEM-scRNA-117	Secretory	Epithelium	19.0	H1N1_infected	m	13	243410
doublets_removed	EEM-scRNA-117	T_lymphocyte	Lymphoid	19.0	H1N1_infected	m	85	436104
doublets_removed	EEM-scRNA-117	VSMC	Mesenchyme	19.0	H1N1_infected	m	49	443907
doublets_removed	EEM-scRNA-117	Venous_endothelium	Endothelium	19.0	H1N1_infected	m	107	1416404
doublets_removed	EEM-scRNA-117	aMAC	Myeloid	19.0	H1N1_infected	m	143	2246620
doublets_removed	EEM-scRNA-117	cDC1	Myeloid	19.0	H1N1_infected	m	12	206032
doublets_removed	EEM-scRNA-117	cDC2	Myeloid	19.0	H1N1_infected	m	12	134087
doublets_removed	EEM-scRNA-117	cMON	Myeloid	19.0	H1N1_infected	m	15	104779
doublets_removed	EEM-scRNA-117	iMAC	Myeloid	19.0	H1N1_infected	m	21	174530
doublets_removed	EEM-scRNA-117	iMON	Myeloid	19.0	H1N1_infected	m	42	660769
doublets_removed	EEM-scRNA-117	pMON	Myeloid	19.0	H1N1_infected	m	13	67121
doublets_removed	EEM-scRNA-118	AF1	Mesenchyme	25.0	H1N1_infected	m	687	9944604
doublets_removed	EEM-scRNA-118	AF2	Mesenchyme	25.0	H1N1_infected	m	161	1019638
doublets_removed	EEM-scRNA-118	AT1	Epithelium	25.0	H1N1_infected	m	60	855777
doublets_removed	EEM-scRNA-118	AT1_AT2	Epithelium	25.0	H1N1_infected	m	18	635025
doublets_removed	EEM-scRNA-118	AT2	Epithelium	25.0	H1N1_infected	m	109	2044828
doublets_removed	EEM-scRNA-118	Adventitial_fibroblast	Mesenchyme	25.0	H1N1_infected	m	212	2705149
doublets_removed	EEM-scRNA-118	Alveolar_transitional	Epithelium	25.0	H1N1_infected	m	4	85641
doublets_removed	EEM-scRNA-118	Arterial_endothelium	Endothelium	25.0	H1N1_infected	m	50	462077
doublets_removed	EEM-scRNA-118	B_lymphocyte	Lymphoid	25.0	H1N1_infected	m	58	365737
doublets_removed	EEM-scRNA-118	CAP1	Endothelium	25.0	H1N1_infected	m	1682	14689398
doublets_removed	EEM-scRNA-118	CAP2	Endothelium	25.0	H1N1_infected	m	62	249853
doublets_removed	EEM-scRNA-118	Ciliated	Epithelium	25.0	H1N1_infected	m	59	863534
doublets_removed	EEM-scRNA-118	Krt5	Epithelium	25.0	H1N1_infected	m	13	151426
doublets_removed	EEM-scRNA-118	Lymphatic_endothelium	Endothelium	25.0	H1N1_infected	m	199	1499189
doublets_removed	EEM-scRNA-118	Mesothelium	Mesenchyme	25.0	H1N1_infected	m	41	796676
doublets_removed	EEM-scRNA-118	NK_cell	Lymphoid	25.0	H1N1_infected	m	6	45113
doublets_removed	EEM-scRNA-118	Neutrophil	Myeloid	25.0	H1N1_infected	m	26	68940
doublets_removed	EEM-scRNA-118	Peribronchial_fibroblast	Mesenchyme	25.0	H1N1_infected	m	52	512769
doublets_removed	EEM-scRNA-118	Plasma_cell	Lymphoid	25.0	H1N1_infected	m	8	84910
doublets_removed	EEM-scRNA-118	Secretory	Epithelium	25.0	H1N1_infected	m	8	165377
doublets_removed	EEM-scRNA-118	T_lymphocyte	Lymphoid	25.0	H1N1_infected	m	91	469137
doublets_removed	EEM-scRNA-118	VSMC	Mesenchyme	25.0	H1N1_infected	m	40	360039
doublets_removed	EEM-scRNA-118	Venous_endothelium	Endothelium	25.0	H1N1_infected	m	109	1487212
doublets_removed	EEM-scRNA-118	aMAC	Myeloid	25.0	H1N1_infected	m	47	961691
doublets_removed	EEM-scRNA-118	cDC1	Myeloid	25.0	H1N1_infected	m	17	301673
doublets_removed	EEM-scRNA-118	cDC2	Myeloid	25.0	H1N1_infected	m	8	107007
doublets_removed	EEM-scRNA-118	cMON	Myeloid	25.0	H1N1_infected	m	33	261485
doublets_removed	EEM-scRNA-118	iMAC	Myeloid	25.0	H1N1_infected	m	28	244108
doublets_removed	EEM-scRNA-118	iMON	Myeloid	25.0	H1N1_infected	m	23	448410
doublets_removed	EEM-scRNA-118	maDC	Myeloid	25.0	H1N1_infected	m	4	40056
doublets_removed	EEM-scRNA-118	pMON	Myeloid	25.0	H1N1_infected	m	23	121644
doublets_removed	EEM-scRNA-124	AF1	Mesenchyme	42.0	H1N1_infected	f	649	8267632
doublets_removed	EEM-scRNA-124	AF2	Mesenchyme	42.0	H1N1_infected	f	55	351552
doublets_removed	EEM-scRNA-124	AT1	Epithelium	42.0	H1N1_infected	f	34	400486
doublets_removed	EEM-scRNA-124	AT1_AT2	Epithelium	42.0	H1N1_infected	f	1	15593
doublets_removed	EEM-scRNA-124	AT2	Epithelium	42.0	H1N1_infected	f	52	889576
doublets_removed	EEM-scRNA-124	Adventitial_fibroblast	Mesenchyme	42.0	H1N1_infected	f	140	1655708
doublets_removed	EEM-scRNA-124	Alveolar_transitional	Epithelium	42.0	H1N1_infected	f	3	72945
doublets_removed	EEM-scRNA-124	Arterial_endothelium	Endothelium	42.0	H1N1_infected	f	32	467326
doublets_removed	EEM-scRNA-124	B_lymphocyte	Lymphoid	42.0	H1N1_infected	f	21	175775
doublets_removed	EEM-scRNA-124	CAP1	Endothelium	42.0	H1N1_infected	f	1557	15273949
doublets_removed	EEM-scRNA-124	CAP2	Endothelium	42.0	H1N1_infected	f	148	1191166
doublets_removed	EEM-scRNA-124	Ciliated	Epithelium	42.0	H1N1_infected	f	38	703079
doublets_removed	EEM-scRNA-124	Krt5	Epithelium	42.0	H1N1_infected	f	8	85218
doublets_removed	EEM-scRNA-124	Lymphatic_endothelium	Endothelium	42.0	H1N1_infected	f	66	382090
doublets_removed	EEM-scRNA-124	Mesothelium	Mesenchyme	42.0	H1N1_infected	f	51	951759
doublets_removed	EEM-scRNA-124	NK_cell	Lymphoid	42.0	H1N1_infected	f	2	69048
doublets_removed	EEM-scRNA-124	Neutrophil	Myeloid	42.0	H1N1_infected	f	27	84361
doublets_removed	EEM-scRNA-124	Peribronchial_fibroblast	Mesenchyme	42.0	H1N1_infected	f	22	177185
doublets_removed	EEM-scRNA-124	Plasma_cell	Lymphoid	42.0	H1N1_infected	f	17	408645
doublets_removed	EEM-scRNA-124	Secretory	Epithelium	42.0	H1N1_infected	f	27	909316
doublets_removed	EEM-scRNA-124	T_lymphocyte	Lymphoid	42.0	H1N1_infected	f	42	295154
doublets_removed	EEM-scRNA-124	VSMC	Mesenchyme	42.0	H1N1_infected	f	30	256620
doublets_removed	EEM-scRNA-124	Venous_endothelium	Endothelium	42.0	H1N1_infected	f	83	1181315
doublets_removed	EEM-scRNA-124	aMAC	Myeloid	42.0	H1N1_infected	f	49	904433
doublets_removed	EEM-scRNA-124	cDC1	Myeloid	42.0	H1N1_infected	f	5	90360
doublets_removed	EEM-scRNA-124	cDC2	Myeloid	42.0	H1N1_infected	f	9	111220
doublets_removed	EEM-scRNA-124	cMON	Myeloid	42.0	H1N1_infected	f	4	33976
doublets_removed	EEM-scRNA-124	iMAC	Myeloid	42.0	H1N1_infected	f	19	170115
doublets_removed	EEM-scRNA-124	iMON	Myeloid	42.0	H1N1_infected	f	14	265040
doublets_removed	EEM-scRNA-124	maDC	Myeloid	42.0	H1N1_infected	f	1	14062
doublets_removed	EEM-scRNA-124	pMON	Myeloid	42.0	H1N1_infected	f	15	70433
doublets_removed	EEM-scRNA-125	AF1	Mesenchyme	42.0	H1N1_infected	m	1206	11578419
doublets_removed	EEM-scRNA-125	AF2	Mesenchyme	42.0	H1N1_infected	m	81	344216
doublets_removed	EEM-scRNA-125	AT1	Epithelium	42.0	H1N1_infected	m	76	683655
doublets_removed	EEM-scRNA-125	AT1_AT2	Epithelium	42.0	H1N1_infected	m	15	379828
doublets_removed	EEM-scRNA-125	AT2	Epithelium	42.0	H1N1_infected	m	136	1642479
doublets_removed	EEM-scRNA-125	Adventitial_fibroblast	Mesenchyme	42.0	H1N1_infected	m	230	1775188
doublets_removed	EEM-scRNA-125	Alveolar_transitional	Epithelium	42.0	H1N1_infected	m	2	21662
doublets_removed	EEM-scRNA-125	Arterial_endothelium	Endothelium	42.0	H1N1_infected	m	45	496825
doublets_removed	EEM-scRNA-125	B_lymphocyte	Lymphoid	42.0	H1N1_infected	m	49	217629
doublets_removed	EEM-scRNA-125	CAP1	Endothelium	42.0	H1N1_infected	m	1533	9861793
doublets_removed	EEM-scRNA-125	CAP2	Endothelium	42.0	H1N1_infected	m	84	424374
doublets_removed	EEM-scRNA-125	Ciliated	Epithelium	42.0	H1N1_infected	m	49	689706
doublets_removed	EEM-scRNA-125	Krt5	Epithelium	42.0	H1N1_infected	m	51	387341
doublets_removed	EEM-scRNA-125	Lymphatic_endothelium	Endothelium	42.0	H1N1_infected	m	82	380743
doublets_removed	EEM-scRNA-125	Mesothelium	Mesenchyme	42.0	H1N1_infected	m	11	158408
doublets_removed	EEM-scRNA-125	NK_cell	Lymphoid	42.0	H1N1_infected	m	14	65515
doublets_removed	EEM-scRNA-125	Neutrophil	Myeloid	42.0	H1N1_infected	m	57	147225
doublets_removed	EEM-scRNA-125	Peribronchial_fibroblast	Mesenchyme	42.0	H1N1_infected	m	62	338189
doublets_removed	EEM-scRNA-125	Secretory	Epithelium	42.0	H1N1_infected	m	17	373170
doublets_removed	EEM-scRNA-125	T_lymphocyte	Lymphoid	42.0	H1N1_infected	m	95	378244
doublets_removed	EEM-scRNA-125	VSMC	Mesenchyme	42.0	H1N1_infected	m	59	437597
doublets_removed	EEM-scRNA-125	Venous_endothelium	Endothelium	42.0	H1N1_infected	m	79	754960
doublets_removed	EEM-scRNA-125	aMAC	Myeloid	42.0	H1N1_infected	m	78	932805
doublets_removed	EEM-scRNA-125	cDC1	Myeloid	42.0	H1N1_infected	m	24	304965
doublets_removed	EEM-scRNA-125	cDC2	Myeloid	42.0	H1N1_infected	m	9	95324
doublets_removed	EEM-scRNA-125	cMON	Myeloid	42.0	H1N1_infected	m	10	61034
doublets_removed	EEM-scRNA-125	iMAC	Myeloid	42.0	H1N1_infected	m	23	131617
doublets_removed	EEM-scRNA-125	iMON	Myeloid	42.0	H1N1_infected	m	4	43667
doublets_removed	EEM-scRNA-125	maDC	Myeloid	42.0	H1N1_infected	m	2	12715
doublets_removed	EEM-scRNA-125	pMON	Myeloid	42.0	H1N1_infected	m	10	37331
doublets_removed	EEM-scRNA-126	AF1	Mesenchyme	42.0	H1N1_infected	m	795	10010138
doublets_removed	EEM-scRNA-126	AF2	Mesenchyme	42.0	H1N1_infected	m	28	157964
doublets_removed	EEM-scRNA-126	AT1	Epithelium	42.0	H1N1_infected	m	24	335116
doublets_removed	EEM-scRNA-126	AT1_AT2	Epithelium	42.0	H1N1_infected	m	54	396582
doublets_removed	EEM-scRNA-126	AT2	Epithelium	42.0	H1N1_infected	m	88	1270910
doublets_removed	EEM-scRNA-126	Adventitial_fibroblast	Mesenchyme	42.0	H1N1_infected	m	234	2169354
doublets_removed	EEM-scRNA-126	Alveolar_transitional	Epithelium	42.0	H1N1_infected	m	1	17941
doublets_removed	EEM-scRNA-126	Arterial_endothelium	Endothelium	42.0	H1N1_infected	m	24	192891
doublets_removed	EEM-scRNA-126	B_lymphocyte	Lymphoid	42.0	H1N1_infected	m	51	237678
doublets_removed	EEM-scRNA-126	CAP1	Endothelium	42.0	H1N1_infected	m	1584	10687486
doublets_removed	EEM-scRNA-126	CAP2	Endothelium	42.0	H1N1_infected	m	228	1246754
doublets_removed	EEM-scRNA-126	Ciliated	Epithelium	42.0	H1N1_infected	m	15	384846
doublets_removed	EEM-scRNA-126	Krt5	Epithelium	42.0	H1N1_infected	m	335	3528162
doublets_removed	EEM-scRNA-126	Lymphatic_endothelium	Endothelium	42.0	H1N1_infected	m	60	313609
doublets_removed	EEM-scRNA-126	NK_cell	Lymphoid	42.0	H1N1_infected	m	15	78806
doublets_removed	EEM-scRNA-126	Neutrophil	Myeloid	42.0	H1N1_infected	m	69	225062
doublets_removed	EEM-scRNA-126	Peribronchial_fibroblast	Mesenchyme	42.0	H1N1_infected	m	55	300979
doublets_removed	EEM-scRNA-126	Secretory	Epithelium	42.0	H1N1_infected	m	35	1101719
doublets_removed	EEM-scRNA-126	T_lymphocyte	Lymphoid	42.0	H1N1_infected	m	79	499915
doublets_removed	EEM-scRNA-126	VSMC	Mesenchyme	42.0	H1N1_infected	m	39	332142
doublets_removed	EEM-scRNA-126	Venous_endothelium	Endothelium	42.0	H1N1_infected	m	89	913028
doublets_removed	EEM-scRNA-126	aMAC	Myeloid	42.0	H1N1_infected	m	102	1697850
doublets_removed	EEM-scRNA-126	cDC1	Myeloid	42.0	H1N1_infected	m	6	108644
doublets_removed	EEM-scRNA-126	cDC2	Myeloid	42.0	H1N1_infected	m	6	61515
doublets_removed	EEM-scRNA-126	cMON	Myeloid	42.0	H1N1_infected	m	23	206924
doublets_removed	EEM-scRNA-126	iMAC	Myeloid	42.0	H1N1_infected	m	25	207600
doublets_removed	EEM-scRNA-126	iMON	Myeloid	42.0	H1N1_infected	m	6	66970
doublets_removed	EEM-scRNA-126	maDC	Myeloid	42.0	H1N1_infected	m	4	70091
doublets_removed	EEM-scRNA-126	pMON	Myeloid	42.0	H1N1_infected	m	22	99800
doublets_removed	EEM-scRNA-127	AF1	Mesenchyme	42.0	H1N1_infected	m	698	9364902
doublets_removed	EEM-scRNA-127	AF2	Mesenchyme	42.0	H1N1_infected	m	41	257625
doublets_removed	EEM-scRNA-127	AT1	Epithelium	42.0	H1N1_infected	m	48	618357
doublets_removed	EEM-scRNA-127	AT1_AT2	Epithelium	42.0	H1N1_infected	m	7	282330
doublets_removed	EEM-scRNA-127	AT2	Epithelium	42.0	H1N1_infected	m	71	1367183
doublets_removed	EEM-scRNA-127	Adventitial_fibroblast	Mesenchyme	42.0	H1N1_infected	m	171	1783381
doublets_removed	EEM-scRNA-127	Alveolar_transitional	Epithelium	42.0	H1N1_infected	m	4	49190
doublets_removed	EEM-scRNA-127	Arterial_endothelium	Endothelium	42.0	H1N1_infected	m	31	303475
doublets_removed	EEM-scRNA-127	B_lymphocyte	Lymphoid	42.0	H1N1_infected	m	98	584378
doublets_removed	EEM-scRNA-127	CAP1	Endothelium	42.0	H1N1_infected	m	2448	19923725
doublets_removed	EEM-scRNA-127	CAP2	Endothelium	42.0	H1N1_infected	m	180	1134132
doublets_removed	EEM-scRNA-127	Ciliated	Epithelium	42.0	H1N1_infected	m	40	680297
doublets_removed	EEM-scRNA-127	Krt5	Epithelium	42.0	H1N1_infected	m	2	26448
doublets_removed	EEM-scRNA-127	Lymphatic_endothelium	Endothelium	42.0	H1N1_infected	m	78	608924
doublets_removed	EEM-scRNA-127	Mesothelium	Mesenchyme	42.0	H1N1_infected	m	55	212524
doublets_removed	EEM-scRNA-127	NK_cell	Lymphoid	42.0	H1N1_infected	m	18	96298
doublets_removed	EEM-scRNA-127	Neutrophil	Myeloid	42.0	H1N1_infected	m	43	162384
doublets_removed	EEM-scRNA-127	Peribronchial_fibroblast	Mesenchyme	42.0	H1N1_infected	m	32	218083
doublets_removed	EEM-scRNA-127	Secretory	Epithelium	42.0	H1N1_infected	m	2	32365
doublets_removed	EEM-scRNA-127	T_lymphocyte	Lymphoid	42.0	H1N1_infected	m	119	696357
doublets_removed	EEM-scRNA-127	VSMC	Mesenchyme	42.0	H1N1_infected	m	28	261672
doublets_removed	EEM-scRNA-127	Venous_endothelium	Endothelium	42.0	H1N1_infected	m	139	1625740
doublets_removed	EEM-scRNA-127	aMAC	Myeloid	42.0	H1N1_infected	m	97	2352129
doublets_removed	EEM-scRNA-127	cDC1	Myeloid	42.0	H1N1_infected	m	19	288989
doublets_removed	EEM-scRNA-127	cDC2	Myeloid	42.0	H1N1_infected	m	14	174626
doublets_removed	EEM-scRNA-127	cMON	Myeloid	42.0	H1N1_infected	m	5	46445
doublets_removed	EEM-scRNA-127	iMAC	Myeloid	42.0	H1N1_infected	m	13	109557
doublets_removed	EEM-scRNA-127	iMON	Myeloid	42.0	H1N1_infected	m	1	9983
doublets_removed	EEM-scRNA-127	maDC	Myeloid	42.0	H1N1_infected	m	4	43992
doublets_removed	EEM-scRNA-127	pMON	Myeloid	42.0	H1N1_infected	m	19	107916
doublets_removed	EEM-scRNA-158	AF1	Mesenchyme	0.0	homeostasis	f	806	6040189
doublets_removed	EEM-scRNA-158	AF2	Mesenchyme	0.0	homeostasis	f	165	555894
doublets_removed	EEM-scRNA-158	AT1	Epithelium	0.0	homeostasis	f	118	1162976
doublets_removed	EEM-scRNA-158	AT1_AT2	Epithelium	0.0	homeostasis	f	21	473730
doublets_removed	EEM-scRNA-158	AT2	Epithelium	0.0	homeostasis	f	235	3327815
doublets_removed	EEM-scRNA-158	Adventitial_fibroblast	Mesenchyme	0.0	homeostasis	f	230	2097059
doublets_removed	EEM-scRNA-158	Alveolar_transitional	Epithelium	0.0	homeostasis	f	3	42726
doublets_removed	EEM-scRNA-158	Arterial_endothelium	Endothelium	0.0	homeostasis	f	78	579934
doublets_removed	EEM-scRNA-158	B_lymphocyte	Lymphoid	0.0	homeostasis	f	144	624408
doublets_removed	EEM-scRNA-158	CAP1	Endothelium	0.0	homeostasis	f	1573	8679585
doublets_removed	EEM-scRNA-158	CAP2	Endothelium	0.0	homeostasis	f	238	1022327
doublets_removed	EEM-scRNA-158	Ciliated	Epithelium	0.0	homeostasis	f	39	490074
doublets_removed	EEM-scRNA-158	Lymphatic_endothelium	Endothelium	0.0	homeostasis	f	26	136256
doublets_removed	EEM-scRNA-158	Mesothelium	Mesenchyme	0.0	homeostasis	f	50	798302
doublets_removed	EEM-scRNA-158	NK_cell	Lymphoid	0.0	homeostasis	f	20	94739
doublets_removed	EEM-scRNA-158	Neutrophil	Myeloid	0.0	homeostasis	f	77	218663
doublets_removed	EEM-scRNA-158	Peribronchial_fibroblast	Mesenchyme	0.0	homeostasis	f	28	153284
doublets_removed	EEM-scRNA-158	Plasma_cell	Lymphoid	0.0	homeostasis	f	56	1019906
doublets_removed	EEM-scRNA-158	Secretory	Epithelium	0.0	homeostasis	f	54	1761168
doublets_removed	EEM-scRNA-158	T_lymphocyte	Lymphoid	0.0	homeostasis	f	178	954280
doublets_removed	EEM-scRNA-158	VSMC	Mesenchyme	0.0	homeostasis	f	41	380434
doublets_removed	EEM-scRNA-158	Venous_endothelium	Endothelium	0.0	homeostasis	f	123	1345374
doublets_removed	EEM-scRNA-158	aMAC	Myeloid	0.0	homeostasis	f	182	2991581
doublets_removed	EEM-scRNA-158	cDC1	Myeloid	0.0	homeostasis	f	32	435956
doublets_removed	EEM-scRNA-158	cDC2	Myeloid	0.0	homeostasis	f	46	507955
doublets_removed	EEM-scRNA-158	cMON	Myeloid	0.0	homeostasis	f	48	379169
doublets_removed	EEM-scRNA-158	iMAC	Myeloid	0.0	homeostasis	f	21	201523
doublets_removed	EEM-scRNA-158	iMON	Myeloid	0.0	homeostasis	f	18	212877
doublets_removed	EEM-scRNA-158	maDC	Myeloid	0.0	homeostasis	f	5	41459
doublets_removed	EEM-scRNA-158	pMON	Myeloid	0.0	homeostasis	f	81	406460
doublets_removed	EEM-scRNA-162	AF1	Mesenchyme	6.0	H1N1_infected	m	660	3076083
doublets_removed	EEM-scRNA-162	AF2	Mesenchyme	6.0	H1N1_infected	m	198	458991
doublets_removed	EEM-scRNA-162	AT1	Epithelium	6.0	H1N1_infected	m	23	241079
doublets_removed	EEM-scRNA-162	AT1_AT2	Epithelium	6.0	H1N1_infected	m	16	367080
doublets_removed	EEM-scRNA-162	AT2	Epithelium	6.0	H1N1_infected	m	150	2073582
doublets_removed	EEM-scRNA-162	Adventitial_fibroblast	Mesenchyme	6.0	H1N1_infected	m	64	835578
doublets_removed	EEM-scRNA-162	Alveolar_transitional	Epithelium	6.0	H1N1_infected	m	11	131589
doublets_removed	EEM-scRNA-162	Arterial_endothelium	Endothelium	6.0	H1N1_infected	m	100	884432
doublets_removed	EEM-scRNA-162	B_lymphocyte	Lymphoid	6.0	H1N1_infected	m	133	479497
doublets_removed	EEM-scRNA-162	CAP1	Endothelium	6.0	H1N1_infected	m	2056	10295316
doublets_removed	EEM-scRNA-162	CAP2	Endothelium	6.0	H1N1_infected	m	229	895601
doublets_removed	EEM-scRNA-162	Ciliated	Epithelium	6.0	H1N1_infected	m	28	378691
doublets_removed	EEM-scRNA-162	Lymphatic_endothelium	Endothelium	6.0	H1N1_infected	m	46	185214
doublets_removed	EEM-scRNA-162	Mesothelium	Mesenchyme	6.0	H1N1_infected	m	17	238143
doublets_removed	EEM-scRNA-162	NK_cell	Lymphoid	6.0	H1N1_infected	m	24	115649
doublets_removed	EEM-scRNA-162	Neutrophil	Myeloid	6.0	H1N1_infected	m	56	147907
doublets_removed	EEM-scRNA-162	Peribronchial_fibroblast	Mesenchyme	6.0	H1N1_infected	m	32	151892
doublets_removed	EEM-scRNA-162	Plasma_cell	Lymphoid	6.0	H1N1_infected	m	1	40242
doublets_removed	EEM-scRNA-162	T_lymphocyte	Lymphoid	6.0	H1N1_infected	m	139	974626
doublets_removed	EEM-scRNA-162	VSMC	Mesenchyme	6.0	H1N1_infected	m	49	600498
doublets_removed	EEM-scRNA-162	Venous_endothelium	Endothelium	6.0	H1N1_infected	m	89	757575
doublets_removed	EEM-scRNA-162	aMAC	Myeloid	6.0	H1N1_infected	m	13	162049
doublets_removed	EEM-scRNA-162	cDC1	Myeloid	6.0	H1N1_infected	m	24	346992
doublets_removed	EEM-scRNA-162	cDC2	Myeloid	6.0	H1N1_infected	m	34	316913
doublets_removed	EEM-scRNA-162	cMON	Myeloid	6.0	H1N1_infected	m	38	330288
doublets_removed	EEM-scRNA-162	iMAC	Myeloid	6.0	H1N1_infected	m	24	206801
doublets_removed	EEM-scRNA-162	iMON	Myeloid	6.0	H1N1_infected	m	349	3115407
doublets_removed	EEM-scRNA-162	maDC	Myeloid	6.0	H1N1_infected	m	24	194032
doublets_removed	EEM-scRNA-162	pMON	Myeloid	6.0	H1N1_infected	m	27	112058
doublets_removed	EEM-scRNA-166	AF1	Mesenchyme	0.0	homeostasis	f	778	5363596
doublets_removed	EEM-scRNA-166	AF2	Mesenchyme	0.0	homeostasis	f	180	552389
doublets_removed	EEM-scRNA-166	AT1	Epithelium	0.0	homeostasis	f	145	1241639
doublets_removed	EEM-scRNA-166	AT1_AT2	Epithelium	0.0	homeostasis	f	18	438011
doublets_removed	EEM-scRNA-166	AT2	Epithelium	0.0	homeostasis	f	39	597430
doublets_removed	EEM-scRNA-166	Adventitial_fibroblast	Mesenchyme	0.0	homeostasis	f	289	2750584
doublets_removed	EEM-scRNA-166	Alveolar_transitional	Epithelium	0.0	homeostasis	f	2	38954
doublets_removed	EEM-scRNA-166	Arterial_endothelium	Endothelium	0.0	homeostasis	f	103	731430
doublets_removed	EEM-scRNA-166	B_lymphocyte	Lymphoid	0.0	homeostasis	f	203	723111
doublets_removed	EEM-scRNA-166	CAP1	Endothelium	0.0	homeostasis	f	1777	9964524
doublets_removed	EEM-scRNA-166	CAP2	Endothelium	0.0	homeostasis	f	248	1016995
doublets_removed	EEM-scRNA-166	Ciliated	Epithelium	0.0	homeostasis	f	37	537154
doublets_removed	EEM-scRNA-166	Lymphatic_endothelium	Endothelium	0.0	homeostasis	f	45	251718
doublets_removed	EEM-scRNA-166	Mesothelium	Mesenchyme	0.0	homeostasis	f	30	468817
doublets_removed	EEM-scRNA-166	NK_cell	Lymphoid	0.0	homeostasis	f	35	198650
doublets_removed	EEM-scRNA-166	Neutrophil	Myeloid	0.0	homeostasis	f	61	259095
doublets_removed	EEM-scRNA-166	Peribronchial_fibroblast	Mesenchyme	0.0	homeostasis	f	66	248846
doublets_removed	EEM-scRNA-166	T_lymphocyte	Lymphoid	0.0	homeostasis	f	145	769716
doublets_removed	EEM-scRNA-166	VSMC	Mesenchyme	0.0	homeostasis	f	119	856671
doublets_removed	EEM-scRNA-166	Venous_endothelium	Endothelium	0.0	homeostasis	f	128	1366813
doublets_removed	EEM-scRNA-166	aMAC	Myeloid	0.0	homeostasis	f	149	2029208
doublets_removed	EEM-scRNA-166	cDC1	Myeloid	0.0	homeostasis	f	4	47041
doublets_removed	EEM-scRNA-166	cDC2	Myeloid	0.0	homeostasis	f	26	266212
doublets_removed	EEM-scRNA-166	cMON	Myeloid	0.0	homeostasis	f	241	1934121
doublets_removed	EEM-scRNA-166	iMAC	Myeloid	0.0	homeostasis	f	8	51780
doublets_removed	EEM-scRNA-166	iMON	Myeloid	0.0	homeostasis	f	2	21556
doublets_removed	EEM-scRNA-166	maDC	Myeloid	0.0	homeostasis	f	4	41221
doublets_removed	EEM-scRNA-166	pMON	Myeloid	0.0	homeostasis	f	78	436212
doublets_removed	EEM-scRNA-167	AF1	Mesenchyme	11.0	H1N1_infected	m	757	9828736
doublets_removed	EEM-scRNA-167	AF2	Mesenchyme	11.0	H1N1_infected	m	96	387750
doublets_removed	EEM-scRNA-167	AT1	Epithelium	11.0	H1N1_infected	m	104	1283098
doublets_removed	EEM-scRNA-167	AT1_AT2	Epithelium	11.0	H1N1_infected	m	8	178033
doublets_removed	EEM-scRNA-167	AT2	Epithelium	11.0	H1N1_infected	m	149	2349269
doublets_removed	EEM-scRNA-167	Adventitial_fibroblast	Mesenchyme	11.0	H1N1_infected	m	189	2206945
doublets_removed	EEM-scRNA-167	Alveolar_transitional	Epithelium	11.0	H1N1_infected	m	127	3361322
doublets_removed	EEM-scRNA-167	Arterial_endothelium	Endothelium	11.0	H1N1_infected	m	88	703584
doublets_removed	EEM-scRNA-167	B_lymphocyte	Lymphoid	11.0	H1N1_infected	m	157	429941
doublets_removed	EEM-scRNA-167	CAP1	Endothelium	11.0	H1N1_infected	m	1521	9804367
doublets_removed	EEM-scRNA-167	CAP2	Endothelium	11.0	H1N1_infected	m	187	691682
doublets_removed	EEM-scRNA-167	Ciliated	Epithelium	11.0	H1N1_infected	m	44	648081
doublets_removed	EEM-scRNA-167	Krt5	Epithelium	11.0	H1N1_infected	m	1	24213
doublets_removed	EEM-scRNA-167	Lymphatic_endothelium	Endothelium	11.0	H1N1_infected	m	51	380158
doublets_removed	EEM-scRNA-167	Mesothelium	Mesenchyme	11.0	H1N1_infected	m	30	565936
doublets_removed	EEM-scRNA-167	NK_cell	Lymphoid	11.0	H1N1_infected	m	19	81166
doublets_removed	EEM-scRNA-167	Neutrophil	Myeloid	11.0	H1N1_infected	m	65	127191
doublets_removed	EEM-scRNA-167	Peribronchial_fibroblast	Mesenchyme	11.0	H1N1_infected	m	55	392331
doublets_removed	EEM-scRNA-167	Secretory	Epithelium	11.0	H1N1_infected	m	5	88674
doublets_removed	EEM-scRNA-167	T_lymphocyte	Lymphoid	11.0	H1N1_infected	m	348	1327190
doublets_removed	EEM-scRNA-167	VSMC	Mesenchyme	11.0	H1N1_infected	m	52	451321
doublets_removed	EEM-scRNA-167	Venous_endothelium	Endothelium	11.0	H1N1_infected	m	116	1092356
doublets_removed	EEM-scRNA-167	aMAC	Myeloid	11.0	H1N1_infected	m	102	1645555
doublets_removed	EEM-scRNA-167	cDC1	Myeloid	11.0	H1N1_infected	m	27	454443
doublets_removed	EEM-scRNA-167	cDC2	Myeloid	11.0	H1N1_infected	m	39	384268
doublets_removed	EEM-scRNA-167	cMON	Myeloid	11.0	H1N1_infected	m	59	381318
doublets_removed	EEM-scRNA-167	iMAC	Myeloid	11.0	H1N1_infected	m	64	492299
doublets_removed	EEM-scRNA-167	iMON	Myeloid	11.0	H1N1_infected	m	280	3339821
doublets_removed	EEM-scRNA-167	maDC	Myeloid	11.0	H1N1_infected	m	6	40973
doublets_removed	EEM-scRNA-167	pMON	Myeloid	11.0	H1N1_infected	m	29	116249
doublets_removed	EEM-scRNA-170	AF1	Mesenchyme	19.0	H1N1_infected	f	564	7490898
doublets_removed	EEM-scRNA-170	AF2	Mesenchyme	19.0	H1N1_infected	f	84	594668
doublets_removed	EEM-scRNA-170	AT1	Epithelium	19.0	H1N1_infected	f	99	1164117
doublets_removed	EEM-scRNA-170	AT1_AT2	Epithelium	19.0	H1N1_infected	f	21	692451
doublets_removed	EEM-scRNA-170	AT2	Epithelium	19.0	H1N1_infected	f	111	1863167
doublets_removed	EEM-scRNA-170	Adventitial_fibroblast	Mesenchyme	19.0	H1N1_infected	f	231	2996649
doublets_removed	EEM-scRNA-170	Alveolar_transitional	Epithelium	19.0	H1N1_infected	f	10	182933
doublets_removed	EEM-scRNA-170	Arterial_endothelium	Endothelium	19.0	H1N1_infected	f	60	747505
doublets_removed	EEM-scRNA-170	B_lymphocyte	Lymphoid	19.0	H1N1_infected	f	121	594308
doublets_removed	EEM-scRNA-170	CAP1	Endothelium	19.0	H1N1_infected	f	1449	13617150
doublets_removed	EEM-scRNA-170	CAP2	Endothelium	19.0	H1N1_infected	f	99	554613
doublets_removed	EEM-scRNA-170	Ciliated	Epithelium	19.0	H1N1_infected	f	71	1376358
doublets_removed	EEM-scRNA-170	Krt5	Epithelium	19.0	H1N1_infected	f	7	80567
doublets_removed	EEM-scRNA-170	Lymphatic_endothelium	Endothelium	19.0	H1N1_infected	f	70	486089
doublets_removed	EEM-scRNA-170	Mesothelium	Mesenchyme	19.0	H1N1_infected	f	29	501931
doublets_removed	EEM-scRNA-170	NK_cell	Lymphoid	19.0	H1N1_infected	f	36	234001
doublets_removed	EEM-scRNA-170	Neutrophil	Myeloid	19.0	H1N1_infected	f	87	380482
doublets_removed	EEM-scRNA-170	Peribronchial_fibroblast	Mesenchyme	19.0	H1N1_infected	f	36	334918
doublets_removed	EEM-scRNA-170	Plasma_cell	Lymphoid	19.0	H1N1_infected	f	3	48671
doublets_removed	EEM-scRNA-170	Secretory	Epithelium	19.0	H1N1_infected	f	3	111204
doublets_removed	EEM-scRNA-170	T_lymphocyte	Lymphoid	19.0	H1N1_infected	f	189	1001355
doublets_removed	EEM-scRNA-170	VSMC	Mesenchyme	19.0	H1N1_infected	f	77	730548
doublets_removed	EEM-scRNA-170	Venous_endothelium	Endothelium	19.0	H1N1_infected	f	122	1545969
doublets_removed	EEM-scRNA-170	aMAC	Myeloid	19.0	H1N1_infected	f	220	3713911
doublets_removed	EEM-scRNA-170	cDC1	Myeloid	19.0	H1N1_infected	f	29	476001
doublets_removed	EEM-scRNA-170	cDC2	Myeloid	19.0	H1N1_infected	f	25	329092
doublets_removed	EEM-scRNA-170	cMON	Myeloid	19.0	H1N1_infected	f	76	628682
doublets_removed	EEM-scRNA-170	iMAC	Myeloid	19.0	H1N1_infected	f	29	305269
doublets_removed	EEM-scRNA-170	iMON	Myeloid	19.0	H1N1_infected	f	87	1668480
doublets_removed	EEM-scRNA-170	maDC	Myeloid	19.0	H1N1_infected	f	6	71665
doublets_removed	EEM-scRNA-170	pMON	Myeloid	19.0	H1N1_infected	f	92	565459
doublets_removed	EEM-scRNA-172	AF1	Mesenchyme	25.0	H1N1_infected	f	615	8026637
doublets_removed	EEM-scRNA-172	AF2	Mesenchyme	25.0	H1N1_infected	f	75	419398
doublets_removed	EEM-scRNA-172	AT1	Epithelium	25.0	H1N1_infected	f	96	1200215
doublets_removed	EEM-scRNA-172	AT1_AT2	Epithelium	25.0	H1N1_infected	f	40	1372633
doublets_removed	EEM-scRNA-172	AT2	Epithelium	25.0	H1N1_infected	f	223	3566854
doublets_removed	EEM-scRNA-172	Adventitial_fibroblast	Mesenchyme	25.0	H1N1_infected	f	278	3267907
doublets_removed	EEM-scRNA-172	Alveolar_transitional	Epithelium	25.0	H1N1_infected	f	8	111077
doublets_removed	EEM-scRNA-172	Arterial_endothelium	Endothelium	25.0	H1N1_infected	f	58	746541
doublets_removed	EEM-scRNA-172	B_lymphocyte	Lymphoid	25.0	H1N1_infected	f	265	1294846
doublets_removed	EEM-scRNA-172	CAP1	Endothelium	25.0	H1N1_infected	f	1276	10113490
doublets_removed	EEM-scRNA-172	CAP2	Endothelium	25.0	H1N1_infected	f	108	494317
doublets_removed	EEM-scRNA-172	Ciliated	Epithelium	25.0	H1N1_infected	f	64	1061397
doublets_removed	EEM-scRNA-172	Krt5	Epithelium	25.0	H1N1_infected	f	17	228047
doublets_removed	EEM-scRNA-172	Lymphatic_endothelium	Endothelium	25.0	H1N1_infected	f	69	471957
doublets_removed	EEM-scRNA-172	Mesothelium	Mesenchyme	25.0	H1N1_infected	f	62	1021764
doublets_removed	EEM-scRNA-172	NK_cell	Lymphoid	25.0	H1N1_infected	f	13	89768
doublets_removed	EEM-scRNA-172	Neutrophil	Myeloid	25.0	H1N1_infected	f	50	153746
doublets_removed	EEM-scRNA-172	Peribronchial_fibroblast	Mesenchyme	25.0	H1N1_infected	f	37	264624
doublets_removed	EEM-scRNA-172	Plasma_cell	Lymphoid	25.0	H1N1_infected	f	3	90055
doublets_removed	EEM-scRNA-172	Secretory	Epithelium	25.0	H1N1_infected	f	5	132250
doublets_removed	EEM-scRNA-172	T_lymphocyte	Lymphoid	25.0	H1N1_infected	f	224	1116204
doublets_removed	EEM-scRNA-172	VSMC	Mesenchyme	25.0	H1N1_infected	f	34	296276
doublets_removed	EEM-scRNA-172	Venous_endothelium	Endothelium	25.0	H1N1_infected	f	94	1131221
doublets_removed	EEM-scRNA-172	aMAC	Myeloid	25.0	H1N1_infected	f	183	3350700
doublets_removed	EEM-scRNA-172	cDC1	Myeloid	25.0	H1N1_infected	f	30	522667
doublets_removed	EEM-scRNA-172	cDC2	Myeloid	25.0	H1N1_infected	f	20	249935
doublets_removed	EEM-scRNA-172	cMON	Myeloid	25.0	H1N1_infected	f	51	446388
doublets_removed	EEM-scRNA-172	iMAC	Myeloid	25.0	H1N1_infected	f	25	243695
doublets_removed	EEM-scRNA-172	iMON	Myeloid	25.0	H1N1_infected	f	23	460932
doublets_removed	EEM-scRNA-172	maDC	Myeloid	25.0	H1N1_infected	f	3	31449
doublets_removed	EEM-scRNA-172	pMON	Myeloid	25.0	H1N1_infected	f	53	299380
doublets_removed	EEM-scRNA-179	AF1	Mesenchyme	42.0	H1N1_infected	m	1025	10083984
doublets_removed	EEM-scRNA-179	AF2	Mesenchyme	42.0	H1N1_infected	m	65	320661
doublets_removed	EEM-scRNA-179	AT1	Epithelium	42.0	H1N1_infected	m	66	590344
doublets_removed	EEM-scRNA-179	AT1_AT2	Epithelium	42.0	H1N1_infected	m	4	137828
doublets_removed	EEM-scRNA-179	AT2	Epithelium	42.0	H1N1_infected	m	79	1233694
doublets_removed	EEM-scRNA-179	Adventitial_fibroblast	Mesenchyme	42.0	H1N1_infected	m	208	1790548
doublets_removed	EEM-scRNA-179	Arterial_endothelium	Endothelium	42.0	H1N1_infected	m	40	381125
doublets_removed	EEM-scRNA-179	B_lymphocyte	Lymphoid	42.0	H1N1_infected	m	90	454081
doublets_removed	EEM-scRNA-179	CAP1	Endothelium	42.0	H1N1_infected	m	2010	13750949
doublets_removed	EEM-scRNA-179	CAP2	Endothelium	42.0	H1N1_infected	m	217	1123797
doublets_removed	EEM-scRNA-179	Ciliated	Epithelium	42.0	H1N1_infected	m	24	430365
doublets_removed	EEM-scRNA-179	Krt5	Epithelium	42.0	H1N1_infected	m	53	624177
doublets_removed	EEM-scRNA-179	Lymphatic_endothelium	Endothelium	42.0	H1N1_infected	m	67	303831
doublets_removed	EEM-scRNA-179	Mesothelium	Mesenchyme	42.0	H1N1_infected	m	14	248798
doublets_removed	EEM-scRNA-179	NK_cell	Lymphoid	42.0	H1N1_infected	m	12	88014
doublets_removed	EEM-scRNA-179	Neutrophil	Myeloid	42.0	H1N1_infected	m	58	159627
doublets_removed	EEM-scRNA-179	Peribronchial_fibroblast	Mesenchyme	42.0	H1N1_infected	m	30	134973
doublets_removed	EEM-scRNA-179	T_lymphocyte	Lymphoid	42.0	H1N1_infected	m	118	605259
doublets_removed	EEM-scRNA-179	VSMC	Mesenchyme	42.0	H1N1_infected	m	24	156089
doublets_removed	EEM-scRNA-179	Venous_endothelium	Endothelium	42.0	H1N1_infected	m	137	1294500
doublets_removed	EEM-scRNA-179	aMAC	Myeloid	42.0	H1N1_infected	m	390	6910621
doublets_removed	EEM-scRNA-179	cDC1	Myeloid	42.0	H1N1_infected	m	32	508076
doublets_removed	EEM-scRNA-179	cDC2	Myeloid	42.0	H1N1_infected	m	35	447849
doublets_removed	EEM-scRNA-179	cMON	Myeloid	42.0	H1N1_infected	m	75	615904
doublets_removed	EEM-scRNA-179	iMAC	Myeloid	42.0	H1N1_infected	m	68	564695
doublets_removed	EEM-scRNA-179	iMON	Myeloid	42.0	H1N1_infected	m	14	191073
doublets_removed	EEM-scRNA-179	maDC	Myeloid	42.0	H1N1_infected	m	8	77318
doublets_removed	EEM-scRNA-179	pMON	Myeloid	42.0	H1N1_infected	m	45	204903
doublets_removed	EEM-scRNA-180	AF1	Mesenchyme	42.0	H1N1_infected	f	691	7248442
doublets_removed	EEM-scRNA-180	AF2	Mesenchyme	42.0	H1N1_infected	f	48	203120
doublets_removed	EEM-scRNA-180	AT1	Epithelium	42.0	H1N1_infected	f	43	437688
doublets_removed	EEM-scRNA-180	AT1_AT2	Epithelium	42.0	H1N1_infected	f	2	27109
doublets_removed	EEM-scRNA-180	AT2	Epithelium	42.0	H1N1_infected	f	51	660856
doublets_removed	EEM-scRNA-180	Adventitial_fibroblast	Mesenchyme	42.0	H1N1_infected	f	111	1117176
doublets_removed	EEM-scRNA-180	Alveolar_transitional	Epithelium	42.0	H1N1_infected	f	1	8975
doublets_removed	EEM-scRNA-180	Arterial_endothelium	Endothelium	42.0	H1N1_infected	f	69	534994
doublets_removed	EEM-scRNA-180	B_lymphocyte	Lymphoid	42.0	H1N1_infected	f	94	395699
doublets_removed	EEM-scRNA-180	CAP1	Endothelium	42.0	H1N1_infected	f	2422	16992101
doublets_removed	EEM-scRNA-180	CAP2	Endothelium	42.0	H1N1_infected	f	235	1462707
doublets_removed	EEM-scRNA-180	Ciliated	Epithelium	42.0	H1N1_infected	f	7	80630
doublets_removed	EEM-scRNA-180	Krt5	Epithelium	42.0	H1N1_infected	f	9	113572
doublets_removed	EEM-scRNA-180	Lymphatic_endothelium	Endothelium	42.0	H1N1_infected	f	54	289810
doublets_removed	EEM-scRNA-180	Mesothelium	Mesenchyme	42.0	H1N1_infected	f	19	323807
doublets_removed	EEM-scRNA-180	NK_cell	Lymphoid	42.0	H1N1_infected	f	9	65170
doublets_removed	EEM-scRNA-180	Neutrophil	Myeloid	42.0	H1N1_infected	f	48	141767
doublets_removed	EEM-scRNA-180	Peribronchial_fibroblast	Mesenchyme	42.0	H1N1_infected	f	20	84118
doublets_removed	EEM-scRNA-180	Plasma_cell	Lymphoid	42.0	H1N1_infected	f	3	45703
doublets_removed	EEM-scRNA-180	Secretory	Epithelium	42.0	H1N1_infected	f	3	100561
doublets_removed	EEM-scRNA-180	T_lymphocyte	Lymphoid	42.0	H1N1_infected	f	68	376247
doublets_removed	EEM-scRNA-180	VSMC	Mesenchyme	42.0	H1N1_infected	f	11	65638
doublets_removed	EEM-scRNA-180	Venous_endothelium	Endothelium	42.0	H1N1_infected	f	130	1451430
doublets_removed	EEM-scRNA-180	aMAC	Myeloid	42.0	H1N1_infected	f	396	7177253
doublets_removed	EEM-scRNA-180	cDC1	Myeloid	42.0	H1N1_infected	f	34	522013
doublets_removed	EEM-scRNA-180	cDC2	Myeloid	42.0	H1N1_infected	f	23	250468
doublets_removed	EEM-scRNA-180	cMON	Myeloid	42.0	H1N1_infected	f	52	433833
doublets_removed	EEM-scRNA-180	iMAC	Myeloid	42.0	H1N1_infected	f	83	657657
doublets_removed	EEM-scRNA-180	iMON	Myeloid	42.0	H1N1_infected	f	11	198003
doublets_removed	EEM-scRNA-180	maDC	Myeloid	42.0	H1N1_infected	f	2	22637
doublets_removed	EEM-scRNA-180	pMON	Myeloid	42.0	H1N1_infected	f	36	222463
doublets_removed	EEM-scRNA-181	AF1	Mesenchyme	42.0	H1N1_infected	f	836	7660554
doublets_removed	EEM-scRNA-181	AF2	Mesenchyme	42.0	H1N1_infected	f	74	248418
doublets_removed	EEM-scRNA-181	AT1	Epithelium	42.0	H1N1_infected	f	53	484129
doublets_removed	EEM-scRNA-181	AT1_AT2	Epithelium	42.0	H1N1_infected	f	20	529782
doublets_removed	EEM-scRNA-181	AT2	Epithelium	42.0	H1N1_infected	f	88	1151913
doublets_removed	EEM-scRNA-181	Adventitial_fibroblast	Mesenchyme	42.0	H1N1_infected	f	199	1693853
doublets_removed	EEM-scRNA-181	Alveolar_transitional	Epithelium	42.0	H1N1_infected	f	3	49382
doublets_removed	EEM-scRNA-181	Arterial_endothelium	Endothelium	42.0	H1N1_infected	f	53	445637
doublets_removed	EEM-scRNA-181	B_lymphocyte	Lymphoid	42.0	H1N1_infected	f	230	981866
doublets_removed	EEM-scRNA-181	CAP1	Endothelium	42.0	H1N1_infected	f	1998	12794269
doublets_removed	EEM-scRNA-181	CAP2	Endothelium	42.0	H1N1_infected	f	323	1375596
doublets_removed	EEM-scRNA-181	Ciliated	Epithelium	42.0	H1N1_infected	f	37	620190
doublets_removed	EEM-scRNA-181	Krt5	Epithelium	42.0	H1N1_infected	f	21	228971
doublets_removed	EEM-scRNA-181	Lymphatic_endothelium	Endothelium	42.0	H1N1_infected	f	37	222474
doublets_removed	EEM-scRNA-181	Mesothelium	Mesenchyme	42.0	H1N1_infected	f	27	399012
doublets_removed	EEM-scRNA-181	NK_cell	Lymphoid	42.0	H1N1_infected	f	48	192577
doublets_removed	EEM-scRNA-181	Neutrophil	Myeloid	42.0	H1N1_infected	f	29	109801
doublets_removed	EEM-scRNA-181	Peribronchial_fibroblast	Mesenchyme	42.0	H1N1_infected	f	43	171648
doublets_removed	EEM-scRNA-181	Plasma_cell	Lymphoid	42.0	H1N1_infected	f	2	35760
doublets_removed	EEM-scRNA-181	Secretory	Epithelium	42.0	H1N1_infected	f	1	50685
doublets_removed	EEM-scRNA-181	T_lymphocyte	Lymphoid	42.0	H1N1_infected	f	235	1117778
doublets_removed	EEM-scRNA-181	VSMC	Mesenchyme	42.0	H1N1_infected	f	27	194419
doublets_removed	EEM-scRNA-181	Venous_endothelium	Endothelium	42.0	H1N1_infected	f	167	1880474
doublets_removed	EEM-scRNA-181	aMAC	Myeloid	42.0	H1N1_infected	f	273	4010243
doublets_removed	EEM-scRNA-181	cDC1	Myeloid	42.0	H1N1_infected	f	28	380845
doublets_removed	EEM-scRNA-181	cDC2	Myeloid	42.0	H1N1_infected	f	27	312677
doublets_removed	EEM-scRNA-181	cMON	Myeloid	42.0	H1N1_infected	f	31	246504
doublets_removed	EEM-scRNA-181	iMAC	Myeloid	42.0	H1N1_infected	f	62	518735
doublets_removed	EEM-scRNA-181	iMON	Myeloid	42.0	H1N1_infected	f	9	110430
doublets_removed	EEM-scRNA-181	maDC	Myeloid	42.0	H1N1_infected	f	4	49420
doublets_removed	EEM-scRNA-181	pMON	Myeloid	42.0	H1N1_infected	f	53	303725
doublets_removed	EEM-scRNA-182	AF1	Mesenchyme	42.0	H1N1_infected	m	793	9304358
doublets_removed	EEM-scRNA-182	AF2	Mesenchyme	42.0	H1N1_infected	m	78	374574
doublets_removed	EEM-scRNA-182	AT1	Epithelium	42.0	H1N1_infected	m	91	778908
doublets_removed	EEM-scRNA-182	AT1_AT2	Epithelium	42.0	H1N1_infected	m	25	634574
doublets_removed	EEM-scRNA-182	AT2	Epithelium	42.0	H1N1_infected	m	92	1477233
doublets_removed	EEM-scRNA-182	Adventitial_fibroblast	Mesenchyme	42.0	H1N1_infected	m	242	2039573
doublets_removed	EEM-scRNA-182	Alveolar_transitional	Epithelium	42.0	H1N1_infected	m	2	20480
doublets_removed	EEM-scRNA-182	Arterial_endothelium	Endothelium	42.0	H1N1_infected	m	60	720004
doublets_removed	EEM-scRNA-182	B_lymphocyte	Lymphoid	42.0	H1N1_infected	m	131	512070
doublets_removed	EEM-scRNA-182	CAP1	Endothelium	42.0	H1N1_infected	m	1628	12557766
doublets_removed	EEM-scRNA-182	CAP2	Endothelium	42.0	H1N1_infected	m	183	996814
doublets_removed	EEM-scRNA-182	Ciliated	Epithelium	42.0	H1N1_infected	m	36	651963
doublets_removed	EEM-scRNA-182	Krt5	Epithelium	42.0	H1N1_infected	m	68	826652
doublets_removed	EEM-scRNA-182	Lymphatic_endothelium	Endothelium	42.0	H1N1_infected	m	46	248270
doublets_removed	EEM-scRNA-182	Mesothelium	Mesenchyme	42.0	H1N1_infected	m	70	1319912
doublets_removed	EEM-scRNA-182	NK_cell	Lymphoid	42.0	H1N1_infected	m	25	151155
doublets_removed	EEM-scRNA-182	Neutrophil	Myeloid	42.0	H1N1_infected	m	72	205513
doublets_removed	EEM-scRNA-182	Peribronchial_fibroblast	Mesenchyme	42.0	H1N1_infected	m	34	158339
doublets_removed	EEM-scRNA-182	T_lymphocyte	Lymphoid	42.0	H1N1_infected	m	217	1022772
doublets_removed	EEM-scRNA-182	VSMC	Mesenchyme	42.0	H1N1_infected	m	47	344094
doublets_removed	EEM-scRNA-182	Venous_endothelium	Endothelium	42.0	H1N1_infected	m	161	1645868
doublets_removed	EEM-scRNA-182	aMAC	Myeloid	42.0	H1N1_infected	m	391	5969452
doublets_removed	EEM-scRNA-182	cDC1	Myeloid	42.0	H1N1_infected	m	38	634031
doublets_removed	EEM-scRNA-182	cDC2	Myeloid	42.0	H1N1_infected	m	10	105756
doublets_removed	EEM-scRNA-182	cMON	Myeloid	42.0	H1N1_infected	m	41	337624
doublets_removed	EEM-scRNA-182	iMAC	Myeloid	42.0	H1N1_infected	m	66	560609
doublets_removed	EEM-scRNA-182	iMON	Myeloid	42.0	H1N1_infected	m	10	180743
doublets_removed	EEM-scRNA-182	maDC	Myeloid	42.0	H1N1_infected	m	2	15628
doublets_removed	EEM-scRNA-182	pMON	Myeloid	42.0	H1N1_infected	m	33	188882
doublets_removed	EEM-scRNA-236	AF1	Mesenchyme	90.0	H1N1_infected	m	681	7701534
doublets_removed	EEM-scRNA-236	AF2	Mesenchyme	90.0	H1N1_infected	m	120	642550
doublets_removed	EEM-scRNA-236	AT1	Epithelium	90.0	H1N1_infected	m	75	918946
doublets_removed	EEM-scRNA-236	AT1_AT2	Epithelium	90.0	H1N1_infected	m	16	423396
doublets_removed	EEM-scRNA-236	AT2	Epithelium	90.0	H1N1_infected	m	114	2476860
doublets_removed	EEM-scRNA-236	Adventitial_fibroblast	Mesenchyme	90.0	H1N1_infected	m	138	1412028
doublets_removed	EEM-scRNA-236	Alveolar_transitional	Epithelium	90.0	H1N1_infected	m	5	119206
doublets_removed	EEM-scRNA-236	Arterial_endothelium	Endothelium	90.0	H1N1_infected	m	36	354993
doublets_removed	EEM-scRNA-236	B_lymphocyte	Lymphoid	90.0	H1N1_infected	m	54	358712
doublets_removed	EEM-scRNA-236	CAP1	Endothelium	90.0	H1N1_infected	m	1373	10545038
doublets_removed	EEM-scRNA-236	CAP2	Endothelium	90.0	H1N1_infected	m	98	563377
doublets_removed	EEM-scRNA-236	Ciliated	Epithelium	90.0	H1N1_infected	m	41	831084
doublets_removed	EEM-scRNA-236	Krt5	Epithelium	90.0	H1N1_infected	m	80	953185
doublets_removed	EEM-scRNA-236	Lymphatic_endothelium	Endothelium	90.0	H1N1_infected	m	26	168072
doublets_removed	EEM-scRNA-236	Mesothelium	Mesenchyme	90.0	H1N1_infected	m	48	793421
doublets_removed	EEM-scRNA-236	NK_cell	Lymphoid	90.0	H1N1_infected	m	7	78604
doublets_removed	EEM-scRNA-236	Neutrophil	Myeloid	90.0	H1N1_infected	m	11	35724
doublets_removed	EEM-scRNA-236	Peribronchial_fibroblast	Mesenchyme	90.0	H1N1_infected	m	17	128816
doublets_removed	EEM-scRNA-236	Plasma_cell	Lymphoid	90.0	H1N1_infected	m	10	175502
doublets_removed	EEM-scRNA-236	Secretory	Epithelium	90.0	H1N1_infected	m	33	1301619
doublets_removed	EEM-scRNA-236	T_lymphocyte	Lymphoid	90.0	H1N1_infected	m	127	867233
doublets_removed	EEM-scRNA-236	VSMC	Mesenchyme	90.0	H1N1_infected	m	15	132661
doublets_removed	EEM-scRNA-236	Venous_endothelium	Endothelium	90.0	H1N1_infected	m	88	1012858
doublets_removed	EEM-scRNA-236	aMAC	Myeloid	90.0	H1N1_infected	m	54	1327161
doublets_removed	EEM-scRNA-236	cDC1	Myeloid	90.0	H1N1_infected	m	27	485333
doublets_removed	EEM-scRNA-236	cDC2	Myeloid	90.0	H1N1_infected	m	17	242457
doublets_removed	EEM-scRNA-236	cMON	Myeloid	90.0	H1N1_infected	m	20	158375
doublets_removed	EEM-scRNA-236	iMAC	Myeloid	90.0	H1N1_infected	m	32	366882
doublets_removed	EEM-scRNA-236	iMON	Myeloid	90.0	H1N1_infected	m	33	566591
doublets_removed	EEM-scRNA-236	maDC	Myeloid	90.0	H1N1_infected	m	6	87674
doublets_removed	EEM-scRNA-236	pMON	Myeloid	90.0	H1N1_infected	m	18	81471
doublets_removed	EEM-scRNA-237	AF1	Mesenchyme	90.0	H1N1_infected	m	1360	13615813
doublets_removed	EEM-scRNA-237	AF2	Mesenchyme	90.0	H1N1_infected	m	79	318925
doublets_removed	EEM-scRNA-237	AT1	Epithelium	90.0	H1N1_infected	m	46	438780
doublets_removed	EEM-scRNA-237	AT1_AT2	Epithelium	90.0	H1N1_infected	m	4	121045
doublets_removed	EEM-scRNA-237	AT2	Epithelium	90.0	H1N1_infected	m	100	1834919
doublets_removed	EEM-scRNA-237	Adventitial_fibroblast	Mesenchyme	90.0	H1N1_infected	m	611	4935567
doublets_removed	EEM-scRNA-237	Alveolar_transitional	Epithelium	90.0	H1N1_infected	m	1	23834
doublets_removed	EEM-scRNA-237	Arterial_endothelium	Endothelium	90.0	H1N1_infected	m	43	473708
doublets_removed	EEM-scRNA-237	B_lymphocyte	Lymphoid	90.0	H1N1_infected	m	62	299535
doublets_removed	EEM-scRNA-237	CAP1	Endothelium	90.0	H1N1_infected	m	1780	10005740
doublets_removed	EEM-scRNA-237	CAP2	Endothelium	90.0	H1N1_infected	m	118	660353
doublets_removed	EEM-scRNA-237	Ciliated	Epithelium	90.0	H1N1_infected	m	41	729187
doublets_removed	EEM-scRNA-237	Krt5	Epithelium	90.0	H1N1_infected	m	134	1777840
doublets_removed	EEM-scRNA-237	Lymphatic_endothelium	Endothelium	90.0	H1N1_infected	m	78	482829
doublets_removed	EEM-scRNA-237	Mesothelium	Mesenchyme	90.0	H1N1_infected	m	66	1040040
doublets_removed	EEM-scRNA-237	NK_cell	Lymphoid	90.0	H1N1_infected	m	41	137874
doublets_removed	EEM-scRNA-237	Neutrophil	Myeloid	90.0	H1N1_infected	m	46	257403
doublets_removed	EEM-scRNA-237	Peribronchial_fibroblast	Mesenchyme	90.0	H1N1_infected	m	105	572678
doublets_removed	EEM-scRNA-237	Plasma_cell	Lymphoid	90.0	H1N1_infected	m	6	94426
doublets_removed	EEM-scRNA-237	Secretory	Epithelium	90.0	H1N1_infected	m	7	207046
doublets_removed	EEM-scRNA-237	T_lymphocyte	Lymphoid	90.0	H1N1_infected	m	120	686185
doublets_removed	EEM-scRNA-237	VSMC	Mesenchyme	90.0	H1N1_infected	m	48	344557
doublets_removed	EEM-scRNA-237	Venous_endothelium	Endothelium	90.0	H1N1_infected	m	168	1545066
doublets_removed	EEM-scRNA-237	aMAC	Myeloid	90.0	H1N1_infected	m	177	2637264
doublets_removed	EEM-scRNA-237	cDC1	Myeloid	90.0	H1N1_infected	m	26	364008
doublets_removed	EEM-scRNA-237	cDC2	Myeloid	90.0	H1N1_infected	m	36	436920
doublets_removed	EEM-scRNA-237	cMON	Myeloid	90.0	H1N1_infected	m	45	425719
doublets_removed	EEM-scRNA-237	iMAC	Myeloid	90.0	H1N1_infected	m	63	484277
doublets_removed	EEM-scRNA-237	iMON	Myeloid	90.0	H1N1_infected	m	7	137337
doublets_removed	EEM-scRNA-237	maDC	Myeloid	90.0	H1N1_infected	m	3	32961
doublets_removed	EEM-scRNA-237	pMON	Myeloid	90.0	H1N1_infected	m	21	122764
doublets_removed	EEM-scRNA-238	AF1	Mesenchyme	90.0	H1N1_infected	m	730	7455014
doublets_removed	EEM-scRNA-238	AF2	Mesenchyme	90.0	H1N1_infected	m	126	499641
doublets_removed	EEM-scRNA-238	AT1	Epithelium	90.0	H1N1_infected	m	125	1439625
doublets_removed	EEM-scRNA-238	AT1_AT2	Epithelium	90.0	H1N1_infected	m	19	541951
doublets_removed	EEM-scRNA-238	AT2	Epithelium	90.0	H1N1_infected	m	221	3690303
doublets_removed	EEM-scRNA-238	Adventitial_fibroblast	Mesenchyme	90.0	H1N1_infected	m	172	1630221
doublets_removed	EEM-scRNA-238	Alveolar_transitional	Epithelium	90.0	H1N1_infected	m	1	23595
doublets_removed	EEM-scRNA-238	Arterial_endothelium	Endothelium	90.0	H1N1_infected	m	66	628490
doublets_removed	EEM-scRNA-238	B_lymphocyte	Lymphoid	90.0	H1N1_infected	m	37	160848
doublets_removed	EEM-scRNA-238	CAP1	Endothelium	90.0	H1N1_infected	m	1802	11182746
doublets_removed	EEM-scRNA-238	CAP2	Endothelium	90.0	H1N1_infected	m	188	1040511
doublets_removed	EEM-scRNA-238	Ciliated	Epithelium	90.0	H1N1_infected	m	33	540585
doublets_removed	EEM-scRNA-238	Krt5	Epithelium	90.0	H1N1_infected	m	51	520924
doublets_removed	EEM-scRNA-238	Lymphatic_endothelium	Endothelium	90.0	H1N1_infected	m	89	441837
doublets_removed	EEM-scRNA-238	Mesothelium	Mesenchyme	90.0	H1N1_infected	m	50	866712
doublets_removed	EEM-scRNA-238	NK_cell	Lymphoid	90.0	H1N1_infected	m	20	205067
doublets_removed	EEM-scRNA-238	Neutrophil	Myeloid	90.0	H1N1_infected	m	34	131929
doublets_removed	EEM-scRNA-238	Peribronchial_fibroblast	Mesenchyme	90.0	H1N1_infected	m	25	132543
doublets_removed	EEM-scRNA-238	Plasma_cell	Lymphoid	90.0	H1N1_infected	m	4	100526
doublets_removed	EEM-scRNA-238	Secretory	Epithelium	90.0	H1N1_infected	m	29	1332336
doublets_removed	EEM-scRNA-238	T_lymphocyte	Lymphoid	90.0	H1N1_infected	m	56	369043
doublets_removed	EEM-scRNA-238	VSMC	Mesenchyme	90.0	H1N1_infected	m	25	206250
doublets_removed	EEM-scRNA-238	Venous_endothelium	Endothelium	90.0	H1N1_infected	m	201	2592284
doublets_removed	EEM-scRNA-238	aMAC	Myeloid	90.0	H1N1_infected	m	130	2131052
doublets_removed	EEM-scRNA-238	cDC1	Myeloid	90.0	H1N1_infected	m	20	270039
doublets_removed	EEM-scRNA-238	cDC2	Myeloid	90.0	H1N1_infected	m	9	114815
doublets_removed	EEM-scRNA-238	cMON	Myeloid	90.0	H1N1_infected	m	37	352139
doublets_removed	EEM-scRNA-238	iMAC	Myeloid	90.0	H1N1_infected	m	38	253733
doublets_removed	EEM-scRNA-238	iMON	Myeloid	90.0	H1N1_infected	m	2	36352
doublets_removed	EEM-scRNA-238	maDC	Myeloid	90.0	H1N1_infected	m	2	24188
doublets_removed	EEM-scRNA-238	pMON	Myeloid	90.0	H1N1_infected	m	8	38703
doublets_removed	EEM-scRNA-239	AF1	Mesenchyme	90.0	H1N1_infected	m	1519	13606381
doublets_removed	EEM-scRNA-239	AF2	Mesenchyme	90.0	H1N1_infected	m	105	470606
doublets_removed	EEM-scRNA-239	AT1	Epithelium	90.0	H1N1_infected	m	64	505151
doublets_removed	EEM-scRNA-239	AT1_AT2	Epithelium	90.0	H1N1_infected	m	9	174062
doublets_removed	EEM-scRNA-239	AT2	Epithelium	90.0	H1N1_infected	m	278	4003189
doublets_removed	EEM-scRNA-239	Adventitial_fibroblast	Mesenchyme	90.0	H1N1_infected	m	543	3923665
doublets_removed	EEM-scRNA-239	Alveolar_transitional	Epithelium	90.0	H1N1_infected	m	1	14322
doublets_removed	EEM-scRNA-239	Arterial_endothelium	Endothelium	90.0	H1N1_infected	m	68	571427
doublets_removed	EEM-scRNA-239	B_lymphocyte	Lymphoid	90.0	H1N1_infected	m	63	252944
doublets_removed	EEM-scRNA-239	CAP1	Endothelium	90.0	H1N1_infected	m	2004	12060785
doublets_removed	EEM-scRNA-239	CAP2	Endothelium	90.0	H1N1_infected	m	186	923696
doublets_removed	EEM-scRNA-239	Ciliated	Epithelium	90.0	H1N1_infected	m	83	1566848
doublets_removed	EEM-scRNA-239	Krt5	Epithelium	90.0	H1N1_infected	m	62	745613
doublets_removed	EEM-scRNA-239	Lymphatic_endothelium	Endothelium	90.0	H1N1_infected	m	99	551198
doublets_removed	EEM-scRNA-239	Mesothelium	Mesenchyme	90.0	H1N1_infected	m	50	655647
doublets_removed	EEM-scRNA-239	NK_cell	Lymphoid	90.0	H1N1_infected	m	48	246205
doublets_removed	EEM-scRNA-239	Neutrophil	Myeloid	90.0	H1N1_infected	m	95	286754
doublets_removed	EEM-scRNA-239	Peribronchial_fibroblast	Mesenchyme	90.0	H1N1_infected	m	59	295314
doublets_removed	EEM-scRNA-239	Plasma_cell	Lymphoid	90.0	H1N1_infected	m	7	174702
doublets_removed	EEM-scRNA-239	Secretory	Epithelium	90.0	H1N1_infected	m	20	535407
doublets_removed	EEM-scRNA-239	T_lymphocyte	Lymphoid	90.0	H1N1_infected	m	162	836635
doublets_removed	EEM-scRNA-239	VSMC	Mesenchyme	90.0	H1N1_infected	m	42	315149
doublets_removed	EEM-scRNA-239	Venous_endothelium	Endothelium	90.0	H1N1_infected	m	232	2344874
doublets_removed	EEM-scRNA-239	aMAC	Myeloid	90.0	H1N1_infected	m	259	2997542
doublets_removed	EEM-scRNA-239	cDC1	Myeloid	90.0	H1N1_infected	m	42	526037
doublets_removed	EEM-scRNA-239	cDC2	Myeloid	90.0	H1N1_infected	m	30	304707
doublets_removed	EEM-scRNA-239	cMON	Myeloid	90.0	H1N1_infected	m	40	265805
doublets_removed	EEM-scRNA-239	iMAC	Myeloid	90.0	H1N1_infected	m	53	362191
doublets_removed	EEM-scRNA-239	iMON	Myeloid	90.0	H1N1_infected	m	18	294848
doublets_removed	EEM-scRNA-239	maDC	Myeloid	90.0	H1N1_infected	m	3	20248
doublets_removed	EEM-scRNA-239	pMON	Myeloid	90.0	H1N1_infected	m	29	127150
doublets_removed	EEM-scRNA-310	AF1	Mesenchyme	366.0	H1N1_infected	m	580	5444264
doublets_removed	EEM-scRNA-310	AF2	Mesenchyme	366.0	H1N1_infected	m	125	585557
doublets_removed	EEM-scRNA-310	AT1	Epithelium	366.0	H1N1_infected	m	117	1183312
doublets_removed	EEM-scRNA-310	AT1_AT2	Epithelium	366.0	H1N1_infected	m	42	1134802
doublets_removed	EEM-scRNA-310	AT2	Epithelium	366.0	H1N1_infected	m	252	4036066
doublets_removed	EEM-scRNA-310	Adventitial_fibroblast	Mesenchyme	366.0	H1N1_infected	m	135	1160804
doublets_removed	EEM-scRNA-310	Alveolar_transitional	Epithelium	366.0	H1N1_infected	m	1	10685
doublets_removed	EEM-scRNA-310	Arterial_endothelium	Endothelium	366.0	H1N1_infected	m	56	457817
doublets_removed	EEM-scRNA-310	B_lymphocyte	Lymphoid	366.0	H1N1_infected	m	32	144316
doublets_removed	EEM-scRNA-310	CAP1	Endothelium	366.0	H1N1_infected	m	1656	9098999
doublets_removed	EEM-scRNA-310	CAP2	Endothelium	366.0	H1N1_infected	m	157	652796
doublets_removed	EEM-scRNA-310	Ciliated	Epithelium	366.0	H1N1_infected	m	94	1327304
doublets_removed	EEM-scRNA-310	Krt5	Epithelium	366.0	H1N1_infected	m	76	792635
doublets_removed	EEM-scRNA-310	Lymphatic_endothelium	Endothelium	366.0	H1N1_infected	m	73	410389
doublets_removed	EEM-scRNA-310	Mesothelium	Mesenchyme	366.0	H1N1_infected	m	9	142044
doublets_removed	EEM-scRNA-310	NK_cell	Lymphoid	366.0	H1N1_infected	m	10	53965
doublets_removed	EEM-scRNA-310	Neutrophil	Myeloid	366.0	H1N1_infected	m	22	58813
doublets_removed	EEM-scRNA-310	Peribronchial_fibroblast	Mesenchyme	366.0	H1N1_infected	m	22	116647
doublets_removed	EEM-scRNA-310	Plasma_cell	Lymphoid	366.0	H1N1_infected	m	1	19722
doublets_removed	EEM-scRNA-310	Secretory	Epithelium	366.0	H1N1_infected	m	2	58906
doublets_removed	EEM-scRNA-310	T_lymphocyte	Lymphoid	366.0	H1N1_infected	m	58	308466
doublets_removed	EEM-scRNA-310	VSMC	Mesenchyme	366.0	H1N1_infected	m	15	88817
doublets_removed	EEM-scRNA-310	Venous_endothelium	Endothelium	366.0	H1N1_infected	m	178	1820482
doublets_removed	EEM-scRNA-310	aMAC	Myeloid	366.0	H1N1_infected	m	130	1736915
doublets_removed	EEM-scRNA-310	cDC1	Myeloid	366.0	H1N1_infected	m	17	217046
doublets_removed	EEM-scRNA-310	cDC2	Myeloid	366.0	H1N1_infected	m	16	182883
doublets_removed	EEM-scRNA-310	cMON	Myeloid	366.0	H1N1_infected	m	7	71104
doublets_removed	EEM-scRNA-310	iMAC	Myeloid	366.0	H1N1_infected	m	22	159667
doublets_removed	EEM-scRNA-310	iMON	Myeloid	366.0	H1N1_infected	m	6	69630
doublets_removed	EEM-scRNA-310	maDC	Myeloid	366.0	H1N1_infected	m	3	28872
doublets_removed	EEM-scRNA-310	pMON	Myeloid	366.0	H1N1_infected	m	17	97501
doublets_removed	EEM-scRNA-311	AF1	Mesenchyme	366.0	H1N1_infected	f	559	5334120
doublets_removed	EEM-scRNA-311	AF2	Mesenchyme	366.0	H1N1_infected	f	99	419060
doublets_removed	EEM-scRNA-311	AT1	Epithelium	366.0	H1N1_infected	f	100	974358
doublets_removed	EEM-scRNA-311	AT1_AT2	Epithelium	366.0	H1N1_infected	f	19	509660
doublets_removed	EEM-scRNA-311	AT2	Epithelium	366.0	H1N1_infected	f	202	2971434
doublets_removed	EEM-scRNA-311	Adventitial_fibroblast	Mesenchyme	366.0	H1N1_infected	f	210	1677359
doublets_removed	EEM-scRNA-311	Alveolar_transitional	Epithelium	366.0	H1N1_infected	f	1	7059
doublets_removed	EEM-scRNA-311	Arterial_endothelium	Endothelium	366.0	H1N1_infected	f	39	329937
doublets_removed	EEM-scRNA-311	B_lymphocyte	Lymphoid	366.0	H1N1_infected	f	110	589524
doublets_removed	EEM-scRNA-311	CAP1	Endothelium	366.0	H1N1_infected	f	1420	8419512
doublets_removed	EEM-scRNA-311	CAP2	Endothelium	366.0	H1N1_infected	f	79	356042
doublets_removed	EEM-scRNA-311	Ciliated	Epithelium	366.0	H1N1_infected	f	123	2231332
doublets_removed	EEM-scRNA-311	Krt5	Epithelium	366.0	H1N1_infected	f	72	761800
doublets_removed	EEM-scRNA-311	Lymphatic_endothelium	Endothelium	366.0	H1N1_infected	f	60	259180
doublets_removed	EEM-scRNA-311	Mesothelium	Mesenchyme	366.0	H1N1_infected	f	45	784450
doublets_removed	EEM-scRNA-311	NK_cell	Lymphoid	366.0	H1N1_infected	f	16	85057
doublets_removed	EEM-scRNA-311	Neutrophil	Myeloid	366.0	H1N1_infected	f	30	86168
doublets_removed	EEM-scRNA-311	Peribronchial_fibroblast	Mesenchyme	366.0	H1N1_infected	f	19	107313
doublets_removed	EEM-scRNA-311	Secretory	Epithelium	366.0	H1N1_infected	f	15	229719
doublets_removed	EEM-scRNA-311	T_lymphocyte	Lymphoid	366.0	H1N1_infected	f	125	609160
doublets_removed	EEM-scRNA-311	VSMC	Mesenchyme	366.0	H1N1_infected	f	20	137412
doublets_removed	EEM-scRNA-311	Venous_endothelium	Endothelium	366.0	H1N1_infected	f	160	1456051
doublets_removed	EEM-scRNA-311	aMAC	Myeloid	366.0	H1N1_infected	f	105	1344824
doublets_removed	EEM-scRNA-311	cDC1	Myeloid	366.0	H1N1_infected	f	15	185492
doublets_removed	EEM-scRNA-311	cDC2	Myeloid	366.0	H1N1_infected	f	15	197138
doublets_removed	EEM-scRNA-311	cMON	Myeloid	366.0	H1N1_infected	f	20	187821
doublets_removed	EEM-scRNA-311	iMAC	Myeloid	366.0	H1N1_infected	f	18	134150
doublets_removed	EEM-scRNA-311	iMON	Myeloid	366.0	H1N1_infected	f	5	44774
doublets_removed	EEM-scRNA-311	maDC	Myeloid	366.0	H1N1_infected	f	5	41807
doublets_removed	EEM-scRNA-311	pMON	Myeloid	366.0	H1N1_infected	f	22	107087
doublets_removed	EEM-scRNA-312	AF1	Mesenchyme	366.0	H1N1_infected	f	542	6891582
doublets_removed	EEM-scRNA-312	AF2	Mesenchyme	366.0	H1N1_infected	f	75	408017
doublets_removed	EEM-scRNA-312	AT1	Epithelium	366.0	H1N1_infected	f	56	703870
doublets_removed	EEM-scRNA-312	AT1_AT2	Epithelium	366.0	H1N1_infected	f	14	410931
doublets_removed	EEM-scRNA-312	AT2	Epithelium	366.0	H1N1_infected	f	147	3182096
doublets_removed	EEM-scRNA-312	Adventitial_fibroblast	Mesenchyme	366.0	H1N1_infected	f	190	1893651
doublets_removed	EEM-scRNA-312	Alveolar_transitional	Epithelium	366.0	H1N1_infected	f	1	54510
doublets_removed	EEM-scRNA-312	Arterial_endothelium	Endothelium	366.0	H1N1_infected	f	31	377304
doublets_removed	EEM-scRNA-312	B_lymphocyte	Lymphoid	366.0	H1N1_infected	f	76	551478
doublets_removed	EEM-scRNA-312	CAP1	Endothelium	366.0	H1N1_infected	f	913	7273433
doublets_removed	EEM-scRNA-312	CAP2	Endothelium	366.0	H1N1_infected	f	68	347467
doublets_removed	EEM-scRNA-312	Ciliated	Epithelium	366.0	H1N1_infected	f	95	2550017
doublets_removed	EEM-scRNA-312	Krt5	Epithelium	366.0	H1N1_infected	f	34	439274
doublets_removed	EEM-scRNA-312	Lymphatic_endothelium	Endothelium	366.0	H1N1_infected	f	30	169914
doublets_removed	EEM-scRNA-312	Mesothelium	Mesenchyme	366.0	H1N1_infected	f	11	181532
doublets_removed	EEM-scRNA-312	NK_cell	Lymphoid	366.0	H1N1_infected	f	13	97713
doublets_removed	EEM-scRNA-312	Neutrophil	Myeloid	366.0	H1N1_infected	f	19	81477
doublets_removed	EEM-scRNA-312	Peribronchial_fibroblast	Mesenchyme	366.0	H1N1_infected	f	18	153251
doublets_removed	EEM-scRNA-312	Plasma_cell	Lymphoid	366.0	H1N1_infected	f	2	37988
doublets_removed	EEM-scRNA-312	Secretory	Epithelium	366.0	H1N1_infected	f	8	218513
doublets_removed	EEM-scRNA-312	T_lymphocyte	Lymphoid	366.0	H1N1_infected	f	78	545930
doublets_removed	EEM-scRNA-312	VSMC	Mesenchyme	366.0	H1N1_infected	f	17	129655
doublets_removed	EEM-scRNA-312	Venous_endothelium	Endothelium	366.0	H1N1_infected	f	132	1484410
doublets_removed	EEM-scRNA-312	aMAC	Myeloid	366.0	H1N1_infected	f	123	2394726
doublets_removed	EEM-scRNA-312	cDC1	Myeloid	366.0	H1N1_infected	f	12	219317
doublets_removed	EEM-scRNA-312	cDC2	Myeloid	366.0	H1N1_infected	f	9	114990
doublets_removed	EEM-scRNA-312	cMON	Myeloid	366.0	H1N1_infected	f	20	192275
doublets_removed	EEM-scRNA-312	iMAC	Myeloid	366.0	H1N1_infected	f	15	171296
doublets_removed	EEM-scRNA-312	iMON	Myeloid	366.0	H1N1_infected	f	1	14318
doublets_removed	EEM-scRNA-312	maDC	Myeloid	366.0	H1N1_infected	f	3	36947
doublets_removed	EEM-scRNA-312	pMON	Myeloid	366.0	H1N1_infected	f	26	211095
author_labels	EEM-scRNA-113	AF1	Mesenchyme	6.0	H1N1_infected	f	503	4430066
author_labels	EEM-scRNA-113	AF2	Mesenchyme	6.0	H1N1_infected	f	144	539269
author_labels	EEM-scRNA-113	AT1	Epithelium	6.0	H1N1_infected	f	11	108215
author_labels	EEM-scRNA-113	AT1_AT2	Epithelium	6.0	H1N1_infected	f	19	460346
author_labels	EEM-scRNA-113	AT2	Epithelium	6.0	H1N1_infected	f	120	2064547
author_labels	EEM-scRNA-113	Adventitial_fibroblast	Mesenchyme	6.0	H1N1_infected	f	104	1982572
author_labels	EEM-scRNA-113	Alveolar_transitional	Epithelium	6.0	H1N1_infected	f	4	47587
author_labels	EEM-scRNA-113	Arterial_endothelium	Endothelium	6.0	H1N1_infected	f	53	861465
author_labels	EEM-scRNA-113	B_lymphocyte	Lymphoid	6.0	H1N1_infected	f	30	154580
author_labels	EEM-scRNA-113	CAP1	Endothelium	6.0	H1N1_infected	f	962	6153892
author_labels	EEM-scRNA-113	CAP2	Endothelium	6.0	H1N1_infected	f	117	570082
author_labels	EEM-scRNA-113	Ciliated	Epithelium	6.0	H1N1_infected	f	63	1321229
author_labels	EEM-scRNA-113	Lymphatic_endothelium	Endothelium	6.0	H1N1_infected	f	47	500582
author_labels	EEM-scRNA-113	Mesothelium	Mesenchyme	6.0	H1N1_infected	f	15	193784
author_labels	EEM-scRNA-113	NK_cell	Lymphoid	6.0	H1N1_infected	f	22	97470
author_labels	EEM-scRNA-113	Neutrophil	Myeloid	6.0	H1N1_infected	f	44	165518
author_labels	EEM-scRNA-113	Peribronchial_fibroblast	Mesenchyme	6.0	H1N1_infected	f	25	219839
author_labels	EEM-scRNA-113	Plasma_cell	Lymphoid	6.0	H1N1_infected	f	8	149714
author_labels	EEM-scRNA-113	Secretory	Epithelium	6.0	H1N1_infected	f	10	406861
author_labels	EEM-scRNA-113	T_lymphocyte	Lymphoid	6.0	H1N1_infected	f	49	394020
author_labels	EEM-scRNA-113	VSMC	Mesenchyme	6.0	H1N1_infected	f	42	639036
author_labels	EEM-scRNA-113	Venous_endothelium	Endothelium	6.0	H1N1_infected	f	61	888636
author_labels	EEM-scRNA-113	aMAC	Myeloid	6.0	H1N1_infected	f	13	405261
author_labels	EEM-scRNA-113	cDC1	Myeloid	6.0	H1N1_infected	f	3	40346
author_labels	EEM-scRNA-113	cDC2	Myeloid	6.0	H1N1_infected	f	4	76306
author_labels	EEM-scRNA-113	cMON	Myeloid	6.0	H1N1_infected	f	11	155065
author_labels	EEM-scRNA-113	iMAC	Myeloid	6.0	H1N1_infected	f	3	26476
author_labels	EEM-scRNA-113	iMON	Myeloid	6.0	H1N1_infected	f	98	1089958
author_labels	EEM-scRNA-113	maDC	Myeloid	6.0	H1N1_infected	f	1	3645
author_labels	EEM-scRNA-113	pMON	Myeloid	6.0	H1N1_infected	f	9	50782
author_labels	EEM-scRNA-116	AF1	Mesenchyme	11.0	H1N1_infected	m	768	14115470
author_labels	EEM-scRNA-116	AF2	Mesenchyme	11.0	H1N1_infected	m	70	356449
author_labels	EEM-scRNA-116	AT1	Epithelium	11.0	H1N1_infected	m	35	636923
author_labels	EEM-scRNA-116	AT1_AT2	Epithelium	11.0	H1N1_infected	m	4	180024
author_labels	EEM-scRNA-116	AT2	Epithelium	11.0	H1N1_infected	m	40	971878
author_labels	EEM-scRNA-116	Adventitial_fibroblast	Mesenchyme	11.0	H1N1_infected	m	331	6018420
author_labels	EEM-scRNA-116	Alveolar_transitional	Epithelium	11.0	H1N1_infected	m	23	590948
author_labels	EEM-scRNA-116	Arterial_endothelium	Endothelium	11.0	H1N1_infected	m	73	1058218
author_labels	EEM-scRNA-116	B_lymphocyte	Lymphoid	11.0	H1N1_infected	m	16	53458
author_labels	EEM-scRNA-116	CAP1	Endothelium	11.0	H1N1_infected	m	1548	15269988
author_labels	EEM-scRNA-116	CAP2	Endothelium	11.0	H1N1_infected	m	128	657136
author_labels	EEM-scRNA-116	Ciliated	Epithelium	11.0	H1N1_infected	m	51	1251290
author_labels	EEM-scRNA-116	Krt5	Epithelium	11.0	H1N1_infected	m	6	85415
author_labels	EEM-scRNA-116	Lymphatic_endothelium	Endothelium	11.0	H1N1_infected	m	110	1601293
author_labels	EEM-scRNA-116	Mesothelium	Mesenchyme	11.0	H1N1_infected	m	68	1878482
author_labels	EEM-scRNA-116	NK_cell	Lymphoid	11.0	H1N1_infected	m	5	35397
author_labels	EEM-scRNA-116	Neutrophil	Myeloid	11.0	H1N1_infected	m	76	180848
author_labels	EEM-scRNA-116	Peribronchial_fibroblast	Mesenchyme	11.0	H1N1_infected	m	85	943972
author_labels	EEM-scRNA-116	Plasma_cell	Lymphoid	11.0	H1N1_infected	m	1	14650
author_labels	EEM-scRNA-116	Secretory	Epithelium	11.0	H1N1_infected	m	10	299992
author_labels	EEM-scRNA-116	T_lymphocyte	Lymphoid	11.0	H1N1_infected	m	136	790095
author_labels	EEM-scRNA-116	VSMC	Mesenchyme	11.0	H1N1_infected	m	70	963139
author_labels	EEM-scRNA-116	Venous_endothelium	Endothelium	11.0	H1N1_infected	m	104	1318394
author_labels	EEM-scRNA-116	aMAC	Myeloid	11.0	H1N1_infected	m	12	343825
author_labels	EEM-scRNA-116	cDC1	Myeloid	11.0	H1N1_infected	m	6	107205
author_labels	EEM-scRNA-116	cDC2	Myeloid	11.0	H1N1_infected	m	9	115145
author_labels	EEM-scRNA-116	cMON	Myeloid	11.0	H1N1_infected	m	35	278551
author_labels	EEM-scRNA-116	iMAC	Myeloid	11.0	H1N1_infected	m	10	98881
author_labels	EEM-scRNA-116	iMON	Myeloid	11.0	H1N1_infected	m	99	1336740
author_labels	EEM-scRNA-116	pMON	Myeloid	11.0	H1N1_infected	m	6	43896
author_labels	EEM-scRNA-117	AF1	Mesenchyme	19.0	H1N1_infected	m	969	13818789
author_labels	EEM-scRNA-117	AF2	Mesenchyme	19.0	H1N1_infected	m	43	272956
author_labels	EEM-scRNA-117	AT1	Epithelium	19.0	H1N1_infected	m	51	597692
author_labels	EEM-scRNA-117	AT1_AT2	Epithelium	19.0	H1N1_infected	m	13	342025
author_labels	EEM-scRNA-117	AT2	Epithelium	19.0	H1N1_infected	m	152	2442937
author_labels	EEM-scRNA-117	Adventitial_fibroblast	Mesenchyme	19.0	H1N1_infected	m	337	3430806
author_labels	EEM-scRNA-117	Alveolar_transitional	Epithelium	19.0	H1N1_infected	m	14	320391
author_labels	EEM-scRNA-117	Arterial_endothelium	Endothelium	19.0	H1N1_infected	m	51	597596
author_labels	EEM-scRNA-117	B_lymphocyte	Lymphoid	19.0	H1N1_infected	m	27	158679
author_labels	EEM-scRNA-117	CAP1	Endothelium	19.0	H1N1_infected	m	1625	16671557
author_labels	EEM-scRNA-117	CAP2	Endothelium	19.0	H1N1_infected	m	165	977031
author_labels	EEM-scRNA-117	Ciliated	Epithelium	19.0	H1N1_infected	m	47	677887
author_labels	EEM-scRNA-117	Krt5	Epithelium	19.0	H1N1_infected	m	46	678194
author_labels	EEM-scRNA-117	Lymphatic_endothelium	Endothelium	19.0	H1N1_infected	m	110	923871
author_labels	EEM-scRNA-117	Mesothelium	Mesenchyme	19.0	H1N1_infected	m	44	883718
author_labels	EEM-scRNA-117	NK_cell	Lymphoid	19.0	H1N1_infected	m	18	70126
author_labels	EEM-scRNA-117	Neutrophil	Myeloid	19.0	H1N1_infected	m	30	132655
author_labels	EEM-scRNA-117	Peribronchial_fibroblast	Mesenchyme	19.0	H1N1_infected	m	51	483823
author_labels	EEM-scRNA-117	Plasma_cell	Lymphoid	19.0	H1N1_infected	m	2	23960
author_labels	EEM-scRNA-117	Secretory	Epithelium	19.0	H1N1_infected	m	13	243410
author_labels	EEM-scRNA-117	T_lymphocyte	Lymphoid	19.0	H1N1_infected	m	85	436104
author_labels	EEM-scRNA-117	VSMC	Mesenchyme	19.0	H1N1_infected	m	49	443907
author_labels	EEM-scRNA-117	Venous_endothelium	Endothelium	19.0	H1N1_infected	m	107	1416404
author_labels	EEM-scRNA-117	aMAC	Myeloid	19.0	H1N1_infected	m	143	2246620
author_labels	EEM-scRNA-117	cDC1	Myeloid	19.0	H1N1_infected	m	12	206032
author_labels	EEM-scRNA-117	cDC2	Myeloid	19.0	H1N1_infected	m	12	134087
author_labels	EEM-scRNA-117	cMON	Myeloid	19.0	H1N1_infected	m	15	104779
author_labels	EEM-scRNA-117	iMAC	Myeloid	19.0	H1N1_infected	m	21	174530
author_labels	EEM-scRNA-117	iMON	Myeloid	19.0	H1N1_infected	m	42	660769
author_labels	EEM-scRNA-117	pMON	Myeloid	19.0	H1N1_infected	m	13	67121
author_labels	EEM-scRNA-118	AF1	Mesenchyme	25.0	H1N1_infected	m	687	9944604
author_labels	EEM-scRNA-118	AF2	Mesenchyme	25.0	H1N1_infected	m	161	1019638
author_labels	EEM-scRNA-118	AT1	Epithelium	25.0	H1N1_infected	m	60	855777
author_labels	EEM-scRNA-118	AT1_AT2	Epithelium	25.0	H1N1_infected	m	18	635025
author_labels	EEM-scRNA-118	AT2	Epithelium	25.0	H1N1_infected	m	109	2044828
author_labels	EEM-scRNA-118	Adventitial_fibroblast	Mesenchyme	25.0	H1N1_infected	m	212	2705149
author_labels	EEM-scRNA-118	Alveolar_transitional	Epithelium	25.0	H1N1_infected	m	4	85641
author_labels	EEM-scRNA-118	Arterial_endothelium	Endothelium	25.0	H1N1_infected	m	50	462077
author_labels	EEM-scRNA-118	B_lymphocyte	Lymphoid	25.0	H1N1_infected	m	58	365737
author_labels	EEM-scRNA-118	CAP1	Endothelium	25.0	H1N1_infected	m	1682	14689398
author_labels	EEM-scRNA-118	CAP2	Endothelium	25.0	H1N1_infected	m	62	249853
author_labels	EEM-scRNA-118	Ciliated	Epithelium	25.0	H1N1_infected	m	59	863534
author_labels	EEM-scRNA-118	Krt5	Epithelium	25.0	H1N1_infected	m	13	151426
author_labels	EEM-scRNA-118	Lymphatic_endothelium	Endothelium	25.0	H1N1_infected	m	199	1499189
author_labels	EEM-scRNA-118	Mesothelium	Mesenchyme	25.0	H1N1_infected	m	41	796676
author_labels	EEM-scRNA-118	NK_cell	Lymphoid	25.0	H1N1_infected	m	6	45113
author_labels	EEM-scRNA-118	Neutrophil	Myeloid	25.0	H1N1_infected	m	26	68940
author_labels	EEM-scRNA-118	Peribronchial_fibroblast	Mesenchyme	25.0	H1N1_infected	m	52	512769
author_labels	EEM-scRNA-118	Plasma_cell	Lymphoid	25.0	H1N1_infected	m	8	84910
author_labels	EEM-scRNA-118	Secretory	Epithelium	25.0	H1N1_infected	m	8	165377
author_labels	EEM-scRNA-118	T_lymphocyte	Lymphoid	25.0	H1N1_infected	m	91	469137
author_labels	EEM-scRNA-118	VSMC	Mesenchyme	25.0	H1N1_infected	m	40	360039
author_labels	EEM-scRNA-118	Venous_endothelium	Endothelium	25.0	H1N1_infected	m	109	1487212
author_labels	EEM-scRNA-118	aMAC	Myeloid	25.0	H1N1_infected	m	47	961691
author_labels	EEM-scRNA-118	cDC1	Myeloid	25.0	H1N1_infected	m	17	301673
author_labels	EEM-scRNA-118	cDC2	Myeloid	25.0	H1N1_infected	m	8	107007
author_labels	EEM-scRNA-118	cMON	Myeloid	25.0	H1N1_infected	m	33	261485
author_labels	EEM-scRNA-118	iMAC	Myeloid	25.0	H1N1_infected	m	28	244108
author_labels	EEM-scRNA-118	iMON	Myeloid	25.0	H1N1_infected	m	23	448410
author_labels	EEM-scRNA-118	maDC	Myeloid	25.0	H1N1_infected	m	4	40056
author_labels	EEM-scRNA-118	pMON	Myeloid	25.0	H1N1_infected	m	23	121644
author_labels	EEM-scRNA-124	AF1	Mesenchyme	42.0	H1N1_infected	f	649	8267632
author_labels	EEM-scRNA-124	AF2	Mesenchyme	42.0	H1N1_infected	f	55	351552
author_labels	EEM-scRNA-124	AT1	Epithelium	42.0	H1N1_infected	f	34	400486
author_labels	EEM-scRNA-124	AT1_AT2	Epithelium	42.0	H1N1_infected	f	1	15593
author_labels	EEM-scRNA-124	AT2	Epithelium	42.0	H1N1_infected	f	52	889576
author_labels	EEM-scRNA-124	Adventitial_fibroblast	Mesenchyme	42.0	H1N1_infected	f	140	1655708
author_labels	EEM-scRNA-124	Alveolar_transitional	Epithelium	42.0	H1N1_infected	f	3	72945
author_labels	EEM-scRNA-124	Arterial_endothelium	Endothelium	42.0	H1N1_infected	f	32	467326
author_labels	EEM-scRNA-124	B_lymphocyte	Lymphoid	42.0	H1N1_infected	f	21	175775
author_labels	EEM-scRNA-124	CAP1	Endothelium	42.0	H1N1_infected	f	1557	15273949
author_labels	EEM-scRNA-124	CAP2	Endothelium	42.0	H1N1_infected	f	148	1191166
author_labels	EEM-scRNA-124	Ciliated	Epithelium	42.0	H1N1_infected	f	38	703079
author_labels	EEM-scRNA-124	Krt5	Epithelium	42.0	H1N1_infected	f	8	85218
author_labels	EEM-scRNA-124	Lymphatic_endothelium	Endothelium	42.0	H1N1_infected	f	66	382090
author_labels	EEM-scRNA-124	Mesothelium	Mesenchyme	42.0	H1N1_infected	f	51	951759
author_labels	EEM-scRNA-124	NK_cell	Lymphoid	42.0	H1N1_infected	f	2	69048
author_labels	EEM-scRNA-124	Neutrophil	Myeloid	42.0	H1N1_infected	f	27	84361
author_labels	EEM-scRNA-124	Peribronchial_fibroblast	Mesenchyme	42.0	H1N1_infected	f	22	177185
author_labels	EEM-scRNA-124	Plasma_cell	Lymphoid	42.0	H1N1_infected	f	17	408645
author_labels	EEM-scRNA-124	Secretory	Epithelium	42.0	H1N1_infected	f	27	909316
author_labels	EEM-scRNA-124	T_lymphocyte	Lymphoid	42.0	H1N1_infected	f	42	295154
author_labels	EEM-scRNA-124	VSMC	Mesenchyme	42.0	H1N1_infected	f	30	256620
author_labels	EEM-scRNA-124	Venous_endothelium	Endothelium	42.0	H1N1_infected	f	83	1181315
author_labels	EEM-scRNA-124	aMAC	Myeloid	42.0	H1N1_infected	f	49	904433
author_labels	EEM-scRNA-124	cDC1	Myeloid	42.0	H1N1_infected	f	5	90360
author_labels	EEM-scRNA-124	cDC2	Myeloid	42.0	H1N1_infected	f	9	111220
author_labels	EEM-scRNA-124	cMON	Myeloid	42.0	H1N1_infected	f	4	33976
author_labels	EEM-scRNA-124	iMAC	Myeloid	42.0	H1N1_infected	f	19	170115
author_labels	EEM-scRNA-124	iMON	Myeloid	42.0	H1N1_infected	f	14	265040
author_labels	EEM-scRNA-124	maDC	Myeloid	42.0	H1N1_infected	f	1	14062
author_labels	EEM-scRNA-124	pMON	Myeloid	42.0	H1N1_infected	f	15	70433
author_labels	EEM-scRNA-125	AF1	Mesenchyme	42.0	H1N1_infected	m	1206	11578419
author_labels	EEM-scRNA-125	AF2	Mesenchyme	42.0	H1N1_infected	m	81	344216
author_labels	EEM-scRNA-125	AT1	Epithelium	42.0	H1N1_infected	m	76	683655
author_labels	EEM-scRNA-125	AT1_AT2	Epithelium	42.0	H1N1_infected	m	15	379828
author_labels	EEM-scRNA-125	AT2	Epithelium	42.0	H1N1_infected	m	136	1642479
author_labels	EEM-scRNA-125	Adventitial_fibroblast	Mesenchyme	42.0	H1N1_infected	m	230	1775188
author_labels	EEM-scRNA-125	Alveolar_transitional	Epithelium	42.0	H1N1_infected	m	2	21662
author_labels	EEM-scRNA-125	Arterial_endothelium	Endothelium	42.0	H1N1_infected	m	45	496825
author_labels	EEM-scRNA-125	B_lymphocyte	Lymphoid	42.0	H1N1_infected	m	49	217629
author_labels	EEM-scRNA-125	CAP1	Endothelium	42.0	H1N1_infected	m	1533	9861793
author_labels	EEM-scRNA-125	CAP2	Endothelium	42.0	H1N1_infected	m	84	424374
author_labels	EEM-scRNA-125	Ciliated	Epithelium	42.0	H1N1_infected	m	49	689706
author_labels	EEM-scRNA-125	Krt5	Epithelium	42.0	H1N1_infected	m	51	387341
author_labels	EEM-scRNA-125	Lymphatic_endothelium	Endothelium	42.0	H1N1_infected	m	82	380743
author_labels	EEM-scRNA-125	Mesothelium	Mesenchyme	42.0	H1N1_infected	m	11	158408
author_labels	EEM-scRNA-125	NK_cell	Lymphoid	42.0	H1N1_infected	m	14	65515
author_labels	EEM-scRNA-125	Neutrophil	Myeloid	42.0	H1N1_infected	m	57	147225
author_labels	EEM-scRNA-125	Peribronchial_fibroblast	Mesenchyme	42.0	H1N1_infected	m	62	338189
author_labels	EEM-scRNA-125	Secretory	Epithelium	42.0	H1N1_infected	m	17	373170
author_labels	EEM-scRNA-125	T_lymphocyte	Lymphoid	42.0	H1N1_infected	m	95	378244
author_labels	EEM-scRNA-125	VSMC	Mesenchyme	42.0	H1N1_infected	m	59	437597
author_labels	EEM-scRNA-125	Venous_endothelium	Endothelium	42.0	H1N1_infected	m	79	754960
author_labels	EEM-scRNA-125	aMAC	Myeloid	42.0	H1N1_infected	m	78	932805
author_labels	EEM-scRNA-125	cDC1	Myeloid	42.0	H1N1_infected	m	24	304965
author_labels	EEM-scRNA-125	cDC2	Myeloid	42.0	H1N1_infected	m	9	95324
author_labels	EEM-scRNA-125	cMON	Myeloid	42.0	H1N1_infected	m	10	61034
author_labels	EEM-scRNA-125	iMAC	Myeloid	42.0	H1N1_infected	m	23	131617
author_labels	EEM-scRNA-125	iMON	Myeloid	42.0	H1N1_infected	m	4	43667
author_labels	EEM-scRNA-125	maDC	Myeloid	42.0	H1N1_infected	m	2	12715
author_labels	EEM-scRNA-125	pMON	Myeloid	42.0	H1N1_infected	m	10	37331
author_labels	EEM-scRNA-126	AF1	Mesenchyme	42.0	H1N1_infected	m	795	10010138
author_labels	EEM-scRNA-126	AF2	Mesenchyme	42.0	H1N1_infected	m	28	157964
author_labels	EEM-scRNA-126	AT1	Epithelium	42.0	H1N1_infected	m	24	335116
author_labels	EEM-scRNA-126	AT1_AT2	Epithelium	42.0	H1N1_infected	m	54	396582
author_labels	EEM-scRNA-126	AT2	Epithelium	42.0	H1N1_infected	m	88	1270910
author_labels	EEM-scRNA-126	Adventitial_fibroblast	Mesenchyme	42.0	H1N1_infected	m	234	2169354
author_labels	EEM-scRNA-126	Alveolar_transitional	Epithelium	42.0	H1N1_infected	m	1	17941
author_labels	EEM-scRNA-126	Arterial_endothelium	Endothelium	42.0	H1N1_infected	m	24	192891
author_labels	EEM-scRNA-126	B_lymphocyte	Lymphoid	42.0	H1N1_infected	m	51	237678
author_labels	EEM-scRNA-126	CAP1	Endothelium	42.0	H1N1_infected	m	1584	10687486
author_labels	EEM-scRNA-126	CAP2	Endothelium	42.0	H1N1_infected	m	228	1246754
author_labels	EEM-scRNA-126	Ciliated	Epithelium	42.0	H1N1_infected	m	15	384846
author_labels	EEM-scRNA-126	Krt5	Epithelium	42.0	H1N1_infected	m	335	3528162
author_labels	EEM-scRNA-126	Lymphatic_endothelium	Endothelium	42.0	H1N1_infected	m	60	313609
author_labels	EEM-scRNA-126	NK_cell	Lymphoid	42.0	H1N1_infected	m	15	78806
author_labels	EEM-scRNA-126	Neutrophil	Myeloid	42.0	H1N1_infected	m	69	225062
author_labels	EEM-scRNA-126	Peribronchial_fibroblast	Mesenchyme	42.0	H1N1_infected	m	55	300979
author_labels	EEM-scRNA-126	Secretory	Epithelium	42.0	H1N1_infected	m	35	1101719
author_labels	EEM-scRNA-126	T_lymphocyte	Lymphoid	42.0	H1N1_infected	m	79	499915
author_labels	EEM-scRNA-126	VSMC	Mesenchyme	42.0	H1N1_infected	m	39	332142
author_labels	EEM-scRNA-126	Venous_endothelium	Endothelium	42.0	H1N1_infected	m	89	913028
author_labels	EEM-scRNA-126	aMAC	Myeloid	42.0	H1N1_infected	m	102	1697850
author_labels	EEM-scRNA-126	cDC1	Myeloid	42.0	H1N1_infected	m	6	108644
author_labels	EEM-scRNA-126	cDC2	Myeloid	42.0	H1N1_infected	m	6	61515
author_labels	EEM-scRNA-126	cMON	Myeloid	42.0	H1N1_infected	m	23	206924
author_labels	EEM-scRNA-126	iMAC	Myeloid	42.0	H1N1_infected	m	25	207600
author_labels	EEM-scRNA-126	iMON	Myeloid	42.0	H1N1_infected	m	6	66970
author_labels	EEM-scRNA-126	maDC	Myeloid	42.0	H1N1_infected	m	4	70091
author_labels	EEM-scRNA-126	pMON	Myeloid	42.0	H1N1_infected	m	22	99800
author_labels	EEM-scRNA-127	AF1	Mesenchyme	42.0	H1N1_infected	m	698	9364902
author_labels	EEM-scRNA-127	AF2	Mesenchyme	42.0	H1N1_infected	m	41	257625
author_labels	EEM-scRNA-127	AT1	Epithelium	42.0	H1N1_infected	m	48	618357
author_labels	EEM-scRNA-127	AT1_AT2	Epithelium	42.0	H1N1_infected	m	7	282330
author_labels	EEM-scRNA-127	AT2	Epithelium	42.0	H1N1_infected	m	71	1367183
author_labels	EEM-scRNA-127	Adventitial_fibroblast	Mesenchyme	42.0	H1N1_infected	m	171	1783381
author_labels	EEM-scRNA-127	Alveolar_transitional	Epithelium	42.0	H1N1_infected	m	4	49190
author_labels	EEM-scRNA-127	Arterial_endothelium	Endothelium	42.0	H1N1_infected	m	31	303475
author_labels	EEM-scRNA-127	B_lymphocyte	Lymphoid	42.0	H1N1_infected	m	98	584378
author_labels	EEM-scRNA-127	CAP1	Endothelium	42.0	H1N1_infected	m	2448	19923725
author_labels	EEM-scRNA-127	CAP2	Endothelium	42.0	H1N1_infected	m	180	1134132
author_labels	EEM-scRNA-127	Ciliated	Epithelium	42.0	H1N1_infected	m	40	680297
author_labels	EEM-scRNA-127	Krt5	Epithelium	42.0	H1N1_infected	m	2	26448
author_labels	EEM-scRNA-127	Lymphatic_endothelium	Endothelium	42.0	H1N1_infected	m	78	608924
author_labels	EEM-scRNA-127	Mesothelium	Mesenchyme	42.0	H1N1_infected	m	55	212524
author_labels	EEM-scRNA-127	NK_cell	Lymphoid	42.0	H1N1_infected	m	18	96298
author_labels	EEM-scRNA-127	Neutrophil	Myeloid	42.0	H1N1_infected	m	43	162384
author_labels	EEM-scRNA-127	Peribronchial_fibroblast	Mesenchyme	42.0	H1N1_infected	m	32	218083
author_labels	EEM-scRNA-127	Secretory	Epithelium	42.0	H1N1_infected	m	2	32365
author_labels	EEM-scRNA-127	T_lymphocyte	Lymphoid	42.0	H1N1_infected	m	119	696357
author_labels	EEM-scRNA-127	VSMC	Mesenchyme	42.0	H1N1_infected	m	28	261672
author_labels	EEM-scRNA-127	Venous_endothelium	Endothelium	42.0	H1N1_infected	m	139	1625740
author_labels	EEM-scRNA-127	aMAC	Myeloid	42.0	H1N1_infected	m	97	2352129
author_labels	EEM-scRNA-127	cDC1	Myeloid	42.0	H1N1_infected	m	19	288989
author_labels	EEM-scRNA-127	cDC2	Myeloid	42.0	H1N1_infected	m	14	174626
author_labels	EEM-scRNA-127	cMON	Myeloid	42.0	H1N1_infected	m	5	46445
author_labels	EEM-scRNA-127	iMAC	Myeloid	42.0	H1N1_infected	m	13	109557
author_labels	EEM-scRNA-127	iMON	Myeloid	42.0	H1N1_infected	m	1	9983
author_labels	EEM-scRNA-127	maDC	Myeloid	42.0	H1N1_infected	m	4	43992
author_labels	EEM-scRNA-127	pMON	Myeloid	42.0	H1N1_infected	m	19	107916
author_labels	EEM-scRNA-158	AF1	Mesenchyme	0.0	homeostasis	f	806	6040189
author_labels	EEM-scRNA-158	AF2	Mesenchyme	0.0	homeostasis	f	165	555894
author_labels	EEM-scRNA-158	AT1	Epithelium	0.0	homeostasis	f	118	1162976
author_labels	EEM-scRNA-158	AT1_AT2	Epithelium	0.0	homeostasis	f	21	473730
author_labels	EEM-scRNA-158	AT2	Epithelium	0.0	homeostasis	f	235	3327815
author_labels	EEM-scRNA-158	Adventitial_fibroblast	Mesenchyme	0.0	homeostasis	f	230	2097059
author_labels	EEM-scRNA-158	Alveolar_transitional	Epithelium	0.0	homeostasis	f	3	42726
author_labels	EEM-scRNA-158	Arterial_endothelium	Endothelium	0.0	homeostasis	f	78	579934
author_labels	EEM-scRNA-158	B_lymphocyte	Lymphoid	0.0	homeostasis	f	144	624408
author_labels	EEM-scRNA-158	CAP1	Endothelium	0.0	homeostasis	f	1573	8679585
author_labels	EEM-scRNA-158	CAP2	Endothelium	0.0	homeostasis	f	238	1022327
author_labels	EEM-scRNA-158	Ciliated	Epithelium	0.0	homeostasis	f	39	490074
author_labels	EEM-scRNA-158	Lymphatic_endothelium	Endothelium	0.0	homeostasis	f	26	136256
author_labels	EEM-scRNA-158	Mesothelium	Mesenchyme	0.0	homeostasis	f	50	798302
author_labels	EEM-scRNA-158	NK_cell	Lymphoid	0.0	homeostasis	f	20	94739
author_labels	EEM-scRNA-158	Neutrophil	Myeloid	0.0	homeostasis	f	77	218663
author_labels	EEM-scRNA-158	Peribronchial_fibroblast	Mesenchyme	0.0	homeostasis	f	28	153284
author_labels	EEM-scRNA-158	Plasma_cell	Lymphoid	0.0	homeostasis	f	56	1019906
author_labels	EEM-scRNA-158	Secretory	Epithelium	0.0	homeostasis	f	54	1761168
author_labels	EEM-scRNA-158	T_lymphocyte	Lymphoid	0.0	homeostasis	f	178	954280
author_labels	EEM-scRNA-158	VSMC	Mesenchyme	0.0	homeostasis	f	41	380434
author_labels	EEM-scRNA-158	Venous_endothelium	Endothelium	0.0	homeostasis	f	123	1345374
author_labels	EEM-scRNA-158	aMAC	Myeloid	0.0	homeostasis	f	182	2991581
author_labels	EEM-scRNA-158	cDC1	Myeloid	0.0	homeostasis	f	32	435956
author_labels	EEM-scRNA-158	cDC2	Myeloid	0.0	homeostasis	f	46	507955
author_labels	EEM-scRNA-158	cMON	Myeloid	0.0	homeostasis	f	48	379169
author_labels	EEM-scRNA-158	iMAC	Myeloid	0.0	homeostasis	f	21	201523
author_labels	EEM-scRNA-158	iMON	Myeloid	0.0	homeostasis	f	18	212877
author_labels	EEM-scRNA-158	maDC	Myeloid	0.0	homeostasis	f	5	41459
author_labels	EEM-scRNA-158	pMON	Myeloid	0.0	homeostasis	f	81	406460
author_labels	EEM-scRNA-162	AF1	Mesenchyme	6.0	H1N1_infected	m	660	3076083
author_labels	EEM-scRNA-162	AF2	Mesenchyme	6.0	H1N1_infected	m	198	458991
author_labels	EEM-scRNA-162	AT1	Epithelium	6.0	H1N1_infected	m	23	241079
author_labels	EEM-scRNA-162	AT1_AT2	Epithelium	6.0	H1N1_infected	m	16	367080
author_labels	EEM-scRNA-162	AT2	Epithelium	6.0	H1N1_infected	m	150	2073582
author_labels	EEM-scRNA-162	Adventitial_fibroblast	Mesenchyme	6.0	H1N1_infected	m	64	835578
author_labels	EEM-scRNA-162	Alveolar_transitional	Epithelium	6.0	H1N1_infected	m	11	131589
author_labels	EEM-scRNA-162	Arterial_endothelium	Endothelium	6.0	H1N1_infected	m	100	884432
author_labels	EEM-scRNA-162	B_lymphocyte	Lymphoid	6.0	H1N1_infected	m	133	479497
author_labels	EEM-scRNA-162	CAP1	Endothelium	6.0	H1N1_infected	m	2056	10295316
author_labels	EEM-scRNA-162	CAP2	Endothelium	6.0	H1N1_infected	m	229	895601
author_labels	EEM-scRNA-162	Ciliated	Epithelium	6.0	H1N1_infected	m	28	378691
author_labels	EEM-scRNA-162	Lymphatic_endothelium	Endothelium	6.0	H1N1_infected	m	46	185214
author_labels	EEM-scRNA-162	Mesothelium	Mesenchyme	6.0	H1N1_infected	m	17	238143
author_labels	EEM-scRNA-162	NK_cell	Lymphoid	6.0	H1N1_infected	m	24	115649
author_labels	EEM-scRNA-162	Neutrophil	Myeloid	6.0	H1N1_infected	m	56	147907
author_labels	EEM-scRNA-162	Peribronchial_fibroblast	Mesenchyme	6.0	H1N1_infected	m	32	151892
author_labels	EEM-scRNA-162	Plasma_cell	Lymphoid	6.0	H1N1_infected	m	1	40242
author_labels	EEM-scRNA-162	T_lymphocyte	Lymphoid	6.0	H1N1_infected	m	139	974626
author_labels	EEM-scRNA-162	VSMC	Mesenchyme	6.0	H1N1_infected	m	49	600498
author_labels	EEM-scRNA-162	Venous_endothelium	Endothelium	6.0	H1N1_infected	m	89	757575
author_labels	EEM-scRNA-162	aMAC	Myeloid	6.0	H1N1_infected	m	13	162049
author_labels	EEM-scRNA-162	cDC1	Myeloid	6.0	H1N1_infected	m	24	346992
author_labels	EEM-scRNA-162	cDC2	Myeloid	6.0	H1N1_infected	m	34	316913
author_labels	EEM-scRNA-162	cMON	Myeloid	6.0	H1N1_infected	m	38	330288
author_labels	EEM-scRNA-162	iMAC	Myeloid	6.0	H1N1_infected	m	24	206801
author_labels	EEM-scRNA-162	iMON	Myeloid	6.0	H1N1_infected	m	349	3115407
author_labels	EEM-scRNA-162	maDC	Myeloid	6.0	H1N1_infected	m	24	194032
author_labels	EEM-scRNA-162	pMON	Myeloid	6.0	H1N1_infected	m	27	112058
author_labels	EEM-scRNA-166	AF1	Mesenchyme	0.0	homeostasis	f	778	5363596
author_labels	EEM-scRNA-166	AF2	Mesenchyme	0.0	homeostasis	f	180	552389
author_labels	EEM-scRNA-166	AT1	Epithelium	0.0	homeostasis	f	145	1241639
author_labels	EEM-scRNA-166	AT1_AT2	Epithelium	0.0	homeostasis	f	18	438011
author_labels	EEM-scRNA-166	AT2	Epithelium	0.0	homeostasis	f	39	597430
author_labels	EEM-scRNA-166	Adventitial_fibroblast	Mesenchyme	0.0	homeostasis	f	289	2750584
author_labels	EEM-scRNA-166	Alveolar_transitional	Epithelium	0.0	homeostasis	f	2	38954
author_labels	EEM-scRNA-166	Arterial_endothelium	Endothelium	0.0	homeostasis	f	103	731430
author_labels	EEM-scRNA-166	B_lymphocyte	Lymphoid	0.0	homeostasis	f	203	723111
author_labels	EEM-scRNA-166	CAP1	Endothelium	0.0	homeostasis	f	1777	9964524
author_labels	EEM-scRNA-166	CAP2	Endothelium	0.0	homeostasis	f	248	1016995
author_labels	EEM-scRNA-166	Ciliated	Epithelium	0.0	homeostasis	f	37	537154
author_labels	EEM-scRNA-166	Lymphatic_endothelium	Endothelium	0.0	homeostasis	f	45	251718
author_labels	EEM-scRNA-166	Mesothelium	Mesenchyme	0.0	homeostasis	f	30	468817
author_labels	EEM-scRNA-166	NK_cell	Lymphoid	0.0	homeostasis	f	35	198650
author_labels	EEM-scRNA-166	Neutrophil	Myeloid	0.0	homeostasis	f	61	259095
author_labels	EEM-scRNA-166	Peribronchial_fibroblast	Mesenchyme	0.0	homeostasis	f	66	248846
author_labels	EEM-scRNA-166	T_lymphocyte	Lymphoid	0.0	homeostasis	f	145	769716
author_labels	EEM-scRNA-166	VSMC	Mesenchyme	0.0	homeostasis	f	119	856671
author_labels	EEM-scRNA-166	Venous_endothelium	Endothelium	0.0	homeostasis	f	128	1366813
author_labels	EEM-scRNA-166	aMAC	Myeloid	0.0	homeostasis	f	149	2029208
author_labels	EEM-scRNA-166	cDC1	Myeloid	0.0	homeostasis	f	4	47041
author_labels	EEM-scRNA-166	cDC2	Myeloid	0.0	homeostasis	f	26	266212
author_labels	EEM-scRNA-166	cMON	Myeloid	0.0	homeostasis	f	241	1934121
author_labels	EEM-scRNA-166	iMAC	Myeloid	0.0	homeostasis	f	8	51780
author_labels	EEM-scRNA-166	iMON	Myeloid	0.0	homeostasis	f	2	21556
author_labels	EEM-scRNA-166	maDC	Myeloid	0.0	homeostasis	f	4	41221
author_labels	EEM-scRNA-166	pMON	Myeloid	0.0	homeostasis	f	78	436212
author_labels	EEM-scRNA-167	AF1	Mesenchyme	11.0	H1N1_infected	m	757	9828736
author_labels	EEM-scRNA-167	AF2	Mesenchyme	11.0	H1N1_infected	m	96	387750
author_labels	EEM-scRNA-167	AT1	Epithelium	11.0	H1N1_infected	m	104	1283098
author_labels	EEM-scRNA-167	AT1_AT2	Epithelium	11.0	H1N1_infected	m	8	178033
author_labels	EEM-scRNA-167	AT2	Epithelium	11.0	H1N1_infected	m	149	2349269
author_labels	EEM-scRNA-167	Adventitial_fibroblast	Mesenchyme	11.0	H1N1_infected	m	189	2206945
author_labels	EEM-scRNA-167	Alveolar_transitional	Epithelium	11.0	H1N1_infected	m	127	3361322
author_labels	EEM-scRNA-167	Arterial_endothelium	Endothelium	11.0	H1N1_infected	m	88	703584
author_labels	EEM-scRNA-167	B_lymphocyte	Lymphoid	11.0	H1N1_infected	m	157	429941
author_labels	EEM-scRNA-167	CAP1	Endothelium	11.0	H1N1_infected	m	1521	9804367
author_labels	EEM-scRNA-167	CAP2	Endothelium	11.0	H1N1_infected	m	187	691682
author_labels	EEM-scRNA-167	Ciliated	Epithelium	11.0	H1N1_infected	m	44	648081
author_labels	EEM-scRNA-167	Krt5	Epithelium	11.0	H1N1_infected	m	1	24213
author_labels	EEM-scRNA-167	Lymphatic_endothelium	Endothelium	11.0	H1N1_infected	m	51	380158
author_labels	EEM-scRNA-167	Mesothelium	Mesenchyme	11.0	H1N1_infected	m	30	565936
author_labels	EEM-scRNA-167	NK_cell	Lymphoid	11.0	H1N1_infected	m	19	81166
author_labels	EEM-scRNA-167	Neutrophil	Myeloid	11.0	H1N1_infected	m	65	127191
author_labels	EEM-scRNA-167	Peribronchial_fibroblast	Mesenchyme	11.0	H1N1_infected	m	55	392331
author_labels	EEM-scRNA-167	Secretory	Epithelium	11.0	H1N1_infected	m	5	88674
author_labels	EEM-scRNA-167	T_lymphocyte	Lymphoid	11.0	H1N1_infected	m	348	1327190
author_labels	EEM-scRNA-167	VSMC	Mesenchyme	11.0	H1N1_infected	m	52	451321
author_labels	EEM-scRNA-167	Venous_endothelium	Endothelium	11.0	H1N1_infected	m	116	1092356
author_labels	EEM-scRNA-167	aMAC	Myeloid	11.0	H1N1_infected	m	102	1645555
author_labels	EEM-scRNA-167	cDC1	Myeloid	11.0	H1N1_infected	m	27	454443
author_labels	EEM-scRNA-167	cDC2	Myeloid	11.0	H1N1_infected	m	39	384268
author_labels	EEM-scRNA-167	cMON	Myeloid	11.0	H1N1_infected	m	59	381318
author_labels	EEM-scRNA-167	iMAC	Myeloid	11.0	H1N1_infected	m	64	492299
author_labels	EEM-scRNA-167	iMON	Myeloid	11.0	H1N1_infected	m	280	3339821
author_labels	EEM-scRNA-167	maDC	Myeloid	11.0	H1N1_infected	m	6	40973
author_labels	EEM-scRNA-167	pMON	Myeloid	11.0	H1N1_infected	m	29	116249
author_labels	EEM-scRNA-170	AF1	Mesenchyme	19.0	H1N1_infected	f	564	7490898
author_labels	EEM-scRNA-170	AF2	Mesenchyme	19.0	H1N1_infected	f	84	594668
author_labels	EEM-scRNA-170	AT1	Epithelium	19.0	H1N1_infected	f	99	1164117
author_labels	EEM-scRNA-170	AT1_AT2	Epithelium	19.0	H1N1_infected	f	21	692451
author_labels	EEM-scRNA-170	AT2	Epithelium	19.0	H1N1_infected	f	111	1863167
author_labels	EEM-scRNA-170	Adventitial_fibroblast	Mesenchyme	19.0	H1N1_infected	f	231	2996649
author_labels	EEM-scRNA-170	Alveolar_transitional	Epithelium	19.0	H1N1_infected	f	10	182933
author_labels	EEM-scRNA-170	Arterial_endothelium	Endothelium	19.0	H1N1_infected	f	60	747505
author_labels	EEM-scRNA-170	B_lymphocyte	Lymphoid	19.0	H1N1_infected	f	121	594308
author_labels	EEM-scRNA-170	CAP1	Endothelium	19.0	H1N1_infected	f	1449	13617150
author_labels	EEM-scRNA-170	CAP2	Endothelium	19.0	H1N1_infected	f	99	554613
author_labels	EEM-scRNA-170	Ciliated	Epithelium	19.0	H1N1_infected	f	71	1376358
author_labels	EEM-scRNA-170	Krt5	Epithelium	19.0	H1N1_infected	f	7	80567
author_labels	EEM-scRNA-170	Lymphatic_endothelium	Endothelium	19.0	H1N1_infected	f	70	486089
author_labels	EEM-scRNA-170	Mesothelium	Mesenchyme	19.0	H1N1_infected	f	29	501931
author_labels	EEM-scRNA-170	NK_cell	Lymphoid	19.0	H1N1_infected	f	36	234001
author_labels	EEM-scRNA-170	Neutrophil	Myeloid	19.0	H1N1_infected	f	87	380482
author_labels	EEM-scRNA-170	Peribronchial_fibroblast	Mesenchyme	19.0	H1N1_infected	f	36	334918
author_labels	EEM-scRNA-170	Plasma_cell	Lymphoid	19.0	H1N1_infected	f	3	48671
author_labels	EEM-scRNA-170	Secretory	Epithelium	19.0	H1N1_infected	f	3	111204
author_labels	EEM-scRNA-170	T_lymphocyte	Lymphoid	19.0	H1N1_infected	f	189	1001355
author_labels	EEM-scRNA-170	VSMC	Mesenchyme	19.0	H1N1_infected	f	77	730548
author_labels	EEM-scRNA-170	Venous_endothelium	Endothelium	19.0	H1N1_infected	f	122	1545969
author_labels	EEM-scRNA-170	aMAC	Myeloid	19.0	H1N1_infected	f	220	3713911
author_labels	EEM-scRNA-170	cDC1	Myeloid	19.0	H1N1_infected	f	29	476001
author_labels	EEM-scRNA-170	cDC2	Myeloid	19.0	H1N1_infected	f	25	329092
author_labels	EEM-scRNA-170	cMON	Myeloid	19.0	H1N1_infected	f	76	628682
author_labels	EEM-scRNA-170	iMAC	Myeloid	19.0	H1N1_infected	f	29	305269
author_labels	EEM-scRNA-170	iMON	Myeloid	19.0	H1N1_infected	f	87	1668480
author_labels	EEM-scRNA-170	maDC	Myeloid	19.0	H1N1_infected	f	6	71665
author_labels	EEM-scRNA-170	pMON	Myeloid	19.0	H1N1_infected	f	92	565459
author_labels	EEM-scRNA-172	AF1	Mesenchyme	25.0	H1N1_infected	f	615	8026637
author_labels	EEM-scRNA-172	AF2	Mesenchyme	25.0	H1N1_infected	f	75	419398
author_labels	EEM-scRNA-172	AT1	Epithelium	25.0	H1N1_infected	f	96	1200215
author_labels	EEM-scRNA-172	AT1_AT2	Epithelium	25.0	H1N1_infected	f	40	1372633
author_labels	EEM-scRNA-172	AT2	Epithelium	25.0	H1N1_infected	f	223	3566854
author_labels	EEM-scRNA-172	Adventitial_fibroblast	Mesenchyme	25.0	H1N1_infected	f	278	3267907
author_labels	EEM-scRNA-172	Alveolar_transitional	Epithelium	25.0	H1N1_infected	f	8	111077
author_labels	EEM-scRNA-172	Arterial_endothelium	Endothelium	25.0	H1N1_infected	f	58	746541
author_labels	EEM-scRNA-172	B_lymphocyte	Lymphoid	25.0	H1N1_infected	f	265	1294846
author_labels	EEM-scRNA-172	CAP1	Endothelium	25.0	H1N1_infected	f	1276	10113490
author_labels	EEM-scRNA-172	CAP2	Endothelium	25.0	H1N1_infected	f	108	494317
author_labels	EEM-scRNA-172	Ciliated	Epithelium	25.0	H1N1_infected	f	64	1061397
author_labels	EEM-scRNA-172	Krt5	Epithelium	25.0	H1N1_infected	f	17	228047
author_labels	EEM-scRNA-172	Lymphatic_endothelium	Endothelium	25.0	H1N1_infected	f	69	471957
author_labels	EEM-scRNA-172	Mesothelium	Mesenchyme	25.0	H1N1_infected	f	62	1021764
author_labels	EEM-scRNA-172	NK_cell	Lymphoid	25.0	H1N1_infected	f	13	89768
author_labels	EEM-scRNA-172	Neutrophil	Myeloid	25.0	H1N1_infected	f	50	153746
author_labels	EEM-scRNA-172	Peribronchial_fibroblast	Mesenchyme	25.0	H1N1_infected	f	37	264624
author_labels	EEM-scRNA-172	Plasma_cell	Lymphoid	25.0	H1N1_infected	f	3	90055
author_labels	EEM-scRNA-172	Secretory	Epithelium	25.0	H1N1_infected	f	5	132250
author_labels	EEM-scRNA-172	T_lymphocyte	Lymphoid	25.0	H1N1_infected	f	224	1116204
author_labels	EEM-scRNA-172	VSMC	Mesenchyme	25.0	H1N1_infected	f	34	296276
author_labels	EEM-scRNA-172	Venous_endothelium	Endothelium	25.0	H1N1_infected	f	94	1131221
author_labels	EEM-scRNA-172	aMAC	Myeloid	25.0	H1N1_infected	f	183	3350700
author_labels	EEM-scRNA-172	cDC1	Myeloid	25.0	H1N1_infected	f	30	522667
author_labels	EEM-scRNA-172	cDC2	Myeloid	25.0	H1N1_infected	f	20	249935
author_labels	EEM-scRNA-172	cMON	Myeloid	25.0	H1N1_infected	f	51	446388
author_labels	EEM-scRNA-172	iMAC	Myeloid	25.0	H1N1_infected	f	25	243695
author_labels	EEM-scRNA-172	iMON	Myeloid	25.0	H1N1_infected	f	23	460932
author_labels	EEM-scRNA-172	maDC	Myeloid	25.0	H1N1_infected	f	3	31449
author_labels	EEM-scRNA-172	pMON	Myeloid	25.0	H1N1_infected	f	53	299380
author_labels	EEM-scRNA-179	AF1	Mesenchyme	42.0	H1N1_infected	m	1025	10083984
author_labels	EEM-scRNA-179	AF2	Mesenchyme	42.0	H1N1_infected	m	65	320661
author_labels	EEM-scRNA-179	AT1	Epithelium	42.0	H1N1_infected	m	66	590344
author_labels	EEM-scRNA-179	AT1_AT2	Epithelium	42.0	H1N1_infected	m	4	137828
author_labels	EEM-scRNA-179	AT2	Epithelium	42.0	H1N1_infected	m	79	1233694
author_labels	EEM-scRNA-179	Adventitial_fibroblast	Mesenchyme	42.0	H1N1_infected	m	208	1790548
author_labels	EEM-scRNA-179	Arterial_endothelium	Endothelium	42.0	H1N1_infected	m	40	381125
author_labels	EEM-scRNA-179	B_lymphocyte	Lymphoid	42.0	H1N1_infected	m	90	454081
author_labels	EEM-scRNA-179	CAP1	Endothelium	42.0	H1N1_infected	m	2010	13750949
author_labels	EEM-scRNA-179	CAP2	Endothelium	42.0	H1N1_infected	m	217	1123797
author_labels	EEM-scRNA-179	Ciliated	Epithelium	42.0	H1N1_infected	m	24	430365
author_labels	EEM-scRNA-179	Krt5	Epithelium	42.0	H1N1_infected	m	53	624177
author_labels	EEM-scRNA-179	Lymphatic_endothelium	Endothelium	42.0	H1N1_infected	m	67	303831
author_labels	EEM-scRNA-179	Mesothelium	Mesenchyme	42.0	H1N1_infected	m	14	248798
author_labels	EEM-scRNA-179	NK_cell	Lymphoid	42.0	H1N1_infected	m	12	88014
author_labels	EEM-scRNA-179	Neutrophil	Myeloid	42.0	H1N1_infected	m	58	159627
author_labels	EEM-scRNA-179	Peribronchial_fibroblast	Mesenchyme	42.0	H1N1_infected	m	30	134973
author_labels	EEM-scRNA-179	T_lymphocyte	Lymphoid	42.0	H1N1_infected	m	118	605259
author_labels	EEM-scRNA-179	VSMC	Mesenchyme	42.0	H1N1_infected	m	24	156089
author_labels	EEM-scRNA-179	Venous_endothelium	Endothelium	42.0	H1N1_infected	m	137	1294500
author_labels	EEM-scRNA-179	aMAC	Myeloid	42.0	H1N1_infected	m	390	6910621
author_labels	EEM-scRNA-179	cDC1	Myeloid	42.0	H1N1_infected	m	32	508076
author_labels	EEM-scRNA-179	cDC2	Myeloid	42.0	H1N1_infected	m	35	447849
author_labels	EEM-scRNA-179	cMON	Myeloid	42.0	H1N1_infected	m	75	615904
author_labels	EEM-scRNA-179	iMAC	Myeloid	42.0	H1N1_infected	m	68	564695
author_labels	EEM-scRNA-179	iMON	Myeloid	42.0	H1N1_infected	m	14	191073
author_labels	EEM-scRNA-179	maDC	Myeloid	42.0	H1N1_infected	m	8	77318
author_labels	EEM-scRNA-179	pMON	Myeloid	42.0	H1N1_infected	m	45	204903
author_labels	EEM-scRNA-180	AF1	Mesenchyme	42.0	H1N1_infected	f	691	7248442
author_labels	EEM-scRNA-180	AF2	Mesenchyme	42.0	H1N1_infected	f	48	203120
author_labels	EEM-scRNA-180	AT1	Epithelium	42.0	H1N1_infected	f	43	437688
author_labels	EEM-scRNA-180	AT1_AT2	Epithelium	42.0	H1N1_infected	f	2	27109
author_labels	EEM-scRNA-180	AT2	Epithelium	42.0	H1N1_infected	f	51	660856
author_labels	EEM-scRNA-180	Adventitial_fibroblast	Mesenchyme	42.0	H1N1_infected	f	111	1117176
author_labels	EEM-scRNA-180	Alveolar_transitional	Epithelium	42.0	H1N1_infected	f	1	8975
author_labels	EEM-scRNA-180	Arterial_endothelium	Endothelium	42.0	H1N1_infected	f	69	534994
author_labels	EEM-scRNA-180	B_lymphocyte	Lymphoid	42.0	H1N1_infected	f	94	395699
author_labels	EEM-scRNA-180	CAP1	Endothelium	42.0	H1N1_infected	f	2422	16992101
author_labels	EEM-scRNA-180	CAP2	Endothelium	42.0	H1N1_infected	f	235	1462707
author_labels	EEM-scRNA-180	Ciliated	Epithelium	42.0	H1N1_infected	f	7	80630
author_labels	EEM-scRNA-180	Krt5	Epithelium	42.0	H1N1_infected	f	9	113572
author_labels	EEM-scRNA-180	Lymphatic_endothelium	Endothelium	42.0	H1N1_infected	f	54	289810
author_labels	EEM-scRNA-180	Mesothelium	Mesenchyme	42.0	H1N1_infected	f	19	323807
author_labels	EEM-scRNA-180	NK_cell	Lymphoid	42.0	H1N1_infected	f	9	65170
author_labels	EEM-scRNA-180	Neutrophil	Myeloid	42.0	H1N1_infected	f	48	141767
author_labels	EEM-scRNA-180	Peribronchial_fibroblast	Mesenchyme	42.0	H1N1_infected	f	20	84118
author_labels	EEM-scRNA-180	Plasma_cell	Lymphoid	42.0	H1N1_infected	f	3	45703
author_labels	EEM-scRNA-180	Secretory	Epithelium	42.0	H1N1_infected	f	3	100561
author_labels	EEM-scRNA-180	T_lymphocyte	Lymphoid	42.0	H1N1_infected	f	68	376247
author_labels	EEM-scRNA-180	VSMC	Mesenchyme	42.0	H1N1_infected	f	11	65638
author_labels	EEM-scRNA-180	Venous_endothelium	Endothelium	42.0	H1N1_infected	f	130	1451430
author_labels	EEM-scRNA-180	aMAC	Myeloid	42.0	H1N1_infected	f	396	7177253
author_labels	EEM-scRNA-180	cDC1	Myeloid	42.0	H1N1_infected	f	34	522013
author_labels	EEM-scRNA-180	cDC2	Myeloid	42.0	H1N1_infected	f	23	250468
author_labels	EEM-scRNA-180	cMON	Myeloid	42.0	H1N1_infected	f	52	433833
author_labels	EEM-scRNA-180	iMAC	Myeloid	42.0	H1N1_infected	f	83	657657
author_labels	EEM-scRNA-180	iMON	Myeloid	42.0	H1N1_infected	f	11	198003
author_labels	EEM-scRNA-180	maDC	Myeloid	42.0	H1N1_infected	f	2	22637
author_labels	EEM-scRNA-180	pMON	Myeloid	42.0	H1N1_infected	f	36	222463
author_labels	EEM-scRNA-181	AF1	Mesenchyme	42.0	H1N1_infected	f	836	7660554
author_labels	EEM-scRNA-181	AF2	Mesenchyme	42.0	H1N1_infected	f	74	248418
author_labels	EEM-scRNA-181	AT1	Epithelium	42.0	H1N1_infected	f	53	484129
author_labels	EEM-scRNA-181	AT1_AT2	Epithelium	42.0	H1N1_infected	f	20	529782
author_labels	EEM-scRNA-181	AT2	Epithelium	42.0	H1N1_infected	f	88	1151913
author_labels	EEM-scRNA-181	Adventitial_fibroblast	Mesenchyme	42.0	H1N1_infected	f	199	1693853
author_labels	EEM-scRNA-181	Alveolar_transitional	Epithelium	42.0	H1N1_infected	f	3	49382
author_labels	EEM-scRNA-181	Arterial_endothelium	Endothelium	42.0	H1N1_infected	f	53	445637
author_labels	EEM-scRNA-181	B_lymphocyte	Lymphoid	42.0	H1N1_infected	f	230	981866
author_labels	EEM-scRNA-181	CAP1	Endothelium	42.0	H1N1_infected	f	1998	12794269
author_labels	EEM-scRNA-181	CAP2	Endothelium	42.0	H1N1_infected	f	323	1375596
author_labels	EEM-scRNA-181	Ciliated	Epithelium	42.0	H1N1_infected	f	37	620190
author_labels	EEM-scRNA-181	Krt5	Epithelium	42.0	H1N1_infected	f	21	228971
author_labels	EEM-scRNA-181	Lymphatic_endothelium	Endothelium	42.0	H1N1_infected	f	37	222474
author_labels	EEM-scRNA-181	Mesothelium	Mesenchyme	42.0	H1N1_infected	f	27	399012
author_labels	EEM-scRNA-181	NK_cell	Lymphoid	42.0	H1N1_infected	f	48	192577
author_labels	EEM-scRNA-181	Neutrophil	Myeloid	42.0	H1N1_infected	f	29	109801
author_labels	EEM-scRNA-181	Peribronchial_fibroblast	Mesenchyme	42.0	H1N1_infected	f	43	171648
author_labels	EEM-scRNA-181	Plasma_cell	Lymphoid	42.0	H1N1_infected	f	2	35760
author_labels	EEM-scRNA-181	Secretory	Epithelium	42.0	H1N1_infected	f	1	50685
author_labels	EEM-scRNA-181	T_lymphocyte	Lymphoid	42.0	H1N1_infected	f	235	1117778
author_labels	EEM-scRNA-181	VSMC	Mesenchyme	42.0	H1N1_infected	f	27	194419
author_labels	EEM-scRNA-181	Venous_endothelium	Endothelium	42.0	H1N1_infected	f	167	1880474
author_labels	EEM-scRNA-181	aMAC	Myeloid	42.0	H1N1_infected	f	273	4010243
author_labels	EEM-scRNA-181	cDC1	Myeloid	42.0	H1N1_infected	f	28	380845
author_labels	EEM-scRNA-181	cDC2	Myeloid	42.0	H1N1_infected	f	27	312677
author_labels	EEM-scRNA-181	cMON	Myeloid	42.0	H1N1_infected	f	31	246504
author_labels	EEM-scRNA-181	iMAC	Myeloid	42.0	H1N1_infected	f	62	518735
author_labels	EEM-scRNA-181	iMON	Myeloid	42.0	H1N1_infected	f	9	110430
author_labels	EEM-scRNA-181	maDC	Myeloid	42.0	H1N1_infected	f	4	49420
author_labels	EEM-scRNA-181	pMON	Myeloid	42.0	H1N1_infected	f	53	303725
author_labels	EEM-scRNA-182	AF1	Mesenchyme	42.0	H1N1_infected	m	793	9304358
author_labels	EEM-scRNA-182	AF2	Mesenchyme	42.0	H1N1_infected	m	78	374574
author_labels	EEM-scRNA-182	AT1	Epithelium	42.0	H1N1_infected	m	91	778908
author_labels	EEM-scRNA-182	AT1_AT2	Epithelium	42.0	H1N1_infected	m	25	634574
author_labels	EEM-scRNA-182	AT2	Epithelium	42.0	H1N1_infected	m	92	1477233
author_labels	EEM-scRNA-182	Adventitial_fibroblast	Mesenchyme	42.0	H1N1_infected	m	242	2039573
author_labels	EEM-scRNA-182	Alveolar_transitional	Epithelium	42.0	H1N1_infected	m	2	20480
author_labels	EEM-scRNA-182	Arterial_endothelium	Endothelium	42.0	H1N1_infected	m	60	720004
author_labels	EEM-scRNA-182	B_lymphocyte	Lymphoid	42.0	H1N1_infected	m	131	512070
author_labels	EEM-scRNA-182	CAP1	Endothelium	42.0	H1N1_infected	m	1628	12557766
author_labels	EEM-scRNA-182	CAP2	Endothelium	42.0	H1N1_infected	m	183	996814
author_labels	EEM-scRNA-182	Ciliated	Epithelium	42.0	H1N1_infected	m	36	651963
author_labels	EEM-scRNA-182	Krt5	Epithelium	42.0	H1N1_infected	m	68	826652
author_labels	EEM-scRNA-182	Lymphatic_endothelium	Endothelium	42.0	H1N1_infected	m	46	248270
author_labels	EEM-scRNA-182	Mesothelium	Mesenchyme	42.0	H1N1_infected	m	70	1319912
author_labels	EEM-scRNA-182	NK_cell	Lymphoid	42.0	H1N1_infected	m	25	151155
author_labels	EEM-scRNA-182	Neutrophil	Myeloid	42.0	H1N1_infected	m	72	205513
author_labels	EEM-scRNA-182	Peribronchial_fibroblast	Mesenchyme	42.0	H1N1_infected	m	34	158339
author_labels	EEM-scRNA-182	T_lymphocyte	Lymphoid	42.0	H1N1_infected	m	217	1022772
author_labels	EEM-scRNA-182	VSMC	Mesenchyme	42.0	H1N1_infected	m	47	344094
author_labels	EEM-scRNA-182	Venous_endothelium	Endothelium	42.0	H1N1_infected	m	161	1645868
author_labels	EEM-scRNA-182	aMAC	Myeloid	42.0	H1N1_infected	m	391	5969452
author_labels	EEM-scRNA-182	cDC1	Myeloid	42.0	H1N1_infected	m	38	634031
author_labels	EEM-scRNA-182	cDC2	Myeloid	42.0	H1N1_infected	m	10	105756
author_labels	EEM-scRNA-182	cMON	Myeloid	42.0	H1N1_infected	m	41	337624
author_labels	EEM-scRNA-182	iMAC	Myeloid	42.0	H1N1_infected	m	66	560609
author_labels	EEM-scRNA-182	iMON	Myeloid	42.0	H1N1_infected	m	10	180743
author_labels	EEM-scRNA-182	maDC	Myeloid	42.0	H1N1_infected	m	2	15628
author_labels	EEM-scRNA-182	pMON	Myeloid	42.0	H1N1_infected	m	33	188882
author_labels	EEM-scRNA-236	AF1	Mesenchyme	90.0	H1N1_infected	m	681	7701534
author_labels	EEM-scRNA-236	AF2	Mesenchyme	90.0	H1N1_infected	m	120	642550
author_labels	EEM-scRNA-236	AT1	Epithelium	90.0	H1N1_infected	m	75	918946
author_labels	EEM-scRNA-236	AT1_AT2	Epithelium	90.0	H1N1_infected	m	16	423396
author_labels	EEM-scRNA-236	AT2	Epithelium	90.0	H1N1_infected	m	114	2476860
author_labels	EEM-scRNA-236	Adventitial_fibroblast	Mesenchyme	90.0	H1N1_infected	m	138	1412028
author_labels	EEM-scRNA-236	Alveolar_transitional	Epithelium	90.0	H1N1_infected	m	5	119206
author_labels	EEM-scRNA-236	Arterial_endothelium	Endothelium	90.0	H1N1_infected	m	36	354993
author_labels	EEM-scRNA-236	B_lymphocyte	Lymphoid	90.0	H1N1_infected	m	54	358712
author_labels	EEM-scRNA-236	CAP1	Endothelium	90.0	H1N1_infected	m	1373	10545038
author_labels	EEM-scRNA-236	CAP2	Endothelium	90.0	H1N1_infected	m	98	563377
author_labels	EEM-scRNA-236	Ciliated	Epithelium	90.0	H1N1_infected	m	41	831084
author_labels	EEM-scRNA-236	Krt5	Epithelium	90.0	H1N1_infected	m	80	953185
author_labels	EEM-scRNA-236	Lymphatic_endothelium	Endothelium	90.0	H1N1_infected	m	26	168072
author_labels	EEM-scRNA-236	Mesothelium	Mesenchyme	90.0	H1N1_infected	m	48	793421
author_labels	EEM-scRNA-236	NK_cell	Lymphoid	90.0	H1N1_infected	m	7	78604
author_labels	EEM-scRNA-236	Neutrophil	Myeloid	90.0	H1N1_infected	m	11	35724
author_labels	EEM-scRNA-236	Peribronchial_fibroblast	Mesenchyme	90.0	H1N1_infected	m	17	128816
author_labels	EEM-scRNA-236	Plasma_cell	Lymphoid	90.0	H1N1_infected	m	10	175502
author_labels	EEM-scRNA-236	Secretory	Epithelium	90.0	H1N1_infected	m	33	1301619
author_labels	EEM-scRNA-236	T_lymphocyte	Lymphoid	90.0	H1N1_infected	m	127	867233
author_labels	EEM-scRNA-236	VSMC	Mesenchyme	90.0	H1N1_infected	m	15	132661
author_labels	EEM-scRNA-236	Venous_endothelium	Endothelium	90.0	H1N1_infected	m	88	1012858
author_labels	EEM-scRNA-236	aMAC	Myeloid	90.0	H1N1_infected	m	54	1327161
author_labels	EEM-scRNA-236	cDC1	Myeloid	90.0	H1N1_infected	m	27	485333
author_labels	EEM-scRNA-236	cDC2	Myeloid	90.0	H1N1_infected	m	17	242457
author_labels	EEM-scRNA-236	cMON	Myeloid	90.0	H1N1_infected	m	20	158375
author_labels	EEM-scRNA-236	iMAC	Myeloid	90.0	H1N1_infected	m	32	366882
author_labels	EEM-scRNA-236	iMON	Myeloid	90.0	H1N1_infected	m	33	566591
author_labels	EEM-scRNA-236	maDC	Myeloid	90.0	H1N1_infected	m	6	87674
author_labels	EEM-scRNA-236	pMON	Myeloid	90.0	H1N1_infected	m	18	81471
author_labels	EEM-scRNA-237	AF1	Mesenchyme	90.0	H1N1_infected	m	1360	13615813
author_labels	EEM-scRNA-237	AF2	Mesenchyme	90.0	H1N1_infected	m	79	318925
author_labels	EEM-scRNA-237	AT1	Epithelium	90.0	H1N1_infected	m	46	438780
author_labels	EEM-scRNA-237	AT1_AT2	Epithelium	90.0	H1N1_infected	m	4	121045
author_labels	EEM-scRNA-237	AT2	Epithelium	90.0	H1N1_infected	m	100	1834919
author_labels	EEM-scRNA-237	Adventitial_fibroblast	Mesenchyme	90.0	H1N1_infected	m	611	4935567
author_labels	EEM-scRNA-237	Alveolar_transitional	Epithelium	90.0	H1N1_infected	m	1	23834
author_labels	EEM-scRNA-237	Arterial_endothelium	Endothelium	90.0	H1N1_infected	m	43	473708
author_labels	EEM-scRNA-237	B_lymphocyte	Lymphoid	90.0	H1N1_infected	m	62	299535
author_labels	EEM-scRNA-237	CAP1	Endothelium	90.0	H1N1_infected	m	1780	10005740
author_labels	EEM-scRNA-237	CAP2	Endothelium	90.0	H1N1_infected	m	118	660353
author_labels	EEM-scRNA-237	Ciliated	Epithelium	90.0	H1N1_infected	m	41	729187
author_labels	EEM-scRNA-237	Krt5	Epithelium	90.0	H1N1_infected	m	134	1777840
author_labels	EEM-scRNA-237	Lymphatic_endothelium	Endothelium	90.0	H1N1_infected	m	78	482829
author_labels	EEM-scRNA-237	Mesothelium	Mesenchyme	90.0	H1N1_infected	m	66	1040040
author_labels	EEM-scRNA-237	NK_cell	Lymphoid	90.0	H1N1_infected	m	41	137874
author_labels	EEM-scRNA-237	Neutrophil	Myeloid	90.0	H1N1_infected	m	46	257403
author_labels	EEM-scRNA-237	Peribronchial_fibroblast	Mesenchyme	90.0	H1N1_infected	m	105	572678
author_labels	EEM-scRNA-237	Plasma_cell	Lymphoid	90.0	H1N1_infected	m	6	94426
author_labels	EEM-scRNA-237	Secretory	Epithelium	90.0	H1N1_infected	m	7	207046
author_labels	EEM-scRNA-237	T_lymphocyte	Lymphoid	90.0	H1N1_infected	m	120	686185
author_labels	EEM-scRNA-237	VSMC	Mesenchyme	90.0	H1N1_infected	m	48	344557
author_labels	EEM-scRNA-237	Venous_endothelium	Endothelium	90.0	H1N1_infected	m	168	1545066
author_labels	EEM-scRNA-237	aMAC	Myeloid	90.0	H1N1_infected	m	177	2637264
author_labels	EEM-scRNA-237	cDC1	Myeloid	90.0	H1N1_infected	m	26	364008
author_labels	EEM-scRNA-237	cDC2	Myeloid	90.0	H1N1_infected	m	36	436920
author_labels	EEM-scRNA-237	cMON	Myeloid	90.0	H1N1_infected	m	45	425719
author_labels	EEM-scRNA-237	iMAC	Myeloid	90.0	H1N1_infected	m	63	484277
author_labels	EEM-scRNA-237	iMON	Myeloid	90.0	H1N1_infected	m	7	137337
author_labels	EEM-scRNA-237	maDC	Myeloid	90.0	H1N1_infected	m	3	32961
author_labels	EEM-scRNA-237	pMON	Myeloid	90.0	H1N1_infected	m	21	122764
author_labels	EEM-scRNA-238	AF1	Mesenchyme	90.0	H1N1_infected	m	730	7455014
author_labels	EEM-scRNA-238	AF2	Mesenchyme	90.0	H1N1_infected	m	126	499641
author_labels	EEM-scRNA-238	AT1	Epithelium	90.0	H1N1_infected	m	125	1439625
author_labels	EEM-scRNA-238	AT1_AT2	Epithelium	90.0	H1N1_infected	m	19	541951
author_labels	EEM-scRNA-238	AT2	Epithelium	90.0	H1N1_infected	m	221	3690303
author_labels	EEM-scRNA-238	Adventitial_fibroblast	Mesenchyme	90.0	H1N1_infected	m	172	1630221
author_labels	EEM-scRNA-238	Alveolar_transitional	Epithelium	90.0	H1N1_infected	m	1	23595
author_labels	EEM-scRNA-238	Arterial_endothelium	Endothelium	90.0	H1N1_infected	m	66	628490
author_labels	EEM-scRNA-238	B_lymphocyte	Lymphoid	90.0	H1N1_infected	m	37	160848
author_labels	EEM-scRNA-238	CAP1	Endothelium	90.0	H1N1_infected	m	1802	11182746
author_labels	EEM-scRNA-238	CAP2	Endothelium	90.0	H1N1_infected	m	188	1040511
author_labels	EEM-scRNA-238	Ciliated	Epithelium	90.0	H1N1_infected	m	33	540585
author_labels	EEM-scRNA-238	Krt5	Epithelium	90.0	H1N1_infected	m	51	520924
author_labels	EEM-scRNA-238	Lymphatic_endothelium	Endothelium	90.0	H1N1_infected	m	89	441837
author_labels	EEM-scRNA-238	Mesothelium	Mesenchyme	90.0	H1N1_infected	m	50	866712
author_labels	EEM-scRNA-238	NK_cell	Lymphoid	90.0	H1N1_infected	m	20	205067
author_labels	EEM-scRNA-238	Neutrophil	Myeloid	90.0	H1N1_infected	m	34	131929
author_labels	EEM-scRNA-238	Peribronchial_fibroblast	Mesenchyme	90.0	H1N1_infected	m	25	132543
author_labels	EEM-scRNA-238	Plasma_cell	Lymphoid	90.0	H1N1_infected	m	4	100526
author_labels	EEM-scRNA-238	Secretory	Epithelium	90.0	H1N1_infected	m	29	1332336
author_labels	EEM-scRNA-238	T_lymphocyte	Lymphoid	90.0	H1N1_infected	m	56	369043
author_labels	EEM-scRNA-238	VSMC	Mesenchyme	90.0	H1N1_infected	m	25	206250
author_labels	EEM-scRNA-238	Venous_endothelium	Endothelium	90.0	H1N1_infected	m	201	2592284
author_labels	EEM-scRNA-238	aMAC	Myeloid	90.0	H1N1_infected	m	130	2131052
author_labels	EEM-scRNA-238	cDC1	Myeloid	90.0	H1N1_infected	m	20	270039
author_labels	EEM-scRNA-238	cDC2	Myeloid	90.0	H1N1_infected	m	9	114815
author_labels	EEM-scRNA-238	cMON	Myeloid	90.0	H1N1_infected	m	37	352139
author_labels	EEM-scRNA-238	iMAC	Myeloid	90.0	H1N1_infected	m	38	253733
author_labels	EEM-scRNA-238	iMON	Myeloid	90.0	H1N1_infected	m	2	36352
author_labels	EEM-scRNA-238	maDC	Myeloid	90.0	H1N1_infected	m	2	24188
author_labels	EEM-scRNA-238	pMON	Myeloid	90.0	H1N1_infected	m	8	38703
author_labels	EEM-scRNA-239	AF1	Mesenchyme	90.0	H1N1_infected	m	1519	13606381
author_labels	EEM-scRNA-239	AF2	Mesenchyme	90.0	H1N1_infected	m	105	470606
author_labels	EEM-scRNA-239	AT1	Epithelium	90.0	H1N1_infected	m	64	505151
author_labels	EEM-scRNA-239	AT1_AT2	Epithelium	90.0	H1N1_infected	m	9	174062
author_labels	EEM-scRNA-239	AT2	Epithelium	90.0	H1N1_infected	m	278	4003189
author_labels	EEM-scRNA-239	Adventitial_fibroblast	Mesenchyme	90.0	H1N1_infected	m	543	3923665
author_labels	EEM-scRNA-239	Alveolar_transitional	Epithelium	90.0	H1N1_infected	m	1	14322
author_labels	EEM-scRNA-239	Arterial_endothelium	Endothelium	90.0	H1N1_infected	m	68	571427
author_labels	EEM-scRNA-239	B_lymphocyte	Lymphoid	90.0	H1N1_infected	m	63	252944
author_labels	EEM-scRNA-239	CAP1	Endothelium	90.0	H1N1_infected	m	2004	12060785
author_labels	EEM-scRNA-239	CAP2	Endothelium	90.0	H1N1_infected	m	186	923696
author_labels	EEM-scRNA-239	Ciliated	Epithelium	90.0	H1N1_infected	m	83	1566848
author_labels	EEM-scRNA-239	Krt5	Epithelium	90.0	H1N1_infected	m	62	745613
author_labels	EEM-scRNA-239	Lymphatic_endothelium	Endothelium	90.0	H1N1_infected	m	99	551198
author_labels	EEM-scRNA-239	Mesothelium	Mesenchyme	90.0	H1N1_infected	m	50	655647
author_labels	EEM-scRNA-239	NK_cell	Lymphoid	90.0	H1N1_infected	m	48	246205
author_labels	EEM-scRNA-239	Neutrophil	Myeloid	90.0	H1N1_infected	m	95	286754
author_labels	EEM-scRNA-239	Peribronchial_fibroblast	Mesenchyme	90.0	H1N1_infected	m	59	295314
author_labels	EEM-scRNA-239	Plasma_cell	Lymphoid	90.0	H1N1_infected	m	7	174702
author_labels	EEM-scRNA-239	Secretory	Epithelium	90.0	H1N1_infected	m	20	535407
author_labels	EEM-scRNA-239	T_lymphocyte	Lymphoid	90.0	H1N1_infected	m	162	836635
author_labels	EEM-scRNA-239	VSMC	Mesenchyme	90.0	H1N1_infected	m	42	315149
author_labels	EEM-scRNA-239	Venous_endothelium	Endothelium	90.0	H1N1_infected	m	232	2344874
author_labels	EEM-scRNA-239	aMAC	Myeloid	90.0	H1N1_infected	m	259	2997542
author_labels	EEM-scRNA-239	cDC1	Myeloid	90.0	H1N1_infected	m	42	526037
author_labels	EEM-scRNA-239	cDC2	Myeloid	90.0	H1N1_infected	m	30	304707
author_labels	EEM-scRNA-239	cMON	Myeloid	90.0	H1N1_infected	m	40	265805
author_labels	EEM-scRNA-239	iMAC	Myeloid	90.0	H1N1_infected	m	53	362191
author_labels	EEM-scRNA-239	iMON	Myeloid	90.0	H1N1_infected	m	18	294848
author_labels	EEM-scRNA-239	maDC	Myeloid	90.0	H1N1_infected	m	3	20248
author_labels	EEM-scRNA-239	pMON	Myeloid	90.0	H1N1_infected	m	29	127150
author_labels	EEM-scRNA-310	AF1	Mesenchyme	366.0	H1N1_infected	m	580	5444264
author_labels	EEM-scRNA-310	AF2	Mesenchyme	366.0	H1N1_infected	m	125	585557
author_labels	EEM-scRNA-310	AT1	Epithelium	366.0	H1N1_infected	m	117	1183312
author_labels	EEM-scRNA-310	AT1_AT2	Epithelium	366.0	H1N1_infected	m	42	1134802
author_labels	EEM-scRNA-310	AT2	Epithelium	366.0	H1N1_infected	m	252	4036066
author_labels	EEM-scRNA-310	Adventitial_fibroblast	Mesenchyme	366.0	H1N1_infected	m	135	1160804
author_labels	EEM-scRNA-310	Alveolar_transitional	Epithelium	366.0	H1N1_infected	m	1	10685
author_labels	EEM-scRNA-310	Arterial_endothelium	Endothelium	366.0	H1N1_infected	m	56	457817
author_labels	EEM-scRNA-310	B_lymphocyte	Lymphoid	366.0	H1N1_infected	m	32	144316
author_labels	EEM-scRNA-310	CAP1	Endothelium	366.0	H1N1_infected	m	1656	9098999
author_labels	EEM-scRNA-310	CAP2	Endothelium	366.0	H1N1_infected	m	157	652796
author_labels	EEM-scRNA-310	Ciliated	Epithelium	366.0	H1N1_infected	m	94	1327304
author_labels	EEM-scRNA-310	Krt5	Epithelium	366.0	H1N1_infected	m	76	792635
author_labels	EEM-scRNA-310	Lymphatic_endothelium	Endothelium	366.0	H1N1_infected	m	73	410389
author_labels	EEM-scRNA-310	Mesothelium	Mesenchyme	366.0	H1N1_infected	m	9	142044
author_labels	EEM-scRNA-310	NK_cell	Lymphoid	366.0	H1N1_infected	m	10	53965
author_labels	EEM-scRNA-310	Neutrophil	Myeloid	366.0	H1N1_infected	m	22	58813
author_labels	EEM-scRNA-310	Peribronchial_fibroblast	Mesenchyme	366.0	H1N1_infected	m	22	116647
author_labels	EEM-scRNA-310	Plasma_cell	Lymphoid	366.0	H1N1_infected	m	1	19722
author_labels	EEM-scRNA-310	Secretory	Epithelium	366.0	H1N1_infected	m	2	58906
author_labels	EEM-scRNA-310	T_lymphocyte	Lymphoid	366.0	H1N1_infected	m	58	308466
author_labels	EEM-scRNA-310	VSMC	Mesenchyme	366.0	H1N1_infected	m	15	88817
author_labels	EEM-scRNA-310	Venous_endothelium	Endothelium	366.0	H1N1_infected	m	178	1820482
author_labels	EEM-scRNA-310	aMAC	Myeloid	366.0	H1N1_infected	m	130	1736915
author_labels	EEM-scRNA-310	cDC1	Myeloid	366.0	H1N1_infected	m	17	217046
author_labels	EEM-scRNA-310	cDC2	Myeloid	366.0	H1N1_infected	m	16	182883
author_labels	EEM-scRNA-310	cMON	Myeloid	366.0	H1N1_infected	m	7	71104
author_labels	EEM-scRNA-310	iMAC	Myeloid	366.0	H1N1_infected	m	22	159667
author_labels	EEM-scRNA-310	iMON	Myeloid	366.0	H1N1_infected	m	6	69630
author_labels	EEM-scRNA-310	maDC	Myeloid	366.0	H1N1_infected	m	3	28872
author_labels	EEM-scRNA-310	pMON	Myeloid	366.0	H1N1_infected	m	17	97501
author_labels	EEM-scRNA-311	AF1	Mesenchyme	366.0	H1N1_infected	f	559	5334120
author_labels	EEM-scRNA-311	AF2	Mesenchyme	366.0	H1N1_infected	f	99	419060
author_labels	EEM-scRNA-311	AT1	Epithelium	366.0	H1N1_infected	f	100	974358
author_labels	EEM-scRNA-311	AT1_AT2	Epithelium	366.0	H1N1_infected	f	19	509660
author_labels	EEM-scRNA-311	AT2	Epithelium	366.0	H1N1_infected	f	202	2971434
author_labels	EEM-scRNA-311	Adventitial_fibroblast	Mesenchyme	366.0	H1N1_infected	f	210	1677359
author_labels	EEM-scRNA-311	Alveolar_transitional	Epithelium	366.0	H1N1_infected	f	1	7059
author_labels	EEM-scRNA-311	Arterial_endothelium	Endothelium	366.0	H1N1_infected	f	39	329937
author_labels	EEM-scRNA-311	B_lymphocyte	Lymphoid	366.0	H1N1_infected	f	110	589524
author_labels	EEM-scRNA-311	CAP1	Endothelium	366.0	H1N1_infected	f	1420	8419512
author_labels	EEM-scRNA-311	CAP2	Endothelium	366.0	H1N1_infected	f	79	356042
author_labels	EEM-scRNA-311	Ciliated	Epithelium	366.0	H1N1_infected	f	123	2231332
author_labels	EEM-scRNA-311	Krt5	Epithelium	366.0	H1N1_infected	f	72	761800
author_labels	EEM-scRNA-311	Lymphatic_endothelium	Endothelium	366.0	H1N1_infected	f	60	259180
author_labels	EEM-scRNA-311	Mesothelium	Mesenchyme	366.0	H1N1_infected	f	45	784450
author_labels	EEM-scRNA-311	NK_cell	Lymphoid	366.0	H1N1_infected	f	16	85057
author_labels	EEM-scRNA-311	Neutrophil	Myeloid	366.0	H1N1_infected	f	30	86168
author_labels	EEM-scRNA-311	Peribronchial_fibroblast	Mesenchyme	366.0	H1N1_infected	f	19	107313
author_labels	EEM-scRNA-311	Secretory	Epithelium	366.0	H1N1_infected	f	15	229719
author_labels	EEM-scRNA-311	T_lymphocyte	Lymphoid	366.0	H1N1_infected	f	125	609160
author_labels	EEM-scRNA-311	VSMC	Mesenchyme	366.0	H1N1_infected	f	20	137412
author_labels	EEM-scRNA-311	Venous_endothelium	Endothelium	366.0	H1N1_infected	f	160	1456051
author_labels	EEM-scRNA-311	aMAC	Myeloid	366.0	H1N1_infected	f	105	1344824
author_labels	EEM-scRNA-311	cDC1	Myeloid	366.0	H1N1_infected	f	15	185492
author_labels	EEM-scRNA-311	cDC2	Myeloid	366.0	H1N1_infected	f	15	197138
author_labels	EEM-scRNA-311	cMON	Myeloid	366.0	H1N1_infected	f	20	187821
author_labels	EEM-scRNA-311	iMAC	Myeloid	366.0	H1N1_infected	f	18	134150
author_labels	EEM-scRNA-311	iMON	Myeloid	366.0	H1N1_infected	f	5	44774
author_labels	EEM-scRNA-311	maDC	Myeloid	366.0	H1N1_infected	f	5	41807
author_labels	EEM-scRNA-311	pMON	Myeloid	366.0	H1N1_infected	f	22	107087
author_labels	EEM-scRNA-312	AF1	Mesenchyme	366.0	H1N1_infected	f	542	6891582
author_labels	EEM-scRNA-312	AF2	Mesenchyme	366.0	H1N1_infected	f	75	408017
author_labels	EEM-scRNA-312	AT1	Epithelium	366.0	H1N1_infected	f	56	703870
author_labels	EEM-scRNA-312	AT1_AT2	Epithelium	366.0	H1N1_infected	f	14	410931
author_labels	EEM-scRNA-312	AT2	Epithelium	366.0	H1N1_infected	f	147	3182096
author_labels	EEM-scRNA-312	Adventitial_fibroblast	Mesenchyme	366.0	H1N1_infected	f	190	1893651
author_labels	EEM-scRNA-312	Alveolar_transitional	Epithelium	366.0	H1N1_infected	f	1	54510
author_labels	EEM-scRNA-312	Arterial_endothelium	Endothelium	366.0	H1N1_infected	f	31	377304
author_labels	EEM-scRNA-312	B_lymphocyte	Lymphoid	366.0	H1N1_infected	f	76	551478
author_labels	EEM-scRNA-312	CAP1	Endothelium	366.0	H1N1_infected	f	913	7273433
author_labels	EEM-scRNA-312	CAP2	Endothelium	366.0	H1N1_infected	f	68	347467
author_labels	EEM-scRNA-312	Ciliated	Epithelium	366.0	H1N1_infected	f	95	2550017
author_labels	EEM-scRNA-312	Krt5	Epithelium	366.0	H1N1_infected	f	34	439274
author_labels	EEM-scRNA-312	Lymphatic_endothelium	Endothelium	366.0	H1N1_infected	f	30	169914
author_labels	EEM-scRNA-312	Mesothelium	Mesenchyme	366.0	H1N1_infected	f	11	181532
author_labels	EEM-scRNA-312	NK_cell	Lymphoid	366.0	H1N1_infected	f	13	97713
author_labels	EEM-scRNA-312	Neutrophil	Myeloid	366.0	H1N1_infected	f	19	81477
author_labels	EEM-scRNA-312	Peribronchial_fibroblast	Mesenchyme	366.0	H1N1_infected	f	18	153251
author_labels	EEM-scRNA-312	Plasma_cell	Lymphoid	366.0	H1N1_infected	f	2	37988
author_labels	EEM-scRNA-312	Secretory	Epithelium	366.0	H1N1_infected	f	8	218513
author_labels	EEM-scRNA-312	T_lymphocyte	Lymphoid	366.0	H1N1_infected	f	78	545930
author_labels	EEM-scRNA-312	VSMC	Mesenchyme	366.0	H1N1_infected	f	17	129655
author_labels	EEM-scRNA-312	Venous_endothelium	Endothelium	366.0	H1N1_infected	f	132	1484410
author_labels	EEM-scRNA-312	aMAC	Myeloid	366.0	H1N1_infected	f	123	2394726
author_labels	EEM-scRNA-312	cDC1	Myeloid	366.0	H1N1_infected	f	12	219317
author_labels	EEM-scRNA-312	cDC2	Myeloid	366.0	H1N1_infected	f	9	114990
author_labels	EEM-scRNA-312	cMON	Myeloid	366.0	H1N1_infected	f	20	192275
author_labels	EEM-scRNA-312	iMAC	Myeloid	366.0	H1N1_infected	f	15	171296
author_labels	EEM-scRNA-312	iMON	Myeloid	366.0	H1N1_infected	f	1	14318
author_labels	EEM-scRNA-312	maDC	Myeloid	366.0	H1N1_infected	f	3	36947
author_labels	EEM-scRNA-312	pMON	Myeloid	366.0	H1N1_infected	f	26	211095
