variant,experiment,collection_day,contrast,state,endpoint,quantity,n_libraries_A,n_libraries_B,status,difference_of_library_means,cross_library_min,cross_library_max,all_cross_library_directions_agree,range_is_confidence_interval
all_sourceQC,2,14,homozygous_deletion minus heterozygous,AT2,AT1_identity,pseudobulk_mean_log2_CPM1,2,2,estimated,-0.5131118379499928,-0.794039297558879,-0.2321843783411075,True,False
all_sourceQC,2,14,homozygous_deletion minus heterozygous,AT2,AT2_identity,pseudobulk_mean_log2_CPM1,2,2,estimated,0.027621714118547303,-0.06261700141557469,0.1178604296526693,False,False
all_sourceQC,2,14,homozygous_deletion minus heterozygous,AT2,Areg,pseudobulk_mean_log2_CPM1,2,2,estimated,0.2982122128785054,-0.7455371675795792,1.3419615933365918,False,False
all_sourceQC,2,14,homozygous_deletion minus heterozygous,AT2,Axin2,pseudobulk_mean_log2_CPM1,2,2,estimated,0.5431542836583274,0.40519433099843516,0.6811142363182201,True,False
all_sourceQC,2,14,homozygous_deletion minus heterozygous,AT2,Cd177,pseudobulk_mean_log2_CPM1,2,2,estimated,-3.946969164346459,-5.405448298315727,-2.488490030377192,True,False
all_sourceQC,2,14,homozygous_deletion minus heterozygous,AT2,Cd38,pseudobulk_mean_log2_CPM1,2,2,estimated,-1.744364684387186,-2.557024056569552,-0.9317053122048211,True,False
all_sourceQC,2,14,homozygous_deletion minus heterozygous,AT2,Dlk1,pseudobulk_mean_log2_CPM1,2,2,estimated,-3.4882823177470557,-4.598331998784759,-2.3782326367093534,True,False
all_sourceQC,2,14,homozygous_deletion minus heterozygous,AT2,Ereg,pseudobulk_mean_log2_CPM1,2,2,estimated,-1.5024942772808636,-3.0148158394628366,0.009827284901110733,False,False
all_sourceQC,2,14,homozygous_deletion minus heterozygous,AT2,Hbegf,pseudobulk_mean_log2_CPM1,2,2,estimated,0.06453484584152225,-0.6484655384288267,0.7775352301118712,False,False
all_sourceQC,2,14,homozygous_deletion minus heterozygous,AT2,Hmga2,pseudobulk_mean_log2_CPM1,2,2,estimated,0.2743778938638398,0.0,0.5487557877276796,False,False
all_sourceQC,2,14,homozygous_deletion minus heterozygous,AT2,Il1r1,pseudobulk_mean_log2_CPM1,2,2,estimated,-0.03345282197581767,-0.2537909137354193,0.18688526978378572,False,False
all_sourceQC,2,14,homozygous_deletion minus heterozygous,AT2,Itga2,pseudobulk_mean_log2_CPM1,2,2,estimated,-2.5781443196065625,-3.1100456225434794,-2.046243016669645,True,False
all_sourceQC,2,14,homozygous_deletion minus heterozygous,AT2,Mki67,pseudobulk_mean_log2_CPM1,2,2,estimated,-0.5117213724465515,-0.6035437672794046,-0.4198989776136979,True,False
all_sourceQC,2,14,homozygous_deletion minus heterozygous,AT2,Nfkbia,pseudobulk_mean_log2_CPM1,2,2,estimated,-0.06605582796654463,-0.43927127001367783,0.30715961408058945,False,False
all_sourceQC,2,14,homozygous_deletion minus heterozygous,AT2,P53_RNA_control,pseudobulk_mean_log2_CPM1,2,2,estimated,-0.007440875931670199,-0.14305288511258318,0.12817113324924367,False,False
all_sourceQC,2,14,homozygous_deletion minus heterozygous,AT2,Spp1,pseudobulk_mean_log2_CPM1,2,2,estimated,-3.0423222372428933,-5.674705086854834,-0.40993938763095217,True,False
all_sourceQC,2,14,homozygous_deletion minus heterozygous,AT2,TNFA_NFKB_RNA_disjoint,pseudobulk_mean_log2_CPM1,2,2,estimated,-0.10121042001627689,-0.3266686032171653,0.12424776318461195,False,False
all_sourceQC,2,14,homozygous_deletion minus heterozygous,AT2,Tonsl,pseudobulk_mean_log2_CPM1,2,2,estimated,0.3346790271692066,-0.3753847590502375,1.0447428133886507,False,False
all_sourceQC,2,14,homozygous_deletion minus heterozygous,AT2,Trp53,pseudobulk_mean_log2_CPM1,2,2,estimated,0.05500121066359043,-0.5450429389596634,0.6550453602868442,False,False
all_sourceQC,2,14,homozygous_deletion minus heterozygous,AT2,cycling,pseudobulk_mean_log2_CPM1,2,2,estimated,-0.3025659264328642,-0.4134626479265746,-0.19166920493915285,True,False
all_sourceQC,2,14,homozygous_deletion minus heterozygous,AT2,hypoxia_control,pseudobulk_mean_log2_CPM1,2,2,estimated,-0.03707910471796749,-0.18971099390044577,0.11555278446451078,False,False
all_sourceQC,2,14,homozygous_deletion minus heterozygous,AT2,lesion_gate_cycle_stress_disjoint,pseudobulk_mean_log2_CPM1,2,2,estimated,-0.08713372716382128,-0.29110510454195015,0.11683765021430759,False,False
all_sourceQC,2,14,homozygous_deletion minus heterozygous,AT2,lesion_specific,pseudobulk_mean_log2_CPM1,2,2,estimated,-0.1732309974685493,-0.39468774537596385,0.04822575043886479,False,False
all_sourceQC,2,14,homozygous_deletion minus heterozygous,AT2,priming_associated,pseudobulk_mean_log2_CPM1,2,2,estimated,-1.0505620301922853,-1.4559241880781704,-0.6451998723063994,True,False
all_sourceQC,2,14,homozygous_deletion minus heterozygous,AT2,shared_gate_cycle_stress_disjoint,pseudobulk_mean_log2_CPM1,2,2,estimated,-0.3761586164278654,-0.6772310718167676,-0.07508616103896326,True,False
all_sourceQC,2,14,homozygous_deletion minus heterozygous,AT2,shared_remodelling,pseudobulk_mean_log2_CPM1,2,2,estimated,-0.3029071164363746,-0.6327928430225676,0.026978610149817506,False,False
all_sourceQC,2,14,homozygous_deletion minus heterozygous,AT2,transition_RNA,pseudobulk_mean_log2_CPM1,2,2,estimated,-1.3460066139570195,-2.1399103452693797,-0.5521028826446592,True,False
all_sourceQC,2,14,homozygous_deletion minus heterozygous,all,AT1_identity,pseudobulk_mean_log2_CPM1,2,2,estimated,-0.527822540401738,-0.8894711447410479,-0.16617393606242814,True,False
all_sourceQC,2,14,homozygous_deletion minus heterozygous,all,AT2_identity,pseudobulk_mean_log2_CPM1,2,2,estimated,0.17195621617074153,-0.061855712375512795,0.4057681447169941,False,False
all_sourceQC,2,14,homozygous_deletion minus heterozygous,all,Areg,pseudobulk_mean_log2_CPM1,2,2,estimated,-0.45422676442759524,-1.3366119326363002,0.4281584037811115,False,False
all_sourceQC,2,14,homozygous_deletion minus heterozygous,all,Axin2,pseudobulk_mean_log2_CPM1,2,2,estimated,0.7277839466252862,0.3415029274810948,1.1140649657694777,True,False
all_sourceQC,2,14,homozygous_deletion minus heterozygous,all,Cd177,pseudobulk_mean_log2_CPM1,2,2,estimated,-3.8980388459766564,-4.472533202965883,-3.32354448898743,True,False
all_sourceQC,2,14,homozygous_deletion minus heterozygous,all,Cd38,pseudobulk_mean_log2_CPM1,2,2,estimated,-1.3775165542177463,-1.7981419291844558,-0.956891179251036,True,False
all_sourceQC,2,14,homozygous_deletion minus heterozygous,all,Dlk1,pseudobulk_mean_log2_CPM1,2,2,estimated,-2.9457623212705277,-3.3088776098135426,-2.582647032727513,True,False
all_sourceQC,2,14,homozygous_deletion minus heterozygous,all,Ereg,pseudobulk_mean_log2_CPM1,2,2,estimated,-1.7669092154344792,-2.5316459526692903,-1.0021724781996695,True,False
all_sourceQC,2,14,homozygous_deletion minus heterozygous,all,Hbegf,pseudobulk_mean_log2_CPM1,2,2,estimated,-0.17201330169958595,-0.9219951713019077,0.5779685679027367,False,False
all_sourceQC,2,14,homozygous_deletion minus heterozygous,all,Hmga2,pseudobulk_mean_log2_CPM1,2,2,estimated,-2.7872080899123994,-4.676819748131301,-0.8975964316934975,True,False
all_sourceQC,2,14,homozygous_deletion minus heterozygous,all,Il1r1,pseudobulk_mean_log2_CPM1,2,2,estimated,-0.039219359407507426,-0.3095043168831042,0.23106559806809113,False,False
all_sourceQC,2,14,homozygous_deletion minus heterozygous,all,Itga2,pseudobulk_mean_log2_CPM1,2,2,estimated,-2.485518817199675,-3.666809626479628,-1.304228007919721,True,False
all_sourceQC,2,14,homozygous_deletion minus heterozygous,all,Mki67,pseudobulk_mean_log2_CPM1,2,2,estimated,-0.1703396255083689,-0.5022376620741396,0.16155841105740354,False,False
all_sourceQC,2,14,homozygous_deletion minus heterozygous,all,Nfkbia,pseudobulk_mean_log2_CPM1,2,2,estimated,-0.052839745468634014,-0.32486395859533435,0.2191844676580672,False,False
all_sourceQC,2,14,homozygous_deletion minus heterozygous,all,P53_RNA_control,pseudobulk_mean_log2_CPM1,2,2,estimated,-0.13071416241876577,-0.24759711634740977,-0.013831208490123537,True,False
all_sourceQC,2,14,homozygous_deletion minus heterozygous,all,Spp1,pseudobulk_mean_log2_CPM1,2,2,estimated,-4.2407639883214046,-6.1606661774618034,-2.3208617991810057,True,False
all_sourceQC,2,14,homozygous_deletion minus heterozygous,all,TNFA_NFKB_RNA_disjoint,pseudobulk_mean_log2_CPM1,2,2,estimated,-0.15927128760531595,-0.36359533897799334,0.04505276376736145,False,False
all_sourceQC,2,14,homozygous_deletion minus heterozygous,all,Tonsl,pseudobulk_mean_log2_CPM1,2,2,estimated,0.052041681166082654,-0.5028864880624548,0.6069698503946204,False,False
all_sourceQC,2,14,homozygous_deletion minus heterozygous,all,Trp53,pseudobulk_mean_log2_CPM1,2,2,estimated,0.002373422482635057,-0.39163861218359486,0.396385457148865,False,False
all_sourceQC,2,14,homozygous_deletion minus heterozygous,all,cycling,pseudobulk_mean_log2_CPM1,2,2,estimated,-0.018878934675432113,-0.18728896283373953,0.1495310934828762,False,False
all_sourceQC,2,14,homozygous_deletion minus heterozygous,all,hypoxia_control,pseudobulk_mean_log2_CPM1,2,2,estimated,-0.03048441466564178,-0.14229846845054572,0.08132963911926128,False,False
all_sourceQC,2,14,homozygous_deletion minus heterozygous,all,lesion_gate_cycle_stress_disjoint,pseudobulk_mean_log2_CPM1,2,2,estimated,-0.3512876350990628,-0.6377169539809411,-0.06485831621718496,True,False
all_sourceQC,2,14,homozygous_deletion minus heterozygous,all,lesion_specific,pseudobulk_mean_log2_CPM1,2,2,estimated,-0.43813186297822027,-0.7645697813273182,-0.11169394462912274,True,False
all_sourceQC,2,14,homozygous_deletion minus heterozygous,all,priming_associated,pseudobulk_mean_log2_CPM1,2,2,estimated,-1.0528183813068264,-1.272293655704261,-0.8333431069093908,True,False
all_sourceQC,2,14,homozygous_deletion minus heterozygous,all,shared_gate_cycle_stress_disjoint,pseudobulk_mean_log2_CPM1,2,2,estimated,-0.7221810644280913,-1.2475478223498069,-0.19681430650637477,True,False
all_sourceQC,2,14,homozygous_deletion minus heterozygous,all,shared_remodelling,pseudobulk_mean_log2_CPM1,2,2,estimated,-0.6295109399526897,-1.1225492827120602,-0.13647259719332006,True,False
all_sourceQC,2,14,homozygous_deletion minus heterozygous,all,transition_RNA,pseudobulk_mean_log2_CPM1,2,2,estimated,-1.4742974006536977,-2.005185981960712,-0.9434088193466845,True,False
all_sourceQC,2,14,homozygous_deletion minus heterozygous,mixed,AT1_identity,pseudobulk_mean_log2_CPM1,2,2,estimated,-0.2981739852251346,-0.5942031870292706,-0.002144783420998664,True,False
all_sourceQC,2,14,homozygous_deletion minus heterozygous,mixed,AT2_identity,pseudobulk_mean_log2_CPM1,2,2,estimated,0.10785241069575413,-0.04429106302942287,0.25999588442092936,False,False
all_sourceQC,2,14,homozygous_deletion minus heterozygous,mixed,Areg,pseudobulk_mean_log2_CPM1,2,2,estimated,0.038862127942079994,-0.7814901597322219,0.8592144156163819,False,False
all_sourceQC,2,14,homozygous_deletion minus heterozygous,mixed,Axin2,pseudobulk_mean_log2_CPM1,2,2,estimated,0.5876419668943478,-0.28619299472101734,1.461476928509713,False,False
all_sourceQC,2,14,homozygous_deletion minus heterozygous,mixed,Cd177,pseudobulk_mean_log2_CPM1,2,2,estimated,-4.300827258175894,-4.764046242844565,-3.8376082735072234,True,False
all_sourceQC,2,14,homozygous_deletion minus heterozygous,mixed,Cd38,pseudobulk_mean_log2_CPM1,2,2,estimated,-1.4453030975921148,-2.2296472945945056,-0.6609589005897245,True,False
all_sourceQC,2,14,homozygous_deletion minus heterozygous,mixed,Dlk1,pseudobulk_mean_log2_CPM1,2,2,estimated,-3.0971639814443104,-4.978451352889049,-1.2158766099995715,True,False
all_sourceQC,2,14,homozygous_deletion minus heterozygous,mixed,Ereg,pseudobulk_mean_log2_CPM1,2,2,estimated,-2.1692334709582326,-3.4209607890875686,-0.9175061528288961,True,False
all_sourceQC,2,14,homozygous_deletion minus heterozygous,mixed,Hbegf,pseudobulk_mean_log2_CPM1,2,2,estimated,-0.14963954416064507,-1.0481670251490218,0.7488879368277317,False,False
all_sourceQC,2,14,homozygous_deletion minus heterozygous,mixed,Hmga2,pseudobulk_mean_log2_CPM1,2,2,estimated,-1.1528683066748804,-1.9470235064369161,-0.35871310691284486,True,False
all_sourceQC,2,14,homozygous_deletion minus heterozygous,mixed,Il1r1,pseudobulk_mean_log2_CPM1,2,2,estimated,-0.11469640126031866,-0.4083310490182086,0.17893824649757128,False,False
all_sourceQC,2,14,homozygous_deletion minus heterozygous,mixed,Itga2,pseudobulk_mean_log2_CPM1,2,2,estimated,-2.5407796406863263,-3.9350042734273476,-1.146555007945305,True,False
all_sourceQC,2,14,homozygous_deletion minus heterozygous,mixed,Mki67,pseudobulk_mean_log2_CPM1,2,2,estimated,-0.015378433316732831,-0.5050916310456826,0.4743347644122178,False,False
all_sourceQC,2,14,homozygous_deletion minus heterozygous,mixed,Nfkbia,pseudobulk_mean_log2_CPM1,2,2,estimated,-0.007192300387234063,-0.4067593658062094,0.3923747650317422,False,False
all_sourceQC,2,14,homozygous_deletion minus heterozygous,mixed,P53_RNA_control,pseudobulk_mean_log2_CPM1,2,2,estimated,0.003383030134049392,-0.0806471058878726,0.08741316615597317,False,False
all_sourceQC,2,14,homozygous_deletion minus heterozygous,mixed,Spp1,pseudobulk_mean_log2_CPM1,2,2,estimated,-2.465028972357179,-3.555110696719203,-1.3749472479951548,True,False
all_sourceQC,2,14,homozygous_deletion minus heterozygous,mixed,TNFA_NFKB_RNA_disjoint,pseudobulk_mean_log2_CPM1,2,2,estimated,-0.03842842728663509,-0.24198284593918684,0.16512599136591577,False,False
all_sourceQC,2,14,homozygous_deletion minus heterozygous,mixed,Tonsl,pseudobulk_mean_log2_CPM1,2,2,estimated,-0.49349799505481484,-0.9814886884214622,-0.005507301688167265,True,False
all_sourceQC,2,14,homozygous_deletion minus heterozygous,mixed,Trp53,pseudobulk_mean_log2_CPM1,2,2,estimated,0.33411487282756,0.09369455572562924,0.5745351899294899,True,False
all_sourceQC,2,14,homozygous_deletion minus heterozygous,mixed,cycling,pseudobulk_mean_log2_CPM1,2,2,estimated,0.1436854397230416,0.007762499287703228,0.27960838015838085,True,False
all_sourceQC,2,14,homozygous_deletion minus heterozygous,mixed,hypoxia_control,pseudobulk_mean_log2_CPM1,2,2,estimated,0.00972649688721594,-0.12311841013498181,0.14257140390941325,False,False
all_sourceQC,2,14,homozygous_deletion minus heterozygous,mixed,lesion_gate_cycle_stress_disjoint,pseudobulk_mean_log2_CPM1,2,2,estimated,-0.0008549676449138843,-0.15654085262367357,0.1548309173338458,False,False
all_sourceQC,2,14,homozygous_deletion minus heterozygous,mixed,lesion_specific,pseudobulk_mean_log2_CPM1,2,2,estimated,-0.06170608496191976,-0.23517432567782048,0.11176215575398096,False,False
all_sourceQC,2,14,homozygous_deletion minus heterozygous,mixed,priming_associated,pseudobulk_mean_log2_CPM1,2,2,estimated,-1.3538736533748832,-1.5582653980141057,-1.149481908735659,True,False
all_sourceQC,2,14,homozygous_deletion minus heterozygous,mixed,shared_gate_cycle_stress_disjoint,pseudobulk_mean_log2_CPM1,2,2,estimated,-0.520146519123518,-0.8760986038827543,-0.16419443436428338,True,False
all_sourceQC,2,14,homozygous_deletion minus heterozygous,mixed,shared_remodelling,pseudobulk_mean_log2_CPM1,2,2,estimated,-0.43039545456720596,-0.7478953674085256,-0.11289554172588634,True,False
all_sourceQC,2,14,homozygous_deletion minus heterozygous,mixed,transition_RNA,pseudobulk_mean_log2_CPM1,2,2,estimated,-1.3055413735812227,-1.8919175999793456,-0.7191651471830998,True,False
all_sourceQC,2,14,homozygous_deletion minus heterozygous,transition,AT1_identity,pseudobulk_mean_log2_CPM1,0,1,unavailable,,,,,
all_sourceQC,2,14,homozygous_deletion minus heterozygous,transition,AT2_identity,pseudobulk_mean_log2_CPM1,0,1,unavailable,,,,,
all_sourceQC,2,14,homozygous_deletion minus heterozygous,transition,Areg,pseudobulk_mean_log2_CPM1,0,1,unavailable,,,,,
all_sourceQC,2,14,homozygous_deletion minus heterozygous,transition,Axin2,pseudobulk_mean_log2_CPM1,0,1,unavailable,,,,,
all_sourceQC,2,14,homozygous_deletion minus heterozygous,transition,Cd177,pseudobulk_mean_log2_CPM1,0,1,unavailable,,,,,
all_sourceQC,2,14,homozygous_deletion minus heterozygous,transition,Cd38,pseudobulk_mean_log2_CPM1,0,1,unavailable,,,,,
all_sourceQC,2,14,homozygous_deletion minus heterozygous,transition,Dlk1,pseudobulk_mean_log2_CPM1,0,1,unavailable,,,,,
all_sourceQC,2,14,homozygous_deletion minus heterozygous,transition,Ereg,pseudobulk_mean_log2_CPM1,0,1,unavailable,,,,,
all_sourceQC,2,14,homozygous_deletion minus heterozygous,transition,Hbegf,pseudobulk_mean_log2_CPM1,0,1,unavailable,,,,,
all_sourceQC,2,14,homozygous_deletion minus heterozygous,transition,Hmga2,pseudobulk_mean_log2_CPM1,0,1,unavailable,,,,,
all_sourceQC,2,14,homozygous_deletion minus heterozygous,transition,Il1r1,pseudobulk_mean_log2_CPM1,0,1,unavailable,,,,,
all_sourceQC,2,14,homozygous_deletion minus heterozygous,transition,Itga2,pseudobulk_mean_log2_CPM1,0,1,unavailable,,,,,
all_sourceQC,2,14,homozygous_deletion minus heterozygous,transition,Mki67,pseudobulk_mean_log2_CPM1,0,1,unavailable,,,,,
all_sourceQC,2,14,homozygous_deletion minus heterozygous,transition,Nfkbia,pseudobulk_mean_log2_CPM1,0,1,unavailable,,,,,
all_sourceQC,2,14,homozygous_deletion minus heterozygous,transition,P53_RNA_control,pseudobulk_mean_log2_CPM1,0,1,unavailable,,,,,
all_sourceQC,2,14,homozygous_deletion minus heterozygous,transition,Spp1,pseudobulk_mean_log2_CPM1,0,1,unavailable,,,,,
all_sourceQC,2,14,homozygous_deletion minus heterozygous,transition,TNFA_NFKB_RNA_disjoint,pseudobulk_mean_log2_CPM1,0,1,unavailable,,,,,
all_sourceQC,2,14,homozygous_deletion minus heterozygous,transition,Tonsl,pseudobulk_mean_log2_CPM1,0,1,unavailable,,,,,
all_sourceQC,2,14,homozygous_deletion minus heterozygous,transition,Trp53,pseudobulk_mean_log2_CPM1,0,1,unavailable,,,,,
all_sourceQC,2,14,homozygous_deletion minus heterozygous,transition,cycling,pseudobulk_mean_log2_CPM1,0,1,unavailable,,,,,
all_sourceQC,2,14,homozygous_deletion minus heterozygous,transition,hypoxia_control,pseudobulk_mean_log2_CPM1,0,1,unavailable,,,,,
all_sourceQC,2,14,homozygous_deletion minus heterozygous,transition,lesion_gate_cycle_stress_disjoint,pseudobulk_mean_log2_CPM1,0,1,unavailable,,,,,
all_sourceQC,2,14,homozygous_deletion minus heterozygous,transition,lesion_specific,pseudobulk_mean_log2_CPM1,0,1,unavailable,,,,,
all_sourceQC,2,14,homozygous_deletion minus heterozygous,transition,priming_associated,pseudobulk_mean_log2_CPM1,0,1,unavailable,,,,,
all_sourceQC,2,14,homozygous_deletion minus heterozygous,transition,shared_gate_cycle_stress_disjoint,pseudobulk_mean_log2_CPM1,0,1,unavailable,,,,,
all_sourceQC,2,14,homozygous_deletion minus heterozygous,transition,shared_remodelling,pseudobulk_mean_log2_CPM1,0,1,unavailable,,,,,
all_sourceQC,2,14,homozygous_deletion minus heterozygous,transition,transition_RNA,pseudobulk_mean_log2_CPM1,0,1,unavailable,,,,,
all_sourceQC,2,14,homozygous_deletion minus heterozygous,unresolved,AT1_identity,pseudobulk_mean_log2_CPM1,0,1,unavailable,,,,,
all_sourceQC,2,14,homozygous_deletion minus heterozygous,unresolved,AT2_identity,pseudobulk_mean_log2_CPM1,0,1,unavailable,,,,,
all_sourceQC,2,14,homozygous_deletion minus heterozygous,unresolved,Areg,pseudobulk_mean_log2_CPM1,0,1,unavailable,,,,,
all_sourceQC,2,14,homozygous_deletion minus heterozygous,unresolved,Axin2,pseudobulk_mean_log2_CPM1,0,1,unavailable,,,,,
all_sourceQC,2,14,homozygous_deletion minus heterozygous,unresolved,Cd177,pseudobulk_mean_log2_CPM1,0,1,unavailable,,,,,
all_sourceQC,2,14,homozygous_deletion minus heterozygous,unresolved,Cd38,pseudobulk_mean_log2_CPM1,0,1,unavailable,,,,,
all_sourceQC,2,14,homozygous_deletion minus heterozygous,unresolved,Dlk1,pseudobulk_mean_log2_CPM1,0,1,unavailable,,,,,
all_sourceQC,2,14,homozygous_deletion minus heterozygous,unresolved,Ereg,pseudobulk_mean_log2_CPM1,0,1,unavailable,,,,,
all_sourceQC,2,14,homozygous_deletion minus heterozygous,unresolved,Hbegf,pseudobulk_mean_log2_CPM1,0,1,unavailable,,,,,
all_sourceQC,2,14,homozygous_deletion minus heterozygous,unresolved,Hmga2,pseudobulk_mean_log2_CPM1,0,1,unavailable,,,,,
all_sourceQC,2,14,homozygous_deletion minus heterozygous,unresolved,Il1r1,pseudobulk_mean_log2_CPM1,0,1,unavailable,,,,,
all_sourceQC,2,14,homozygous_deletion minus heterozygous,unresolved,Itga2,pseudobulk_mean_log2_CPM1,0,1,unavailable,,,,,
all_sourceQC,2,14,homozygous_deletion minus heterozygous,unresolved,Mki67,pseudobulk_mean_log2_CPM1,0,1,unavailable,,,,,
all_sourceQC,2,14,homozygous_deletion minus heterozygous,unresolved,Nfkbia,pseudobulk_mean_log2_CPM1,0,1,unavailable,,,,,
all_sourceQC,2,14,homozygous_deletion minus heterozygous,unresolved,P53_RNA_control,pseudobulk_mean_log2_CPM1,0,1,unavailable,,,,,
all_sourceQC,2,14,homozygous_deletion minus heterozygous,unresolved,Spp1,pseudobulk_mean_log2_CPM1,0,1,unavailable,,,,,
all_sourceQC,2,14,homozygous_deletion minus heterozygous,unresolved,TNFA_NFKB_RNA_disjoint,pseudobulk_mean_log2_CPM1,0,1,unavailable,,,,,
all_sourceQC,2,14,homozygous_deletion minus heterozygous,unresolved,Tonsl,pseudobulk_mean_log2_CPM1,0,1,unavailable,,,,,
all_sourceQC,2,14,homozygous_deletion minus heterozygous,unresolved,Trp53,pseudobulk_mean_log2_CPM1,0,1,unavailable,,,,,
all_sourceQC,2,14,homozygous_deletion minus heterozygous,unresolved,cycling,pseudobulk_mean_log2_CPM1,0,1,unavailable,,,,,
all_sourceQC,2,14,homozygous_deletion minus heterozygous,unresolved,hypoxia_control,pseudobulk_mean_log2_CPM1,0,1,unavailable,,,,,
all_sourceQC,2,14,homozygous_deletion minus heterozygous,unresolved,lesion_gate_cycle_stress_disjoint,pseudobulk_mean_log2_CPM1,0,1,unavailable,,,,,
all_sourceQC,2,14,homozygous_deletion minus heterozygous,unresolved,lesion_specific,pseudobulk_mean_log2_CPM1,0,1,unavailable,,,,,
all_sourceQC,2,14,homozygous_deletion minus heterozygous,unresolved,priming_associated,pseudobulk_mean_log2_CPM1,0,1,unavailable,,,,,
all_sourceQC,2,14,homozygous_deletion minus heterozygous,unresolved,shared_gate_cycle_stress_disjoint,pseudobulk_mean_log2_CPM1,0,1,unavailable,,,,,
all_sourceQC,2,14,homozygous_deletion minus heterozygous,unresolved,shared_remodelling,pseudobulk_mean_log2_CPM1,0,1,unavailable,,,,,
all_sourceQC,2,14,homozygous_deletion minus heterozygous,unresolved,transition_RNA,pseudobulk_mean_log2_CPM1,0,1,unavailable,,,,,
all_sourceQC,2,84,homozygous_deletion minus heterozygous,AT1,AT1_identity,pseudobulk_mean_log2_CPM1,0,2,unavailable,,,,,
all_sourceQC,2,84,homozygous_deletion minus heterozygous,AT1,AT2_identity,pseudobulk_mean_log2_CPM1,0,2,unavailable,,,,,
all_sourceQC,2,84,homozygous_deletion minus heterozygous,AT1,Areg,pseudobulk_mean_log2_CPM1,0,2,unavailable,,,,,
all_sourceQC,2,84,homozygous_deletion minus heterozygous,AT1,Axin2,pseudobulk_mean_log2_CPM1,0,2,unavailable,,,,,
all_sourceQC,2,84,homozygous_deletion minus heterozygous,AT1,Cd177,pseudobulk_mean_log2_CPM1,0,2,unavailable,,,,,
all_sourceQC,2,84,homozygous_deletion minus heterozygous,AT1,Cd38,pseudobulk_mean_log2_CPM1,0,2,unavailable,,,,,
all_sourceQC,2,84,homozygous_deletion minus heterozygous,AT1,Dlk1,pseudobulk_mean_log2_CPM1,0,2,unavailable,,,,,
all_sourceQC,2,84,homozygous_deletion minus heterozygous,AT1,Ereg,pseudobulk_mean_log2_CPM1,0,2,unavailable,,,,,
all_sourceQC,2,84,homozygous_deletion minus heterozygous,AT1,Hbegf,pseudobulk_mean_log2_CPM1,0,2,unavailable,,,,,
all_sourceQC,2,84,homozygous_deletion minus heterozygous,AT1,Hmga2,pseudobulk_mean_log2_CPM1,0,2,unavailable,,,,,
all_sourceQC,2,84,homozygous_deletion minus heterozygous,AT1,Il1r1,pseudobulk_mean_log2_CPM1,0,2,unavailable,,,,,
all_sourceQC,2,84,homozygous_deletion minus heterozygous,AT1,Itga2,pseudobulk_mean_log2_CPM1,0,2,unavailable,,,,,
all_sourceQC,2,84,homozygous_deletion minus heterozygous,AT1,Mki67,pseudobulk_mean_log2_CPM1,0,2,unavailable,,,,,
all_sourceQC,2,84,homozygous_deletion minus heterozygous,AT1,Nfkbia,pseudobulk_mean_log2_CPM1,0,2,unavailable,,,,,
all_sourceQC,2,84,homozygous_deletion minus heterozygous,AT1,P53_RNA_control,pseudobulk_mean_log2_CPM1,0,2,unavailable,,,,,
all_sourceQC,2,84,homozygous_deletion minus heterozygous,AT1,Spp1,pseudobulk_mean_log2_CPM1,0,2,unavailable,,,,,
all_sourceQC,2,84,homozygous_deletion minus heterozygous,AT1,TNFA_NFKB_RNA_disjoint,pseudobulk_mean_log2_CPM1,0,2,unavailable,,,,,
all_sourceQC,2,84,homozygous_deletion minus heterozygous,AT1,Tonsl,pseudobulk_mean_log2_CPM1,0,2,unavailable,,,,,
all_sourceQC,2,84,homozygous_deletion minus heterozygous,AT1,Trp53,pseudobulk_mean_log2_CPM1,0,2,unavailable,,,,,
all_sourceQC,2,84,homozygous_deletion minus heterozygous,AT1,cycling,pseudobulk_mean_log2_CPM1,0,2,unavailable,,,,,
all_sourceQC,2,84,homozygous_deletion minus heterozygous,AT1,hypoxia_control,pseudobulk_mean_log2_CPM1,0,2,unavailable,,,,,
all_sourceQC,2,84,homozygous_deletion minus heterozygous,AT1,lesion_gate_cycle_stress_disjoint,pseudobulk_mean_log2_CPM1,0,2,unavailable,,,,,
all_sourceQC,2,84,homozygous_deletion minus heterozygous,AT1,lesion_specific,pseudobulk_mean_log2_CPM1,0,2,unavailable,,,,,
all_sourceQC,2,84,homozygous_deletion minus heterozygous,AT1,priming_associated,pseudobulk_mean_log2_CPM1,0,2,unavailable,,,,,
all_sourceQC,2,84,homozygous_deletion minus heterozygous,AT1,shared_gate_cycle_stress_disjoint,pseudobulk_mean_log2_CPM1,0,2,unavailable,,,,,
all_sourceQC,2,84,homozygous_deletion minus heterozygous,AT1,shared_remodelling,pseudobulk_mean_log2_CPM1,0,2,unavailable,,,,,
all_sourceQC,2,84,homozygous_deletion minus heterozygous,AT1,transition_RNA,pseudobulk_mean_log2_CPM1,0,2,unavailable,,,,,
all_sourceQC,2,84,homozygous_deletion minus heterozygous,AT2,AT1_identity,pseudobulk_mean_log2_CPM1,2,2,estimated,-0.5979441207531879,-0.6531208478091566,-0.5427673936972197,True,False
all_sourceQC,2,84,homozygous_deletion minus heterozygous,AT2,AT2_identity,pseudobulk_mean_log2_CPM1,2,2,estimated,0.28079523357773084,0.00029409439963501427,0.5612963727558284,True,False
all_sourceQC,2,84,homozygous_deletion minus heterozygous,AT2,Areg,pseudobulk_mean_log2_CPM1,2,2,estimated,-0.5922901728207304,-1.0345015805927478,-0.1500787650487112,True,False
all_sourceQC,2,84,homozygous_deletion minus heterozygous,AT2,Axin2,pseudobulk_mean_log2_CPM1,2,2,estimated,1.080678143241618,-0.31733815148580247,2.478694437969038,False,False
all_sourceQC,2,84,homozygous_deletion minus heterozygous,AT2,Cd177,pseudobulk_mean_log2_CPM1,2,2,estimated,-3.9235455222957385,-6.725505032416731,-1.1215860121747465,True,False
all_sourceQC,2,84,homozygous_deletion minus heterozygous,AT2,Cd38,pseudobulk_mean_log2_CPM1,2,2,estimated,-2.4732637949146574,-4.100201642260136,-0.8463259475691798,True,False
all_sourceQC,2,84,homozygous_deletion minus heterozygous,AT2,Dlk1,pseudobulk_mean_log2_CPM1,2,2,estimated,-5.8187367578002585,-10.034459226755931,-1.603014288844586,True,False
all_sourceQC,2,84,homozygous_deletion minus heterozygous,AT2,Ereg,pseudobulk_mean_log2_CPM1,2,2,estimated,-3.1781711935602663,-5.6459375565732905,-0.7104048305472435,True,False
all_sourceQC,2,84,homozygous_deletion minus heterozygous,AT2,Hbegf,pseudobulk_mean_log2_CPM1,2,2,estimated,-1.2441303087454099,-2.20260450543085,-0.28565611205996966,True,False
all_sourceQC,2,84,homozygous_deletion minus heterozygous,AT2,Hmga2,pseudobulk_mean_log2_CPM1,2,2,estimated,-2.1868480057802135,-4.348280121766081,-0.025415889794345725,True,False
all_sourceQC,2,84,homozygous_deletion minus heterozygous,AT2,Il1r1,pseudobulk_mean_log2_CPM1,2,2,estimated,-0.04916557385302944,-0.5717583376361235,0.4734271899300646,False,False
all_sourceQC,2,84,homozygous_deletion minus heterozygous,AT2,Itga2,pseudobulk_mean_log2_CPM1,2,2,estimated,-3.7132224668904685,-5.887021882859924,-1.539423050921014,True,False
all_sourceQC,2,84,homozygous_deletion minus heterozygous,AT2,Mki67,pseudobulk_mean_log2_CPM1,2,2,estimated,-1.1172753779401874,-1.6906222551113412,-0.5439285007690333,True,False
all_sourceQC,2,84,homozygous_deletion minus heterozygous,AT2,Nfkbia,pseudobulk_mean_log2_CPM1,2,2,estimated,-0.08765043667031946,-0.9670216116952028,0.7917207383545639,False,False
all_sourceQC,2,84,homozygous_deletion minus heterozygous,AT2,P53_RNA_control,pseudobulk_mean_log2_CPM1,2,2,estimated,-0.13426640353598707,-0.26607122947777473,-0.0024615775941985163,True,False
all_sourceQC,2,84,homozygous_deletion minus heterozygous,AT2,Spp1,pseudobulk_mean_log2_CPM1,2,2,estimated,-7.156753022285327,-10.22883446383995,-4.084671580730703,True,False
all_sourceQC,2,84,homozygous_deletion minus heterozygous,AT2,TNFA_NFKB_RNA_disjoint,pseudobulk_mean_log2_CPM1,2,2,estimated,-0.2424089918278982,-0.5742006893399743,0.08938270568417828,False,False
all_sourceQC,2,84,homozygous_deletion minus heterozygous,AT2,Tonsl,pseudobulk_mean_log2_CPM1,2,2,estimated,0.10148338591186157,0.08624332163005155,0.11672345019367159,True,False
all_sourceQC,2,84,homozygous_deletion minus heterozygous,AT2,Trp53,pseudobulk_mean_log2_CPM1,2,2,estimated,-0.12892368803129184,-0.6074481517496482,0.3496007756870636,False,False
all_sourceQC,2,84,homozygous_deletion minus heterozygous,AT2,cycling,pseudobulk_mean_log2_CPM1,2,2,estimated,-1.086848379771408,-1.5738125272373846,-0.5998842323054316,True,False
all_sourceQC,2,84,homozygous_deletion minus heterozygous,AT2,hypoxia_control,pseudobulk_mean_log2_CPM1,2,2,estimated,-0.16817494214221274,-0.3444693382180848,0.008119453933659315,False,False
all_sourceQC,2,84,homozygous_deletion minus heterozygous,AT2,lesion_gate_cycle_stress_disjoint,pseudobulk_mean_log2_CPM1,2,2,estimated,-0.2184193915013637,-0.3863462172064138,-0.05049256579631445,True,False
all_sourceQC,2,84,homozygous_deletion minus heterozygous,AT2,lesion_specific,pseudobulk_mean_log2_CPM1,2,2,estimated,-0.3391013522312707,-0.5265875860142506,-0.1516151184482908,True,False
all_sourceQC,2,84,homozygous_deletion minus heterozygous,AT2,priming_associated,pseudobulk_mean_log2_CPM1,2,2,estimated,-1.427585722322001,-2.8468735254696913,-0.008297919174309776,True,False
all_sourceQC,2,84,homozygous_deletion minus heterozygous,AT2,shared_gate_cycle_stress_disjoint,pseudobulk_mean_log2_CPM1,2,2,estimated,-0.5920957847825035,-0.9295188737615998,-0.254672695803408,True,False
all_sourceQC,2,84,homozygous_deletion minus heterozygous,AT2,shared_remodelling,pseudobulk_mean_log2_CPM1,2,2,estimated,-0.5371285867605682,-0.8295926544330001,-0.24466451908813625,True,False
all_sourceQC,2,84,homozygous_deletion minus heterozygous,AT2,transition_RNA,pseudobulk_mean_log2_CPM1,2,2,estimated,-0.08385579543695876,-0.9980011294140967,0.8302895385401792,False,False
all_sourceQC,2,84,homozygous_deletion minus heterozygous,all,AT1_identity,pseudobulk_mean_log2_CPM1,2,2,estimated,-0.10611108722534013,-1.0848897171547343,0.8726675427040522,False,False
all_sourceQC,2,84,homozygous_deletion minus heterozygous,all,AT2_identity,pseudobulk_mean_log2_CPM1,2,2,estimated,1.2475062692031038,0.10924444136829337,2.3857680970379125,True,False
all_sourceQC,2,84,homozygous_deletion minus heterozygous,all,Areg,pseudobulk_mean_log2_CPM1,2,2,estimated,-1.2370720025847621,-2.505213124390947,0.03106911922142075,False,False
all_sourceQC,2,84,homozygous_deletion minus heterozygous,all,Axin2,pseudobulk_mean_log2_CPM1,2,2,estimated,1.5251863205744822,-0.34587780423345826,3.3962504453824227,False,False
all_sourceQC,2,84,homozygous_deletion minus heterozygous,all,Cd177,pseudobulk_mean_log2_CPM1,2,2,estimated,-1.8589162986811159,-3.319766510728787,-0.3980660866334451,True,False
all_sourceQC,2,84,homozygous_deletion minus heterozygous,all,Cd38,pseudobulk_mean_log2_CPM1,2,2,estimated,-1.395035343110031,-2.049903521284407,-0.7401671649356554,True,False
all_sourceQC,2,84,homozygous_deletion minus heterozygous,all,Dlk1,pseudobulk_mean_log2_CPM1,2,2,estimated,-4.149366708022505,-7.817045124829615,-0.4816882912153937,True,False
all_sourceQC,2,84,homozygous_deletion minus heterozygous,all,Ereg,pseudobulk_mean_log2_CPM1,2,2,estimated,-3.0481894383054384,-5.44987540024373,-0.6465034763671471,True,False
all_sourceQC,2,84,homozygous_deletion minus heterozygous,all,Hbegf,pseudobulk_mean_log2_CPM1,2,2,estimated,-1.3590922385693762,-2.56650234774607,-0.15168212939268155,True,False
all_sourceQC,2,84,homozygous_deletion minus heterozygous,all,Hmga2,pseudobulk_mean_log2_CPM1,2,2,estimated,-3.096633909863576,-6.30509128427538,0.11182346454822922,False,False
all_sourceQC,2,84,homozygous_deletion minus heterozygous,all,Il1r1,pseudobulk_mean_log2_CPM1,2,2,estimated,0.22266198927145187,-0.5666805191835649,1.0120044977264677,False,False
all_sourceQC,2,84,homozygous_deletion minus heterozygous,all,Itga2,pseudobulk_mean_log2_CPM1,2,2,estimated,-2.822066193218829,-5.6492960109566965,0.005163624519037846,False,False
all_sourceQC,2,84,homozygous_deletion minus heterozygous,all,Mki67,pseudobulk_mean_log2_CPM1,2,2,estimated,-1.0971897687495842,-1.4149496183671708,-0.7794299191319967,True,False
all_sourceQC,2,84,homozygous_deletion minus heterozygous,all,Nfkbia,pseudobulk_mean_log2_CPM1,2,2,estimated,-0.5099085466790374,-1.2044718250429565,0.18465473168488078,False,False
all_sourceQC,2,84,homozygous_deletion minus heterozygous,all,P53_RNA_control,pseudobulk_mean_log2_CPM1,2,2,estimated,-0.3209682059909982,-0.5861638854863456,-0.05577252649565079,True,False
all_sourceQC,2,84,homozygous_deletion minus heterozygous,all,Spp1,pseudobulk_mean_log2_CPM1,2,2,estimated,-4.08431425535599,-6.896865029221775,-1.271763481490205,True,False
all_sourceQC,2,84,homozygous_deletion minus heterozygous,all,TNFA_NFKB_RNA_disjoint,pseudobulk_mean_log2_CPM1,2,2,estimated,-0.5145565530846801,-0.795398471552291,-0.2337146346170682,True,False
all_sourceQC,2,84,homozygous_deletion minus heterozygous,all,Tonsl,pseudobulk_mean_log2_CPM1,2,2,estimated,0.23066946172618485,-0.24334403694460427,0.7046829603969738,False,False
all_sourceQC,2,84,homozygous_deletion minus heterozygous,all,Trp53,pseudobulk_mean_log2_CPM1,2,2,estimated,-0.4292667008672444,-0.7932028252743013,-0.06533057646018836,True,False
all_sourceQC,2,84,homozygous_deletion minus heterozygous,all,cycling,pseudobulk_mean_log2_CPM1,2,2,estimated,-0.7873798817562712,-1.0759338861681274,-0.4988258773444141,True,False
all_sourceQC,2,84,homozygous_deletion minus heterozygous,all,hypoxia_control,pseudobulk_mean_log2_CPM1,2,2,estimated,-0.2550238196040926,-0.5043279808388821,-0.0057196583693031045,True,False
all_sourceQC,2,84,homozygous_deletion minus heterozygous,all,lesion_gate_cycle_stress_disjoint,pseudobulk_mean_log2_CPM1,2,2,estimated,-0.593380574172786,-1.114363698689664,-0.07239744965590811,True,False
all_sourceQC,2,84,homozygous_deletion minus heterozygous,all,lesion_specific,pseudobulk_mean_log2_CPM1,2,2,estimated,-0.6943506424111945,-1.2850842976692025,-0.10361698715318557,True,False
all_sourceQC,2,84,homozygous_deletion minus heterozygous,all,priming_associated,pseudobulk_mean_log2_CPM1,2,2,estimated,-0.3807733143276657,-0.6009660453252827,-0.16058058333004777,True,False
all_sourceQC,2,84,homozygous_deletion minus heterozygous,all,shared_gate_cycle_stress_disjoint,pseudobulk_mean_log2_CPM1,2,2,estimated,-0.8726325888709106,-1.6892366627138777,-0.05602851502794426,True,False
all_sourceQC,2,84,homozygous_deletion minus heterozygous,all,shared_remodelling,pseudobulk_mean_log2_CPM1,2,2,estimated,-0.8278952617090853,-1.603446472837473,-0.05234405058069669,True,False
all_sourceQC,2,84,homozygous_deletion minus heterozygous,all,transition_RNA,pseudobulk_mean_log2_CPM1,2,2,estimated,-1.033147867643038,-2.5736141874223284,0.5073184521362544,False,False
all_sourceQC,2,84,homozygous_deletion minus heterozygous,mixed,AT1_identity,pseudobulk_mean_log2_CPM1,2,2,estimated,-0.7283215147646516,-0.9661288790045921,-0.4905141505247128,True,False
all_sourceQC,2,84,homozygous_deletion minus heterozygous,mixed,AT2_identity,pseudobulk_mean_log2_CPM1,2,2,estimated,0.42333837432273214,-0.012358669628985908,0.8590354182744484,False,False
all_sourceQC,2,84,homozygous_deletion minus heterozygous,mixed,Areg,pseudobulk_mean_log2_CPM1,2,2,estimated,-1.170023743547313,-2.3723437401055403,0.032296253010912324,False,False
all_sourceQC,2,84,homozygous_deletion minus heterozygous,mixed,Axin2,pseudobulk_mean_log2_CPM1,2,2,estimated,1.4696647247097228,-0.2050293346148564,3.144358784034302,False,False
all_sourceQC,2,84,homozygous_deletion minus heterozygous,mixed,Cd177,pseudobulk_mean_log2_CPM1,2,2,estimated,-2.2507331090064153,-6.8355659589717765,2.334099740958946,False,False
all_sourceQC,2,84,homozygous_deletion minus heterozygous,mixed,Cd38,pseudobulk_mean_log2_CPM1,2,2,estimated,-2.031276977407417,-4.421473075865774,0.35891912105094104,False,False
all_sourceQC,2,84,homozygous_deletion minus heterozygous,mixed,Dlk1,pseudobulk_mean_log2_CPM1,2,2,estimated,-3.694480566498056,-10.114572996421208,2.7256118634250943,False,False
all_sourceQC,2,84,homozygous_deletion minus heterozygous,mixed,Ereg,pseudobulk_mean_log2_CPM1,2,2,estimated,-4.070474908630972,-6.906909323148419,-1.234040494113527,True,False
all_sourceQC,2,84,homozygous_deletion minus heterozygous,mixed,Hbegf,pseudobulk_mean_log2_CPM1,2,2,estimated,-1.5630681792204157,-2.9879313826813423,-0.13820497575948743,True,False
all_sourceQC,2,84,homozygous_deletion minus heterozygous,mixed,Hmga2,pseudobulk_mean_log2_CPM1,2,2,estimated,-1.0106997477186608,-2.0213994954373216,0.0,False,False
all_sourceQC,2,84,homozygous_deletion minus heterozygous,mixed,Il1r1,pseudobulk_mean_log2_CPM1,2,2,estimated,0.2939758221714919,-0.36519017758324557,0.9531418219262289,False,False
all_sourceQC,2,84,homozygous_deletion minus heterozygous,mixed,Itga2,pseudobulk_mean_log2_CPM1,2,2,estimated,-3.8949488482178594,-6.854762850430693,-0.9351348460050264,True,False
all_sourceQC,2,84,homozygous_deletion minus heterozygous,mixed,Mki67,pseudobulk_mean_log2_CPM1,2,2,estimated,0.35744314454002035,-1.747387320299505,2.4622736093795456,False,False
all_sourceQC,2,84,homozygous_deletion minus heterozygous,mixed,Nfkbia,pseudobulk_mean_log2_CPM1,2,2,estimated,-0.2008776037920521,-0.9075808341444231,0.5058256265603198,False,False
all_sourceQC,2,84,homozygous_deletion minus heterozygous,mixed,P53_RNA_control,pseudobulk_mean_log2_CPM1,2,2,estimated,-0.2506763801259906,-0.491924353976958,-0.009428406275023171,True,False
all_sourceQC,2,84,homozygous_deletion minus heterozygous,mixed,Spp1,pseudobulk_mean_log2_CPM1,2,2,estimated,-5.021189704733399,-9.965807775280537,-0.07657163418626095,True,False
all_sourceQC,2,84,homozygous_deletion minus heterozygous,mixed,TNFA_NFKB_RNA_disjoint,pseudobulk_mean_log2_CPM1,2,2,estimated,-0.14527013335166394,-0.4576435846880704,0.16710331798474343,False,False
all_sourceQC,2,84,homozygous_deletion minus heterozygous,mixed,Tonsl,pseudobulk_mean_log2_CPM1,2,2,estimated,-0.4421580339594844,-1.3140751650261184,0.42975909710714966,False,False
all_sourceQC,2,84,homozygous_deletion minus heterozygous,mixed,Trp53,pseudobulk_mean_log2_CPM1,2,2,estimated,-0.45749204045871217,-1.0204135182526777,0.10542943733525334,False,False
all_sourceQC,2,84,homozygous_deletion minus heterozygous,mixed,cycling,pseudobulk_mean_log2_CPM1,2,2,estimated,0.32421588012882196,-1.331669000226451,1.980100760484096,False,False
all_sourceQC,2,84,homozygous_deletion minus heterozygous,mixed,hypoxia_control,pseudobulk_mean_log2_CPM1,2,2,estimated,-0.16467697849625917,-0.3068720184798899,-0.022481938512628474,True,False
all_sourceQC,2,84,homozygous_deletion minus heterozygous,mixed,lesion_gate_cycle_stress_disjoint,pseudobulk_mean_log2_CPM1,2,2,estimated,-0.31402346228304934,-0.5832196373572738,-0.044827287208824895,True,False
all_sourceQC,2,84,homozygous_deletion minus heterozygous,mixed,lesion_specific,pseudobulk_mean_log2_CPM1,2,2,estimated,-0.4301101941771135,-0.7846110399637318,-0.07560934839049516,True,False
all_sourceQC,2,84,homozygous_deletion minus heterozygous,mixed,priming_associated,pseudobulk_mean_log2_CPM1,2,2,estimated,-0.798859609600826,-1.1909545573879692,-0.40676466181368287,True,False
all_sourceQC,2,84,homozygous_deletion minus heterozygous,mixed,shared_gate_cycle_stress_disjoint,pseudobulk_mean_log2_CPM1,2,2,estimated,-0.9854188478052857,-1.9311639479004947,-0.03967374771007659,True,False
all_sourceQC,2,84,homozygous_deletion minus heterozygous,mixed,shared_remodelling,pseudobulk_mean_log2_CPM1,2,2,estimated,-0.9118062995467033,-1.8010171383190698,-0.02259546077433683,True,False
all_sourceQC,2,84,homozygous_deletion minus heterozygous,mixed,transition_RNA,pseudobulk_mean_log2_CPM1,2,2,estimated,-1.1665493797237394,-2.051028244637485,-0.2820705148099947,True,False
all_sourceQC,2,84,homozygous_deletion minus heterozygous,transition,AT1_identity,pseudobulk_mean_log2_CPM1,0,1,unavailable,,,,,
all_sourceQC,2,84,homozygous_deletion minus heterozygous,transition,AT2_identity,pseudobulk_mean_log2_CPM1,0,1,unavailable,,,,,
all_sourceQC,2,84,homozygous_deletion minus heterozygous,transition,Areg,pseudobulk_mean_log2_CPM1,0,1,unavailable,,,,,
all_sourceQC,2,84,homozygous_deletion minus heterozygous,transition,Axin2,pseudobulk_mean_log2_CPM1,0,1,unavailable,,,,,
all_sourceQC,2,84,homozygous_deletion minus heterozygous,transition,Cd177,pseudobulk_mean_log2_CPM1,0,1,unavailable,,,,,
all_sourceQC,2,84,homozygous_deletion minus heterozygous,transition,Cd38,pseudobulk_mean_log2_CPM1,0,1,unavailable,,,,,
all_sourceQC,2,84,homozygous_deletion minus heterozygous,transition,Dlk1,pseudobulk_mean_log2_CPM1,0,1,unavailable,,,,,
all_sourceQC,2,84,homozygous_deletion minus heterozygous,transition,Ereg,pseudobulk_mean_log2_CPM1,0,1,unavailable,,,,,
all_sourceQC,2,84,homozygous_deletion minus heterozygous,transition,Hbegf,pseudobulk_mean_log2_CPM1,0,1,unavailable,,,,,
all_sourceQC,2,84,homozygous_deletion minus heterozygous,transition,Hmga2,pseudobulk_mean_log2_CPM1,0,1,unavailable,,,,,
all_sourceQC,2,84,homozygous_deletion minus heterozygous,transition,Il1r1,pseudobulk_mean_log2_CPM1,0,1,unavailable,,,,,
all_sourceQC,2,84,homozygous_deletion minus heterozygous,transition,Itga2,pseudobulk_mean_log2_CPM1,0,1,unavailable,,,,,
all_sourceQC,2,84,homozygous_deletion minus heterozygous,transition,Mki67,pseudobulk_mean_log2_CPM1,0,1,unavailable,,,,,
all_sourceQC,2,84,homozygous_deletion minus heterozygous,transition,Nfkbia,pseudobulk_mean_log2_CPM1,0,1,unavailable,,,,,
all_sourceQC,2,84,homozygous_deletion minus heterozygous,transition,P53_RNA_control,pseudobulk_mean_log2_CPM1,0,1,unavailable,,,,,
all_sourceQC,2,84,homozygous_deletion minus heterozygous,transition,Spp1,pseudobulk_mean_log2_CPM1,0,1,unavailable,,,,,
all_sourceQC,2,84,homozygous_deletion minus heterozygous,transition,TNFA_NFKB_RNA_disjoint,pseudobulk_mean_log2_CPM1,0,1,unavailable,,,,,
all_sourceQC,2,84,homozygous_deletion minus heterozygous,transition,Tonsl,pseudobulk_mean_log2_CPM1,0,1,unavailable,,,,,
all_sourceQC,2,84,homozygous_deletion minus heterozygous,transition,Trp53,pseudobulk_mean_log2_CPM1,0,1,unavailable,,,,,
all_sourceQC,2,84,homozygous_deletion minus heterozygous,transition,cycling,pseudobulk_mean_log2_CPM1,0,1,unavailable,,,,,
all_sourceQC,2,84,homozygous_deletion minus heterozygous,transition,hypoxia_control,pseudobulk_mean_log2_CPM1,0,1,unavailable,,,,,
all_sourceQC,2,84,homozygous_deletion minus heterozygous,transition,lesion_gate_cycle_stress_disjoint,pseudobulk_mean_log2_CPM1,0,1,unavailable,,,,,
all_sourceQC,2,84,homozygous_deletion minus heterozygous,transition,lesion_specific,pseudobulk_mean_log2_CPM1,0,1,unavailable,,,,,
all_sourceQC,2,84,homozygous_deletion minus heterozygous,transition,priming_associated,pseudobulk_mean_log2_CPM1,0,1,unavailable,,,,,
all_sourceQC,2,84,homozygous_deletion minus heterozygous,transition,shared_gate_cycle_stress_disjoint,pseudobulk_mean_log2_CPM1,0,1,unavailable,,,,,
all_sourceQC,2,84,homozygous_deletion minus heterozygous,transition,shared_remodelling,pseudobulk_mean_log2_CPM1,0,1,unavailable,,,,,
all_sourceQC,2,84,homozygous_deletion minus heterozygous,transition,transition_RNA,pseudobulk_mean_log2_CPM1,0,1,unavailable,,,,,
all_sourceQC,2,84,homozygous_deletion minus heterozygous,unresolved,AT1_identity,pseudobulk_mean_log2_CPM1,2,2,estimated,1.1212805428341586,0.42258643960714615,1.8199746460611723,True,False
all_sourceQC,2,84,homozygous_deletion minus heterozygous,unresolved,AT2_identity,pseudobulk_mean_log2_CPM1,2,2,estimated,0.741770917273544,-0.8923627739633861,2.3759046085104742,False,False
all_sourceQC,2,84,homozygous_deletion minus heterozygous,unresolved,Areg,pseudobulk_mean_log2_CPM1,2,2,estimated,-3.1013203337937583,-7.144299787794276,0.9416591202067606,False,False
all_sourceQC,2,84,homozygous_deletion minus heterozygous,unresolved,Axin2,pseudobulk_mean_log2_CPM1,2,2,estimated,-0.20375683627778374,-3.800676379697217,3.39316270714165,False,False
all_sourceQC,2,84,homozygous_deletion minus heterozygous,unresolved,Cd177,pseudobulk_mean_log2_CPM1,2,2,estimated,0.970990494737558,-0.15262840450170234,2.0946093939768184,False,False
all_sourceQC,2,84,homozygous_deletion minus heterozygous,unresolved,Cd38,pseudobulk_mean_log2_CPM1,2,2,estimated,0.13922785261951987,-0.18839190112257098,0.46684760636161116,False,False
all_sourceQC,2,84,homozygous_deletion minus heterozygous,unresolved,Dlk1,pseudobulk_mean_log2_CPM1,2,2,estimated,-1.4891106135678052,-3.9404241582540434,0.9622029311184332,False,False
all_sourceQC,2,84,homozygous_deletion minus heterozygous,unresolved,Ereg,pseudobulk_mean_log2_CPM1,2,2,estimated,-1.617618353331467,-4.766497971621022,1.5312612649580881,False,False
all_sourceQC,2,84,homozygous_deletion minus heterozygous,unresolved,Hbegf,pseudobulk_mean_log2_CPM1,2,2,estimated,-3.4324986255265713,-7.160800377716767,0.2958031266636243,False,False
all_sourceQC,2,84,homozygous_deletion minus heterozygous,unresolved,Hmga2,pseudobulk_mean_log2_CPM1,2,2,estimated,-1.851347829660813,-4.889644845237704,1.1869491859160783,False,False
all_sourceQC,2,84,homozygous_deletion minus heterozygous,unresolved,Il1r1,pseudobulk_mean_log2_CPM1,2,2,estimated,-0.3988468630429569,-2.7363986920837835,1.9387049659978692,False,False
all_sourceQC,2,84,homozygous_deletion minus heterozygous,unresolved,Itga2,pseudobulk_mean_log2_CPM1,2,2,estimated,-1.56113133988159,-3.605399462970141,0.48313678320696196,False,False
all_sourceQC,2,84,homozygous_deletion minus heterozygous,unresolved,Mki67,pseudobulk_mean_log2_CPM1,2,2,estimated,0.21325919313654218,-1.1084965005888083,1.5350148868618914,False,False
all_sourceQC,2,84,homozygous_deletion minus heterozygous,unresolved,Nfkbia,pseudobulk_mean_log2_CPM1,2,2,estimated,-0.029702414370301966,-1.3221455108841322,1.2627406821435283,False,False
all_sourceQC,2,84,homozygous_deletion minus heterozygous,unresolved,P53_RNA_control,pseudobulk_mean_log2_CPM1,2,2,estimated,-0.15712834166535927,-0.273694852452933,-0.040561830877784644,True,False
all_sourceQC,2,84,homozygous_deletion minus heterozygous,unresolved,Spp1,pseudobulk_mean_log2_CPM1,2,2,estimated,-1.0129186001832862,-3.5748558474786263,1.549018647112053,False,False
all_sourceQC,2,84,homozygous_deletion minus heterozygous,unresolved,TNFA_NFKB_RNA_disjoint,pseudobulk_mean_log2_CPM1,2,2,estimated,-0.018011686104190794,-0.6362254302125603,0.6002020580041787,False,False
all_sourceQC,2,84,homozygous_deletion minus heterozygous,unresolved,Tonsl,pseudobulk_mean_log2_CPM1,2,2,estimated,-0.31726857487943383,-0.816314948230946,0.1817777984720782,False,False
all_sourceQC,2,84,homozygous_deletion minus heterozygous,unresolved,Trp53,pseudobulk_mean_log2_CPM1,2,2,estimated,-0.31981773700820604,-1.0054302518772413,0.36579477786082926,False,False
all_sourceQC,2,84,homozygous_deletion minus heterozygous,unresolved,cycling,pseudobulk_mean_log2_CPM1,2,2,estimated,0.4521219153879086,-0.8124481981378793,1.7166920289136964,False,False
all_sourceQC,2,84,homozygous_deletion minus heterozygous,unresolved,hypoxia_control,pseudobulk_mean_log2_CPM1,2,2,estimated,0.12094675799249455,-0.41913710051290654,0.6610306164978965,False,False
all_sourceQC,2,84,homozygous_deletion minus heterozygous,unresolved,lesion_gate_cycle_stress_disjoint,pseudobulk_mean_log2_CPM1,2,2,estimated,-0.34320821926882505,-0.6216973652515718,-0.06471907328607696,True,False
all_sourceQC,2,84,homozygous_deletion minus heterozygous,unresolved,lesion_specific,pseudobulk_mean_log2_CPM1,2,2,estimated,-0.33287855331111693,-0.6024761153364784,-0.06328099128575548,True,False
all_sourceQC,2,84,homozygous_deletion minus heterozygous,unresolved,priming_associated,pseudobulk_mean_log2_CPM1,2,2,estimated,-0.6390978354906949,-1.4535187070930284,0.17532303611163869,False,False
all_sourceQC,2,84,homozygous_deletion minus heterozygous,unresolved,shared_gate_cycle_stress_disjoint,pseudobulk_mean_log2_CPM1,2,2,estimated,-1.1524409419177228,-2.4366828108775422,0.13180092704209745,False,False
all_sourceQC,2,84,homozygous_deletion minus heterozygous,unresolved,shared_remodelling,pseudobulk_mean_log2_CPM1,2,2,estimated,-0.9843730843785448,-2.109930580953309,0.14118441219622024,False,False
all_sourceQC,2,84,homozygous_deletion minus heterozygous,unresolved,transition_RNA,pseudobulk_mean_log2_CPM1,2,2,estimated,-0.9083752092625268,-2.8956999249897075,1.078949506464653,False,False
primary,2,14,homozygous_deletion minus heterozygous,AT2,AT1_identity,pseudobulk_mean_log2_CPM1,2,2,estimated,-0.4971446942365354,-0.8035930505205311,-0.1906963379525406,True,False
primary,2,14,homozygous_deletion minus heterozygous,AT2,AT2_identity,pseudobulk_mean_log2_CPM1,2,2,estimated,0.02921552229415525,-0.06065902624853159,0.11909007083684564,False,False
primary,2,14,homozygous_deletion minus heterozygous,AT2,Areg,pseudobulk_mean_log2_CPM1,2,2,estimated,0.3069910788148995,-0.7174751235940526,1.3314572812238525,False,False
primary,2,14,homozygous_deletion minus heterozygous,AT2,Axin2,pseudobulk_mean_log2_CPM1,2,2,estimated,0.5558958004839294,0.40496086401069364,0.7068307369571656,True,False
primary,2,14,homozygous_deletion minus heterozygous,AT2,Cd177,pseudobulk_mean_log2_CPM1,2,2,estimated,-3.9554823336007003,-5.4178671021671825,-2.493097565034218,True,False
primary,2,14,homozygous_deletion minus heterozygous,AT2,Cd38,pseudobulk_mean_log2_CPM1,2,2,estimated,-1.7256796531866128,-2.517825005395315,-0.9335343009779105,True,False
primary,2,14,homozygous_deletion minus heterozygous,AT2,Dlk1,pseudobulk_mean_log2_CPM1,2,2,estimated,-3.2393651979526004,-4.5728167276910066,-1.9059136682141942,True,False
primary,2,14,homozygous_deletion minus heterozygous,AT2,Ereg,pseudobulk_mean_log2_CPM1,2,2,estimated,-1.4922454780487517,-2.9938376460166025,0.009346689919099482,False,False
primary,2,14,homozygous_deletion minus heterozygous,AT2,Hbegf,pseudobulk_mean_log2_CPM1,2,2,estimated,0.0614045000890755,-0.6491450039564457,0.7719540041345967,False,False
primary,2,14,homozygous_deletion minus heterozygous,AT2,Hmga2,pseudobulk_mean_log2_CPM1,2,2,estimated,0.27701492535660277,0.0,0.5540298507132055,False,False
primary,2,14,homozygous_deletion minus heterozygous,AT2,Il1r1,pseudobulk_mean_log2_CPM1,2,2,estimated,-0.07022185821749005,-0.259007309331885,0.11856359289690488,False,False
primary,2,14,homozygous_deletion minus heterozygous,AT2,Itga2,pseudobulk_mean_log2_CPM1,2,2,estimated,-2.579141333416575,-3.1134293613917423,-2.0448533054414075,True,False
primary,2,14,homozygous_deletion minus heterozygous,AT2,Mki67,pseudobulk_mean_log2_CPM1,2,2,estimated,-0.4902033653339415,-0.5894672274026176,-0.3909395032652645,True,False
primary,2,14,homozygous_deletion minus heterozygous,AT2,Nfkbia,pseudobulk_mean_log2_CPM1,2,2,estimated,-0.04274040676164148,-0.39158594052092344,0.30610512699764136,False,False
primary,2,14,homozygous_deletion minus heterozygous,AT2,P53_RNA_control,pseudobulk_mean_log2_CPM1,2,2,estimated,0.0017110907778290496,-0.12493842761069018,0.12836060916634828,False,False
primary,2,14,homozygous_deletion minus heterozygous,AT2,Spp1,pseudobulk_mean_log2_CPM1,2,2,estimated,-3.050333216874526,-5.6871747612874675,-0.4134916724615848,True,False
primary,2,14,homozygous_deletion minus heterozygous,AT2,TNFA_NFKB_RNA_disjoint,pseudobulk_mean_log2_CPM1,2,2,estimated,-0.054257652403529644,-0.23619880988948694,0.12768350508242765,False,False
primary,2,14,homozygous_deletion minus heterozygous,AT2,Tonsl,pseudobulk_mean_log2_CPM1,2,2,estimated,0.41279600882914025,-0.3736937375265612,1.1992857551848413,False,False
primary,2,14,homozygous_deletion minus heterozygous,AT2,Trp53,pseudobulk_mean_log2_CPM1,2,2,estimated,0.08446700877737445,-0.49753051575220564,0.6664645333069537,False,False
primary,2,14,homozygous_deletion minus heterozygous,AT2,cycling,pseudobulk_mean_log2_CPM1,2,2,estimated,-0.28157841484864754,-0.40357726221362356,-0.15957956748367152,True,False
primary,2,14,homozygous_deletion minus heterozygous,AT2,hypoxia_control,pseudobulk_mean_log2_CPM1,2,2,estimated,-0.03209476850341275,-0.17626405555294333,0.11207451854611783,False,False
primary,2,14,homozygous_deletion minus heterozygous,AT2,lesion_gate_cycle_stress_disjoint,pseudobulk_mean_log2_CPM1,2,2,estimated,-0.08034313855959674,-0.2785516567194106,0.1178653796002167,False,False
primary,2,14,homozygous_deletion minus heterozygous,AT2,lesion_specific,pseudobulk_mean_log2_CPM1,2,2,estimated,-0.16414968029102983,-0.37500876304865827,0.04670940246659905,False,False
primary,2,14,homozygous_deletion minus heterozygous,AT2,priming_associated,pseudobulk_mean_log2_CPM1,2,2,estimated,-1.015723442625374,-1.4580199860459517,-0.5734268992047973,True,False
primary,2,14,homozygous_deletion minus heterozygous,AT2,shared_gate_cycle_stress_disjoint,pseudobulk_mean_log2_CPM1,2,2,estimated,-0.37804550512570945,-0.6751078746759971,-0.08098313557542092,True,False
primary,2,14,homozygous_deletion minus heterozygous,AT2,shared_remodelling,pseudobulk_mean_log2_CPM1,2,2,estimated,-0.3029448209914465,-0.6277201687702174,0.021830526787325333,False,False
primary,2,14,homozygous_deletion minus heterozygous,AT2,transition_RNA,pseudobulk_mean_log2_CPM1,2,2,estimated,-1.3309427942419925,-2.1372604731108122,-0.5246251153731727,True,False
primary,2,14,homozygous_deletion minus heterozygous,all,AT1_identity,pseudobulk_mean_log2_CPM1,2,2,estimated,-0.536772767829933,-0.9198611558379577,-0.1536843798219092,True,False
primary,2,14,homozygous_deletion minus heterozygous,all,AT2_identity,pseudobulk_mean_log2_CPM1,2,2,estimated,0.1730624529887521,-0.06007540454482374,0.4062003105223315,False,False
primary,2,14,homozygous_deletion minus heterozygous,all,Areg,pseudobulk_mean_log2_CPM1,2,2,estimated,-0.44856863631699184,-1.3476151935040566,0.4504779208700729,False,False
primary,2,14,homozygous_deletion minus heterozygous,all,Axin2,pseudobulk_mean_log2_CPM1,2,2,estimated,0.7347424213722729,0.35554973245749233,1.1139351102870534,True,False
primary,2,14,homozygous_deletion minus heterozygous,all,Cd177,pseudobulk_mean_log2_CPM1,2,2,estimated,-3.89481534952132,-4.464887699072292,-3.324742999970348,True,False
primary,2,14,homozygous_deletion minus heterozygous,all,Cd38,pseudobulk_mean_log2_CPM1,2,2,estimated,-1.3631190537226177,-1.732463263123956,-0.9937748443212793,True,False
primary,2,14,homozygous_deletion minus heterozygous,all,Dlk1,pseudobulk_mean_log2_CPM1,2,2,estimated,-2.8195774211196145,-3.305139419766705,-2.3340154224725236,True,False
primary,2,14,homozygous_deletion minus heterozygous,all,Ereg,pseudobulk_mean_log2_CPM1,2,2,estimated,-1.745731648586295,-2.5278683914024316,-0.9635949057701594,True,False
primary,2,14,homozygous_deletion minus heterozygous,all,Hbegf,pseudobulk_mean_log2_CPM1,2,2,estimated,-0.17665499357578174,-0.9276568203084663,0.5743468331569019,False,False
primary,2,14,homozygous_deletion minus heterozygous,all,Hmga2,pseudobulk_mean_log2_CPM1,2,2,estimated,-2.775065072344798,-4.688631358801366,-0.8614987858882293,True,False
primary,2,14,homozygous_deletion minus heterozygous,all,Il1r1,pseudobulk_mean_log2_CPM1,2,2,estimated,-0.05228789243505627,-0.30856032935642563,0.20398454448631398,False,False
primary,2,14,homozygous_deletion minus heterozygous,all,Itga2,pseudobulk_mean_log2_CPM1,2,2,estimated,-2.4682666513474234,-3.658151119030305,-1.2783821836645428,True,False
primary,2,14,homozygous_deletion minus heterozygous,all,Mki67,pseudobulk_mean_log2_CPM1,2,2,estimated,-0.14705097097266773,-0.45462772753408753,0.16052578558875297,False,False
primary,2,14,homozygous_deletion minus heterozygous,all,Nfkbia,pseudobulk_mean_log2_CPM1,2,2,estimated,-0.03526947967230054,-0.3127144328755662,0.24217547353096602,False,False
primary,2,14,homozygous_deletion minus heterozygous,all,P53_RNA_control,pseudobulk_mean_log2_CPM1,2,2,estimated,-0.12804718717028862,-0.2415928498667732,-0.01450152447380404,True,False
primary,2,14,homozygous_deletion minus heterozygous,all,Spp1,pseudobulk_mean_log2_CPM1,2,2,estimated,-4.22908162308606,-6.172774003636155,-2.2853892425359668,True,False
primary,2,14,homozygous_deletion minus heterozygous,all,TNFA_NFKB_RNA_disjoint,pseudobulk_mean_log2_CPM1,2,2,estimated,-0.13595154716935376,-0.3119659791008802,0.040062884762174455,False,False
primary,2,14,homozygous_deletion minus heterozygous,all,Tonsl,pseudobulk_mean_log2_CPM1,2,2,estimated,0.09950793019998061,-0.5056701359007123,0.7046859963006735,False,False
primary,2,14,homozygous_deletion minus heterozygous,all,Trp53,pseudobulk_mean_log2_CPM1,2,2,estimated,0.01651193437272802,-0.36562920864067294,0.398653077386129,False,False
primary,2,14,homozygous_deletion minus heterozygous,all,cycling,pseudobulk_mean_log2_CPM1,2,2,estimated,0.005917335118827083,-0.17506494853950283,0.18689961877715522,False,False
primary,2,14,homozygous_deletion minus heterozygous,all,hypoxia_control,pseudobulk_mean_log2_CPM1,2,2,estimated,-0.03392857180702258,-0.14286360465213077,0.07500646103808561,False,False
primary,2,14,homozygous_deletion minus heterozygous,all,lesion_gate_cycle_stress_disjoint,pseudobulk_mean_log2_CPM1,2,2,estimated,-0.3462702798784414,-0.6272545867324788,-0.06528597302440442,True,False
primary,2,14,homozygous_deletion minus heterozygous,all,lesion_specific,pseudobulk_mean_log2_CPM1,2,2,estimated,-0.4324378438637053,-0.7581883679098111,-0.1066873198175986,True,False
primary,2,14,homozygous_deletion minus heterozygous,all,priming_associated,pseudobulk_mean_log2_CPM1,2,2,estimated,-1.0420871134898828,-1.2712492787074066,-0.8129249482723608,True,False
primary,2,14,homozygous_deletion minus heterozygous,all,shared_gate_cycle_stress_disjoint,pseudobulk_mean_log2_CPM1,2,2,estimated,-0.7145826301454488,-1.2449942983863762,-0.1841709619045222,True,False
primary,2,14,homozygous_deletion minus heterozygous,all,shared_remodelling,pseudobulk_mean_log2_CPM1,2,2,estimated,-0.6225132072253086,-1.120305891689,-0.12472052276161705,True,False
primary,2,14,homozygous_deletion minus heterozygous,all,transition_RNA,pseudobulk_mean_log2_CPM1,2,2,estimated,-1.4647643509816568,-1.9966314362591309,-0.9328972657041827,True,False
primary,2,14,homozygous_deletion minus heterozygous,mixed,AT1_identity,pseudobulk_mean_log2_CPM1,2,2,estimated,-0.3179485714578041,-0.5697801555927997,-0.06611698732280935,True,False
primary,2,14,homozygous_deletion minus heterozygous,mixed,AT2_identity,pseudobulk_mean_log2_CPM1,2,2,estimated,0.10820440752813809,-0.04314830520657331,0.25955712026285305,False,False
primary,2,14,homozygous_deletion minus heterozygous,mixed,Areg,pseudobulk_mean_log2_CPM1,2,2,estimated,0.04442483935048713,-0.7747629572826629,0.8636126359836371,False,False
primary,2,14,homozygous_deletion minus heterozygous,mixed,Axin2,pseudobulk_mean_log2_CPM1,2,2,estimated,0.6168567247125814,-0.2369223138707235,1.4706357632958862,False,False
primary,2,14,homozygous_deletion minus heterozygous,mixed,Cd177,pseudobulk_mean_log2_CPM1,2,2,estimated,-4.280059493531668,-4.763805759980071,-3.796313227083264,True,False
primary,2,14,homozygous_deletion minus heterozygous,mixed,Cd38,pseudobulk_mean_log2_CPM1,2,2,estimated,-1.4163828524087476,-2.223069289157751,-0.6096964156597444,True,False
primary,2,14,homozygous_deletion minus heterozygous,mixed,Dlk1,pseudobulk_mean_log2_CPM1,2,2,estimated,-3.054921257527256,-4.972277146365841,-1.137565368688672,True,False
primary,2,14,homozygous_deletion minus heterozygous,mixed,Ereg,pseudobulk_mean_log2_CPM1,2,2,estimated,-2.1406612220579095,-3.4257601970369644,-0.8555622470788551,True,False
primary,2,14,homozygous_deletion minus heterozygous,mixed,Hbegf,pseudobulk_mean_log2_CPM1,2,2,estimated,-0.1505762301973501,-1.049685196342577,0.7485327359478768,False,False
primary,2,14,homozygous_deletion minus heterozygous,mixed,Hmga2,pseudobulk_mean_log2_CPM1,2,2,estimated,-1.1415475598182487,-1.9585735626784155,-0.3245215569580815,True,False
primary,2,14,homozygous_deletion minus heterozygous,mixed,Il1r1,pseudobulk_mean_log2_CPM1,2,2,estimated,-0.093745052250501,-0.39962193026423076,0.21213182576322964,False,False
primary,2,14,homozygous_deletion minus heterozygous,mixed,Itga2,pseudobulk_mean_log2_CPM1,2,2,estimated,-2.516115232029901,-3.9346959712252976,-1.097534492834506,True,False
primary,2,14,homozygous_deletion minus heterozygous,mixed,Mki67,pseudobulk_mean_log2_CPM1,2,2,estimated,0.016260536824892036,-0.4390839173461236,0.4716049909959068,False,False
primary,2,14,homozygous_deletion minus heterozygous,mixed,Nfkbia,pseudobulk_mean_log2_CPM1,2,2,estimated,-0.015350166658224751,-0.42195208769072856,0.39125175437427995,False,False
primary,2,14,homozygous_deletion minus heterozygous,mixed,P53_RNA_control,pseudobulk_mean_log2_CPM1,2,2,estimated,0.0029500246219162918,-0.08211975472053545,0.08801980396436804,False,False
primary,2,14,homozygous_deletion minus heterozygous,mixed,Spp1,pseudobulk_mean_log2_CPM1,2,2,estimated,-2.4455233697806102,-3.558091270034101,-1.33295546952712,True,False
primary,2,14,homozygous_deletion minus heterozygous,mixed,TNFA_NFKB_RNA_disjoint,pseudobulk_mean_log2_CPM1,2,2,estimated,-0.03951226318392198,-0.24561592300900825,0.16659139664116385,False,False
primary,2,14,homozygous_deletion minus heterozygous,mixed,Tonsl,pseudobulk_mean_log2_CPM1,2,2,estimated,-0.47145206040659415,-0.9867144366743958,0.04381031586120798,False,False
primary,2,14,homozygous_deletion minus heterozygous,mixed,Trp53,pseudobulk_mean_log2_CPM1,2,2,estimated,0.3382775862057734,0.1143891361845144,0.5621660362270315,True,False
primary,2,14,homozygous_deletion minus heterozygous,mixed,cycling,pseudobulk_mean_log2_CPM1,2,2,estimated,0.1777595525787472,0.03176227525261943,0.3237568299048741,True,False
primary,2,14,homozygous_deletion minus heterozygous,mixed,hypoxia_control,pseudobulk_mean_log2_CPM1,2,2,estimated,0.008589935220397749,-0.1264041467256285,0.143584017166424,False,False
primary,2,14,homozygous_deletion minus heterozygous,mixed,lesion_gate_cycle_stress_disjoint,pseudobulk_mean_log2_CPM1,2,2,estimated,0.005080633320157624,-0.14715558694405928,0.15731685358437453,False,False
primary,2,14,homozygous_deletion minus heterozygous,mixed,lesion_specific,pseudobulk_mean_log2_CPM1,2,2,estimated,-0.056045695289760555,-0.2337139273867206,0.12162253680719992,False,False
primary,2,14,homozygous_deletion minus heterozygous,mixed,priming_associated,pseudobulk_mean_log2_CPM1,2,2,estimated,-1.364576899590947,-1.5784420001376471,-1.150711799044247,True,False
primary,2,14,homozygous_deletion minus heterozygous,mixed,shared_gate_cycle_stress_disjoint,pseudobulk_mean_log2_CPM1,2,2,estimated,-0.5062515609677867,-0.8785745896387844,-0.13392853229678892,True,False
primary,2,14,homozygous_deletion minus heterozygous,mixed,shared_remodelling,pseudobulk_mean_log2_CPM1,2,2,estimated,-0.4188930689022765,-0.7493844917138093,-0.08840164609074463,True,False
primary,2,14,homozygous_deletion minus heterozygous,mixed,transition_RNA,pseudobulk_mean_log2_CPM1,2,2,estimated,-1.2927660602085842,-1.8919167727885844,-0.6936153476285831,True,False
primary,2,14,homozygous_deletion minus heterozygous,transition,AT1_identity,pseudobulk_mean_log2_CPM1,0,1,unavailable,,,,,
primary,2,14,homozygous_deletion minus heterozygous,transition,AT2_identity,pseudobulk_mean_log2_CPM1,0,1,unavailable,,,,,
primary,2,14,homozygous_deletion minus heterozygous,transition,Areg,pseudobulk_mean_log2_CPM1,0,1,unavailable,,,,,
primary,2,14,homozygous_deletion minus heterozygous,transition,Axin2,pseudobulk_mean_log2_CPM1,0,1,unavailable,,,,,
primary,2,14,homozygous_deletion minus heterozygous,transition,Cd177,pseudobulk_mean_log2_CPM1,0,1,unavailable,,,,,
primary,2,14,homozygous_deletion minus heterozygous,transition,Cd38,pseudobulk_mean_log2_CPM1,0,1,unavailable,,,,,
primary,2,14,homozygous_deletion minus heterozygous,transition,Dlk1,pseudobulk_mean_log2_CPM1,0,1,unavailable,,,,,
primary,2,14,homozygous_deletion minus heterozygous,transition,Ereg,pseudobulk_mean_log2_CPM1,0,1,unavailable,,,,,
primary,2,14,homozygous_deletion minus heterozygous,transition,Hbegf,pseudobulk_mean_log2_CPM1,0,1,unavailable,,,,,
primary,2,14,homozygous_deletion minus heterozygous,transition,Hmga2,pseudobulk_mean_log2_CPM1,0,1,unavailable,,,,,
primary,2,14,homozygous_deletion minus heterozygous,transition,Il1r1,pseudobulk_mean_log2_CPM1,0,1,unavailable,,,,,
primary,2,14,homozygous_deletion minus heterozygous,transition,Itga2,pseudobulk_mean_log2_CPM1,0,1,unavailable,,,,,
primary,2,14,homozygous_deletion minus heterozygous,transition,Mki67,pseudobulk_mean_log2_CPM1,0,1,unavailable,,,,,
primary,2,14,homozygous_deletion minus heterozygous,transition,Nfkbia,pseudobulk_mean_log2_CPM1,0,1,unavailable,,,,,
primary,2,14,homozygous_deletion minus heterozygous,transition,P53_RNA_control,pseudobulk_mean_log2_CPM1,0,1,unavailable,,,,,
primary,2,14,homozygous_deletion minus heterozygous,transition,Spp1,pseudobulk_mean_log2_CPM1,0,1,unavailable,,,,,
primary,2,14,homozygous_deletion minus heterozygous,transition,TNFA_NFKB_RNA_disjoint,pseudobulk_mean_log2_CPM1,0,1,unavailable,,,,,
primary,2,14,homozygous_deletion minus heterozygous,transition,Tonsl,pseudobulk_mean_log2_CPM1,0,1,unavailable,,,,,
primary,2,14,homozygous_deletion minus heterozygous,transition,Trp53,pseudobulk_mean_log2_CPM1,0,1,unavailable,,,,,
primary,2,14,homozygous_deletion minus heterozygous,transition,cycling,pseudobulk_mean_log2_CPM1,0,1,unavailable,,,,,
primary,2,14,homozygous_deletion minus heterozygous,transition,hypoxia_control,pseudobulk_mean_log2_CPM1,0,1,unavailable,,,,,
primary,2,14,homozygous_deletion minus heterozygous,transition,lesion_gate_cycle_stress_disjoint,pseudobulk_mean_log2_CPM1,0,1,unavailable,,,,,
primary,2,14,homozygous_deletion minus heterozygous,transition,lesion_specific,pseudobulk_mean_log2_CPM1,0,1,unavailable,,,,,
primary,2,14,homozygous_deletion minus heterozygous,transition,priming_associated,pseudobulk_mean_log2_CPM1,0,1,unavailable,,,,,
primary,2,14,homozygous_deletion minus heterozygous,transition,shared_gate_cycle_stress_disjoint,pseudobulk_mean_log2_CPM1,0,1,unavailable,,,,,
primary,2,14,homozygous_deletion minus heterozygous,transition,shared_remodelling,pseudobulk_mean_log2_CPM1,0,1,unavailable,,,,,
primary,2,14,homozygous_deletion minus heterozygous,transition,transition_RNA,pseudobulk_mean_log2_CPM1,0,1,unavailable,,,,,
primary,2,14,homozygous_deletion minus heterozygous,unresolved,AT1_identity,pseudobulk_mean_log2_CPM1,0,1,unavailable,,,,,
primary,2,14,homozygous_deletion minus heterozygous,unresolved,AT2_identity,pseudobulk_mean_log2_CPM1,0,1,unavailable,,,,,
primary,2,14,homozygous_deletion minus heterozygous,unresolved,Areg,pseudobulk_mean_log2_CPM1,0,1,unavailable,,,,,
primary,2,14,homozygous_deletion minus heterozygous,unresolved,Axin2,pseudobulk_mean_log2_CPM1,0,1,unavailable,,,,,
primary,2,14,homozygous_deletion minus heterozygous,unresolved,Cd177,pseudobulk_mean_log2_CPM1,0,1,unavailable,,,,,
primary,2,14,homozygous_deletion minus heterozygous,unresolved,Cd38,pseudobulk_mean_log2_CPM1,0,1,unavailable,,,,,
primary,2,14,homozygous_deletion minus heterozygous,unresolved,Dlk1,pseudobulk_mean_log2_CPM1,0,1,unavailable,,,,,
primary,2,14,homozygous_deletion minus heterozygous,unresolved,Ereg,pseudobulk_mean_log2_CPM1,0,1,unavailable,,,,,
primary,2,14,homozygous_deletion minus heterozygous,unresolved,Hbegf,pseudobulk_mean_log2_CPM1,0,1,unavailable,,,,,
primary,2,14,homozygous_deletion minus heterozygous,unresolved,Hmga2,pseudobulk_mean_log2_CPM1,0,1,unavailable,,,,,
primary,2,14,homozygous_deletion minus heterozygous,unresolved,Il1r1,pseudobulk_mean_log2_CPM1,0,1,unavailable,,,,,
primary,2,14,homozygous_deletion minus heterozygous,unresolved,Itga2,pseudobulk_mean_log2_CPM1,0,1,unavailable,,,,,
primary,2,14,homozygous_deletion minus heterozygous,unresolved,Mki67,pseudobulk_mean_log2_CPM1,0,1,unavailable,,,,,
primary,2,14,homozygous_deletion minus heterozygous,unresolved,Nfkbia,pseudobulk_mean_log2_CPM1,0,1,unavailable,,,,,
primary,2,14,homozygous_deletion minus heterozygous,unresolved,P53_RNA_control,pseudobulk_mean_log2_CPM1,0,1,unavailable,,,,,
primary,2,14,homozygous_deletion minus heterozygous,unresolved,Spp1,pseudobulk_mean_log2_CPM1,0,1,unavailable,,,,,
primary,2,14,homozygous_deletion minus heterozygous,unresolved,TNFA_NFKB_RNA_disjoint,pseudobulk_mean_log2_CPM1,0,1,unavailable,,,,,
primary,2,14,homozygous_deletion minus heterozygous,unresolved,Tonsl,pseudobulk_mean_log2_CPM1,0,1,unavailable,,,,,
primary,2,14,homozygous_deletion minus heterozygous,unresolved,Trp53,pseudobulk_mean_log2_CPM1,0,1,unavailable,,,,,
primary,2,14,homozygous_deletion minus heterozygous,unresolved,cycling,pseudobulk_mean_log2_CPM1,0,1,unavailable,,,,,
primary,2,14,homozygous_deletion minus heterozygous,unresolved,hypoxia_control,pseudobulk_mean_log2_CPM1,0,1,unavailable,,,,,
primary,2,14,homozygous_deletion minus heterozygous,unresolved,lesion_gate_cycle_stress_disjoint,pseudobulk_mean_log2_CPM1,0,1,unavailable,,,,,
primary,2,14,homozygous_deletion minus heterozygous,unresolved,lesion_specific,pseudobulk_mean_log2_CPM1,0,1,unavailable,,,,,
primary,2,14,homozygous_deletion minus heterozygous,unresolved,priming_associated,pseudobulk_mean_log2_CPM1,0,1,unavailable,,,,,
primary,2,14,homozygous_deletion minus heterozygous,unresolved,shared_gate_cycle_stress_disjoint,pseudobulk_mean_log2_CPM1,0,1,unavailable,,,,,
primary,2,14,homozygous_deletion minus heterozygous,unresolved,shared_remodelling,pseudobulk_mean_log2_CPM1,0,1,unavailable,,,,,
primary,2,14,homozygous_deletion minus heterozygous,unresolved,transition_RNA,pseudobulk_mean_log2_CPM1,0,1,unavailable,,,,,
primary,2,84,homozygous_deletion minus heterozygous,AT1,AT1_identity,pseudobulk_mean_log2_CPM1,0,2,unavailable,,,,,
primary,2,84,homozygous_deletion minus heterozygous,AT1,AT2_identity,pseudobulk_mean_log2_CPM1,0,2,unavailable,,,,,
primary,2,84,homozygous_deletion minus heterozygous,AT1,Areg,pseudobulk_mean_log2_CPM1,0,2,unavailable,,,,,
primary,2,84,homozygous_deletion minus heterozygous,AT1,Axin2,pseudobulk_mean_log2_CPM1,0,2,unavailable,,,,,
primary,2,84,homozygous_deletion minus heterozygous,AT1,Cd177,pseudobulk_mean_log2_CPM1,0,2,unavailable,,,,,
primary,2,84,homozygous_deletion minus heterozygous,AT1,Cd38,pseudobulk_mean_log2_CPM1,0,2,unavailable,,,,,
primary,2,84,homozygous_deletion minus heterozygous,AT1,Dlk1,pseudobulk_mean_log2_CPM1,0,2,unavailable,,,,,
primary,2,84,homozygous_deletion minus heterozygous,AT1,Ereg,pseudobulk_mean_log2_CPM1,0,2,unavailable,,,,,
primary,2,84,homozygous_deletion minus heterozygous,AT1,Hbegf,pseudobulk_mean_log2_CPM1,0,2,unavailable,,,,,
primary,2,84,homozygous_deletion minus heterozygous,AT1,Hmga2,pseudobulk_mean_log2_CPM1,0,2,unavailable,,,,,
primary,2,84,homozygous_deletion minus heterozygous,AT1,Il1r1,pseudobulk_mean_log2_CPM1,0,2,unavailable,,,,,
primary,2,84,homozygous_deletion minus heterozygous,AT1,Itga2,pseudobulk_mean_log2_CPM1,0,2,unavailable,,,,,
primary,2,84,homozygous_deletion minus heterozygous,AT1,Mki67,pseudobulk_mean_log2_CPM1,0,2,unavailable,,,,,
primary,2,84,homozygous_deletion minus heterozygous,AT1,Nfkbia,pseudobulk_mean_log2_CPM1,0,2,unavailable,,,,,
primary,2,84,homozygous_deletion minus heterozygous,AT1,P53_RNA_control,pseudobulk_mean_log2_CPM1,0,2,unavailable,,,,,
primary,2,84,homozygous_deletion minus heterozygous,AT1,Spp1,pseudobulk_mean_log2_CPM1,0,2,unavailable,,,,,
primary,2,84,homozygous_deletion minus heterozygous,AT1,TNFA_NFKB_RNA_disjoint,pseudobulk_mean_log2_CPM1,0,2,unavailable,,,,,
primary,2,84,homozygous_deletion minus heterozygous,AT1,Tonsl,pseudobulk_mean_log2_CPM1,0,2,unavailable,,,,,
primary,2,84,homozygous_deletion minus heterozygous,AT1,Trp53,pseudobulk_mean_log2_CPM1,0,2,unavailable,,,,,
primary,2,84,homozygous_deletion minus heterozygous,AT1,cycling,pseudobulk_mean_log2_CPM1,0,2,unavailable,,,,,
primary,2,84,homozygous_deletion minus heterozygous,AT1,hypoxia_control,pseudobulk_mean_log2_CPM1,0,2,unavailable,,,,,
primary,2,84,homozygous_deletion minus heterozygous,AT1,lesion_gate_cycle_stress_disjoint,pseudobulk_mean_log2_CPM1,0,2,unavailable,,,,,
primary,2,84,homozygous_deletion minus heterozygous,AT1,lesion_specific,pseudobulk_mean_log2_CPM1,0,2,unavailable,,,,,
primary,2,84,homozygous_deletion minus heterozygous,AT1,priming_associated,pseudobulk_mean_log2_CPM1,0,2,unavailable,,,,,
primary,2,84,homozygous_deletion minus heterozygous,AT1,shared_gate_cycle_stress_disjoint,pseudobulk_mean_log2_CPM1,0,2,unavailable,,,,,
primary,2,84,homozygous_deletion minus heterozygous,AT1,shared_remodelling,pseudobulk_mean_log2_CPM1,0,2,unavailable,,,,,
primary,2,84,homozygous_deletion minus heterozygous,AT1,transition_RNA,pseudobulk_mean_log2_CPM1,0,2,unavailable,,,,,
primary,2,84,homozygous_deletion minus heterozygous,AT2,AT1_identity,pseudobulk_mean_log2_CPM1,2,2,estimated,-0.6017832054490704,-0.6487738783614714,-0.5547925325366698,True,False
primary,2,84,homozygous_deletion minus heterozygous,AT2,AT2_identity,pseudobulk_mean_log2_CPM1,2,2,estimated,0.2689789337198558,-0.003490344694847991,0.5414482121345614,False,False
primary,2,84,homozygous_deletion minus heterozygous,AT2,Areg,pseudobulk_mean_log2_CPM1,2,2,estimated,-0.6041396972660493,-1.0548004133636208,-0.15347898116847603,True,False
primary,2,84,homozygous_deletion minus heterozygous,AT2,Axin2,pseudobulk_mean_log2_CPM1,2,2,estimated,1.0720981282023225,-0.32154495731131805,2.4657412137159627,False,False
primary,2,84,homozygous_deletion minus heterozygous,AT2,Cd177,pseudobulk_mean_log2_CPM1,2,2,estimated,-3.9371120052850355,-6.7437040505527035,-1.1305199600173672,True,False
primary,2,84,homozygous_deletion minus heterozygous,AT2,Cd38,pseudobulk_mean_log2_CPM1,2,2,estimated,-2.485354420341949,-4.1146001316147345,-0.8561087090691628,True,False
primary,2,84,homozygous_deletion minus heterozygous,AT2,Dlk1,pseudobulk_mean_log2_CPM1,2,2,estimated,-5.83390445459522,-10.054203279506977,-1.6136056296834616,True,False
primary,2,84,homozygous_deletion minus heterozygous,AT2,Ereg,pseudobulk_mean_log2_CPM1,2,2,estimated,-3.189743275796817,-5.664608418487065,-0.7148781331065681,True,False
primary,2,84,homozygous_deletion minus heterozygous,AT2,Hbegf,pseudobulk_mean_log2_CPM1,2,2,estimated,-1.2582052247104816,-2.23564015468149,-0.2807702947394741,True,False
primary,2,84,homozygous_deletion minus heterozygous,AT2,Hmga2,pseudobulk_mean_log2_CPM1,2,2,estimated,-2.1967086952512127,-4.3670789304258575,-0.026338460076567705,True,False
primary,2,84,homozygous_deletion minus heterozygous,AT2,Il1r1,pseudobulk_mean_log2_CPM1,2,2,estimated,-0.04552471704918659,-0.5479106662544737,0.4568612321561001,False,False
primary,2,84,homozygous_deletion minus heterozygous,AT2,Itga2,pseudobulk_mean_log2_CPM1,2,2,estimated,-3.7260092298647343,-5.906067973671388,-1.5459504860580808,True,False
primary,2,84,homozygous_deletion minus heterozygous,AT2,Mki67,pseudobulk_mean_log2_CPM1,2,2,estimated,-1.1093463065579527,-1.6646638425179252,-0.5540287705979805,True,False
primary,2,84,homozygous_deletion minus heterozygous,AT2,Nfkbia,pseudobulk_mean_log2_CPM1,2,2,estimated,-0.04637613099064364,-0.947673647168056,0.8549213851867687,False,False
primary,2,84,homozygous_deletion minus heterozygous,AT2,P53_RNA_control,pseudobulk_mean_log2_CPM1,2,2,estimated,-0.12337636419505937,-0.26679884834204426,0.0200461199519264,False,False
primary,2,84,homozygous_deletion minus heterozygous,AT2,Spp1,pseudobulk_mean_log2_CPM1,2,2,estimated,-7.129754734739029,-10.162923605331558,-4.0965858641464985,True,False
primary,2,84,homozygous_deletion minus heterozygous,AT2,TNFA_NFKB_RNA_disjoint,pseudobulk_mean_log2_CPM1,2,2,estimated,-0.18634639040587597,-0.5488484972484593,0.1761557164367078,False,False
primary,2,84,homozygous_deletion minus heterozygous,AT2,Tonsl,pseudobulk_mean_log2_CPM1,2,2,estimated,0.09433533726781196,0.07451364266896054,0.11415703186666337,True,False
primary,2,84,homozygous_deletion minus heterozygous,AT2,Trp53,pseudobulk_mean_log2_CPM1,2,2,estimated,-0.1291950303648992,-0.616023551621848,0.35763349089204954,False,False
primary,2,84,homozygous_deletion minus heterozygous,AT2,cycling,pseudobulk_mean_log2_CPM1,2,2,estimated,-1.0936504685807282,-1.5765684028587863,-0.6107325343026715,True,False
primary,2,84,homozygous_deletion minus heterozygous,AT2,hypoxia_control,pseudobulk_mean_log2_CPM1,2,2,estimated,-0.15681506245226773,-0.3469387520249674,0.03330862712043148,False,False
primary,2,84,homozygous_deletion minus heterozygous,AT2,lesion_gate_cycle_stress_disjoint,pseudobulk_mean_log2_CPM1,2,2,estimated,-0.20803913100382676,-0.3827280265242665,-0.033350235483387,True,False
primary,2,84,homozygous_deletion minus heterozygous,AT2,lesion_specific,pseudobulk_mean_log2_CPM1,2,2,estimated,-0.33027714256497287,-0.5139154895330793,-0.14663879559686643,True,False
primary,2,84,homozygous_deletion minus heterozygous,AT2,priming_associated,pseudobulk_mean_log2_CPM1,2,2,estimated,-1.0625645093198006,-2.1144839692446107,-0.010645049394993222,True,False
primary,2,84,homozygous_deletion minus heterozygous,AT2,shared_gate_cycle_stress_disjoint,pseudobulk_mean_log2_CPM1,2,2,estimated,-0.5968242317245256,-0.9399524067955429,-0.25369605665350825,True,False
primary,2,84,homozygous_deletion minus heterozygous,AT2,shared_remodelling,pseudobulk_mean_log2_CPM1,2,2,estimated,-0.5403637544656537,-0.8368322302756015,-0.24389527865570582,True,False
primary,2,84,homozygous_deletion minus heterozygous,AT2,transition_RNA,pseudobulk_mean_log2_CPM1,2,2,estimated,0.040188764259428744,-0.8719925090203864,0.952370037539243,False,False
primary,2,84,homozygous_deletion minus heterozygous,all,AT1_identity,pseudobulk_mean_log2_CPM1,2,2,estimated,-0.2143849389815582,-1.0483660674595079,0.6195961894963915,False,False
primary,2,84,homozygous_deletion minus heterozygous,all,AT2_identity,pseudobulk_mean_log2_CPM1,2,2,estimated,1.0402742954508284,0.07719961676651721,2.003348974135136,True,False
primary,2,84,homozygous_deletion minus heterozygous,all,Areg,pseudobulk_mean_log2_CPM1,2,2,estimated,-1.5603503766804003,-3.127000278870524,0.006299525509723125,False,False
primary,2,84,homozygous_deletion minus heterozygous,all,Axin2,pseudobulk_mean_log2_CPM1,2,2,estimated,1.4117354085630236,-0.3721170315158506,3.195587848641897,False,False
primary,2,84,homozygous_deletion minus heterozygous,all,Cd177,pseudobulk_mean_log2_CPM1,2,2,estimated,-2.3754310566976535,-4.554633812451364,-0.19622830094394272,True,False
primary,2,84,homozygous_deletion minus heterozygous,all,Cd38,pseudobulk_mean_log2_CPM1,2,2,estimated,-1.5480327033395263,-2.402943979076098,-0.6931214276029545,True,False
primary,2,84,homozygous_deletion minus heterozygous,all,Dlk1,pseudobulk_mean_log2_CPM1,2,2,estimated,-4.50499446160112,-8.473941747782181,-0.5360471754200589,True,False
primary,2,84,homozygous_deletion minus heterozygous,all,Ereg,pseudobulk_mean_log2_CPM1,2,2,estimated,-3.3425518449838596,-6.058742855172616,-0.626360834795104,True,False
primary,2,84,homozygous_deletion minus heterozygous,all,Hbegf,pseudobulk_mean_log2_CPM1,2,2,estimated,-1.6647631052512235,-3.15742149581632,-0.1721047146861272,True,False
primary,2,84,homozygous_deletion minus heterozygous,all,Hmga2,pseudobulk_mean_log2_CPM1,2,2,estimated,-3.444531276958363,-6.930157490080891,0.041094936164165485,False,False
primary,2,84,homozygous_deletion minus heterozygous,all,Il1r1,pseudobulk_mean_log2_CPM1,2,2,estimated,-0.04063270724721679,-0.5778534591998303,0.4965880447053972,False,False
primary,2,84,homozygous_deletion minus heterozygous,all,Itga2,pseudobulk_mean_log2_CPM1,2,2,estimated,-3.1307623984434505,-6.315913073426032,0.05438827653913014,False,False
primary,2,84,homozygous_deletion minus heterozygous,all,Mki67,pseudobulk_mean_log2_CPM1,2,2,estimated,-0.2541691318004373,-0.8926876305238869,0.38434936692301225,False,False
primary,2,84,homozygous_deletion minus heterozygous,all,Nfkbia,pseudobulk_mean_log2_CPM1,2,2,estimated,-0.4616197147634349,-1.1468609674875418,0.2236215379606703,False,False
primary,2,84,homozygous_deletion minus heterozygous,all,P53_RNA_control,pseudobulk_mean_log2_CPM1,2,2,estimated,-0.3223620383171406,-0.5939829759315334,-0.05074110070274873,True,False
primary,2,84,homozygous_deletion minus heterozygous,all,Spp1,pseudobulk_mean_log2_CPM1,2,2,estimated,-4.410454219316289,-7.456923999611897,-1.3639844390206814,True,False
primary,2,84,homozygous_deletion minus heterozygous,all,TNFA_NFKB_RNA_disjoint,pseudobulk_mean_log2_CPM1,2,2,estimated,-0.38143586844920385,-0.6923002718530471,-0.0705714650453606,True,False
primary,2,84,homozygous_deletion minus heterozygous,all,Tonsl,pseudobulk_mean_log2_CPM1,2,2,estimated,0.20884079624659346,-0.21106380979432227,0.6287454022875096,False,False
primary,2,84,homozygous_deletion minus heterozygous,all,Trp53,pseudobulk_mean_log2_CPM1,2,2,estimated,-0.4933597215010028,-0.9721438738203947,-0.014575569181610959,True,False
primary,2,84,homozygous_deletion minus heterozygous,all,cycling,pseudobulk_mean_log2_CPM1,2,2,estimated,-0.33899641888196363,-0.7760216473016186,0.09802880953769133,False,False
primary,2,84,homozygous_deletion minus heterozygous,all,hypoxia_control,pseudobulk_mean_log2_CPM1,2,2,estimated,-0.2373314864859184,-0.4841847355834492,0.009521762611611528,False,False
primary,2,84,homozygous_deletion minus heterozygous,all,lesion_gate_cycle_stress_disjoint,pseudobulk_mean_log2_CPM1,2,2,estimated,-0.6769090816653547,-1.2820044707591522,-0.07181369257155756,True,False
primary,2,84,homozygous_deletion minus heterozygous,all,lesion_specific,pseudobulk_mean_log2_CPM1,2,2,estimated,-0.7802267368826858,-1.4626406821553815,-0.09781279160998935,True,False
primary,2,84,homozygous_deletion minus heterozygous,all,priming_associated,pseudobulk_mean_log2_CPM1,2,2,estimated,-0.16577167899222012,-0.38851919571591154,0.0569758377314713,False,False
primary,2,84,homozygous_deletion minus heterozygous,all,shared_gate_cycle_stress_disjoint,pseudobulk_mean_log2_CPM1,2,2,estimated,-1.1104822968559072,-2.167435301389731,-0.05352929232208403,True,False
primary,2,84,homozygous_deletion minus heterozygous,all,shared_remodelling,pseudobulk_mean_log2_CPM1,2,2,estimated,-1.0524738472789483,-2.0526319704186946,-0.05231572413920382,True,False
primary,2,84,homozygous_deletion minus heterozygous,all,transition_RNA,pseudobulk_mean_log2_CPM1,2,2,estimated,-1.1103958416468478,-2.6373682076141476,0.4165765243204529,False,False
primary,2,84,homozygous_deletion minus heterozygous,mixed,AT1_identity,pseudobulk_mean_log2_CPM1,2,2,estimated,-0.710035791804664,-0.9404435652134779,-0.4796280183958501,True,False
primary,2,84,homozygous_deletion minus heterozygous,mixed,AT2_identity,pseudobulk_mean_log2_CPM1,2,2,estimated,0.42229945344936226,-0.01634833556031623,0.8609472424590408,False,False
primary,2,84,homozygous_deletion minus heterozygous,mixed,Areg,pseudobulk_mean_log2_CPM1,2,2,estimated,-1.1683096343772732,-2.380902935889887,0.0442836671353426,False,False
primary,2,84,homozygous_deletion minus heterozygous,mixed,Axin2,pseudobulk_mean_log2_CPM1,2,2,estimated,1.5154647664679257,-0.13759725007483148,3.168526783010683,False,False
primary,2,84,homozygous_deletion minus heterozygous,mixed,Cd177,pseudobulk_mean_log2_CPM1,2,2,estimated,-2.29503643296562,-6.8355659589717765,2.245493093040537,False,False
primary,2,84,homozygous_deletion minus heterozygous,mixed,Cd38,pseudobulk_mean_log2_CPM1,2,2,estimated,-2.011333481476233,-4.409418327400413,0.38675136444794656,False,False
primary,2,84,homozygous_deletion minus heterozygous,mixed,Dlk1,pseudobulk_mean_log2_CPM1,2,2,estimated,-3.688121141573678,-10.114572996421208,2.7383307132738532,False,False
primary,2,84,homozygous_deletion minus heterozygous,mixed,Ereg,pseudobulk_mean_log2_CPM1,2,2,estimated,-3.97027380557574,-6.89735464600726,-1.0431929651442189,True,False
primary,2,84,homozygous_deletion minus heterozygous,mixed,Hbegf,pseudobulk_mean_log2_CPM1,2,2,estimated,-1.5358999478073656,-2.941698065629997,-0.1301018299847323,True,False
primary,2,84,homozygous_deletion minus heterozygous,mixed,Hmga2,pseudobulk_mean_log2_CPM1,2,2,estimated,-1.0106997477186608,-2.0213994954373216,0.0,False,False
primary,2,84,homozygous_deletion minus heterozygous,mixed,Il1r1,pseudobulk_mean_log2_CPM1,2,2,estimated,0.29448178983848594,-0.34950606988294863,0.938469649559921,False,False
primary,2,84,homozygous_deletion minus heterozygous,mixed,Itga2,pseudobulk_mean_log2_CPM1,2,2,estimated,-3.7816163308145425,-6.854762850430693,-0.7084698111983911,True,False
primary,2,84,homozygous_deletion minus heterozygous,mixed,Mki67,pseudobulk_mean_log2_CPM1,2,2,estimated,0.3823855090735293,-1.720992495256445,2.485763513403504,False,False
primary,2,84,homozygous_deletion minus heterozygous,mixed,Nfkbia,pseudobulk_mean_log2_CPM1,2,2,estimated,-0.19300536635069943,-0.8903974965579353,0.5043867638565374,False,False
primary,2,84,homozygous_deletion minus heterozygous,mixed,P53_RNA_control,pseudobulk_mean_log2_CPM1,2,2,estimated,-0.2472390084977576,-0.5010556195489801,0.006577602553466733,False,False
primary,2,84,homozygous_deletion minus heterozygous,mixed,Spp1,pseudobulk_mean_log2_CPM1,2,2,estimated,-5.021552291532057,-9.965807775280537,-0.07729680778357684,True,False
primary,2,84,homozygous_deletion minus heterozygous,mixed,TNFA_NFKB_RNA_disjoint,pseudobulk_mean_log2_CPM1,2,2,estimated,-0.15600621031225392,-0.4705851827606651,0.15857276213615634,False,False
primary,2,84,homozygous_deletion minus heterozygous,mixed,Tonsl,pseudobulk_mean_log2_CPM1,2,2,estimated,-0.4327845043100469,-1.3132420771548663,0.4476730685347723,False,False
primary,2,84,homozygous_deletion minus heterozygous,mixed,Trp53,pseudobulk_mean_log2_CPM1,2,2,estimated,-0.47850768036844826,-1.0583253615489951,0.10131000081209862,False,False
primary,2,84,homozygous_deletion minus heterozygous,mixed,cycling,pseudobulk_mean_log2_CPM1,2,2,estimated,0.3455263004619731,-1.3089940777696647,2.0000466786936104,False,False
primary,2,84,homozygous_deletion minus heterozygous,mixed,hypoxia_control,pseudobulk_mean_log2_CPM1,2,2,estimated,-0.16707651559624015,-0.3341171637715279,-3.586742095285089e-05,True,False
primary,2,84,homozygous_deletion minus heterozygous,mixed,lesion_gate_cycle_stress_disjoint,pseudobulk_mean_log2_CPM1,2,2,estimated,-0.32175814958905136,-0.6054913623757034,-0.03802493680239838,True,False
primary,2,84,homozygous_deletion minus heterozygous,mixed,lesion_specific,pseudobulk_mean_log2_CPM1,2,2,estimated,-0.4259610008122987,-0.80034332599622,-0.05157867562837781,True,False
primary,2,84,homozygous_deletion minus heterozygous,mixed,priming_associated,pseudobulk_mean_log2_CPM1,2,2,estimated,-0.8331027043301074,-1.2456285734024668,-0.42057683525774614,True,False
primary,2,84,homozygous_deletion minus heterozygous,mixed,shared_gate_cycle_stress_disjoint,pseudobulk_mean_log2_CPM1,2,2,estimated,-0.9747664190660874,-1.9177497416720097,-0.031783096460164195,True,False
primary,2,84,homozygous_deletion minus heterozygous,mixed,shared_remodelling,pseudobulk_mean_log2_CPM1,2,2,estimated,-0.9050250620368789,-1.794291702055836,-0.01575842201792188,True,False
primary,2,84,homozygous_deletion minus heterozygous,mixed,transition_RNA,pseudobulk_mean_log2_CPM1,2,2,estimated,-1.1535524623498654,-2.0297216200123502,-0.2773833046873806,True,False
primary,2,84,homozygous_deletion minus heterozygous,transition,AT1_identity,pseudobulk_mean_log2_CPM1,0,1,unavailable,,,,,
primary,2,84,homozygous_deletion minus heterozygous,transition,AT2_identity,pseudobulk_mean_log2_CPM1,0,1,unavailable,,,,,
primary,2,84,homozygous_deletion minus heterozygous,transition,Areg,pseudobulk_mean_log2_CPM1,0,1,unavailable,,,,,
primary,2,84,homozygous_deletion minus heterozygous,transition,Axin2,pseudobulk_mean_log2_CPM1,0,1,unavailable,,,,,
primary,2,84,homozygous_deletion minus heterozygous,transition,Cd177,pseudobulk_mean_log2_CPM1,0,1,unavailable,,,,,
primary,2,84,homozygous_deletion minus heterozygous,transition,Cd38,pseudobulk_mean_log2_CPM1,0,1,unavailable,,,,,
primary,2,84,homozygous_deletion minus heterozygous,transition,Dlk1,pseudobulk_mean_log2_CPM1,0,1,unavailable,,,,,
primary,2,84,homozygous_deletion minus heterozygous,transition,Ereg,pseudobulk_mean_log2_CPM1,0,1,unavailable,,,,,
primary,2,84,homozygous_deletion minus heterozygous,transition,Hbegf,pseudobulk_mean_log2_CPM1,0,1,unavailable,,,,,
primary,2,84,homozygous_deletion minus heterozygous,transition,Hmga2,pseudobulk_mean_log2_CPM1,0,1,unavailable,,,,,
primary,2,84,homozygous_deletion minus heterozygous,transition,Il1r1,pseudobulk_mean_log2_CPM1,0,1,unavailable,,,,,
primary,2,84,homozygous_deletion minus heterozygous,transition,Itga2,pseudobulk_mean_log2_CPM1,0,1,unavailable,,,,,
primary,2,84,homozygous_deletion minus heterozygous,transition,Mki67,pseudobulk_mean_log2_CPM1,0,1,unavailable,,,,,
primary,2,84,homozygous_deletion minus heterozygous,transition,Nfkbia,pseudobulk_mean_log2_CPM1,0,1,unavailable,,,,,
primary,2,84,homozygous_deletion minus heterozygous,transition,P53_RNA_control,pseudobulk_mean_log2_CPM1,0,1,unavailable,,,,,
primary,2,84,homozygous_deletion minus heterozygous,transition,Spp1,pseudobulk_mean_log2_CPM1,0,1,unavailable,,,,,
primary,2,84,homozygous_deletion minus heterozygous,transition,TNFA_NFKB_RNA_disjoint,pseudobulk_mean_log2_CPM1,0,1,unavailable,,,,,
primary,2,84,homozygous_deletion minus heterozygous,transition,Tonsl,pseudobulk_mean_log2_CPM1,0,1,unavailable,,,,,
primary,2,84,homozygous_deletion minus heterozygous,transition,Trp53,pseudobulk_mean_log2_CPM1,0,1,unavailable,,,,,
primary,2,84,homozygous_deletion minus heterozygous,transition,cycling,pseudobulk_mean_log2_CPM1,0,1,unavailable,,,,,
primary,2,84,homozygous_deletion minus heterozygous,transition,hypoxia_control,pseudobulk_mean_log2_CPM1,0,1,unavailable,,,,,
primary,2,84,homozygous_deletion minus heterozygous,transition,lesion_gate_cycle_stress_disjoint,pseudobulk_mean_log2_CPM1,0,1,unavailable,,,,,
primary,2,84,homozygous_deletion minus heterozygous,transition,lesion_specific,pseudobulk_mean_log2_CPM1,0,1,unavailable,,,,,
primary,2,84,homozygous_deletion minus heterozygous,transition,priming_associated,pseudobulk_mean_log2_CPM1,0,1,unavailable,,,,,
primary,2,84,homozygous_deletion minus heterozygous,transition,shared_gate_cycle_stress_disjoint,pseudobulk_mean_log2_CPM1,0,1,unavailable,,,,,
primary,2,84,homozygous_deletion minus heterozygous,transition,shared_remodelling,pseudobulk_mean_log2_CPM1,0,1,unavailable,,,,,
primary,2,84,homozygous_deletion minus heterozygous,transition,transition_RNA,pseudobulk_mean_log2_CPM1,0,1,unavailable,,,,,
primary,2,84,homozygous_deletion minus heterozygous,unresolved,AT1_identity,pseudobulk_mean_log2_CPM1,2,2,estimated,1.1033490342836174,0.481580260203355,1.725117808363879,True,False
primary,2,84,homozygous_deletion minus heterozygous,unresolved,AT2_identity,pseudobulk_mean_log2_CPM1,2,2,estimated,0.8743501546977814,-1.015161292376189,2.7638616017717537,False,False
primary,2,84,homozygous_deletion minus heterozygous,unresolved,Areg,pseudobulk_mean_log2_CPM1,2,2,estimated,-3.536643046454313,-8.192284191725527,1.1189980988169008,False,False
primary,2,84,homozygous_deletion minus heterozygous,unresolved,Axin2,pseudobulk_mean_log2_CPM1,2,2,estimated,-0.2849053907607231,-4.385557040794882,3.8157462592734355,False,False
primary,2,84,homozygous_deletion minus heterozygous,unresolved,Cd177,pseudobulk_mean_log2_CPM1,2,2,estimated,0.519983955619546,-0.6477516130845598,1.6877195243236522,False,False
primary,2,84,homozygous_deletion minus heterozygous,unresolved,Cd38,pseudobulk_mean_log2_CPM1,2,2,estimated,0.31606807872102394,-0.21577515345313714,0.847911310895185,False,False
primary,2,84,homozygous_deletion minus heterozygous,unresolved,Dlk1,pseudobulk_mean_log2_CPM1,2,2,estimated,-2.5918032031013194,-5.183606406202639,0.0,False,False
primary,2,84,homozygous_deletion minus heterozygous,unresolved,Ereg,pseudobulk_mean_log2_CPM1,2,2,estimated,-1.8940010033121715,-5.78670887570139,1.998706869077047,False,False
primary,2,84,homozygous_deletion minus heterozygous,unresolved,Hbegf,pseudobulk_mean_log2_CPM1,2,2,estimated,-4.216812595399793,-8.478669333224362,0.04504414242477672,False,False
primary,2,84,homozygous_deletion minus heterozygous,unresolved,Hmga2,pseudobulk_mean_log2_CPM1,2,2,estimated,-2.386632872644041,-5.751853557694273,0.9785878124061913,False,False
primary,2,84,homozygous_deletion minus heterozygous,unresolved,Il1r1,pseudobulk_mean_log2_CPM1,2,2,estimated,-0.7596587731240416,-2.864076506007743,1.344758959759659,False,False
primary,2,84,homozygous_deletion minus heterozygous,unresolved,Itga2,pseudobulk_mean_log2_CPM1,2,2,estimated,-2.216487105882986,-4.868930503178669,0.4359562914126984,False,False
primary,2,84,homozygous_deletion minus heterozygous,unresolved,Mki67,pseudobulk_mean_log2_CPM1,2,2,estimated,1.6615431383144759,0.6676290338473194,2.655457242781633,True,False
primary,2,84,homozygous_deletion minus heterozygous,unresolved,Nfkbia,pseudobulk_mean_log2_CPM1,2,2,estimated,0.08229238378388537,-1.3906222514099067,1.5552070189776783,False,False
primary,2,84,homozygous_deletion minus heterozygous,unresolved,P53_RNA_control,pseudobulk_mean_log2_CPM1,2,2,estimated,-0.167315123782811,-0.2503350667032267,-0.08429518086239618,True,False
primary,2,84,homozygous_deletion minus heterozygous,unresolved,Spp1,pseudobulk_mean_log2_CPM1,2,2,estimated,-1.1497887508266142,-3.8643096496650804,1.5647321480118528,False,False
primary,2,84,homozygous_deletion minus heterozygous,unresolved,TNFA_NFKB_RNA_disjoint,pseudobulk_mean_log2_CPM1,2,2,estimated,0.02448504759540171,-0.6719154960669202,0.7208855912577228,False,False
primary,2,84,homozygous_deletion minus heterozygous,unresolved,Tonsl,pseudobulk_mean_log2_CPM1,2,2,estimated,0.1605372628415942,-0.9396031125646696,1.260677638247858,False,False
primary,2,84,homozygous_deletion minus heterozygous,unresolved,Trp53,pseudobulk_mean_log2_CPM1,2,2,estimated,-0.45059547860378935,-1.0066065521191465,0.10541559491156782,False,False
primary,2,84,homozygous_deletion minus heterozygous,unresolved,cycling,pseudobulk_mean_log2_CPM1,2,2,estimated,1.2728505433533757,0.2518972720135215,2.29380381469323,True,False
primary,2,84,homozygous_deletion minus heterozygous,unresolved,hypoxia_control,pseudobulk_mean_log2_CPM1,2,2,estimated,0.1133027975573242,-0.4173990424614198,0.6440046375760673,False,False
primary,2,84,homozygous_deletion minus heterozygous,unresolved,lesion_gate_cycle_stress_disjoint,pseudobulk_mean_log2_CPM1,2,2,estimated,-0.6003822999696604,-1.0533792435768228,-0.1473853563624976,True,False
primary,2,84,homozygous_deletion minus heterozygous,unresolved,lesion_specific,pseudobulk_mean_log2_CPM1,2,2,estimated,-0.5919458190788296,-1.0394697682235265,-0.1444218699341322,True,False
primary,2,84,homozygous_deletion minus heterozygous,unresolved,priming_associated,pseudobulk_mean_log2_CPM1,2,2,estimated,0.4641574680018925,0.09465830699681899,0.833656629006966,True,False
primary,2,84,homozygous_deletion minus heterozygous,unresolved,shared_gate_cycle_stress_disjoint,pseudobulk_mean_log2_CPM1,2,2,estimated,-1.475737699036694,-3.1334290585817257,0.18195366050833783,False,False
primary,2,84,homozygous_deletion minus heterozygous,unresolved,shared_remodelling,pseudobulk_mean_log2_CPM1,2,2,estimated,-1.3009231364287626,-2.7797437834213587,0.17789751056383185,False,False
primary,2,84,homozygous_deletion minus heterozygous,unresolved,transition_RNA,pseudobulk_mean_log2_CPM1,2,2,estimated,-1.0270601008331006,-3.3448152350008744,1.2906950333346732,False,False
strict,2,14,homozygous_deletion minus heterozygous,AT2,AT1_identity,pseudobulk_mean_log2_CPM1,2,2,estimated,-0.497736164794798,-0.8035930505205311,-0.19187927906906577,True,False
strict,2,14,homozygous_deletion minus heterozygous,AT2,AT2_identity,pseudobulk_mean_log2_CPM1,2,2,estimated,0.028365506368107418,-0.062359058100630804,0.11909007083684564,False,False
strict,2,14,homozygous_deletion minus heterozygous,AT2,Areg,pseudobulk_mean_log2_CPM1,2,2,estimated,0.3061440300503193,-0.7174751235940526,1.329763183694693,False,False
strict,2,14,homozygous_deletion minus heterozygous,AT2,Axin2,pseudobulk_mean_log2_CPM1,2,2,estimated,0.5681932068699771,0.40496086401069364,0.731425549729261,True,False
strict,2,14,homozygous_deletion minus heterozygous,AT2,Cd177,pseudobulk_mean_log2_CPM1,2,2,estimated,-3.956289866683408,-5.4178671021671825,-2.4947126311996346,True,False
strict,2,14,homozygous_deletion minus heterozygous,AT2,Cd38,pseudobulk_mean_log2_CPM1,2,2,estimated,-1.726457064978752,-2.517825005395315,-0.9350891245621891,True,False
strict,2,14,homozygous_deletion minus heterozygous,AT2,Dlk1,pseudobulk_mean_log2_CPM1,2,2,estimated,-3.2402049667995234,-4.5728167276910066,-1.9075932059080403,True,False
strict,2,14,homozygous_deletion minus heterozygous,AT2,Ereg,pseudobulk_mean_log2_CPM1,2,2,estimated,-1.4930282157802321,-2.9938376460166025,0.007781214456137331,False,False
strict,2,14,homozygous_deletion minus heterozygous,AT2,Hbegf,pseudobulk_mean_log2_CPM1,2,2,estimated,0.06056490586835306,-0.6491450039564457,0.7702748156931527,False,False
strict,2,14,homozygous_deletion minus heterozygous,AT2,Hmga2,pseudobulk_mean_log2_CPM1,2,2,estimated,0.27701492535660277,0.0,0.5540298507132055,False,False
strict,2,14,homozygous_deletion minus heterozygous,AT2,Il1r1,pseudobulk_mean_log2_CPM1,2,2,estimated,-0.0710331812902325,-0.2606299554773708,0.11856359289690488,False,False
strict,2,14,homozygous_deletion minus heterozygous,AT2,Itga2,pseudobulk_mean_log2_CPM1,2,2,estimated,-2.579936325501888,-3.115019345562369,-2.0448533054414075,True,False
strict,2,14,homozygous_deletion minus heterozygous,AT2,Mki67,pseudobulk_mean_log2_CPM1,2,2,estimated,-0.49101468840668394,-0.5910898735481034,-0.3909395032652645,True,False
strict,2,14,homozygous_deletion minus heterozygous,AT2,Nfkbia,pseudobulk_mean_log2_CPM1,2,2,estimated,-0.04173057346523201,-0.39158594052092344,0.3081247935904603,False,False
strict,2,14,homozygous_deletion minus heterozygous,AT2,P53_RNA_control,pseudobulk_mean_log2_CPM1,2,2,estimated,0.002529582265350605,-0.12493842761069018,0.12999759214139228,False,False
strict,2,14,homozygous_deletion minus heterozygous,AT2,Spp1,pseudobulk_mean_log2_CPM1,2,2,estimated,-3.050667324891207,-5.6871747612874675,-0.41415988849494634,True,False
strict,2,14,homozygous_deletion minus heterozygous,AT2,TNFA_NFKB_RNA_disjoint,pseudobulk_mean_log2_CPM1,2,2,estimated,-0.051566736729563356,-0.23619880988948694,0.13306533643036023,False,False
strict,2,14,homozygous_deletion minus heterozygous,AT2,Tonsl,pseudobulk_mean_log2_CPM1,2,2,estimated,0.41231588384094886,-0.3736937375265612,1.1983255052084585,False,False
strict,2,14,homozygous_deletion minus heterozygous,AT2,Trp53,pseudobulk_mean_log2_CPM1,2,2,estimated,0.08363903898679048,-0.49753051575220564,0.6648085937257857,False,False
strict,2,14,homozygous_deletion minus heterozygous,AT2,cycling,pseudobulk_mean_log2_CPM1,2,2,estimated,-0.28241001893454776,-0.40357726221362356,-0.16124277565547196,True,False
strict,2,14,homozygous_deletion minus heterozygous,AT2,hypoxia_control,pseudobulk_mean_log2_CPM1,2,2,estimated,-0.020489829792479597,-0.17626405555294333,0.13528439596798503,False,False
strict,2,14,homozygous_deletion minus heterozygous,AT2,lesion_gate_cycle_stress_disjoint,pseudobulk_mean_log2_CPM1,2,2,estimated,-0.0801611978844976,-0.2785516567194106,0.11822926095041542,False,False
strict,2,14,homozygous_deletion minus heterozygous,AT2,lesion_specific,pseudobulk_mean_log2_CPM1,2,2,estimated,-0.16373058934575901,-0.37500876304865827,0.04754758435714024,False,False
strict,2,14,homozygous_deletion minus heterozygous,AT2,priming_associated,pseudobulk_mean_log2_CPM1,2,2,estimated,-1.0165738096955703,-1.4597207201863442,-0.5734268992047973,True,False
strict,2,14,homozygous_deletion minus heterozygous,AT2,shared_gate_cycle_stress_disjoint,pseudobulk_mean_log2_CPM1,2,2,estimated,-0.37853813068036324,-0.6751078746759971,-0.08196838668472939,True,False
strict,2,14,homozygous_deletion minus heterozygous,AT2,shared_remodelling,pseudobulk_mean_log2_CPM1,2,2,estimated,-0.30338543796674244,-0.6277201687702174,0.020949292836732525,False,False
strict,2,14,homozygous_deletion minus heterozygous,AT2,transition_RNA,pseudobulk_mean_log2_CPM1,2,2,estimated,-1.3317749840160298,-2.1389248526588878,-0.5246251153731727,True,False
strict,2,14,homozygous_deletion minus heterozygous,all,AT1_identity,pseudobulk_mean_log2_CPM1,2,2,estimated,-0.5859264057923177,-0.9369969192846526,-0.23485589229998372,True,False
strict,2,14,homozygous_deletion minus heterozygous,all,AT2_identity,pseudobulk_mean_log2_CPM1,2,2,estimated,0.17596513090977872,-0.05190373525363334,0.40383399707319256,False,False
strict,2,14,homozygous_deletion minus heterozygous,all,Areg,pseudobulk_mean_log2_CPM1,2,2,estimated,-0.44548485512836145,-1.3514140953693676,0.4604443851126465,False,False
strict,2,14,homozygous_deletion minus heterozygous,all,Axin2,pseudobulk_mean_log2_CPM1,2,2,estimated,0.7436119823885239,0.35797944714400165,1.1292445176330457,True,False
strict,2,14,homozygous_deletion minus heterozygous,all,Cd177,pseudobulk_mean_log2_CPM1,2,2,estimated,-3.901794963859764,-4.468664796608387,-3.3349251311111416,True,False
strict,2,14,homozygous_deletion minus heterozygous,all,Cd38,pseudobulk_mean_log2_CPM1,2,2,estimated,-1.406345917835754,-1.7174540513357934,-1.0952377843357142,True,False
strict,2,14,homozygous_deletion minus heterozygous,all,Dlk1,pseudobulk_mean_log2_CPM1,2,2,estimated,-2.8188628127794306,-3.310265726334552,-2.3274598992243094,True,False
strict,2,14,homozygous_deletion minus heterozygous,all,Ereg,pseudobulk_mean_log2_CPM1,2,2,estimated,-1.7451823322528321,-2.5330181369317124,-0.9573465275739523,True,False
strict,2,14,homozygous_deletion minus heterozygous,all,Hbegf,pseudobulk_mean_log2_CPM1,2,2,estimated,-0.172990884237608,-0.9322909704817519,0.5863092020065359,False,False
strict,2,14,homozygous_deletion minus heterozygous,all,Hmga2,pseudobulk_mean_log2_CPM1,2,2,estimated,-2.777081850232629,-4.6982186390276235,-0.8559450614376352,True,False
strict,2,14,homozygous_deletion minus heterozygous,all,Il1r1,pseudobulk_mean_log2_CPM1,2,2,estimated,-0.062404917187016906,-0.3354378979912642,0.2106280636172313,False,False
strict,2,14,homozygous_deletion minus heterozygous,all,Itga2,pseudobulk_mean_log2_CPM1,2,2,estimated,-2.4784413758420056,-3.6853036631446474,-1.2715790885393643,True,False
strict,2,14,homozygous_deletion minus heterozygous,all,Mki67,pseudobulk_mean_log2_CPM1,2,2,estimated,-0.13509317792704945,-0.4264699266922021,0.1562835708381023,False,False
strict,2,14,homozygous_deletion minus heterozygous,all,Nfkbia,pseudobulk_mean_log2_CPM1,2,2,estimated,-0.06844384379345136,-0.4076165701658381,0.27072888257893357,False,False
strict,2,14,homozygous_deletion minus heterozygous,all,P53_RNA_control,pseudobulk_mean_log2_CPM1,2,2,estimated,-0.12332160117036928,-0.25178590980663706,0.005142707465898511,False,False
strict,2,14,homozygous_deletion minus heterozygous,all,Spp1,pseudobulk_mean_log2_CPM1,2,2,estimated,-4.296503373611191,-6.4632187689397504,-2.129787978282633,True,False
strict,2,14,homozygous_deletion minus heterozygous,all,TNFA_NFKB_RNA_disjoint,pseudobulk_mean_log2_CPM1,2,2,estimated,-0.14087943506181144,-0.3361657046879172,0.054406834564293405,False,False
strict,2,14,homozygous_deletion minus heterozygous,all,Tonsl,pseudobulk_mean_log2_CPM1,2,2,estimated,0.10148835109426901,-0.50995133365352,0.712928035842058,False,False
strict,2,14,homozygous_deletion minus heterozygous,all,Trp53,pseudobulk_mean_log2_CPM1,2,2,estimated,0.027356615419303232,-0.3443710986030837,0.39908432944169103,False,False
strict,2,14,homozygous_deletion minus heterozygous,all,cycling,pseudobulk_mean_log2_CPM1,2,2,estimated,0.019386281504197633,-0.157525560897108,0.1962981239055024,False,False
strict,2,14,homozygous_deletion minus heterozygous,all,hypoxia_control,pseudobulk_mean_log2_CPM1,2,2,estimated,-0.0738418493564863,-0.20617672788998576,0.058493029177013156,False,False
strict,2,14,homozygous_deletion minus heterozygous,all,lesion_gate_cycle_stress_disjoint,pseudobulk_mean_log2_CPM1,2,2,estimated,-0.3495864576672236,-0.6308553656721787,-0.06831754966226855,True,False
strict,2,14,homozygous_deletion minus heterozygous,all,lesion_specific,pseudobulk_mean_log2_CPM1,2,2,estimated,-0.4402082786908039,-0.7847264670502869,-0.09569009033132092,True,False
strict,2,14,homozygous_deletion minus heterozygous,all,priming_associated,pseudobulk_mean_log2_CPM1,2,2,estimated,-1.0399018055991096,-1.2791693798468167,-0.8006342313514043,True,False
strict,2,14,homozygous_deletion minus heterozygous,all,shared_gate_cycle_stress_disjoint,pseudobulk_mean_log2_CPM1,2,2,estimated,-0.754452490640535,-1.2666790584361562,-0.24222592284491373,True,False
strict,2,14,homozygous_deletion minus heterozygous,all,shared_remodelling,pseudobulk_mean_log2_CPM1,2,2,estimated,-0.6565902239910084,-1.1399544326136066,-0.1732260153684111,True,False
strict,2,14,homozygous_deletion minus heterozygous,all,transition_RNA,pseudobulk_mean_log2_CPM1,2,2,estimated,-1.7360130942835212,-2.0425050314362387,-1.4295211571308046,True,False
strict,2,14,homozygous_deletion minus heterozygous,mixed,AT1_identity,pseudobulk_mean_log2_CPM1,2,2,estimated,-0.3179485714578041,-0.5697801555927997,-0.06611698732280935,True,False
strict,2,14,homozygous_deletion minus heterozygous,mixed,AT2_identity,pseudobulk_mean_log2_CPM1,2,2,estimated,0.10820440752813809,-0.04314830520657331,0.25955712026285305,False,False
strict,2,14,homozygous_deletion minus heterozygous,mixed,Areg,pseudobulk_mean_log2_CPM1,2,2,estimated,0.04442483935048713,-0.7747629572826629,0.8636126359836371,False,False
strict,2,14,homozygous_deletion minus heterozygous,mixed,Axin2,pseudobulk_mean_log2_CPM1,2,2,estimated,0.6168567247125814,-0.2369223138707235,1.4706357632958862,False,False
strict,2,14,homozygous_deletion minus heterozygous,mixed,Cd177,pseudobulk_mean_log2_CPM1,2,2,estimated,-4.280059493531668,-4.763805759980071,-3.796313227083264,True,False
strict,2,14,homozygous_deletion minus heterozygous,mixed,Cd38,pseudobulk_mean_log2_CPM1,2,2,estimated,-1.4163828524087476,-2.223069289157751,-0.6096964156597444,True,False
strict,2,14,homozygous_deletion minus heterozygous,mixed,Dlk1,pseudobulk_mean_log2_CPM1,2,2,estimated,-3.054921257527256,-4.972277146365841,-1.137565368688672,True,False
strict,2,14,homozygous_deletion minus heterozygous,mixed,Ereg,pseudobulk_mean_log2_CPM1,2,2,estimated,-2.1406612220579095,-3.4257601970369644,-0.8555622470788551,True,False
strict,2,14,homozygous_deletion minus heterozygous,mixed,Hbegf,pseudobulk_mean_log2_CPM1,2,2,estimated,-0.1505762301973501,-1.049685196342577,0.7485327359478768,False,False
strict,2,14,homozygous_deletion minus heterozygous,mixed,Hmga2,pseudobulk_mean_log2_CPM1,2,2,estimated,-1.1415475598182487,-1.9585735626784155,-0.3245215569580815,True,False
strict,2,14,homozygous_deletion minus heterozygous,mixed,Il1r1,pseudobulk_mean_log2_CPM1,2,2,estimated,-0.093745052250501,-0.39962193026423076,0.21213182576322964,False,False
strict,2,14,homozygous_deletion minus heterozygous,mixed,Itga2,pseudobulk_mean_log2_CPM1,2,2,estimated,-2.516115232029901,-3.9346959712252976,-1.097534492834506,True,False
strict,2,14,homozygous_deletion minus heterozygous,mixed,Mki67,pseudobulk_mean_log2_CPM1,2,2,estimated,0.016260536824892036,-0.4390839173461236,0.4716049909959068,False,False
strict,2,14,homozygous_deletion minus heterozygous,mixed,Nfkbia,pseudobulk_mean_log2_CPM1,2,2,estimated,-0.015350166658224751,-0.42195208769072856,0.39125175437427995,False,False
strict,2,14,homozygous_deletion minus heterozygous,mixed,P53_RNA_control,pseudobulk_mean_log2_CPM1,2,2,estimated,0.0029500246219162918,-0.08211975472053545,0.08801980396436804,False,False
strict,2,14,homozygous_deletion minus heterozygous,mixed,Spp1,pseudobulk_mean_log2_CPM1,2,2,estimated,-2.4455233697806102,-3.558091270034101,-1.33295546952712,True,False
strict,2,14,homozygous_deletion minus heterozygous,mixed,TNFA_NFKB_RNA_disjoint,pseudobulk_mean_log2_CPM1,2,2,estimated,-0.03951226318392198,-0.24561592300900825,0.16659139664116385,False,False
strict,2,14,homozygous_deletion minus heterozygous,mixed,Tonsl,pseudobulk_mean_log2_CPM1,2,2,estimated,-0.47145206040659415,-0.9867144366743958,0.04381031586120798,False,False
strict,2,14,homozygous_deletion minus heterozygous,mixed,Trp53,pseudobulk_mean_log2_CPM1,2,2,estimated,0.3382775862057734,0.1143891361845144,0.5621660362270315,True,False
strict,2,14,homozygous_deletion minus heterozygous,mixed,cycling,pseudobulk_mean_log2_CPM1,2,2,estimated,0.1777595525787472,0.03176227525261943,0.3237568299048741,True,False
strict,2,14,homozygous_deletion minus heterozygous,mixed,hypoxia_control,pseudobulk_mean_log2_CPM1,2,2,estimated,0.008589935220397749,-0.1264041467256285,0.143584017166424,False,False
strict,2,14,homozygous_deletion minus heterozygous,mixed,lesion_gate_cycle_stress_disjoint,pseudobulk_mean_log2_CPM1,2,2,estimated,0.005080633320157624,-0.14715558694405928,0.15731685358437453,False,False
strict,2,14,homozygous_deletion minus heterozygous,mixed,lesion_specific,pseudobulk_mean_log2_CPM1,2,2,estimated,-0.056045695289760555,-0.2337139273867206,0.12162253680719992,False,False
strict,2,14,homozygous_deletion minus heterozygous,mixed,priming_associated,pseudobulk_mean_log2_CPM1,2,2,estimated,-1.364576899590947,-1.5784420001376471,-1.150711799044247,True,False
strict,2,14,homozygous_deletion minus heterozygous,mixed,shared_gate_cycle_stress_disjoint,pseudobulk_mean_log2_CPM1,2,2,estimated,-0.5062515609677867,-0.8785745896387844,-0.13392853229678892,True,False
strict,2,14,homozygous_deletion minus heterozygous,mixed,shared_remodelling,pseudobulk_mean_log2_CPM1,2,2,estimated,-0.4188930689022765,-0.7493844917138093,-0.08840164609074463,True,False
strict,2,14,homozygous_deletion minus heterozygous,mixed,transition_RNA,pseudobulk_mean_log2_CPM1,2,2,estimated,-1.2927660602085842,-1.8919167727885844,-0.6936153476285831,True,False
strict,2,14,homozygous_deletion minus heterozygous,transition,AT1_identity,pseudobulk_mean_log2_CPM1,0,1,unavailable,,,,,
strict,2,14,homozygous_deletion minus heterozygous,transition,AT2_identity,pseudobulk_mean_log2_CPM1,0,1,unavailable,,,,,
strict,2,14,homozygous_deletion minus heterozygous,transition,Areg,pseudobulk_mean_log2_CPM1,0,1,unavailable,,,,,
strict,2,14,homozygous_deletion minus heterozygous,transition,Axin2,pseudobulk_mean_log2_CPM1,0,1,unavailable,,,,,
strict,2,14,homozygous_deletion minus heterozygous,transition,Cd177,pseudobulk_mean_log2_CPM1,0,1,unavailable,,,,,
strict,2,14,homozygous_deletion minus heterozygous,transition,Cd38,pseudobulk_mean_log2_CPM1,0,1,unavailable,,,,,
strict,2,14,homozygous_deletion minus heterozygous,transition,Dlk1,pseudobulk_mean_log2_CPM1,0,1,unavailable,,,,,
strict,2,14,homozygous_deletion minus heterozygous,transition,Ereg,pseudobulk_mean_log2_CPM1,0,1,unavailable,,,,,
strict,2,14,homozygous_deletion minus heterozygous,transition,Hbegf,pseudobulk_mean_log2_CPM1,0,1,unavailable,,,,,
strict,2,14,homozygous_deletion minus heterozygous,transition,Hmga2,pseudobulk_mean_log2_CPM1,0,1,unavailable,,,,,
strict,2,14,homozygous_deletion minus heterozygous,transition,Il1r1,pseudobulk_mean_log2_CPM1,0,1,unavailable,,,,,
strict,2,14,homozygous_deletion minus heterozygous,transition,Itga2,pseudobulk_mean_log2_CPM1,0,1,unavailable,,,,,
strict,2,14,homozygous_deletion minus heterozygous,transition,Mki67,pseudobulk_mean_log2_CPM1,0,1,unavailable,,,,,
strict,2,14,homozygous_deletion minus heterozygous,transition,Nfkbia,pseudobulk_mean_log2_CPM1,0,1,unavailable,,,,,
strict,2,14,homozygous_deletion minus heterozygous,transition,P53_RNA_control,pseudobulk_mean_log2_CPM1,0,1,unavailable,,,,,
strict,2,14,homozygous_deletion minus heterozygous,transition,Spp1,pseudobulk_mean_log2_CPM1,0,1,unavailable,,,,,
strict,2,14,homozygous_deletion minus heterozygous,transition,TNFA_NFKB_RNA_disjoint,pseudobulk_mean_log2_CPM1,0,1,unavailable,,,,,
strict,2,14,homozygous_deletion minus heterozygous,transition,Tonsl,pseudobulk_mean_log2_CPM1,0,1,unavailable,,,,,
strict,2,14,homozygous_deletion minus heterozygous,transition,Trp53,pseudobulk_mean_log2_CPM1,0,1,unavailable,,,,,
strict,2,14,homozygous_deletion minus heterozygous,transition,cycling,pseudobulk_mean_log2_CPM1,0,1,unavailable,,,,,
strict,2,14,homozygous_deletion minus heterozygous,transition,hypoxia_control,pseudobulk_mean_log2_CPM1,0,1,unavailable,,,,,
strict,2,14,homozygous_deletion minus heterozygous,transition,lesion_gate_cycle_stress_disjoint,pseudobulk_mean_log2_CPM1,0,1,unavailable,,,,,
strict,2,14,homozygous_deletion minus heterozygous,transition,lesion_specific,pseudobulk_mean_log2_CPM1,0,1,unavailable,,,,,
strict,2,14,homozygous_deletion minus heterozygous,transition,priming_associated,pseudobulk_mean_log2_CPM1,0,1,unavailable,,,,,
strict,2,14,homozygous_deletion minus heterozygous,transition,shared_gate_cycle_stress_disjoint,pseudobulk_mean_log2_CPM1,0,1,unavailable,,,,,
strict,2,14,homozygous_deletion minus heterozygous,transition,shared_remodelling,pseudobulk_mean_log2_CPM1,0,1,unavailable,,,,,
strict,2,14,homozygous_deletion minus heterozygous,transition,transition_RNA,pseudobulk_mean_log2_CPM1,0,1,unavailable,,,,,
strict,2,14,homozygous_deletion minus heterozygous,unresolved,AT1_identity,pseudobulk_mean_log2_CPM1,0,1,unavailable,,,,,
strict,2,14,homozygous_deletion minus heterozygous,unresolved,AT2_identity,pseudobulk_mean_log2_CPM1,0,1,unavailable,,,,,
strict,2,14,homozygous_deletion minus heterozygous,unresolved,Areg,pseudobulk_mean_log2_CPM1,0,1,unavailable,,,,,
strict,2,14,homozygous_deletion minus heterozygous,unresolved,Axin2,pseudobulk_mean_log2_CPM1,0,1,unavailable,,,,,
strict,2,14,homozygous_deletion minus heterozygous,unresolved,Cd177,pseudobulk_mean_log2_CPM1,0,1,unavailable,,,,,
strict,2,14,homozygous_deletion minus heterozygous,unresolved,Cd38,pseudobulk_mean_log2_CPM1,0,1,unavailable,,,,,
strict,2,14,homozygous_deletion minus heterozygous,unresolved,Dlk1,pseudobulk_mean_log2_CPM1,0,1,unavailable,,,,,
strict,2,14,homozygous_deletion minus heterozygous,unresolved,Ereg,pseudobulk_mean_log2_CPM1,0,1,unavailable,,,,,
strict,2,14,homozygous_deletion minus heterozygous,unresolved,Hbegf,pseudobulk_mean_log2_CPM1,0,1,unavailable,,,,,
strict,2,14,homozygous_deletion minus heterozygous,unresolved,Hmga2,pseudobulk_mean_log2_CPM1,0,1,unavailable,,,,,
strict,2,14,homozygous_deletion minus heterozygous,unresolved,Il1r1,pseudobulk_mean_log2_CPM1,0,1,unavailable,,,,,
strict,2,14,homozygous_deletion minus heterozygous,unresolved,Itga2,pseudobulk_mean_log2_CPM1,0,1,unavailable,,,,,
strict,2,14,homozygous_deletion minus heterozygous,unresolved,Mki67,pseudobulk_mean_log2_CPM1,0,1,unavailable,,,,,
strict,2,14,homozygous_deletion minus heterozygous,unresolved,Nfkbia,pseudobulk_mean_log2_CPM1,0,1,unavailable,,,,,
strict,2,14,homozygous_deletion minus heterozygous,unresolved,P53_RNA_control,pseudobulk_mean_log2_CPM1,0,1,unavailable,,,,,
strict,2,14,homozygous_deletion minus heterozygous,unresolved,Spp1,pseudobulk_mean_log2_CPM1,0,1,unavailable,,,,,
strict,2,14,homozygous_deletion minus heterozygous,unresolved,TNFA_NFKB_RNA_disjoint,pseudobulk_mean_log2_CPM1,0,1,unavailable,,,,,
strict,2,14,homozygous_deletion minus heterozygous,unresolved,Tonsl,pseudobulk_mean_log2_CPM1,0,1,unavailable,,,,,
strict,2,14,homozygous_deletion minus heterozygous,unresolved,Trp53,pseudobulk_mean_log2_CPM1,0,1,unavailable,,,,,
strict,2,14,homozygous_deletion minus heterozygous,unresolved,cycling,pseudobulk_mean_log2_CPM1,0,1,unavailable,,,,,
strict,2,14,homozygous_deletion minus heterozygous,unresolved,hypoxia_control,pseudobulk_mean_log2_CPM1,0,1,unavailable,,,,,
strict,2,14,homozygous_deletion minus heterozygous,unresolved,lesion_gate_cycle_stress_disjoint,pseudobulk_mean_log2_CPM1,0,1,unavailable,,,,,
strict,2,14,homozygous_deletion minus heterozygous,unresolved,lesion_specific,pseudobulk_mean_log2_CPM1,0,1,unavailable,,,,,
strict,2,14,homozygous_deletion minus heterozygous,unresolved,priming_associated,pseudobulk_mean_log2_CPM1,0,1,unavailable,,,,,
strict,2,14,homozygous_deletion minus heterozygous,unresolved,shared_gate_cycle_stress_disjoint,pseudobulk_mean_log2_CPM1,0,1,unavailable,,,,,
strict,2,14,homozygous_deletion minus heterozygous,unresolved,shared_remodelling,pseudobulk_mean_log2_CPM1,0,1,unavailable,,,,,
strict,2,14,homozygous_deletion minus heterozygous,unresolved,transition_RNA,pseudobulk_mean_log2_CPM1,0,1,unavailable,,,,,
strict,2,84,homozygous_deletion minus heterozygous,AT1,AT1_identity,pseudobulk_mean_log2_CPM1,0,1,unavailable,,,,,
strict,2,84,homozygous_deletion minus heterozygous,AT1,AT2_identity,pseudobulk_mean_log2_CPM1,0,1,unavailable,,,,,
strict,2,84,homozygous_deletion minus heterozygous,AT1,Areg,pseudobulk_mean_log2_CPM1,0,1,unavailable,,,,,
strict,2,84,homozygous_deletion minus heterozygous,AT1,Axin2,pseudobulk_mean_log2_CPM1,0,1,unavailable,,,,,
strict,2,84,homozygous_deletion minus heterozygous,AT1,Cd177,pseudobulk_mean_log2_CPM1,0,1,unavailable,,,,,
strict,2,84,homozygous_deletion minus heterozygous,AT1,Cd38,pseudobulk_mean_log2_CPM1,0,1,unavailable,,,,,
strict,2,84,homozygous_deletion minus heterozygous,AT1,Dlk1,pseudobulk_mean_log2_CPM1,0,1,unavailable,,,,,
strict,2,84,homozygous_deletion minus heterozygous,AT1,Ereg,pseudobulk_mean_log2_CPM1,0,1,unavailable,,,,,
strict,2,84,homozygous_deletion minus heterozygous,AT1,Hbegf,pseudobulk_mean_log2_CPM1,0,1,unavailable,,,,,
strict,2,84,homozygous_deletion minus heterozygous,AT1,Hmga2,pseudobulk_mean_log2_CPM1,0,1,unavailable,,,,,
strict,2,84,homozygous_deletion minus heterozygous,AT1,Il1r1,pseudobulk_mean_log2_CPM1,0,1,unavailable,,,,,
strict,2,84,homozygous_deletion minus heterozygous,AT1,Itga2,pseudobulk_mean_log2_CPM1,0,1,unavailable,,,,,
strict,2,84,homozygous_deletion minus heterozygous,AT1,Mki67,pseudobulk_mean_log2_CPM1,0,1,unavailable,,,,,
strict,2,84,homozygous_deletion minus heterozygous,AT1,Nfkbia,pseudobulk_mean_log2_CPM1,0,1,unavailable,,,,,
strict,2,84,homozygous_deletion minus heterozygous,AT1,P53_RNA_control,pseudobulk_mean_log2_CPM1,0,1,unavailable,,,,,
strict,2,84,homozygous_deletion minus heterozygous,AT1,Spp1,pseudobulk_mean_log2_CPM1,0,1,unavailable,,,,,
strict,2,84,homozygous_deletion minus heterozygous,AT1,TNFA_NFKB_RNA_disjoint,pseudobulk_mean_log2_CPM1,0,1,unavailable,,,,,
strict,2,84,homozygous_deletion minus heterozygous,AT1,Tonsl,pseudobulk_mean_log2_CPM1,0,1,unavailable,,,,,
strict,2,84,homozygous_deletion minus heterozygous,AT1,Trp53,pseudobulk_mean_log2_CPM1,0,1,unavailable,,,,,
strict,2,84,homozygous_deletion minus heterozygous,AT1,cycling,pseudobulk_mean_log2_CPM1,0,1,unavailable,,,,,
strict,2,84,homozygous_deletion minus heterozygous,AT1,hypoxia_control,pseudobulk_mean_log2_CPM1,0,1,unavailable,,,,,
strict,2,84,homozygous_deletion minus heterozygous,AT1,lesion_gate_cycle_stress_disjoint,pseudobulk_mean_log2_CPM1,0,1,unavailable,,,,,
strict,2,84,homozygous_deletion minus heterozygous,AT1,lesion_specific,pseudobulk_mean_log2_CPM1,0,1,unavailable,,,,,
strict,2,84,homozygous_deletion minus heterozygous,AT1,priming_associated,pseudobulk_mean_log2_CPM1,0,1,unavailable,,,,,
strict,2,84,homozygous_deletion minus heterozygous,AT1,shared_gate_cycle_stress_disjoint,pseudobulk_mean_log2_CPM1,0,1,unavailable,,,,,
strict,2,84,homozygous_deletion minus heterozygous,AT1,shared_remodelling,pseudobulk_mean_log2_CPM1,0,1,unavailable,,,,,
strict,2,84,homozygous_deletion minus heterozygous,AT1,transition_RNA,pseudobulk_mean_log2_CPM1,0,1,unavailable,,,,,
strict,2,84,homozygous_deletion minus heterozygous,AT2,AT1_identity,pseudobulk_mean_log2_CPM1,2,2,estimated,-0.6013743195891328,-0.6315991778607764,-0.5711494613174888,True,False
strict,2,84,homozygous_deletion minus heterozygous,AT2,AT2_identity,pseudobulk_mean_log2_CPM1,2,2,estimated,0.2692309455525237,-0.009663192179605318,0.5481250832846527,False,False
strict,2,84,homozygous_deletion minus heterozygous,AT2,Areg,pseudobulk_mean_log2_CPM1,2,2,estimated,-0.5996999558247484,-1.0445997149405972,-0.15480019670890144,True,False
strict,2,84,homozygous_deletion minus heterozygous,AT2,Axin2,pseudobulk_mean_log2_CPM1,2,2,estimated,1.0820138631542306,-0.3154917657757679,2.47951949208423,False,False
strict,2,84,homozygous_deletion minus heterozygous,AT2,Cd177,pseudobulk_mean_log2_CPM1,2,2,estimated,-4.154327203995741,-7.012349167334301,-1.2963052406571811,True,False
strict,2,84,homozygous_deletion minus heterozygous,AT2,Cd38,pseudobulk_mean_log2_CPM1,2,2,estimated,-2.4874216928309663,-4.108014871723876,-0.8668285139380574,True,False
strict,2,84,homozygous_deletion minus heterozygous,AT2,Dlk1,pseudobulk_mean_log2_CPM1,2,2,estimated,-5.839689809086587,-10.054203279506977,-1.6251763386661975,True,False
strict,2,84,homozygous_deletion minus heterozygous,AT2,Ereg,pseudobulk_mean_log2_CPM1,2,2,estimated,-3.1695924543115757,-5.656661940767899,-0.682522967855252,True,False
strict,2,84,homozygous_deletion minus heterozygous,AT2,Hbegf,pseudobulk_mean_log2_CPM1,2,2,estimated,-1.2624572012217046,-2.231985271655483,-0.29292913078792715,True,False
strict,2,84,homozygous_deletion minus heterozygous,AT2,Hmga2,pseudobulk_mean_log2_CPM1,2,2,estimated,-2.1980878140023323,-4.3670789304258575,-0.029096697578807396,True,False
strict,2,84,homozygous_deletion minus heterozygous,AT2,Il1r1,pseudobulk_mean_log2_CPM1,2,2,estimated,-0.04706940102093515,-0.5470953347210674,0.45295653267919667,False,False
strict,2,84,homozygous_deletion minus heterozygous,AT2,Itga2,pseudobulk_mean_log2_CPM1,2,2,estimated,-3.7315755335783094,-5.901888108294087,-1.5612629588625324,True,False
strict,2,84,homozygous_deletion minus heterozygous,AT2,Mki67,pseudobulk_mean_log2_CPM1,2,2,estimated,-1.1116541606546995,-1.6775635425719622,-0.5457447787374365,True,False
strict,2,84,homozygous_deletion minus heterozygous,AT2,Nfkbia,pseudobulk_mean_log2_CPM1,2,2,estimated,-0.055025589482294635,-0.9576568117505353,0.8476056327859469,False,False
strict,2,84,homozygous_deletion minus heterozygous,AT2,P53_RNA_control,pseudobulk_mean_log2_CPM1,2,2,estimated,-0.13120239226195984,-0.2653480969014046,0.002943312377484908,False,False
strict,2,84,homozygous_deletion minus heterozygous,AT2,Spp1,pseudobulk_mean_log2_CPM1,2,2,estimated,-6.864841208985406,-10.162923605331558,-3.5667588126392533,True,False
strict,2,84,homozygous_deletion minus heterozygous,AT2,TNFA_NFKB_RNA_disjoint,pseudobulk_mean_log2_CPM1,2,2,estimated,-0.21840223500375355,-0.4992052517990788,0.06240078179157127,False,False
strict,2,84,homozygous_deletion minus heterozygous,AT2,Tonsl,pseudobulk_mean_log2_CPM1,2,2,estimated,-0.005580412639131449,-0.016049848259405586,0.004889022981142688,False,False
strict,2,84,homozygous_deletion minus heterozygous,AT2,Trp53,pseudobulk_mean_log2_CPM1,2,2,estimated,-0.1446966501189717,-0.6452814446243291,0.3558881443863866,False,False
strict,2,84,homozygous_deletion minus heterozygous,AT2,cycling,pseudobulk_mean_log2_CPM1,2,2,estimated,-1.0960100344519388,-1.5894986507701012,-0.6025214181337777,True,False
strict,2,84,homozygous_deletion minus heterozygous,AT2,hypoxia_control,pseudobulk_mean_log2_CPM1,2,2,estimated,-0.1782450527561994,-0.33432227055471264,-0.02216783495768615,True,False
strict,2,84,homozygous_deletion minus heterozygous,AT2,lesion_gate_cycle_stress_disjoint,pseudobulk_mean_log2_CPM1,2,2,estimated,-0.22782224234843262,-0.3929743843280855,-0.06267010036878018,True,False
strict,2,84,homozygous_deletion minus heterozygous,AT2,lesion_specific,pseudobulk_mean_log2_CPM1,2,2,estimated,-0.3432643753258615,-0.5570451539839918,-0.12948359666773035,True,False
strict,2,84,homozygous_deletion minus heterozygous,AT2,priming_associated,pseudobulk_mean_log2_CPM1,2,2,estimated,-1.0556989202042857,-2.1052979046665268,-0.006099935742043705,True,False
strict,2,84,homozygous_deletion minus heterozygous,AT2,shared_gate_cycle_stress_disjoint,pseudobulk_mean_log2_CPM1,2,2,estimated,-0.6029063869042872,-0.940434599230521,-0.26537817457805346,True,False
strict,2,84,homozygous_deletion minus heterozygous,AT2,shared_remodelling,pseudobulk_mean_log2_CPM1,2,2,estimated,-0.5452405971771297,-0.8375772928530916,-0.2529039015011678,True,False
strict,2,84,homozygous_deletion minus heterozygous,AT2,transition_RNA,pseudobulk_mean_log2_CPM1,2,2,estimated,-0.017566169501318285,-1.2890749141552735,1.253942575152637,False,False
strict,2,84,homozygous_deletion minus heterozygous,all,AT1_identity,pseudobulk_mean_log2_CPM1,2,2,estimated,-0.3817415031599065,-1.0894666995389999,0.32598369321918685,False,False
strict,2,84,homozygous_deletion minus heterozygous,all,AT2_identity,pseudobulk_mean_log2_CPM1,2,2,estimated,1.0112301547789428,0.02476269162321465,1.9976976179346728,True,False
strict,2,84,homozygous_deletion minus heterozygous,all,Areg,pseudobulk_mean_log2_CPM1,2,2,estimated,-1.6007923670319286,-3.169052424402212,-0.03253230966164722,True,False
strict,2,84,homozygous_deletion minus heterozygous,all,Axin2,pseudobulk_mean_log2_CPM1,2,2,estimated,1.3931845936186185,-0.33546947606573285,3.1218386633029693,False,False
strict,2,84,homozygous_deletion minus heterozygous,all,Cd177,pseudobulk_mean_log2_CPM1,2,2,estimated,-2.5800459899191734,-4.65682947442553,-0.5032625054128168,True,False
strict,2,84,homozygous_deletion minus heterozygous,all,Cd38,pseudobulk_mean_log2_CPM1,2,2,estimated,-1.8491641001109302,-2.7623324724926843,-0.9359957277291766,True,False
strict,2,84,homozygous_deletion minus heterozygous,all,Dlk1,pseudobulk_mean_log2_CPM1,2,2,estimated,-4.583769948642452,-8.583471994130438,-0.584067903154466,True,False
strict,2,84,homozygous_deletion minus heterozygous,all,Ereg,pseudobulk_mean_log2_CPM1,2,2,estimated,-3.411810926457668,-6.149554288885232,-0.6740675640301039,True,False
strict,2,84,homozygous_deletion minus heterozygous,all,Hbegf,pseudobulk_mean_log2_CPM1,2,2,estimated,-1.7026842291002957,-3.192994801226968,-0.21237365697362343,True,False
strict,2,84,homozygous_deletion minus heterozygous,all,Hmga2,pseudobulk_mean_log2_CPM1,2,2,estimated,-3.4545277151018148,-6.978012320014269,0.0689568898106383,False,False
strict,2,84,homozygous_deletion minus heterozygous,all,Il1r1,pseudobulk_mean_log2_CPM1,2,2,estimated,-0.027116091283873267,-0.5188399720713011,0.46460778950355497,False,False
strict,2,84,homozygous_deletion minus heterozygous,all,Itga2,pseudobulk_mean_log2_CPM1,2,2,estimated,-3.4069657819465706,-6.9721977671773105,0.15826620328417018,False,False
strict,2,84,homozygous_deletion minus heterozygous,all,Mki67,pseudobulk_mean_log2_CPM1,2,2,estimated,-0.16424691585588613,-1.4450719184934,1.1165780867816284,False,False
strict,2,84,homozygous_deletion minus heterozygous,all,Nfkbia,pseudobulk_mean_log2_CPM1,2,2,estimated,-0.4589391069219726,-1.0083427823978663,0.09046456855391938,False,False
strict,2,84,homozygous_deletion minus heterozygous,all,P53_RNA_control,pseudobulk_mean_log2_CPM1,2,2,estimated,-0.33411620553882937,-0.6427989126305818,-0.025433498447076985,True,False
strict,2,84,homozygous_deletion minus heterozygous,all,Spp1,pseudobulk_mean_log2_CPM1,2,2,estimated,-5.241992147889824,-8.840423848718096,-1.6435604470615508,True,False
strict,2,84,homozygous_deletion minus heterozygous,all,TNFA_NFKB_RNA_disjoint,pseudobulk_mean_log2_CPM1,2,2,estimated,-0.3758001456520059,-0.5718166343473836,-0.17978365695663,True,False
strict,2,84,homozygous_deletion minus heterozygous,all,Tonsl,pseudobulk_mean_log2_CPM1,2,2,estimated,0.08761413402782603,-0.3533384331456382,0.52856670120129,False,False
strict,2,84,homozygous_deletion minus heterozygous,all,Trp53,pseudobulk_mean_log2_CPM1,2,2,estimated,-0.5413547960074201,-1.0548939339048662,-0.027815658109973995,True,False
strict,2,84,homozygous_deletion minus heterozygous,all,cycling,pseudobulk_mean_log2_CPM1,2,2,estimated,-0.34748313138919507,-1.1529858912663995,0.4580196284880098,False,False
strict,2,84,homozygous_deletion minus heterozygous,all,hypoxia_control,pseudobulk_mean_log2_CPM1,2,2,estimated,-0.2648482205974294,-0.5080044619034547,-0.021691979291404095,True,False
strict,2,84,homozygous_deletion minus heterozygous,all,lesion_gate_cycle_stress_disjoint,pseudobulk_mean_log2_CPM1,2,2,estimated,-0.720789273359471,-1.3902710379443053,-0.051307508774636634,True,False
strict,2,84,homozygous_deletion minus heterozygous,all,lesion_specific,pseudobulk_mean_log2_CPM1,2,2,estimated,-0.8284447027716393,-1.585281356324376,-0.07160804921890263,True,False
strict,2,84,homozygous_deletion minus heterozygous,all,priming_associated,pseudobulk_mean_log2_CPM1,2,2,estimated,-0.20001693831282896,-0.46024625582437917,0.060212379198721244,False,False
strict,2,84,homozygous_deletion minus heterozygous,all,shared_gate_cycle_stress_disjoint,pseudobulk_mean_log2_CPM1,2,2,estimated,-1.211336007730167,-2.31779146737143,-0.10488054808890368,True,False
strict,2,84,homozygous_deletion minus heterozygous,all,shared_remodelling,pseudobulk_mean_log2_CPM1,2,2,estimated,-1.1404766246111055,-2.1886632400996673,-0.09229000912254559,True,False
strict,2,84,homozygous_deletion minus heterozygous,all,transition_RNA,pseudobulk_mean_log2_CPM1,2,2,estimated,-1.2683100346628633,-2.7607146487232175,0.22409457939749,False,False
strict,2,84,homozygous_deletion minus heterozygous,mixed,AT1_identity,pseudobulk_mean_log2_CPM1,2,2,estimated,-0.7138263338885569,-0.9454673052607161,-0.48218536251639765,True,False
strict,2,84,homozygous_deletion minus heterozygous,mixed,AT2_identity,pseudobulk_mean_log2_CPM1,2,2,estimated,0.4242172880449253,-0.016555855922456786,0.8649904320123074,False,False
strict,2,84,homozygous_deletion minus heterozygous,mixed,Areg,pseudobulk_mean_log2_CPM1,2,2,estimated,-1.1682297407691227,-2.376645442828707,0.04018596129046337,False,False
strict,2,84,homozygous_deletion minus heterozygous,mixed,Axin2,pseudobulk_mean_log2_CPM1,2,2,estimated,1.5081237532610134,-0.14371204213009836,3.159959548652125,False,False
strict,2,84,homozygous_deletion minus heterozygous,mixed,Cd177,pseudobulk_mean_log2_CPM1,2,2,estimated,-2.2001992966303567,-6.64589168630125,2.245493093040537,False,False
strict,2,84,homozygous_deletion minus heterozygous,mixed,Cd38,pseudobulk_mean_log2_CPM1,2,2,estimated,-2.021797528247074,-4.425796295069383,0.38220123857523514,False,False
strict,2,84,homozygous_deletion minus heterozygous,mixed,Dlk1,pseudobulk_mean_log2_CPM1,2,2,estimated,-3.69740117994464,-10.132544334386834,2.737741974497553,False,False
strict,2,84,homozygous_deletion minus heterozygous,mixed,Ereg,pseudobulk_mean_log2_CPM1,2,2,estimated,-3.9814793428722055,-6.9143200530719735,-1.0486386326724377,True,False
strict,2,84,homozygous_deletion minus heterozygous,mixed,Hbegf,pseudobulk_mean_log2_CPM1,2,2,estimated,-1.5420694645984856,-2.949952319607317,-0.1341866095896549,True,False
strict,2,84,homozygous_deletion minus heterozygous,mixed,Hmga2,pseudobulk_mean_log2_CPM1,2,2,estimated,-1.017488537503407,-2.034977075006814,0.0,False,False
strict,2,84,homozygous_deletion minus heterozygous,mixed,Il1r1,pseudobulk_mean_log2_CPM1,2,2,estimated,0.2843148118608987,-0.3557155720278016,0.9243451957495994,False,False
strict,2,84,homozygous_deletion minus heterozygous,mixed,Itga2,pseudobulk_mean_log2_CPM1,2,2,estimated,-3.791988871874927,-6.872595858521617,-0.7113818852282366,True,False
strict,2,84,homozygous_deletion minus heterozygous,mixed,Mki67,pseudobulk_mean_log2_CPM1,2,2,estimated,0.37494392299174617,-1.7272434455372214,2.4771312915207138,False,False
strict,2,84,homozygous_deletion minus heterozygous,mixed,Nfkbia,pseudobulk_mean_log2_CPM1,2,2,estimated,-0.20661303969347955,-0.8931768051727298,0.4799507257857707,False,False
strict,2,84,homozygous_deletion minus heterozygous,mixed,P53_RNA_control,pseudobulk_mean_log2_CPM1,2,2,estimated,-0.2518123089116795,-0.5041122895618555,0.0004876717384973972,False,False
strict,2,84,homozygous_deletion minus heterozygous,mixed,Spp1,pseudobulk_mean_log2_CPM1,2,2,estimated,-4.798861685655477,-9.983777361822398,0.3860539905114443,False,False
strict,2,84,homozygous_deletion minus heterozygous,mixed,TNFA_NFKB_RNA_disjoint,pseudobulk_mean_log2_CPM1,2,2,estimated,-0.18134749361681246,-0.4409698544070828,0.078274867173457,False,False
strict,2,84,homozygous_deletion minus heterozygous,mixed,Tonsl,pseudobulk_mean_log2_CPM1,2,2,estimated,-0.43974729654142397,-1.3179997800132859,0.4385051869304377,False,False
strict,2,84,homozygous_deletion minus heterozygous,mixed,Trp53,pseudobulk_mean_log2_CPM1,2,2,estimated,-0.4843204805815322,-1.0760024780640505,0.10736151690098428,False,False
strict,2,84,homozygous_deletion minus heterozygous,mixed,cycling,pseudobulk_mean_log2_CPM1,2,2,estimated,0.3368769852446514,-1.3147865709257287,1.9885405414150306,False,False
strict,2,84,homozygous_deletion minus heterozygous,mixed,hypoxia_control,pseudobulk_mean_log2_CPM1,2,2,estimated,-0.17287050220014644,-0.3396988290665095,-0.006042175333783817,True,False
strict,2,84,homozygous_deletion minus heterozygous,mixed,lesion_gate_cycle_stress_disjoint,pseudobulk_mean_log2_CPM1,2,2,estimated,-0.31728258198972403,-0.6091707985826105,-0.02539436539683715,True,False
strict,2,84,homozygous_deletion minus heterozygous,mixed,lesion_specific,pseudobulk_mean_log2_CPM1,2,2,estimated,-0.42517342851230566,-0.8059877734634631,-0.04435908356114826,True,False
strict,2,84,homozygous_deletion minus heterozygous,mixed,priming_associated,pseudobulk_mean_log2_CPM1,2,2,estimated,-0.8378477956984547,-1.2501638874056091,-0.42553170399129936,True,False
strict,2,84,homozygous_deletion minus heterozygous,mixed,shared_gate_cycle_stress_disjoint,pseudobulk_mean_log2_CPM1,2,2,estimated,-0.969731997360407,-1.9101920432605493,-0.02927195146026662,True,False
strict,2,84,homozygous_deletion minus heterozygous,mixed,shared_remodelling,pseudobulk_mean_log2_CPM1,2,2,estimated,-0.9014932074117228,-1.7887262852873098,-0.014260129536134869,True,False
strict,2,84,homozygous_deletion minus heterozygous,mixed,transition_RNA,pseudobulk_mean_log2_CPM1,2,2,estimated,-1.160901682143578,-2.0420311372258295,-0.27977222706132654,True,False
strict,2,84,homozygous_deletion minus heterozygous,transition,AT1_identity,pseudobulk_mean_log2_CPM1,0,1,unavailable,,,,,
strict,2,84,homozygous_deletion minus heterozygous,transition,AT2_identity,pseudobulk_mean_log2_CPM1,0,1,unavailable,,,,,
strict,2,84,homozygous_deletion minus heterozygous,transition,Areg,pseudobulk_mean_log2_CPM1,0,1,unavailable,,,,,
strict,2,84,homozygous_deletion minus heterozygous,transition,Axin2,pseudobulk_mean_log2_CPM1,0,1,unavailable,,,,,
strict,2,84,homozygous_deletion minus heterozygous,transition,Cd177,pseudobulk_mean_log2_CPM1,0,1,unavailable,,,,,
strict,2,84,homozygous_deletion minus heterozygous,transition,Cd38,pseudobulk_mean_log2_CPM1,0,1,unavailable,,,,,
strict,2,84,homozygous_deletion minus heterozygous,transition,Dlk1,pseudobulk_mean_log2_CPM1,0,1,unavailable,,,,,
strict,2,84,homozygous_deletion minus heterozygous,transition,Ereg,pseudobulk_mean_log2_CPM1,0,1,unavailable,,,,,
strict,2,84,homozygous_deletion minus heterozygous,transition,Hbegf,pseudobulk_mean_log2_CPM1,0,1,unavailable,,,,,
strict,2,84,homozygous_deletion minus heterozygous,transition,Hmga2,pseudobulk_mean_log2_CPM1,0,1,unavailable,,,,,
strict,2,84,homozygous_deletion minus heterozygous,transition,Il1r1,pseudobulk_mean_log2_CPM1,0,1,unavailable,,,,,
strict,2,84,homozygous_deletion minus heterozygous,transition,Itga2,pseudobulk_mean_log2_CPM1,0,1,unavailable,,,,,
strict,2,84,homozygous_deletion minus heterozygous,transition,Mki67,pseudobulk_mean_log2_CPM1,0,1,unavailable,,,,,
strict,2,84,homozygous_deletion minus heterozygous,transition,Nfkbia,pseudobulk_mean_log2_CPM1,0,1,unavailable,,,,,
strict,2,84,homozygous_deletion minus heterozygous,transition,P53_RNA_control,pseudobulk_mean_log2_CPM1,0,1,unavailable,,,,,
strict,2,84,homozygous_deletion minus heterozygous,transition,Spp1,pseudobulk_mean_log2_CPM1,0,1,unavailable,,,,,
strict,2,84,homozygous_deletion minus heterozygous,transition,TNFA_NFKB_RNA_disjoint,pseudobulk_mean_log2_CPM1,0,1,unavailable,,,,,
strict,2,84,homozygous_deletion minus heterozygous,transition,Tonsl,pseudobulk_mean_log2_CPM1,0,1,unavailable,,,,,
strict,2,84,homozygous_deletion minus heterozygous,transition,Trp53,pseudobulk_mean_log2_CPM1,0,1,unavailable,,,,,
strict,2,84,homozygous_deletion minus heterozygous,transition,cycling,pseudobulk_mean_log2_CPM1,0,1,unavailable,,,,,
strict,2,84,homozygous_deletion minus heterozygous,transition,hypoxia_control,pseudobulk_mean_log2_CPM1,0,1,unavailable,,,,,
strict,2,84,homozygous_deletion minus heterozygous,transition,lesion_gate_cycle_stress_disjoint,pseudobulk_mean_log2_CPM1,0,1,unavailable,,,,,
strict,2,84,homozygous_deletion minus heterozygous,transition,lesion_specific,pseudobulk_mean_log2_CPM1,0,1,unavailable,,,,,
strict,2,84,homozygous_deletion minus heterozygous,transition,priming_associated,pseudobulk_mean_log2_CPM1,0,1,unavailable,,,,,
strict,2,84,homozygous_deletion minus heterozygous,transition,shared_gate_cycle_stress_disjoint,pseudobulk_mean_log2_CPM1,0,1,unavailable,,,,,
strict,2,84,homozygous_deletion minus heterozygous,transition,shared_remodelling,pseudobulk_mean_log2_CPM1,0,1,unavailable,,,,,
strict,2,84,homozygous_deletion minus heterozygous,transition,transition_RNA,pseudobulk_mean_log2_CPM1,0,1,unavailable,,,,,
strict,2,84,homozygous_deletion minus heterozygous,unresolved,AT1_identity,pseudobulk_mean_log2_CPM1,1,2,single_library_side,1.590102455160304,0.447125581820643,2.733079328499966,True,False
strict,2,84,homozygous_deletion minus heterozygous,unresolved,AT2_identity,pseudobulk_mean_log2_CPM1,1,2,single_library_side,-0.20370262650952764,-0.9190786557449373,0.511673402725882,False,False
strict,2,84,homozygous_deletion minus heterozygous,unresolved,Areg,pseudobulk_mean_log2_CPM1,1,2,single_library_side,-4.684964297510814,-7.375362340620227,-1.994566254401403,True,False
strict,2,84,homozygous_deletion minus heterozygous,unresolved,Axin2,pseudobulk_mean_log2_CPM1,1,2,single_library_side,0.39315751782688757,-1.6618489273434092,2.4481639629971843,False,False
strict,2,84,homozygous_deletion minus heterozygous,unresolved,Cd177,pseudobulk_mean_log2_CPM1,1,2,single_library_side,0.07525063878439786,0.015016392600115669,0.1354848849686805,True,False
strict,2,84,homozygous_deletion minus heterozygous,unresolved,Cd38,pseudobulk_mean_log2_CPM1,1,2,single_library_side,-0.10276656740235346,-0.7496622918494262,0.5441291570447193,False,False
strict,2,84,homozygous_deletion minus heterozygous,unresolved,Dlk1,pseudobulk_mean_log2_CPM1,1,2,single_library_side,-2.720952134113678,-5.441904268227356,0.0,False,False
strict,2,84,homozygous_deletion minus heterozygous,unresolved,Ereg,pseudobulk_mean_log2_CPM1,1,2,single_library_side,-3.6349302040037124,-7.269860408007425,0.0,False,False
strict,2,84,homozygous_deletion minus heterozygous,unresolved,Hbegf,pseudobulk_mean_log2_CPM1,1,2,single_library_side,-1.3920073885981425,-3.6171257817310645,0.8331110045347803,False,False
strict,2,84,homozygous_deletion minus heterozygous,unresolved,Hmga2,pseudobulk_mean_log2_CPM1,1,2,single_library_side,-1.5379504588344348,-4.004887811331711,0.9289868936628425,False,False
strict,2,84,homozygous_deletion minus heterozygous,unresolved,Il1r1,pseudobulk_mean_log2_CPM1,1,2,single_library_side,-0.9553405348259552,-1.6331583082826522,-0.27752276136925813,True,False
strict,2,84,homozygous_deletion minus heterozygous,unresolved,Itga2,pseudobulk_mean_log2_CPM1,1,2,single_library_side,-0.5977600829488168,-2.1870463466840215,0.991526180786388,False,False
strict,2,84,homozygous_deletion minus heterozygous,unresolved,Mki67,pseudobulk_mean_log2_CPM1,1,2,single_library_side,4.042756957889494,2.6908286925768956,5.394685223202091,True,False
strict,2,84,homozygous_deletion minus heterozygous,unresolved,Nfkbia,pseudobulk_mean_log2_CPM1,1,2,single_library_side,0.4587447436099765,-0.4590187743162737,1.376508261536225,False,False
strict,2,84,homozygous_deletion minus heterozygous,unresolved,P53_RNA_control,pseudobulk_mean_log2_CPM1,1,2,single_library_side,-0.19410380780963798,-0.27033232145293695,-0.11787529416633902,True,False
strict,2,84,homozygous_deletion minus heterozygous,unresolved,Spp1,pseudobulk_mean_log2_CPM1,1,2,single_library_side,0.890538355410456,-4.720443096778131,6.501519807599043,False,False
strict,2,84,homozygous_deletion minus heterozygous,unresolved,TNFA_NFKB_RNA_disjoint,pseudobulk_mean_log2_CPM1,1,2,single_library_side,0.11531117384276435,-0.22565824722030658,0.4562805949058353,False,False
strict,2,84,homozygous_deletion minus heterozygous,unresolved,Tonsl,pseudobulk_mean_log2_CPM1,1,2,single_library_side,-0.536252725764851,-1.072505451529702,0.0,False,False
strict,2,84,homozygous_deletion minus heterozygous,unresolved,Trp53,pseudobulk_mean_log2_CPM1,1,2,single_library_side,-0.49572312874475344,-0.6164178977834958,-0.3750283597060111,True,False
strict,2,84,homozygous_deletion minus heterozygous,unresolved,cycling,pseudobulk_mean_log2_CPM1,1,2,single_library_side,3.126038970859158,1.5513579649999159,4.7007199767184,True,False
strict,2,84,homozygous_deletion minus heterozygous,unresolved,hypoxia_control,pseudobulk_mean_log2_CPM1,1,2,single_library_side,0.3158024626225471,0.06668793304017928,0.5649169922049158,True,False
strict,2,84,homozygous_deletion minus heterozygous,unresolved,lesion_gate_cycle_stress_disjoint,pseudobulk_mean_log2_CPM1,1,2,single_library_side,-0.5953134675772511,-0.9789896485777416,-0.21163728657676106,True,False
strict,2,84,homozygous_deletion minus heterozygous,unresolved,lesion_specific,pseudobulk_mean_log2_CPM1,1,2,single_library_side,-0.5552503401241453,-0.9293601351044836,-0.18114054514380795,True,False
strict,2,84,homozygous_deletion minus heterozygous,unresolved,priming_associated,pseudobulk_mean_log2_CPM1,1,2,single_library_side,0.13437104073517148,-0.414453574834182,0.6831956563045245,False,False
strict,2,84,homozygous_deletion minus heterozygous,unresolved,shared_gate_cycle_stress_disjoint,pseudobulk_mean_log2_CPM1,1,2,single_library_side,-1.4991256593674933,-2.9910496568203087,-0.007201661914677082,True,False
strict,2,84,homozygous_deletion minus heterozygous,unresolved,shared_remodelling,pseudobulk_mean_log2_CPM1,1,2,single_library_side,-1.3376349831566383,-2.6750037550788575,-0.00026621123441916694,True,False
strict,2,84,homozygous_deletion minus heterozygous,unresolved,transition_RNA,pseudobulk_mean_log2_CPM1,1,2,single_library_side,-0.031029678069756983,-1.4949938773159968,1.4329345211764828,False,False
depth1000_seed20260928,2,14,homozygous_deletion minus heterozygous,AT1,AT1_identity,pseudobulk_mean_log2_CPM1,0,1,unavailable,,,,,
depth1000_seed20260928,2,14,homozygous_deletion minus heterozygous,AT1,AT2_identity,pseudobulk_mean_log2_CPM1,0,1,unavailable,,,,,
depth1000_seed20260928,2,14,homozygous_deletion minus heterozygous,AT1,Areg,pseudobulk_mean_log2_CPM1,0,1,unavailable,,,,,
depth1000_seed20260928,2,14,homozygous_deletion minus heterozygous,AT1,Axin2,pseudobulk_mean_log2_CPM1,0,1,unavailable,,,,,
depth1000_seed20260928,2,14,homozygous_deletion minus heterozygous,AT1,Cd177,pseudobulk_mean_log2_CPM1,0,1,unavailable,,,,,
depth1000_seed20260928,2,14,homozygous_deletion minus heterozygous,AT1,Cd38,pseudobulk_mean_log2_CPM1,0,1,unavailable,,,,,
depth1000_seed20260928,2,14,homozygous_deletion minus heterozygous,AT1,Dlk1,pseudobulk_mean_log2_CPM1,0,1,unavailable,,,,,
depth1000_seed20260928,2,14,homozygous_deletion minus heterozygous,AT1,Ereg,pseudobulk_mean_log2_CPM1,0,1,unavailable,,,,,
depth1000_seed20260928,2,14,homozygous_deletion minus heterozygous,AT1,Hbegf,pseudobulk_mean_log2_CPM1,0,1,unavailable,,,,,
depth1000_seed20260928,2,14,homozygous_deletion minus heterozygous,AT1,Hmga2,pseudobulk_mean_log2_CPM1,0,1,unavailable,,,,,
depth1000_seed20260928,2,14,homozygous_deletion minus heterozygous,AT1,Il1r1,pseudobulk_mean_log2_CPM1,0,1,unavailable,,,,,
depth1000_seed20260928,2,14,homozygous_deletion minus heterozygous,AT1,Itga2,pseudobulk_mean_log2_CPM1,0,1,unavailable,,,,,
depth1000_seed20260928,2,14,homozygous_deletion minus heterozygous,AT1,Mki67,pseudobulk_mean_log2_CPM1,0,1,unavailable,,,,,
depth1000_seed20260928,2,14,homozygous_deletion minus heterozygous,AT1,Nfkbia,pseudobulk_mean_log2_CPM1,0,1,unavailable,,,,,
depth1000_seed20260928,2,14,homozygous_deletion minus heterozygous,AT1,P53_RNA_control,pseudobulk_mean_log2_CPM1,0,1,unavailable,,,,,
depth1000_seed20260928,2,14,homozygous_deletion minus heterozygous,AT1,Spp1,pseudobulk_mean_log2_CPM1,0,1,unavailable,,,,,
depth1000_seed20260928,2,14,homozygous_deletion minus heterozygous,AT1,TNFA_NFKB_RNA_disjoint,pseudobulk_mean_log2_CPM1,0,1,unavailable,,,,,
depth1000_seed20260928,2,14,homozygous_deletion minus heterozygous,AT1,Tonsl,pseudobulk_mean_log2_CPM1,0,1,unavailable,,,,,
depth1000_seed20260928,2,14,homozygous_deletion minus heterozygous,AT1,Trp53,pseudobulk_mean_log2_CPM1,0,1,unavailable,,,,,
depth1000_seed20260928,2,14,homozygous_deletion minus heterozygous,AT1,cycling,pseudobulk_mean_log2_CPM1,0,1,unavailable,,,,,
depth1000_seed20260928,2,14,homozygous_deletion minus heterozygous,AT1,hypoxia_control,pseudobulk_mean_log2_CPM1,0,1,unavailable,,,,,
depth1000_seed20260928,2,14,homozygous_deletion minus heterozygous,AT1,lesion_gate_cycle_stress_disjoint,pseudobulk_mean_log2_CPM1,0,1,unavailable,,,,,
depth1000_seed20260928,2,14,homozygous_deletion minus heterozygous,AT1,lesion_specific,pseudobulk_mean_log2_CPM1,0,1,unavailable,,,,,
depth1000_seed20260928,2,14,homozygous_deletion minus heterozygous,AT1,priming_associated,pseudobulk_mean_log2_CPM1,0,1,unavailable,,,,,
depth1000_seed20260928,2,14,homozygous_deletion minus heterozygous,AT1,shared_gate_cycle_stress_disjoint,pseudobulk_mean_log2_CPM1,0,1,unavailable,,,,,
depth1000_seed20260928,2,14,homozygous_deletion minus heterozygous,AT1,shared_remodelling,pseudobulk_mean_log2_CPM1,0,1,unavailable,,,,,
depth1000_seed20260928,2,14,homozygous_deletion minus heterozygous,AT1,transition_RNA,pseudobulk_mean_log2_CPM1,0,1,unavailable,,,,,
depth1000_seed20260928,2,14,homozygous_deletion minus heterozygous,AT2,AT1_identity,pseudobulk_mean_log2_CPM1,2,2,estimated,-0.5899716943315538,-1.2541591676500365,0.07421577898692977,False,False
depth1000_seed20260928,2,14,homozygous_deletion minus heterozygous,AT2,AT2_identity,pseudobulk_mean_log2_CPM1,2,2,estimated,0.026493110569635547,-0.005700907439107894,0.05868712857838254,False,False
depth1000_seed20260928,2,14,homozygous_deletion minus heterozygous,AT2,Areg,pseudobulk_mean_log2_CPM1,2,2,estimated,0.35775446162532987,-0.8518463860743992,1.5673553093250572,False,False
depth1000_seed20260928,2,14,homozygous_deletion minus heterozygous,AT2,Axin2,pseudobulk_mean_log2_CPM1,2,2,estimated,1.9318303248309827,1.112740780504037,2.7509198691579284,True,False
depth1000_seed20260928,2,14,homozygous_deletion minus heterozygous,AT2,Cd177,pseudobulk_mean_log2_CPM1,2,2,estimated,-3.6080186362407938,-4.979822118062369,-2.236215154419218,True,False
depth1000_seed20260928,2,14,homozygous_deletion minus heterozygous,AT2,Cd38,pseudobulk_mean_log2_CPM1,2,2,estimated,-2.766887759111809,-4.700439718141092,-0.8333358000825264,True,False
depth1000_seed20260928,2,14,homozygous_deletion minus heterozygous,AT2,Dlk1,pseudobulk_mean_log2_CPM1,2,2,estimated,-2.516892027800978,-3.068189109678346,-1.96559494592361,True,False
depth1000_seed20260928,2,14,homozygous_deletion minus heterozygous,AT2,Ereg,pseudobulk_mean_log2_CPM1,2,2,estimated,-2.1109466198291598,-2.9554535610467383,-1.2664396786115804,True,False
depth1000_seed20260928,2,14,homozygous_deletion minus heterozygous,AT2,Hbegf,pseudobulk_mean_log2_CPM1,2,2,estimated,-0.07595101230181633,-1.06794604029787,0.9160440156942364,False,False
depth1000_seed20260928,2,14,homozygous_deletion minus heterozygous,AT2,Hmga2,pseudobulk_mean_log2_CPM1,2,2,estimated,0.0,0.0,0.0,False,False
depth1000_seed20260928,2,14,homozygous_deletion minus heterozygous,AT2,Il1r1,pseudobulk_mean_log2_CPM1,2,2,estimated,-0.9989385229199974,-1.7871036149200243,-0.21077343091997136,True,False
depth1000_seed20260928,2,14,homozygous_deletion minus heterozygous,AT2,Itga2,pseudobulk_mean_log2_CPM1,2,2,estimated,-2.5907493146588956,-3.1767641654998346,-2.0047344638179565,True,False
depth1000_seed20260928,2,14,homozygous_deletion minus heterozygous,AT2,Mki67,pseudobulk_mean_log2_CPM1,2,2,estimated,-0.1182525171259119,-0.2705897201092924,0.0340846858574686,False,False
depth1000_seed20260928,2,14,homozygous_deletion minus heterozygous,AT2,Nfkbia,pseudobulk_mean_log2_CPM1,2,2,estimated,0.0836591459275926,-0.22974484812648832,0.39706313998167353,False,False
depth1000_seed20260928,2,14,homozygous_deletion minus heterozygous,AT2,P53_RNA_control,pseudobulk_mean_log2_CPM1,2,2,estimated,-0.009366445674446666,-0.16860554378319037,0.14987265243429704,False,False
depth1000_seed20260928,2,14,homozygous_deletion minus heterozygous,AT2,Spp1,pseudobulk_mean_log2_CPM1,2,2,estimated,-0.9587689199040136,-1.9175378398080272,0.0,False,False
depth1000_seed20260928,2,14,homozygous_deletion minus heterozygous,AT2,TNFA_NFKB_RNA_disjoint,pseudobulk_mean_log2_CPM1,2,2,estimated,0.060222575641447396,-0.1489754611304943,0.26942061241338866,False,False
depth1000_seed20260928,2,14,homozygous_deletion minus heterozygous,AT2,Tonsl,pseudobulk_mean_log2_CPM1,2,2,estimated,-0.5662219204555972,-3.222392421336448,2.0899485804252538,False,False
depth1000_seed20260928,2,14,homozygous_deletion minus heterozygous,AT2,Trp53,pseudobulk_mean_log2_CPM1,2,2,estimated,-1.2014081395532088,-2.454289173053883,0.05147289394746579,False,False
depth1000_seed20260928,2,14,homozygous_deletion minus heterozygous,AT2,cycling,pseudobulk_mean_log2_CPM1,2,2,estimated,0.30745116130761563,0.15058493572187803,0.4643173868933532,True,False
depth1000_seed20260928,2,14,homozygous_deletion minus heterozygous,AT2,hypoxia_control,pseudobulk_mean_log2_CPM1,2,2,estimated,0.052176357911158266,-0.07866372129189125,0.1830164371142078,False,False
depth1000_seed20260928,2,14,homozygous_deletion minus heterozygous,AT2,lesion_gate_cycle_stress_disjoint,pseudobulk_mean_log2_CPM1,2,2,estimated,-0.003942169938883744,-0.10680706951003982,0.09892272963227144,False,False
depth1000_seed20260928,2,14,homozygous_deletion minus heterozygous,AT2,lesion_specific,pseudobulk_mean_log2_CPM1,2,2,estimated,-0.05422139430764972,-0.13628521988952613,0.02784243127422581,False,False
depth1000_seed20260928,2,14,homozygous_deletion minus heterozygous,AT2,priming_associated,pseudobulk_mean_log2_CPM1,2,2,estimated,-0.9376987205215741,-1.1722634407892425,-0.7031340002539039,True,False
depth1000_seed20260928,2,14,homozygous_deletion minus heterozygous,AT2,shared_gate_cycle_stress_disjoint,pseudobulk_mean_log2_CPM1,2,2,estimated,-0.26109770659308396,-0.6577640474426047,0.13556863425643684,False,False
depth1000_seed20260928,2,14,homozygous_deletion minus heterozygous,AT2,shared_remodelling,pseudobulk_mean_log2_CPM1,2,2,estimated,-0.2317809366382777,-0.5855965232325131,0.12203464995595859,False,False
depth1000_seed20260928,2,14,homozygous_deletion minus heterozygous,AT2,transition_RNA,pseudobulk_mean_log2_CPM1,2,2,estimated,-1.3856543299191193,-1.9056597180457073,-0.8656489417925322,True,False
depth1000_seed20260928,2,14,homozygous_deletion minus heterozygous,all,AT1_identity,pseudobulk_mean_log2_CPM1,2,2,estimated,-0.7788777226285868,-1.0641108185496178,-0.4936446267075567,True,False
depth1000_seed20260928,2,14,homozygous_deletion minus heterozygous,all,AT2_identity,pseudobulk_mean_log2_CPM1,2,2,estimated,0.15764270454912044,-0.015760925923711255,0.3310463350219539,False,False
depth1000_seed20260928,2,14,homozygous_deletion minus heterozygous,all,Areg,pseudobulk_mean_log2_CPM1,2,2,estimated,-0.30423096907180813,-1.4710845291021535,0.8626225909585381,False,False
depth1000_seed20260928,2,14,homozygous_deletion minus heterozygous,all,Axin2,pseudobulk_mean_log2_CPM1,2,2,estimated,1.496915547710894,1.1388446300894919,1.8549864653322956,True,False
depth1000_seed20260928,2,14,homozygous_deletion minus heterozygous,all,Cd177,pseudobulk_mean_log2_CPM1,2,2,estimated,-3.5239180640681345,-4.579605652220677,-2.4682304759155915,True,False
depth1000_seed20260928,2,14,homozygous_deletion minus heterozygous,all,Cd38,pseudobulk_mean_log2_CPM1,2,2,estimated,-1.5962672321636147,-2.3804316681001034,-0.812102796227125,True,False
depth1000_seed20260928,2,14,homozygous_deletion minus heterozygous,all,Dlk1,pseudobulk_mean_log2_CPM1,2,2,estimated,-2.382511010131178,-3.0122753989413287,-1.7527466213210277,True,False
depth1000_seed20260928,2,14,homozygous_deletion minus heterozygous,all,Ereg,pseudobulk_mean_log2_CPM1,2,2,estimated,-1.763326492975755,-2.2894747135996174,-1.2371782723518936,True,False
depth1000_seed20260928,2,14,homozygous_deletion minus heterozygous,all,Hbegf,pseudobulk_mean_log2_CPM1,2,2,estimated,-0.09996949095604979,-0.9513666726882892,0.7514276907761905,False,False
depth1000_seed20260928,2,14,homozygous_deletion minus heterozygous,all,Hmga2,pseudobulk_mean_log2_CPM1,2,2,estimated,-3.264423494330312,-5.116561149649268,-1.4122858390113562,True,False
depth1000_seed20260928,2,14,homozygous_deletion minus heterozygous,all,Il1r1,pseudobulk_mean_log2_CPM1,2,2,estimated,-0.7525824949833515,-1.4015735272254246,-0.10359146274127884,True,False
depth1000_seed20260928,2,14,homozygous_deletion minus heterozygous,all,Itga2,pseudobulk_mean_log2_CPM1,2,2,estimated,-3.272532088590552,-4.318458981149675,-2.226605196031429,True,False
depth1000_seed20260928,2,14,homozygous_deletion minus heterozygous,all,Mki67,pseudobulk_mean_log2_CPM1,2,2,estimated,-0.17071226534601225,-0.44591725724958886,0.10449272655756392,False,False
depth1000_seed20260928,2,14,homozygous_deletion minus heterozygous,all,Nfkbia,pseudobulk_mean_log2_CPM1,2,2,estimated,0.001576907011582307,-0.17051781780214448,0.17367163182531087,False,False
depth1000_seed20260928,2,14,homozygous_deletion minus heterozygous,all,P53_RNA_control,pseudobulk_mean_log2_CPM1,2,2,estimated,-0.16789955064563955,-0.29932096760973526,-0.036478133681543845,True,False
depth1000_seed20260928,2,14,homozygous_deletion minus heterozygous,all,Spp1,pseudobulk_mean_log2_CPM1,2,2,estimated,-4.825665446085524,-6.5952549677649595,-3.056075924406089,True,False
depth1000_seed20260928,2,14,homozygous_deletion minus heterozygous,all,TNFA_NFKB_RNA_disjoint,pseudobulk_mean_log2_CPM1,2,2,estimated,-0.20451808643661984,-0.40898510786343145,-5.106500980733841e-05,True,False
depth1000_seed20260928,2,14,homozygous_deletion minus heterozygous,all,Tonsl,pseudobulk_mean_log2_CPM1,2,2,estimated,0.4077498080757489,-0.9192809673411366,1.7347805834926346,False,False
depth1000_seed20260928,2,14,homozygous_deletion minus heterozygous,all,Trp53,pseudobulk_mean_log2_CPM1,2,2,estimated,-0.6974271185297871,-1.5931170468627478,0.19826280980317446,False,False
depth1000_seed20260928,2,14,homozygous_deletion minus heterozygous,all,cycling,pseudobulk_mean_log2_CPM1,2,2,estimated,-0.13119420557588501,-0.3815506310758492,0.11916221992407916,False,False
depth1000_seed20260928,2,14,homozygous_deletion minus heterozygous,all,hypoxia_control,pseudobulk_mean_log2_CPM1,2,2,estimated,-0.05330353494670437,-0.13080725450190922,0.024200184608500486,False,False
depth1000_seed20260928,2,14,homozygous_deletion minus heterozygous,all,lesion_gate_cycle_stress_disjoint,pseudobulk_mean_log2_CPM1,2,2,estimated,-0.40296606638663235,-0.6563926057124854,-0.14953952706077933,True,False
depth1000_seed20260928,2,14,homozygous_deletion minus heterozygous,all,lesion_specific,pseudobulk_mean_log2_CPM1,2,2,estimated,-0.49191247675384586,-0.7996947634918139,-0.18413019001587738,True,False
depth1000_seed20260928,2,14,homozygous_deletion minus heterozygous,all,priming_associated,pseudobulk_mean_log2_CPM1,2,2,estimated,-0.9606132137639563,-1.1656976757931012,-0.7555287517348095,True,False
depth1000_seed20260928,2,14,homozygous_deletion minus heterozygous,all,shared_gate_cycle_stress_disjoint,pseudobulk_mean_log2_CPM1,2,2,estimated,-0.6953972498182619,-1.3270675830256593,-0.06372691661086449,True,False
depth1000_seed20260928,2,14,homozygous_deletion minus heterozygous,all,shared_remodelling,pseudobulk_mean_log2_CPM1,2,2,estimated,-0.6093055623354484,-1.1714588652594191,-0.047152259411477715,True,False
depth1000_seed20260928,2,14,homozygous_deletion minus heterozygous,all,transition_RNA,pseudobulk_mean_log2_CPM1,2,2,estimated,-1.3211858742933469,-1.8813190308977026,-0.7610527176889912,True,False
depth1000_seed20260928,2,14,homozygous_deletion minus heterozygous,unresolved,AT1_identity,pseudobulk_mean_log2_CPM1,2,2,estimated,-1.4973018805757636,-2.5999793931681707,-0.3946243679833552,True,False
depth1000_seed20260928,2,14,homozygous_deletion minus heterozygous,unresolved,AT2_identity,pseudobulk_mean_log2_CPM1,2,2,estimated,0.28820365269442405,0.009432606308319436,0.5669746990805304,True,False
depth1000_seed20260928,2,14,homozygous_deletion minus heterozygous,unresolved,Areg,pseudobulk_mean_log2_CPM1,2,2,estimated,-0.539929410139683,-1.41733242275191,0.337473602472544,False,False
depth1000_seed20260928,2,14,homozygous_deletion minus heterozygous,unresolved,Axin2,pseudobulk_mean_log2_CPM1,2,2,estimated,1.2092749811614314,0.8290101843689528,1.589539777953909,True,False
depth1000_seed20260928,2,14,homozygous_deletion minus heterozygous,unresolved,Cd177,pseudobulk_mean_log2_CPM1,2,2,estimated,-3.6854599793209823,-4.265818078667374,-3.10510187997459,True,False
depth1000_seed20260928,2,14,homozygous_deletion minus heterozygous,unresolved,Cd38,pseudobulk_mean_log2_CPM1,2,2,estimated,-0.5120149449436826,-0.8702329420547028,-0.15379694783266196,True,False
depth1000_seed20260928,2,14,homozygous_deletion minus heterozygous,unresolved,Dlk1,pseudobulk_mean_log2_CPM1,2,2,estimated,-4.026734400911683,-5.876535606407346,-2.17693319541602,True,False
depth1000_seed20260928,2,14,homozygous_deletion minus heterozygous,unresolved,Ereg,pseudobulk_mean_log2_CPM1,2,2,estimated,-1.406037239923788,-2.8137913385000846,0.0017168586525100338,False,False
depth1000_seed20260928,2,14,homozygous_deletion minus heterozygous,unresolved,Hbegf,pseudobulk_mean_log2_CPM1,2,2,estimated,0.0429022412261757,-0.5870430918763532,0.6728475743287037,False,False
depth1000_seed20260928,2,14,homozygous_deletion minus heterozygous,unresolved,Hmga2,pseudobulk_mean_log2_CPM1,2,2,estimated,-3.7817359031869664,-6.147893073189424,-1.4155787331845087,True,False
depth1000_seed20260928,2,14,homozygous_deletion minus heterozygous,unresolved,Il1r1,pseudobulk_mean_log2_CPM1,2,2,estimated,-0.44136460478409223,-1.577945826520605,0.6952166169524205,False,False
depth1000_seed20260928,2,14,homozygous_deletion minus heterozygous,unresolved,Itga2,pseudobulk_mean_log2_CPM1,2,2,estimated,-2.8237876365347496,-3.8660404067064453,-1.7815348663630557,True,False
depth1000_seed20260928,2,14,homozygous_deletion minus heterozygous,unresolved,Mki67,pseudobulk_mean_log2_CPM1,2,2,estimated,-2.280678833355342,-4.322750690200471,-0.238606976510213,True,False
depth1000_seed20260928,2,14,homozygous_deletion minus heterozygous,unresolved,Nfkbia,pseudobulk_mean_log2_CPM1,2,2,estimated,-0.051421466836984564,-0.256096439376015,0.15325350570204588,False,False
depth1000_seed20260928,2,14,homozygous_deletion minus heterozygous,unresolved,P53_RNA_control,pseudobulk_mean_log2_CPM1,2,2,estimated,-0.2705405691689542,-0.3938640186860338,-0.14721711965187456,True,False
depth1000_seed20260928,2,14,homozygous_deletion minus heterozygous,unresolved,Spp1,pseudobulk_mean_log2_CPM1,2,2,estimated,-6.020989123644657,-7.7192275570888444,-4.322750690200471,True,False
depth1000_seed20260928,2,14,homozygous_deletion minus heterozygous,unresolved,TNFA_NFKB_RNA_disjoint,pseudobulk_mean_log2_CPM1,2,2,estimated,-0.35002152626982674,-0.48116389095595125,-0.21887916158370224,True,False
depth1000_seed20260928,2,14,homozygous_deletion minus heterozygous,unresolved,Tonsl,pseudobulk_mean_log2_CPM1,2,2,estimated,1.3015778087435628,0.0,2.6031556174871255,False,False
depth1000_seed20260928,2,14,homozygous_deletion minus heterozygous,unresolved,Trp53,pseudobulk_mean_log2_CPM1,2,2,estimated,-0.27657205881830915,-1.0754306021994342,0.5222864845628168,False,False
depth1000_seed20260928,2,14,homozygous_deletion minus heterozygous,unresolved,cycling,pseudobulk_mean_log2_CPM1,2,2,estimated,-1.5033323190422427,-2.1329708727789467,-0.8736937653055374,True,False
depth1000_seed20260928,2,14,homozygous_deletion minus heterozygous,unresolved,hypoxia_control,pseudobulk_mean_log2_CPM1,2,2,estimated,-0.10316377388827247,-0.23157768495188336,0.025250137175338416,False,False
depth1000_seed20260928,2,14,homozygous_deletion minus heterozygous,unresolved,lesion_gate_cycle_stress_disjoint,pseudobulk_mean_log2_CPM1,2,2,estimated,-0.5261088347152993,-0.8527169868956412,-0.1995006825349579,True,False
depth1000_seed20260928,2,14,homozygous_deletion minus heterozygous,unresolved,lesion_specific,pseudobulk_mean_log2_CPM1,2,2,estimated,-0.6716511365407807,-1.083302241583778,-0.2600000314977833,True,False
depth1000_seed20260928,2,14,homozygous_deletion minus heterozygous,unresolved,priming_associated,pseudobulk_mean_log2_CPM1,2,2,estimated,-1.149020713964923,-1.6505591116351042,-0.6474823162947434,True,False
depth1000_seed20260928,2,14,homozygous_deletion minus heterozygous,unresolved,shared_gate_cycle_stress_disjoint,pseudobulk_mean_log2_CPM1,2,2,estimated,-0.9217100214092877,-1.636607185136179,-0.20681285768239732,True,False
depth1000_seed20260928,2,14,homozygous_deletion minus heterozygous,unresolved,shared_remodelling,pseudobulk_mean_log2_CPM1,2,2,estimated,-0.8080274339372604,-1.4077927341407381,-0.20826213373378089,True,False
depth1000_seed20260928,2,14,homozygous_deletion minus heterozygous,unresolved,transition_RNA,pseudobulk_mean_log2_CPM1,2,2,estimated,-1.1729182035107746,-1.6158065624738729,-0.730029844547678,True,False
depth1000_seed20260928,2,84,homozygous_deletion minus heterozygous,AT1,AT1_identity,pseudobulk_mean_log2_CPM1,1,1,single_library_side,0.2447499687317478,0.2447499687317478,0.2447499687317478,True,False
depth1000_seed20260928,2,84,homozygous_deletion minus heterozygous,AT1,AT2_identity,pseudobulk_mean_log2_CPM1,1,1,single_library_side,1.7935060687122668,1.7935060687122668,1.7935060687122668,True,False
depth1000_seed20260928,2,84,homozygous_deletion minus heterozygous,AT1,Areg,pseudobulk_mean_log2_CPM1,1,1,single_library_side,-2.474631079340204,-2.474631079340204,-2.474631079340204,True,False
depth1000_seed20260928,2,84,homozygous_deletion minus heterozygous,AT1,Axin2,pseudobulk_mean_log2_CPM1,1,1,single_library_side,5.0556323069812334,5.0556323069812334,5.0556323069812334,True,False
depth1000_seed20260928,2,84,homozygous_deletion minus heterozygous,AT1,Cd177,pseudobulk_mean_log2_CPM1,1,1,single_library_side,0.0,0.0,0.0,False,False
depth1000_seed20260928,2,84,homozygous_deletion minus heterozygous,AT1,Cd38,pseudobulk_mean_log2_CPM1,1,1,single_library_side,0.0,0.0,0.0,False,False
depth1000_seed20260928,2,84,homozygous_deletion minus heterozygous,AT1,Dlk1,pseudobulk_mean_log2_CPM1,1,1,single_library_side,-7.533022285306079,-7.533022285306079,-7.533022285306079,True,False
depth1000_seed20260928,2,84,homozygous_deletion minus heterozygous,AT1,Ereg,pseudobulk_mean_log2_CPM1,1,1,single_library_side,-7.72469334861516,-7.72469334861516,-7.72469334861516,True,False
depth1000_seed20260928,2,84,homozygous_deletion minus heterozygous,AT1,Hbegf,pseudobulk_mean_log2_CPM1,1,1,single_library_side,-1.1866891110966185,-1.1866891110966185,-1.1866891110966185,True,False
depth1000_seed20260928,2,84,homozygous_deletion minus heterozygous,AT1,Hmga2,pseudobulk_mean_log2_CPM1,1,1,single_library_side,0.0,0.0,0.0,False,False
depth1000_seed20260928,2,84,homozygous_deletion minus heterozygous,AT1,Il1r1,pseudobulk_mean_log2_CPM1,1,1,single_library_side,1.2621149989949823,1.2621149989949823,1.2621149989949823,True,False
depth1000_seed20260928,2,84,homozygous_deletion minus heterozygous,AT1,Itga2,pseudobulk_mean_log2_CPM1,1,1,single_library_side,-0.6893785157409953,-0.6893785157409953,-0.6893785157409953,True,False
depth1000_seed20260928,2,84,homozygous_deletion minus heterozygous,AT1,Mki67,pseudobulk_mean_log2_CPM1,1,1,single_library_side,0.0,0.0,0.0,False,False
depth1000_seed20260928,2,84,homozygous_deletion minus heterozygous,AT1,Nfkbia,pseudobulk_mean_log2_CPM1,1,1,single_library_side,1.940028765154847,1.940028765154847,1.940028765154847,True,False
depth1000_seed20260928,2,84,homozygous_deletion minus heterozygous,AT1,P53_RNA_control,pseudobulk_mean_log2_CPM1,1,1,single_library_side,-0.019994694333131946,-0.019994694333131946,-0.019994694333131946,True,False
depth1000_seed20260928,2,84,homozygous_deletion minus heterozygous,AT1,Spp1,pseudobulk_mean_log2_CPM1,1,1,single_library_side,-5.745010822722229,-5.745010822722229,-5.745010822722229,True,False
depth1000_seed20260928,2,84,homozygous_deletion minus heterozygous,AT1,TNFA_NFKB_RNA_disjoint,pseudobulk_mean_log2_CPM1,1,1,single_library_side,0.15537358119706912,0.15537358119706912,0.15537358119706912,True,False
depth1000_seed20260928,2,84,homozygous_deletion minus heterozygous,AT1,Tonsl,pseudobulk_mean_log2_CPM1,1,1,single_library_side,0.0,0.0,0.0,False,False
depth1000_seed20260928,2,84,homozygous_deletion minus heterozygous,AT1,Trp53,pseudobulk_mean_log2_CPM1,1,1,single_library_side,-0.28720042714922034,-0.28720042714922034,-0.28720042714922034,True,False
depth1000_seed20260928,2,84,homozygous_deletion minus heterozygous,AT1,cycling,pseudobulk_mean_log2_CPM1,1,1,single_library_side,0.3329511953122042,0.3329511953122042,0.3329511953122042,True,False
depth1000_seed20260928,2,84,homozygous_deletion minus heterozygous,AT1,hypoxia_control,pseudobulk_mean_log2_CPM1,1,1,single_library_side,0.4508464468306834,0.4508464468306834,0.4508464468306834,True,False
depth1000_seed20260928,2,84,homozygous_deletion minus heterozygous,AT1,lesion_gate_cycle_stress_disjoint,pseudobulk_mean_log2_CPM1,1,1,single_library_side,-1.2316564285831666,-1.2316564285831666,-1.2316564285831666,True,False
depth1000_seed20260928,2,84,homozygous_deletion minus heterozygous,AT1,lesion_specific,pseudobulk_mean_log2_CPM1,1,1,single_library_side,-0.8185905948792698,-0.8185905948792698,-0.8185905948792698,True,False
depth1000_seed20260928,2,84,homozygous_deletion minus heterozygous,AT1,priming_associated,pseudobulk_mean_log2_CPM1,1,1,single_library_side,-0.15744722006946255,-0.15744722006946255,-0.15744722006946255,True,False
depth1000_seed20260928,2,84,homozygous_deletion minus heterozygous,AT1,shared_gate_cycle_stress_disjoint,pseudobulk_mean_log2_CPM1,1,1,single_library_side,-1.7980806568102352,-1.7980806568102352,-1.7980806568102352,True,False
depth1000_seed20260928,2,84,homozygous_deletion minus heterozygous,AT1,shared_remodelling,pseudobulk_mean_log2_CPM1,1,1,single_library_side,-1.724701258120846,-1.724701258120846,-1.724701258120846,True,False
depth1000_seed20260928,2,84,homozygous_deletion minus heterozygous,AT1,transition_RNA,pseudobulk_mean_log2_CPM1,1,1,single_library_side,0.442501149973074,0.442501149973074,0.442501149973074,True,False
depth1000_seed20260928,2,84,homozygous_deletion minus heterozygous,AT2,AT1_identity,pseudobulk_mean_log2_CPM1,2,2,estimated,0.012558172064521589,-0.014512191287404885,0.03962853541644806,False,False
depth1000_seed20260928,2,84,homozygous_deletion minus heterozygous,AT2,AT2_identity,pseudobulk_mean_log2_CPM1,2,2,estimated,0.27418009072492744,0.006777242236065462,0.5415829392137876,True,False
depth1000_seed20260928,2,84,homozygous_deletion minus heterozygous,AT2,Areg,pseudobulk_mean_log2_CPM1,2,2,estimated,-0.7467702666607678,-1.3558599212820361,-0.13768061203950133,True,False
depth1000_seed20260928,2,84,homozygous_deletion minus heterozygous,AT2,Axin2,pseudobulk_mean_log2_CPM1,2,2,estimated,0.2998922994359079,-0.6439453036477731,1.2437299025195894,False,False
depth1000_seed20260928,2,84,homozygous_deletion minus heterozygous,AT2,Cd177,pseudobulk_mean_log2_CPM1,2,2,estimated,-4.446501561777847,-7.688999566507011,-1.2040035570486836,True,False
depth1000_seed20260928,2,84,homozygous_deletion minus heterozygous,AT2,Cd38,pseudobulk_mean_log2_CPM1,2,2,estimated,0.5958127950273425,-0.07647980532653076,1.2681053953812158,False,False
depth1000_seed20260928,2,84,homozygous_deletion minus heterozygous,AT2,Dlk1,pseudobulk_mean_log2_CPM1,2,2,estimated,-5.23341586899092,-9.84649779326235,-0.6203339447194902,True,False
depth1000_seed20260928,2,84,homozygous_deletion minus heterozygous,AT2,Ereg,pseudobulk_mean_log2_CPM1,2,2,estimated,-3.6146868456525096,-6.346197109650507,-0.8831765816545118,True,False
depth1000_seed20260928,2,84,homozygous_deletion minus heterozygous,AT2,Hbegf,pseudobulk_mean_log2_CPM1,2,2,estimated,-1.3190084690427604,-2.346668185971688,-0.2913487521138318,True,False
depth1000_seed20260928,2,84,homozygous_deletion minus heterozygous,AT2,Hmga2,pseudobulk_mean_log2_CPM1,2,2,estimated,-1.6557930753329517,-3.3115861506659034,0.0,False,False
depth1000_seed20260928,2,84,homozygous_deletion minus heterozygous,AT2,Il1r1,pseudobulk_mean_log2_CPM1,2,2,estimated,1.6455590155162958,-0.7447560064256713,4.035874037458263,False,False
depth1000_seed20260928,2,84,homozygous_deletion minus heterozygous,AT2,Itga2,pseudobulk_mean_log2_CPM1,2,2,estimated,-2.2509842552984645,-5.770073905978145,1.2681053953812158,False,False
depth1000_seed20260928,2,84,homozygous_deletion minus heterozygous,AT2,Mki67,pseudobulk_mean_log2_CPM1,2,2,estimated,-0.6378172625800516,-0.9260578935497823,-0.3495766316103208,True,False
depth1000_seed20260928,2,84,homozygous_deletion minus heterozygous,AT2,Nfkbia,pseudobulk_mean_log2_CPM1,2,2,estimated,0.062235847299710656,-0.9961138612718079,1.1205855558712283,False,False
depth1000_seed20260928,2,84,homozygous_deletion minus heterozygous,AT2,P53_RNA_control,pseudobulk_mean_log2_CPM1,2,2,estimated,0.10304023227530834,-0.3114580127592772,0.5175384773098939,False,False
depth1000_seed20260928,2,84,homozygous_deletion minus heterozygous,AT2,Spp1,pseudobulk_mean_log2_CPM1,2,2,estimated,-6.116515529891676,-9.091813154076718,-3.141217905706634,True,False
depth1000_seed20260928,2,84,homozygous_deletion minus heterozygous,AT2,TNFA_NFKB_RNA_disjoint,pseudobulk_mean_log2_CPM1,2,2,estimated,-0.04426624037618243,-0.4309340548835361,0.34240157413117034,False,False
depth1000_seed20260928,2,84,homozygous_deletion minus heterozygous,AT2,Tonsl,pseudobulk_mean_log2_CPM1,2,2,estimated,0.5958127950273425,-0.07647980532653076,1.2681053953812158,False,False
depth1000_seed20260928,2,84,homozygous_deletion minus heterozygous,AT2,Trp53,pseudobulk_mean_log2_CPM1,2,2,estimated,0.9682317062777921,-0.63598347745548,2.572446890011063,False,False
depth1000_seed20260928,2,84,homozygous_deletion minus heterozygous,AT2,cycling,pseudobulk_mean_log2_CPM1,2,2,estimated,-0.2897429396261719,-1.2888837525057646,0.7093978732534203,False,False
depth1000_seed20260928,2,84,homozygous_deletion minus heterozygous,AT2,hypoxia_control,pseudobulk_mean_log2_CPM1,2,2,estimated,0.0003184583261153229,-0.27751113939867045,0.27814805605090065,False,False
depth1000_seed20260928,2,84,homozygous_deletion minus heterozygous,AT2,lesion_gate_cycle_stress_disjoint,pseudobulk_mean_log2_CPM1,2,2,estimated,0.050557194341187994,-0.43947206594348653,0.5405864546258621,False,False
depth1000_seed20260928,2,84,homozygous_deletion minus heterozygous,AT2,lesion_specific,pseudobulk_mean_log2_CPM1,2,2,estimated,-0.014280339307306988,-0.4134740067378848,0.38491332812327084,False,False
depth1000_seed20260928,2,84,homozygous_deletion minus heterozygous,AT2,priming_associated,pseudobulk_mean_log2_CPM1,2,2,estimated,-1.1967674097987988,-2.0860544159179275,-0.307480403679671,True,False
depth1000_seed20260928,2,84,homozygous_deletion minus heterozygous,AT2,shared_gate_cycle_stress_disjoint,pseudobulk_mean_log2_CPM1,2,2,estimated,-0.7503506192938918,-1.1774200972630249,-0.3232811413247587,True,False
depth1000_seed20260928,2,84,homozygous_deletion minus heterozygous,AT2,shared_remodelling,pseudobulk_mean_log2_CPM1,2,2,estimated,-0.6652416490148596,-1.062743647095938,-0.26773965093378127,True,False
depth1000_seed20260928,2,84,homozygous_deletion minus heterozygous,AT2,transition_RNA,pseudobulk_mean_log2_CPM1,2,2,estimated,-0.031942777156154456,-0.8046316407547955,0.7407460864424866,False,False
depth1000_seed20260928,2,84,homozygous_deletion minus heterozygous,all,AT1_identity,pseudobulk_mean_log2_CPM1,2,2,estimated,-0.5364435641964223,-1.583595604649691,0.5107084762568466,False,False
depth1000_seed20260928,2,84,homozygous_deletion minus heterozygous,all,AT2_identity,pseudobulk_mean_log2_CPM1,2,2,estimated,1.0316959543877395,0.19187874604359756,1.871513162731878,True,False
depth1000_seed20260928,2,84,homozygous_deletion minus heterozygous,all,Areg,pseudobulk_mean_log2_CPM1,2,2,estimated,-1.6854682344963354,-3.3277636196257294,-0.04317284936694321,True,False
depth1000_seed20260928,2,84,homozygous_deletion minus heterozygous,all,Axin2,pseudobulk_mean_log2_CPM1,2,2,estimated,1.3814473651018577,-0.6426981762475159,3.405592906451232,False,False
depth1000_seed20260928,2,84,homozygous_deletion minus heterozygous,all,Cd177,pseudobulk_mean_log2_CPM1,2,2,estimated,-3.3488667407069554,-5.931272928696648,-0.7664605527172627,True,False
depth1000_seed20260928,2,84,homozygous_deletion minus heterozygous,all,Cd38,pseudobulk_mean_log2_CPM1,2,2,estimated,-1.4684941730644114,-2.5122248259444158,-0.4247635201844071,True,False
depth1000_seed20260928,2,84,homozygous_deletion minus heterozygous,all,Dlk1,pseudobulk_mean_log2_CPM1,2,2,estimated,-4.42142702308007,-8.368761033887848,-0.4740930122722926,True,False
depth1000_seed20260928,2,84,homozygous_deletion minus heterozygous,all,Ereg,pseudobulk_mean_log2_CPM1,2,2,estimated,-3.7907489581988973,-7.3178683825283715,-0.26362953386942256,True,False
depth1000_seed20260928,2,84,homozygous_deletion minus heterozygous,all,Hbegf,pseudobulk_mean_log2_CPM1,2,2,estimated,-1.8923472612295598,-3.5852869485635077,-0.1994075738956118,True,False
depth1000_seed20260928,2,84,homozygous_deletion minus heterozygous,all,Hmga2,pseudobulk_mean_log2_CPM1,2,2,estimated,-3.6430001697967995,-7.276314130939984,-0.009686208653615136,True,False
depth1000_seed20260928,2,84,homozygous_deletion minus heterozygous,all,Il1r1,pseudobulk_mean_log2_CPM1,2,2,estimated,0.13499318198351684,-0.6487077041736962,0.9186940681407303,False,False
depth1000_seed20260928,2,84,homozygous_deletion minus heterozygous,all,Itga2,pseudobulk_mean_log2_CPM1,2,2,estimated,-2.64607282971223,-5.2714848025297965,-0.02066085689466224,True,False
depth1000_seed20260928,2,84,homozygous_deletion minus heterozygous,all,Mki67,pseudobulk_mean_log2_CPM1,2,2,estimated,0.01912601419251958,-0.12861956728711332,0.16687159567215293,False,False
depth1000_seed20260928,2,84,homozygous_deletion minus heterozygous,all,Nfkbia,pseudobulk_mean_log2_CPM1,2,2,estimated,-0.4814214824784653,-1.4425497557674243,0.47970679081049283,False,False
depth1000_seed20260928,2,84,homozygous_deletion minus heterozygous,all,P53_RNA_control,pseudobulk_mean_log2_CPM1,2,2,estimated,-0.3004054566845298,-0.553701437848737,-0.04710947552032252,True,False
depth1000_seed20260928,2,84,homozygous_deletion minus heterozygous,all,Spp1,pseudobulk_mean_log2_CPM1,2,2,estimated,-3.60738810411773,-6.873226475758287,-0.3415497324771746,True,False
depth1000_seed20260928,2,84,homozygous_deletion minus heterozygous,all,TNFA_NFKB_RNA_disjoint,pseudobulk_mean_log2_CPM1,2,2,estimated,-0.34443896977558364,-0.8460046398067913,0.15712670025562492,False,False
depth1000_seed20260928,2,84,homozygous_deletion minus heterozygous,all,Tonsl,pseudobulk_mean_log2_CPM1,2,2,estimated,0.818383026153056,0.5672980139124881,1.069468038393624,True,False
depth1000_seed20260928,2,84,homozygous_deletion minus heterozygous,all,Trp53,pseudobulk_mean_log2_CPM1,2,2,estimated,-0.3841979487311553,-1.0256917813112887,0.25729588384897895,False,False
depth1000_seed20260928,2,84,homozygous_deletion minus heterozygous,all,cycling,pseudobulk_mean_log2_CPM1,2,2,estimated,-0.21604672604408393,-0.40105549096383175,-0.03103796112433521,True,False
depth1000_seed20260928,2,84,homozygous_deletion minus heterozygous,all,hypoxia_control,pseudobulk_mean_log2_CPM1,2,2,estimated,-0.23945580880986128,-0.6328998602586435,0.15398824263891964,False,False
depth1000_seed20260928,2,84,homozygous_deletion minus heterozygous,all,lesion_gate_cycle_stress_disjoint,pseudobulk_mean_log2_CPM1,2,2,estimated,-0.6686960141443761,-1.1786027158583248,-0.15878931243042826,True,False
depth1000_seed20260928,2,84,homozygous_deletion minus heterozygous,all,lesion_specific,pseudobulk_mean_log2_CPM1,2,2,estimated,-0.7352223050413502,-1.2979623197394559,-0.17248229034324503,True,False
depth1000_seed20260928,2,84,homozygous_deletion minus heterozygous,all,priming_associated,pseudobulk_mean_log2_CPM1,2,2,estimated,-0.26380837385257294,-0.3707641275852893,-0.15685262011985834,True,False
depth1000_seed20260928,2,84,homozygous_deletion minus heterozygous,all,shared_gate_cycle_stress_disjoint,pseudobulk_mean_log2_CPM1,2,2,estimated,-1.1090173663652196,-2.177483040844618,-0.040551691885822194,True,False
depth1000_seed20260928,2,84,homozygous_deletion minus heterozygous,all,shared_remodelling,pseudobulk_mean_log2_CPM1,2,2,estimated,-1.0460731104190497,-2.0442658782345626,-0.047880342603536796,True,False
depth1000_seed20260928,2,84,homozygous_deletion minus heterozygous,all,transition_RNA,pseudobulk_mean_log2_CPM1,2,2,estimated,-1.0907289277596792,-2.455818486924846,0.2743606314054885,False,False
depth1000_seed20260928,2,84,homozygous_deletion minus heterozygous,mixed,AT1_identity,pseudobulk_mean_log2_CPM1,1,1,single_library_side,0.03446396220548342,0.03446396220548342,0.03446396220548342,True,False
depth1000_seed20260928,2,84,homozygous_deletion minus heterozygous,mixed,AT2_identity,pseudobulk_mean_log2_CPM1,1,1,single_library_side,0.09244153737107119,0.09244153737107119,0.09244153737107119,True,False
depth1000_seed20260928,2,84,homozygous_deletion minus heterozygous,mixed,Areg,pseudobulk_mean_log2_CPM1,1,1,single_library_side,-0.21952674629059032,-0.21952674629059032,-0.21952674629059032,True,False
depth1000_seed20260928,2,84,homozygous_deletion minus heterozygous,mixed,Axin2,pseudobulk_mean_log2_CPM1,1,1,single_library_side,5.637508462414636,5.637508462414636,5.637508462414636,True,False
depth1000_seed20260928,2,84,homozygous_deletion minus heterozygous,mixed,Cd177,pseudobulk_mean_log2_CPM1,1,1,single_library_side,0.0,0.0,0.0,False,False
depth1000_seed20260928,2,84,homozygous_deletion minus heterozygous,mixed,Cd38,pseudobulk_mean_log2_CPM1,1,1,single_library_side,0.0,0.0,0.0,False,False
depth1000_seed20260928,2,84,homozygous_deletion minus heterozygous,mixed,Dlk1,pseudobulk_mean_log2_CPM1,1,1,single_library_side,0.0,0.0,0.0,False,False
depth1000_seed20260928,2,84,homozygous_deletion minus heterozygous,mixed,Ereg,pseudobulk_mean_log2_CPM1,1,1,single_library_side,0.0,0.0,0.0,False,False
depth1000_seed20260928,2,84,homozygous_deletion minus heterozygous,mixed,Hbegf,pseudobulk_mean_log2_CPM1,1,1,single_library_side,1.4139276685238844,1.4139276685238844,1.4139276685238844,True,False
depth1000_seed20260928,2,84,homozygous_deletion minus heterozygous,mixed,Hmga2,pseudobulk_mean_log2_CPM1,1,1,single_library_side,0.0,0.0,0.0,False,False
depth1000_seed20260928,2,84,homozygous_deletion minus heterozygous,mixed,Il1r1,pseudobulk_mean_log2_CPM1,1,1,single_library_side,-6.5221356632657175,-6.5221356632657175,-6.5221356632657175,True,False
depth1000_seed20260928,2,84,homozygous_deletion minus heterozygous,mixed,Itga2,pseudobulk_mean_log2_CPM1,1,1,single_library_side,0.0,0.0,0.0,False,False
depth1000_seed20260928,2,84,homozygous_deletion minus heterozygous,mixed,Mki67,pseudobulk_mean_log2_CPM1,1,1,single_library_side,4.666202348681334,4.666202348681334,4.666202348681334,True,False
depth1000_seed20260928,2,84,homozygous_deletion minus heterozygous,mixed,Nfkbia,pseudobulk_mean_log2_CPM1,1,1,single_library_side,-0.5033164191920649,-0.5033164191920649,-0.5033164191920649,True,False
depth1000_seed20260928,2,84,homozygous_deletion minus heterozygous,mixed,P53_RNA_control,pseudobulk_mean_log2_CPM1,1,1,single_library_side,0.1965023905731873,0.1965023905731873,0.1965023905731873,True,False
depth1000_seed20260928,2,84,homozygous_deletion minus heterozygous,mixed,Spp1,pseudobulk_mean_log2_CPM1,1,1,single_library_side,0.0,0.0,0.0,False,False
depth1000_seed20260928,2,84,homozygous_deletion minus heterozygous,mixed,TNFA_NFKB_RNA_disjoint,pseudobulk_mean_log2_CPM1,1,1,single_library_side,0.19163170844731514,0.19163170844731514,0.19163170844731514,True,False
depth1000_seed20260928,2,84,homozygous_deletion minus heterozygous,mixed,Tonsl,pseudobulk_mean_log2_CPM1,1,1,single_library_side,0.0,0.0,0.0,False,False
depth1000_seed20260928,2,84,homozygous_deletion minus heterozygous,mixed,Trp53,pseudobulk_mean_log2_CPM1,1,1,single_library_side,0.9969418539050015,0.9969418539050015,0.9969418539050015,True,False
depth1000_seed20260928,2,84,homozygous_deletion minus heterozygous,mixed,cycling,pseudobulk_mean_log2_CPM1,1,1,single_library_side,2.956577071421783,2.956577071421783,2.956577071421783,True,False
depth1000_seed20260928,2,84,homozygous_deletion minus heterozygous,mixed,hypoxia_control,pseudobulk_mean_log2_CPM1,1,1,single_library_side,-0.09535954906189614,-0.09535954906189614,-0.09535954906189614,True,False
depth1000_seed20260928,2,84,homozygous_deletion minus heterozygous,mixed,lesion_gate_cycle_stress_disjoint,pseudobulk_mean_log2_CPM1,1,1,single_library_side,-0.4080622970055432,-0.4080622970055432,-0.4080622970055432,True,False
depth1000_seed20260928,2,84,homozygous_deletion minus heterozygous,mixed,lesion_specific,pseudobulk_mean_log2_CPM1,1,1,single_library_side,-0.1796622681215183,-0.1796622681215183,-0.1796622681215183,True,False
depth1000_seed20260928,2,84,homozygous_deletion minus heterozygous,mixed,priming_associated,pseudobulk_mean_log2_CPM1,1,1,single_library_side,-0.10857397911746247,-0.10857397911746247,-0.10857397911746247,True,False
depth1000_seed20260928,2,84,homozygous_deletion minus heterozygous,mixed,shared_gate_cycle_stress_disjoint,pseudobulk_mean_log2_CPM1,1,1,single_library_side,-1.141337259792671,-1.141337259792671,-1.141337259792671,True,False
depth1000_seed20260928,2,84,homozygous_deletion minus heterozygous,mixed,shared_remodelling,pseudobulk_mean_log2_CPM1,1,1,single_library_side,-0.8941337176818438,-0.8941337176818438,-0.8941337176818438,True,False
depth1000_seed20260928,2,84,homozygous_deletion minus heterozygous,mixed,transition_RNA,pseudobulk_mean_log2_CPM1,1,1,single_library_side,-0.5755247539664081,-0.5755247539664081,-0.5755247539664081,True,False
depth1000_seed20260928,2,84,homozygous_deletion minus heterozygous,unresolved,AT1_identity,pseudobulk_mean_log2_CPM1,2,2,estimated,-0.2765445015436878,-1.7904007398106359,1.237311736723262,False,False
depth1000_seed20260928,2,84,homozygous_deletion minus heterozygous,unresolved,AT2_identity,pseudobulk_mean_log2_CPM1,2,2,estimated,1.2559391614095006,0.4853838681104641,2.026494454708539,True,False
depth1000_seed20260928,2,84,homozygous_deletion minus heterozygous,unresolved,Areg,pseudobulk_mean_log2_CPM1,2,2,estimated,-1.7715861711905632,-3.5308023078004975,-0.012370034580630573,True,False
depth1000_seed20260928,2,84,homozygous_deletion minus heterozygous,unresolved,Axin2,pseudobulk_mean_log2_CPM1,2,2,estimated,1.649747633601786,-0.8634655131829265,4.1629607803864985,False,False
depth1000_seed20260928,2,84,homozygous_deletion minus heterozygous,unresolved,Cd177,pseudobulk_mean_log2_CPM1,2,2,estimated,-2.9224824330466057,-5.444706535345773,-0.40025833074743833,True,False
depth1000_seed20260928,2,84,homozygous_deletion minus heterozygous,unresolved,Cd38,pseudobulk_mean_log2_CPM1,2,2,estimated,-1.2034169077486792,-2.7038952767773115,0.29706146127995314,False,False
depth1000_seed20260928,2,84,homozygous_deletion minus heterozygous,unresolved,Dlk1,pseudobulk_mean_log2_CPM1,2,2,estimated,-4.004879573047519,-8.009759146095037,0.0,False,False
depth1000_seed20260928,2,84,homozygous_deletion minus heterozygous,unresolved,Ereg,pseudobulk_mean_log2_CPM1,2,2,estimated,-3.2605453094867363,-7.395541731492583,0.8744511125191095,False,False
depth1000_seed20260928,2,84,homozygous_deletion minus heterozygous,unresolved,Hbegf,pseudobulk_mean_log2_CPM1,2,2,estimated,-2.0350256972797087,-4.05276460425147,-0.01728679030794744,True,False
depth1000_seed20260928,2,84,homozygous_deletion minus heterozygous,unresolved,Hmga2,pseudobulk_mean_log2_CPM1,2,2,estimated,-2.9422748902943296,-7.523395122285113,1.6388453416964541,False,False
depth1000_seed20260928,2,84,homozygous_deletion minus heterozygous,unresolved,Il1r1,pseudobulk_mean_log2_CPM1,2,2,estimated,0.411333947255879,-0.38327010439726816,1.2059379989090266,False,False
depth1000_seed20260928,2,84,homozygous_deletion minus heterozygous,unresolved,Itga2,pseudobulk_mean_log2_CPM1,2,2,estimated,-2.6488976583046644,-5.755096050584955,0.4573007339756252,False,False
depth1000_seed20260928,2,84,homozygous_deletion minus heterozygous,unresolved,Mki67,pseudobulk_mean_log2_CPM1,2,2,estimated,0.5118564106891759,0.13777076171295333,0.885942059665398,True,False
depth1000_seed20260928,2,84,homozygous_deletion minus heterozygous,unresolved,Nfkbia,pseudobulk_mean_log2_CPM1,2,2,estimated,-0.49734042250282684,-1.831014587017206,0.8363337420115489,False,False
depth1000_seed20260928,2,84,homozygous_deletion minus heterozygous,unresolved,P53_RNA_control,pseudobulk_mean_log2_CPM1,2,2,estimated,-0.2686882191220086,-0.4892903051422737,-0.04808613310174259,True,False
depth1000_seed20260928,2,84,homozygous_deletion minus heterozygous,unresolved,Spp1,pseudobulk_mean_log2_CPM1,2,2,estimated,-2.7786077707535313,-5.606859527813905,0.04964398630684208,False,False
depth1000_seed20260928,2,84,homozygous_deletion minus heterozygous,unresolved,TNFA_NFKB_RNA_disjoint,pseudobulk_mean_log2_CPM1,2,2,estimated,-0.20660817891429506,-0.9658678680545991,0.552651510226009,False,False
depth1000_seed20260928,2,84,homozygous_deletion minus heterozygous,unresolved,Tonsl,pseudobulk_mean_log2_CPM1,2,2,estimated,1.8638690817718315,1.1122735744251635,2.6154645891185,True,False
depth1000_seed20260928,2,84,homozygous_deletion minus heterozygous,unresolved,Trp53,pseudobulk_mean_log2_CPM1,2,2,estimated,-0.4325532755352821,-1.1981787893351417,0.33307223826457744,False,False
depth1000_seed20260928,2,84,homozygous_deletion minus heterozygous,unresolved,cycling,pseudobulk_mean_log2_CPM1,2,2,estimated,0.42954593264083885,0.01873017432302415,0.8403616909586527,True,False
depth1000_seed20260928,2,84,homozygous_deletion minus heterozygous,unresolved,hypoxia_control,pseudobulk_mean_log2_CPM1,2,2,estimated,-0.15442281392676627,-0.7736285518903139,0.4647829240367818,False,False
depth1000_seed20260928,2,84,homozygous_deletion minus heterozygous,unresolved,lesion_gate_cycle_stress_disjoint,pseudobulk_mean_log2_CPM1,2,2,estimated,-0.608245374023161,-1.1122090382125909,-0.10428170983373031,True,False
depth1000_seed20260928,2,84,homozygous_deletion minus heterozygous,unresolved,lesion_specific,pseudobulk_mean_log2_CPM1,2,2,estimated,-0.6516452009925482,-1.2017788343165314,-0.1015115676685645,True,False
depth1000_seed20260928,2,84,homozygous_deletion minus heterozygous,unresolved,priming_associated,pseudobulk_mean_log2_CPM1,2,2,estimated,0.07892390495637702,-0.46655147785034146,0.6243992877630955,False,False
depth1000_seed20260928,2,84,homozygous_deletion minus heterozygous,unresolved,shared_gate_cycle_stress_disjoint,pseudobulk_mean_log2_CPM1,2,2,estimated,-0.8026462238424328,-1.9666040586171318,0.3613116109322654,False,False
depth1000_seed20260928,2,84,homozygous_deletion minus heterozygous,unresolved,shared_remodelling,pseudobulk_mean_log2_CPM1,2,2,estimated,-0.8016447367324933,-1.8772118079856543,0.27392233452066694,False,False
depth1000_seed20260928,2,84,homozygous_deletion minus heterozygous,unresolved,transition_RNA,pseudobulk_mean_log2_CPM1,2,2,estimated,-0.34231448235437245,-2.191205934976658,1.506576970267913,False,False
depth1000_seed20260929,2,14,homozygous_deletion minus heterozygous,AT2,AT1_identity,pseudobulk_mean_log2_CPM1,2,2,estimated,-0.46003973909860774,-0.6735170571485725,-0.24656242104864257,True,False
depth1000_seed20260929,2,14,homozygous_deletion minus heterozygous,AT2,AT2_identity,pseudobulk_mean_log2_CPM1,2,2,estimated,-0.011107912471334913,-0.05099343757136232,0.028777612628696048,False,False
depth1000_seed20260929,2,14,homozygous_deletion minus heterozygous,AT2,Areg,pseudobulk_mean_log2_CPM1,2,2,estimated,0.1865231815133903,-0.8985118688840972,1.2715582319108778,False,False
depth1000_seed20260929,2,14,homozygous_deletion minus heterozygous,AT2,Axin2,pseudobulk_mean_log2_CPM1,2,2,estimated,0.3141526618658328,-0.35056663946889177,0.9788719632005574,False,False
depth1000_seed20260929,2,14,homozygous_deletion minus heterozygous,AT2,Cd177,pseudobulk_mean_log2_CPM1,2,2,estimated,-4.66784078636973,-5.217684363341008,-4.117997209398451,True,False
depth1000_seed20260929,2,14,homozygous_deletion minus heterozygous,AT2,Cd38,pseudobulk_mean_log2_CPM1,2,2,estimated,-1.4323633610679867,-1.8259943276472592,-1.0387323944887146,True,False
depth1000_seed20260929,2,14,homozygous_deletion minus heterozygous,AT2,Dlk1,pseudobulk_mean_log2_CPM1,2,2,estimated,-3.5311757702899818,-4.507304082494978,-2.555047458084985,True,False
depth1000_seed20260929,2,14,homozygous_deletion minus heterozygous,AT2,Ereg,pseudobulk_mean_log2_CPM1,2,2,estimated,-2.155277376350798,-4.146744159670647,-0.16381059303094858,True,False
depth1000_seed20260929,2,14,homozygous_deletion minus heterozygous,AT2,Hbegf,pseudobulk_mean_log2_CPM1,2,2,estimated,0.027080202780028095,-0.7787498874451888,0.8329102930052459,False,False
depth1000_seed20260929,2,14,homozygous_deletion minus heterozygous,AT2,Hmga2,pseudobulk_mean_log2_CPM1,2,2,estimated,0.0,0.0,0.0,False,False
depth1000_seed20260929,2,14,homozygous_deletion minus heterozygous,AT2,Il1r1,pseudobulk_mean_log2_CPM1,2,2,estimated,0.14961681420810802,-0.44915384421091353,0.7483874726271305,False,False
depth1000_seed20260929,2,14,homozygous_deletion minus heterozygous,AT2,Itga2,pseudobulk_mean_log2_CPM1,2,2,estimated,-2.4844263642528697,-3.048363021561399,-1.92048970694434,True,False
depth1000_seed20260929,2,14,homozygous_deletion minus heterozygous,AT2,Mki67,pseudobulk_mean_log2_CPM1,2,2,estimated,-1.2870443364221686,-2.2052963420257603,-0.36879233081857743,True,False
depth1000_seed20260929,2,14,homozygous_deletion minus heterozygous,AT2,Nfkbia,pseudobulk_mean_log2_CPM1,2,2,estimated,-0.18936519203881375,-0.710303273218881,0.3315728891412535,False,False
depth1000_seed20260929,2,14,homozygous_deletion minus heterozygous,AT2,P53_RNA_control,pseudobulk_mean_log2_CPM1,2,2,estimated,-0.014911150246092575,-0.1289824769163097,0.09916017642412456,False,False
depth1000_seed20260929,2,14,homozygous_deletion minus heterozygous,AT2,Spp1,pseudobulk_mean_log2_CPM1,2,2,estimated,-3.2951117838778132,-3.8999080668882415,-2.690315500867385,True,False
depth1000_seed20260929,2,14,homozygous_deletion minus heterozygous,AT2,TNFA_NFKB_RNA_disjoint,pseudobulk_mean_log2_CPM1,2,2,estimated,-0.15572402158865373,-0.4161927359137807,0.10474469273647369,False,False
depth1000_seed20260929,2,14,homozygous_deletion minus heterozygous,AT2,Tonsl,pseudobulk_mean_log2_CPM1,2,2,estimated,-2.105442180582995,-2.716119669416411,-1.494764691749578,True,False
depth1000_seed20260929,2,14,homozygous_deletion minus heterozygous,AT2,Trp53,pseudobulk_mean_log2_CPM1,2,2,estimated,0.13671196623748116,-0.3463247491948298,0.619748681669793,False,False
depth1000_seed20260929,2,14,homozygous_deletion minus heterozygous,AT2,cycling,pseudobulk_mean_log2_CPM1,2,2,estimated,-0.281676330109887,-0.4491464056486496,-0.11420625457112443,True,False
depth1000_seed20260929,2,14,homozygous_deletion minus heterozygous,AT2,hypoxia_control,pseudobulk_mean_log2_CPM1,2,2,estimated,-0.055318635537924266,-0.22312314877355366,0.11248587769770468,False,False
depth1000_seed20260929,2,14,homozygous_deletion minus heterozygous,AT2,lesion_gate_cycle_stress_disjoint,pseudobulk_mean_log2_CPM1,2,2,estimated,-0.026185907005461306,-0.3245202166653174,0.27214840265439433,False,False
depth1000_seed20260929,2,14,homozygous_deletion minus heterozygous,AT2,lesion_specific,pseudobulk_mean_log2_CPM1,2,2,estimated,-0.1271656567542072,-0.41812768169089587,0.16379636818248233,False,False
depth1000_seed20260929,2,14,homozygous_deletion minus heterozygous,AT2,priming_associated,pseudobulk_mean_log2_CPM1,2,2,estimated,-1.0620809111199758,-1.307452452475017,-0.8167093697649346,True,False
depth1000_seed20260929,2,14,homozygous_deletion minus heterozygous,AT2,shared_gate_cycle_stress_disjoint,pseudobulk_mean_log2_CPM1,2,2,estimated,-0.5121352897421465,-0.8980093401645197,-0.12626123931977418,True,False
depth1000_seed20260929,2,14,homozygous_deletion minus heterozygous,AT2,shared_remodelling,pseudobulk_mean_log2_CPM1,2,2,estimated,-0.4404262147818301,-0.8721270235055414,-0.008725406058118779,True,False
depth1000_seed20260929,2,14,homozygous_deletion minus heterozygous,AT2,transition_RNA,pseudobulk_mean_log2_CPM1,2,2,estimated,-1.6359823122517447,-2.811303728838916,-0.46066089566457524,True,False
depth1000_seed20260929,2,14,homozygous_deletion minus heterozygous,all,AT1_identity,pseudobulk_mean_log2_CPM1,2,2,estimated,-0.6767542072787576,-1.1269032238623433,-0.2266051906951727,True,False
depth1000_seed20260929,2,14,homozygous_deletion minus heterozygous,all,AT2_identity,pseudobulk_mean_log2_CPM1,2,2,estimated,0.1253959413770751,-0.02078193123110772,0.27157381398525793,False,False
depth1000_seed20260929,2,14,homozygous_deletion minus heterozygous,all,Areg,pseudobulk_mean_log2_CPM1,2,2,estimated,-0.46459779118242217,-1.571424603176263,0.6422290208114205,False,False
depth1000_seed20260929,2,14,homozygous_deletion minus heterozygous,all,Axin2,pseudobulk_mean_log2_CPM1,2,2,estimated,0.5723771052421815,-0.3596347883601614,1.5043889988445245,False,False
depth1000_seed20260929,2,14,homozygous_deletion minus heterozygous,all,Cd177,pseudobulk_mean_log2_CPM1,2,2,estimated,-4.350166848514845,-4.733705155029033,-3.9666285420006573,True,False
depth1000_seed20260929,2,14,homozygous_deletion minus heterozygous,all,Cd38,pseudobulk_mean_log2_CPM1,2,2,estimated,-1.5357805351712561,-2.043531983677711,-1.0280290866648008,True,False
depth1000_seed20260929,2,14,homozygous_deletion minus heterozygous,all,Dlk1,pseudobulk_mean_log2_CPM1,2,2,estimated,-2.579849653246704,-3.3631565387709017,-1.7965427677225074,True,False
depth1000_seed20260929,2,14,homozygous_deletion minus heterozygous,all,Ereg,pseudobulk_mean_log2_CPM1,2,2,estimated,-1.76942310333596,-3.1090315849247774,-0.4298146217471439,True,False
depth1000_seed20260929,2,14,homozygous_deletion minus heterozygous,all,Hbegf,pseudobulk_mean_log2_CPM1,2,2,estimated,-0.2602726065952705,-1.0610624951330223,0.5405172819424813,False,False
depth1000_seed20260929,2,14,homozygous_deletion minus heterozygous,all,Hmga2,pseudobulk_mean_log2_CPM1,2,2,estimated,-3.801051354752256,-5.59005736784392,-2.012045341660593,True,False
depth1000_seed20260929,2,14,homozygous_deletion minus heterozygous,all,Il1r1,pseudobulk_mean_log2_CPM1,2,2,estimated,0.002781182663883719,-0.5951892425684049,0.6007516078961723,False,False
depth1000_seed20260929,2,14,homozygous_deletion minus heterozygous,all,Itga2,pseudobulk_mean_log2_CPM1,2,2,estimated,-3.0476753958181866,-4.7562513386030725,-1.3390994530333007,True,False
depth1000_seed20260929,2,14,homozygous_deletion minus heterozygous,all,Mki67,pseudobulk_mean_log2_CPM1,2,2,estimated,-0.7457164833204444,-1.0455157093913003,-0.44591725724958886,True,False
depth1000_seed20260929,2,14,homozygous_deletion minus heterozygous,all,Nfkbia,pseudobulk_mean_log2_CPM1,2,2,estimated,-0.13134496974698795,-0.46070688953302064,0.19801695003904385,False,False
depth1000_seed20260929,2,14,homozygous_deletion minus heterozygous,all,P53_RNA_control,pseudobulk_mean_log2_CPM1,2,2,estimated,-0.17251322205716235,-0.28786254158669333,-0.05716390252763226,True,False
depth1000_seed20260929,2,14,homozygous_deletion minus heterozygous,all,Spp1,pseudobulk_mean_log2_CPM1,2,2,estimated,-4.924363880227114,-6.5952549677649595,-3.253472792689269,True,False
depth1000_seed20260929,2,14,homozygous_deletion minus heterozygous,all,TNFA_NFKB_RNA_disjoint,pseudobulk_mean_log2_CPM1,2,2,estimated,-0.23541558831202192,-0.4202541038400436,-0.05057707278399981,True,False
depth1000_seed20260929,2,14,homozygous_deletion minus heterozygous,all,Tonsl,pseudobulk_mean_log2_CPM1,2,2,estimated,-1.5179900573695178,-1.8857374791584225,-1.1502426355806128,True,False
depth1000_seed20260929,2,14,homozygous_deletion minus heterozygous,all,Trp53,pseudobulk_mean_log2_CPM1,2,2,estimated,0.3410373260970321,-0.025555855238541092,0.7076305074326044,False,False
depth1000_seed20260929,2,14,homozygous_deletion minus heterozygous,all,cycling,pseudobulk_mean_log2_CPM1,2,2,estimated,0.021432518556842695,-0.16146399294968727,0.20432903006337266,False,False
depth1000_seed20260929,2,14,homozygous_deletion minus heterozygous,all,hypoxia_control,pseudobulk_mean_log2_CPM1,2,2,estimated,-0.03814775303218276,-0.14592495359555357,0.06962944753118849,False,False
depth1000_seed20260929,2,14,homozygous_deletion minus heterozygous,all,lesion_gate_cycle_stress_disjoint,pseudobulk_mean_log2_CPM1,2,2,estimated,-0.4152907935818022,-0.8255183513276663,-0.005063235835937707,True,False
depth1000_seed20260929,2,14,homozygous_deletion minus heterozygous,all,lesion_specific,pseudobulk_mean_log2_CPM1,2,2,estimated,-0.5076312545015806,-0.8667999077520645,-0.14846260125109634,True,False
depth1000_seed20260929,2,14,homozygous_deletion minus heterozygous,all,priming_associated,pseudobulk_mean_log2_CPM1,2,2,estimated,-1.067250457839112,-1.2980298456576396,-0.8364710700205862,True,False
depth1000_seed20260929,2,14,homozygous_deletion minus heterozygous,all,shared_gate_cycle_stress_disjoint,pseudobulk_mean_log2_CPM1,2,2,estimated,-0.6164333293650639,-1.0972664594527632,-0.13560019927736455,True,False
depth1000_seed20260929,2,14,homozygous_deletion minus heterozygous,all,shared_remodelling,pseudobulk_mean_log2_CPM1,2,2,estimated,-0.5480010863563418,-0.9944695329108955,-0.10153263980178995,True,False
depth1000_seed20260929,2,14,homozygous_deletion minus heterozygous,all,transition_RNA,pseudobulk_mean_log2_CPM1,2,2,estimated,-1.4492356166510127,-2.095398421068313,-0.8030728122337107,True,False
depth1000_seed20260929,2,14,homozygous_deletion minus heterozygous,mixed,AT1_identity,pseudobulk_mean_log2_CPM1,1,0,unavailable,,,,,
depth1000_seed20260929,2,14,homozygous_deletion minus heterozygous,mixed,AT2_identity,pseudobulk_mean_log2_CPM1,1,0,unavailable,,,,,
depth1000_seed20260929,2,14,homozygous_deletion minus heterozygous,mixed,Areg,pseudobulk_mean_log2_CPM1,1,0,unavailable,,,,,
depth1000_seed20260929,2,14,homozygous_deletion minus heterozygous,mixed,Axin2,pseudobulk_mean_log2_CPM1,1,0,unavailable,,,,,
depth1000_seed20260929,2,14,homozygous_deletion minus heterozygous,mixed,Cd177,pseudobulk_mean_log2_CPM1,1,0,unavailable,,,,,
depth1000_seed20260929,2,14,homozygous_deletion minus heterozygous,mixed,Cd38,pseudobulk_mean_log2_CPM1,1,0,unavailable,,,,,
depth1000_seed20260929,2,14,homozygous_deletion minus heterozygous,mixed,Dlk1,pseudobulk_mean_log2_CPM1,1,0,unavailable,,,,,
depth1000_seed20260929,2,14,homozygous_deletion minus heterozygous,mixed,Ereg,pseudobulk_mean_log2_CPM1,1,0,unavailable,,,,,
depth1000_seed20260929,2,14,homozygous_deletion minus heterozygous,mixed,Hbegf,pseudobulk_mean_log2_CPM1,1,0,unavailable,,,,,
depth1000_seed20260929,2,14,homozygous_deletion minus heterozygous,mixed,Hmga2,pseudobulk_mean_log2_CPM1,1,0,unavailable,,,,,
depth1000_seed20260929,2,14,homozygous_deletion minus heterozygous,mixed,Il1r1,pseudobulk_mean_log2_CPM1,1,0,unavailable,,,,,
depth1000_seed20260929,2,14,homozygous_deletion minus heterozygous,mixed,Itga2,pseudobulk_mean_log2_CPM1,1,0,unavailable,,,,,
depth1000_seed20260929,2,14,homozygous_deletion minus heterozygous,mixed,Mki67,pseudobulk_mean_log2_CPM1,1,0,unavailable,,,,,
depth1000_seed20260929,2,14,homozygous_deletion minus heterozygous,mixed,Nfkbia,pseudobulk_mean_log2_CPM1,1,0,unavailable,,,,,
depth1000_seed20260929,2,14,homozygous_deletion minus heterozygous,mixed,P53_RNA_control,pseudobulk_mean_log2_CPM1,1,0,unavailable,,,,,
depth1000_seed20260929,2,14,homozygous_deletion minus heterozygous,mixed,Spp1,pseudobulk_mean_log2_CPM1,1,0,unavailable,,,,,
depth1000_seed20260929,2,14,homozygous_deletion minus heterozygous,mixed,TNFA_NFKB_RNA_disjoint,pseudobulk_mean_log2_CPM1,1,0,unavailable,,,,,
depth1000_seed20260929,2,14,homozygous_deletion minus heterozygous,mixed,Tonsl,pseudobulk_mean_log2_CPM1,1,0,unavailable,,,,,
depth1000_seed20260929,2,14,homozygous_deletion minus heterozygous,mixed,Trp53,pseudobulk_mean_log2_CPM1,1,0,unavailable,,,,,
depth1000_seed20260929,2,14,homozygous_deletion minus heterozygous,mixed,cycling,pseudobulk_mean_log2_CPM1,1,0,unavailable,,,,,
depth1000_seed20260929,2,14,homozygous_deletion minus heterozygous,mixed,hypoxia_control,pseudobulk_mean_log2_CPM1,1,0,unavailable,,,,,
depth1000_seed20260929,2,14,homozygous_deletion minus heterozygous,mixed,lesion_gate_cycle_stress_disjoint,pseudobulk_mean_log2_CPM1,1,0,unavailable,,,,,
depth1000_seed20260929,2,14,homozygous_deletion minus heterozygous,mixed,lesion_specific,pseudobulk_mean_log2_CPM1,1,0,unavailable,,,,,
depth1000_seed20260929,2,14,homozygous_deletion minus heterozygous,mixed,priming_associated,pseudobulk_mean_log2_CPM1,1,0,unavailable,,,,,
depth1000_seed20260929,2,14,homozygous_deletion minus heterozygous,mixed,shared_gate_cycle_stress_disjoint,pseudobulk_mean_log2_CPM1,1,0,unavailable,,,,,
depth1000_seed20260929,2,14,homozygous_deletion minus heterozygous,mixed,shared_remodelling,pseudobulk_mean_log2_CPM1,1,0,unavailable,,,,,
depth1000_seed20260929,2,14,homozygous_deletion minus heterozygous,mixed,transition_RNA,pseudobulk_mean_log2_CPM1,1,0,unavailable,,,,,
depth1000_seed20260929,2,14,homozygous_deletion minus heterozygous,unresolved,AT1_identity,pseudobulk_mean_log2_CPM1,2,2,estimated,-1.1834842005734458,-1.4258819330995163,-0.9410864680473754,True,False
depth1000_seed20260929,2,14,homozygous_deletion minus heterozygous,unresolved,AT2_identity,pseudobulk_mean_log2_CPM1,2,2,estimated,0.3175586356486022,0.1241575590272106,0.5109597122699974,True,False
depth1000_seed20260929,2,14,homozygous_deletion minus heterozygous,unresolved,Areg,pseudobulk_mean_log2_CPM1,2,2,estimated,-0.8677941028177685,-1.7224542027033447,-0.013134002932192246,True,False
depth1000_seed20260929,2,14,homozygous_deletion minus heterozygous,unresolved,Axin2,pseudobulk_mean_log2_CPM1,2,2,estimated,1.2377843766746475,0.052782907496056186,2.422785845853238,True,False
depth1000_seed20260929,2,14,homozygous_deletion minus heterozygous,unresolved,Cd177,pseudobulk_mean_log2_CPM1,2,2,estimated,-4.044378934765356,-4.253406108790257,-3.835351760740455,True,False
depth1000_seed20260929,2,14,homozygous_deletion minus heterozygous,unresolved,Cd38,pseudobulk_mean_log2_CPM1,2,2,estimated,-1.6062068640286142,-2.033943103575222,-1.1784706244820051,True,False
depth1000_seed20260929,2,14,homozygous_deletion minus heterozygous,unresolved,Dlk1,pseudobulk_mean_log2_CPM1,2,2,estimated,-2.7439276662792107,-4.412641185204372,-1.0752141473540497,True,False
depth1000_seed20260929,2,14,homozygous_deletion minus heterozygous,unresolved,Ereg,pseudobulk_mean_log2_CPM1,2,2,estimated,-2.6895649946838773,-5.431912896863811,0.052782907496056186,False,False
depth1000_seed20260929,2,14,homozygous_deletion minus heterozygous,unresolved,Hbegf,pseudobulk_mean_log2_CPM1,2,2,estimated,-0.5163717382615811,-1.3113795984670427,0.27863612194388043,False,False
depth1000_seed20260929,2,14,homozygous_deletion minus heterozygous,unresolved,Hmga2,pseudobulk_mean_log2_CPM1,2,2,estimated,-5.866225470912472,-6.733648364807687,-4.998802577017256,True,False
depth1000_seed20260929,2,14,homozygous_deletion minus heterozygous,unresolved,Il1r1,pseudobulk_mean_log2_CPM1,2,2,estimated,-0.8456086737754713,-1.1784706244820051,-0.5127467230689384,True,False
depth1000_seed20260929,2,14,homozygous_deletion minus heterozygous,unresolved,Itga2,pseudobulk_mean_log2_CPM1,2,2,estimated,-2.7241537785607575,-4.0366380347013315,-1.4116695224201843,True,False
depth1000_seed20260929,2,14,homozygous_deletion minus heterozygous,unresolved,Mki67,pseudobulk_mean_log2_CPM1,2,2,estimated,0.45919093955241586,0.18417089194685676,0.7342109871579741,True,False
depth1000_seed20260929,2,14,homozygous_deletion minus heterozygous,unresolved,Nfkbia,pseudobulk_mean_log2_CPM1,2,2,estimated,-0.20788715980656924,-0.3512640840344785,-0.06451023557865909,True,False
depth1000_seed20260929,2,14,homozygous_deletion minus heterozygous,unresolved,P53_RNA_control,pseudobulk_mean_log2_CPM1,2,2,estimated,-0.3296080446472871,-0.502225954982678,-0.156990134311898,True,False
depth1000_seed20260929,2,14,homozygous_deletion minus heterozygous,unresolved,Spp1,pseudobulk_mean_log2_CPM1,2,2,estimated,-5.911553789328316,-7.598209489136878,-4.224898089519753,True,False
depth1000_seed20260929,2,14,homozygous_deletion minus heterozygous,unresolved,TNFA_NFKB_RNA_disjoint,pseudobulk_mean_log2_CPM1,2,2,estimated,-0.28210511620259204,-0.3779840981303577,-0.18622613427482548,True,False
depth1000_seed20260929,2,14,homozygous_deletion minus heterozygous,unresolved,Tonsl,pseudobulk_mean_log2_CPM1,2,2,estimated,0.0,0.0,0.0,False,False
depth1000_seed20260929,2,14,homozygous_deletion minus heterozygous,unresolved,Trp53,pseudobulk_mean_log2_CPM1,2,2,estimated,0.6332967881941514,0.2224448076806409,1.0441487687076618,True,False
depth1000_seed20260929,2,14,homozygous_deletion minus heterozygous,unresolved,cycling,pseudobulk_mean_log2_CPM1,2,2,estimated,0.36976558610835575,0.025031157801831405,0.7145000144148783,True,False
depth1000_seed20260929,2,14,homozygous_deletion minus heterozygous,unresolved,hypoxia_control,pseudobulk_mean_log2_CPM1,2,2,estimated,0.02802819795661282,-0.1851574583060942,0.2412138542193194,False,False
depth1000_seed20260929,2,14,homozygous_deletion minus heterozygous,unresolved,lesion_gate_cycle_stress_disjoint,pseudobulk_mean_log2_CPM1,2,2,estimated,-0.534711593636735,-0.968295684254064,-0.1011275030194061,True,False
depth1000_seed20260929,2,14,homozygous_deletion minus heterozygous,unresolved,lesion_specific,pseudobulk_mean_log2_CPM1,2,2,estimated,-0.6270585791742089,-1.096366267963126,-0.15775089038529133,True,False
depth1000_seed20260929,2,14,homozygous_deletion minus heterozygous,unresolved,priming_associated,pseudobulk_mean_log2_CPM1,2,2,estimated,-1.244717575519898,-1.4904891851637316,-0.9989459658760644,True,False
depth1000_seed20260929,2,14,homozygous_deletion minus heterozygous,unresolved,shared_gate_cycle_stress_disjoint,pseudobulk_mean_log2_CPM1,2,2,estimated,-0.7252188779474089,-1.121639964449292,-0.3287977914455267,True,False
depth1000_seed20260929,2,14,homozygous_deletion minus heterozygous,unresolved,shared_remodelling,pseudobulk_mean_log2_CPM1,2,2,estimated,-0.6645921108648167,-1.057133474104413,-0.2720507476252205,True,False
depth1000_seed20260929,2,14,homozygous_deletion minus heterozygous,unresolved,transition_RNA,pseudobulk_mean_log2_CPM1,2,2,estimated,-1.3123491777001979,-2.0175949828544812,-0.6071033725459145,True,False
depth1000_seed20260929,2,84,homozygous_deletion minus heterozygous,AT1,AT1_identity,pseudobulk_mean_log2_CPM1,0,2,unavailable,,,,,
depth1000_seed20260929,2,84,homozygous_deletion minus heterozygous,AT1,AT2_identity,pseudobulk_mean_log2_CPM1,0,2,unavailable,,,,,
depth1000_seed20260929,2,84,homozygous_deletion minus heterozygous,AT1,Areg,pseudobulk_mean_log2_CPM1,0,2,unavailable,,,,,
depth1000_seed20260929,2,84,homozygous_deletion minus heterozygous,AT1,Axin2,pseudobulk_mean_log2_CPM1,0,2,unavailable,,,,,
depth1000_seed20260929,2,84,homozygous_deletion minus heterozygous,AT1,Cd177,pseudobulk_mean_log2_CPM1,0,2,unavailable,,,,,
depth1000_seed20260929,2,84,homozygous_deletion minus heterozygous,AT1,Cd38,pseudobulk_mean_log2_CPM1,0,2,unavailable,,,,,
depth1000_seed20260929,2,84,homozygous_deletion minus heterozygous,AT1,Dlk1,pseudobulk_mean_log2_CPM1,0,2,unavailable,,,,,
depth1000_seed20260929,2,84,homozygous_deletion minus heterozygous,AT1,Ereg,pseudobulk_mean_log2_CPM1,0,2,unavailable,,,,,
depth1000_seed20260929,2,84,homozygous_deletion minus heterozygous,AT1,Hbegf,pseudobulk_mean_log2_CPM1,0,2,unavailable,,,,,
depth1000_seed20260929,2,84,homozygous_deletion minus heterozygous,AT1,Hmga2,pseudobulk_mean_log2_CPM1,0,2,unavailable,,,,,
depth1000_seed20260929,2,84,homozygous_deletion minus heterozygous,AT1,Il1r1,pseudobulk_mean_log2_CPM1,0,2,unavailable,,,,,
depth1000_seed20260929,2,84,homozygous_deletion minus heterozygous,AT1,Itga2,pseudobulk_mean_log2_CPM1,0,2,unavailable,,,,,
depth1000_seed20260929,2,84,homozygous_deletion minus heterozygous,AT1,Mki67,pseudobulk_mean_log2_CPM1,0,2,unavailable,,,,,
depth1000_seed20260929,2,84,homozygous_deletion minus heterozygous,AT1,Nfkbia,pseudobulk_mean_log2_CPM1,0,2,unavailable,,,,,
depth1000_seed20260929,2,84,homozygous_deletion minus heterozygous,AT1,P53_RNA_control,pseudobulk_mean_log2_CPM1,0,2,unavailable,,,,,
depth1000_seed20260929,2,84,homozygous_deletion minus heterozygous,AT1,Spp1,pseudobulk_mean_log2_CPM1,0,2,unavailable,,,,,
depth1000_seed20260929,2,84,homozygous_deletion minus heterozygous,AT1,TNFA_NFKB_RNA_disjoint,pseudobulk_mean_log2_CPM1,0,2,unavailable,,,,,
depth1000_seed20260929,2,84,homozygous_deletion minus heterozygous,AT1,Tonsl,pseudobulk_mean_log2_CPM1,0,2,unavailable,,,,,
depth1000_seed20260929,2,84,homozygous_deletion minus heterozygous,AT1,Trp53,pseudobulk_mean_log2_CPM1,0,2,unavailable,,,,,
depth1000_seed20260929,2,84,homozygous_deletion minus heterozygous,AT1,cycling,pseudobulk_mean_log2_CPM1,0,2,unavailable,,,,,
depth1000_seed20260929,2,84,homozygous_deletion minus heterozygous,AT1,hypoxia_control,pseudobulk_mean_log2_CPM1,0,2,unavailable,,,,,
depth1000_seed20260929,2,84,homozygous_deletion minus heterozygous,AT1,lesion_gate_cycle_stress_disjoint,pseudobulk_mean_log2_CPM1,0,2,unavailable,,,,,
depth1000_seed20260929,2,84,homozygous_deletion minus heterozygous,AT1,lesion_specific,pseudobulk_mean_log2_CPM1,0,2,unavailable,,,,,
depth1000_seed20260929,2,84,homozygous_deletion minus heterozygous,AT1,priming_associated,pseudobulk_mean_log2_CPM1,0,2,unavailable,,,,,
depth1000_seed20260929,2,84,homozygous_deletion minus heterozygous,AT1,shared_gate_cycle_stress_disjoint,pseudobulk_mean_log2_CPM1,0,2,unavailable,,,,,
depth1000_seed20260929,2,84,homozygous_deletion minus heterozygous,AT1,shared_remodelling,pseudobulk_mean_log2_CPM1,0,2,unavailable,,,,,
depth1000_seed20260929,2,84,homozygous_deletion minus heterozygous,AT1,transition_RNA,pseudobulk_mean_log2_CPM1,0,2,unavailable,,,,,
depth1000_seed20260929,2,84,homozygous_deletion minus heterozygous,AT2,AT1_identity,pseudobulk_mean_log2_CPM1,2,2,estimated,-0.8121731552907843,-1.0526148691143105,-0.5717314414672576,True,False
depth1000_seed20260929,2,84,homozygous_deletion minus heterozygous,AT2,AT2_identity,pseudobulk_mean_log2_CPM1,2,2,estimated,0.24359421758453692,-0.08074356380901015,0.567931998978084,False,False
depth1000_seed20260929,2,84,homozygous_deletion minus heterozygous,AT2,Areg,pseudobulk_mean_log2_CPM1,2,2,estimated,-0.46356285675068065,-1.0851765448890092,0.15805083138764786,False,False
depth1000_seed20260929,2,84,homozygous_deletion minus heterozygous,AT2,Axin2,pseudobulk_mean_log2_CPM1,2,2,estimated,2.396387295604072,0.4293341149452834,4.363440476262861,True,False
depth1000_seed20260929,2,84,homozygous_deletion minus heterozygous,AT2,Cd177,pseudobulk_mean_log2_CPM1,2,2,estimated,-3.6907359265735407,-7.459431618637297,0.07795976549021488,False,False
depth1000_seed20260929,2,84,homozygous_deletion minus heterozygous,AT2,Cd38,pseudobulk_mean_log2_CPM1,2,2,estimated,-1.3835964512615417,-3.94838759037363,1.1811946878505462,False,False
depth1000_seed20260929,2,84,homozygous_deletion minus heterozygous,AT2,Dlk1,pseudobulk_mean_log2_CPM1,2,2,estimated,-4.167373831440956,-8.944468053424995,0.6097203905430835,False,False
depth1000_seed20260929,2,84,homozygous_deletion minus heterozygous,AT2,Ereg,pseudobulk_mean_log2_CPM1,2,2,estimated,-3.477391979129292,-6.878561872550025,-0.0762220857085596,True,False
depth1000_seed20260929,2,84,homozygous_deletion minus heterozygous,AT2,Hbegf,pseudobulk_mean_log2_CPM1,2,2,estimated,-1.3421078073949815,-2.626452840172739,-0.05776277461722579,True,False
depth1000_seed20260929,2,84,homozygous_deletion minus heterozygous,AT2,Hmga2,pseudobulk_mean_log2_CPM1,2,2,estimated,0.0,0.0,0.0,False,False
depth1000_seed20260929,2,84,homozygous_deletion minus heterozygous,AT2,Il1r1,pseudobulk_mean_log2_CPM1,2,2,estimated,-0.09304845618543034,-0.6935287345209424,0.50743182215008,False,False
depth1000_seed20260929,2,84,homozygous_deletion minus heterozygous,AT2,Itga2,pseudobulk_mean_log2_CPM1,2,2,estimated,-2.4328650479033516,-4.927222980375587,0.061492884568884465,False,False
depth1000_seed20260929,2,84,homozygous_deletion minus heterozygous,AT2,Mki67,pseudobulk_mean_log2_CPM1,2,2,estimated,-0.24820975928341626,-1.7704960951922115,1.274076576625379,False,False
depth1000_seed20260929,2,84,homozygous_deletion minus heterozygous,AT2,Nfkbia,pseudobulk_mean_log2_CPM1,2,2,estimated,-0.1457337842917541,-1.089431954696117,0.7979643861126098,False,False
depth1000_seed20260929,2,84,homozygous_deletion minus heterozygous,AT2,P53_RNA_control,pseudobulk_mean_log2_CPM1,2,2,estimated,-0.03481634925875454,-0.2602777204372959,0.19064502191978683,False,False
depth1000_seed20260929,2,84,homozygous_deletion minus heterozygous,AT2,Spp1,pseudobulk_mean_log2_CPM1,2,2,estimated,-5.513528200946249,-7.872418378351379,-3.1546380235411178,True,False
depth1000_seed20260929,2,84,homozygous_deletion minus heterozygous,AT2,TNFA_NFKB_RNA_disjoint,pseudobulk_mean_log2_CPM1,2,2,estimated,0.04906484977390102,-0.4334873067556524,0.5316170063034549,False,False
depth1000_seed20260929,2,84,homozygous_deletion minus heterozygous,AT2,Tonsl,pseudobulk_mean_log2_CPM1,2,2,estimated,0.181028768566034,-1.8619736659378068,2.224031203069875,False,False
depth1000_seed20260929,2,84,homozygous_deletion minus heterozygous,AT2,Trp53,pseudobulk_mean_log2_CPM1,2,2,estimated,1.126849622578452,-0.301474524593659,2.555173769750563,False,False
depth1000_seed20260929,2,84,homozygous_deletion minus heterozygous,AT2,cycling,pseudobulk_mean_log2_CPM1,2,2,estimated,-1.0918928851455352,-1.5463264662511587,-0.6374593040399108,True,False
depth1000_seed20260929,2,84,homozygous_deletion minus heterozygous,AT2,hypoxia_control,pseudobulk_mean_log2_CPM1,2,2,estimated,-0.027034758389590685,-0.33342437405228287,0.27935485727310194,False,False
depth1000_seed20260929,2,84,homozygous_deletion minus heterozygous,AT2,lesion_gate_cycle_stress_disjoint,pseudobulk_mean_log2_CPM1,2,2,estimated,0.02537645605913985,-0.4914775782379719,0.5422304903562516,False,False
depth1000_seed20260929,2,84,homozygous_deletion minus heterozygous,AT2,lesion_specific,pseudobulk_mean_log2_CPM1,2,2,estimated,-0.11434889644003032,-0.501022632973708,0.2723248400936473,False,False
depth1000_seed20260929,2,84,homozygous_deletion minus heterozygous,AT2,priming_associated,pseudobulk_mean_log2_CPM1,2,2,estimated,-1.1333086094048443,-2.2443751206545093,-0.022242098155177636,True,False
depth1000_seed20260929,2,84,homozygous_deletion minus heterozygous,AT2,shared_gate_cycle_stress_disjoint,pseudobulk_mean_log2_CPM1,2,2,estimated,-0.5822390982023666,-1.0442635152319557,-0.12021468117277845,True,False
depth1000_seed20260929,2,84,homozygous_deletion minus heterozygous,AT2,shared_remodelling,pseudobulk_mean_log2_CPM1,2,2,estimated,-0.5195278016378069,-0.9347170862275895,-0.10433851704802422,True,False
depth1000_seed20260929,2,84,homozygous_deletion minus heterozygous,AT2,transition_RNA,pseudobulk_mean_log2_CPM1,2,2,estimated,-0.15633643201923686,-1.147998102120698,0.8353252380822251,False,False
depth1000_seed20260929,2,84,homozygous_deletion minus heterozygous,all,AT1_identity,pseudobulk_mean_log2_CPM1,2,2,estimated,-0.30056196292267057,-1.3026185611277175,0.7014946352823754,False,False
depth1000_seed20260929,2,84,homozygous_deletion minus heterozygous,all,AT2_identity,pseudobulk_mean_log2_CPM1,2,2,estimated,1.0590305510189744,0.12863784180107274,1.989423260236876,True,False
depth1000_seed20260929,2,84,homozygous_deletion minus heterozygous,all,Areg,pseudobulk_mean_log2_CPM1,2,2,estimated,-1.5896223214409329,-3.2256238466247886,0.046379203742922925,False,False
depth1000_seed20260929,2,84,homozygous_deletion minus heterozygous,all,Axin2,pseudobulk_mean_log2_CPM1,2,2,estimated,2.176355255395805,-0.19067491084989596,4.543385421641507,False,False
depth1000_seed20260929,2,84,homozygous_deletion minus heterozygous,all,Cd177,pseudobulk_mean_log2_CPM1,2,2,estimated,-2.1943674707674283,-5.262004368410314,0.873269426875457,False,False
depth1000_seed20260929,2,84,homozygous_deletion minus heterozygous,all,Cd38,pseudobulk_mean_log2_CPM1,2,2,estimated,-0.6198914743588597,-1.2189570827507907,-0.020825865966928703,True,False
depth1000_seed20260929,2,84,homozygous_deletion minus heterozygous,all,Dlk1,pseudobulk_mean_log2_CPM1,2,2,estimated,-3.741141380290312,-8.103632362394123,0.6213496018134992,False,False
depth1000_seed20260929,2,84,homozygous_deletion minus heterozygous,all,Ereg,pseudobulk_mean_log2_CPM1,2,2,estimated,-3.9688965637808917,-7.378038277162257,-0.5597548503995264,True,False
depth1000_seed20260929,2,84,homozygous_deletion minus heterozygous,all,Hbegf,pseudobulk_mean_log2_CPM1,2,2,estimated,-1.6277929327243257,-3.3105672295101884,0.054981364061537974,False,False
depth1000_seed20260929,2,84,homozygous_deletion minus heterozygous,all,Hmga2,pseudobulk_mean_log2_CPM1,2,2,estimated,-3.725464308051362,-6.932838392356078,-0.5180902237466465,True,False
depth1000_seed20260929,2,84,homozygous_deletion minus heterozygous,all,Il1r1,pseudobulk_mean_log2_CPM1,2,2,estimated,0.19577031652762678,-0.22095164004974066,0.6124922731049938,False,False
depth1000_seed20260929,2,84,homozygous_deletion minus heterozygous,all,Itga2,pseudobulk_mean_log2_CPM1,2,2,estimated,-3.890185930369971,-6.367189044100374,-1.413182816639568,True,False
depth1000_seed20260929,2,84,homozygous_deletion minus heterozygous,all,Mki67,pseudobulk_mean_log2_CPM1,2,2,estimated,0.019840706436574873,-0.5345231529517189,0.5742045658248687,False,False
depth1000_seed20260929,2,84,homozygous_deletion minus heterozygous,all,Nfkbia,pseudobulk_mean_log2_CPM1,2,2,estimated,-0.4254775181168702,-1.2578543030310794,0.4068992667973381,False,False
depth1000_seed20260929,2,84,homozygous_deletion minus heterozygous,all,P53_RNA_control,pseudobulk_mean_log2_CPM1,2,2,estimated,-0.2958304483533034,-0.6014977151547196,0.009836818448111906,False,False
depth1000_seed20260929,2,84,homozygous_deletion minus heterozygous,all,Spp1,pseudobulk_mean_log2_CPM1,2,2,estimated,-3.3146208428459607,-6.579524340253137,-0.04971734543878448,True,False
depth1000_seed20260929,2,84,homozygous_deletion minus heterozygous,all,TNFA_NFKB_RNA_disjoint,pseudobulk_mean_log2_CPM1,2,2,estimated,-0.3251837444585046,-0.7311783720776655,0.08081088316065532,False,False
depth1000_seed20260929,2,84,homozygous_deletion minus heterozygous,all,Tonsl,pseudobulk_mean_log2_CPM1,2,2,estimated,-0.7029023156272581,-1.9731026451670044,0.5672980139124881,False,False
depth1000_seed20260929,2,84,homozygous_deletion minus heterozygous,all,Trp53,pseudobulk_mean_log2_CPM1,2,2,estimated,-0.26400607098643647,-0.7224409539025975,0.1944288119297264,False,False
depth1000_seed20260929,2,84,homozygous_deletion minus heterozygous,all,cycling,pseudobulk_mean_log2_CPM1,2,2,estimated,-0.2742705610571283,-0.6039988081258119,0.05545768601155654,False,False
depth1000_seed20260929,2,84,homozygous_deletion minus heterozygous,all,hypoxia_control,pseudobulk_mean_log2_CPM1,2,2,estimated,-0.21012586868442273,-0.6097736549178401,0.18952191754899417,False,False
depth1000_seed20260929,2,84,homozygous_deletion minus heterozygous,all,lesion_gate_cycle_stress_disjoint,pseudobulk_mean_log2_CPM1,2,2,estimated,-0.7938885483031495,-1.4180392498665695,-0.16973784673973036,True,False
depth1000_seed20260929,2,84,homozygous_deletion minus heterozygous,all,lesion_specific,pseudobulk_mean_log2_CPM1,2,2,estimated,-0.8602405275850726,-1.5559664921730811,-0.16451456299706413,True,False
depth1000_seed20260929,2,84,homozygous_deletion minus heterozygous,all,priming_associated,pseudobulk_mean_log2_CPM1,2,2,estimated,-0.2825435583166396,-0.5817621136551638,0.016674997021884685,False,False
depth1000_seed20260929,2,84,homozygous_deletion minus heterozygous,all,shared_gate_cycle_stress_disjoint,pseudobulk_mean_log2_CPM1,2,2,estimated,-1.177137050640706,-2.2279971395184965,-0.12627696176291447,True,False
depth1000_seed20260929,2,84,homozygous_deletion minus heterozygous,all,shared_remodelling,pseudobulk_mean_log2_CPM1,2,2,estimated,-1.1173015676946472,-2.117689115237712,-0.11691402015158214,True,False
depth1000_seed20260929,2,84,homozygous_deletion minus heterozygous,all,transition_RNA,pseudobulk_mean_log2_CPM1,2,2,estimated,-0.9513925559450449,-2.4024974849569336,0.4997123730668429,False,False
depth1000_seed20260929,2,84,homozygous_deletion minus heterozygous,mixed,AT1_identity,pseudobulk_mean_log2_CPM1,1,1,single_library_side,-0.3210548980528172,-0.3210548980528172,-0.3210548980528172,True,False
depth1000_seed20260929,2,84,homozygous_deletion minus heterozygous,mixed,AT2_identity,pseudobulk_mean_log2_CPM1,1,1,single_library_side,-0.3269651435987342,-0.3269651435987342,-0.3269651435987342,True,False
depth1000_seed20260929,2,84,homozygous_deletion minus heterozygous,mixed,Areg,pseudobulk_mean_log2_CPM1,1,1,single_library_side,0.5583726841044561,0.5583726841044561,0.5583726841044561,True,False
depth1000_seed20260929,2,84,homozygous_deletion minus heterozygous,mixed,Axin2,pseudobulk_mean_log2_CPM1,1,1,single_library_side,5.821596844633383,5.821596844633383,5.821596844633383,True,False
depth1000_seed20260929,2,84,homozygous_deletion minus heterozygous,mixed,Cd177,pseudobulk_mean_log2_CPM1,1,1,single_library_side,0.0,0.0,0.0,False,False
depth1000_seed20260929,2,84,homozygous_deletion minus heterozygous,mixed,Cd38,pseudobulk_mean_log2_CPM1,1,1,single_library_side,0.0,0.0,0.0,False,False
depth1000_seed20260929,2,84,homozygous_deletion minus heterozygous,mixed,Dlk1,pseudobulk_mean_log2_CPM1,1,1,single_library_side,0.0,0.0,0.0,False,False
depth1000_seed20260929,2,84,homozygous_deletion minus heterozygous,mixed,Ereg,pseudobulk_mean_log2_CPM1,1,1,single_library_side,0.0,0.0,0.0,False,False
depth1000_seed20260929,2,84,homozygous_deletion minus heterozygous,mixed,Hbegf,pseudobulk_mean_log2_CPM1,1,1,single_library_side,0.44168098785026366,0.44168098785026366,0.44168098785026366,True,False
depth1000_seed20260929,2,84,homozygous_deletion minus heterozygous,mixed,Hmga2,pseudobulk_mean_log2_CPM1,1,1,single_library_side,0.0,0.0,0.0,False,False
depth1000_seed20260929,2,84,homozygous_deletion minus heterozygous,mixed,Il1r1,pseudobulk_mean_log2_CPM1,1,1,single_library_side,4.846883286244242,4.846883286244242,4.846883286244242,True,False
depth1000_seed20260929,2,84,homozygous_deletion minus heterozygous,mixed,Itga2,pseudobulk_mean_log2_CPM1,1,1,single_library_side,0.0,0.0,0.0,False,False
depth1000_seed20260929,2,84,homozygous_deletion minus heterozygous,mixed,Mki67,pseudobulk_mean_log2_CPM1,1,1,single_library_side,1.4015077261713236,1.4015077261713236,1.4015077261713236,True,False
depth1000_seed20260929,2,84,homozygous_deletion minus heterozygous,mixed,Nfkbia,pseudobulk_mean_log2_CPM1,1,1,single_library_side,-0.4006952438413025,-0.4006952438413025,-0.4006952438413025,True,False
depth1000_seed20260929,2,84,homozygous_deletion minus heterozygous,mixed,P53_RNA_control,pseudobulk_mean_log2_CPM1,1,1,single_library_side,-0.3616916652306714,-0.3616916652306714,-0.3616916652306714,True,False
depth1000_seed20260929,2,84,homozygous_deletion minus heterozygous,mixed,Spp1,pseudobulk_mean_log2_CPM1,1,1,single_library_side,0.0,0.0,0.0,False,False
depth1000_seed20260929,2,84,homozygous_deletion minus heterozygous,mixed,TNFA_NFKB_RNA_disjoint,pseudobulk_mean_log2_CPM1,1,1,single_library_side,-0.1665162625944645,-0.1665162625944645,-0.1665162625944645,True,False
depth1000_seed20260929,2,84,homozygous_deletion minus heterozygous,mixed,Tonsl,pseudobulk_mean_log2_CPM1,1,1,single_library_side,0.0,0.0,0.0,False,False
depth1000_seed20260929,2,84,homozygous_deletion minus heterozygous,mixed,Trp53,pseudobulk_mean_log2_CPM1,1,1,single_library_side,-0.5470432389278663,-0.5470432389278663,-0.5470432389278663,True,False
depth1000_seed20260929,2,84,homozygous_deletion minus heterozygous,mixed,cycling,pseudobulk_mean_log2_CPM1,1,1,single_library_side,-1.990193084367395,-1.990193084367395,-1.990193084367395,True,False
depth1000_seed20260929,2,84,homozygous_deletion minus heterozygous,mixed,hypoxia_control,pseudobulk_mean_log2_CPM1,1,1,single_library_side,-0.4061512714580542,-0.4061512714580542,-0.4061512714580542,True,False
depth1000_seed20260929,2,84,homozygous_deletion minus heterozygous,mixed,lesion_gate_cycle_stress_disjoint,pseudobulk_mean_log2_CPM1,1,1,single_library_side,-0.44046564031019164,-0.44046564031019164,-0.44046564031019164,True,False
depth1000_seed20260929,2,84,homozygous_deletion minus heterozygous,mixed,lesion_specific,pseudobulk_mean_log2_CPM1,1,1,single_library_side,-0.5154294343909469,-0.5154294343909469,-0.5154294343909469,True,False
depth1000_seed20260929,2,84,homozygous_deletion minus heterozygous,mixed,priming_associated,pseudobulk_mean_log2_CPM1,1,1,single_library_side,0.5562012844005908,0.5562012844005908,0.5562012844005908,True,False
depth1000_seed20260929,2,84,homozygous_deletion minus heterozygous,mixed,shared_gate_cycle_stress_disjoint,pseudobulk_mean_log2_CPM1,1,1,single_library_side,-1.9833390682670142,-1.9833390682670142,-1.9833390682670142,True,False
depth1000_seed20260929,2,84,homozygous_deletion minus heterozygous,mixed,shared_remodelling,pseudobulk_mean_log2_CPM1,1,1,single_library_side,-1.682670442594011,-1.682670442594011,-1.682670442594011,True,False
depth1000_seed20260929,2,84,homozygous_deletion minus heterozygous,mixed,transition_RNA,pseudobulk_mean_log2_CPM1,1,1,single_library_side,-2.714152101362996,-2.714152101362996,-2.714152101362996,True,False
depth1000_seed20260929,2,84,homozygous_deletion minus heterozygous,unresolved,AT1_identity,pseudobulk_mean_log2_CPM1,2,2,estimated,0.0699746451752441,-1.4016902554187887,1.5416395457692769,False,False
depth1000_seed20260929,2,84,homozygous_deletion minus heterozygous,unresolved,AT2_identity,pseudobulk_mean_log2_CPM1,2,2,estimated,1.4449039194438171,0.3979045914041226,2.4919032474835117,True,False
depth1000_seed20260929,2,84,homozygous_deletion minus heterozygous,unresolved,Areg,pseudobulk_mean_log2_CPM1,2,2,estimated,-1.8814220820090242,-3.577395158600874,-0.18544900541717446,True,False
depth1000_seed20260929,2,84,homozygous_deletion minus heterozygous,unresolved,Axin2,pseudobulk_mean_log2_CPM1,2,2,estimated,1.4430608496014088,-1.7222033828005099,4.6083250820033275,False,False
depth1000_seed20260929,2,84,homozygous_deletion minus heterozygous,unresolved,Cd177,pseudobulk_mean_log2_CPM1,2,2,estimated,-0.728958979929796,-4.0610735773467175,2.6031556174871255,False,False
depth1000_seed20260929,2,84,homozygous_deletion minus heterozygous,unresolved,Cd38,pseudobulk_mean_log2_CPM1,2,2,estimated,-0.08754920052375681,-1.0746107346282745,0.8995123335807609,False,False
depth1000_seed20260929,2,84,homozygous_deletion minus heterozygous,unresolved,Dlk1,pseudobulk_mean_log2_CPM1,2,2,estimated,-3.976487950060759,-7.952975900121518,0.0,False,False
depth1000_seed20260929,2,84,homozygous_deletion minus heterozygous,unresolved,Ereg,pseudobulk_mean_log2_CPM1,2,2,estimated,-4.30132885912888,-7.415805045247408,-1.1868526730103504,True,False
depth1000_seed20260929,2,84,homozygous_deletion minus heterozygous,unresolved,Hbegf,pseudobulk_mean_log2_CPM1,2,2,estimated,-1.5519608795735227,-3.4373509171968424,0.3334291580497979,False,False
depth1000_seed20260929,2,84,homozygous_deletion minus heterozygous,unresolved,Hmga2,pseudobulk_mean_log2_CPM1,2,2,estimated,-3.9640789326573604,-7.222645061951369,-0.7055128033633513,True,False
depth1000_seed20260929,2,84,homozygous_deletion minus heterozygous,unresolved,Il1r1,pseudobulk_mean_log2_CPM1,2,2,estimated,0.37620273460297415,-0.5502710135084081,1.302676482714355,False,False
depth1000_seed20260929,2,84,homozygous_deletion minus heterozygous,unresolved,Itga2,pseudobulk_mean_log2_CPM1,2,2,estimated,-3.8236682345380415,-6.187011304118419,-1.4603251649576632,True,False
depth1000_seed20260929,2,84,homozygous_deletion minus heterozygous,unresolved,Mki67,pseudobulk_mean_log2_CPM1,2,2,estimated,1.6445512487376532,-0.7313487118488373,4.020451209324144,False,False
depth1000_seed20260929,2,84,homozygous_deletion minus heterozygous,unresolved,Nfkbia,pseudobulk_mean_log2_CPM1,2,2,estimated,-0.223893966240702,-1.3084590865581154,0.8606711540767131,False,False
depth1000_seed20260929,2,84,homozygous_deletion minus heterozygous,unresolved,P53_RNA_control,pseudobulk_mean_log2_CPM1,2,2,estimated,-0.21142715826960057,-0.42977090215588376,0.0069165856166826245,False,False
depth1000_seed20260929,2,84,homozygous_deletion minus heterozygous,unresolved,Spp1,pseudobulk_mean_log2_CPM1,2,2,estimated,-2.5799759713909634,-5.340240951230844,0.18028900844891727,False,False
depth1000_seed20260929,2,84,homozygous_deletion minus heterozygous,unresolved,TNFA_NFKB_RNA_disjoint,pseudobulk_mean_log2_CPM1,2,2,estimated,-0.23376375550333073,-0.7926714534318009,0.32514394242513944,False,False
depth1000_seed20260929,2,84,homozygous_deletion minus heterozygous,unresolved,Tonsl,pseudobulk_mean_log2_CPM1,2,2,estimated,-1.7723954258128982,-2.2658940599730344,-1.278896791652762,True,False
depth1000_seed20260929,2,84,homozygous_deletion minus heterozygous,unresolved,Trp53,pseudobulk_mean_log2_CPM1,2,2,estimated,-0.42622042172106855,-1.0436403779801964,0.19119953453805927,False,False
depth1000_seed20260929,2,84,homozygous_deletion minus heterozygous,unresolved,cycling,pseudobulk_mean_log2_CPM1,2,2,estimated,0.7836172591428108,-0.4039219225462878,1.9711564408319093,False,False
depth1000_seed20260929,2,84,homozygous_deletion minus heterozygous,unresolved,hypoxia_control,pseudobulk_mean_log2_CPM1,2,2,estimated,-0.12042944015013468,-0.673384791680669,0.43252591138040053,False,False
depth1000_seed20260929,2,84,homozygous_deletion minus heterozygous,unresolved,lesion_gate_cycle_stress_disjoint,pseudobulk_mean_log2_CPM1,2,2,estimated,-0.8837961062361348,-1.4480430039638814,-0.3195492085083873,True,False
depth1000_seed20260929,2,84,homozygous_deletion minus heterozygous,unresolved,lesion_specific,pseudobulk_mean_log2_CPM1,2,2,estimated,-0.9051682034312538,-1.5305529833304425,-0.27978342353206465,True,False
depth1000_seed20260929,2,84,homozygous_deletion minus heterozygous,unresolved,priming_associated,pseudobulk_mean_log2_CPM1,2,2,estimated,0.12248794567935839,-0.23431537990490447,0.47929127126362303,False,False
depth1000_seed20260929,2,84,homozygous_deletion minus heterozygous,unresolved,shared_gate_cycle_stress_disjoint,pseudobulk_mean_log2_CPM1,2,2,estimated,-1.1130027612330826,-2.2053132452259705,-0.020692277240194734,True,False
depth1000_seed20260929,2,84,homozygous_deletion minus heterozygous,unresolved,shared_remodelling,pseudobulk_mean_log2_CPM1,2,2,estimated,-1.0618338035504182,-2.081686092162328,-0.04198151493850766,True,False
depth1000_seed20260929,2,84,homozygous_deletion minus heterozygous,unresolved,transition_RNA,pseudobulk_mean_log2_CPM1,2,2,estimated,-0.8153729447196678,-2.281129811190299,0.6503839217509642,False,False
