contrast	cell_floor	day	gene	n	mean	median	minimum	maximum	positive	negative	detected_left	detected_right	counts_left	counts_right	author_mean	same_denominator_direction
gCap_minus_aCap	10	0	Angpt2	3	3.08294786982	3.84659208718	1.35041970296	4.05183181933	3	0	26	1	26	1	3.08303316355	True
gCap_minus_aCap	10	0	Apln	3	-3.90241175115	-3.72903601301	-4.26841849908	-3.70978074137	0	3	49	104	58	188	-3.90238734566	True
gCap_minus_aCap	10	0	Aplnr	3	4.42945214873	2.94006233515	2.71571123552	7.6325828755	3	0	318	11	417	12	4.42951273475	True
gCap_minus_aCap	10	0	Axin2	3	3.86976655723	3.76294215547	3.44862454792	4.39773296829	3	0	24	0	24	0	3.86988702676	True
gCap_minus_aCap	10	0	Car4	3	-3.73631527586	-3.77170794112	-3.81964300471	-3.61759488174	0	3	277	226	383	1120	-3.73628679953	True
gCap_minus_aCap	10	0	Ccnb1	3	3.68191468361	3.92300082186	2.97442072481	4.14832250417	3	0	16	0	21	0	3.6820331539	True
gCap_minus_aCap	10	0	Ccnb2	3	3.01554668356	2.94354489001	2.47843834862	3.62465681206	3	0	12	0	14	0	3.01565893191	True
gCap_minus_aCap	10	0	Cd93	3	3.919577172	3.02326521162	2.73128863257	6.00417767182	3	0	1081	34	3848	108	3.91960736904	True
gCap_minus_aCap	10	0	Cdh5	3	-0.572622583454	-0.502064220496	-0.84437348861	-0.371430041257	0	3	1067	224	3148	982	-0.572593550129	True
gCap_minus_aCap	10	0	Cdk1	3	3.30560109217	3.84659208718	2.14721036746	3.92300082186	3	0	16	0	17	0	3.3057141932	True
gCap_minus_aCap	10	0	Cldn5	3	-0.668692149695	-0.675664318608	-0.779178312028	-0.551233818448	0	3	1211	237	6355	2303	-0.668663098887	True
gCap_minus_aCap	10	0	Ednrb	3	-5.86245957713	-5.36917310621	-6.95516198338	-5.26304364181	0	3	47	214	87	902	-5.86243447983	True
gCap_minus_aCap	10	0	Fibin	3	-6.10196966729	-5.22806424401	-7.87903342716	-5.19881133068	0	3	40	182	58	570	-6.10195251176	True
gCap_minus_aCap	10	0	Foxf1	3	-0.057589833727	-0.155779795971	-0.398793048914	0.381803343703	1	2	564	136	873	225	-0.0575608377866	True
gCap_minus_aCap	10	0	Fzd1	3	-0.162168581441	0	-1.58629561361	1.09978986929	1	1	2	1	2	1	-0.162143060919	True
gCap_minus_aCap	10	0	Fzd10	3	0	0	0	0	0	0	0	0	0	0	0	True
gCap_minus_aCap	10	0	Fzd2	3	0.826146116206	0	0	2.47843834862	1	0	4	0	4	0	0.82618626901	True
gCap_minus_aCap	10	0	Fzd3	3	1.91194028886	2.11985288944	1.22350436183	2.39246361532	3	0	14	1	14	1	1.91201347769	True
gCap_minus_aCap	10	0	Fzd4	3	0.98409353784	0.862707102371	0.799565741576	1.29000776957	3	0	507	66	763	87	0.984122775561	True
gCap_minus_aCap	10	0	Fzd5	3	-0.892194591764	-1.01931391803	-1.65726985726	0	0	2	7	5	7	5	-0.892189314274	True
gCap_minus_aCap	10	0	Fzd6	3	4.5528897985	5.6779998609	2.16671096504	5.81395856958	3	0	97	3	108	3	4.55297658247	True
gCap_minus_aCap	10	0	Fzd7	3	0.366596623096	0	0	1.09978986929	1	0	1	0	1	0	0.366622725276	True
gCap_minus_aCap	10	0	Fzd8	3	1.43422587351	1.85739009505	-1.01931391803	3.4646014435	2	1	23	3	23	3	1.43428279147	True
gCap_minus_aCap	10	0	Fzd9	3	0	0	0	0	0	0	0	0	0	0	0	True
gCap_minus_aCap	10	0	Gpihbp1	3	2.75998804423	2.80844581837	2.44625484022	3.0252634741	3	0	1092	64	3657	128	2.76001740217	True
gCap_minus_aCap	10	0	Kit	3	5.51449797814	4.39011256082	3.61243550257	8.54094587101	3	0	547	7	803	10	5.51455929716	True
gCap_minus_aCap	10	0	Lef1	3	-0.217013704707	1.09978986929	-4.99892007722	3.24808909381	2	1	7	1	7	1	-0.216981713135	True
gCap_minus_aCap	10	0	Lrp5	3	-0.45985199408	-0.730876266479	-1.01648381553	0.36780409977	1	2	57	18	59	18	-0.459824621086	True
gCap_minus_aCap	10	0	Lrp6	3	0.973588951908	0.744781536638	0.245363994587	1.9306213245	3	0	195	20	227	24	0.973618578904	True
gCap_minus_aCap	10	0	Mki67	3	2.01571715818	1.67538893923	-0.025970432978	4.39773296829	2	1	23	4	33	4	2.0157787312	True
gCap_minus_aCap	10	0	Nkd1	3	-1.27636887122	-1.10529076939	-1.76078878075	-0.963027063535	0	3	364	133	462	222	-1.27634014281	True
gCap_minus_aCap	10	0	Pcna	3	0.17100569198	-0.388605450777	-0.61995120506	1.52157373178	1	2	32	7	33	7	0.171034454496	True
gCap_minus_aCap	10	0	Pecam1	3	-0.432815066009	-0.426354152666	-0.502555780248	-0.369535265113	0	3	976	214	2360	737	-0.432786040848	True
gCap_minus_aCap	10	0	Procr	3	2.80441716608	3.34282179793	0.922107196142	4.14832250417	3	0	19	1	22	1	2.80451342471	True
gCap_minus_aCap	10	0	Top2a	3	2.35099925136	1.86867425588	0.0772649709376	5.10705852726	3	0	33	5	48	6	2.35105904737	True
gCap_minus_aCap	10	0	Tspan12	3	-1.83720601787	-1.62979821171	-2.52882792009	-1.35299192182	0	3	191	106	219	150	-1.83717800192	True
gCap_minus_aCap	10	3	Angpt2	2	4.44362427638	4.44362427638	3.00186141726	5.88538713549	2	0	29	0	44	0	4.44374150452	True
gCap_minus_aCap	10	3	Apln	2	-1.90821216238	-1.90821216238	-4.04297752835	0.22655320358	1	1	89	42	219	72	-1.90817235055	True
gCap_minus_aCap	10	3	Aplnr	2	3.62811957986	3.62811957986	2.77018096453	4.4860581952	2	0	123	4	160	5	3.62819981532	True
gCap_minus_aCap	10	3	Axin2	2	3.00659559844	3.00659559844	1.33872207495	4.67446912192	2	0	20	0	22	0	3.00669654859	True
gCap_minus_aCap	10	3	Car4	2	-3.72689965008	-3.72689965008	-3.83051160835	-3.62328769181	0	2	186	105	314	599	-3.72685704988	True
gCap_minus_aCap	10	3	Ccnb1	2	1.78518197251	1.78518197251	0.458271213526	3.1120927315	2	0	11	1	11	1	1.78525589851	True
gCap_minus_aCap	10	3	Ccnb2	2	3.87157113946	3.87157113946	3.72619628398	4.01694599495	2	0	13	0	21	0	3.87168924445	True
gCap_minus_aCap	10	3	Cd93	2	4.01724440056	4.01724440056	2.23450796415	5.79998083698	2	0	778	20	3586	84	4.01728834846	True
gCap_minus_aCap	10	3	Cdh5	2	-0.633155493954	-0.633155493954	-0.866000427876	-0.400310560033	0	2	737	103	2322	508	-0.633112359301	True
gCap_minus_aCap	10	3	Cdk1	2	2.62462171576	2.62462171576	1.36528581827	3.88395761325	2	0	17	1	21	1	2.62470242111	True
gCap_minus_aCap	10	3	Cldn5	2	-0.563144220305	-0.563144220305	-0.665316782267	-0.460971658342	0	2	862	113	5132	1163	-0.563101058338	True
gCap_minus_aCap	10	3	Ednrb	2	-6.6516628646	-6.6516628646	-7.37271094038	-5.93061478882	0	2	14	95	27	364	-6.65162894579	True
gCap_minus_aCap	10	3	Fibin	2	-7.44622398796	-7.44622398796	-8.97628243737	-5.91616553856	0	2	10	82	17	270	-7.44620731975	True
gCap_minus_aCap	10	3	Foxf1	2	-0.522851895815	-0.522851895815	-0.7919238533	-0.253779938331	0	2	344	60	537	112	-0.522808917171	True
gCap_minus_aCap	10	3	Fzd1	2	1.08578985656	1.08578985656	0	2.17157971313	1	0	3	0	3	0	1.0858429743	True
gCap_minus_aCap	10	3	Fzd10	2	0	0	0	0	0	0	0	0	0	0	0	True
gCap_minus_aCap	10	3	Fzd2	2	0.669361037476	0.669361037476	0	1.33872207495	1	0	1	0	1	0	0.66939638987	True
gCap_minus_aCap	10	3	Fzd3	2	3.07360434327	3.07360434327	2.48228435373	3.66492433282	2	0	13	0	13	0	3.07371523751	True
gCap_minus_aCap	10	3	Fzd4	2	0.412927739678	0.412927739678	0.325506366239	0.500349113118	2	0	347	33	496	59	0.412970871861	True
gCap_minus_aCap	10	3	Fzd5	2	2.05656381213	2.05656381213	1.33872207495	2.7744055493	2	0	6	0	6	0	2.05665745775	True
gCap_minus_aCap	10	3	Fzd6	2	2.75048745414	2.75048745414	1.01491671309	4.4860581952	2	0	62	6	65	6	2.75056667056	True
gCap_minus_aCap	10	3	Fzd7	2	0.55831149458	0.55831149458	0	1.11662298916	1	0	1	0	1	0	0.558348281788	True
gCap_minus_aCap	10	3	Fzd8	2	2.20258921136	2.20258921136	1.57389151746	2.83128690526	2	0	15	1	18	1	2.20266627384	True
gCap_minus_aCap	10	3	Fzd9	2	0	0	0	0	0	0	0	0	0	0	0	True
gCap_minus_aCap	10	3	Gpihbp1	2	3.21456765063	3.21456765063	2.3807092095	4.04842609176	2	0	659	26	2267	79	3.21461156115	True
gCap_minus_aCap	10	3	Kit	2	4.26835098573	4.26835098573	2.50925118133	6.02745079012	2	0	235	7	352	13	4.26843205283	True
gCap_minus_aCap	10	3	Lef1	2	0.784768710258	0.784768710258	0.230815345564	1.33872207495	2	0	4	1	6	1	0.784824826639	True
gCap_minus_aCap	10	3	Lrp5	2	2.42239989541	2.42239989541	-0.204600424285	5.04940021511	1	1	46	7	46	7	2.42247861255	True
gCap_minus_aCap	10	3	Lrp6	2	3.69517543019	3.69517543019	1.54277840202	5.84757245835	2	0	120	6	135	8	3.69525640776	True
gCap_minus_aCap	10	3	Mki67	2	4.5213788761	4.5213788761	4.46146213662	4.58129561558	2	0	21	0	33	0	4.52150007483	True
gCap_minus_aCap	10	3	Nkd1	2	-1.94696626344	-1.94696626344	-2.34312241678	-1.5508101101	0	2	217	73	275	138	-1.9469236651	True
gCap_minus_aCap	10	3	Pcna	2	-0.605027254425	-0.605027254425	-0.921607104572	-0.288447404278	0	2	22	4	28	4	-0.604987871452	True
gCap_minus_aCap	10	3	Pecam1	2	-0.297120029228	-0.297120029228	-0.353311710363	-0.240928348093	0	2	707	96	2010	363	-0.297076890879	True
gCap_minus_aCap	10	3	Procr	2	4.31138945115	4.31138945115	0.25068563178	8.37209327052	2	0	93	2	226	2	4.31146958271	True
gCap_minus_aCap	10	3	Top2a	2	3.14807142433	3.14807142433	1.38655385895	4.90958898972	2	0	27	2	42	2	3.14815272014	True
gCap_minus_aCap	10	3	Tspan12	2	-2.14861099041	-2.14861099041	-2.96927820335	-1.32794377747	0	2	111	48	121	64	-2.14856957067	True
gCap_minus_aCap	10	5	Angpt2	2	2.50326378398	2.50326378398	2.39816925088	2.60835831708	2	0	7	0	7	0	2.50334049883	True
gCap_minus_aCap	10	5	Apln	2	-3.7265492591	-3.7265492591	-3.8255035892	-3.62759492901	0	2	43	17	48	34	-3.72653527257	True
gCap_minus_aCap	10	5	Aplnr	2	5.53279412996	5.53279412996	3.76532051715	7.30026774276	2	0	114	1	281	1	5.53285618512	True
gCap_minus_aCap	10	5	Axin2	2	0.586493864395	0.586493864395	-2.08140621615	3.25439394494	1	1	10	2	11	2	0.586544261064	True
gCap_minus_aCap	10	5	Car4	2	-3.60264486863	-3.60264486863	-3.83612157366	-3.3691681636	0	2	152	35	279	185	-3.60262867972	True
gCap_minus_aCap	10	5	Ccnb1	2	4.01169447834	4.01169447834	1.74013226468	6.283256692	2	0	62	1	135	2	4.01175501331	True
gCap_minus_aCap	10	5	Ccnb2	2	4.49728988884	4.49728988884	2.09765782471	6.89692195297	2	0	83	2	187	2	4.49735073077	True
gCap_minus_aCap	10	5	Cd93	2	6.36428242648	6.36428242648	1.99158146704	10.7369833859	2	0	360	4	2661	31	6.36434297904	True
gCap_minus_aCap	10	5	Cdh5	2	-0.474642875587	-0.474642875587	-0.834787657692	-0.114498093483	0	2	349	31	1740	121	-0.474626242063	True
gCap_minus_aCap	10	5	Cdk1	2	4.10632752873	4.10632752873	1.15291601322	7.05973904423	2	0	85	1	173	3	4.10638796913	True
gCap_minus_aCap	10	5	Cldn5	2	-1.51518901117	-1.51518901117	-1.75567955698	-1.27469846536	0	2	379	42	2873	427	-1.51517237897	True
gCap_minus_aCap	10	5	Ednrb	2	-7.2603333859	-7.2603333859	-7.89082285053	-6.62984392126	0	2	6	29	9	80	-7.26033354982	True
gCap_minus_aCap	10	5	Fibin	2	-7.40957676286	-7.40957676286	-9.3878816189	-5.43127190682	0	2	4	20	5	32	-7.40961340814	True
gCap_minus_aCap	10	5	Foxf1	2	0.150084307525	0.150084307525	-0.402612559693	0.702781174743	1	1	193	14	406	25	0.150100971119	True
gCap_minus_aCap	10	5	Fzd1	2	-1.09083135508	-1.09083135508	-2.18166271016	0	0	1	2	1	2	1	-1.09082898812	True
gCap_minus_aCap	10	5	Fzd10	2	0	0	0	0	0	0	0	0	0	0	0	True
gCap_minus_aCap	10	5	Fzd2	2	0	0	0	0	0	0	0	0	0	0	0	True
gCap_minus_aCap	10	5	Fzd3	2	2.64122852519	2.64122852519	1.8274316182	3.45502543218	2	0	9	0	9	0	2.64130448017	True
gCap_minus_aCap	10	5	Fzd4	2	0.0231337247783	0.0231337247783	-0.0586889176838	0.10495636724	1	1	141	5	225	11	0.0231502800345	True
gCap_minus_aCap	10	5	Fzd5	2	0.638629197225	0.638629197225	0	1.27725839445	1	0	1	0	1	0	0.638656950534	True
gCap_minus_aCap	10	5	Fzd6	2	3.07676481449	3.07676481449	-0.023856255398	6.17738588437	1	1	75	1	98	1	3.07681345926	True
gCap_minus_aCap	10	5	Fzd7	2	0.638629197225	0.638629197225	0	1.27725839445	1	0	1	0	1	0	0.638656950534	True
gCap_minus_aCap	10	5	Fzd8	2	2.41306010286	2.41306010286	1.94394337003	2.88217683568	2	0	7	0	7	0	2.41313480431	True
gCap_minus_aCap	10	5	Fzd9	2	0	0	0	0	0	0	0	0	0	0	0	True
gCap_minus_aCap	10	5	Gpihbp1	2	4.83769289309	4.83769289309	0.962545375585	8.7128404106	2	0	226	6	618	14	4.83775335852	True
gCap_minus_aCap	10	5	Kit	2	4.12143534316	4.12143534316	1.21425816501	7.02861252132	2	0	136	3	202	4	4.12149572609	True
gCap_minus_aCap	10	5	Lef1	2	0.592782146039	0.592782146039	0	1.18556429208	1	0	1	0	1	0	0.592807905674	True
gCap_minus_aCap	10	5	Lrp5	2	4.69149827744	4.69149827744	4.6555951024	4.72740145248	2	0	33	0	37	0	4.69158788326	True
gCap_minus_aCap	10	5	Lrp6	2	2.35703184461	2.35703184461	-0.756271314917	5.47033500414	1	1	52	1	59	1	2.35707957371	True
gCap_minus_aCap	10	5	Mki67	2	0.842877937147	0.842877937147	-0.40320256488	2.08895843917	1	1	131	3	363	21	0.84289504138	True
gCap_minus_aCap	10	5	Nkd1	2	-1.61316544414	-1.61316544414	-2.13054635354	-1.09578453475	0	2	137	20	213	31	-1.61314925089	True
gCap_minus_aCap	10	5	Pcna	2	0.342693872316	0.342693872316	0.201807157381	0.483580587251	2	0	67	3	101	4	0.342710544931	True
gCap_minus_aCap	10	5	Pecam1	2	-0.469267390339	-0.469267390339	-0.657529030955	-0.281005749723	0	2	356	35	1682	121	-0.469250757404	True
gCap_minus_aCap	10	5	Procr	2	3.77301247133	3.77301247133	1.91933760803	5.62668733463	2	0	58	1	81	1	3.77307332522	True
gCap_minus_aCap	10	5	Top2a	2	1.1258905138	1.1258905138	-0.36178616297	2.61356719057	1	1	109	2	523	29	1.1259077033	True
gCap_minus_aCap	10	5	Tspan12	2	-1.42626392641	-1.42626392641	-1.81355751487	-1.03897033794	0	2	84	14	112	18	-1.42624811606	True
gCap_minus_aCap	10	7	Angpt2	3	3.704532204	3.90429503	2.98343960136	4.22586198063	3	0	27	0	27	0	3.70466687961	True
gCap_minus_aCap	10	7	Apln	3	-4.3599728233	-4.28016207076	-5.36292843043	-3.4368279687	0	3	31	77	46	128	-4.35993609092	True
gCap_minus_aCap	10	7	Aplnr	3	4.20437617846	2.39628282376	1.82634046253	8.39050524908	3	0	318	11	538	12	4.20444075629	True
gCap_minus_aCap	10	7	Axin2	3	1.75694308782	1.53155488619	0.171665627093	3.56760875018	3	0	28	2	29	2	1.757005943	True
gCap_minus_aCap	10	7	Car4	3	-3.97917332001	-3.99088414597	-4.05829154664	-3.88834426743	0	3	248	162	380	796	-3.97912851036	True
gCap_minus_aCap	10	7	Ccnb1	3	2.36862408157	2.56919501796	1.30650149079	3.23017573596	3	0	14	1	19	1	2.36872433962	True
gCap_minus_aCap	10	7	Ccnb2	3	2.57038666438	3.21185624087	-0.126373137914	4.62567689019	2	1	22	1	35	1	2.57047780873	True
gCap_minus_aCap	10	7	Cd93	3	5.41467150714	3.22716677713	2.38742004716	10.6294276971	3	0	1074	20	4223	82	5.41473491937	True
gCap_minus_aCap	10	7	Cdh5	3	-0.535478518979	-0.517082390057	-0.594537861337	-0.494815305544	0	3	1073	160	3680	737	-0.535432910209	True
gCap_minus_aCap	10	7	Cdk1	3	2.08915700365	3.38490540039	-0.723690654416	3.60625626499	2	1	29	1	34	1	2.08927520533	True
gCap_minus_aCap	10	7	Cldn5	3	-1.0816248066	-0.89947849526	-1.5004881301	-0.84490779443	0	3	1187	174	6335	1961	-1.08157918273	True
gCap_minus_aCap	10	7	Ednrb	3	-6.77983973186	-6.7423473462	-7.85136096157	-5.74581088781	0	3	30	150	43	635	-6.77980347104	True
gCap_minus_aCap	10	7	Fibin	3	-6.86709398056	-6.04370411383	-8.97630743031	-5.58127039753	0	3	15	122	20	319	-6.86706839315	True
gCap_minus_aCap	10	7	Foxf1	3	-0.524054322966	-0.413742164471	-0.761250201602	-0.397170602826	0	3	539	108	885	187	-0.524008863459	True
gCap_minus_aCap	10	7	Fzd1	3	0.43399289687	1.12484037469	-1.80867872689	1.98581704281	2	1	5	1	5	1	0.434048531915	True
gCap_minus_aCap	10	7	Fzd10	3	0	0	0	0	0	0	0	0	0	0	0	True
gCap_minus_aCap	10	7	Fzd2	3	0	0	0	0	0	0	0	0	0	0	0	True
gCap_minus_aCap	10	7	Fzd3	3	2.2208699899	3.23017573596	0.127542496295	3.30489173746	3	0	25	3	25	3	2.22096958791	True
gCap_minus_aCap	10	7	Fzd4	3	1.28890068852	1.47872998855	0.697284828854	1.69068724815	3	0	451	45	666	60	1.2889466282	True
gCap_minus_aCap	10	7	Fzd5	3	1.46322809637	1.98581704281	-0.316239366131	2.72010661243	2	1	8	1	8	1	1.46331542105	True
gCap_minus_aCap	10	7	Fzd6	3	2.10252271024	2.21494572794	1.62244631576	2.47017608701	3	0	169	5	200	5	2.10257296807	True
gCap_minus_aCap	10	7	Fzd7	3	1.23688893895	0.990560204411	0	2.72010661243	2	0	3	0	3	0	1.23695984872	True
gCap_minus_aCap	10	7	Fzd8	3	2.63447393357	3.38490540039	0.629297018202	3.88921938211	3	0	28	1	29	1	2.63456648493	True
gCap_minus_aCap	10	7	Fzd9	3	0.330186734804	0	0	0.990560204411	1	0	1	0	1	0	0.330207482596	True
gCap_minus_aCap	10	7	Gpihbp1	3	2.41016271402	2.57980423501	2.0146476452	2.63603626184	3	0	1016	47	3521	114	2.41020858624	True
gCap_minus_aCap	10	7	Kit	3	3.67757786123	3.71530231116	3.42085047282	3.89658079972	3	0	519	6	863	9	3.67762669386	True
gCap_minus_aCap	10	7	Lef1	3	-1.92925955195	-3.7326294029	-4.23857938872	2.18343013576	1	2	4	2	4	2	-1.92926420454	True
gCap_minus_aCap	10	7	Lrp5	3	0.755660884274	0.0200656169629	-2.3198979259	4.56681496176	2	1	52	11	52	12	0.755718708857	True
gCap_minus_aCap	10	7	Lrp6	3	3.49319939942	3.18823699732	0.867140329111	6.42422087181	3	0	190	12	216	13	3.49326538867	True
gCap_minus_aCap	10	7	Mki67	3	2.30968354282	1.78192592925	0.580309737465	4.56681496176	3	0	27	5	63	5	2.30974753581	True
gCap_minus_aCap	10	7	Nkd1	3	-1.34777142562	-1.15171514216	-1.81887142812	-1.07272770658	0	3	346	86	469	166	-1.34772625531	True
gCap_minus_aCap	10	7	Pcna	3	1.1163779358	-0.50351947064	-0.773023612133	4.62567689019	1	2	44	8	51	10	1.11643660967	True
gCap_minus_aCap	10	7	Pecam1	3	-0.332396401024	-0.438965147331	-0.482522744879	-0.075701310863	0	3	1021	152	2850	533	-0.332350792687	True
gCap_minus_aCap	10	7	Procr	3	2.51185465837	3.21185624087	0.171665627093	4.15204210715	3	0	23	1	29	1	2.5119460515	True
gCap_minus_aCap	10	7	Top2a	3	3.97798078976	5.40350959542	1.12266644101	5.40776633284	3	0	33	1	87	1	3.9780792844	True
gCap_minus_aCap	10	7	Tspan12	3	-2.02236861261	-1.86375973299	-2.52209997285	-1.68124613198	0	3	166	77	205	122	-2.02232425285	True
gCap_minus_aCap	20	0	Angpt2	3	3.08294786982	3.84659208718	1.35041970296	4.05183181933	3	0	26	1	26	1	3.08303316355	True
gCap_minus_aCap	20	0	Apln	3	-3.90241175115	-3.72903601301	-4.26841849908	-3.70978074137	0	3	49	104	58	188	-3.90238734566	True
gCap_minus_aCap	20	0	Aplnr	3	4.42945214873	2.94006233515	2.71571123552	7.6325828755	3	0	318	11	417	12	4.42951273475	True
gCap_minus_aCap	20	0	Axin2	3	3.86976655723	3.76294215547	3.44862454792	4.39773296829	3	0	24	0	24	0	3.86988702676	True
gCap_minus_aCap	20	0	Car4	3	-3.73631527586	-3.77170794112	-3.81964300471	-3.61759488174	0	3	277	226	383	1120	-3.73628679953	True
gCap_minus_aCap	20	0	Ccnb1	3	3.68191468361	3.92300082186	2.97442072481	4.14832250417	3	0	16	0	21	0	3.6820331539	True
gCap_minus_aCap	20	0	Ccnb2	3	3.01554668356	2.94354489001	2.47843834862	3.62465681206	3	0	12	0	14	0	3.01565893191	True
gCap_minus_aCap	20	0	Cd93	3	3.919577172	3.02326521162	2.73128863257	6.00417767182	3	0	1081	34	3848	108	3.91960736904	True
gCap_minus_aCap	20	0	Cdh5	3	-0.572622583454	-0.502064220496	-0.84437348861	-0.371430041257	0	3	1067	224	3148	982	-0.572593550129	True
gCap_minus_aCap	20	0	Cdk1	3	3.30560109217	3.84659208718	2.14721036746	3.92300082186	3	0	16	0	17	0	3.3057141932	True
gCap_minus_aCap	20	0	Cldn5	3	-0.668692149695	-0.675664318608	-0.779178312028	-0.551233818448	0	3	1211	237	6355	2303	-0.668663098887	True
gCap_minus_aCap	20	0	Ednrb	3	-5.86245957713	-5.36917310621	-6.95516198338	-5.26304364181	0	3	47	214	87	902	-5.86243447983	True
gCap_minus_aCap	20	0	Fibin	3	-6.10196966729	-5.22806424401	-7.87903342716	-5.19881133068	0	3	40	182	58	570	-6.10195251176	True
gCap_minus_aCap	20	0	Foxf1	3	-0.057589833727	-0.155779795971	-0.398793048914	0.381803343703	1	2	564	136	873	225	-0.0575608377866	True
gCap_minus_aCap	20	0	Fzd1	3	-0.162168581441	0	-1.58629561361	1.09978986929	1	1	2	1	2	1	-0.162143060919	True
gCap_minus_aCap	20	0	Fzd10	3	0	0	0	0	0	0	0	0	0	0	0	True
gCap_minus_aCap	20	0	Fzd2	3	0.826146116206	0	0	2.47843834862	1	0	4	0	4	0	0.82618626901	True
gCap_minus_aCap	20	0	Fzd3	3	1.91194028886	2.11985288944	1.22350436183	2.39246361532	3	0	14	1	14	1	1.91201347769	True
gCap_minus_aCap	20	0	Fzd4	3	0.98409353784	0.862707102371	0.799565741576	1.29000776957	3	0	507	66	763	87	0.984122775561	True
gCap_minus_aCap	20	0	Fzd5	3	-0.892194591764	-1.01931391803	-1.65726985726	0	0	2	7	5	7	5	-0.892189314274	True
gCap_minus_aCap	20	0	Fzd6	3	4.5528897985	5.6779998609	2.16671096504	5.81395856958	3	0	97	3	108	3	4.55297658247	True
gCap_minus_aCap	20	0	Fzd7	3	0.366596623096	0	0	1.09978986929	1	0	1	0	1	0	0.366622725276	True
gCap_minus_aCap	20	0	Fzd8	3	1.43422587351	1.85739009505	-1.01931391803	3.4646014435	2	1	23	3	23	3	1.43428279147	True
gCap_minus_aCap	20	0	Fzd9	3	0	0	0	0	0	0	0	0	0	0	0	True
gCap_minus_aCap	20	0	Gpihbp1	3	2.75998804423	2.80844581837	2.44625484022	3.0252634741	3	0	1092	64	3657	128	2.76001740217	True
gCap_minus_aCap	20	0	Kit	3	5.51449797814	4.39011256082	3.61243550257	8.54094587101	3	0	547	7	803	10	5.51455929716	True
gCap_minus_aCap	20	0	Lef1	3	-0.217013704707	1.09978986929	-4.99892007722	3.24808909381	2	1	7	1	7	1	-0.216981713135	True
gCap_minus_aCap	20	0	Lrp5	3	-0.45985199408	-0.730876266479	-1.01648381553	0.36780409977	1	2	57	18	59	18	-0.459824621086	True
gCap_minus_aCap	20	0	Lrp6	3	0.973588951908	0.744781536638	0.245363994587	1.9306213245	3	0	195	20	227	24	0.973618578904	True
gCap_minus_aCap	20	0	Mki67	3	2.01571715818	1.67538893923	-0.025970432978	4.39773296829	2	1	23	4	33	4	2.0157787312	True
gCap_minus_aCap	20	0	Nkd1	3	-1.27636887122	-1.10529076939	-1.76078878075	-0.963027063535	0	3	364	133	462	222	-1.27634014281	True
gCap_minus_aCap	20	0	Pcna	3	0.17100569198	-0.388605450777	-0.61995120506	1.52157373178	1	2	32	7	33	7	0.171034454496	True
gCap_minus_aCap	20	0	Pecam1	3	-0.432815066009	-0.426354152666	-0.502555780248	-0.369535265113	0	3	976	214	2360	737	-0.432786040848	True
gCap_minus_aCap	20	0	Procr	3	2.80441716608	3.34282179793	0.922107196142	4.14832250417	3	0	19	1	22	1	2.80451342471	True
gCap_minus_aCap	20	0	Top2a	3	2.35099925136	1.86867425588	0.0772649709376	5.10705852726	3	0	33	5	48	6	2.35105904737	True
gCap_minus_aCap	20	0	Tspan12	3	-1.83720601787	-1.62979821171	-2.52882792009	-1.35299192182	0	3	191	106	219	150	-1.83717800192	True
gCap_minus_aCap	20	3	Angpt2	1	3.00186141726	3.00186141726	3.00186141726	3.00186141726	1	0	6	0	6	0	3.00198091449	True
gCap_minus_aCap	20	3	Apln	1	-4.04297752835	-4.04297752835	-4.04297752835	-4.04297752835	0	1	11	38	16	67	-4.0429382366	True
gCap_minus_aCap	20	3	Aplnr	1	2.77018096453	2.77018096453	2.77018096453	2.77018096453	1	0	113	4	146	5	2.77022971616	True
gCap_minus_aCap	20	3	Axin2	1	4.67446912192	4.67446912192	4.67446912192	4.67446912192	1	0	19	0	21	0	4.67460031745	True
gCap_minus_aCap	20	3	Car4	1	-3.83051160835	-3.83051160835	-3.83051160835	-3.83051160835	0	1	100	92	157	543	-3.83046636862	True
gCap_minus_aCap	20	3	Ccnb1	1	0.458271213526	0.458271213526	0.458271213526	0.458271213526	1	0	6	1	6	1	0.458315652284	True
gCap_minus_aCap	20	3	Ccnb2	1	4.01694599495	4.01694599495	4.01694599495	4.01694599495	1	0	8	0	13	0	4.01707410338	True
gCap_minus_aCap	20	3	Cd93	1	2.23450796415	2.23450796415	2.23450796415	2.23450796415	1	0	482	19	1618	83	2.23455406285	True
gCap_minus_aCap	20	3	Cdh5	1	-0.400310560033	-0.400310560033	-0.400310560033	-0.400310560033	0	1	474	91	1447	462	-0.400264654676	True
gCap_minus_aCap	20	3	Cdk1	1	1.36528581827	1.36528581827	1.36528581827	1.36528581827	1	0	10	1	12	1	1.3653382122	True
gCap_minus_aCap	20	3	Cldn5	1	-0.665316782267	-0.665316782267	-0.665316782267	-0.665316782267	0	1	546	99	2789	1070	-0.665270861139	True
gCap_minus_aCap	20	3	Ednrb	1	-5.93061478882	-5.93061478882	-5.93061478882	-5.93061478882	0	1	10	83	22	337	-5.93057390055	True
gCap_minus_aCap	20	3	Fibin	1	-5.91616553856	-5.91616553856	-5.91616553856	-5.91616553856	0	1	9	72	16	246	-5.9161264497	True
gCap_minus_aCap	20	3	Foxf1	1	-0.253779938331	-0.253779938331	-0.253779938331	-0.253779938331	0	1	232	54	357	103	-0.25373413767	True
gCap_minus_aCap	20	3	Fzd1	1	2.17157971313	2.17157971313	2.17157971313	2.17157971313	1	0	3	0	3	0	2.1716859486	True
gCap_minus_aCap	20	3	Fzd10	1	0	0	0	0	0	0	0	0	0	0	0	True
gCap_minus_aCap	20	3	Fzd2	1	0	0	0	0	0	0	0	0	0	0	0	True
gCap_minus_aCap	20	3	Fzd3	1	3.66492433282	3.66492433282	3.66492433282	3.66492433282	1	0	10	0	10	0	3.66505011057	True
gCap_minus_aCap	20	3	Fzd4	1	0.500349113118	0.500349113118	0.500349113118	0.500349113118	1	0	226	30	322	55	0.500395036378	True
gCap_minus_aCap	20	3	Fzd5	1	2.7744055493	2.7744055493	2.7744055493	2.7744055493	1	0	5	0	5	0	2.77452213575	True
gCap_minus_aCap	20	3	Fzd6	1	1.01491671309	1.01491671309	1.01491671309	1.01491671309	1	0	48	6	51	6	1.01496342665	True
gCap_minus_aCap	20	3	Fzd7	1	1.11662298916	1.11662298916	1.11662298916	1.11662298916	1	0	1	0	1	0	1.11669656358	True
gCap_minus_aCap	20	3	Fzd8	1	1.57389151746	1.57389151746	1.57389151746	1.57389151746	1	0	11	1	14	1	1.57394513514	True
gCap_minus_aCap	20	3	Fzd9	1	0	0	0	0	0	0	0	0	0	0	0	True
gCap_minus_aCap	20	3	Gpihbp1	1	2.3807092095	2.3807092095	2.3807092095	2.3807092095	1	0	469	25	1683	78	2.3807553254	True
gCap_minus_aCap	20	3	Kit	1	2.50925118133	2.50925118133	2.50925118133	2.50925118133	1	0	200	7	310	13	2.50929817098	True
gCap_minus_aCap	20	3	Lef1	1	0.230815345564	0.230815345564	0.230815345564	0.230815345564	1	0	3	1	5	1	0.230856873539	True
gCap_minus_aCap	20	3	Lrp5	1	-0.204600424285	-0.204600424285	-0.204600424285	-0.204600424285	0	1	25	7	25	7	-0.204556396074	True
gCap_minus_aCap	20	3	Lrp6	1	1.54277840202	1.54277840202	1.54277840202	1.54277840202	1	0	85	6	98	8	1.54282545065	True
gCap_minus_aCap	20	3	Mki67	1	4.46146213662	4.46146213662	4.46146213662	4.46146213662	1	0	13	0	18	0	4.46159248147	True
gCap_minus_aCap	20	3	Nkd1	1	-1.5508101101	-1.5508101101	-1.5508101101	-1.5508101101	0	1	141	64	173	123	-1.55076468454	True
gCap_minus_aCap	20	3	Pcna	1	-0.288447404278	-0.288447404278	-0.288447404278	-0.288447404278	0	1	6	3	10	3	-0.288406375219	True
gCap_minus_aCap	20	3	Pecam1	1	-0.353311710363	-0.353311710363	-0.353311710363	-0.353311710363	0	1	432	85	1071	331	-0.35326581727	True
gCap_minus_aCap	20	3	Procr	1	0.25068563178	0.25068563178	0.25068563178	0.25068563178	1	0	8	2	10	2	0.250729310627	True
gCap_minus_aCap	20	3	Top2a	1	1.38655385895	1.38655385895	1.38655385895	1.38655385895	1	0	15	2	23	2	1.38660340384	True
gCap_minus_aCap	20	3	Tspan12	1	-1.32794377747	-1.32794377747	-1.32794377747	-1.32794377747	0	1	86	43	95	58	-1.32789872887	True
gCap_minus_aCap	20	5	Angpt2	1	2.60835831708	2.60835831708	2.60835831708	2.60835831708	1	0	4	0	4	0	2.60843518094	True
gCap_minus_aCap	20	5	Apln	1	-3.8255035892	-3.8255035892	-3.8255035892	-3.8255035892	0	1	18	11	21	26	-3.82548015474	True
gCap_minus_aCap	20	5	Aplnr	1	3.76532051715	3.76532051715	3.76532051715	3.76532051715	1	0	63	1	171	1	3.76535073622	True
gCap_minus_aCap	20	5	Axin2	1	-2.08140621615	-2.08140621615	-2.08140621615	-2.08140621615	0	1	5	2	5	2	-2.08139001194	True
gCap_minus_aCap	20	5	Car4	1	-3.3691681636	-3.3691681636	-3.3691681636	-3.3691681636	0	1	88	24	169	148	-3.36914197953	True
gCap_minus_aCap	20	5	Ccnb1	1	1.74013226468	1.74013226468	1.74013226468	1.74013226468	1	0	32	1	81	2	1.74016005706	True
gCap_minus_aCap	20	5	Ccnb2	1	2.09765782471	2.09765782471	2.09765782471	2.09765782471	1	0	40	2	104	2	2.09768581068	True
gCap_minus_aCap	20	5	Cd93	1	1.99158146704	1.99158146704	1.99158146704	1.99158146704	1	0	198	4	1463	31	1.99160813677	True
gCap_minus_aCap	20	5	Cdh5	1	-0.114498093483	-0.114498093483	-0.114498093483	-0.114498093483	0	1	193	23	974	89	-0.114471539193	True
gCap_minus_aCap	20	5	Cdk1	1	1.15291601322	1.15291601322	1.15291601322	1.15291601322	1	0	47	1	80	3	1.15294311153	True
gCap_minus_aCap	20	5	Cldn5	1	-1.27469846536	-1.27469846536	-1.27469846536	-1.27469846536	0	1	208	29	1596	326	-1.27467191756	True
gCap_minus_aCap	20	5	Ednrb	1	-6.62984392126	-6.62984392126	-6.62984392126	-6.62984392126	0	1	4	21	7	65	-6.62982654141	True
gCap_minus_aCap	20	5	Fibin	1	-5.43127190682	-5.43127190682	-5.43127190682	-5.43127190682	0	1	4	14	5	21	-5.43125759184	True
gCap_minus_aCap	20	5	Foxf1	1	-0.402612559693	-0.402612559693	-0.402612559693	-0.402612559693	0	1	101	13	197	22	-0.402586148569	True
gCap_minus_aCap	20	5	Fzd1	1	-2.18166271016	-2.18166271016	-2.18166271016	-2.18166271016	0	1	2	1	2	1	-2.18165797624	True
gCap_minus_aCap	20	5	Fzd10	1	0	0	0	0	0	0	0	0	0	0	0	True
gCap_minus_aCap	20	5	Fzd2	1	0	0	0	0	0	0	0	0	0	0	0	True
gCap_minus_aCap	20	5	Fzd3	1	1.8274316182	1.8274316182	1.8274316182	1.8274316182	1	0	2	0	2	0	1.8274976535	True
gCap_minus_aCap	20	5	Fzd4	1	0.10495636724	0.10495636724	0.10495636724	0.10495636724	1	0	64	3	102	8	0.104982781701	True
gCap_minus_aCap	20	5	Fzd5	1	0	0	0	0	0	0	0	0	0	0	0	True
gCap_minus_aCap	20	5	Fzd6	1	6.17738588437	6.17738588437	6.17738588437	6.17738588437	1	0	43	0	56	0	6.17747655441	True
gCap_minus_aCap	20	5	Fzd7	1	0	0	0	0	0	0	0	0	0	0	0	True
gCap_minus_aCap	20	5	Fzd8	1	2.88217683568	2.88217683568	2.88217683568	2.88217683568	1	0	5	0	5	0	2.88225630587	True
gCap_minus_aCap	20	5	Fzd9	1	0	0	0	0	0	0	0	0	0	0	0	True
gCap_minus_aCap	20	5	Gpihbp1	1	0.962545375585	0.962545375585	0.962545375585	0.962545375585	1	0	125	6	324	14	0.962572040875	True
gCap_minus_aCap	20	5	Kit	1	1.21425816501	1.21425816501	1.21425816501	1.21425816501	1	0	73	3	111	4	1.2142851638	True
gCap_minus_aCap	20	5	Lef1	1	1.18556429208	1.18556429208	1.18556429208	1.18556429208	1	0	1	0	1	0	1.18561581135	True
gCap_minus_aCap	20	5	Lrp5	1	4.72740145248	4.72740145248	4.72740145248	4.72740145248	1	0	17	0	20	0	4.72748992225	True
gCap_minus_aCap	20	5	Lrp6	1	5.47033500414	5.47033500414	5.47033500414	5.47033500414	1	0	29	0	34	0	5.47042487075	True
gCap_minus_aCap	20	5	Mki67	1	-0.40320256488	-0.40320256488	-0.40320256488	-0.40320256488	0	1	69	2	179	20	-0.403176170722	True
gCap_minus_aCap	20	5	Nkd1	1	-1.09578453475	-1.09578453475	-1.09578453475	-1.09578453475	0	1	77	12	116	21	-1.09575836727	True
gCap_minus_aCap	20	5	Pcna	1	0.201807157381	0.201807157381	0.201807157381	0.201807157381	1	0	35	2	41	3	0.201833422268	True
gCap_minus_aCap	20	5	Pecam1	1	-0.281005749723	-0.281005749723	-0.281005749723	-0.281005749723	0	1	197	24	897	92	-0.280979203363	True
gCap_minus_aCap	20	5	Procr	1	1.91933760803	1.91933760803	1.91933760803	1.91933760803	1	0	35	1	47	1	1.91936673743	True
gCap_minus_aCap	20	5	Top2a	1	-0.36178616297	-0.36178616297	-0.36178616297	-0.36178616297	0	1	55	1	258	28	-0.361759707808	True
gCap_minus_aCap	20	5	Tspan12	1	-1.81355751487	-1.81355751487	-1.81355751487	-1.81355751487	0	1	42	12	50	15	-1.81353206831	True
gCap_minus_aCap	20	7	Angpt2	2	4.06507850531	4.06507850531	3.90429503	4.22586198063	2	0	20	0	20	0	4.06522578721	True
gCap_minus_aCap	20	7	Apln	2	-3.85849501973	-3.85849501973	-4.28016207076	-3.4368279687	0	2	24	70	38	118	-3.85846926787	True
gCap_minus_aCap	20	7	Aplnr	2	2.11131164315	2.11131164315	1.82634046253	2.39628282376	2	0	148	11	199	12	2.11134604327	True
gCap_minus_aCap	20	7	Axin2	2	0.851610256642	0.851610256642	0.171665627093	1.53155488619	2	0	17	2	18	2	0.851647170181	True
gCap_minus_aCap	20	7	Car4	2	-3.9396142067	-3.9396142067	-3.99088414597	-3.88834426743	0	2	140	148	190	710	-3.93958298591	True
gCap_minus_aCap	20	7	Ccnb1	2	2.26833861337	2.26833861337	1.30650149079	3.23017573596	2	0	10	1	14	1	2.26843690373	True
gCap_minus_aCap	20	7	Ccnb2	2	1.54274155148	1.54274155148	-0.126373137914	3.21185624087	1	1	8	1	11	1	1.54281815249	True
gCap_minus_aCap	20	7	Cd93	2	2.80729341215	2.80729341215	2.38742004716	3.22716677713	2	0	685	20	2619	82	2.80732591673	True
gCap_minus_aCap	20	7	Cdh5	2	-0.555810125697	-0.555810125697	-0.594537861337	-0.517082390057	0	2	661	145	1869	668	-0.55577800559	True
gCap_minus_aCap	20	7	Cdk1	2	3.49558083269	3.49558083269	3.38490540039	3.60625626499	2	0	8	0	12	0	3.49572387382	True
gCap_minus_aCap	20	7	Cldn5	2	-0.872193144845	-0.872193144845	-0.89947849526	-0.84490779443	0	2	762	158	3917	1776	-0.872161004332	True
gCap_minus_aCap	20	7	Ednrb	2	-6.24407911701	-6.24407911701	-6.7423473462	-5.74581088781	0	2	23	138	36	585	-6.24405313604	True
gCap_minus_aCap	20	7	Fibin	2	-5.81248725568	-5.81248725568	-6.04370411383	-5.58127039753	0	2	13	110	18	278	-5.81246414275	True
gCap_minus_aCap	20	7	Foxf1	2	-0.587496183036	-0.587496183036	-0.761250201602	-0.413742164471	0	2	315	98	492	173	-0.587464201722	True
gCap_minus_aCap	20	7	Fzd1	2	-0.341919176101	-0.341919176101	-1.80867872689	1.12484037469	1	1	2	1	2	1	-0.341882559287	True
gCap_minus_aCap	20	7	Fzd10	2	0	0	0	0	0	0	0	0	0	0	0	True
gCap_minus_aCap	20	7	Fzd2	2	0	0	0	0	0	0	0	0	0	0	0	True
gCap_minus_aCap	20	7	Fzd3	2	1.67885911613	1.67885911613	0.127542496295	3.23017573596	2	0	16	3	16	3	1.67895219932	True
gCap_minus_aCap	20	7	Fzd4	2	1.1939860385	1.1939860385	0.697284828854	1.69068724815	2	0	312	43	458	58	1.19401857831	True
gCap_minus_aCap	20	7	Fzd5	2	1.20193362315	1.20193362315	-0.316239366131	2.72010661243	1	1	5	1	5	1	1.20201777442	True
gCap_minus_aCap	20	7	Fzd6	2	2.34256090747	2.34256090747	2.21494572794	2.47017608701	2	0	75	4	84	4	2.34259981697	True
gCap_minus_aCap	20	7	Fzd7	2	1.36005330621	1.36005330621	0	2.72010661243	1	0	2	0	2	0	1.36012854918	True
gCap_minus_aCap	20	7	Fzd8	2	2.0071012093	2.0071012093	0.629297018202	3.38490540039	2	0	14	1	15	1	2.00718161122	True
gCap_minus_aCap	20	7	Fzd9	2	0	0	0	0	0	0	0	0	0	0	0	True
gCap_minus_aCap	20	7	Gpihbp1	2	2.2972259401	2.2972259401	2.0146476452	2.57980423501	2	0	679	44	2366	109	2.29725834223	True
gCap_minus_aCap	20	7	Kit	2	3.80594155544	3.80594155544	3.71530231116	3.89658079972	2	0	303	5	457	8	3.80597794059	True
gCap_minus_aCap	20	7	Lef1	2	-0.77459963357	-0.77459963357	-3.7326294029	2.18343013576	1	1	3	1	3	1	-0.774612100576	True
gCap_minus_aCap	20	7	Lrp5	2	-1.14991615447	-1.14991615447	-2.3198979259	0.0200656169629	1	1	29	11	29	12	-1.14988942742	True
gCap_minus_aCap	20	7	Lrp6	2	2.02768866322	2.02768866322	0.867140329111	3.18823699732	2	0	117	12	130	13	2.02772572332	True
gCap_minus_aCap	20	7	Mki67	2	1.18111783336	1.18111783336	0.580309737465	1.78192592925	2	0	11	5	40	5	1.18115381302	True
gCap_minus_aCap	20	7	Nkd1	2	-1.11222142437	-1.11222142437	-1.15171514216	-1.07272770658	0	2	213	77	281	148	-1.1121896907	True
gCap_minus_aCap	20	7	Pcna	2	-0.638271541387	-0.638271541387	-0.773023612133	-0.50351947064	0	2	23	8	27	10	-0.638243646093	True
gCap_minus_aCap	20	7	Pecam1	2	-0.257333229097	-0.257333229097	-0.438965147331	-0.075701310863	0	2	636	139	1553	484	-0.257301100029	True
gCap_minus_aCap	20	7	Procr	2	1.69176093398	1.69176093398	0.171665627093	3.21185624087	2	0	12	1	12	1	1.69183889437	True
gCap_minus_aCap	20	7	Top2a	2	3.26308801821	3.26308801821	1.12266644101	5.40350959542	2	0	14	1	45	1	3.26317458266	True
gCap_minus_aCap	20	7	Tspan12	2	-1.77250293249	-1.77250293249	-1.86375973299	-1.68124613198	0	2	111	72	135	111	-1.77247188199	True
gCap_minus_aCap	50	0	Angpt2	2	2.70112576114	2.70112576114	1.35041970296	4.05183181933	2	0	22	1	22	1	2.7011952982	True
gCap_minus_aCap	50	0	Apln	2	-3.71940837719	-3.71940837719	-3.72903601301	-3.70978074137	0	2	45	97	53	177	-3.71938643623	True
gCap_minus_aCap	50	0	Aplnr	2	2.82788678534	2.82788678534	2.71571123552	2.94006233515	2	0	270	11	358	12	2.82791521427	True
gCap_minus_aCap	50	0	Axin2	2	3.6057833517	3.6057833517	3.44862454792	3.76294215547	2	0	18	0	18	0	3.60590426716	True
gCap_minus_aCap	50	0	Car4	2	-3.69465141143	-3.69465141143	-3.77170794112	-3.61759488174	0	2	233	206	321	1025	-3.69462648707	True
gCap_minus_aCap	50	0	Ccnb1	2	3.44871077334	3.44871077334	2.97442072481	3.92300082186	2	0	13	0	16	0	3.44882925187	True
gCap_minus_aCap	50	0	Ccnb2	2	3.05154758034	3.05154758034	2.47843834862	3.62465681206	2	0	10	0	12	0	3.05166134506	True
gCap_minus_aCap	50	0	Cd93	2	2.87727692209	2.87727692209	2.73128863257	3.02326521162	2	0	902	33	3235	107	2.87730277465	True
gCap_minus_aCap	50	0	Cdh5	2	-0.436747130876	-0.436747130876	-0.502064220496	-0.371430041257	0	2	888	200	2679	891	-0.436721632774	True
gCap_minus_aCap	50	0	Cdk1	2	3.03510559466	3.03510559466	2.14721036746	3.92300082186	2	0	12	0	13	0	3.03521684267	True
gCap_minus_aCap	50	0	Cldn5	2	-0.727421315318	-0.727421315318	-0.779178312028	-0.675664318608	0	2	1002	214	5117	2107	-0.72739580732	True
gCap_minus_aCap	50	0	Ednrb	2	-5.31610837401	-5.31610837401	-5.36917310621	-5.26304364181	0	2	43	193	82	831	-5.31608528489	True
gCap_minus_aCap	50	0	Fibin	2	-5.21343778735	-5.21343778735	-5.22806424401	-5.19881133068	0	2	39	173	57	537	-5.21341573353	True
gCap_minus_aCap	50	0	Foxf1	2	-0.277286422442	-0.277286422442	-0.398793048914	-0.155779795971	0	2	453	124	692	210	-0.277260997057	True
gCap_minus_aCap	50	0	Fzd1	2	-0.243252872161	-0.243252872161	-1.58629561361	1.09978986929	1	1	2	1	2	1	-0.243214591378	True
gCap_minus_aCap	50	0	Fzd10	2	0	0	0	0	0	0	0	0	0	0	0	True
gCap_minus_aCap	50	0	Fzd2	2	1.23921917431	1.23921917431	0	2.47843834862	1	0	4	0	4	0	1.23927940352	True
gCap_minus_aCap	50	0	Fzd3	2	1.80798398857	1.80798398857	1.22350436183	2.39246361532	2	0	13	1	13	1	1.80804544563	True
gCap_minus_aCap	50	0	Fzd4	2	1.07635743597	1.07635743597	0.862707102371	1.29000776957	2	0	427	59	650	80	1.07638317694	True
gCap_minus_aCap	50	0	Fzd5	2	-1.33829188765	-1.33829188765	-1.65726985726	-1.01931391803	0	2	7	5	7	5	-1.33828397141	True
gCap_minus_aCap	50	0	Fzd6	2	3.99033476731	3.99033476731	2.16671096504	5.81395856958	2	0	84	3	93	3	3.99040340279	True
gCap_minus_aCap	50	0	Fzd7	2	0.549894934643	0.549894934643	0	1.09978986929	1	0	1	0	1	0	0.549934087913	True
gCap_minus_aCap	50	0	Fzd8	2	0.419038088507	0.419038088507	-1.01931391803	1.85739009505	1	1	20	3	20	3	0.419066384461	True
gCap_minus_aCap	50	0	Fzd9	2	0	0	0	0	0	0	0	0	0	0	0	True
gCap_minus_aCap	50	0	Gpihbp1	2	2.6273503293	2.6273503293	2.44625484022	2.80844581837	2	0	902	57	3052	120	2.62737614158	True
gCap_minus_aCap	50	0	Kit	2	4.0012740317	4.0012740317	3.61243550257	4.39011256082	2	0	474	7	692	10	4.00130341235	True
gCap_minus_aCap	50	0	Lef1	2	2.17393948155	2.17393948155	1.09978986929	3.24808909381	2	0	7	0	7	0	2.17403076171	True
gCap_minus_aCap	50	0	Lrp5	2	-0.181536083355	-0.181536083355	-0.730876266479	0.36780409977	1	1	48	16	50	16	-0.181511792824	True
gCap_minus_aCap	50	0	Lrp6	2	1.33770143057	1.33770143057	0.744781536638	1.9306213245	2	0	178	18	205	22	1.33772792625	True
gCap_minus_aCap	50	0	Mki67	2	0.824709253125	0.824709253125	-0.025970432978	1.67538893923	1	1	17	4	27	4	0.824741823827	True
gCap_minus_aCap	50	0	Nkd1	2	-1.03415891646	-1.03415891646	-1.10529076939	-0.963027063535	0	2	299	118	383	193	-1.03413371302	True
gCap_minus_aCap	50	0	Pcna	2	0.450811263358	0.450811263358	-0.61995120506	1.52157373178	1	1	26	6	26	6	0.450837503157	True
gCap_minus_aCap	50	0	Pecam1	2	-0.464454966457	-0.464454966457	-0.502555780248	-0.426354152666	0	2	811	192	2009	688	-0.464429480751	True
gCap_minus_aCap	50	0	Procr	2	2.13246449703	2.13246449703	0.922107196142	3.34282179793	2	0	16	1	17	1	2.13254965808	True
gCap_minus_aCap	50	0	Top2a	2	0.97296961341	0.97296961341	0.0772649709376	1.86867425588	2	0	27	5	38	6	0.972998362128	True
gCap_minus_aCap	50	0	Tspan12	2	-1.49139506677	-1.49139506677	-1.62979821171	-1.35299192182	0	2	173	97	200	138	-1.49137026691	True
gCap_minus_aCap	50	3	Angpt2	1	3.00186141726	3.00186141726	3.00186141726	3.00186141726	1	0	6	0	6	0	3.00198091449	True
gCap_minus_aCap	50	3	Apln	1	-4.04297752835	-4.04297752835	-4.04297752835	-4.04297752835	0	1	11	38	16	67	-4.0429382366	True
gCap_minus_aCap	50	3	Aplnr	1	2.77018096453	2.77018096453	2.77018096453	2.77018096453	1	0	113	4	146	5	2.77022971616	True
gCap_minus_aCap	50	3	Axin2	1	4.67446912192	4.67446912192	4.67446912192	4.67446912192	1	0	19	0	21	0	4.67460031745	True
gCap_minus_aCap	50	3	Car4	1	-3.83051160835	-3.83051160835	-3.83051160835	-3.83051160835	0	1	100	92	157	543	-3.83046636862	True
gCap_minus_aCap	50	3	Ccnb1	1	0.458271213526	0.458271213526	0.458271213526	0.458271213526	1	0	6	1	6	1	0.458315652284	True
gCap_minus_aCap	50	3	Ccnb2	1	4.01694599495	4.01694599495	4.01694599495	4.01694599495	1	0	8	0	13	0	4.01707410338	True
gCap_minus_aCap	50	3	Cd93	1	2.23450796415	2.23450796415	2.23450796415	2.23450796415	1	0	482	19	1618	83	2.23455406285	True
gCap_minus_aCap	50	3	Cdh5	1	-0.400310560033	-0.400310560033	-0.400310560033	-0.400310560033	0	1	474	91	1447	462	-0.400264654676	True
gCap_minus_aCap	50	3	Cdk1	1	1.36528581827	1.36528581827	1.36528581827	1.36528581827	1	0	10	1	12	1	1.3653382122	True
gCap_minus_aCap	50	3	Cldn5	1	-0.665316782267	-0.665316782267	-0.665316782267	-0.665316782267	0	1	546	99	2789	1070	-0.665270861139	True
gCap_minus_aCap	50	3	Ednrb	1	-5.93061478882	-5.93061478882	-5.93061478882	-5.93061478882	0	1	10	83	22	337	-5.93057390055	True
gCap_minus_aCap	50	3	Fibin	1	-5.91616553856	-5.91616553856	-5.91616553856	-5.91616553856	0	1	9	72	16	246	-5.9161264497	True
gCap_minus_aCap	50	3	Foxf1	1	-0.253779938331	-0.253779938331	-0.253779938331	-0.253779938331	0	1	232	54	357	103	-0.25373413767	True
gCap_minus_aCap	50	3	Fzd1	1	2.17157971313	2.17157971313	2.17157971313	2.17157971313	1	0	3	0	3	0	2.1716859486	True
gCap_minus_aCap	50	3	Fzd10	1	0	0	0	0	0	0	0	0	0	0	0	True
gCap_minus_aCap	50	3	Fzd2	1	0	0	0	0	0	0	0	0	0	0	0	True
gCap_minus_aCap	50	3	Fzd3	1	3.66492433282	3.66492433282	3.66492433282	3.66492433282	1	0	10	0	10	0	3.66505011057	True
gCap_minus_aCap	50	3	Fzd4	1	0.500349113118	0.500349113118	0.500349113118	0.500349113118	1	0	226	30	322	55	0.500395036378	True
gCap_minus_aCap	50	3	Fzd5	1	2.7744055493	2.7744055493	2.7744055493	2.7744055493	1	0	5	0	5	0	2.77452213575	True
gCap_minus_aCap	50	3	Fzd6	1	1.01491671309	1.01491671309	1.01491671309	1.01491671309	1	0	48	6	51	6	1.01496342665	True
gCap_minus_aCap	50	3	Fzd7	1	1.11662298916	1.11662298916	1.11662298916	1.11662298916	1	0	1	0	1	0	1.11669656358	True
gCap_minus_aCap	50	3	Fzd8	1	1.57389151746	1.57389151746	1.57389151746	1.57389151746	1	0	11	1	14	1	1.57394513514	True
gCap_minus_aCap	50	3	Fzd9	1	0	0	0	0	0	0	0	0	0	0	0	True
gCap_minus_aCap	50	3	Gpihbp1	1	2.3807092095	2.3807092095	2.3807092095	2.3807092095	1	0	469	25	1683	78	2.3807553254	True
gCap_minus_aCap	50	3	Kit	1	2.50925118133	2.50925118133	2.50925118133	2.50925118133	1	0	200	7	310	13	2.50929817098	True
gCap_minus_aCap	50	3	Lef1	1	0.230815345564	0.230815345564	0.230815345564	0.230815345564	1	0	3	1	5	1	0.230856873539	True
gCap_minus_aCap	50	3	Lrp5	1	-0.204600424285	-0.204600424285	-0.204600424285	-0.204600424285	0	1	25	7	25	7	-0.204556396074	True
gCap_minus_aCap	50	3	Lrp6	1	1.54277840202	1.54277840202	1.54277840202	1.54277840202	1	0	85	6	98	8	1.54282545065	True
gCap_minus_aCap	50	3	Mki67	1	4.46146213662	4.46146213662	4.46146213662	4.46146213662	1	0	13	0	18	0	4.46159248147	True
gCap_minus_aCap	50	3	Nkd1	1	-1.5508101101	-1.5508101101	-1.5508101101	-1.5508101101	0	1	141	64	173	123	-1.55076468454	True
gCap_minus_aCap	50	3	Pcna	1	-0.288447404278	-0.288447404278	-0.288447404278	-0.288447404278	0	1	6	3	10	3	-0.288406375219	True
gCap_minus_aCap	50	3	Pecam1	1	-0.353311710363	-0.353311710363	-0.353311710363	-0.353311710363	0	1	432	85	1071	331	-0.35326581727	True
gCap_minus_aCap	50	3	Procr	1	0.25068563178	0.25068563178	0.25068563178	0.25068563178	1	0	8	2	10	2	0.250729310627	True
gCap_minus_aCap	50	3	Top2a	1	1.38655385895	1.38655385895	1.38655385895	1.38655385895	1	0	15	2	23	2	1.38660340384	True
gCap_minus_aCap	50	3	Tspan12	1	-1.32794377747	-1.32794377747	-1.32794377747	-1.32794377747	0	1	86	43	95	58	-1.32789872887	True
gCap_minus_aCap	50	7	Angpt2	1	4.22586198063	4.22586198063	4.22586198063	4.22586198063	1	0	15	0	15	0	4.22599098365	True
gCap_minus_aCap	50	7	Apln	1	-3.4368279687	-3.4368279687	-3.4368279687	-3.4368279687	0	1	18	48	32	90	-3.4368024092	True
gCap_minus_aCap	50	7	Aplnr	1	1.82634046253	1.82634046253	1.82634046253	1.82634046253	1	0	99	8	128	9	1.82637088916	True
gCap_minus_aCap	50	7	Axin2	1	1.53155488619	1.53155488619	1.53155488619	1.53155488619	1	0	12	1	13	1	1.53159437018	True
gCap_minus_aCap	50	7	Car4	1	-3.88834426743	-3.88834426743	-3.88834426743	-3.88834426743	0	1	97	103	135	510	-3.88831625441	True
gCap_minus_aCap	50	7	Ccnb1	1	1.30650149079	1.30650149079	1.30650149079	1.30650149079	1	0	9	1	11	1	1.30653956762	True
gCap_minus_aCap	50	7	Ccnb2	1	3.21185624087	3.21185624087	3.21185624087	3.21185624087	1	0	6	0	7	0	3.21197781856	True
gCap_minus_aCap	50	7	Cd93	1	3.22716677713	3.22716677713	3.22716677713	3.22716677713	1	0	488	11	1927	52	3.22719597672	True
gCap_minus_aCap	50	7	Cdh5	1	-0.517082390057	-0.517082390057	-0.517082390057	-0.517082390057	0	1	470	102	1336	485	-0.51705361144	True
gCap_minus_aCap	50	7	Cdk1	1	3.38490540039	3.38490540039	3.38490540039	3.38490540039	1	0	5	0	8	0	3.38502864065	True
gCap_minus_aCap	50	7	Cldn5	1	-0.89947849526	-0.89947849526	-0.89947849526	-0.89947849526	0	1	532	111	2722	1288	-0.899449702351	True
gCap_minus_aCap	50	7	Ednrb	1	-5.74581088781	-5.74581088781	-5.74581088781	-5.74581088781	0	1	17	95	29	406	-5.74578588053	True
gCap_minus_aCap	50	7	Fibin	1	-6.04370411383	-6.04370411383	-6.04370411383	-6.04370411383	0	1	10	76	11	198	-6.04368492229	True
gCap_minus_aCap	50	7	Foxf1	1	-0.413742164471	-0.413742164471	-0.413742164471	-0.413742164471	0	1	216	69	352	119	-0.413713480564	True
gCap_minus_aCap	50	7	Fzd1	1	1.12484037469	1.12484037469	1.12484037469	1.12484037469	1	0	1	0	1	0	1.12491416808	True
gCap_minus_aCap	50	7	Fzd10	1	0	0	0	0	0	0	0	0	0	0	0	True
gCap_minus_aCap	50	7	Fzd2	1	0	0	0	0	0	0	0	0	0	0	0	True
gCap_minus_aCap	50	7	Fzd3	1	0.127542496295	0.127542496295	0.127542496295	0.127542496295	1	0	13	3	13	3	0.127570158819	True
gCap_minus_aCap	50	7	Fzd4	1	0.697284828854	0.697284828854	0.697284828854	0.697284828854	1	0	209	34	301	47	0.697313752763	True
gCap_minus_aCap	50	7	Fzd5	1	-0.316239366131	-0.316239366131	-0.316239366131	-0.316239366131	0	1	3	1	3	1	-0.316221549533	True
gCap_minus_aCap	50	7	Fzd6	1	2.21494572794	2.21494572794	2.21494572794	2.21494572794	1	0	54	3	58	3	2.21497976432	True
gCap_minus_aCap	50	7	Fzd7	1	0	0	0	0	0	0	0	0	0	0	0	True
gCap_minus_aCap	50	7	Fzd8	1	3.38490540039	3.38490540039	3.38490540039	3.38490540039	1	0	8	0	8	0	3.38502864065	True
gCap_minus_aCap	50	7	Fzd9	1	0	0	0	0	0	0	0	0	0	0	0	True
gCap_minus_aCap	50	7	Gpihbp1	1	2.57980423501	2.57980423501	2.57980423501	2.57980423501	1	0	482	26	1725	73	2.5798333008	True
gCap_minus_aCap	50	7	Kit	1	3.71530231116	3.71530231116	3.71530231116	3.71530231116	1	0	211	4	321	6	3.71533448416	True
gCap_minus_aCap	50	7	Lef1	1	2.18343013576	2.18343013576	2.18343013576	2.18343013576	1	0	3	0	3	0	2.18353641943	True
gCap_minus_aCap	50	7	Lrp5	1	0.0200656169629	0.0200656169629	0.0200656169629	0.0200656169629	1	0	24	6	24	6	0.0200935034876	True
gCap_minus_aCap	50	7	Lrp6	1	0.867140329111	0.867140329111	0.867140329111	0.867140329111	1	0	77	11	87	12	0.86716972243	True
gCap_minus_aCap	50	7	Mki67	1	0.580309737465	0.580309737465	0.580309737465	0.580309737465	1	0	6	4	24	4	0.580339386462	True
gCap_minus_aCap	50	7	Nkd1	1	-1.07272770658	-1.07272770658	-1.07272770658	-1.07272770658	0	1	152	56	202	108	-1.07269924487	True
gCap_minus_aCap	50	7	Pcna	1	-0.50351947064	-0.50351947064	-0.50351947064	-0.50351947064	0	1	18	6	22	8	-0.50349289502	True
gCap_minus_aCap	50	7	Pecam1	1	-0.438965147331	-0.438965147331	-0.438965147331	-0.438965147331	0	1	448	99	1073	369	-0.438936374912	True
gCap_minus_aCap	50	7	Procr	1	3.21185624087	3.21185624087	3.21185624087	3.21185624087	1	0	7	0	7	0	3.21197781856	True
gCap_minus_aCap	50	7	Top2a	1	5.40350959542	5.40350959542	5.40350959542	5.40350959542	1	0	11	0	35	0	5.40364266193	True
gCap_minus_aCap	50	7	Tspan12	1	-1.68124613198	-1.68124613198	-1.68124613198	-1.68124613198	0	1	79	52	99	81	-1.68121818631	True
transitional1_minus_gCap0	10	0	Angpt2	3	-1.16021180856	0.36461581066	-4.36040645282	0.515155216468	2	1	8	17	8	17	-1.16024772598	True
transitional1_minus_gCap0	10	0	Apln	3	1.67952533041	2.40231378505	0.0014940932752	2.6347681129	3	0	20	21	27	23	1.67953035099	True
transitional1_minus_gCap0	10	0	Aplnr	3	-0.206059833794	-0.127127818766	-0.529760332938	0.0387086503219	1	2	72	205	93	264	-0.206063107411	True
transitional1_minus_gCap0	10	0	Axin2	3	-3.32783783248	-3.44883856915	-4.92176481902	-1.61291010928	0	3	1	18	1	18	-3.32793092677	True
transitional1_minus_gCap0	10	0	Car4	3	-0.0102895891555	0.0759951317548	-0.845360456067	0.738496556846	2	1	70	168	108	220	-0.0102927929814	True
transitional1_minus_gCap0	10	0	Ccnb1	3	3.03071824729	3.00439098866	2.7088239051	3.37893984813	3	0	11	4	16	4	3.0307423264	True
transitional1_minus_gCap0	10	0	Ccnb2	3	0.818077968705	2.30612161374	-2.55707921655	2.70519150893	2	1	5	3	7	3	0.81806887238	True
transitional1_minus_gCap0	10	0	Cd93	3	-0.522592300409	-0.355925249245	-0.856269890618	-0.355581761362	0	3	222	721	744	2369	-0.522595540377	True
transitional1_minus_gCap0	10	0	Cdh5	3	-0.390643637048	-0.306389371094	-0.574152985935	-0.291388554115	0	3	221	713	670	1990	-0.390646872856	True
transitional1_minus_gCap0	10	0	Cdk1	3	2.41855797372	2.97173581378	0.366131393217	3.91780671416	3	0	9	6	9	6	2.41861159862	True
transitional1_minus_gCap0	10	0	Cldn5	3	-0.488879433178	-0.481416206161	-0.656714097335	-0.328507996037	0	3	254	804	1261	4106	-0.488882661242	True
transitional1_minus_gCap0	10	0	Ednrb	3	2.87141270776	1.93524471655	1.71960040515	4.9593930016	3	0	24	14	46	27	2.87145268393	True
transitional1_minus_gCap0	10	0	Fibin	3	0.225460123021	1.09826828933	-2.55707921655	2.13519129628	2	1	16	18	28	20	0.225430619469	True
transitional1_minus_gCap0	10	0	Foxf1	3	-0.920886514122	-1.08441263268	-1.18094946168	-0.497297448006	0	3	97	391	139	602	-0.9208899187	True
transitional1_minus_gCap0	10	0	Fzd1	3	-1.13690782304	-1.61168510042	-1.7990383687	0	0	2	0	2	0	2	-1.13697009515	True
transitional1_minus_gCap0	10	0	Fzd10	3	0	0	0	0	0	0	0	0	0	0	0	True
transitional1_minus_gCap0	10	0	Fzd2	3	-0.784645442299	0	-2.3539363269	0	0	1	0	2	0	2	-0.784688394254	True
transitional1_minus_gCap0	10	0	Fzd3	3	-2.35543011942	-2.55707921655	-3.07718246479	-1.43202867691	0	3	1	11	1	11	-2.35551601984	True
transitional1_minus_gCap0	10	0	Fzd4	3	-0.465554598031	-0.346923214056	-0.707683832404	-0.342056747632	0	3	99	325	144	485	-0.465557920716	True
transitional1_minus_gCap0	10	0	Fzd5	3	-1.97293499172	-2.84162251038	-3.07718246479	0	0	2	0	6	0	6	-1.97301353014	True
transitional1_minus_gCap0	10	0	Fzd6	3	-0.548861003336	-0.4471840864	-0.93837505971	-0.261023863897	0	3	18	64	22	69	-0.548865190314	True
transitional1_minus_gCap0	10	0	Fzd7	3	-0.537228366808	0	-1.61168510042	0	0	1	0	1	0	1	-0.537264291744	True
transitional1_minus_gCap0	10	0	Fzd8	3	-0.499756197847	0.576048014605	-3.44883856915	1.37352196101	2	1	7	11	7	11	-0.499805712929	True
transitional1_minus_gCap0	10	0	Fzd9	3	0	0	0	0	0	0	0	0	0	0	0	True
transitional1_minus_gCap0	10	0	Gpihbp1	3	-0.55335652903	-0.622650077626	-0.655002148714	-0.38241736075	0	3	227	722	677	2319	-0.553359770762	True
transitional1_minus_gCap0	10	0	Kit	3	-0.930721242186	-0.680409192292	-1.43479457843	-0.676959955837	0	3	96	376	138	549	-0.930724705678	True
transitional1_minus_gCap0	10	0	Lef1	3	-0.668505344948	-0.39383093442	-1.61168510042	0	0	2	1	4	1	4	-0.668527613314	True
transitional1_minus_gCap0	10	0	Lrp5	3	-0.830604561642	-1.13230707832	-1.23595184862	-0.123554757991	0	3	10	37	10	38	-0.830610732207	True
transitional1_minus_gCap0	10	0	Lrp6	3	-0.525361226944	-0.610635316268	-0.777928451589	-0.187519912976	0	3	40	125	46	143	-0.525364894604	True
transitional1_minus_gCap0	10	0	Mki67	3	1.80123721527	2.74473468499	-0.355371875186	3.01434883602	2	1	10	8	16	8	1.80124912771	True
transitional1_minus_gCap0	10	0	Nkd1	3	-0.435107340012	-0.529227991296	-1.17756985679	0.401475828055	1	2	72	234	100	278	-0.435110712865	True
transitional1_minus_gCap0	10	0	Pcna	3	0.351283281927	-0.0263584513483	-0.0882002803787	1.16840857751	1	2	8	18	9	18	0.351281107111	True
transitional1_minus_gCap0	10	0	Pecam1	3	-0.184381878701	-0.203371591447	-0.22055770959	-0.129216335066	0	3	212	634	539	1433	-0.184385104342	True
transitional1_minus_gCap0	10	0	Procr	3	3.81705845421	3.37893984813	3.00439098866	5.06784452585	3	0	12	2	15	2	3.8171130739	True
transitional1_minus_gCap0	10	0	Top2a	3	3.16371618802	3.69614736624	1.72799091039	4.06701028744	3	0	20	8	31	8	3.16373120388	True
transitional1_minus_gCap0	10	0	Tspan12	3	-0.0767327744442	0.17131735623	-0.587884527044	0.186368847481	2	1	48	117	61	129	-0.0767361192305	True
transitional1_minus_gCap0	10	3	Angpt2	3	3.55060015793	6.29660714814	-3.3235642056	7.67875753125	2	1	28	5	65	5	3.55064600747	True
transitional1_minus_gCap0	10	3	Apln	3	6.29467270008	5.68742028543	3.77555856839	9.42103924641	3	0	107	5	305	5	6.29475412847	True
transitional1_minus_gCap0	10	3	Aplnr	3	-0.382734166665	-0.143423153914	-0.96421338747	-0.0405659586108	0	3	19	71	26	87	-0.382705881324	True
transitional1_minus_gCap0	10	3	Axin2	3	-1.59828418691	-3.0357323493	-4.80910782686	3.04998761542	1	2	1	14	1	16	-1.59832931497	True
transitional1_minus_gCap0	10	3	Car4	3	-0.423857926789	-0.395175167087	-0.607029891386	-0.269368721895	0	3	80	101	151	163	-0.423829410415	True
transitional1_minus_gCap0	10	3	Ccnb1	3	2.89732629373	2.86642404383	0	5.82555483735	2	0	8	0	8	0	2.89743746235	True
transitional1_minus_gCap0	10	3	Ccnb2	3	3.58942107854	4.13317289251	0.935362768982	5.69972757412	3	0	16	4	24	4	3.58950085838	True
transitional1_minus_gCap0	10	3	Cd93	3	-0.176709841245	-0.174013761003	-0.454277177372	0.0981614146392	1	2	301	454	1876	1604	-0.176680971333	True
transitional1_minus_gCap0	10	3	Cdh5	3	-0.166949733382	0.079249966149	-0.793962561301	0.213863395005	2	1	271	446	952	1221	-0.166920869324	True
transitional1_minus_gCap0	10	3	Cdk1	3	2.39299779794	3.23113609555	0.323768233678	3.62408906458	3	0	14	4	16	4	2.39308063672	True
transitional1_minus_gCap0	10	3	Cldn5	3	-0.545481881842	-0.403049999785	-1.22032837629	-0.0130672694571	0	3	326	501	2210	2625	-0.545453021362	True
transitional1_minus_gCap0	10	3	Ednrb	3	-0.151010473115	0.926557587876	-4.90159313932	3.5220041321	2	1	7	7	10	17	-0.150980445139	True
transitional1_minus_gCap0	10	3	Fibin	3	-1.34958881022	-0.778285863046	-4.90159313932	1.6311125717	1	2	2	5	2	12	-1.34957214352	True
transitional1_minus_gCap0	10	3	Foxf1	3	-1.11443403715	-1.07779451548	-1.24000823117	-1.02549936478	0	3	101	209	153	328	-1.11440564388	True
transitional1_minus_gCap0	10	3	Fzd1	3	-0.734352223778	0	-2.20305667134	0	0	1	0	2	0	2	-0.734386828156	True
transitional1_minus_gCap0	10	3	Fzd10	3	0	0	0	0	0	0	0	0	0	0	0	True
transitional1_minus_gCap0	10	3	Fzd2	3	0.543704190566	0	0	1.6311125717	1	0	1	0	1	0	0.543729464613	True
transitional1_minus_gCap0	10	3	Fzd3	3	0.968667156425	0.0395774254433	0	2.86642404383	2	0	4	6	4	6	0.968732660347	True
transitional1_minus_gCap0	10	3	Fzd4	3	-1.5245442665	-1.58955309401	-2.38881495593	-0.595264749557	0	3	105	213	146	297	-1.52451651412	True
transitional1_minus_gCap0	10	3	Fzd5	3	0.547960016581	1.6311125717	-3.03722013738	3.04998761542	2	1	2	4	2	4	0.54798958079	True
transitional1_minus_gCap0	10	3	Fzd6	3	1.13371011007	-0.216251019013	-0.896497487482	4.51387883669	1	2	17	38	17	41	1.13377732861	True
transitional1_minus_gCap0	10	3	Fzd7	3	1.20065206845	0	0	3.60195620534	1	0	1	0	1	0	1.20072582961	True
transitional1_minus_gCap0	10	3	Fzd8	3	-0.0432436266767	0	-0.169308305473	0.0395774254433	1	1	4	7	4	7	-0.0432237331364	True
transitional1_minus_gCap0	10	3	Fzd9	3	0	0	0	0	0	0	0	0	0	0	0	True
transitional1_minus_gCap0	10	3	Gpihbp1	3	-1.86717557274	-1.89359761047	-2.055743793	-1.65218531474	0	3	157	453	388	1567	-1.86714689117	True
transitional1_minus_gCap0	10	3	Kit	3	-1.6699326632	-1.6131675741	-2.12329771586	-1.27333269964	0	3	37	163	44	239	-1.66990519995	True
transitional1_minus_gCap0	10	3	Lef1	3	1.74435625901	1.6311125717	0	3.60195620534	2	0	2	0	2	0	1.74445529422	True
transitional1_minus_gCap0	10	3	Lrp5	3	-0.0859963032946	0.323768233678	-0.973963758832	0.392206615271	2	1	19	22	20	22	-0.0859683812746	True
transitional1_minus_gCap0	10	3	Lrp6	3	-1.48354153995	-1.5409712889	-1.66453547545	-1.2451178555	0	3	26	70	27	77	-1.48351607685	True
transitional1_minus_gCap0	10	3	Mki67	3	4.44093739554	4.60972203443	3.23113609555	5.48195405663	3	0	18	2	20	2	4.44106373776	True
transitional1_minus_gCap0	10	3	Nkd1	3	-0.805440829468	-0.727945151636	-1.18772113076	-0.50065620601	0	3	73	133	96	161	-0.805412576524	True
transitional1_minus_gCap0	10	3	Pcna	3	0.804398745753	0.322715295747	-0.96421338747	3.05469432898	2	1	17	6	19	6	0.804440030831	True
transitional1_minus_gCap0	10	3	Pecam1	3	0.017910341513	0.127238349212	-0.253525853564	0.180018528891	2	1	287	403	1022	947	0.0179392172464	True
transitional1_minus_gCap0	10	3	Procr	3	5.62365556884	4.76378594708	3.62408906458	8.48309169487	3	0	105	5	255	5	5.62373518173	True
transitional1_minus_gCap0	10	3	Top2a	3	1.61811495332	0.987305604394	0.935362768982	2.93167648659	3	0	21	7	23	8	1.61815122778	True
transitional1_minus_gCap0	10	3	Tspan12	3	-0.876394349059	-0.596627679176	-1.63956980198	-0.392985566024	0	3	27	64	30	69	-0.876367066669	True
transitional1_minus_gCap0	10	5	Angpt2	3	1.01816597113	-0.12964464985	-1.4939773101	4.67811987333	1	2	8	4	8	4	1.01818653152	True
transitional1_minus_gCap0	10	5	Apln	3	2.80187524397	0.756891857554	0.532236380463	7.11649749389	3	0	42	13	59	14	2.80190398654	True
transitional1_minus_gCap0	10	5	Aplnr	3	-0.0408013414182	0.0359132914351	-0.455062397939	0.296745082249	2	1	59	48	156	88	-0.0408119741238	True
transitional1_minus_gCap0	10	5	Axin2	3	-2.40233386788	-0.648227780958	-6.35970983544	-0.199063987253	0	3	4	6	5	6	-2.40236840738	True
transitional1_minus_gCap0	10	5	Car4	3	-0.524190965065	0.0566065441302	-1.71461804265	0.0854386033244	2	1	94	65	177	112	-0.524201733947	True
transitional1_minus_gCap0	10	5	Ccnb1	3	2.11152439737	0.357135604789	-0.149419319616	6.12685690693	2	1	43	18	73	44	2.11155244476	True
transitional1_minus_gCap0	10	5	Ccnb2	3	2.54954232154	0.976288286505	-0.444158815759	7.11649749389	2	1	66	20	115	58	2.54957057355	True
transitional1_minus_gCap0	10	5	Cd93	3	-0.394645893056	-0.470104023556	-0.70061631301	-0.0132173426017	0	3	217	161	1554	1059	-0.394656598004	True
transitional1_minus_gCap0	10	5	Cdh5	3	-0.372382174084	-0.344917124713	-0.565942898658	-0.206286498882	0	3	209	149	940	704	-0.37239288035	True
transitional1_minus_gCap0	10	5	Cdk1	3	-0.662090370348	-1.0248068848	-1.18253950324	0.22107527699	1	2	45	29	69	62	-0.662101400744	True
transitional1_minus_gCap0	10	5	Cldn5	3	-0.690903716917	-0.291193880433	-1.52135516409	-0.260162106234	0	3	233	168	1709	1286	-0.690914427159	True
transitional1_minus_gCap0	10	5	Ednrb	3	2.35570654162	2.6601405289	0	4.40697909597	2	0	6	0	9	0	2.35576679715	True
transitional1_minus_gCap0	10	5	Fibin	3	-0.610095987543	0	-1.83028796263	0	0	1	1	3	1	4	-0.610093483814	True
transitional1_minus_gCap0	10	5	Foxf1	3	-0.817286267179	-0.707556858422	-1.49361318075	-0.250688762364	0	3	102	90	210	181	-0.817297106564	True
transitional1_minus_gCap0	10	5	Fzd1	3	-0.690852903706	0	-2.07255871112	0	0	1	0	1	0	1	-0.690872885217	True
transitional1_minus_gCap0	10	5	Fzd10	3	0	0	0	0	0	0	0	0	0	0	0	True
transitional1_minus_gCap0	10	5	Fzd2	3	0	0	0	0	0	0	0	0	0	0	0	True
transitional1_minus_gCap0	10	5	Fzd3	3	-0.380356479926	-1.63414939063	-2.07255871112	2.56563866197	1	2	3	5	3	5	-0.380364783269	True
transitional1_minus_gCap0	10	5	Fzd4	3	-0.959008212385	-0.535479274329	-2.03412111511	-0.307424247714	0	3	72	64	120	98	-0.959019180213	True
transitional1_minus_gCap0	10	5	Fzd5	3	0.624010038915	0	0	1.87203011675	1	0	1	0	1	0	0.624032357297	True
transitional1_minus_gCap0	10	5	Fzd6	3	1.22336035107	0.260547067859	-0.960677799503	4.37021178486	2	1	37	30	48	39	1.22338727181	True
transitional1_minus_gCap0	10	5	Fzd7	3	1.47922292624	1.87203011675	0	2.56563866197	2	0	2	0	2	0	1.47926294298	True
transitional1_minus_gCap0	10	5	Fzd8	3	0.838605500029	2.6601405289	-3.79407117347	3.64974714465	2	1	7	1	7	1	0.838643740789	True
transitional1_minus_gCap0	10	5	Fzd9	3	0	0	0	0	0	0	0	0	0	0	0	True
transitional1_minus_gCap0	10	5	Gpihbp1	3	-1.81219190136	-0.94979101971	-4.37509000582	-0.111694678554	0	3	109	118	267	298	-1.81220280466	True
transitional1_minus_gCap0	10	5	Kit	3	-1.47702505647	-1.29566848012	-2.61303883348	-0.522367855811	0	3	54	68	82	95	-1.47703632372	True
transitional1_minus_gCap0	10	5	Lef1	3	-0.690852903706	0	-2.07255871112	0	0	1	0	1	0	1	-0.690872885217	True
transitional1_minus_gCap0	10	5	Lrp5	3	1.13361579749	-0.429146891721	-0.540217500671	4.37021178486	1	2	18	13	19	15	1.13364186669	True
transitional1_minus_gCap0	10	5	Lrp6	3	1.38324378913	-0.251729793467	-0.530270178758	4.93173133961	1	2	27	22	31	24	1.38327081609	True
transitional1_minus_gCap0	10	5	Mki67	3	0.138261729416	0.125856131212	-0.0267920340489	0.315721091085	2	1	89	39	198	108	0.138251148386	True
transitional1_minus_gCap0	10	5	Nkd1	3	-0.626452236682	-0.230456821629	-1.71125027955	0.0623503911338	1	2	83	58	125	88	-0.626463088101	True
transitional1_minus_gCap0	10	5	Pcna	3	1.18677256256	0.0290204769002	-1.40043412883	4.93173133961	2	1	33	27	40	41	1.1867996056	True
transitional1_minus_gCap0	10	5	Pecam1	3	-0.501957805795	-0.320687909363	-1.00698386319	-0.178201644828	0	3	229	147	958	674	-0.501968520293	True
transitional1_minus_gCap0	10	5	Procr	3	2.92626145333	1.25608244953	-0.0689074946947	7.59160940514	2	1	52	13	86	22	2.92629001932	True
transitional1_minus_gCap0	10	5	Top2a	3	-1.05108384235	-1.31893810845	-1.38250474172	-0.451808676882	0	3	54	41	133	226	-1.05109467791	True
transitional1_minus_gCap0	10	5	Tspan12	3	1.23772803748	-0.036156235624	-0.928779525256	4.67811987333	1	2	41	33	49	43	1.23775504447	True
transitional1_minus_gCap0	10	7	Angpt2	3	-0.960683392528	0.291637021563	-4.40025007685	1.2265628777	2	1	7	16	7	16	-0.960746068515	True
transitional1_minus_gCap0	10	7	Apln	3	1.26000733408	1.47020490506	0.210248488657	2.09956860854	3	0	16	14	23	20	1.25998980644	True
transitional1_minus_gCap0	10	7	Aplnr	3	-0.260846925128	-0.521763254312	-0.559239243133	0.29846172206	1	2	111	162	192	239	-0.260869177262	True
transitional1_minus_gCap0	10	7	Axin2	3	-0.391256537601	-0.0371964345979	-1.57182153235	0.435248354142	1	2	7	18	7	19	-0.391281297436	True
transitional1_minus_gCap0	10	7	Car4	3	0.437120255034	0.471374985853	0.333190111247	0.506795668002	3	0	92	136	158	184	0.437098346001	True
transitional1_minus_gCap0	10	7	Ccnb1	3	1.2294119592	0.380970355391	0	3.30726552219	2	0	7	3	8	3	1.2294008446	True
transitional1_minus_gCap0	10	7	Ccnb2	3	1.57335441461	1.79356871307	-2.32859445176	5.25508898253	2	1	15	3	21	4	1.57334646592	True
transitional1_minus_gCap0	10	7	Cd93	3	-0.428338887856	-0.344658888851	-0.708929983121	-0.231427791597	0	3	292	666	1089	2478	-0.42836113718	True
transitional1_minus_gCap0	10	7	Cdh5	3	-0.391974530534	-0.428411560625	-0.660750376256	-0.0867616547219	0	3	313	642	1145	2004	-0.391996782751	True
transitional1_minus_gCap0	10	7	Cdk1	3	2.02823135791	0.872322472748	0.599215558538	4.61315604243	3	0	13	7	14	7	2.02826449825	True
transitional1_minus_gCap0	10	7	Cldn5	3	-0.501694147349	-0.5939842973	-0.860595289751	-0.0505028549945	0	3	341	720	1722	3842	-0.501716396491	True
transitional1_minus_gCap0	10	7	Ednrb	3	0.892065748683	0.873122126448	0.720043697801	1.0830314218	3	0	14	16	17	26	0.892048536229	True
transitional1_minus_gCap0	10	7	Fibin	3	-0.0834846148972	1.56710056193	-4.86602276073	3.04846835411	2	1	7	6	8	10	-0.0835197922408	True
transitional1_minus_gCap0	10	7	Foxf1	3	-0.486797636421	-0.418183294288	-0.841816327784	-0.200393287193	0	3	157	317	249	497	-0.486819952666	True
transitional1_minus_gCap0	10	7	Fzd1	3	-0.36895016778	0	-1.48782085873	0.380970355391	1	1	2	2	2	2	-0.368981880339	True
transitional1_minus_gCap0	10	7	Fzd10	3	0	0	0	0	0	0	0	0	0	0	0	True
transitional1_minus_gCap0	10	7	Fzd2	3	0	0	0	0	0	0	0	0	0	0	0	True
transitional1_minus_gCap0	10	7	Fzd3	3	-3.08488336964	-3.70812893982	-3.94833936163	-1.59818180747	0	3	2	16	2	16	-3.08498364802	True
transitional1_minus_gCap0	10	7	Fzd4	3	-1.0336214881	-1.11616474821	-1.48385489697	-0.500844819132	0	3	96	306	123	437	-1.03364400345	True
transitional1_minus_gCap0	10	7	Fzd5	3	-2.85783964406	-2.71497550788	-3.17733016675	-2.68121325755	0	3	0	7	0	7	-2.85796366101	True
transitional1_minus_gCap0	10	7	Fzd6	3	0.0563229228085	0.115542881704	-0.126313049072	0.179738935794	2	1	63	89	78	103	0.0563010851187	True
transitional1_minus_gCap0	10	7	Fzd7	3	-0.536743201607	0	-3.17733016675	1.56710056193	1	1	1	2	1	2	-0.536758078921	True
transitional1_minus_gCap0	10	7	Fzd8	3	-3.20329923553	-3.5641222091	-4.65185212954	-1.39392336796	0	3	4	19	4	20	-3.20339744993	True
transitional1_minus_gCap0	10	7	Fzd9	3	0.522366853976	0	0	1.56710056193	1	0	1	0	1	0	0.522395000573	True
transitional1_minus_gCap0	10	7	Gpihbp1	3	-0.415439219215	-0.626357026289	-0.776559739685	0.156599108329	1	2	264	635	895	2120	-0.415461468303	True
transitional1_minus_gCap0	10	7	Kit	3	-0.951797075236	-0.968599307905	-1.51127192758	-0.375519990221	0	3	131	322	216	502	-0.951819532219	True
transitional1_minus_gCap0	10	7	Lef1	3	1.05204999502	1.56710056193	0	1.58904942312	2	0	2	1	2	1	1.05206929975	True
transitional1_minus_gCap0	10	7	Lrp5	3	-0.058574680803	-0.482722098886	-0.598029046132	0.90502710261	1	2	15	32	15	32	-0.0585955964304	True
transitional1_minus_gCap0	10	7	Lrp6	3	-0.59724804407	-0.651975962844	-1.05285914435	-0.0869090250194	0	3	50	121	53	139	-0.597270598144	True
transitional1_minus_gCap0	10	7	Mki67	3	1.66051861286	0.90502710261	0.621775069571	3.4547536664	3	0	13	7	15	8	1.66051719778	True
transitional1_minus_gCap0	10	7	Nkd1	3	-0.175292306177	-0.228909613599	-0.453152019165	0.156184714231	1	2	105	203	143	267	-0.175314532587	True
transitional1_minus_gCap0	10	7	Pcna	3	0.739202191698	0.56051930617	0.221261393239	1.43582587569	3	0	16	18	16	19	0.739185191931	True
transitional1_minus_gCap0	10	7	Pecam1	3	-0.185881486006	-0.121711920327	-0.400412442126	-0.0355200955656	0	3	298	611	884	1548	-0.18590372018	True
transitional1_minus_gCap0	10	7	Procr	3	1.81892986967	2.21321911909	0.90502710261	2.33854338731	3	0	14	7	20	7	1.81892464014	True
transitional1_minus_gCap0	10	7	Top2a	3	2.51610595512	3.40498409156	-0.46982226863	4.61315604243	2	1	13	9	17	9	2.51613693816	True
transitional1_minus_gCap0	10	7	Tspan12	3	0.0465395213147	-0.127303297545	-0.13624684054	0.403168702029	1	2	52	95	60	117	0.0465175192636	True
transitional1_minus_gCap0	20	0	Angpt2	3	-1.16021180856	0.36461581066	-4.36040645282	0.515155216468	2	1	8	17	8	17	-1.16024772598	True
transitional1_minus_gCap0	20	0	Apln	3	1.67952533041	2.40231378505	0.0014940932752	2.6347681129	3	0	20	21	27	23	1.67953035099	True
transitional1_minus_gCap0	20	0	Aplnr	3	-0.206059833794	-0.127127818766	-0.529760332938	0.0387086503219	1	2	72	205	93	264	-0.206063107411	True
transitional1_minus_gCap0	20	0	Axin2	3	-3.32783783248	-3.44883856915	-4.92176481902	-1.61291010928	0	3	1	18	1	18	-3.32793092677	True
transitional1_minus_gCap0	20	0	Car4	3	-0.0102895891555	0.0759951317548	-0.845360456067	0.738496556846	2	1	70	168	108	220	-0.0102927929814	True
transitional1_minus_gCap0	20	0	Ccnb1	3	3.03071824729	3.00439098866	2.7088239051	3.37893984813	3	0	11	4	16	4	3.0307423264	True
transitional1_minus_gCap0	20	0	Ccnb2	3	0.818077968705	2.30612161374	-2.55707921655	2.70519150893	2	1	5	3	7	3	0.81806887238	True
transitional1_minus_gCap0	20	0	Cd93	3	-0.522592300409	-0.355925249245	-0.856269890618	-0.355581761362	0	3	222	721	744	2369	-0.522595540377	True
transitional1_minus_gCap0	20	0	Cdh5	3	-0.390643637048	-0.306389371094	-0.574152985935	-0.291388554115	0	3	221	713	670	1990	-0.390646872856	True
transitional1_minus_gCap0	20	0	Cdk1	3	2.41855797372	2.97173581378	0.366131393217	3.91780671416	3	0	9	6	9	6	2.41861159862	True
transitional1_minus_gCap0	20	0	Cldn5	3	-0.488879433178	-0.481416206161	-0.656714097335	-0.328507996037	0	3	254	804	1261	4106	-0.488882661242	True
transitional1_minus_gCap0	20	0	Ednrb	3	2.87141270776	1.93524471655	1.71960040515	4.9593930016	3	0	24	14	46	27	2.87145268393	True
transitional1_minus_gCap0	20	0	Fibin	3	0.225460123021	1.09826828933	-2.55707921655	2.13519129628	2	1	16	18	28	20	0.225430619469	True
transitional1_minus_gCap0	20	0	Foxf1	3	-0.920886514122	-1.08441263268	-1.18094946168	-0.497297448006	0	3	97	391	139	602	-0.9208899187	True
transitional1_minus_gCap0	20	0	Fzd1	3	-1.13690782304	-1.61168510042	-1.7990383687	0	0	2	0	2	0	2	-1.13697009515	True
transitional1_minus_gCap0	20	0	Fzd10	3	0	0	0	0	0	0	0	0	0	0	0	True
transitional1_minus_gCap0	20	0	Fzd2	3	-0.784645442299	0	-2.3539363269	0	0	1	0	2	0	2	-0.784688394254	True
transitional1_minus_gCap0	20	0	Fzd3	3	-2.35543011942	-2.55707921655	-3.07718246479	-1.43202867691	0	3	1	11	1	11	-2.35551601984	True
transitional1_minus_gCap0	20	0	Fzd4	3	-0.465554598031	-0.346923214056	-0.707683832404	-0.342056747632	0	3	99	325	144	485	-0.465557920716	True
transitional1_minus_gCap0	20	0	Fzd5	3	-1.97293499172	-2.84162251038	-3.07718246479	0	0	2	0	6	0	6	-1.97301353014	True
transitional1_minus_gCap0	20	0	Fzd6	3	-0.548861003336	-0.4471840864	-0.93837505971	-0.261023863897	0	3	18	64	22	69	-0.548865190314	True
transitional1_minus_gCap0	20	0	Fzd7	3	-0.537228366808	0	-1.61168510042	0	0	1	0	1	0	1	-0.537264291744	True
transitional1_minus_gCap0	20	0	Fzd8	3	-0.499756197847	0.576048014605	-3.44883856915	1.37352196101	2	1	7	11	7	11	-0.499805712929	True
transitional1_minus_gCap0	20	0	Fzd9	3	0	0	0	0	0	0	0	0	0	0	0	True
transitional1_minus_gCap0	20	0	Gpihbp1	3	-0.55335652903	-0.622650077626	-0.655002148714	-0.38241736075	0	3	227	722	677	2319	-0.553359770762	True
transitional1_minus_gCap0	20	0	Kit	3	-0.930721242186	-0.680409192292	-1.43479457843	-0.676959955837	0	3	96	376	138	549	-0.930724705678	True
transitional1_minus_gCap0	20	0	Lef1	3	-0.668505344948	-0.39383093442	-1.61168510042	0	0	2	1	4	1	4	-0.668527613314	True
transitional1_minus_gCap0	20	0	Lrp5	3	-0.830604561642	-1.13230707832	-1.23595184862	-0.123554757991	0	3	10	37	10	38	-0.830610732207	True
transitional1_minus_gCap0	20	0	Lrp6	3	-0.525361226944	-0.610635316268	-0.777928451589	-0.187519912976	0	3	40	125	46	143	-0.525364894604	True
transitional1_minus_gCap0	20	0	Mki67	3	1.80123721527	2.74473468499	-0.355371875186	3.01434883602	2	1	10	8	16	8	1.80124912771	True
transitional1_minus_gCap0	20	0	Nkd1	3	-0.435107340012	-0.529227991296	-1.17756985679	0.401475828055	1	2	72	234	100	278	-0.435110712865	True
transitional1_minus_gCap0	20	0	Pcna	3	0.351283281927	-0.0263584513483	-0.0882002803787	1.16840857751	1	2	8	18	9	18	0.351281107111	True
transitional1_minus_gCap0	20	0	Pecam1	3	-0.184381878701	-0.203371591447	-0.22055770959	-0.129216335066	0	3	212	634	539	1433	-0.184385104342	True
transitional1_minus_gCap0	20	0	Procr	3	3.81705845421	3.37893984813	3.00439098866	5.06784452585	3	0	12	2	15	2	3.8171130739	True
transitional1_minus_gCap0	20	0	Top2a	3	3.16371618802	3.69614736624	1.72799091039	4.06701028744	3	0	20	8	31	8	3.16373120388	True
transitional1_minus_gCap0	20	0	Tspan12	3	-0.0767327744442	0.17131735623	-0.587884527044	0.186368847481	2	1	48	117	61	129	-0.0767361192305	True
transitional1_minus_gCap0	20	3	Angpt2	3	3.55060015793	6.29660714814	-3.3235642056	7.67875753125	2	1	28	5	65	5	3.55064600747	True
transitional1_minus_gCap0	20	3	Apln	3	6.29467270008	5.68742028543	3.77555856839	9.42103924641	3	0	107	5	305	5	6.29475412847	True
transitional1_minus_gCap0	20	3	Aplnr	3	-0.382734166665	-0.143423153914	-0.96421338747	-0.0405659586108	0	3	19	71	26	87	-0.382705881324	True
transitional1_minus_gCap0	20	3	Axin2	3	-1.59828418691	-3.0357323493	-4.80910782686	3.04998761542	1	2	1	14	1	16	-1.59832931497	True
transitional1_minus_gCap0	20	3	Car4	3	-0.423857926789	-0.395175167087	-0.607029891386	-0.269368721895	0	3	80	101	151	163	-0.423829410415	True
transitional1_minus_gCap0	20	3	Ccnb1	3	2.89732629373	2.86642404383	0	5.82555483735	2	0	8	0	8	0	2.89743746235	True
transitional1_minus_gCap0	20	3	Ccnb2	3	3.58942107854	4.13317289251	0.935362768982	5.69972757412	3	0	16	4	24	4	3.58950085838	True
transitional1_minus_gCap0	20	3	Cd93	3	-0.176709841245	-0.174013761003	-0.454277177372	0.0981614146392	1	2	301	454	1876	1604	-0.176680971333	True
transitional1_minus_gCap0	20	3	Cdh5	3	-0.166949733382	0.079249966149	-0.793962561301	0.213863395005	2	1	271	446	952	1221	-0.166920869324	True
transitional1_minus_gCap0	20	3	Cdk1	3	2.39299779794	3.23113609555	0.323768233678	3.62408906458	3	0	14	4	16	4	2.39308063672	True
transitional1_minus_gCap0	20	3	Cldn5	3	-0.545481881842	-0.403049999785	-1.22032837629	-0.0130672694571	0	3	326	501	2210	2625	-0.545453021362	True
transitional1_minus_gCap0	20	3	Ednrb	3	-0.151010473115	0.926557587876	-4.90159313932	3.5220041321	2	1	7	7	10	17	-0.150980445139	True
transitional1_minus_gCap0	20	3	Fibin	3	-1.34958881022	-0.778285863046	-4.90159313932	1.6311125717	1	2	2	5	2	12	-1.34957214352	True
transitional1_minus_gCap0	20	3	Foxf1	3	-1.11443403715	-1.07779451548	-1.24000823117	-1.02549936478	0	3	101	209	153	328	-1.11440564388	True
transitional1_minus_gCap0	20	3	Fzd1	3	-0.734352223778	0	-2.20305667134	0	0	1	0	2	0	2	-0.734386828156	True
transitional1_minus_gCap0	20	3	Fzd10	3	0	0	0	0	0	0	0	0	0	0	0	True
transitional1_minus_gCap0	20	3	Fzd2	3	0.543704190566	0	0	1.6311125717	1	0	1	0	1	0	0.543729464613	True
transitional1_minus_gCap0	20	3	Fzd3	3	0.968667156425	0.0395774254433	0	2.86642404383	2	0	4	6	4	6	0.968732660347	True
transitional1_minus_gCap0	20	3	Fzd4	3	-1.5245442665	-1.58955309401	-2.38881495593	-0.595264749557	0	3	105	213	146	297	-1.52451651412	True
transitional1_minus_gCap0	20	3	Fzd5	3	0.547960016581	1.6311125717	-3.03722013738	3.04998761542	2	1	2	4	2	4	0.54798958079	True
transitional1_minus_gCap0	20	3	Fzd6	3	1.13371011007	-0.216251019013	-0.896497487482	4.51387883669	1	2	17	38	17	41	1.13377732861	True
transitional1_minus_gCap0	20	3	Fzd7	3	1.20065206845	0	0	3.60195620534	1	0	1	0	1	0	1.20072582961	True
transitional1_minus_gCap0	20	3	Fzd8	3	-0.0432436266767	0	-0.169308305473	0.0395774254433	1	1	4	7	4	7	-0.0432237331364	True
transitional1_minus_gCap0	20	3	Fzd9	3	0	0	0	0	0	0	0	0	0	0	0	True
transitional1_minus_gCap0	20	3	Gpihbp1	3	-1.86717557274	-1.89359761047	-2.055743793	-1.65218531474	0	3	157	453	388	1567	-1.86714689117	True
transitional1_minus_gCap0	20	3	Kit	3	-1.6699326632	-1.6131675741	-2.12329771586	-1.27333269964	0	3	37	163	44	239	-1.66990519995	True
transitional1_minus_gCap0	20	3	Lef1	3	1.74435625901	1.6311125717	0	3.60195620534	2	0	2	0	2	0	1.74445529422	True
transitional1_minus_gCap0	20	3	Lrp5	3	-0.0859963032946	0.323768233678	-0.973963758832	0.392206615271	2	1	19	22	20	22	-0.0859683812746	True
transitional1_minus_gCap0	20	3	Lrp6	3	-1.48354153995	-1.5409712889	-1.66453547545	-1.2451178555	0	3	26	70	27	77	-1.48351607685	True
transitional1_minus_gCap0	20	3	Mki67	3	4.44093739554	4.60972203443	3.23113609555	5.48195405663	3	0	18	2	20	2	4.44106373776	True
transitional1_minus_gCap0	20	3	Nkd1	3	-0.805440829468	-0.727945151636	-1.18772113076	-0.50065620601	0	3	73	133	96	161	-0.805412576524	True
transitional1_minus_gCap0	20	3	Pcna	3	0.804398745753	0.322715295747	-0.96421338747	3.05469432898	2	1	17	6	19	6	0.804440030831	True
transitional1_minus_gCap0	20	3	Pecam1	3	0.017910341513	0.127238349212	-0.253525853564	0.180018528891	2	1	287	403	1022	947	0.0179392172464	True
transitional1_minus_gCap0	20	3	Procr	3	5.62365556884	4.76378594708	3.62408906458	8.48309169487	3	0	105	5	255	5	5.62373518173	True
transitional1_minus_gCap0	20	3	Top2a	3	1.61811495332	0.987305604394	0.935362768982	2.93167648659	3	0	21	7	23	8	1.61815122778	True
transitional1_minus_gCap0	20	3	Tspan12	3	-0.876394349059	-0.596627679176	-1.63956980198	-0.392985566024	0	3	27	64	30	69	-0.876367066669	True
transitional1_minus_gCap0	20	5	Angpt2	2	-0.811810979976	-0.811810979976	-1.4939773101	-0.12964464985	0	2	3	4	3	4	-0.811810834758	True
transitional1_minus_gCap0	20	5	Apln	2	0.644564119009	0.644564119009	0.532236380463	0.756891857554	2	0	27	13	31	14	0.644575519977	True
transitional1_minus_gCap0	20	5	Aplnr	2	0.166329186842	0.166329186842	0.0359132914351	0.296745082249	2	0	49	47	132	86	0.166339724533	True
transitional1_minus_gCap0	20	5	Axin2	2	-0.423645884106	-0.423645884106	-0.648227780958	-0.199063987253	0	2	4	5	5	5	-0.423639885852	True
transitional1_minus_gCap0	20	5	Car4	2	0.0710225737273	0.0710225737273	0.0566065441302	0.0854386033244	2	0	79	60	147	106	0.0710330923533	True
transitional1_minus_gCap0	20	5	Ccnb1	2	0.103858142587	0.103858142587	-0.149419319616	0.357135604789	1	1	31	18	59	44	0.103868727688	True
transitional1_minus_gCap0	20	5	Ccnb2	2	0.266064735373	0.266064735373	-0.444158815759	0.976288286505	1	1	47	20	87	58	0.266075400489	True
transitional1_minus_gCap0	20	5	Cd93	2	-0.241660683079	-0.241660683079	-0.470104023556	-0.0132173426017	0	2	173	148	1199	1024	-0.241650165847	True
transitional1_minus_gCap0	20	5	Cdh5	2	-0.275601811798	-0.275601811798	-0.344917124713	-0.206286498882	0	2	172	141	773	689	-0.275591303439	True
transitional1_minus_gCap0	20	5	Cdk1	2	-0.480732113123	-0.480732113123	-1.18253950324	0.22107527699	1	1	38	28	61	61	-0.480722002892	True
transitional1_minus_gCap0	20	5	Cldn5	2	-0.275677993334	-0.275677993334	-0.291193880433	-0.260162106234	0	2	186	154	1376	1228	-0.275667474667	True
transitional1_minus_gCap0	20	5	Ednrb	2	3.53355981243	3.53355981243	2.6601405289	4.40697909597	2	0	6	0	9	0	3.53365019573	True
transitional1_minus_gCap0	20	5	Fibin	2	-0.915143981314	-0.915143981314	-1.83028796263	0	0	1	1	3	1	4	-0.91514022572	True
transitional1_minus_gCap0	20	5	Foxf1	2	-0.479122810393	-0.479122810393	-0.707556858422	-0.250688762364	0	2	84	85	175	175	-0.479112428051	True
transitional1_minus_gCap0	20	5	Fzd1	2	-1.03627935556	-1.03627935556	-2.07255871112	0	0	1	0	1	0	1	-1.03630932783	True
transitional1_minus_gCap0	20	5	Fzd10	2	0	0	0	0	0	0	0	0	0	0	0	True
transitional1_minus_gCap0	20	5	Fzd2	2	0	0	0	0	0	0	0	0	0	0	0	True
transitional1_minus_gCap0	20	5	Fzd3	2	-1.85335405088	-1.85335405088	-2.07255871112	-1.63414939063	0	2	2	5	2	5	-1.85339305343	True
transitional1_minus_gCap0	20	5	Fzd4	2	-0.421451761021	-0.421451761021	-0.535479274329	-0.307424247714	0	2	58	61	96	92	-0.421441487529	True
transitional1_minus_gCap0	20	5	Fzd5	2	0.936015058373	0.936015058373	0	1.87203011675	1	0	1	0	1	0	0.936048535945	True
transitional1_minus_gCap0	20	5	Fzd6	2	-0.350065365822	-0.350065365822	-0.960677799503	0.260547067859	1	1	35	30	44	39	-0.350055383241	True
transitional1_minus_gCap0	20	5	Fzd7	2	0.936015058373	0.936015058373	0	1.87203011675	1	0	1	0	1	0	0.936048535945	True
transitional1_minus_gCap0	20	5	Fzd8	2	3.15494383678	3.15494383678	2.6601405289	3.64974714465	2	0	6	0	6	0	3.15503245787	True
transitional1_minus_gCap0	20	5	Fzd9	2	0	0	0	0	0	0	0	0	0	0	0	True
transitional1_minus_gCap0	20	5	Gpihbp1	2	-0.530742849132	-0.530742849132	-0.94979101971	-0.111694678554	0	2	89	105	237	260	-0.530732431129	True
transitional1_minus_gCap0	20	5	Kit	2	-0.909018167967	-0.909018167967	-1.29566848012	-0.522367855811	0	2	46	63	66	89	-0.909008211167	True
transitional1_minus_gCap0	20	5	Lef1	2	-1.03627935556	-1.03627935556	-2.07255871112	0	0	1	0	1	0	1	-1.03630932783	True
transitional1_minus_gCap0	20	5	Lrp5	2	-0.484682196196	-0.484682196196	-0.540217500671	-0.429146891721	0	2	14	13	15	15	-0.484673490917	True
transitional1_minus_gCap0	20	5	Lrp6	2	-0.390999986113	-0.390999986113	-0.530270178758	-0.251729793467	0	2	21	22	25	24	-0.390990342183	True
transitional1_minus_gCap0	20	5	Mki67	2	0.144464528518	0.144464528518	-0.0267920340489	0.315721091085	1	1	71	38	162	106	0.144475054812	True
transitional1_minus_gCap0	20	5	Nkd1	2	-0.0840532152477	-0.0840532152477	-0.230456821629	0.0623503911338	1	1	69	54	105	84	-0.0840427738393	True
transitional1_minus_gCap0	20	5	Pcna	2	-0.685706825963	-0.685706825963	-1.40043412883	0.0290204769002	1	1	28	27	34	41	-0.685697157922	True
transitional1_minus_gCap0	20	5	Pecam1	2	-0.249444777095	-0.249444777095	-0.320687909363	-0.178201644828	0	2	183	135	753	649	-0.249434269066	True
transitional1_minus_gCap0	20	5	Procr	2	0.59358747742	0.59358747742	-0.0689074946947	1.25608244953	1	1	39	13	47	22	0.593598548937	True
transitional1_minus_gCap0	20	5	Top2a	2	-1.35072142508	-1.35072142508	-1.38250474172	-1.31893810845	0	2	49	40	121	225	-1.35071128201	True
transitional1_minus_gCap0	20	5	Tspan12	2	-0.48246788044	-0.48246788044	-0.928779525256	-0.036156235624	0	2	37	33	44	43	-0.48245806533	True
transitional1_minus_gCap0	20	7	Angpt2	3	-0.960683392528	0.291637021563	-4.40025007685	1.2265628777	2	1	7	16	7	16	-0.960746068515	True
transitional1_minus_gCap0	20	7	Apln	3	1.26000733408	1.47020490506	0.210248488657	2.09956860854	3	0	16	14	23	20	1.25998980644	True
transitional1_minus_gCap0	20	7	Aplnr	3	-0.260846925128	-0.521763254312	-0.559239243133	0.29846172206	1	2	111	162	192	239	-0.260869177262	True
transitional1_minus_gCap0	20	7	Axin2	3	-0.391256537601	-0.0371964345979	-1.57182153235	0.435248354142	1	2	7	18	7	19	-0.391281297436	True
transitional1_minus_gCap0	20	7	Car4	3	0.437120255034	0.471374985853	0.333190111247	0.506795668002	3	0	92	136	158	184	0.437098346001	True
transitional1_minus_gCap0	20	7	Ccnb1	3	1.2294119592	0.380970355391	0	3.30726552219	2	0	7	3	8	3	1.2294008446	True
transitional1_minus_gCap0	20	7	Ccnb2	3	1.57335441461	1.79356871307	-2.32859445176	5.25508898253	2	1	15	3	21	4	1.57334646592	True
transitional1_minus_gCap0	20	7	Cd93	3	-0.428338887856	-0.344658888851	-0.708929983121	-0.231427791597	0	3	292	666	1089	2478	-0.42836113718	True
transitional1_minus_gCap0	20	7	Cdh5	3	-0.391974530534	-0.428411560625	-0.660750376256	-0.0867616547219	0	3	313	642	1145	2004	-0.391996782751	True
transitional1_minus_gCap0	20	7	Cdk1	3	2.02823135791	0.872322472748	0.599215558538	4.61315604243	3	0	13	7	14	7	2.02826449825	True
transitional1_minus_gCap0	20	7	Cldn5	3	-0.501694147349	-0.5939842973	-0.860595289751	-0.0505028549945	0	3	341	720	1722	3842	-0.501716396491	True
transitional1_minus_gCap0	20	7	Ednrb	3	0.892065748683	0.873122126448	0.720043697801	1.0830314218	3	0	14	16	17	26	0.892048536229	True
transitional1_minus_gCap0	20	7	Fibin	3	-0.0834846148972	1.56710056193	-4.86602276073	3.04846835411	2	1	7	6	8	10	-0.0835197922408	True
transitional1_minus_gCap0	20	7	Foxf1	3	-0.486797636421	-0.418183294288	-0.841816327784	-0.200393287193	0	3	157	317	249	497	-0.486819952666	True
transitional1_minus_gCap0	20	7	Fzd1	3	-0.36895016778	0	-1.48782085873	0.380970355391	1	1	2	2	2	2	-0.368981880339	True
transitional1_minus_gCap0	20	7	Fzd10	3	0	0	0	0	0	0	0	0	0	0	0	True
transitional1_minus_gCap0	20	7	Fzd2	3	0	0	0	0	0	0	0	0	0	0	0	True
transitional1_minus_gCap0	20	7	Fzd3	3	-3.08488336964	-3.70812893982	-3.94833936163	-1.59818180747	0	3	2	16	2	16	-3.08498364802	True
transitional1_minus_gCap0	20	7	Fzd4	3	-1.0336214881	-1.11616474821	-1.48385489697	-0.500844819132	0	3	96	306	123	437	-1.03364400345	True
transitional1_minus_gCap0	20	7	Fzd5	3	-2.85783964406	-2.71497550788	-3.17733016675	-2.68121325755	0	3	0	7	0	7	-2.85796366101	True
transitional1_minus_gCap0	20	7	Fzd6	3	0.0563229228085	0.115542881704	-0.126313049072	0.179738935794	2	1	63	89	78	103	0.0563010851187	True
transitional1_minus_gCap0	20	7	Fzd7	3	-0.536743201607	0	-3.17733016675	1.56710056193	1	1	1	2	1	2	-0.536758078921	True
transitional1_minus_gCap0	20	7	Fzd8	3	-3.20329923553	-3.5641222091	-4.65185212954	-1.39392336796	0	3	4	19	4	20	-3.20339744993	True
transitional1_minus_gCap0	20	7	Fzd9	3	0.522366853976	0	0	1.56710056193	1	0	1	0	1	0	0.522395000573	True
transitional1_minus_gCap0	20	7	Gpihbp1	3	-0.415439219215	-0.626357026289	-0.776559739685	0.156599108329	1	2	264	635	895	2120	-0.415461468303	True
transitional1_minus_gCap0	20	7	Kit	3	-0.951797075236	-0.968599307905	-1.51127192758	-0.375519990221	0	3	131	322	216	502	-0.951819532219	True
transitional1_minus_gCap0	20	7	Lef1	3	1.05204999502	1.56710056193	0	1.58904942312	2	0	2	1	2	1	1.05206929975	True
transitional1_minus_gCap0	20	7	Lrp5	3	-0.058574680803	-0.482722098886	-0.598029046132	0.90502710261	1	2	15	32	15	32	-0.0585955964304	True
transitional1_minus_gCap0	20	7	Lrp6	3	-0.59724804407	-0.651975962844	-1.05285914435	-0.0869090250194	0	3	50	121	53	139	-0.597270598144	True
transitional1_minus_gCap0	20	7	Mki67	3	1.66051861286	0.90502710261	0.621775069571	3.4547536664	3	0	13	7	15	8	1.66051719778	True
transitional1_minus_gCap0	20	7	Nkd1	3	-0.175292306177	-0.228909613599	-0.453152019165	0.156184714231	1	2	105	203	143	267	-0.175314532587	True
transitional1_minus_gCap0	20	7	Pcna	3	0.739202191698	0.56051930617	0.221261393239	1.43582587569	3	0	16	18	16	19	0.739185191931	True
transitional1_minus_gCap0	20	7	Pecam1	3	-0.185881486006	-0.121711920327	-0.400412442126	-0.0355200955656	0	3	298	611	884	1548	-0.18590372018	True
transitional1_minus_gCap0	20	7	Procr	3	1.81892986967	2.21321911909	0.90502710261	2.33854338731	3	0	14	7	20	7	1.81892464014	True
transitional1_minus_gCap0	20	7	Top2a	3	2.51610595512	3.40498409156	-0.46982226863	4.61315604243	2	1	13	9	17	9	2.51613693816	True
transitional1_minus_gCap0	20	7	Tspan12	3	0.0465395213147	-0.127303297545	-0.13624684054	0.403168702029	1	2	52	95	60	117	0.0465175192636	True
transitional1_minus_gCap0	50	0	Angpt2	3	-1.16021180856	0.36461581066	-4.36040645282	0.515155216468	2	1	8	17	8	17	-1.16024772598	True
transitional1_minus_gCap0	50	0	Apln	3	1.67952533041	2.40231378505	0.0014940932752	2.6347681129	3	0	20	21	27	23	1.67953035099	True
transitional1_minus_gCap0	50	0	Aplnr	3	-0.206059833794	-0.127127818766	-0.529760332938	0.0387086503219	1	2	72	205	93	264	-0.206063107411	True
transitional1_minus_gCap0	50	0	Axin2	3	-3.32783783248	-3.44883856915	-4.92176481902	-1.61291010928	0	3	1	18	1	18	-3.32793092677	True
transitional1_minus_gCap0	50	0	Car4	3	-0.0102895891555	0.0759951317548	-0.845360456067	0.738496556846	2	1	70	168	108	220	-0.0102927929814	True
transitional1_minus_gCap0	50	0	Ccnb1	3	3.03071824729	3.00439098866	2.7088239051	3.37893984813	3	0	11	4	16	4	3.0307423264	True
transitional1_minus_gCap0	50	0	Ccnb2	3	0.818077968705	2.30612161374	-2.55707921655	2.70519150893	2	1	5	3	7	3	0.81806887238	True
transitional1_minus_gCap0	50	0	Cd93	3	-0.522592300409	-0.355925249245	-0.856269890618	-0.355581761362	0	3	222	721	744	2369	-0.522595540377	True
transitional1_minus_gCap0	50	0	Cdh5	3	-0.390643637048	-0.306389371094	-0.574152985935	-0.291388554115	0	3	221	713	670	1990	-0.390646872856	True
transitional1_minus_gCap0	50	0	Cdk1	3	2.41855797372	2.97173581378	0.366131393217	3.91780671416	3	0	9	6	9	6	2.41861159862	True
transitional1_minus_gCap0	50	0	Cldn5	3	-0.488879433178	-0.481416206161	-0.656714097335	-0.328507996037	0	3	254	804	1261	4106	-0.488882661242	True
transitional1_minus_gCap0	50	0	Ednrb	3	2.87141270776	1.93524471655	1.71960040515	4.9593930016	3	0	24	14	46	27	2.87145268393	True
transitional1_minus_gCap0	50	0	Fibin	3	0.225460123021	1.09826828933	-2.55707921655	2.13519129628	2	1	16	18	28	20	0.225430619469	True
transitional1_minus_gCap0	50	0	Foxf1	3	-0.920886514122	-1.08441263268	-1.18094946168	-0.497297448006	0	3	97	391	139	602	-0.9208899187	True
transitional1_minus_gCap0	50	0	Fzd1	3	-1.13690782304	-1.61168510042	-1.7990383687	0	0	2	0	2	0	2	-1.13697009515	True
transitional1_minus_gCap0	50	0	Fzd10	3	0	0	0	0	0	0	0	0	0	0	0	True
transitional1_minus_gCap0	50	0	Fzd2	3	-0.784645442299	0	-2.3539363269	0	0	1	0	2	0	2	-0.784688394254	True
transitional1_minus_gCap0	50	0	Fzd3	3	-2.35543011942	-2.55707921655	-3.07718246479	-1.43202867691	0	3	1	11	1	11	-2.35551601984	True
transitional1_minus_gCap0	50	0	Fzd4	3	-0.465554598031	-0.346923214056	-0.707683832404	-0.342056747632	0	3	99	325	144	485	-0.465557920716	True
transitional1_minus_gCap0	50	0	Fzd5	3	-1.97293499172	-2.84162251038	-3.07718246479	0	0	2	0	6	0	6	-1.97301353014	True
transitional1_minus_gCap0	50	0	Fzd6	3	-0.548861003336	-0.4471840864	-0.93837505971	-0.261023863897	0	3	18	64	22	69	-0.548865190314	True
transitional1_minus_gCap0	50	0	Fzd7	3	-0.537228366808	0	-1.61168510042	0	0	1	0	1	0	1	-0.537264291744	True
transitional1_minus_gCap0	50	0	Fzd8	3	-0.499756197847	0.576048014605	-3.44883856915	1.37352196101	2	1	7	11	7	11	-0.499805712929	True
transitional1_minus_gCap0	50	0	Fzd9	3	0	0	0	0	0	0	0	0	0	0	0	True
transitional1_minus_gCap0	50	0	Gpihbp1	3	-0.55335652903	-0.622650077626	-0.655002148714	-0.38241736075	0	3	227	722	677	2319	-0.553359770762	True
transitional1_minus_gCap0	50	0	Kit	3	-0.930721242186	-0.680409192292	-1.43479457843	-0.676959955837	0	3	96	376	138	549	-0.930724705678	True
transitional1_minus_gCap0	50	0	Lef1	3	-0.668505344948	-0.39383093442	-1.61168510042	0	0	2	1	4	1	4	-0.668527613314	True
transitional1_minus_gCap0	50	0	Lrp5	3	-0.830604561642	-1.13230707832	-1.23595184862	-0.123554757991	0	3	10	37	10	38	-0.830610732207	True
transitional1_minus_gCap0	50	0	Lrp6	3	-0.525361226944	-0.610635316268	-0.777928451589	-0.187519912976	0	3	40	125	46	143	-0.525364894604	True
transitional1_minus_gCap0	50	0	Mki67	3	1.80123721527	2.74473468499	-0.355371875186	3.01434883602	2	1	10	8	16	8	1.80124912771	True
transitional1_minus_gCap0	50	0	Nkd1	3	-0.435107340012	-0.529227991296	-1.17756985679	0.401475828055	1	2	72	234	100	278	-0.435110712865	True
transitional1_minus_gCap0	50	0	Pcna	3	0.351283281927	-0.0263584513483	-0.0882002803787	1.16840857751	1	2	8	18	9	18	0.351281107111	True
transitional1_minus_gCap0	50	0	Pecam1	3	-0.184381878701	-0.203371591447	-0.22055770959	-0.129216335066	0	3	212	634	539	1433	-0.184385104342	True
transitional1_minus_gCap0	50	0	Procr	3	3.81705845421	3.37893984813	3.00439098866	5.06784452585	3	0	12	2	15	2	3.8171130739	True
transitional1_minus_gCap0	50	0	Top2a	3	3.16371618802	3.69614736624	1.72799091039	4.06701028744	3	0	20	8	31	8	3.16373120388	True
transitional1_minus_gCap0	50	0	Tspan12	3	-0.0767327744442	0.17131735623	-0.587884527044	0.186368847481	2	1	48	117	61	129	-0.0767361192305	True
transitional1_minus_gCap0	50	3	Angpt2	2	1.48652147127	1.48652147127	-3.3235642056	6.29660714814	1	1	22	5	37	5	1.48651706032	True
transitional1_minus_gCap0	50	3	Apln	2	4.73148942691	4.73148942691	3.77555856839	5.68742028543	2	0	82	5	211	5	4.73153813261	True
transitional1_minus_gCap0	50	3	Aplnr	2	-0.0919945562623	-0.0919945562623	-0.143423153914	-0.0405659586108	0	2	16	69	22	85	-0.0919617731223	True
transitional1_minus_gCap0	50	3	Axin2	2	-3.92242008808	-3.92242008808	-4.80910782686	-3.0357323493	0	2	0	14	0	16	-3.92255244479	True
transitional1_minus_gCap0	50	3	Car4	2	-0.332271944491	-0.332271944491	-0.395175167087	-0.269368721895	0	2	70	93	125	153	-0.332240021389	True
transitional1_minus_gCap0	50	3	Ccnb1	2	4.34598944059	4.34598944059	2.86642404383	5.82555483735	2	0	8	0	8	0	4.34615619352	True
transitional1_minus_gCap0	50	3	Ccnb2	2	2.53426783075	2.53426783075	0.935362768982	4.13317289251	2	0	9	4	17	4	2.53431537127	True
transitional1_minus_gCap0	50	3	Cd93	2	-0.314145469187	-0.314145469187	-0.454277177372	-0.174013761003	0	2	240	432	1549	1527	-0.314113183719	True
transitional1_minus_gCap0	50	3	Cdh5	2	-0.290049583148	-0.290049583148	-0.793962561301	0.213863395005	1	1	215	423	755	1174	-0.290017304021	True
transitional1_minus_gCap0	50	3	Cdk1	2	3.42761258007	3.42761258007	3.23113609555	3.62408906458	2	0	10	3	11	3	3.4277256902	True
transitional1_minus_gCap0	50	3	Cldn5	2	-0.616697822871	-0.616697822871	-1.22032837629	-0.0130672694571	0	2	267	477	1874	2513	-0.616665543601	True
transitional1_minus_gCap0	50	3	Ednrb	2	2.22428085999	2.22428085999	0.926557587876	3.5220041321	2	0	7	6	10	16	2.2243863323	True
transitional1_minus_gCap0	50	3	Fibin	2	0.426413354325	0.426413354325	-0.778285863046	1.6311125717	1	1	2	4	2	11	0.426498784735	True
transitional1_minus_gCap0	50	3	Foxf1	2	-1.13275379798	-1.13275379798	-1.24000823117	-1.02549936478	0	2	81	201	123	312	-1.13272203012	True
transitional1_minus_gCap0	50	3	Fzd1	2	-1.10152833567	-1.10152833567	-2.20305667134	0	0	1	0	2	0	2	-1.10158024223	True
transitional1_minus_gCap0	50	3	Fzd10	2	0	0	0	0	0	0	0	0	0	0	0	True
transitional1_minus_gCap0	50	3	Fzd2	2	0.815556285848	0.815556285848	0	1.6311125717	1	0	1	0	1	0	0.81559419692	True
transitional1_minus_gCap0	50	3	Fzd3	2	1.45300073464	1.45300073464	0.0395774254433	2.86642404383	2	0	4	6	4	6	1.45309899052	True
transitional1_minus_gCap0	50	3	Fzd4	2	-1.49203985275	-1.49203985275	-2.38881495593	-0.595264749557	0	2	88	201	125	281	-1.49200890354	True
transitional1_minus_gCap0	50	3	Fzd5	2	-0.703053782839	-0.703053782839	-3.03722013738	1.6311125717	1	1	1	4	1	4	-0.703074101147	True
transitional1_minus_gCap0	50	3	Fzd6	2	-0.556374253247	-0.556374253247	-0.896497487482	-0.216251019013	0	2	14	38	14	41	-0.556343750658	True
transitional1_minus_gCap0	50	3	Fzd7	2	1.80097810267	1.80097810267	0	3.60195620534	1	0	1	0	1	0	1.80108874441	True
transitional1_minus_gCap0	50	3	Fzd8	2	-0.0648654400151	-0.0648654400151	-0.169308305473	0.0395774254433	1	1	4	7	4	7	-0.0648355997046	True
transitional1_minus_gCap0	50	3	Fzd9	2	0	0	0	0	0	0	0	0	0	0	0	True
transitional1_minus_gCap0	50	3	Gpihbp1	2	-1.97467070173	-1.97467070173	-2.055743793	-1.89359761047	0	2	126	428	301	1498	-1.97463861701	True
transitional1_minus_gCap0	50	3	Kit	2	-1.44325013687	-1.44325013687	-1.6131675741	-1.27333269964	0	2	28	158	35	229	-1.44321907461	True
transitional1_minus_gCap0	50	3	Lef1	2	2.61653438852	2.61653438852	1.6311125717	3.60195620534	2	0	2	0	2	0	2.61668294133	True
transitional1_minus_gCap0	50	3	Lrp5	2	-0.290878571781	-0.290878571781	-0.973963758832	0.392206615271	1	1	15	21	15	21	-0.290847836789	True
transitional1_minus_gCap0	50	3	Lrp6	2	-1.45482666548	-1.45482666548	-1.66453547545	-1.2451178555	0	2	22	67	23	74	-1.4547977652	True
transitional1_minus_gCap0	50	3	Mki67	2	3.92042906499	3.92042906499	3.23113609555	4.60972203443	2	0	12	2	14	2	3.92054667964	True
transitional1_minus_gCap0	50	3	Nkd1	2	-0.957833141197	-0.957833141197	-1.18772113076	-0.727945151636	0	2	51	125	68	151	-0.957801640703	True
transitional1_minus_gCap0	50	3	Pcna	2	1.68870481236	1.68870481236	0.322715295747	3.05469432898	2	0	14	4	15	4	1.68875709511	True
transitional1_minus_gCap0	50	3	Pecam1	2	-0.0367536623365	-0.0367536623365	-0.253525853564	0.180018528891	1	1	234	378	801	896	-0.0367213676504	True
transitional1_minus_gCap0	50	3	Procr	2	4.19393750583	4.19393750583	3.62408906458	4.76378594708	2	0	84	5	206	5	4.19398358651	True
transitional1_minus_gCap0	50	3	Top2a	2	1.93351962779	1.93351962779	0.935362768982	2.93167648659	2	0	14	6	15	7	1.93356216671	True
transitional1_minus_gCap0	50	3	Tspan12	2	-0.4948066226	-0.4948066226	-0.596627679176	-0.392985566024	0	2	23	60	25	65	-0.494775291776	True
transitional1_minus_gCap0	50	5	Angpt2	2	-0.811810979976	-0.811810979976	-1.4939773101	-0.12964464985	0	2	3	4	3	4	-0.811810834758	True
transitional1_minus_gCap0	50	5	Apln	2	0.644564119009	0.644564119009	0.532236380463	0.756891857554	2	0	27	13	31	14	0.644575519977	True
transitional1_minus_gCap0	50	5	Aplnr	2	0.166329186842	0.166329186842	0.0359132914351	0.296745082249	2	0	49	47	132	86	0.166339724533	True
transitional1_minus_gCap0	50	5	Axin2	2	-0.423645884106	-0.423645884106	-0.648227780958	-0.199063987253	0	2	4	5	5	5	-0.423639885852	True
transitional1_minus_gCap0	50	5	Car4	2	0.0710225737273	0.0710225737273	0.0566065441302	0.0854386033244	2	0	79	60	147	106	0.0710330923533	True
transitional1_minus_gCap0	50	5	Ccnb1	2	0.103858142587	0.103858142587	-0.149419319616	0.357135604789	1	1	31	18	59	44	0.103868727688	True
transitional1_minus_gCap0	50	5	Ccnb2	2	0.266064735373	0.266064735373	-0.444158815759	0.976288286505	1	1	47	20	87	58	0.266075400489	True
transitional1_minus_gCap0	50	5	Cd93	2	-0.241660683079	-0.241660683079	-0.470104023556	-0.0132173426017	0	2	173	148	1199	1024	-0.241650165847	True
transitional1_minus_gCap0	50	5	Cdh5	2	-0.275601811798	-0.275601811798	-0.344917124713	-0.206286498882	0	2	172	141	773	689	-0.275591303439	True
transitional1_minus_gCap0	50	5	Cdk1	2	-0.480732113123	-0.480732113123	-1.18253950324	0.22107527699	1	1	38	28	61	61	-0.480722002892	True
transitional1_minus_gCap0	50	5	Cldn5	2	-0.275677993334	-0.275677993334	-0.291193880433	-0.260162106234	0	2	186	154	1376	1228	-0.275667474667	True
transitional1_minus_gCap0	50	5	Ednrb	2	3.53355981243	3.53355981243	2.6601405289	4.40697909597	2	0	6	0	9	0	3.53365019573	True
transitional1_minus_gCap0	50	5	Fibin	2	-0.915143981314	-0.915143981314	-1.83028796263	0	0	1	1	3	1	4	-0.91514022572	True
transitional1_minus_gCap0	50	5	Foxf1	2	-0.479122810393	-0.479122810393	-0.707556858422	-0.250688762364	0	2	84	85	175	175	-0.479112428051	True
transitional1_minus_gCap0	50	5	Fzd1	2	-1.03627935556	-1.03627935556	-2.07255871112	0	0	1	0	1	0	1	-1.03630932783	True
transitional1_minus_gCap0	50	5	Fzd10	2	0	0	0	0	0	0	0	0	0	0	0	True
transitional1_minus_gCap0	50	5	Fzd2	2	0	0	0	0	0	0	0	0	0	0	0	True
transitional1_minus_gCap0	50	5	Fzd3	2	-1.85335405088	-1.85335405088	-2.07255871112	-1.63414939063	0	2	2	5	2	5	-1.85339305343	True
transitional1_minus_gCap0	50	5	Fzd4	2	-0.421451761021	-0.421451761021	-0.535479274329	-0.307424247714	0	2	58	61	96	92	-0.421441487529	True
transitional1_minus_gCap0	50	5	Fzd5	2	0.936015058373	0.936015058373	0	1.87203011675	1	0	1	0	1	0	0.936048535945	True
transitional1_minus_gCap0	50	5	Fzd6	2	-0.350065365822	-0.350065365822	-0.960677799503	0.260547067859	1	1	35	30	44	39	-0.350055383241	True
transitional1_minus_gCap0	50	5	Fzd7	2	0.936015058373	0.936015058373	0	1.87203011675	1	0	1	0	1	0	0.936048535945	True
transitional1_minus_gCap0	50	5	Fzd8	2	3.15494383678	3.15494383678	2.6601405289	3.64974714465	2	0	6	0	6	0	3.15503245787	True
transitional1_minus_gCap0	50	5	Fzd9	2	0	0	0	0	0	0	0	0	0	0	0	True
transitional1_minus_gCap0	50	5	Gpihbp1	2	-0.530742849132	-0.530742849132	-0.94979101971	-0.111694678554	0	2	89	105	237	260	-0.530732431129	True
transitional1_minus_gCap0	50	5	Kit	2	-0.909018167967	-0.909018167967	-1.29566848012	-0.522367855811	0	2	46	63	66	89	-0.909008211167	True
transitional1_minus_gCap0	50	5	Lef1	2	-1.03627935556	-1.03627935556	-2.07255871112	0	0	1	0	1	0	1	-1.03630932783	True
transitional1_minus_gCap0	50	5	Lrp5	2	-0.484682196196	-0.484682196196	-0.540217500671	-0.429146891721	0	2	14	13	15	15	-0.484673490917	True
transitional1_minus_gCap0	50	5	Lrp6	2	-0.390999986113	-0.390999986113	-0.530270178758	-0.251729793467	0	2	21	22	25	24	-0.390990342183	True
transitional1_minus_gCap0	50	5	Mki67	2	0.144464528518	0.144464528518	-0.0267920340489	0.315721091085	1	1	71	38	162	106	0.144475054812	True
transitional1_minus_gCap0	50	5	Nkd1	2	-0.0840532152477	-0.0840532152477	-0.230456821629	0.0623503911338	1	1	69	54	105	84	-0.0840427738393	True
transitional1_minus_gCap0	50	5	Pcna	2	-0.685706825963	-0.685706825963	-1.40043412883	0.0290204769002	1	1	28	27	34	41	-0.685697157922	True
transitional1_minus_gCap0	50	5	Pecam1	2	-0.249444777095	-0.249444777095	-0.320687909363	-0.178201644828	0	2	183	135	753	649	-0.249434269066	True
transitional1_minus_gCap0	50	5	Procr	2	0.59358747742	0.59358747742	-0.0689074946947	1.25608244953	1	1	39	13	47	22	0.593598548937	True
transitional1_minus_gCap0	50	5	Top2a	2	-1.35072142508	-1.35072142508	-1.38250474172	-1.31893810845	0	2	49	40	121	225	-1.35071128201	True
transitional1_minus_gCap0	50	5	Tspan12	2	-0.48246788044	-0.48246788044	-0.928779525256	-0.036156235624	0	2	37	33	44	43	-0.48245806533	True
transitional1_minus_gCap0	50	7	Angpt2	3	-0.960683392528	0.291637021563	-4.40025007685	1.2265628777	2	1	7	16	7	16	-0.960746068515	True
transitional1_minus_gCap0	50	7	Apln	3	1.26000733408	1.47020490506	0.210248488657	2.09956860854	3	0	16	14	23	20	1.25998980644	True
transitional1_minus_gCap0	50	7	Aplnr	3	-0.260846925128	-0.521763254312	-0.559239243133	0.29846172206	1	2	111	162	192	239	-0.260869177262	True
transitional1_minus_gCap0	50	7	Axin2	3	-0.391256537601	-0.0371964345979	-1.57182153235	0.435248354142	1	2	7	18	7	19	-0.391281297436	True
transitional1_minus_gCap0	50	7	Car4	3	0.437120255034	0.471374985853	0.333190111247	0.506795668002	3	0	92	136	158	184	0.437098346001	True
transitional1_minus_gCap0	50	7	Ccnb1	3	1.2294119592	0.380970355391	0	3.30726552219	2	0	7	3	8	3	1.2294008446	True
transitional1_minus_gCap0	50	7	Ccnb2	3	1.57335441461	1.79356871307	-2.32859445176	5.25508898253	2	1	15	3	21	4	1.57334646592	True
transitional1_minus_gCap0	50	7	Cd93	3	-0.428338887856	-0.344658888851	-0.708929983121	-0.231427791597	0	3	292	666	1089	2478	-0.42836113718	True
transitional1_minus_gCap0	50	7	Cdh5	3	-0.391974530534	-0.428411560625	-0.660750376256	-0.0867616547219	0	3	313	642	1145	2004	-0.391996782751	True
transitional1_minus_gCap0	50	7	Cdk1	3	2.02823135791	0.872322472748	0.599215558538	4.61315604243	3	0	13	7	14	7	2.02826449825	True
transitional1_minus_gCap0	50	7	Cldn5	3	-0.501694147349	-0.5939842973	-0.860595289751	-0.0505028549945	0	3	341	720	1722	3842	-0.501716396491	True
transitional1_minus_gCap0	50	7	Ednrb	3	0.892065748683	0.873122126448	0.720043697801	1.0830314218	3	0	14	16	17	26	0.892048536229	True
transitional1_minus_gCap0	50	7	Fibin	3	-0.0834846148972	1.56710056193	-4.86602276073	3.04846835411	2	1	7	6	8	10	-0.0835197922408	True
transitional1_minus_gCap0	50	7	Foxf1	3	-0.486797636421	-0.418183294288	-0.841816327784	-0.200393287193	0	3	157	317	249	497	-0.486819952666	True
transitional1_minus_gCap0	50	7	Fzd1	3	-0.36895016778	0	-1.48782085873	0.380970355391	1	1	2	2	2	2	-0.368981880339	True
transitional1_minus_gCap0	50	7	Fzd10	3	0	0	0	0	0	0	0	0	0	0	0	True
transitional1_minus_gCap0	50	7	Fzd2	3	0	0	0	0	0	0	0	0	0	0	0	True
transitional1_minus_gCap0	50	7	Fzd3	3	-3.08488336964	-3.70812893982	-3.94833936163	-1.59818180747	0	3	2	16	2	16	-3.08498364802	True
transitional1_minus_gCap0	50	7	Fzd4	3	-1.0336214881	-1.11616474821	-1.48385489697	-0.500844819132	0	3	96	306	123	437	-1.03364400345	True
transitional1_minus_gCap0	50	7	Fzd5	3	-2.85783964406	-2.71497550788	-3.17733016675	-2.68121325755	0	3	0	7	0	7	-2.85796366101	True
transitional1_minus_gCap0	50	7	Fzd6	3	0.0563229228085	0.115542881704	-0.126313049072	0.179738935794	2	1	63	89	78	103	0.0563010851187	True
transitional1_minus_gCap0	50	7	Fzd7	3	-0.536743201607	0	-3.17733016675	1.56710056193	1	1	1	2	1	2	-0.536758078921	True
transitional1_minus_gCap0	50	7	Fzd8	3	-3.20329923553	-3.5641222091	-4.65185212954	-1.39392336796	0	3	4	19	4	20	-3.20339744993	True
transitional1_minus_gCap0	50	7	Fzd9	3	0.522366853976	0	0	1.56710056193	1	0	1	0	1	0	0.522395000573	True
transitional1_minus_gCap0	50	7	Gpihbp1	3	-0.415439219215	-0.626357026289	-0.776559739685	0.156599108329	1	2	264	635	895	2120	-0.415461468303	True
transitional1_minus_gCap0	50	7	Kit	3	-0.951797075236	-0.968599307905	-1.51127192758	-0.375519990221	0	3	131	322	216	502	-0.951819532219	True
transitional1_minus_gCap0	50	7	Lef1	3	1.05204999502	1.56710056193	0	1.58904942312	2	0	2	1	2	1	1.05206929975	True
transitional1_minus_gCap0	50	7	Lrp5	3	-0.058574680803	-0.482722098886	-0.598029046132	0.90502710261	1	2	15	32	15	32	-0.0585955964304	True
transitional1_minus_gCap0	50	7	Lrp6	3	-0.59724804407	-0.651975962844	-1.05285914435	-0.0869090250194	0	3	50	121	53	139	-0.597270598144	True
transitional1_minus_gCap0	50	7	Mki67	3	1.66051861286	0.90502710261	0.621775069571	3.4547536664	3	0	13	7	15	8	1.66051719778	True
transitional1_minus_gCap0	50	7	Nkd1	3	-0.175292306177	-0.228909613599	-0.453152019165	0.156184714231	1	2	105	203	143	267	-0.175314532587	True
transitional1_minus_gCap0	50	7	Pcna	3	0.739202191698	0.56051930617	0.221261393239	1.43582587569	3	0	16	18	16	19	0.739185191931	True
transitional1_minus_gCap0	50	7	Pecam1	3	-0.185881486006	-0.121711920327	-0.400412442126	-0.0355200955656	0	3	298	611	884	1548	-0.18590372018	True
transitional1_minus_gCap0	50	7	Procr	3	1.81892986967	2.21321911909	0.90502710261	2.33854338731	3	0	14	7	20	7	1.81892464014	True
transitional1_minus_gCap0	50	7	Top2a	3	2.51610595512	3.40498409156	-0.46982226863	4.61315604243	2	1	13	9	17	9	2.51613693816	True
transitional1_minus_gCap0	50	7	Tspan12	3	0.0465395213147	-0.127303297545	-0.13624684054	0.403168702029	1	2	52	95	60	117	0.0465175192636	True
