library	gsm	target	plate	deposited_repeat_label	position	guide_pool_sha256	guide_count	day07_area	day14_area	animal_id	isolation_id	fibroblast_donor_id	fibroblast_lot_id	source
1-1_B02_MET	GSM9215859	MET	plate1	plate1-1	B02	0ce42f8e604cf28e7b97d429e8d206115972e83e897f03540e88f5fd9e7fb9b1	3	6.15607959648935	7.58605180806375	unknown	unknown	unknown	unknown	GEO sample description + deposited plate design + tracked imaging join
1-1_B03_GLIS3	GSM9215860	GLIS3	plate1	plate1-1	B03	eb2d85a19e5ab31b377bf706132fc818390bb37f1f796f01909a08c994b51a1e	3	6.6285984640188	8.08737243713916	unknown	unknown	unknown	unknown	GEO sample description + deposited plate design + tracked imaging join
1-1_B04_TIGIT	GSM9215861	TIGIT	plate1	plate1-1	B04	6c5119dbe290a163c8c2aa7fbf4edde7dc6c8be8301716347260a366b0d19147	3	6.83093261750126	8.06346283625319	unknown	unknown	unknown	unknown	GEO sample description + deposited plate design + tracked imaging join
1-1_B05_TDTOMATO	GSM9215862	TDTOMATO	plate1	plate1-1	B05	not_in_plate_design	unknown	6.68453466766495	8.51512221742426	unknown	unknown	unknown	unknown	GEO sample description + deposited plate design + tracked imaging join
1-1_B06_TRP53	GSM9215863	TRP53	plate1	plate1-1	B06	75006d2c29e820221db0064c305e21acb55fef61ae810bfe1ccdd1aa22faba91	3	7.67661328312689	8.94050025210095	unknown	unknown	unknown	unknown	GEO sample description + deposited plate design + tracked imaging join
1-1_B07_ACP6	GSM9215864	ACP6	plate1	plate1-1	B07	946321be8aff7baf9797d19dd63b03511c919f4abc139e5f1f93293ec5bf8a45	3	6.77414348203624	8.16546986837387	unknown	unknown	unknown	unknown	GEO sample description + deposited plate design + tracked imaging join
1-1_B08_PINK1	GSM9215865	PINK1	plate1	plate1-1	B08	05134b60704493d99087b6bf459e1799b3ed459bb59492df3191b95e7ebebd87	3	6.71014661533403	8.08772294402108	unknown	unknown	unknown	unknown	GEO sample description + deposited plate design + tracked imaging join
1-1_B09_EIF2AK3	GSM9215866	EIF2AK3	plate1	plate1-1	B09	cd4115b0297fea43f4599dc24108d97b8fdde7fefc3a68449bc96678a9702107	3	6.78807299670644	8.22381176349542	unknown	unknown	unknown	unknown	GEO sample description + deposited plate design + tracked imaging join
1-1_B10_CCBE1	GSM9215867	CCBE1	plate1	plate1-1	B10	2fa673c579262d7efd6f620fa447368ed0a96f68473259d836ebbcf94049076f	3	6.68921721623039	8.27225785365615	unknown	unknown	unknown	unknown	GEO sample description + deposited plate design + tracked imaging join
1-1_B11_GDF2	GSM9215868	GDF2	plate1	plate1-1	B11	df7e822219bf35b825cedbe1cc3e4bbab0fbb7cf7578560916d34b2c4c35e628	3	6.84497992988194	8.17602018923431	unknown	unknown	unknown	unknown	GEO sample description + deposited plate design + tracked imaging join
1-1_C02_TEAD1	GSM9215869	TEAD1	plate1	plate1-1	C02	fd0814ac5a9063568e8f7d14c470f31c40c8c4d14e6ed02164ff77f9ae7e7b2d	3	6.68247081860677	8.23526746686419	unknown	unknown	unknown	unknown	GEO sample description + deposited plate design + tracked imaging join
1-1_C03_MECOM	GSM9215870	MECOM	plate1	plate1-1	C03	687bd05ab69850e99f3b5c3088adddaea5acbac18afd5839457f761c097d840c	3	6.76401261408144	8.13899089048252	unknown	unknown	unknown	unknown	GEO sample description + deposited plate design + tracked imaging join
1-1_C04_HUWE1	GSM9215871	HUWE1	plate1	plate1-1	C04	692bf88652168a7724edc978c45c712a226c2e3e8b4f554541fc721ef64f2010	3	6.26258732828959	7.59224066837651	unknown	unknown	unknown	unknown	GEO sample description + deposited plate design + tracked imaging join
1-1_C05_SFTPD	GSM9215872	SFTPD	plate1	plate1-1	C05	7882cfbc58222df15ea8ab05b46972f49baa00553f0526518d557291b3e71420	3	6.74041776647749	8.13735953164242	unknown	unknown	unknown	unknown	GEO sample description + deposited plate design + tracked imaging join
1-1_C06_TRP63	GSM9215873	TRP63	plate1	plate1-1	C06	a3c9c9cf6a3e431d0c6717131aa92e985025369be9fd60a5ad3c0a6f43328fd1	3	6.90488769883687	8.19701382828794	unknown	unknown	unknown	unknown	GEO sample description + deposited plate design + tracked imaging join
1-1_C07_IL1A	GSM9215874	IL1A	plate1	plate1-1	C07	350ce643ef0d3dad1ca91a2bdd2a1ba08af44436e23163bb66cd7ab19e742294	3	6.8091849678994	8.17837333538544	unknown	unknown	unknown	unknown	GEO sample description + deposited plate design + tracked imaging join
1-1_C08_PRKN	GSM9215875	PRKN	plate1	plate1-1	C08	4526509aa9cc49c194c29ca22e5e76ea6c9e73f82e34502b294eb711e0fb5944	3	6.78920577933355	8.14953152292808	unknown	unknown	unknown	unknown	GEO sample description + deposited plate design + tracked imaging join
1-1_C09_TIGIT	GSM9215876	TIGIT	plate1	plate1-1	C09	6c5119dbe290a163c8c2aa7fbf4edde7dc6c8be8301716347260a366b0d19147	3	6.80248169267648	8.26149593551044	unknown	unknown	unknown	unknown	GEO sample description + deposited plate design + tracked imaging join
1-1_C10_BMP10	GSM9215877	BMP10	plate1	plate1-1	C10	ef133ea0473166d03adf2c0ff2ea41e223ffa879a7fa29d4c8c2441878c569ce	3	6.9899920713536	8.14709017908499	unknown	unknown	unknown	unknown	GEO sample description + deposited plate design + tracked imaging join
1-1_C11_PLA2G15	GSM9215878	PLA2G15	plate1	plate1-1	C11	57786b77b6d816bed2d68f7148fb2b0cdfdf809dca9d4d7110bef812cbe01098	3	6.88413968414092	8.18370194903312	unknown	unknown	unknown	unknown	GEO sample description + deposited plate design + tracked imaging join
1-1_D02_ROR1	GSM9215879	ROR1	plate1	plate1-1	D02	bf16b71292af196c480f02b6205219ca79038763273167e4037e3d3d3bd631df	3	6.81822974434867	8.27856386149848	unknown	unknown	unknown	unknown	GEO sample description + deposited plate design + tracked imaging join
1-1_D03_NPNT	GSM9215880	NPNT	plate1	plate1-1	D03	1ed064a3d572133c789473b45923cefe64fd5fcb57d680fd75612a6c9935cb96	3	6.83235916096815	8.20186438178465	unknown	unknown	unknown	unknown	GEO sample description + deposited plate design + tracked imaging join
1-1_D04_RNF43	GSM9215881	RNF43	plate1	plate1-1	D04	f4d3784f88f47fd72e38fd029cd72fc32198cc54d16820343933018c9dda5d48	3	6.78546821014765	8.35841305969946	unknown	unknown	unknown	unknown	GEO sample description + deposited plate design + tracked imaging join
1-1_D05_TNS1	GSM9215882	TNS1	plate1	plate1-1	D05	388cb1fd1e8af1eb434309cf87999c0615c015069e4442faaa636f9ee59db127	3	7.32241975622526	8.56838831563753	unknown	unknown	unknown	unknown	GEO sample description + deposited plate design + tracked imaging join
1-1_D06_TTF1	GSM9215883	TTF1	plate1	plate1-1	D06	8de5e7f3760f2b17c977ce678bfd5fa755b6201698f4bfbeba159bb859cfd1f0	3	6.2882809614008	8.49490910726841	unknown	unknown	unknown	unknown	GEO sample description + deposited plate design + tracked imaging join
1-1_D07_TIGIT	GSM9215884	TIGIT	plate1	plate1-1	D07	6c5119dbe290a163c8c2aa7fbf4edde7dc6c8be8301716347260a366b0d19147	3	7.0055255258041	8.24690009642197	unknown	unknown	unknown	unknown	GEO sample description + deposited plate design + tracked imaging join
1-1_D08_KEAP1	GSM9215885	KEAP1	plate1	plate1-1	D08	be56988c968657d8ecb9240e9e0ef5f7fefd5f95ae1807c2b7c3929c32c05145	3	6.44703340887939	8.31839209320643	unknown	unknown	unknown	unknown	GEO sample description + deposited plate design + tracked imaging join
1-1_D09_TFEB	GSM9215886	TFEB	plate1	plate1-1	D09	e7b361c162c6cdfd0e56c1cc268c99c625a38affd917d87bd534051085a733ae	3	6.74249036188957	8.17570012417015	unknown	unknown	unknown	unknown	GEO sample description + deposited plate design + tracked imaging join
1-1_D10_FGF7	GSM9215887	FGF7	plate1	plate1-1	D10	fdc13b2d15857764f7604e0ff3e513d44d5e436ac03f7af10fb6e95073aa640f	3	6.95053527609713	8.2369760370679	unknown	unknown	unknown	unknown	GEO sample description + deposited plate design + tracked imaging join
1-1_D11_IL1A	GSM9215888	IL1A	plate1	plate1-1	D11	350ce643ef0d3dad1ca91a2bdd2a1ba08af44436e23163bb66cd7ab19e742294	3	6.86528974387485	8.47633377812563	unknown	unknown	unknown	unknown	GEO sample description + deposited plate design + tracked imaging join
1-1_E02_TFCP2L1	GSM9215889	TFCP2L1	plate1	plate1-1	E02	5bc36583982c6b26409d338e6dd108540597fa8dc6147f7387a4f722c13f9d42	3	6.74740319300751	8.31063332413937	unknown	unknown	unknown	unknown	GEO sample description + deposited plate design + tracked imaging join
1-1_E03_TIGIT	GSM9215890	TIGIT	plate1	plate1-1	E03	6c5119dbe290a163c8c2aa7fbf4edde7dc6c8be8301716347260a366b0d19147	3	6.83604137943415	8.31516254191538	unknown	unknown	unknown	unknown	GEO sample description + deposited plate design + tracked imaging join
1-1_E04_SOX4	GSM9215891	SOX4	plate1	plate1-1	E04	ef842d7efa8b9efd74520e8906fa65081f7555cecf776fb9811efc98f56cdd48	3	6.63002265986137	8.24544069111394	unknown	unknown	unknown	unknown	GEO sample description + deposited plate design + tracked imaging join
1-1_E05_TWIST1	GSM9215892	TWIST1	plate1	plate1-1	E05	339d193de4981dbc25822a6713c0e3dfe84526cc68f62dc7706708d422e7d576	3	6.91205943209925	8.28472854170554	unknown	unknown	unknown	unknown	GEO sample description + deposited plate design + tracked imaging join
1-1_E06_NKX21	GSM9215893	NKX21	plate1	plate1-1	E06	6d9d8d5c862501520f04b78f76daa8f3ee47633466fa964c2c7370ca8d064a82	3	8.131859545277	9.78836221103578	unknown	unknown	unknown	unknown	GEO sample description + deposited plate design + tracked imaging join
1-1_E07_USP30	GSM9215894	USP30	plate1	plate1-1	E07	e0513e0410079b0378bb999048d1a3e084235839c3c62846e5d7cdc41300fbf6	3	6.86191363873399	8.39148211200559	unknown	unknown	unknown	unknown	GEO sample description + deposited plate design + tracked imaging join
1-1_E08_NFE2L2	GSM9215895	NFE2L2	plate1	plate1-1	E08	9905e8e28068372dd11f6bd0af5a01eecf63623c4ad7009648de2084617e00a4	3	6.61961734608987	8.45377887268477	unknown	unknown	unknown	unknown	GEO sample description + deposited plate design + tracked imaging join
1-1_E09_ULK1	GSM9215896	ULK1	plate1	plate1-1	E09	a01570061b28b7be858a75ce87d9b857e907c559e0ba080e465667b8c05381d9	3	6.6865014806815	8.2909867452861	unknown	unknown	unknown	unknown	GEO sample description + deposited plate design + tracked imaging join
1-1_E10_INHBA	GSM9215897	INHBA	plate1	plate1-1	E10	a63bf6ce1b7af799b955e7b6b9a17539bae929e4406a9452ec6e6faeff83abe5	3	6.72247003478537	8.36956018063466	unknown	unknown	unknown	unknown	GEO sample description + deposited plate design + tracked imaging join
1-1_E11_MANF	GSM9215898	MANF	plate1	plate1-1	E11	cc341611293c859f7763c3fde8dbe9e848039a1a46552431389366995b66d2e8	3	6.72101328940222	8.295447878057	unknown	unknown	unknown	unknown	GEO sample description + deposited plate design + tracked imaging join
1-1_F02_TIGIT	GSM9215899	TIGIT	plate1	plate1-1	F02	6c5119dbe290a163c8c2aa7fbf4edde7dc6c8be8301716347260a366b0d19147	3	6.59351134587954	8.26547617185102	unknown	unknown	unknown	unknown	GEO sample description + deposited plate design + tracked imaging join
1-1_F03_RBMS3	GSM9215900	RBMS3	plate1	plate1-1	F03	18ae086006948d9a8e106078f55183384b90486e3f3302195f601b115dd5899a	3	6.89077383654017	8.29838302687414	unknown	unknown	unknown	unknown	GEO sample description + deposited plate design + tracked imaging join
1-1_F04_AGER	GSM9215901	AGER	plate1	plate1-1	F04	63d2fbb2f5b32c9ebee7db22010cf8e4fe8bf748673b0cd5179772def3aa99eb	3	6.77041952620824	8.27079602787121	unknown	unknown	unknown	unknown	GEO sample description + deposited plate design + tracked imaging join
1-1_F05_TERF1	GSM9215902	TERF1	plate1	plate1-1	F05	075874f982c7b45ea2fa714c477ab05a1426cab24a1d0da0d538650174eef117	3	6.57509754776155	8.23927853439321	unknown	unknown	unknown	unknown	GEO sample description + deposited plate design + tracked imaging join
1-1_F06_FAM13A	GSM9215903	FAM13A	plate1	plate1-1	F06	80efe997e1dd20b84334bfb5e52e7210b0c1cb0795592a153f4d10059db066db	3	6.90627305121532	8.24060621402579	unknown	unknown	unknown	unknown	GEO sample description + deposited plate design + tracked imaging join
1-1_F07_NR1D1	GSM9215904	NR1D1	plate1	plate1-1	F07	47b54cdc576eb1841ca34254fae1961a2c5bdf9d4a036aacab015440b357dc4a	3	6.77635358976513	8.26109586217366	unknown	unknown	unknown	unknown	GEO sample description + deposited plate design + tracked imaging join
1-1_F08_EIF2B1	GSM9215905	EIF2B1	plate1	plate1-1	F08	f0e67004fb1bd36346f8d8e414dd5b321ba800f5793504fbdb7cd1ccd80637c2	3	6.84110299006742	8.53235581350085	unknown	unknown	unknown	unknown	GEO sample description + deposited plate design + tracked imaging join
1-1_F09_ATG16L1	GSM9215906	ATG16L1	plate1	plate1-1	F09	afcc9b0d1b5ce8ccccf04f3c4756e34534a609bfcbd0bbd55ba4d8d479c9c066	3	6.77278462303793	8.41775834618004	unknown	unknown	unknown	unknown	GEO sample description + deposited plate design + tracked imaging join
1-1_F10_XBP1	GSM9215907	XBP1	plate1	plate1-1	F10	5cf6454217aa6de741e0a15b2c30e5360afa8c6b3087e54394de0d99062e4fd4	3	6.96368788443623	8.36282299917576	unknown	unknown	unknown	unknown	GEO sample description + deposited plate design + tracked imaging join
1-1_F11_RAD21	GSM9215908	RAD21	plate1	plate1-1	F11	64f6d23121183523ae0c9a49999464e7663d21be7bb1ff57c0c316fb43a4e5e7	3	6.24611996391465	8.96955446667044	unknown	unknown	unknown	unknown	GEO sample description + deposited plate design + tracked imaging join
1-1_G02_PID1	GSM9215909	PID1	plate1	plate1-1	G02	49774da15e7a81d7737692056f2ca278c33a79136a16aa973fc403259bee77c8	3	6.74991642808097	8.30534356552686	unknown	unknown	unknown	unknown	GEO sample description + deposited plate design + tracked imaging join
1-1_G03_SERPINA1A	GSM9215910	SERPINA1A	plate1	plate1-1	G03	3cf966b5a7043c1a70f3a280cb3f69fbed239e05ad742f78ce7ce560a395e49b	3	6.90602815881159	8.47518248967265	unknown	unknown	unknown	unknown	GEO sample description + deposited plate design + tracked imaging join
1-1_G04_CACNA2D3	GSM9215911	CACNA2D3	plate1	plate1-1	G04	d69623000ae2c7d19f560647fd3d836a4ae639abc1ca56e623112ff56d48a7bf	3	7.1239402615768	8.40084757261569	unknown	unknown	unknown	unknown	GEO sample description + deposited plate design + tracked imaging join
1-1_G05_CHRM3	GSM9215912	CHRM3	plate1	plate1-1	G05	2622be14f847780a974fb99545d840709d3e0007f4e31ee7e4f8ffb44e3b6f91	3	6.84090314469677	8.41698187248675	unknown	unknown	unknown	unknown	GEO sample description + deposited plate design + tracked imaging join
1-1_G06_HHIP	GSM9215913	HHIP	plate1	plate1-1	G06	334b4d11d8f24ae2a10f413289ff3aa4961ee92a6dea88d7985fec7b3fc1461d	3	7.08878549132744	8.42821374810516	unknown	unknown	unknown	unknown	GEO sample description + deposited plate design + tracked imaging join
1-1_G07_NR1D2	GSM9215914	NR1D2	plate1	plate1-1	G07	219f2d9bb57f7117fca4af8b36ea46ff92b4385bcb5f95e6cbdcad3a936118de	3	6.92183173548035	8.33085142872095	unknown	unknown	unknown	unknown	GEO sample description + deposited plate design + tracked imaging join
1-1_G08_ERN1	GSM9215915	ERN1	plate1	plate1-1	G08	88d2dc996afda3ac4c31cf9a1d25a5b24cb166a77d157c9791d2a90eab2a359b	3	6.71240706545914	8.4211729147956	unknown	unknown	unknown	unknown	GEO sample description + deposited plate design + tracked imaging join
1-1_G09_BECLN1	GSM9215916	BECN1	plate1	plate1-1	G09	063c28ede146fbf006ceed1c6f114689b20c150727563a0c21bc2ccafaba2517	3	7.1656029135846	8.83415045211564	unknown	unknown	unknown	unknown	GEO sample description + deposited plate design + tracked imaging join
1-1_G10_TDTOMATO	GSM9215917	TDTOMATO	plate1	plate1-1	G10	not_in_plate_design	unknown	6.44035124379278	8.82156222691272	unknown	unknown	unknown	unknown	GEO sample description + deposited plate design + tracked imaging join
1-1_G11_TIGIT	GSM9215918	TIGIT	plate1	plate1-1	G11	6c5119dbe290a163c8c2aa7fbf4edde7dc6c8be8301716347260a366b0d19147	3	7.5011262789084	8.39301873423326	unknown	unknown	unknown	unknown	GEO sample description + deposited plate design + tracked imaging join
1-2_B02_MET	GSM9215919	MET	plate1	plate1-2	B02	0ce42f8e604cf28e7b97d429e8d206115972e83e897f03540e88f5fd9e7fb9b1	3	6.3482577437168	7.82174512964967	unknown	unknown	unknown	unknown	GEO sample description + deposited plate design + tracked imaging join
1-2_B03_GLIS3	GSM9215920	GLIS3	plate1	plate1-2	B03	eb2d85a19e5ab31b377bf706132fc818390bb37f1f796f01909a08c994b51a1e	3	6.89264175772797	8.3287603519221	unknown	unknown	unknown	unknown	GEO sample description + deposited plate design + tracked imaging join
1-2_B05_TDTOMATO	GSM9215921	TDTOMATO	plate1	plate1-2	B05	not_in_plate_design	unknown	6.36642819041612	8.38238916006403	unknown	unknown	unknown	unknown	GEO sample description + deposited plate design + tracked imaging join
1-2_B06_TRP53	GSM9215922	TRP53	plate1	plate1-2	B06	75006d2c29e820221db0064c305e21acb55fef61ae810bfe1ccdd1aa22faba91	3	7.63423052750464	8.6606711387691	unknown	unknown	unknown	unknown	GEO sample description + deposited plate design + tracked imaging join
1-2_B07_ACP6	GSM9215923	ACP6	plate1	plate1-2	B07	946321be8aff7baf9797d19dd63b03511c919f4abc139e5f1f93293ec5bf8a45	3	6.87538446143488	8.16200467053992	unknown	unknown	unknown	unknown	GEO sample description + deposited plate design + tracked imaging join
1-2_B08_PINK1	GSM9215924	PINK1	plate1	plate1-2	B08	05134b60704493d99087b6bf459e1799b3ed459bb59492df3191b95e7ebebd87	3	6.85296259664638	8.13364935873465	unknown	unknown	unknown	unknown	GEO sample description + deposited plate design + tracked imaging join
1-2_B09_EIF2AK3	GSM9215925	EIF2AK3	plate1	plate1-2	B09	cd4115b0297fea43f4599dc24108d97b8fdde7fefc3a68449bc96678a9702107	3	6.6314241410602	8.16313337094219	unknown	unknown	unknown	unknown	GEO sample description + deposited plate design + tracked imaging join
1-2_B10_CCBE1	GSM9215926	CCBE1	plate1	plate1-2	B10	2fa673c579262d7efd6f620fa447368ed0a96f68473259d836ebbcf94049076f	3	6.76713571957299	8.25205353343981	unknown	unknown	unknown	unknown	GEO sample description + deposited plate design + tracked imaging join
1-2_B11_GDF2	GSM9215927	GDF2	plate1	plate1-2	B11	df7e822219bf35b825cedbe1cc3e4bbab0fbb7cf7578560916d34b2c4c35e628	3	6.73239043175989	8.11637999828957	unknown	unknown	unknown	unknown	GEO sample description + deposited plate design + tracked imaging join
1-2_C02_TEAD1	GSM9215928	TEAD1	plate1	plate1-2	C02	fd0814ac5a9063568e8f7d14c470f31c40c8c4d14e6ed02164ff77f9ae7e7b2d	3	6.89340668978614	8.29928411851753	unknown	unknown	unknown	unknown	GEO sample description + deposited plate design + tracked imaging join
1-2_C03_MECOM	GSM9215929	MECOM	plate1	plate1-2	C03	687bd05ab69850e99f3b5c3088adddaea5acbac18afd5839457f761c097d840c	3	6.82684005396897	8.2405370133475	unknown	unknown	unknown	unknown	GEO sample description + deposited plate design + tracked imaging join
1-2_C04_HUWE1	GSM9215930	HUWE1	plate1	plate1-2	C04	692bf88652168a7724edc978c45c712a226c2e3e8b4f554541fc721ef64f2010	3	6.19661098425849	7.37441771882202	unknown	unknown	unknown	unknown	GEO sample description + deposited plate design + tracked imaging join
1-2_C05_SFTPD	GSM9215931	SFTPD	plate1	plate1-2	C05	7882cfbc58222df15ea8ab05b46972f49baa00553f0526518d557291b3e71420	3	6.88508493879263	8.23434797730886	unknown	unknown	unknown	unknown	GEO sample description + deposited plate design + tracked imaging join
1-2_C06_TRP63	GSM9215932	TRP63	plate1	plate1-2	C06	a3c9c9cf6a3e431d0c6717131aa92e985025369be9fd60a5ad3c0a6f43328fd1	3	6.86643267679362	8.11562500062331	unknown	unknown	unknown	unknown	GEO sample description + deposited plate design + tracked imaging join
1-2_C07_IL1A	GSM9215933	IL1A	plate1	plate1-2	C07	350ce643ef0d3dad1ca91a2bdd2a1ba08af44436e23163bb66cd7ab19e742294	3	6.72262155582949	8.13824768406208	unknown	unknown	unknown	unknown	GEO sample description + deposited plate design + tracked imaging join
1-2_C08_PRKN	GSM9215934	PRKN	plate1	plate1-2	C08	4526509aa9cc49c194c29ca22e5e76ea6c9e73f82e34502b294eb711e0fb5944	3	6.70834283645307	8.15517668051381	unknown	unknown	unknown	unknown	GEO sample description + deposited plate design + tracked imaging join
1-2_C09_TIGIT	GSM9215935	TIGIT	plate1	plate1-2	C09	6c5119dbe290a163c8c2aa7fbf4edde7dc6c8be8301716347260a366b0d19147	3	6.79586722019116	8.13847241676756	unknown	unknown	unknown	unknown	GEO sample description + deposited plate design + tracked imaging join
1-2_C10_BMP10	GSM9215936	BMP10	plate1	plate1-2	C10	ef133ea0473166d03adf2c0ff2ea41e223ffa879a7fa29d4c8c2441878c569ce	3	6.7345526679846	8.14179341736468	unknown	unknown	unknown	unknown	GEO sample description + deposited plate design + tracked imaging join
1-2_C11_PLA2G15	GSM9215937	PLA2G15	plate1	plate1-2	C11	57786b77b6d816bed2d68f7148fb2b0cdfdf809dca9d4d7110bef812cbe01098	3	6.81241432365743	8.2324218351066	unknown	unknown	unknown	unknown	GEO sample description + deposited plate design + tracked imaging join
1-2_D02_ROR1	GSM9215938	ROR1	plate1	plate1-2	D02	bf16b71292af196c480f02b6205219ca79038763273167e4037e3d3d3bd631df	3	6.81654040993674	8.15558586554177	unknown	unknown	unknown	unknown	GEO sample description + deposited plate design + tracked imaging join
1-2_D03_NPNT	GSM9215939	NPNT	plate1	plate1-2	D03	1ed064a3d572133c789473b45923cefe64fd5fcb57d680fd75612a6c9935cb96	3	6.86613140672458	8.31278563358061	unknown	unknown	unknown	unknown	GEO sample description + deposited plate design + tracked imaging join
1-2_D04_RNF43	GSM9215940	RNF43	plate1	plate1-2	D04	f4d3784f88f47fd72e38fd029cd72fc32198cc54d16820343933018c9dda5d48	3	6.83062206981229	8.37274150110814	unknown	unknown	unknown	unknown	GEO sample description + deposited plate design + tracked imaging join
1-2_D05_TNS1	GSM9215941	TNS1	plate1	plate1-2	D05	388cb1fd1e8af1eb434309cf87999c0615c015069e4442faaa636f9ee59db127	3	6.83896945106668	8.36621860242371	unknown	unknown	unknown	unknown	GEO sample description + deposited plate design + tracked imaging join
1-2_D06_TTF1	GSM9215942	TTF1	plate1	plate1-2	D06	8de5e7f3760f2b17c977ce678bfd5fa755b6201698f4bfbeba159bb859cfd1f0	3	6.63330047576378	8.42006350708227	unknown	unknown	unknown	unknown	GEO sample description + deposited plate design + tracked imaging join
1-2_D07_TIGIT	GSM9215943	TIGIT	plate1	plate1-2	D07	6c5119dbe290a163c8c2aa7fbf4edde7dc6c8be8301716347260a366b0d19147	3	6.98635806684456	8.20460725076629	unknown	unknown	unknown	unknown	GEO sample description + deposited plate design + tracked imaging join
1-2_D08_KEAP1	GSM9215944	KEAP1	plate1	plate1-2	D08	be56988c968657d8ecb9240e9e0ef5f7fefd5f95ae1807c2b7c3929c32c05145	3	6.43080874975065	8.12657228285547	unknown	unknown	unknown	unknown	GEO sample description + deposited plate design + tracked imaging join
1-2_D09_TFEB	GSM9215945	TFEB	plate1	plate1-2	D09	e7b361c162c6cdfd0e56c1cc268c99c625a38affd917d87bd534051085a733ae	3	7.13305415477964	8.2369444784081	unknown	unknown	unknown	unknown	GEO sample description + deposited plate design + tracked imaging join
1-2_D10_FGF7	GSM9215946	FGF7	plate1	plate1-2	D10	fdc13b2d15857764f7604e0ff3e513d44d5e436ac03f7af10fb6e95073aa640f	3	6.80023781375388	8.43299163238496	unknown	unknown	unknown	unknown	GEO sample description + deposited plate design + tracked imaging join
1-2_D11_IL1A	GSM9215947	IL1A	plate1	plate1-2	D11	350ce643ef0d3dad1ca91a2bdd2a1ba08af44436e23163bb66cd7ab19e742294	3	6.85387217184777	8.32441149927419	unknown	unknown	unknown	unknown	GEO sample description + deposited plate design + tracked imaging join
1-2_E02_TFCP2L1	GSM9215948	TFCP2L1	plate1	plate1-2	E02	5bc36583982c6b26409d338e6dd108540597fa8dc6147f7387a4f722c13f9d42	3	6.92572352675517	8.20549811447277	unknown	unknown	unknown	unknown	GEO sample description + deposited plate design + tracked imaging join
1-2_E03_TIGIT	GSM9215949	TIGIT	plate1	plate1-2	E03	6c5119dbe290a163c8c2aa7fbf4edde7dc6c8be8301716347260a366b0d19147	3	6.73151593279576	8.43067353028428	unknown	unknown	unknown	unknown	GEO sample description + deposited plate design + tracked imaging join
1-2_E04_SOX4	GSM9215950	SOX4	plate1	plate1-2	E04	ef842d7efa8b9efd74520e8906fa65081f7555cecf776fb9811efc98f56cdd48	3	6.65797164516536	8.22203985774871	unknown	unknown	unknown	unknown	GEO sample description + deposited plate design + tracked imaging join
1-2_E05_TWIST1	GSM9215951	TWIST1	plate1	plate1-2	E05	339d193de4981dbc25822a6713c0e3dfe84526cc68f62dc7706708d422e7d576	3	6.95361990856989	8.36064707339571	unknown	unknown	unknown	unknown	GEO sample description + deposited plate design + tracked imaging join
1-2_E06_NKX21	GSM9215952	NKX21	plate1	plate1-2	E06	6d9d8d5c862501520f04b78f76daa8f3ee47633466fa964c2c7370ca8d064a82	3	8.08491337248978	9.7719442051694	unknown	unknown	unknown	unknown	GEO sample description + deposited plate design + tracked imaging join
1-2_E07_USP30	GSM9215953	USP30	plate1	plate1-2	E07	e0513e0410079b0378bb999048d1a3e084235839c3c62846e5d7cdc41300fbf6	3	7.09739279702145	8.2428233466826	unknown	unknown	unknown	unknown	GEO sample description + deposited plate design + tracked imaging join
1-2_E08_NFE2L2	GSM9215954	NFE2L2	plate1	plate1-2	E08	9905e8e28068372dd11f6bd0af5a01eecf63623c4ad7009648de2084617e00a4	3	6.61088997497684	8.19422400291692	unknown	unknown	unknown	unknown	GEO sample description + deposited plate design + tracked imaging join
1-2_E09_ULK1	GSM9215955	ULK1	plate1	plate1-2	E09	a01570061b28b7be858a75ce87d9b857e907c559e0ba080e465667b8c05381d9	3	6.71298063877867	8.30687372659966	unknown	unknown	unknown	unknown	GEO sample description + deposited plate design + tracked imaging join
1-2_E10_INHBA	GSM9215956	INHBA	plate1	plate1-2	E10	a63bf6ce1b7af799b955e7b6b9a17539bae929e4406a9452ec6e6faeff83abe5	3	6.80736752009965	8.13060240047059	unknown	unknown	unknown	unknown	GEO sample description + deposited plate design + tracked imaging join
1-2_E11_MANF	GSM9215957	MANF	plate1	plate1-2	E11	cc341611293c859f7763c3fde8dbe9e848039a1a46552431389366995b66d2e8	3	6.98910654214106	8.3464821197541	unknown	unknown	unknown	unknown	GEO sample description + deposited plate design + tracked imaging join
1-2_F02_TIGIT	GSM9215958	TIGIT	plate1	plate1-2	F02	6c5119dbe290a163c8c2aa7fbf4edde7dc6c8be8301716347260a366b0d19147	3	6.71113085655495	8.24080069120986	unknown	unknown	unknown	unknown	GEO sample description + deposited plate design + tracked imaging join
1-2_F03_RBMS3	GSM9215959	RBMS3	plate1	plate1-2	F03	18ae086006948d9a8e106078f55183384b90486e3f3302195f601b115dd5899a	3	6.787202481428	8.30027179188634	unknown	unknown	unknown	unknown	GEO sample description + deposited plate design + tracked imaging join
1-2_F04_AGER	GSM9215960	AGER	plate1	plate1-2	F04	63d2fbb2f5b32c9ebee7db22010cf8e4fe8bf748673b0cd5179772def3aa99eb	3	6.90834153935856	8.44116159358354	unknown	unknown	unknown	unknown	GEO sample description + deposited plate design + tracked imaging join
1-2_F05_TERF1	GSM9215961	TERF1	plate1	plate1-2	F05	075874f982c7b45ea2fa714c477ab05a1426cab24a1d0da0d538650174eef117	3	6.55146225009458	8.45004283909211	unknown	unknown	unknown	unknown	GEO sample description + deposited plate design + tracked imaging join
1-2_F06_FAM13A	GSM9215962	FAM13A	plate1	plate1-2	F06	80efe997e1dd20b84334bfb5e52e7210b0c1cb0795592a153f4d10059db066db	3	7.25736767815741	8.44564335160339	unknown	unknown	unknown	unknown	GEO sample description + deposited plate design + tracked imaging join
1-2_F07_NR1D1	GSM9215963	NR1D1	plate1	plate1-2	F07	47b54cdc576eb1841ca34254fae1961a2c5bdf9d4a036aacab015440b357dc4a	3	6.92975210291366	8.28873059134022	unknown	unknown	unknown	unknown	GEO sample description + deposited plate design + tracked imaging join
1-2_F08_EIF2B1	GSM9215964	EIF2B1	plate1	plate1-2	F08	f0e67004fb1bd36346f8d8e414dd5b321ba800f5793504fbdb7cd1ccd80637c2	3	6.48209712848405	8.5774220024538	unknown	unknown	unknown	unknown	GEO sample description + deposited plate design + tracked imaging join
1-2_F09_ATG16L1	GSM9215965	ATG16L1	plate1	plate1-2	F09	afcc9b0d1b5ce8ccccf04f3c4756e34534a609bfcbd0bbd55ba4d8d479c9c066	3	6.87331900179763	8.47269989946552	unknown	unknown	unknown	unknown	GEO sample description + deposited plate design + tracked imaging join
1-2_F10_XBP1	GSM9215966	XBP1	plate1	plate1-2	F10	5cf6454217aa6de741e0a15b2c30e5360afa8c6b3087e54394de0d99062e4fd4	3	6.79029589401058	8.38263040457944	unknown	unknown	unknown	unknown	GEO sample description + deposited plate design + tracked imaging join
1-2_F11_RAD21	GSM9215967	RAD21	plate1	plate1-2	F11	64f6d23121183523ae0c9a49999464e7663d21be7bb1ff57c0c316fb43a4e5e7	3	6.08598795745337	8.61858811045338	unknown	unknown	unknown	unknown	GEO sample description + deposited plate design + tracked imaging join
1-2_G02_PID1	GSM9215968	PID1	plate1	plate1-2	G02	49774da15e7a81d7737692056f2ca278c33a79136a16aa973fc403259bee77c8	3	6.7926924220434	8.35295845300313	unknown	unknown	unknown	unknown	GEO sample description + deposited plate design + tracked imaging join
1-2_G03_SERPINA1A	GSM9215969	SERPINA1A	plate1	plate1-2	G03	3cf966b5a7043c1a70f3a280cb3f69fbed239e05ad742f78ce7ce560a395e49b	3	6.6677175509281	8.48687841501082	unknown	unknown	unknown	unknown	GEO sample description + deposited plate design + tracked imaging join
1-2_G04_CACNA2D3	GSM9215970	CACNA2D3	plate1	plate1-2	G04	d69623000ae2c7d19f560647fd3d836a4ae639abc1ca56e623112ff56d48a7bf	3	6.82086093202399	8.30164557522589	unknown	unknown	unknown	unknown	GEO sample description + deposited plate design + tracked imaging join
1-2_G05_CHRM3	GSM9215971	CHRM3	plate1	plate1-2	G05	2622be14f847780a974fb99545d840709d3e0007f4e31ee7e4f8ffb44e3b6f91	3	6.86580371286633	8.55478753299709	unknown	unknown	unknown	unknown	GEO sample description + deposited plate design + tracked imaging join
1-2_G06_HHIP	GSM9215972	HHIP	plate1	plate1-2	G06	334b4d11d8f24ae2a10f413289ff3aa4961ee92a6dea88d7985fec7b3fc1461d	3	7.19661725101393	8.42862772753259	unknown	unknown	unknown	unknown	GEO sample description + deposited plate design + tracked imaging join
1-2_G07_NR1D2	GSM9215973	NR1D2	plate1	plate1-2	G07	219f2d9bb57f7117fca4af8b36ea46ff92b4385bcb5f95e6cbdcad3a936118de	3	6.85037987401095	8.28124455156968	unknown	unknown	unknown	unknown	GEO sample description + deposited plate design + tracked imaging join
1-2_G08_ERN1	GSM9215974	ERN1	plate1	plate1-2	G08	88d2dc996afda3ac4c31cf9a1d25a5b24cb166a77d157c9791d2a90eab2a359b	3	6.62542491454767	8.36069179416827	unknown	unknown	unknown	unknown	GEO sample description + deposited plate design + tracked imaging join
1-2_G09_BECLN1	GSM9215975	BECN1	plate1	plate1-2	G09	063c28ede146fbf006ceed1c6f114689b20c150727563a0c21bc2ccafaba2517	3	7.01140124217625	8.64600641227542	unknown	unknown	unknown	unknown	GEO sample description + deposited plate design + tracked imaging join
1-2_G10_TDTOMATO	GSM9215976	TDTOMATO	plate1	plate1-2	G10	not_in_plate_design	unknown	6.85811477316234	8.71582576789049	unknown	unknown	unknown	unknown	GEO sample description + deposited plate design + tracked imaging join
1-3_B02_MET	GSM9215977	MET	plate1	plate1-3	B02	0ce42f8e604cf28e7b97d429e8d206115972e83e897f03540e88f5fd9e7fb9b1	3	6.24528168620114	7.70626083112822	unknown	unknown	unknown	unknown	GEO sample description + deposited plate design + tracked imaging join
1-3_B03_GLIS3	GSM9215978	GLIS3	plate1	plate1-3	B03	eb2d85a19e5ab31b377bf706132fc818390bb37f1f796f01909a08c994b51a1e	3	6.61638866893539	8.34687267046538	unknown	unknown	unknown	unknown	GEO sample description + deposited plate design + tracked imaging join
1-3_B04_TIGIT	GSM9215979	TIGIT	plate1	plate1-3	B04	6c5119dbe290a163c8c2aa7fbf4edde7dc6c8be8301716347260a366b0d19147	3	6.6508836329103	8.17170177941213	unknown	unknown	unknown	unknown	GEO sample description + deposited plate design + tracked imaging join
1-3_B05_TDTOMATO	GSM9215980	TDTOMATO	plate1	plate1-3	B05	not_in_plate_design	unknown	6.60744441639775	8.42383494484086	unknown	unknown	unknown	unknown	GEO sample description + deposited plate design + tracked imaging join
1-3_B06_TRP53	GSM9215981	TRP53	plate1	plate1-3	B06	75006d2c29e820221db0064c305e21acb55fef61ae810bfe1ccdd1aa22faba91	3	7.76951624255474	8.72209809821902	unknown	unknown	unknown	unknown	GEO sample description + deposited plate design + tracked imaging join
1-3_B07_ACP6	GSM9215982	ACP6	plate1	plate1-3	B07	946321be8aff7baf9797d19dd63b03511c919f4abc139e5f1f93293ec5bf8a45	3	6.6649019221125	8.1382401744707	unknown	unknown	unknown	unknown	GEO sample description + deposited plate design + tracked imaging join
1-3_B08_PINK1	GSM9215983	PINK1	plate1	plate1-3	B08	05134b60704493d99087b6bf459e1799b3ed459bb59492df3191b95e7ebebd87	3	6.76280029297819	8.21812007118743	unknown	unknown	unknown	unknown	GEO sample description + deposited plate design + tracked imaging join
1-3_B09_EIF2AK3	GSM9215984	EIF2AK3	plate1	plate1-3	B09	cd4115b0297fea43f4599dc24108d97b8fdde7fefc3a68449bc96678a9702107	3	6.77096601678527	8.36527063583011	unknown	unknown	unknown	unknown	GEO sample description + deposited plate design + tracked imaging join
1-3_B10_CCBE1	GSM9215985	CCBE1	plate1	plate1-3	B10	2fa673c579262d7efd6f620fa447368ed0a96f68473259d836ebbcf94049076f	3	6.77474866290179	8.31358636008213	unknown	unknown	unknown	unknown	GEO sample description + deposited plate design + tracked imaging join
1-3_B11_GDF2	GSM9215986	GDF2	plate1	plate1-3	B11	df7e822219bf35b825cedbe1cc3e4bbab0fbb7cf7578560916d34b2c4c35e628	3	6.67656771779339	8.18658691254549	unknown	unknown	unknown	unknown	GEO sample description + deposited plate design + tracked imaging join
1-3_C02_TEAD1	GSM9215987	TEAD1	plate1	plate1-3	C02	fd0814ac5a9063568e8f7d14c470f31c40c8c4d14e6ed02164ff77f9ae7e7b2d	3	6.83936930057397	8.18117328780323	unknown	unknown	unknown	unknown	GEO sample description + deposited plate design + tracked imaging join
1-3_C03_MECOM	GSM9215988	MECOM	plate1	plate1-3	C03	687bd05ab69850e99f3b5c3088adddaea5acbac18afd5839457f761c097d840c	3	6.87210673699169	8.23613275257318	unknown	unknown	unknown	unknown	GEO sample description + deposited plate design + tracked imaging join
1-3_C04_HUWE1	GSM9215989	HUWE1	plate1	plate1-3	C04	692bf88652168a7724edc978c45c712a226c2e3e8b4f554541fc721ef64f2010	3	6.39875952097296	7.99678951592081	unknown	unknown	unknown	unknown	GEO sample description + deposited plate design + tracked imaging join
1-3_C05_SFTPD	GSM9215990	SFTPD	plate1	plate1-3	C05	7882cfbc58222df15ea8ab05b46972f49baa00553f0526518d557291b3e71420	3	7.05091544929036	8.13799348907241	unknown	unknown	unknown	unknown	GEO sample description + deposited plate design + tracked imaging join
1-3_C06_TRP63	GSM9215991	TRP63	plate1	plate1-3	C06	a3c9c9cf6a3e431d0c6717131aa92e985025369be9fd60a5ad3c0a6f43328fd1	3	6.87917576177425	8.26821991002252	unknown	unknown	unknown	unknown	GEO sample description + deposited plate design + tracked imaging join
1-3_C07_IL1A	GSM9215992	IL1A	plate1	plate1-3	C07	350ce643ef0d3dad1ca91a2bdd2a1ba08af44436e23163bb66cd7ab19e742294	3	6.7839407011564	8.04421146682093	unknown	unknown	unknown	unknown	GEO sample description + deposited plate design + tracked imaging join
1-3_C08_PRKN	GSM9215993	PRKN	plate1	plate1-3	C08	4526509aa9cc49c194c29ca22e5e76ea6c9e73f82e34502b294eb711e0fb5944	3	6.82814540362668	8.17037899848203	unknown	unknown	unknown	unknown	GEO sample description + deposited plate design + tracked imaging join
1-3_C09_TIGIT	GSM9215994	TIGIT	plate1	plate1-3	C09	6c5119dbe290a163c8c2aa7fbf4edde7dc6c8be8301716347260a366b0d19147	3	6.81553277098992	8.39912616249569	unknown	unknown	unknown	unknown	GEO sample description + deposited plate design + tracked imaging join
1-3_C10_BMP10	GSM9215995	BMP10	plate1	plate1-3	C10	ef133ea0473166d03adf2c0ff2ea41e223ffa879a7fa29d4c8c2441878c569ce	3	6.6714417802177	8.35134515291677	unknown	unknown	unknown	unknown	GEO sample description + deposited plate design + tracked imaging join
1-3_D03_NPNT	GSM9215996	NPNT	plate1	plate1-3	D03	1ed064a3d572133c789473b45923cefe64fd5fcb57d680fd75612a6c9935cb96	3	6.9463707915665	8.2889786354092	unknown	unknown	unknown	unknown	GEO sample description + deposited plate design + tracked imaging join
1-3_D04_RNF43	GSM9215997	RNF43	plate1	plate1-3	D04	f4d3784f88f47fd72e38fd029cd72fc32198cc54d16820343933018c9dda5d48	3	6.85827761854273	8.41550287089004	unknown	unknown	unknown	unknown	GEO sample description + deposited plate design + tracked imaging join
1-3_D05_TNS1	GSM9215998	TNS1	plate1	plate1-3	D05	388cb1fd1e8af1eb434309cf87999c0615c015069e4442faaa636f9ee59db127	3	7.26017202409767	8.52293595625376	unknown	unknown	unknown	unknown	GEO sample description + deposited plate design + tracked imaging join
1-3_D06_TTF1	GSM9215999	TTF1	plate1	plate1-3	D06	8de5e7f3760f2b17c977ce678bfd5fa755b6201698f4bfbeba159bb859cfd1f0	3	6.53531446252592	8.49656480678052	unknown	unknown	unknown	unknown	GEO sample description + deposited plate design + tracked imaging join
1-3_D07_TIGIT	GSM9216000	TIGIT	plate1	plate1-3	D07	6c5119dbe290a163c8c2aa7fbf4edde7dc6c8be8301716347260a366b0d19147	3	7.04119503741987	8.24771005488812	unknown	unknown	unknown	unknown	GEO sample description + deposited plate design + tracked imaging join
1-3_D09_TFEB	GSM9216001	TFEB	plate1	plate1-3	D09	e7b361c162c6cdfd0e56c1cc268c99c625a38affd917d87bd534051085a733ae	3	7.03677821728753	8.19877731364994	unknown	unknown	unknown	unknown	GEO sample description + deposited plate design + tracked imaging join
1-3_D10_FGF7	GSM9216002	FGF7	plate1	plate1-3	D10	fdc13b2d15857764f7604e0ff3e513d44d5e436ac03f7af10fb6e95073aa640f	3	6.84109711872067	8.34353936479974	unknown	unknown	unknown	unknown	GEO sample description + deposited plate design + tracked imaging join
1-3_D11_IL1A	GSM9216003	IL1A	plate1	plate1-3	D11	350ce643ef0d3dad1ca91a2bdd2a1ba08af44436e23163bb66cd7ab19e742294	3	6.88143326792041	8.52179394093826	unknown	unknown	unknown	unknown	GEO sample description + deposited plate design + tracked imaging join
1-3_E02_TFCP2L1	GSM9216004	TFCP2L1	plate1	plate1-3	E02	5bc36583982c6b26409d338e6dd108540597fa8dc6147f7387a4f722c13f9d42	3	6.72402341452575	8.27524972900268	unknown	unknown	unknown	unknown	GEO sample description + deposited plate design + tracked imaging join
1-3_E03_TIGIT	GSM9216005	TIGIT	plate1	plate1-3	E03	6c5119dbe290a163c8c2aa7fbf4edde7dc6c8be8301716347260a366b0d19147	3	6.85953342690006	8.30209144545689	unknown	unknown	unknown	unknown	GEO sample description + deposited plate design + tracked imaging join
1-3_E04_SOX4	GSM9216006	SOX4	plate1	plate1-3	E04	ef842d7efa8b9efd74520e8906fa65081f7555cecf776fb9811efc98f56cdd48	3	6.64161500281881	8.31282182118046	unknown	unknown	unknown	unknown	GEO sample description + deposited plate design + tracked imaging join
1-3_E05_TWIST1	GSM9216007	TWIST1	plate1	plate1-3	E05	339d193de4981dbc25822a6713c0e3dfe84526cc68f62dc7706708d422e7d576	3	6.74312197536	8.39475387582782	unknown	unknown	unknown	unknown	GEO sample description + deposited plate design + tracked imaging join
1-3_E06_NKX21	GSM9216008	NKX21	plate1	plate1-3	E06	6d9d8d5c862501520f04b78f76daa8f3ee47633466fa964c2c7370ca8d064a82	3	8.46507053444079	9.7268053146696	unknown	unknown	unknown	unknown	GEO sample description + deposited plate design + tracked imaging join
1-3_E07_USP30	GSM9216009	USP30	plate1	plate1-3	E07	e0513e0410079b0378bb999048d1a3e084235839c3c62846e5d7cdc41300fbf6	3	6.81325620493312	8.38955063602489	unknown	unknown	unknown	unknown	GEO sample description + deposited plate design + tracked imaging join
1-3_E09_ULK1	GSM9216010	ULK1	plate1	plate1-3	E09	a01570061b28b7be858a75ce87d9b857e907c559e0ba080e465667b8c05381d9	3	6.91679201641451	8.44569123939411	unknown	unknown	unknown	unknown	GEO sample description + deposited plate design + tracked imaging join
1-3_E10_INHBA	GSM9216011	INHBA	plate1	plate1-3	E10	a63bf6ce1b7af799b955e7b6b9a17539bae929e4406a9452ec6e6faeff83abe5	3	6.99544609166905	8.29846286793552	unknown	unknown	unknown	unknown	GEO sample description + deposited plate design + tracked imaging join
1-3_E11_MANF	GSM9216012	MANF	plate1	plate1-3	E11	cc341611293c859f7763c3fde8dbe9e848039a1a46552431389366995b66d2e8	3	6.87064950547291	8.39627915171487	unknown	unknown	unknown	unknown	GEO sample description + deposited plate design + tracked imaging join
1-3_F02_TIGIT	GSM9216013	TIGIT	plate1	plate1-3	F02	6c5119dbe290a163c8c2aa7fbf4edde7dc6c8be8301716347260a366b0d19147	3	6.78775064887743	8.28103153533803	unknown	unknown	unknown	unknown	GEO sample description + deposited plate design + tracked imaging join
1-3_F03_RBMS3	GSM9216014	RBMS3	plate1	plate1-3	F03	18ae086006948d9a8e106078f55183384b90486e3f3302195f601b115dd5899a	3	6.89870036124486	8.32425851452547	unknown	unknown	unknown	unknown	GEO sample description + deposited plate design + tracked imaging join
1-3_F04_AGER	GSM9216015	AGER	plate1	plate1-3	F04	63d2fbb2f5b32c9ebee7db22010cf8e4fe8bf748673b0cd5179772def3aa99eb	3	6.99401372663657	8.33350152372888	unknown	unknown	unknown	unknown	GEO sample description + deposited plate design + tracked imaging join
1-3_F05_TERF1	GSM9216016	TERF1	plate1	plate1-3	F05	075874f982c7b45ea2fa714c477ab05a1426cab24a1d0da0d538650174eef117	3	6.57798010475976	8.36151525982234	unknown	unknown	unknown	unknown	GEO sample description + deposited plate design + tracked imaging join
1-3_F06_FAM13A	GSM9216017	FAM13A	plate1	plate1-3	F06	80efe997e1dd20b84334bfb5e52e7210b0c1cb0795592a153f4d10059db066db	3	6.986049884674	8.40149148720796	unknown	unknown	unknown	unknown	GEO sample description + deposited plate design + tracked imaging join
1-3_F07_NR1D1	GSM9216018	NR1D1	plate1	plate1-3	F07	47b54cdc576eb1841ca34254fae1961a2c5bdf9d4a036aacab015440b357dc4a	3	7.16427206736452	8.39116176074462	unknown	unknown	unknown	unknown	GEO sample description + deposited plate design + tracked imaging join
1-3_F08_EIF2B1	GSM9216019	EIF2B1	plate1	plate1-3	F08	f0e67004fb1bd36346f8d8e414dd5b321ba800f5793504fbdb7cd1ccd80637c2	3	6.4419273963136	8.3630512975915	unknown	unknown	unknown	unknown	GEO sample description + deposited plate design + tracked imaging join
1-3_F09_ATG16L1	GSM9216020	ATG16L1	plate1	plate1-3	F09	afcc9b0d1b5ce8ccccf04f3c4756e34534a609bfcbd0bbd55ba4d8d479c9c066	3	6.88184562028995	8.37725812008812	unknown	unknown	unknown	unknown	GEO sample description + deposited plate design + tracked imaging join
1-3_F10_XBP1	GSM9216021	XBP1	plate1	plate1-3	F10	5cf6454217aa6de741e0a15b2c30e5360afa8c6b3087e54394de0d99062e4fd4	3	6.74233026541185	8.31254644208705	unknown	unknown	unknown	unknown	GEO sample description + deposited plate design + tracked imaging join
1-3_F11_RAD21	GSM9216022	RAD21	plate1	plate1-3	F11	64f6d23121183523ae0c9a49999464e7663d21be7bb1ff57c0c316fb43a4e5e7	3	6.20153607408341	8.62062486853743	unknown	unknown	unknown	unknown	GEO sample description + deposited plate design + tracked imaging join
1-3_G02_PID1	GSM9216023	PID1	plate1	plate1-3	G02	49774da15e7a81d7737692056f2ca278c33a79136a16aa973fc403259bee77c8	3	6.76972272244908	8.25533955760567	unknown	unknown	unknown	unknown	GEO sample description + deposited plate design + tracked imaging join
1-3_G03_SERPINA1A	GSM9216024	SERPINA1A	plate1	plate1-3	G03	3cf966b5a7043c1a70f3a280cb3f69fbed239e05ad742f78ce7ce560a395e49b	3	6.70464854821376	8.2939078195393	unknown	unknown	unknown	unknown	GEO sample description + deposited plate design + tracked imaging join
1-3_G04_CACNA2D3	GSM9216025	CACNA2D3	plate1	plate1-3	G04	d69623000ae2c7d19f560647fd3d836a4ae639abc1ca56e623112ff56d48a7bf	3	6.8254248936654	8.39385133271592	unknown	unknown	unknown	unknown	GEO sample description + deposited plate design + tracked imaging join
1-3_G05_CHRM3	GSM9216026	CHRM3	plate1	plate1-3	G05	2622be14f847780a974fb99545d840709d3e0007f4e31ee7e4f8ffb44e3b6f91	3	6.9112626205978	8.38121895578591	unknown	unknown	unknown	unknown	GEO sample description + deposited plate design + tracked imaging join
1-3_G06_HHIP	GSM9216027	HHIP	plate1	plate1-3	G06	334b4d11d8f24ae2a10f413289ff3aa4961ee92a6dea88d7985fec7b3fc1461d	3	6.90215145330425	8.41717809608318	unknown	unknown	unknown	unknown	GEO sample description + deposited plate design + tracked imaging join
1-3_G07_NR1D2	GSM9216028	NR1D2	plate1	plate1-3	G07	219f2d9bb57f7117fca4af8b36ea46ff92b4385bcb5f95e6cbdcad3a936118de	3	6.97619153989162	8.43357891873209	unknown	unknown	unknown	unknown	GEO sample description + deposited plate design + tracked imaging join
1-3_G08_ERN1	GSM9216029	ERN1	plate1	plate1-3	G08	88d2dc996afda3ac4c31cf9a1d25a5b24cb166a77d157c9791d2a90eab2a359b	3	6.83842860076708	8.37084081624222	unknown	unknown	unknown	unknown	GEO sample description + deposited plate design + tracked imaging join
1-3_G09_BECLN1	GSM9216030	BECN1	plate1	plate1-3	G09	063c28ede146fbf006ceed1c6f114689b20c150727563a0c21bc2ccafaba2517	3	6.91444412912007	8.79291764312222	unknown	unknown	unknown	unknown	GEO sample description + deposited plate design + tracked imaging join
1-3_G10_TDTOMATO	GSM9216031	TDTOMATO	plate1	plate1-3	G10	not_in_plate_design	unknown	6.3691190966417	8.80230790852606	unknown	unknown	unknown	unknown	GEO sample description + deposited plate design + tracked imaging join
1-3_G11_TIGIT	GSM9216032	TIGIT	plate1	plate1-3	G11	6c5119dbe290a163c8c2aa7fbf4edde7dc6c8be8301716347260a366b0d19147	3	6.92504870914359	8.52796628224019	unknown	unknown	unknown	unknown	GEO sample description + deposited plate design + tracked imaging join
1-4_B02_MET	GSM9216033	MET	plate1	plate1-4	B02	0ce42f8e604cf28e7b97d429e8d206115972e83e897f03540e88f5fd9e7fb9b1	3	6.26950460408054	7.91624793875365	unknown	unknown	unknown	unknown	GEO sample description + deposited plate design + tracked imaging join
1-4_B03_GLIS3	GSM9216034	GLIS3	plate1	plate1-4	B03	eb2d85a19e5ab31b377bf706132fc818390bb37f1f796f01909a08c994b51a1e	3	6.52973746516164	8.21657627295251	unknown	unknown	unknown	unknown	GEO sample description + deposited plate design + tracked imaging join
1-4_B04_TIGIT	GSM9216035	TIGIT	plate1	plate1-4	B04	6c5119dbe290a163c8c2aa7fbf4edde7dc6c8be8301716347260a366b0d19147	3	6.77456315467529	8.24045794142661	unknown	unknown	unknown	unknown	GEO sample description + deposited plate design + tracked imaging join
1-4_B05_TDTOMATO	GSM9216036	TDTOMATO	plate1	plate1-4	B05	not_in_plate_design	unknown	6.61708237493724	8.52386222158728	unknown	unknown	unknown	unknown	GEO sample description + deposited plate design + tracked imaging join
1-4_B06_TRP53	GSM9216037	TRP53	plate1	plate1-4	B06	75006d2c29e820221db0064c305e21acb55fef61ae810bfe1ccdd1aa22faba91	3	7.53214502881769	8.68569312285726	unknown	unknown	unknown	unknown	GEO sample description + deposited plate design + tracked imaging join
1-4_B07_ACP6	GSM9216038	ACP6	plate1	plate1-4	B07	946321be8aff7baf9797d19dd63b03511c919f4abc139e5f1f93293ec5bf8a45	3	6.65943605542586	8.17743692647368	unknown	unknown	unknown	unknown	GEO sample description + deposited plate design + tracked imaging join
1-4_B08_PINK1	GSM9216039	PINK1	plate1	plate1-4	B08	05134b60704493d99087b6bf459e1799b3ed459bb59492df3191b95e7ebebd87	3	6.9435695532057	8.30983737662731	unknown	unknown	unknown	unknown	GEO sample description + deposited plate design + tracked imaging join
1-4_B10_CCBE1	GSM9216040	CCBE1	plate1	plate1-4	B10	2fa673c579262d7efd6f620fa447368ed0a96f68473259d836ebbcf94049076f	3	6.7522895955294	8.26605198131376	unknown	unknown	unknown	unknown	GEO sample description + deposited plate design + tracked imaging join
1-4_B11_GDF2	GSM9216041	GDF2	plate1	plate1-4	B11	df7e822219bf35b825cedbe1cc3e4bbab0fbb7cf7578560916d34b2c4c35e628	3	6.9969236470179	8.38834190401391	unknown	unknown	unknown	unknown	GEO sample description + deposited plate design + tracked imaging join
1-4_C02_TEAD1	GSM9216042	TEAD1	plate1	plate1-4	C02	fd0814ac5a9063568e8f7d14c470f31c40c8c4d14e6ed02164ff77f9ae7e7b2d	3	6.70995621340399	8.03337148286521	unknown	unknown	unknown	unknown	GEO sample description + deposited plate design + tracked imaging join
1-4_C03_MECOM	GSM9216043	MECOM	plate1	plate1-4	C03	687bd05ab69850e99f3b5c3088adddaea5acbac18afd5839457f761c097d840c	3	6.77999850997627	8.23888652807053	unknown	unknown	unknown	unknown	GEO sample description + deposited plate design + tracked imaging join
1-4_C05_SFTPD	GSM9216044	SFTPD	plate1	plate1-4	C05	7882cfbc58222df15ea8ab05b46972f49baa00553f0526518d557291b3e71420	3	6.80628932419824	8.31311569659291	unknown	unknown	unknown	unknown	GEO sample description + deposited plate design + tracked imaging join
1-4_C06_TRP63	GSM9216045	TRP63	plate1	plate1-4	C06	a3c9c9cf6a3e431d0c6717131aa92e985025369be9fd60a5ad3c0a6f43328fd1	3	6.87996438158979	8.41563841053023	unknown	unknown	unknown	unknown	GEO sample description + deposited plate design + tracked imaging join
1-4_C07_IL1A	GSM9216046	IL1A	plate1	plate1-4	C07	350ce643ef0d3dad1ca91a2bdd2a1ba08af44436e23163bb66cd7ab19e742294	3	6.96609891172978	8.46544879583875	unknown	unknown	unknown	unknown	GEO sample description + deposited plate design + tracked imaging join
1-4_C08_PRKN	GSM9216047	PRKN	plate1	plate1-4	C08	4526509aa9cc49c194c29ca22e5e76ea6c9e73f82e34502b294eb711e0fb5944	3	6.85834051775743	8.36700058243234	unknown	unknown	unknown	unknown	GEO sample description + deposited plate design + tracked imaging join
1-4_C09_TIGIT	GSM9216048	TIGIT	plate1	plate1-4	C09	6c5119dbe290a163c8c2aa7fbf4edde7dc6c8be8301716347260a366b0d19147	3	6.80897508607126	8.37506132670903	unknown	unknown	unknown	unknown	GEO sample description + deposited plate design + tracked imaging join
1-4_C10_BMP10	GSM9216049	BMP10	plate1	plate1-4	C10	ef133ea0473166d03adf2c0ff2ea41e223ffa879a7fa29d4c8c2441878c569ce	3	7.06130070602933	8.40876955510896	unknown	unknown	unknown	unknown	GEO sample description + deposited plate design + tracked imaging join
1-4_C11_PLA2G15	GSM9216050	PLA2G15	plate1	plate1-4	C11	57786b77b6d816bed2d68f7148fb2b0cdfdf809dca9d4d7110bef812cbe01098	3	6.74875158097292	8.39322683151244	unknown	unknown	unknown	unknown	GEO sample description + deposited plate design + tracked imaging join
1-4_D02_ROR1	GSM9216051	ROR1	plate1	plate1-4	D02	bf16b71292af196c480f02b6205219ca79038763273167e4037e3d3d3bd631df	3	7.08081549503989	8.40304289081696	unknown	unknown	unknown	unknown	GEO sample description + deposited plate design + tracked imaging join
1-4_D03_NPNT	GSM9216052	NPNT	plate1	plate1-4	D03	1ed064a3d572133c789473b45923cefe64fd5fcb57d680fd75612a6c9935cb96	3	6.81311743783794	8.17509104742441	unknown	unknown	unknown	unknown	GEO sample description + deposited plate design + tracked imaging join
1-4_D04_RNF43	GSM9216053	RNF43	plate1	plate1-4	D04	f4d3784f88f47fd72e38fd029cd72fc32198cc54d16820343933018c9dda5d48	3	6.98242074134962	8.55478719136074	unknown	unknown	unknown	unknown	GEO sample description + deposited plate design + tracked imaging join
1-4_D05_TNS1	GSM9216054	TNS1	plate1	plate1-4	D05	388cb1fd1e8af1eb434309cf87999c0615c015069e4442faaa636f9ee59db127	3	7.21015570082215	8.47491502432546	unknown	unknown	unknown	unknown	GEO sample description + deposited plate design + tracked imaging join
1-4_D06_TTF1	GSM9216055	TTF1	plate1	plate1-4	D06	8de5e7f3760f2b17c977ce678bfd5fa755b6201698f4bfbeba159bb859cfd1f0	3	6.58355654021067	8.56768005189612	unknown	unknown	unknown	unknown	GEO sample description + deposited plate design + tracked imaging join
1-4_D07_TIGIT	GSM9216056	TIGIT	plate1	plate1-4	D07	6c5119dbe290a163c8c2aa7fbf4edde7dc6c8be8301716347260a366b0d19147	3	6.84644827847674	8.4105977896603	unknown	unknown	unknown	unknown	GEO sample description + deposited plate design + tracked imaging join
1-4_D08_KEAP1	GSM9216057	KEAP1	plate1	plate1-4	D08	be56988c968657d8ecb9240e9e0ef5f7fefd5f95ae1807c2b7c3929c32c05145	3	6.58444875968101	8.39296155473724	unknown	unknown	unknown	unknown	GEO sample description + deposited plate design + tracked imaging join
1-4_D09_TFEB	GSM9216058	TFEB	plate1	plate1-4	D09	e7b361c162c6cdfd0e56c1cc268c99c625a38affd917d87bd534051085a733ae	3	6.97226002346525	8.36599116837791	unknown	unknown	unknown	unknown	GEO sample description + deposited plate design + tracked imaging join
1-4_D10_FGF7	GSM9216059	FGF7	plate1	plate1-4	D10	fdc13b2d15857764f7604e0ff3e513d44d5e436ac03f7af10fb6e95073aa640f	3	6.9604661772848	8.41057827153579	unknown	unknown	unknown	unknown	GEO sample description + deposited plate design + tracked imaging join
1-4_D11_IL1A	GSM9216060	IL1A	plate1	plate1-4	D11	350ce643ef0d3dad1ca91a2bdd2a1ba08af44436e23163bb66cd7ab19e742294	3	6.80507449275063	8.37347118442719	unknown	unknown	unknown	unknown	GEO sample description + deposited plate design + tracked imaging join
1-4_E02_TFCP2L1	GSM9216061	TFCP2L1	plate1	plate1-4	E02	5bc36583982c6b26409d338e6dd108540597fa8dc6147f7387a4f722c13f9d42	3	6.77768830705334	8.43595664228664	unknown	unknown	unknown	unknown	GEO sample description + deposited plate design + tracked imaging join
1-4_E03_TIGIT	GSM9216062	TIGIT	plate1	plate1-4	E03	6c5119dbe290a163c8c2aa7fbf4edde7dc6c8be8301716347260a366b0d19147	3	6.83383063009413	8.37188166097022	unknown	unknown	unknown	unknown	GEO sample description + deposited plate design + tracked imaging join
1-4_E04_SOX4	GSM9216063	SOX4	plate1	plate1-4	E04	ef842d7efa8b9efd74520e8906fa65081f7555cecf776fb9811efc98f56cdd48	3	6.77181627388107	8.16686415922065	unknown	unknown	unknown	unknown	GEO sample description + deposited plate design + tracked imaging join
1-4_E05_TWIST1	GSM9216064	TWIST1	plate1	plate1-4	E05	339d193de4981dbc25822a6713c0e3dfe84526cc68f62dc7706708d422e7d576	3	6.79943395215572	8.35998156917112	unknown	unknown	unknown	unknown	GEO sample description + deposited plate design + tracked imaging join
1-4_E06_NKX21	GSM9216065	NKX21	plate1	plate1-4	E06	6d9d8d5c862501520f04b78f76daa8f3ee47633466fa964c2c7370ca8d064a82	3	8.3511544459281	9.81409381323736	unknown	unknown	unknown	unknown	GEO sample description + deposited plate design + tracked imaging join
1-4_E07_USP30	GSM9216066	USP30	plate1	plate1-4	E07	e0513e0410079b0378bb999048d1a3e084235839c3c62846e5d7cdc41300fbf6	3	6.91286991358338	8.25155900522152	unknown	unknown	unknown	unknown	GEO sample description + deposited plate design + tracked imaging join
1-4_E08_NFE2L2	GSM9216067	NFE2L2	plate1	plate1-4	E08	9905e8e28068372dd11f6bd0af5a01eecf63623c4ad7009648de2084617e00a4	3	6.81945505540143	8.46697885404094	unknown	unknown	unknown	unknown	GEO sample description + deposited plate design + tracked imaging join
1-4_E09_ULK1	GSM9216068	ULK1	plate1	plate1-4	E09	a01570061b28b7be858a75ce87d9b857e907c559e0ba080e465667b8c05381d9	3	7.07071955117154	8.37686733987319	unknown	unknown	unknown	unknown	GEO sample description + deposited plate design + tracked imaging join
1-4_E10_INHBA	GSM9216069	INHBA	plate1	plate1-4	E10	a63bf6ce1b7af799b955e7b6b9a17539bae929e4406a9452ec6e6faeff83abe5	3	7.0089667166416	8.30517926936574	unknown	unknown	unknown	unknown	GEO sample description + deposited plate design + tracked imaging join
1-4_E11_MANF	GSM9216070	MANF	plate1	plate1-4	E11	cc341611293c859f7763c3fde8dbe9e848039a1a46552431389366995b66d2e8	3	6.96608118960372	8.5880915752308	unknown	unknown	unknown	unknown	GEO sample description + deposited plate design + tracked imaging join
1-4_F02_TIGIT	GSM9216071	TIGIT	plate1	plate1-4	F02	6c5119dbe290a163c8c2aa7fbf4edde7dc6c8be8301716347260a366b0d19147	3	6.78379427375216	8.36390840023523	unknown	unknown	unknown	unknown	GEO sample description + deposited plate design + tracked imaging join
1-4_F03_RBMS3	GSM9216072	RBMS3	plate1	plate1-4	F03	18ae086006948d9a8e106078f55183384b90486e3f3302195f601b115dd5899a	3	6.76909855771763	8.43057529237205	unknown	unknown	unknown	unknown	GEO sample description + deposited plate design + tracked imaging join
1-4_F04_AGER	GSM9216073	AGER	plate1	plate1-4	F04	63d2fbb2f5b32c9ebee7db22010cf8e4fe8bf748673b0cd5179772def3aa99eb	3	6.6904484026009	8.33443702962396	unknown	unknown	unknown	unknown	GEO sample description + deposited plate design + tracked imaging join
1-4_F05_TERF1	GSM9216074	TERF1	plate1	plate1-4	F05	075874f982c7b45ea2fa714c477ab05a1426cab24a1d0da0d538650174eef117	3	6.43847436887037	8.26838257021898	unknown	unknown	unknown	unknown	GEO sample description + deposited plate design + tracked imaging join
1-4_F06_FAM13A	GSM9216075	FAM13A	plate1	plate1-4	F06	80efe997e1dd20b84334bfb5e52e7210b0c1cb0795592a153f4d10059db066db	3	6.80610180912919	8.42839279363366	unknown	unknown	unknown	unknown	GEO sample description + deposited plate design + tracked imaging join
1-4_F07_NR1D1	GSM9216076	NR1D1	plate1	plate1-4	F07	47b54cdc576eb1841ca34254fae1961a2c5bdf9d4a036aacab015440b357dc4a	3	6.97678075336383	8.38931530465852	unknown	unknown	unknown	unknown	GEO sample description + deposited plate design + tracked imaging join
1-4_F08_EIF2B1	GSM9216077	EIF2B1	plate1	plate1-4	F08	f0e67004fb1bd36346f8d8e414dd5b321ba800f5793504fbdb7cd1ccd80637c2	3	6.51443137268955	8.4416438381911	unknown	unknown	unknown	unknown	GEO sample description + deposited plate design + tracked imaging join
1-4_F09_ATG16L1	GSM9216078	ATG16L1	plate1	plate1-4	F09	afcc9b0d1b5ce8ccccf04f3c4756e34534a609bfcbd0bbd55ba4d8d479c9c066	3	7.0438604787916	8.45043544922598	unknown	unknown	unknown	unknown	GEO sample description + deposited plate design + tracked imaging join
1-4_F10_XBP1	GSM9216079	XBP1	plate1	plate1-4	F10	5cf6454217aa6de741e0a15b2c30e5360afa8c6b3087e54394de0d99062e4fd4	3	6.84036569148375	8.50758112289001	unknown	unknown	unknown	unknown	GEO sample description + deposited plate design + tracked imaging join
1-4_F11_RAD21	GSM9216080	RAD21	plate1	plate1-4	F11	64f6d23121183523ae0c9a49999464e7663d21be7bb1ff57c0c316fb43a4e5e7	3	6.1030045022359	8.75464429843655	unknown	unknown	unknown	unknown	GEO sample description + deposited plate design + tracked imaging join
1-4_G02_PID1	GSM9216081	PID1	plate1	plate1-4	G02	49774da15e7a81d7737692056f2ca278c33a79136a16aa973fc403259bee77c8	3	6.83077316245995	8.31933063376757	unknown	unknown	unknown	unknown	GEO sample description + deposited plate design + tracked imaging join
1-4_G03_SERPINA1A	GSM9216082	SERPINA1A	plate1	plate1-4	G03	3cf966b5a7043c1a70f3a280cb3f69fbed239e05ad742f78ce7ce560a395e49b	3	6.93988515885358	8.32612454903288	unknown	unknown	unknown	unknown	GEO sample description + deposited plate design + tracked imaging join
1-4_G04_CACNA2D3	GSM9216083	CACNA2D3	plate1	plate1-4	G04	d69623000ae2c7d19f560647fd3d836a4ae639abc1ca56e623112ff56d48a7bf	3	6.75233875119366	8.50100390355253	unknown	unknown	unknown	unknown	GEO sample description + deposited plate design + tracked imaging join
1-4_G05_CHRM3	GSM9216084	CHRM3	plate1	plate1-4	G05	2622be14f847780a974fb99545d840709d3e0007f4e31ee7e4f8ffb44e3b6f91	3	6.97157608236521	8.61724158521711	unknown	unknown	unknown	unknown	GEO sample description + deposited plate design + tracked imaging join
1-4_G06_HHIP	GSM9216085	HHIP	plate1	plate1-4	G06	334b4d11d8f24ae2a10f413289ff3aa4961ee92a6dea88d7985fec7b3fc1461d	3	6.82337762760513	8.38072933294869	unknown	unknown	unknown	unknown	GEO sample description + deposited plate design + tracked imaging join
1-4_G07_NR1D2	GSM9216086	NR1D2	plate1	plate1-4	G07	219f2d9bb57f7117fca4af8b36ea46ff92b4385bcb5f95e6cbdcad3a936118de	3	6.8389431862251	8.41894793638141	unknown	unknown	unknown	unknown	GEO sample description + deposited plate design + tracked imaging join
1-4_G08_ERN1	GSM9216087	ERN1	plate1	plate1-4	G08	88d2dc996afda3ac4c31cf9a1d25a5b24cb166a77d157c9791d2a90eab2a359b	3	6.81932602513446	8.4041912095781	unknown	unknown	unknown	unknown	GEO sample description + deposited plate design + tracked imaging join
1-4_G09_BECLN1	GSM9216088	BECN1	plate1	plate1-4	G09	063c28ede146fbf006ceed1c6f114689b20c150727563a0c21bc2ccafaba2517	3	6.96696778505536	8.84593144572968	unknown	unknown	unknown	unknown	GEO sample description + deposited plate design + tracked imaging join
1-4_G10_TDTOMATO	GSM9216089	TDTOMATO	plate1	plate1-4	G10	not_in_plate_design	unknown	6.5391921794092	8.8584330671493	unknown	unknown	unknown	unknown	GEO sample description + deposited plate design + tracked imaging join
1-4_G11_TIGIT	GSM9216090	TIGIT	plate1	plate1-4	G11	6c5119dbe290a163c8c2aa7fbf4edde7dc6c8be8301716347260a366b0d19147	3	6.93535032664043	8.46464445222117	unknown	unknown	unknown	unknown	GEO sample description + deposited plate design + tracked imaging join
2-2_B02_IVD	GSM9216091	IVD	plate2	plate2-2	B02	2407527b6abf4e247e47ab2d85c948cdb76fd5672153fdd274e44fd574012658	3	6.76032612248298	8.18919778306768	unknown	unknown	unknown	unknown	GEO sample description + deposited plate design + tracked imaging join
2-2_B03_ACOXL	GSM9216092	ACOXL	plate2	plate2-2	B03	e3a692468248f65def999dbd97a210ce66cca695127fae641e0329fc8d4ae9ed	3	7.04339990936199	8.28986978711559	unknown	unknown	unknown	unknown	GEO sample description + deposited plate design + tracked imaging join
2-2_B04_TIGIT	GSM9216093	TIGIT	plate2	plate2-2	B04	6c5119dbe290a163c8c2aa7fbf4edde7dc6c8be8301716347260a366b0d19147	3	6.85601200356844	8.3363862911477	unknown	unknown	unknown	unknown	GEO sample description + deposited plate design + tracked imaging join
2-2_B05_TDTOMATO	GSM9216094	TDTOMATO	plate2	plate2-2	B05	not_in_plate_design	unknown	6.80025477151044	8.06690100300374	unknown	unknown	unknown	unknown	GEO sample description + deposited plate design + tracked imaging join
2-2_B06_LNX2	GSM9216095	LNX2	plate2	plate2-2	B06	d66bd0829ec418f225bf3fc17f5563d258f6b188ad7d18c22d2556fecf3ca2dd	3	7.15433886441005	8.24925018433372	unknown	unknown	unknown	unknown	GEO sample description + deposited plate design + tracked imaging join
2-2_B07_CHRNA5	GSM9216096	CHRNA5	plate2	plate2-2	B07	e73100cb06499c3ba6b07662692645dbf4c0734001dc02fa5f5f3e79beca8106	3	6.72865529143205	8.22118977375986	unknown	unknown	unknown	unknown	GEO sample description + deposited plate design + tracked imaging join
2-2_B08_MARCKS	GSM9216097	MARCKS	plate2	plate2-2	B08	470c82ca0b227ddd05ba1100ff51449daf928fff510acde41e80d530fd69a73c	3	6.85749231963391	8.11302529650818	unknown	unknown	unknown	unknown	GEO sample description + deposited plate design + tracked imaging join
2-2_B09_TRIB3	GSM9216098	TRIB3	plate2	plate2-2	B09	6f84cea4593980909ffc2af7519c23f859fe0413eabcdf3ef0593e0c5f4db934	3	6.8259055447241	8.15357788305971	unknown	unknown	unknown	unknown	GEO sample description + deposited plate design + tracked imaging join
2-2_B10_IL4RA	GSM9216099	IL4RA	plate2	plate2-2	B10	a833b92c453b87c97f04f8704a358969838c1d085ed655ac39dde8ffac5d7caf	3	6.79870401890006	8.14041144491922	unknown	unknown	unknown	unknown	GEO sample description + deposited plate design + tracked imaging join
2-2_B11_ATP6V1C2	GSM9216100	ATP6V1C2	plate2	plate2-2	B11	063c8a57dd6ce8a316342281b8627c4eff6507f6503f4d705e641c9bfd41c282	3	7.03035346283104	8.26564393973967	unknown	unknown	unknown	unknown	GEO sample description + deposited plate design + tracked imaging join
2-2_C02_NAV2	GSM9216101	NAV2	plate2	plate2-2	C02	24d828b3813e19d5c4b52e1941fc4889d601336b9bdc2871295f9d1f7947fb49	3	6.88669371252023	8.18015021051608	unknown	unknown	unknown	unknown	GEO sample description + deposited plate design + tracked imaging join
2-2_C03_ATP11A	GSM9216102	ATP11A	plate2	plate2-2	C03	98c541cfa372ad559dff5900fd67180e75a533ceeca3da626fd9da972f2b9565	3	6.99752829649041	8.2350424815672	unknown	unknown	unknown	unknown	GEO sample description + deposited plate design + tracked imaging join
2-2_C04_PATJ	GSM9216103	PATJ	plate2	plate2-2	C04	03286e107609c110be945f74c587762c6af19b006fd05a817b8de2ef12ae8b12	3	7.07906389640859	8.20102806043411	unknown	unknown	unknown	unknown	GEO sample description + deposited plate design + tracked imaging join
2-2_C05_MEGF6	GSM9216104	MEGF6	plate2	plate2-2	C05	8472476c1f7fea8242420b3cf8d62cdf43ad0cfcca4e88314b84fa461d083707	3	6.92070450006689	8.315875452523	unknown	unknown	unknown	unknown	GEO sample description + deposited plate design + tracked imaging join
2-2_C06_SNX30	GSM9216105	SNX30	plate2	plate2-2	C06	86119ccdb1563c329bdfb6b8e4b10581f2779e018a564f1b0db5cf4ccb4ebd8c	3	6.80243241241695	8.23715762969451	unknown	unknown	unknown	unknown	GEO sample description + deposited plate design + tracked imaging join
2-2_C07_CHAT	GSM9216106	CHAT	plate2	plate2-2	C07	0f8b7a7400191425dd03f8f79c8d76458b8dcbe9401f79c6d0ff79a2117f4256	3	7.03861408657606	8.20124164364013	unknown	unknown	unknown	unknown	GEO sample description + deposited plate design + tracked imaging join
2-2_C08_WNT7B	GSM9216107	WNT7B	plate2	plate2-2	C08	58cb3a391441b1b813ae6ef45488b477b8ee11de96b9e1561983d8231d31016e	3	6.97651067422918	8.28109840193613	unknown	unknown	unknown	unknown	GEO sample description + deposited plate design + tracked imaging join
2-2_C09_TIGIT	GSM9216108	TIGIT	plate2	plate2-2	C09	6c5119dbe290a163c8c2aa7fbf4edde7dc6c8be8301716347260a366b0d19147	3	7.16555024443231	8.23810256671053	unknown	unknown	unknown	unknown	GEO sample description + deposited plate design + tracked imaging join
2-2_C10_HLF	GSM9216109	HLF	plate2	plate2-2	C10	cb986c170686af2ce53c1e429fa2a0d7fc13297882cebb13e0c62edfbbb98df7	3	6.90422841506099	8.31264246286033	unknown	unknown	unknown	unknown	GEO sample description + deposited plate design + tracked imaging join
2-2_C11_IRX1	GSM9216110	IRX1	plate2	plate2-2	C11	fc41373138c3f153395194cc08f198aa807b5811091f919d6465b328bfb7ae5c	3	6.84013489286425	8.18770952388311	unknown	unknown	unknown	unknown	GEO sample description + deposited plate design + tracked imaging join
2-2_D02_CAPN1	GSM9216111	CAPN1	plate2	plate2-2	D02	55943b82b7b8bf0b0182aefb75a8a65e1b8c65bb1567795cfa8690f1d28d2d7c	3	6.918197458073	8.33601983511413	unknown	unknown	unknown	unknown	GEO sample description + deposited plate design + tracked imaging join
2-2_D03_GPR37	GSM9216112	GPR37	plate2	plate2-2	D03	c71fbbf9818e97fd2371100a75c1843f99998485e2e877242017ce1fd54faf68	3	6.80711701840726	8.24732820876833	unknown	unknown	unknown	unknown	GEO sample description + deposited plate design + tracked imaging join
2-2_D04_SDC1	GSM9216113	SDC1	plate2	plate2-2	D04	f70f26a3f0cf8768490d0f25f1315ea8d729a6711145f507ae7b9290b6615a77	3	6.79067631085575	8.43905748545068	unknown	unknown	unknown	unknown	GEO sample description + deposited plate design + tracked imaging join
2-2_D05_SLC45A4	GSM9216114	SLC45A4	plate2	plate2-2	D05	d36ee3fd61eb4b0e7685fd7da1dd427d992e7c11437c9d6dbe8797800568a392	3	7.07478781138905	8.17504135029586	unknown	unknown	unknown	unknown	GEO sample description + deposited plate design + tracked imaging join
2-2_D06_LIPH	GSM9216115	LIPH	plate2	plate2-2	D06	7320562a0e045e6a718aa7834fd9789e46b257497e77a29bdc57d0bedf956355	3	6.93481275167158	8.34946511779094	unknown	unknown	unknown	unknown	GEO sample description + deposited plate design + tracked imaging join
2-2_D07_TIGIT	GSM9216116	TIGIT	plate2	plate2-2	D07	6c5119dbe290a163c8c2aa7fbf4edde7dc6c8be8301716347260a366b0d19147	3	7.02955641448062	8.2766646283146	unknown	unknown	unknown	unknown	GEO sample description + deposited plate design + tracked imaging join
2-2_D08_WNT9B	GSM9216117	WNT9B	plate2	plate2-2	D08	4fe86ee8543058a92f69fbfa9b869d09c522df8ea6a3bb8d5ce8c526227c61d3	3	6.81689222634409	8.36825977735887	unknown	unknown	unknown	unknown	GEO sample description + deposited plate design + tracked imaging join
2-2_D09_SPNS1	GSM9216118	SPNS1	plate2	plate2-2	D09	02d158c0a2ef8b1ef2a7786789e88875ca8a7f291aeb16e3c8880b274948ec0e	3	6.94300943043461	8.31900890146383	unknown	unknown	unknown	unknown	GEO sample description + deposited plate design + tracked imaging join
2-2_D10_HIF1A	GSM9216119	HIF1A	plate2	plate2-2	D10	d5a5a21b17b31d7680d2adafdb3860b0de4ccfd030098ce4384df61638633e4d	3	7.03245944255409	8.13738953391285	unknown	unknown	unknown	unknown	GEO sample description + deposited plate design + tracked imaging join
2-2_D11_ETV5	GSM9216120	ETV5	plate2	plate2-2	D11	acc70cec6bd0d3fa0a86e95d8fbe2a37e086836e2959727b0d04cd3df1184562	3	6.84336685141291	8.14816268381537	unknown	unknown	unknown	unknown	GEO sample description + deposited plate design + tracked imaging join
2-2_E02_MECOM	GSM9216121	MECOM	plate2	plate2-2	E02	687bd05ab69850e99f3b5c3088adddaea5acbac18afd5839457f761c097d840c	3	6.5969515456237	8.13431714918477	unknown	unknown	unknown	unknown	GEO sample description + deposited plate design + tracked imaging join
2-2_E03_TIGIT	GSM9216122	TIGIT	plate2	plate2-2	E03	6c5119dbe290a163c8c2aa7fbf4edde7dc6c8be8301716347260a366b0d19147	3	6.88073451535624	8.31224342109925	unknown	unknown	unknown	unknown	GEO sample description + deposited plate design + tracked imaging join
2-2_E04_TOLLIP	GSM9216123	TOLLIP	plate2	plate2-2	E04	3c27ae81308be4daaf16824dd36758f6004514959b9385e8a12c95d7a9e6d047	3	6.68718296309306	8.22498152717444	unknown	unknown	unknown	unknown	GEO sample description + deposited plate design + tracked imaging join
2-2_E05_CXADR	GSM9216124	CXADR	plate2	plate2-2	E05	6b5c761b7310387cdbd1ccec8f11c63790d11b51c704659ccbac879cbf74c9b3	3	6.94976236666467	8.42863764735211	unknown	unknown	unknown	unknown	GEO sample description + deposited plate design + tracked imaging join
2-2_E06_FGFR2	GSM9216125	FGFR2	plate2	plate2-2	E06	8e50965a8ddb2aa216d48d55e6328811033d41536ef64992e6050901eca6487e	3	6.48010964290748	8.01247029430217	unknown	unknown	unknown	unknown	GEO sample description + deposited plate design + tracked imaging join
2-2_E07_LRP6	GSM9216126	LRP6	plate2	plate2-2	E07	e120e472347ed7bd86bb76cec030210565579ba597b7f74da80fb2c9c551fe3e	3	6.99889322598232	8.41486918484387	unknown	unknown	unknown	unknown	GEO sample description + deposited plate design + tracked imaging join
2-2_E08_CHRNA3	GSM9216127	CHRNA3	plate2	plate2-2	E08	f24231b5dbb5040298761f9e257819dea1555a87086a62db357f92573f33ee87	3	6.80360070519716	8.21677708052374	unknown	unknown	unknown	unknown	GEO sample description + deposited plate design + tracked imaging join
2-2_E09_SH2B1	GSM9216128	SH2B1	plate2	plate2-2	E09	17d493a22f5adee7887cecd96190de7815bec903c60d6e1f39514b2783e9f469	3	6.92416710705252	8.26521561364001	unknown	unknown	unknown	unknown	GEO sample description + deposited plate design + tracked imaging join
2-2_E10_ROS1	GSM9216129	ROS1	plate2	plate2-2	E10	fa825f2de7eaa665b3d9c9686887e90ada0b55acafd242502f7ea648943979ce	3	6.79674238858363	8.25057304550449	unknown	unknown	unknown	unknown	GEO sample description + deposited plate design + tracked imaging join
2-2_E11_CSF3R	GSM9216130	CSF3R	plate2	plate2-2	E11	318c135d887baeb516ae1fcf2281a67ef4f0dedce27d4cc8a693653ab512a85b	3	6.8534866191355	8.27053012047613	unknown	unknown	unknown	unknown	GEO sample description + deposited plate design + tracked imaging join
2-2_F02_TIGIT	GSM9216131	TIGIT	plate2	plate2-2	F02	6c5119dbe290a163c8c2aa7fbf4edde7dc6c8be8301716347260a366b0d19147	3	6.78624597987686	8.28322191746014	unknown	unknown	unknown	unknown	GEO sample description + deposited plate design + tracked imaging join
2-2_F03_DSP	GSM9216132	DSP	plate2	plate2-2	F03	1307e83833196288e0bea7741720f0fb47305258e96506201fff70a08e24d609	3	6.74070444998617	8.11744393374559	unknown	unknown	unknown	unknown	GEO sample description + deposited plate design + tracked imaging join
2-2_F04_MTUS1	GSM9216133	MTUS1	plate2	plate2-2	F04	0d5f7f0cc672a287af69ad753c3f0e5f75e7abebdfb7c2a6ac046495e01e90b0	3	6.83881580020938	8.30766530713065	unknown	unknown	unknown	unknown	GEO sample description + deposited plate design + tracked imaging join
2-2_F05_EPCAM	GSM9216134	EPCAM	plate2	plate2-2	F05	92f81304cb608967daaf6b6079bd713e94ffc0f1a5216d6f224d2bfa5831f8df	3	6.93541181890735	8.2168378590007	unknown	unknown	unknown	unknown	GEO sample description + deposited plate design + tracked imaging join
2-2_F06_FZD7	GSM9216135	FZD7	plate2	plate2-2	F06	a850cdd773bd1540c7263c7f8f43e2e45899dacf2d9440d37037e1cb611fdb39	3	6.84662583512037	8.23127005509732	unknown	unknown	unknown	unknown	GEO sample description + deposited plate design + tracked imaging join
2-2_F07_FZD1	GSM9216136	FZD1	plate2	plate2-2	F07	42c5cbeed05c9123a5759d41099e7ade2c6241ec02428a26be155d14db690b93	3	6.86970739531611	8.27861220412366	unknown	unknown	unknown	unknown	GEO sample description + deposited plate design + tracked imaging join
2-2_F08_SYT4	GSM9216137	SYT4	plate2	plate2-2	F08	da96808085d918f454b42abb9ff23b90bc82827bee479b285dde1c74b282c43c	3	7.10542428423409	8.1863722225403	unknown	unknown	unknown	unknown	GEO sample description + deposited plate design + tracked imaging join
2-2_F09_TLN1	GSM9216138	TLN1	plate2	plate2-2	F09	d3de14a4db92cf297db05afcc30878730762b8351e5574768c8d779123c941cb	3	6.8259939294621	8.56489066046801	unknown	unknown	unknown	unknown	GEO sample description + deposited plate design + tracked imaging join
2-2_F10_LRP2	GSM9216139	LRP2	plate2	plate2-2	F10	d75cf85d6033e1c8f7dfc004e2a4d7bd6a1cefde601046ec9ac93ee88bd86fc1	3	6.94313326079569	8.3483428389108	unknown	unknown	unknown	unknown	GEO sample description + deposited plate design + tracked imaging join
2-2_F11_BAP1	GSM9216140	BAP1	plate2	plate2-2	F11	df6b47f765a4cd962bcd35c37674a90b8b1e7a2c428d32d732fa1a78227cc570	3	6.91033316091361	8.44000097951015	unknown	unknown	unknown	unknown	GEO sample description + deposited plate design + tracked imaging join
2-2_G02_TERT	GSM9216141	TERT	plate2	plate2-2	G02	2e9b9db882679973b8123537c2c8b913be53e5fa79434c6ca800dc63115b4e07	3	6.80913110234105	8.32609206916924	unknown	unknown	unknown	unknown	GEO sample description + deposited plate design + tracked imaging join
2-2_G03_LRP5	GSM9216142	LRP5	plate2	plate2-2	G03	c4aecf095a4994d068e24c3be02603fd81c62f4f17f811c01fb8496f2b05e0de	3	7.07650967270235	8.44871599324558	unknown	unknown	unknown	unknown	GEO sample description + deposited plate design + tracked imaging join
2-2_G04_FZD5	GSM9216143	FZD5	plate2	plate2-2	G04	92ade1a29e5ad547262fe6f1be3951168083bf7fecb645eacdb64f2640212176	3	6.88672071900697	8.03300785482152	unknown	unknown	unknown	unknown	GEO sample description + deposited plate design + tracked imaging join
2-2_G05_FZD6	GSM9216144	FZD6	plate2	plate2-2	G05	4071f92d0fc534ee2a738a4e41f613f2940f3403c86956bd82763efb99411c0b	3	6.86281790209969	8.18779846891988	unknown	unknown	unknown	unknown	GEO sample description + deposited plate design + tracked imaging join
2-2_G06_MYRF	GSM9216145	MYRF	plate2	plate2-2	G06	decc061c878d4d696b8cd895fd2a59512c3cadc9cfec6298f06d2534b573b7ce	3	6.7650727956081	8.36191402333199	unknown	unknown	unknown	unknown	GEO sample description + deposited plate design + tracked imaging join
2-2_G07_FZD4	GSM9216146	FZD4	plate2	plate2-2	G07	f67c2d3cc148124a5218f9d1c409ea290f29ef53c88cdc5a7cfef2ff03a96151	3	6.98381601931464	8.22031489493922	unknown	unknown	unknown	unknown	GEO sample description + deposited plate design + tracked imaging join
2-2_G08_SYT11	GSM9216147	SYT11	plate2	plate2-2	G08	43adb6bd8c274df0393c4a7dda924dd8d7f0e8198bd6574ecfc010c6c6982445	3	6.74697330215841	8.2303974856364	unknown	unknown	unknown	unknown	GEO sample description + deposited plate design + tracked imaging join
2-2_G09_DMBT1	GSM9216148	DMBT1	plate2	plate2-2	G09	a01249c2580d36e2262803475690b8c9e6d33535b5bf6c1e9e8f08c9e703bbad	3	6.75902395156461	8.2037511285344	unknown	unknown	unknown	unknown	GEO sample description + deposited plate design + tracked imaging join
2-2_G10_TDTOMATO	GSM9216149	TDTOMATO	plate2	plate2-2	G10	not_in_plate_design	unknown	6.53106306477377	8.3289806072553	unknown	unknown	unknown	unknown	GEO sample description + deposited plate design + tracked imaging join
2-3_B02_IVD	GSM9216150	IVD	plate2	plate2-3	B02	2407527b6abf4e247e47ab2d85c948cdb76fd5672153fdd274e44fd574012658	3	6.8820622037503	8.46068354860325	unknown	unknown	unknown	unknown	GEO sample description + deposited plate design + tracked imaging join
2-3_B04_TIGIT	GSM9216151	TIGIT	plate2	plate2-3	B04	6c5119dbe290a163c8c2aa7fbf4edde7dc6c8be8301716347260a366b0d19147	3	6.80005054587997	8.39805067432318	unknown	unknown	unknown	unknown	GEO sample description + deposited plate design + tracked imaging join
2-3_B05_TDTOMATO	GSM9216152	TDTOMATO	plate2	plate2-3	B05	not_in_plate_design	unknown	6.73097429324604	8.50175712056456	unknown	unknown	unknown	unknown	GEO sample description + deposited plate design + tracked imaging join
2-3_B06_LNX2	GSM9216153	LNX2	plate2	plate2-3	B06	d66bd0829ec418f225bf3fc17f5563d258f6b188ad7d18c22d2556fecf3ca2dd	3	6.98726802497948	8.39310693489925	unknown	unknown	unknown	unknown	GEO sample description + deposited plate design + tracked imaging join
2-3_B07_CHRNA5	GSM9216154	CHRNA5	plate2	plate2-3	B07	e73100cb06499c3ba6b07662692645dbf4c0734001dc02fa5f5f3e79beca8106	3	6.8121721005928	8.4513430830238	unknown	unknown	unknown	unknown	GEO sample description + deposited plate design + tracked imaging join
2-3_B08_MARCKS	GSM9216155	MARCKS	plate2	plate2-3	B08	470c82ca0b227ddd05ba1100ff51449daf928fff510acde41e80d530fd69a73c	3	6.77961326712837	8.2565331812164	unknown	unknown	unknown	unknown	GEO sample description + deposited plate design + tracked imaging join
2-3_B09_TRIB3	GSM9216156	TRIB3	plate2	plate2-3	B09	6f84cea4593980909ffc2af7519c23f859fe0413eabcdf3ef0593e0c5f4db934	3	6.93792554498749	8.37325492323033	unknown	unknown	unknown	unknown	GEO sample description + deposited plate design + tracked imaging join
2-3_B10_IL4RA	GSM9216157	IL4RA	plate2	plate2-3	B10	a833b92c453b87c97f04f8704a358969838c1d085ed655ac39dde8ffac5d7caf	3	6.69417933301575	8.13806558637417	unknown	unknown	unknown	unknown	GEO sample description + deposited plate design + tracked imaging join
2-3_B11_ATP6V1C2	GSM9216158	ATP6V1C2	plate2	plate2-3	B11	063c8a57dd6ce8a316342281b8627c4eff6507f6503f4d705e641c9bfd41c282	3	6.89594666459003	8.22130085957831	unknown	unknown	unknown	unknown	GEO sample description + deposited plate design + tracked imaging join
2-3_C02_NAV2	GSM9216159	NAV2	plate2	plate2-3	C02	24d828b3813e19d5c4b52e1941fc4889d601336b9bdc2871295f9d1f7947fb49	3	6.7353353297032	8.44489883756972	unknown	unknown	unknown	unknown	GEO sample description + deposited plate design + tracked imaging join
2-3_C03_ATP11A	GSM9216160	ATP11A	plate2	plate2-3	C03	98c541cfa372ad559dff5900fd67180e75a533ceeca3da626fd9da972f2b9565	3	6.73249519396484	8.42506034411003	unknown	unknown	unknown	unknown	GEO sample description + deposited plate design + tracked imaging join
2-3_C04_PATJ	GSM9216161	PATJ	plate2	plate2-3	C04	03286e107609c110be945f74c587762c6af19b006fd05a817b8de2ef12ae8b12	3	6.68131608113371	8.13526275096841	unknown	unknown	unknown	unknown	GEO sample description + deposited plate design + tracked imaging join
2-3_C05_MEGF6	GSM9216162	MEGF6	plate2	plate2-3	C05	8472476c1f7fea8242420b3cf8d62cdf43ad0cfcca4e88314b84fa461d083707	3	6.75656247640651	8.48153370970918	unknown	unknown	unknown	unknown	GEO sample description + deposited plate design + tracked imaging join
2-3_C06_SNX30	GSM9216163	SNX30	plate2	plate2-3	C06	86119ccdb1563c329bdfb6b8e4b10581f2779e018a564f1b0db5cf4ccb4ebd8c	3	7.0695373408917	8.30110942128383	unknown	unknown	unknown	unknown	GEO sample description + deposited plate design + tracked imaging join
2-3_C07_CHAT	GSM9216164	CHAT	plate2	plate2-3	C07	0f8b7a7400191425dd03f8f79c8d76458b8dcbe9401f79c6d0ff79a2117f4256	3	6.81084036484896	8.53062663865301	unknown	unknown	unknown	unknown	GEO sample description + deposited plate design + tracked imaging join
2-3_C08_WNT7B	GSM9216165	WNT7B	plate2	plate2-3	C08	58cb3a391441b1b813ae6ef45488b477b8ee11de96b9e1561983d8231d31016e	3	7.0768585895069	8.43991322149799	unknown	unknown	unknown	unknown	GEO sample description + deposited plate design + tracked imaging join
2-3_C09_TIGIT	GSM9216166	TIGIT	plate2	plate2-3	C09	6c5119dbe290a163c8c2aa7fbf4edde7dc6c8be8301716347260a366b0d19147	3	7.28466265231055	8.46669570418493	unknown	unknown	unknown	unknown	GEO sample description + deposited plate design + tracked imaging join
2-3_C10_HLF	GSM9216167	HLF	plate2	plate2-3	C10	cb986c170686af2ce53c1e429fa2a0d7fc13297882cebb13e0c62edfbbb98df7	3	6.73402891118029	8.43432301810303	unknown	unknown	unknown	unknown	GEO sample description + deposited plate design + tracked imaging join
2-3_D02_CAPN1	GSM9216168	CAPN1	plate2	plate2-3	D02	55943b82b7b8bf0b0182aefb75a8a65e1b8c65bb1567795cfa8690f1d28d2d7c	3	6.70999005904067	8.42667594534117	unknown	unknown	unknown	unknown	GEO sample description + deposited plate design + tracked imaging join
2-3_D03_GPR37	GSM9216169	GPR37	plate2	plate2-3	D03	c71fbbf9818e97fd2371100a75c1843f99998485e2e877242017ce1fd54faf68	3	7.01794442484039	8.4206042359875	unknown	unknown	unknown	unknown	GEO sample description + deposited plate design + tracked imaging join
2-3_D04_SDC1	GSM9216170	SDC1	plate2	plate2-3	D04	f70f26a3f0cf8768490d0f25f1315ea8d729a6711145f507ae7b9290b6615a77	3	6.90338435739981	8.50203467129963	unknown	unknown	unknown	unknown	GEO sample description + deposited plate design + tracked imaging join
2-3_D05_SLC45A4	GSM9216171	SLC45A4	plate2	plate2-3	D05	d36ee3fd61eb4b0e7685fd7da1dd427d992e7c11437c9d6dbe8797800568a392	3	6.94619696015828	8.54947368714407	unknown	unknown	unknown	unknown	GEO sample description + deposited plate design + tracked imaging join
2-3_D06_LIPH	GSM9216172	LIPH	plate2	plate2-3	D06	7320562a0e045e6a718aa7834fd9789e46b257497e77a29bdc57d0bedf956355	3	6.84968130162228	8.17795714682871	unknown	unknown	unknown	unknown	GEO sample description + deposited plate design + tracked imaging join
2-3_D07_TIGIT	GSM9216173	TIGIT	plate2	plate2-3	D07	6c5119dbe290a163c8c2aa7fbf4edde7dc6c8be8301716347260a366b0d19147	3	6.89513119126672	8.50217406867428	unknown	unknown	unknown	unknown	GEO sample description + deposited plate design + tracked imaging join
2-3_D08_WNT9B	GSM9216174	WNT9B	plate2	plate2-3	D08	4fe86ee8543058a92f69fbfa9b869d09c522df8ea6a3bb8d5ce8c526227c61d3	3	6.81677052645082	8.38389012324141	unknown	unknown	unknown	unknown	GEO sample description + deposited plate design + tracked imaging join
2-3_D09_SPNS1	GSM9216175	SPNS1	plate2	plate2-3	D09	02d158c0a2ef8b1ef2a7786789e88875ca8a7f291aeb16e3c8880b274948ec0e	3	6.89034626818915	8.61403696101786	unknown	unknown	unknown	unknown	GEO sample description + deposited plate design + tracked imaging join
2-3_D10_HIF1A	GSM9216176	HIF1A	plate2	plate2-3	D10	d5a5a21b17b31d7680d2adafdb3860b0de4ccfd030098ce4384df61638633e4d	3	7.11280194661295	8.47962076405794	unknown	unknown	unknown	unknown	GEO sample description + deposited plate design + tracked imaging join
2-3_D11_ETV5	GSM9216177	ETV5	plate2	plate2-3	D11	acc70cec6bd0d3fa0a86e95d8fbe2a37e086836e2959727b0d04cd3df1184562	3	6.67877661105312	8.38209398675289	unknown	unknown	unknown	unknown	GEO sample description + deposited plate design + tracked imaging join
2-3_E02_MECOM	GSM9216178	MECOM	plate2	plate2-3	E02	687bd05ab69850e99f3b5c3088adddaea5acbac18afd5839457f761c097d840c	3	6.50463175885587	8.44482201285694	unknown	unknown	unknown	unknown	GEO sample description + deposited plate design + tracked imaging join
2-3_E03_TIGIT	GSM9216179	TIGIT	plate2	plate2-3	E03	6c5119dbe290a163c8c2aa7fbf4edde7dc6c8be8301716347260a366b0d19147	3	6.86895619460032	8.43818746452312	unknown	unknown	unknown	unknown	GEO sample description + deposited plate design + tracked imaging join
2-3_E04_TOLLIP	GSM9216180	TOLLIP	plate2	plate2-3	E04	3c27ae81308be4daaf16824dd36758f6004514959b9385e8a12c95d7a9e6d047	3	6.71320911685426	8.27828186562547	unknown	unknown	unknown	unknown	GEO sample description + deposited plate design + tracked imaging join
2-3_E05_CXADR	GSM9216181	CXADR	plate2	plate2-3	E05	6b5c761b7310387cdbd1ccec8f11c63790d11b51c704659ccbac879cbf74c9b3	3	6.89704384561257	8.25190819989485	unknown	unknown	unknown	unknown	GEO sample description + deposited plate design + tracked imaging join
2-3_E06_FGFR2	GSM9216182	FGFR2	plate2	plate2-3	E06	8e50965a8ddb2aa216d48d55e6328811033d41536ef64992e6050901eca6487e	3	6.7423947043923	8.24779438754319	unknown	unknown	unknown	unknown	GEO sample description + deposited plate design + tracked imaging join
2-3_E07_LRP6	GSM9216183	LRP6	plate2	plate2-3	E07	e120e472347ed7bd86bb76cec030210565579ba597b7f74da80fb2c9c551fe3e	3	6.73460322738236	8.44375873062024	unknown	unknown	unknown	unknown	GEO sample description + deposited plate design + tracked imaging join
2-3_E08_CHRNA3	GSM9216184	CHRNA3	plate2	plate2-3	E08	f24231b5dbb5040298761f9e257819dea1555a87086a62db357f92573f33ee87	3	6.88420252935143	8.47728460277392	unknown	unknown	unknown	unknown	GEO sample description + deposited plate design + tracked imaging join
2-3_E09_SH2B1	GSM9216185	SH2B1	plate2	plate2-3	E09	17d493a22f5adee7887cecd96190de7815bec903c60d6e1f39514b2783e9f469	3	7.10079181569003	8.42664827062302	unknown	unknown	unknown	unknown	GEO sample description + deposited plate design + tracked imaging join
2-3_E10_ROS1	GSM9216186	ROS1	plate2	plate2-3	E10	fa825f2de7eaa665b3d9c9686887e90ada0b55acafd242502f7ea648943979ce	3	6.93638453756941	8.26153872685916	unknown	unknown	unknown	unknown	GEO sample description + deposited plate design + tracked imaging join
2-3_E11_CSF3R	GSM9216187	CSF3R	plate2	plate2-3	E11	318c135d887baeb516ae1fcf2281a67ef4f0dedce27d4cc8a693653ab512a85b	3	6.85973838465214	8.51053828352618	unknown	unknown	unknown	unknown	GEO sample description + deposited plate design + tracked imaging join
2-3_F02_TIGIT	GSM9216188	TIGIT	plate2	plate2-3	F02	6c5119dbe290a163c8c2aa7fbf4edde7dc6c8be8301716347260a366b0d19147	3	6.74367436293888	8.49091471996401	unknown	unknown	unknown	unknown	GEO sample description + deposited plate design + tracked imaging join
2-3_F03_DSP	GSM9216189	DSP	plate2	plate2-3	F03	1307e83833196288e0bea7741720f0fb47305258e96506201fff70a08e24d609	3	6.75391029101297	8.23911538683187	unknown	unknown	unknown	unknown	GEO sample description + deposited plate design + tracked imaging join
2-3_F04_MTUS1	GSM9216190	MTUS1	plate2	plate2-3	F04	0d5f7f0cc672a287af69ad753c3f0e5f75e7abebdfb7c2a6ac046495e01e90b0	3	6.78212905297882	8.39326710873921	unknown	unknown	unknown	unknown	GEO sample description + deposited plate design + tracked imaging join
2-3_F05_EPCAM	GSM9216191	EPCAM	plate2	plate2-3	F05	92f81304cb608967daaf6b6079bd713e94ffc0f1a5216d6f224d2bfa5831f8df	3	6.86462580382659	8.23930030054591	unknown	unknown	unknown	unknown	GEO sample description + deposited plate design + tracked imaging join
2-3_F06_FZD7	GSM9216192	FZD7	plate2	plate2-3	F06	a850cdd773bd1540c7263c7f8f43e2e45899dacf2d9440d37037e1cb611fdb39	3	6.82458042984756	8.50639000640426	unknown	unknown	unknown	unknown	GEO sample description + deposited plate design + tracked imaging join
2-3_F07_FZD1	GSM9216193	FZD1	plate2	plate2-3	F07	42c5cbeed05c9123a5759d41099e7ade2c6241ec02428a26be155d14db690b93	3	6.7505873980887	8.28957131740659	unknown	unknown	unknown	unknown	GEO sample description + deposited plate design + tracked imaging join
2-3_F08_SYT4	GSM9216194	SYT4	plate2	plate2-3	F08	da96808085d918f454b42abb9ff23b90bc82827bee479b285dde1c74b282c43c	3	6.86964038898709	8.28069304690508	unknown	unknown	unknown	unknown	GEO sample description + deposited plate design + tracked imaging join
2-3_F09_TLN1	GSM9216195	TLN1	plate2	plate2-3	F09	d3de14a4db92cf297db05afcc30878730762b8351e5574768c8d779123c941cb	3	6.86563228084803	8.55394104318447	unknown	unknown	unknown	unknown	GEO sample description + deposited plate design + tracked imaging join
2-3_F10_LRP2	GSM9216196	LRP2	plate2	plate2-3	F10	d75cf85d6033e1c8f7dfc004e2a4d7bd6a1cefde601046ec9ac93ee88bd86fc1	3	7.0519604737183	8.53249896484963	unknown	unknown	unknown	unknown	GEO sample description + deposited plate design + tracked imaging join
2-3_F11_BAP1	GSM9216197	BAP1	plate2	plate2-3	F11	df6b47f765a4cd962bcd35c37674a90b8b1e7a2c428d32d732fa1a78227cc570	3	6.76692945410312	8.45256769023156	unknown	unknown	unknown	unknown	GEO sample description + deposited plate design + tracked imaging join
2-3_G02_TERT	GSM9216198	TERT	plate2	plate2-3	G02	2e9b9db882679973b8123537c2c8b913be53e5fa79434c6ca800dc63115b4e07	3	6.94541974810366	8.56269141566852	unknown	unknown	unknown	unknown	GEO sample description + deposited plate design + tracked imaging join
2-3_G03_LRP5	GSM9216199	LRP5	plate2	plate2-3	G03	c4aecf095a4994d068e24c3be02603fd81c62f4f17f811c01fb8496f2b05e0de	3	6.68702930064628	8.26201235962913	unknown	unknown	unknown	unknown	GEO sample description + deposited plate design + tracked imaging join
2-3_G05_FZD6	GSM9216200	FZD6	plate2	plate2-3	G05	4071f92d0fc534ee2a738a4e41f613f2940f3403c86956bd82763efb99411c0b	3	6.99723182220625	8.37944166628292	unknown	unknown	unknown	unknown	GEO sample description + deposited plate design + tracked imaging join
2-3_G06_MYRF	GSM9216201	MYRF	plate2	plate2-3	G06	decc061c878d4d696b8cd895fd2a59512c3cadc9cfec6298f06d2534b573b7ce	3	6.85421276618215	8.30921354099202	unknown	unknown	unknown	unknown	GEO sample description + deposited plate design + tracked imaging join
2-3_G07_FZD4	GSM9216202	FZD4	plate2	plate2-3	G07	f67c2d3cc148124a5218f9d1c409ea290f29ef53c88cdc5a7cfef2ff03a96151	3	6.80662185732399	8.36762659060557	unknown	unknown	unknown	unknown	GEO sample description + deposited plate design + tracked imaging join
2-3_G08_SYT11	GSM9216203	SYT11	plate2	plate2-3	G08	43adb6bd8c274df0393c4a7dda924dd8d7f0e8198bd6574ecfc010c6c6982445	3	6.8875553332723	8.48047659421657	unknown	unknown	unknown	unknown	GEO sample description + deposited plate design + tracked imaging join
2-3_G09_DMBT1	GSM9216204	DMBT1	plate2	plate2-3	G09	a01249c2580d36e2262803475690b8c9e6d33535b5bf6c1e9e8f08c9e703bbad	3	6.86625909946457	8.2991214469053	unknown	unknown	unknown	unknown	GEO sample description + deposited plate design + tracked imaging join
2-3_G10_TDTOMATO	GSM9216205	TDTOMATO	plate2	plate2-3	G10	not_in_plate_design	unknown	6.67473495846525	8.96971975764613	unknown	unknown	unknown	unknown	GEO sample description + deposited plate design + tracked imaging join
2-3_G11_TIGIT	GSM9216206	TIGIT	plate2	plate2-3	G11	6c5119dbe290a163c8c2aa7fbf4edde7dc6c8be8301716347260a366b0d19147	3	6.72500058588717	8.35324734316842	unknown	unknown	unknown	unknown	GEO sample description + deposited plate design + tracked imaging join
2-4_B03_ACOXL	GSM9216207	ACOXL	plate2	plate2-4	B03	e3a692468248f65def999dbd97a210ce66cca695127fae641e0329fc8d4ae9ed	3	6.7169087875577	8.18259579708115	unknown	unknown	unknown	unknown	GEO sample description + deposited plate design + tracked imaging join
2-4_B04_TIGIT	GSM9216208	TIGIT	plate2	plate2-4	B04	6c5119dbe290a163c8c2aa7fbf4edde7dc6c8be8301716347260a366b0d19147	3	6.76334443582509	8.19533743615441	unknown	unknown	unknown	unknown	GEO sample description + deposited plate design + tracked imaging join
2-4_B05_TDTOMATO	GSM9216209	TDTOMATO	plate2	plate2-4	B05	not_in_plate_design	unknown	6.67382161210957	8.49685742912388	unknown	unknown	unknown	unknown	GEO sample description + deposited plate design + tracked imaging join
2-4_B06_LNX2	GSM9216210	LNX2	plate2	plate2-4	B06	d66bd0829ec418f225bf3fc17f5563d258f6b188ad7d18c22d2556fecf3ca2dd	3	6.79632489710663	8.23785862696583	unknown	unknown	unknown	unknown	GEO sample description + deposited plate design + tracked imaging join
2-4_B07_CHRNA5	GSM9216211	CHRNA5	plate2	plate2-4	B07	e73100cb06499c3ba6b07662692645dbf4c0734001dc02fa5f5f3e79beca8106	3	6.82642535430495	8.25400984702153	unknown	unknown	unknown	unknown	GEO sample description + deposited plate design + tracked imaging join
2-4_B08_MARCKS	GSM9216212	MARCKS	plate2	plate2-4	B08	470c82ca0b227ddd05ba1100ff51449daf928fff510acde41e80d530fd69a73c	3	6.75972519562953	8.32106736956662	unknown	unknown	unknown	unknown	GEO sample description + deposited plate design + tracked imaging join
2-4_B09_TRIB3	GSM9216213	TRIB3	plate2	plate2-4	B09	6f84cea4593980909ffc2af7519c23f859fe0413eabcdf3ef0593e0c5f4db934	3	6.66129425475256	8.40540836602357	unknown	unknown	unknown	unknown	GEO sample description + deposited plate design + tracked imaging join
2-4_B10_IL4RA	GSM9216214	IL4RA	plate2	plate2-4	B10	a833b92c453b87c97f04f8704a358969838c1d085ed655ac39dde8ffac5d7caf	3	6.70986897497842	8.21355687171845	unknown	unknown	unknown	unknown	GEO sample description + deposited plate design + tracked imaging join
2-4_B11_ATP6V1C2	GSM9216215	ATP6V1C2	plate2	plate2-4	B11	063c8a57dd6ce8a316342281b8627c4eff6507f6503f4d705e641c9bfd41c282	3	6.82732772087308	8.26841325326257	unknown	unknown	unknown	unknown	GEO sample description + deposited plate design + tracked imaging join
2-4_C02_NAV2	GSM9216216	NAV2	plate2	plate2-4	C02	24d828b3813e19d5c4b52e1941fc4889d601336b9bdc2871295f9d1f7947fb49	3	6.76664583815423	8.36939472569322	unknown	unknown	unknown	unknown	GEO sample description + deposited plate design + tracked imaging join
2-4_C03_ATP11A	GSM9216217	ATP11A	plate2	plate2-4	C03	98c541cfa372ad559dff5900fd67180e75a533ceeca3da626fd9da972f2b9565	3	6.58840969445664	8.35841805845941	unknown	unknown	unknown	unknown	GEO sample description + deposited plate design + tracked imaging join
2-4_C04_PATJ	GSM9216218	PATJ	plate2	plate2-4	C04	03286e107609c110be945f74c587762c6af19b006fd05a817b8de2ef12ae8b12	3	6.85294200645968	8.33736744951622	unknown	unknown	unknown	unknown	GEO sample description + deposited plate design + tracked imaging join
2-4_C05_MEGF6	GSM9216219	MEGF6	plate2	plate2-4	C05	8472476c1f7fea8242420b3cf8d62cdf43ad0cfcca4e88314b84fa461d083707	3	6.86675878573421	8.51775542390007	unknown	unknown	unknown	unknown	GEO sample description + deposited plate design + tracked imaging join
2-4_C06_SNX30	GSM9216220	SNX30	plate2	plate2-4	C06	86119ccdb1563c329bdfb6b8e4b10581f2779e018a564f1b0db5cf4ccb4ebd8c	3	7.20640850600079	8.39387327785832	unknown	unknown	unknown	unknown	GEO sample description + deposited plate design + tracked imaging join
2-4_C07_CHAT	GSM9216221	CHAT	plate2	plate2-4	C07	0f8b7a7400191425dd03f8f79c8d76458b8dcbe9401f79c6d0ff79a2117f4256	3	7.25514340101601	8.58066182958949	unknown	unknown	unknown	unknown	GEO sample description + deposited plate design + tracked imaging join
2-4_C08_WNT7B	GSM9216222	WNT7B	plate2	plate2-4	C08	58cb3a391441b1b813ae6ef45488b477b8ee11de96b9e1561983d8231d31016e	3	7.33007750277967	8.30319842990848	unknown	unknown	unknown	unknown	GEO sample description + deposited plate design + tracked imaging join
2-4_C09_TIGIT	GSM9216223	TIGIT	plate2	plate2-4	C09	6c5119dbe290a163c8c2aa7fbf4edde7dc6c8be8301716347260a366b0d19147	3	6.97938244199749	8.4336520753815	unknown	unknown	unknown	unknown	GEO sample description + deposited plate design + tracked imaging join
2-4_C10_HLF	GSM9216224	HLF	plate2	plate2-4	C10	cb986c170686af2ce53c1e429fa2a0d7fc13297882cebb13e0c62edfbbb98df7	3	6.88686743175685	8.3464868005404	unknown	unknown	unknown	unknown	GEO sample description + deposited plate design + tracked imaging join
2-4_C11_IRX1	GSM9216225	IRX1	plate2	plate2-4	C11	fc41373138c3f153395194cc08f198aa807b5811091f919d6465b328bfb7ae5c	3	6.92405956353604	8.31741741927998	unknown	unknown	unknown	unknown	GEO sample description + deposited plate design + tracked imaging join
2-4_D02_CAPN1	GSM9216226	CAPN1	plate2	plate2-4	D02	55943b82b7b8bf0b0182aefb75a8a65e1b8c65bb1567795cfa8690f1d28d2d7c	3	6.74479397707487	8.44514255635283	unknown	unknown	unknown	unknown	GEO sample description + deposited plate design + tracked imaging join
2-4_D03_GPR37	GSM9216227	GPR37	plate2	plate2-4	D03	c71fbbf9818e97fd2371100a75c1843f99998485e2e877242017ce1fd54faf68	3	7.00153488974757	8.45131705991967	unknown	unknown	unknown	unknown	GEO sample description + deposited plate design + tracked imaging join
2-4_D04_SDC1	GSM9216228	SDC1	plate2	plate2-4	D04	f70f26a3f0cf8768490d0f25f1315ea8d729a6711145f507ae7b9290b6615a77	3	7.02426079941056	8.58403018690642	unknown	unknown	unknown	unknown	GEO sample description + deposited plate design + tracked imaging join
2-4_D05_SLC45A4	GSM9216229	SLC45A4	plate2	plate2-4	D05	d36ee3fd61eb4b0e7685fd7da1dd427d992e7c11437c9d6dbe8797800568a392	3	6.82572703402762	8.32730929194008	unknown	unknown	unknown	unknown	GEO sample description + deposited plate design + tracked imaging join
2-4_D06_LIPH	GSM9216230	LIPH	plate2	plate2-4	D06	7320562a0e045e6a718aa7834fd9789e46b257497e77a29bdc57d0bedf956355	3	7.11029772125156	8.50026348868541	unknown	unknown	unknown	unknown	GEO sample description + deposited plate design + tracked imaging join
2-4_D07_TIGIT	GSM9216231	TIGIT	plate2	plate2-4	D07	6c5119dbe290a163c8c2aa7fbf4edde7dc6c8be8301716347260a366b0d19147	3	6.97572115322764	8.32395660670176	unknown	unknown	unknown	unknown	GEO sample description + deposited plate design + tracked imaging join
2-4_D08_WNT9B	GSM9216232	WNT9B	plate2	plate2-4	D08	4fe86ee8543058a92f69fbfa9b869d09c522df8ea6a3bb8d5ce8c526227c61d3	3	7.01818897807529	8.46634438612619	unknown	unknown	unknown	unknown	GEO sample description + deposited plate design + tracked imaging join
2-4_D09_SPNS1	GSM9216233	SPNS1	plate2	plate2-4	D09	02d158c0a2ef8b1ef2a7786789e88875ca8a7f291aeb16e3c8880b274948ec0e	3	6.93401859475194	8.50153399648256	unknown	unknown	unknown	unknown	GEO sample description + deposited plate design + tracked imaging join
2-4_D10_HIF1A	GSM9216234	HIF1A	plate2	plate2-4	D10	d5a5a21b17b31d7680d2adafdb3860b0de4ccfd030098ce4384df61638633e4d	3	6.94083794872693	8.43992822010422	unknown	unknown	unknown	unknown	GEO sample description + deposited plate design + tracked imaging join
2-4_D11_ETV5	GSM9216235	ETV5	plate2	plate2-4	D11	acc70cec6bd0d3fa0a86e95d8fbe2a37e086836e2959727b0d04cd3df1184562	3	6.74330293898647	8.36553845192362	unknown	unknown	unknown	unknown	GEO sample description + deposited plate design + tracked imaging join
2-4_E02_MECOM	GSM9216236	MECOM	plate2	plate2-4	E02	687bd05ab69850e99f3b5c3088adddaea5acbac18afd5839457f761c097d840c	3	6.89654060876509	8.45124361583272	unknown	unknown	unknown	unknown	GEO sample description + deposited plate design + tracked imaging join
2-4_E03_TIGIT	GSM9216237	TIGIT	plate2	plate2-4	E03	6c5119dbe290a163c8c2aa7fbf4edde7dc6c8be8301716347260a366b0d19147	3	6.84060378658373	8.37685957041543	unknown	unknown	unknown	unknown	GEO sample description + deposited plate design + tracked imaging join
2-4_E04_TOLLIP	GSM9216238	TOLLIP	plate2	plate2-4	E04	3c27ae81308be4daaf16824dd36758f6004514959b9385e8a12c95d7a9e6d047	3	6.84563823438969	8.27077635681435	unknown	unknown	unknown	unknown	GEO sample description + deposited plate design + tracked imaging join
2-4_E05_CXADR	GSM9216239	CXADR	plate2	plate2-4	E05	6b5c761b7310387cdbd1ccec8f11c63790d11b51c704659ccbac879cbf74c9b3	3	6.8857435844233	8.51318751892769	unknown	unknown	unknown	unknown	GEO sample description + deposited plate design + tracked imaging join
2-4_E06_FGFR2	GSM9216240	FGFR2	plate2	plate2-4	E06	8e50965a8ddb2aa216d48d55e6328811033d41536ef64992e6050901eca6487e	3	6.61971088001317	8.20807271078893	unknown	unknown	unknown	unknown	GEO sample description + deposited plate design + tracked imaging join
2-4_E07_LRP6	GSM9216241	LRP6	plate2	plate2-4	E07	e120e472347ed7bd86bb76cec030210565579ba597b7f74da80fb2c9c551fe3e	3	6.88878561513012	8.25777274252332	unknown	unknown	unknown	unknown	GEO sample description + deposited plate design + tracked imaging join
2-4_E08_CHRNA3	GSM9216242	CHRNA3	plate2	plate2-4	E08	f24231b5dbb5040298761f9e257819dea1555a87086a62db357f92573f33ee87	3	6.98093701225754	8.54295485873923	unknown	unknown	unknown	unknown	GEO sample description + deposited plate design + tracked imaging join
2-4_E09_SH2B1	GSM9216243	SH2B1	plate2	plate2-4	E09	17d493a22f5adee7887cecd96190de7815bec903c60d6e1f39514b2783e9f469	3	6.84780599808422	8.41496087284297	unknown	unknown	unknown	unknown	GEO sample description + deposited plate design + tracked imaging join
2-4_E10_ROS1	GSM9216244	ROS1	plate2	plate2-4	E10	fa825f2de7eaa665b3d9c9686887e90ada0b55acafd242502f7ea648943979ce	3	6.96559123758164	8.41778766106115	unknown	unknown	unknown	unknown	GEO sample description + deposited plate design + tracked imaging join
2-4_E11_CSF3R	GSM9216245	CSF3R	plate2	plate2-4	E11	318c135d887baeb516ae1fcf2281a67ef4f0dedce27d4cc8a693653ab512a85b	3	6.93855369779598	8.39329939827148	unknown	unknown	unknown	unknown	GEO sample description + deposited plate design + tracked imaging join
2-4_F02_TIGIT	GSM9216246	TIGIT	plate2	plate2-4	F02	6c5119dbe290a163c8c2aa7fbf4edde7dc6c8be8301716347260a366b0d19147	3	6.89489622491437	8.43847064856585	unknown	unknown	unknown	unknown	GEO sample description + deposited plate design + tracked imaging join
2-4_F03_DSP	GSM9216247	DSP	plate2	plate2-4	F03	1307e83833196288e0bea7741720f0fb47305258e96506201fff70a08e24d609	3	7.23909729494284	8.40691858195349	unknown	unknown	unknown	unknown	GEO sample description + deposited plate design + tracked imaging join
2-4_F04_MTUS1	GSM9216248	MTUS1	plate2	plate2-4	F04	0d5f7f0cc672a287af69ad753c3f0e5f75e7abebdfb7c2a6ac046495e01e90b0	3	7.235040625404	8.35207781009137	unknown	unknown	unknown	unknown	GEO sample description + deposited plate design + tracked imaging join
2-4_F05_EPCAM	GSM9216249	EPCAM	plate2	plate2-4	F05	92f81304cb608967daaf6b6079bd713e94ffc0f1a5216d6f224d2bfa5831f8df	3	6.79281972474689	8.36347899134257	unknown	unknown	unknown	unknown	GEO sample description + deposited plate design + tracked imaging join
2-4_F06_FZD7	GSM9216250	FZD7	plate2	plate2-4	F06	a850cdd773bd1540c7263c7f8f43e2e45899dacf2d9440d37037e1cb611fdb39	3	6.85578092012668	8.3570403490855	unknown	unknown	unknown	unknown	GEO sample description + deposited plate design + tracked imaging join
2-4_F07_FZD1	GSM9216251	FZD1	plate2	plate2-4	F07	42c5cbeed05c9123a5759d41099e7ade2c6241ec02428a26be155d14db690b93	3	6.73263395875734	8.39691684556703	unknown	unknown	unknown	unknown	GEO sample description + deposited plate design + tracked imaging join
2-4_F08_SYT4	GSM9216252	SYT4	plate2	plate2-4	F08	da96808085d918f454b42abb9ff23b90bc82827bee479b285dde1c74b282c43c	3	6.72256952624411	8.3295197746575	unknown	unknown	unknown	unknown	GEO sample description + deposited plate design + tracked imaging join
2-4_F09_TLN1	GSM9216253	TLN1	plate2	plate2-4	F09	d3de14a4db92cf297db05afcc30878730762b8351e5574768c8d779123c941cb	3	7.10209758011861	8.45669603029579	unknown	unknown	unknown	unknown	GEO sample description + deposited plate design + tracked imaging join
2-4_F10_LRP2	GSM9216254	LRP2	plate2	plate2-4	F10	d75cf85d6033e1c8f7dfc004e2a4d7bd6a1cefde601046ec9ac93ee88bd86fc1	3	6.75897340207142	8.34865202880582	unknown	unknown	unknown	unknown	GEO sample description + deposited plate design + tracked imaging join
2-4_F11_BAP1	GSM9216255	BAP1	plate2	plate2-4	F11	df6b47f765a4cd962bcd35c37674a90b8b1e7a2c428d32d732fa1a78227cc570	3	6.88312100696624	8.45483068361039	unknown	unknown	unknown	unknown	GEO sample description + deposited plate design + tracked imaging join
2-4_G02_TERT	GSM9216256	TERT	plate2	plate2-4	G02	2e9b9db882679973b8123537c2c8b913be53e5fa79434c6ca800dc63115b4e07	3	6.94328246234761	8.58681088681294	unknown	unknown	unknown	unknown	GEO sample description + deposited plate design + tracked imaging join
2-4_G04_FZD5	GSM9216257	FZD5	plate2	plate2-4	G04	92ade1a29e5ad547262fe6f1be3951168083bf7fecb645eacdb64f2640212176	3	6.74146192525383	8.25705339405278	unknown	unknown	unknown	unknown	GEO sample description + deposited plate design + tracked imaging join
2-4_G05_FZD6	GSM9216258	FZD6	plate2	plate2-4	G05	4071f92d0fc534ee2a738a4e41f613f2940f3403c86956bd82763efb99411c0b	3	6.87478650108636	8.27083840031093	unknown	unknown	unknown	unknown	GEO sample description + deposited plate design + tracked imaging join
2-4_G06_MYRF	GSM9216259	MYRF	plate2	plate2-4	G06	decc061c878d4d696b8cd895fd2a59512c3cadc9cfec6298f06d2534b573b7ce	3	6.90531008223008	8.26814222617533	unknown	unknown	unknown	unknown	GEO sample description + deposited plate design + tracked imaging join
2-4_G07_FZD4	GSM9216260	FZD4	plate2	plate2-4	G07	f67c2d3cc148124a5218f9d1c409ea290f29ef53c88cdc5a7cfef2ff03a96151	3	6.75566160886848	8.30173990657738	unknown	unknown	unknown	unknown	GEO sample description + deposited plate design + tracked imaging join
2-4_G08_SYT11	GSM9216261	SYT11	plate2	plate2-4	G08	43adb6bd8c274df0393c4a7dda924dd8d7f0e8198bd6574ecfc010c6c6982445	3	6.87919041378371	8.38118601442371	unknown	unknown	unknown	unknown	GEO sample description + deposited plate design + tracked imaging join
2-4_G09_DMBT1	GSM9216262	DMBT1	plate2	plate2-4	G09	a01249c2580d36e2262803475690b8c9e6d33535b5bf6c1e9e8f08c9e703bbad	3	6.89918594646813	8.30167227502219	unknown	unknown	unknown	unknown	GEO sample description + deposited plate design + tracked imaging join
2-4_G10_TDTOMATO	GSM9216263	TDTOMATO	plate2	plate2-4	G10	not_in_plate_design	unknown	6.63193920382232	8.35257022785659	unknown	unknown	unknown	unknown	GEO sample description + deposited plate design + tracked imaging join
2-4_G11_TIGIT	GSM9216264	TIGIT	plate2	plate2-4	G11	6c5119dbe290a163c8c2aa7fbf4edde7dc6c8be8301716347260a366b0d19147	3	7.08771192578534	8.55450903309941	unknown	unknown	unknown	unknown	GEO sample description + deposited plate design + tracked imaging join
3-1_B02_KIDINS220	GSM9216265	KIDINS220	plate3	plate3-1	B02	90c088603c6f0988e77f6ea7b8b0e676c1eaa62982f8ab0058ba84033a2b26e5	3	6.15081115701992	8.55636670570592	unknown	unknown	unknown	unknown	GEO sample description + deposited plate design + tracked imaging join
3-1_B03_CD81	GSM9216266	CD81	plate3	plate3-1	B03	193ac9a38b02ec4e23cc4ddfaeaf3f9e2fd95a5530a1a2e8d5054eb8895214b9	3	6.48171817416349	8.53352123976477	unknown	unknown	unknown	unknown	GEO sample description + deposited plate design + tracked imaging join
3-1_B04_TIGIT	GSM9216267	TIGIT	plate3	plate3-1	B04	6c5119dbe290a163c8c2aa7fbf4edde7dc6c8be8301716347260a366b0d19147	3	6.6013959362719	8.72354608446807	unknown	unknown	unknown	unknown	GEO sample description + deposited plate design + tracked imaging join
3-1_B05_TDTOMATO	GSM9216268	TDTOMATO	plate3	plate3-1	B05	not_in_plate_design	unknown	6.25277451557812	8.79138774848689	unknown	unknown	unknown	unknown	GEO sample description + deposited plate design + tracked imaging join
3-1_B06_TGIF1	GSM9216269	TGIF1	plate3	plate3-1	B06	d371f1c1fbc6fe3c4e34568198d24cab7300411457d018c722d5ded2f5877946	3	6.22270486101548	7.97290068911213	unknown	unknown	unknown	unknown	GEO sample description + deposited plate design + tracked imaging join
3-1_B07_CELSR1	GSM9216270	CELSR1	plate3	plate3-1	B07	2d38dcc500585603556627d37bdd195a2550436187e98c067a28f798ea369f31	3	6.85388414576055	8.75646266484584	unknown	unknown	unknown	unknown	GEO sample description + deposited plate design + tracked imaging join
3-1_B08_PI4K2B	GSM9216271	PI4K2B	plate3	plate3-1	B08	b2932b2cccd9c92e30c728618efbe845e434c5b4b75ade86e00493098d898a14	3	6.71701048763842	8.65408128641311	unknown	unknown	unknown	unknown	GEO sample description + deposited plate design + tracked imaging join
3-1_B09_MAP2K2	GSM9216272	MAP2K2	plate3	plate3-1	B09	5f670a39e941a21c0b9478b1d2dd987ad3ff0ca4a27868bde06ac1a371badb53	3	6.84196780851875	8.63351275286234	unknown	unknown	unknown	unknown	GEO sample description + deposited plate design + tracked imaging join
3-1_B10_MAP3K5	GSM9216273	MAP3K5	plate3	plate3-1	B10	15d657cb95797d1d093e70d83c020d6537ff786dc4ce3e8fdfa15daea5215ef5	3	6.77836697000991	8.65413857282727	unknown	unknown	unknown	unknown	GEO sample description + deposited plate design + tracked imaging join
3-1_B11_MAPK3	GSM9216274	MAPK3	plate3	plate3-1	B11	dc48c633db053e653e211dead82804987bec922fdec83f0983d60384057833a6	3	7.01114934715267	8.62393268781327	unknown	unknown	unknown	unknown	GEO sample description + deposited plate design + tracked imaging join
3-1_C02_ITGB6	GSM9216275	ITGB6	plate3	plate3-1	C02	b29cad73c7b7391315d4b5a556d1baea6b6c06bbfd5554c6de53e3268c814b9b	3	6.84651779367691	8.72173031349708	unknown	unknown	unknown	unknown	GEO sample description + deposited plate design + tracked imaging join
3-1_C03_EGFR	GSM9216276	EGFR	plate3	plate3-1	C03	4e06f61649c789ce3e34e4d43db8f16501ec8036a785c8df8e5746a5d9a2ca8b	3	6.7894137101483	8.87223485219904	unknown	unknown	unknown	unknown	GEO sample description + deposited plate design + tracked imaging join
3-1_C04_DRAM1	GSM9216277	DRAM1	plate3	plate3-1	C04	0dad65c7bd6aeb9e78b1cd71b995a358c9db39819c1bf6380f4dba260b0fc1c7	3	6.75185829212862	8.27117331371992	unknown	unknown	unknown	unknown	GEO sample description + deposited plate design + tracked imaging join
3-1_C05_CSNK1A1	GSM9216278	CSNK1A1	plate3	plate3-1	C05	cc182fe0e6738d1e7eb4440a393735023e680f8ba959a1f069c76b79ec97460a	3	5.58950610546415	6.75526340290737	unknown	unknown	unknown	unknown	GEO sample description + deposited plate design + tracked imaging join
3-1_C06_ADK	GSM9216279	ADK	plate3	plate3-1	C06	b38b648a3eaaa8bf69afee7f720e98a3a1dd8c8be564d0d3ffc7c366765b0887	3	6.81140667134842	8.69983440200001	unknown	unknown	unknown	unknown	GEO sample description + deposited plate design + tracked imaging join
3-1_C07_GNAI2	GSM9216280	GNAI2	plate3	plate3-1	C07	346d8b20afbfadc7546ab838061e948968270e9cde7a3ab34d80ebbf71b95baa	3	6.83242138848546	8.75454937084598	unknown	unknown	unknown	unknown	GEO sample description + deposited plate design + tracked imaging join
3-1_C08_OCIAD2	GSM9216281	OCIAD2	plate3	plate3-1	C08	77fb4a2a31aaeaff2e6c576f4f42cef90f3d060d734181d6621cbb4ba401d755	3	6.71845766037745	8.80296484581109	unknown	unknown	unknown	unknown	GEO sample description + deposited plate design + tracked imaging join
3-1_C09_TIGIT	GSM9216282	TIGIT	plate3	plate3-1	C09	6c5119dbe290a163c8c2aa7fbf4edde7dc6c8be8301716347260a366b0d19147	3	6.71276434668309	8.6593473223994	unknown	unknown	unknown	unknown	GEO sample description + deposited plate design + tracked imaging join
3-1_C10_MAP3K7	GSM9216283	MAP3K7	plate3	plate3-1	C10	3a7433ea6d58cb53f07722169581bb9e676f567055631d67839d4ce85f8b6446	3	6.67581304885636	8.83677614874872	unknown	unknown	unknown	unknown	GEO sample description + deposited plate design + tracked imaging join
3-1_C11_CISH	GSM9216284	CISH	plate3	plate3-1	C11	c490330a4db4449e9eee5a652112fc172558dbddf2b1eb5d3255b668c9add28b	3	6.73942478800149	8.76448035295957	unknown	unknown	unknown	unknown	GEO sample description + deposited plate design + tracked imaging join
3-1_D02_SLC22A3	GSM9216285	SLC22A3	plate3	plate3-1	D02	501d17f8763d6bb0cad5a3702757af29cbc0cfecf00a605cf6faf212b7c0a45f	3	6.8410665857166	8.75027561601426	unknown	unknown	unknown	unknown	GEO sample description + deposited plate design + tracked imaging join
3-1_D03_ERBB2	GSM9216286	ERBB2	plate3	plate3-1	D03	05ac46fa6e6baf0d98aa34d80b8e7d89e8caff5ac7823fa96a69eaad5a480963	3	6.55523464753464	8.17828739030955	unknown	unknown	unknown	unknown	GEO sample description + deposited plate design + tracked imaging join
3-1_D04_EGFL6	GSM9216287	EGFL6	plate3	plate3-1	D04	e7b4706f4941984858234c50bd53fd607e8b5a14b61f031a04734a7ccd52dee6	3	7.08510800570547	8.75372358501153	unknown	unknown	unknown	unknown	GEO sample description + deposited plate design + tracked imaging join
3-1_D05_CSNK2A1	GSM9216288	CSNK2A1	plate3	plate3-1	D05	1e56f492884751274743e95b03555005dc64cd8354861524b7c5fcdbaa66e0da	3	6.69122567995595	9.06724158664226	unknown	unknown	unknown	unknown	GEO sample description + deposited plate design + tracked imaging join
3-1_D06_ANK3	GSM9216289	ANK3	plate3	plate3-1	D06	4de8da66878d58ebbd772f31d049de729f29026af650a0736f34c0c287c89a7d	3	6.67708770390765	8.7294570560154	unknown	unknown	unknown	unknown	GEO sample description + deposited plate design + tracked imaging join
3-1_D07_TIGIT	GSM9216290	TIGIT	plate3	plate3-1	D07	6c5119dbe290a163c8c2aa7fbf4edde7dc6c8be8301716347260a366b0d19147	3	6.90215546729603	8.66477351773624	unknown	unknown	unknown	unknown	GEO sample description + deposited plate design + tracked imaging join
3-1_D08_ELOVL1	GSM9216291	ELOVL1	plate3	plate3-1	D08	a31a7eb16c9c5e7bec34f7cfaec361bbc6e5dc81c37e02c10c3cd6e2e5dd4e13	3	6.66242254264482	8.74275271373787	unknown	unknown	unknown	unknown	GEO sample description + deposited plate design + tracked imaging join
3-1_D09_MAP2K3	GSM9216292	MAP2K3	plate3	plate3-1	D09	2ef1851dfd042c51e8aacdd44ceb73c9c85a7092cd0cc7160b8e56b6a1e968b3	3	7.0827273196412	8.76332851075479	unknown	unknown	unknown	unknown	GEO sample description + deposited plate design + tracked imaging join
3-1_D10_MAP4K3	GSM9216293	MAP4K3	plate3	plate3-1	D10	e98949fc6afd8b6e10d2d449e0816c378b8dd0ff21920034bb325019ae1340a9	3	6.88467705360193	8.80699230715601	unknown	unknown	unknown	unknown	GEO sample description + deposited plate design + tracked imaging join
3-1_D11_ELF5	GSM9216294	ELF5	plate3	plate3-1	D11	76856ea8aaccde83280b500a48d882c3d8c8636da4ccbeb341096adde8a689c6	3	6.42950089845054	8.5213469689329	unknown	unknown	unknown	unknown	GEO sample description + deposited plate design + tracked imaging join
3-1_E02_TLR2	GSM9216295	TLR2	plate3	plate3-1	E02	9154982165ed7e32f3b3c52f8dbde96643064fb50ec2e497cc4992888e109cbd	3	6.67688681048994	8.67941529780344	unknown	unknown	unknown	unknown	GEO sample description + deposited plate design + tracked imaging join
3-1_E03_TIGIT	GSM9216296	TIGIT	plate3	plate3-1	E03	6c5119dbe290a163c8c2aa7fbf4edde7dc6c8be8301716347260a366b0d19147	3	6.51868491304639	8.71781746645359	unknown	unknown	unknown	unknown	GEO sample description + deposited plate design + tracked imaging join
3-1_E04_CTSH	GSM9216297	CTSH	plate3	plate3-1	E04	c30ea6f67b2192a44e51355763bdbffc6f4bbdf979019bbd24560462cbf76f66	3	6.61938366085155	8.79159150468945	unknown	unknown	unknown	unknown	GEO sample description + deposited plate design + tracked imaging join
3-1_E05_CSNK2A1	GSM9216298	CSNK2A1	plate3	plate3-1	E05	1e56f492884751274743e95b03555005dc64cd8354861524b7c5fcdbaa66e0da	3	6.32545702005917	8.94177370794841	unknown	unknown	unknown	unknown	GEO sample description + deposited plate design + tracked imaging join
3-1_E06_MYO5C	GSM9216299	MYO5C	plate3	plate3-1	E06	0247aaceb5451781f1279522a33fb203a85a1ab0cc77ce59343b63f850828d6a	3	6.6172094655033	8.75105776233413	unknown	unknown	unknown	unknown	GEO sample description + deposited plate design + tracked imaging join
3-1_E07_GNAI1	GSM9216300	GNAI1	plate3	plate3-1	E07	1f0d7e464533552b8760570a2dcb1389400dd141efb7689588fe7810e2bccd74	3	6.85445179249412	8.6634739738999	unknown	unknown	unknown	unknown	GEO sample description + deposited plate design + tracked imaging join
3-1_E08_ANTXR1	GSM9216301	ANTXR1	plate3	plate3-1	E08	4cbb9453403160ed7dca059ea28331c9c97bf6d88e326bc407820528c766e96d	3	6.58556602917831	8.85177684460138	unknown	unknown	unknown	unknown	GEO sample description + deposited plate design + tracked imaging join
3-1_E09_MAP2K4	GSM9216302	MAP2K4	plate3	plate3-1	E09	0e0ed2360da7a27eaa7b3417f0ac425a918888ab448448f40e128b5310298f6a	3	6.87110808627323	8.87505763954364	unknown	unknown	unknown	unknown	GEO sample description + deposited plate design + tracked imaging join
3-1_E10_MAP4K4	GSM9216303	MAP4K4	plate3	plate3-1	E10	50ca6a1df1dd1cd37c7e484e0988ae5e17ed06600a6e2ba55048a3608a442ebf	3	6.73961069369143	8.74035342180007	unknown	unknown	unknown	unknown	GEO sample description + deposited plate design + tracked imaging join
3-1_E11_CCN2	GSM9216304	CCN2	plate3	plate3-1	E11	8faef22047789238d0507d712272813a9c0563f05ecfd603b4038754de5dfdea	3	6.91418335053827	8.54185270515728	unknown	unknown	unknown	unknown	GEO sample description + deposited plate design + tracked imaging join
3-1_F02_TIGIT	GSM9216305	TIGIT	plate3	plate3-1	F02	6c5119dbe290a163c8c2aa7fbf4edde7dc6c8be8301716347260a366b0d19147	3	6.7924737706285	8.73917718612855	unknown	unknown	unknown	unknown	GEO sample description + deposited plate design + tracked imaging join
3-1_F03_ERBB4	GSM9216306	ERBB4	plate3	plate3-1	F03	6331872d1504163e162d5d881702e64cbf7c6142a360e7505a4ec9995ecf7555	3	6.75334083741659	8.60837825292132	unknown	unknown	unknown	unknown	GEO sample description + deposited plate design + tracked imaging join
3-1_F04_SLC39A8	GSM9216307	SLC39A8	plate3	plate3-1	F04	522aba88254015da830c3a3f64d2ccfa198b3620a923a017714a04df882317e3	3	6.77518988619342	8.72652033882592	unknown	unknown	unknown	unknown	GEO sample description + deposited plate design + tracked imaging join
3-1_F05_VANGL1	GSM9216308	VANGL1	plate3	plate3-1	F05	139081fd82c4fa4865d775dfbcdec9e3127070c59792947b00c74922bde245e3	3	6.73603276535202	8.66060718000018	unknown	unknown	unknown	unknown	GEO sample description + deposited plate design + tracked imaging join
3-1_F06_TINAG	GSM9216309	TINAG	plate3	plate3-1	F06	b9d923979dcd879974ddaacf266fd41e55d0e1341f043ca8ba7a4ed3b7d16acb	3	6.75143527552	8.71699765145155	unknown	unknown	unknown	unknown	GEO sample description + deposited plate design + tracked imaging join
3-1_F07_AREG	GSM9216310	AREG	plate3	plate3-1	F07	4b8f0fa720d9ac00edc012d8492ab855b7e7d2007b16229202cdde01f2cc00c5	3	6.7990428286952	8.77345640494511	unknown	unknown	unknown	unknown	GEO sample description + deposited plate design + tracked imaging join
3-1_F08_TSPAN11	GSM9216311	TSPAN11	plate3	plate3-1	F08	d052c38ae5532611b0b5705f664fa0049a1f6b8024e37211371bb8d135ac6b64	3	6.78554895511591	8.68017632673492	unknown	unknown	unknown	unknown	GEO sample description + deposited plate design + tracked imaging join
3-1_F09_MAP3K1	GSM9216312	MAP3K1	plate3	plate3-1	F09	dccd85a7bd1aa38518ab4bf0d2bab5c99fba32b6aa666e8bf58a9b7b77b7008a	3	6.63126819949534	8.74332827538518	unknown	unknown	unknown	unknown	GEO sample description + deposited plate design + tracked imaging join
3-1_F10_MAPK1	GSM9216313	MAPK1	plate3	plate3-1	F10	147244be9cee957833242c2b1692c81baac0c0437dd5df71a27d914c95058321	3	6.35643065834317	8.60026687566435	unknown	unknown	unknown	unknown	GEO sample description + deposited plate design + tracked imaging join
3-1_F11_BMP2	GSM9216314	BMP2	plate3	plate3-1	F11	a20a5528a48428d9c27d929c17d8092a665804520f181658052c750075199f05	3	7.03240140772244	8.74051212322023	unknown	unknown	unknown	unknown	GEO sample description + deposited plate design + tracked imaging join
3-1_G02_ERBB3	GSM9216315	ERBB3	plate3	plate3-1	G02	179c835d945fcd6f11102bf36d235e3fbd3e2df6bd44d226d8c717dcef952ddc	3	6.17562124409519	8.13487110778783	unknown	unknown	unknown	unknown	GEO sample description + deposited plate design + tracked imaging join
3-1_G03_SOCS2	GSM9216316	SOCS2	plate3	plate3-1	G03	15c84c28ed76ece730fb126010bc0369420e2e2ded8309a2fbaf49c6d901bd80	3	6.71135023374107	8.75994198958102	unknown	unknown	unknown	unknown	GEO sample description + deposited plate design + tracked imaging join
3-1_G04_SOAT1	GSM9216317	SOAT1	plate3	plate3-1	G04	8068ce2f1ff2c8f8b641eb1120c850f86b14f6fe7f6810048d147e0c62175fe0	3	6.57506028262935	8.71399088298922	unknown	unknown	unknown	unknown	GEO sample description + deposited plate design + tracked imaging join
3-1_G05_VANGL2	GSM9216318	VANGL2	plate3	plate3-1	G05	d84d076698a4785e101e225071bc8937392796b03389b3dc70971410b5c2eda7	3	6.7227510342848	8.72484099134242	unknown	unknown	unknown	unknown	GEO sample description + deposited plate design + tracked imaging join
3-1_G06_IRF4	GSM9216319	IRF4	plate3	plate3-1	G06	8321cd75ba2475ff1bccaa904955530df19cf7fdaf6bd3af9efae9897edf8e2a	3	6.50817427752568	8.98664978300492	unknown	unknown	unknown	unknown	GEO sample description + deposited plate design + tracked imaging join
3-1_G07_ATP6V0E	GSM9216320	ATP6V0E	plate3	plate3-1	G07	f1ce8bd0e1795c7e102b573ebe5db26dd0c27faa96b745e90b693e9b60382a35	3	6.73576026486939	8.81148596099701	unknown	unknown	unknown	unknown	GEO sample description + deposited plate design + tracked imaging join
3-1_G08_MAP2K1	GSM9216321	MAP2K1	plate3	plate3-1	G08	2bfd729a0504e0b6c1ca0226e1925872e9ce08fcb8ff74e1f03966a4ae28b664	3	6.91816976464172	9.03641838803069	unknown	unknown	unknown	unknown	GEO sample description + deposited plate design + tracked imaging join
3-1_G09_MAP3K2	GSM9216322	MAP3K2	plate3	plate3-1	G09	e1d204105e8390243eb07bf9429926cd60e97de10b34ea29d3da42635983bc04	3	6.64153287364094	8.8468151515321	unknown	unknown	unknown	unknown	GEO sample description + deposited plate design + tracked imaging join
3-1_G10_TDTOMATO	GSM9216323	TDTOMATO	plate3	plate3-1	G10	not_in_plate_design	unknown	6.105217251924	9.1152279758578	unknown	unknown	unknown	unknown	GEO sample description + deposited plate design + tracked imaging join
3-1_G11_TIGIT	GSM9216324	TIGIT	plate3	plate3-1	G11	6c5119dbe290a163c8c2aa7fbf4edde7dc6c8be8301716347260a366b0d19147	3	6.80476373287957	8.77172668275929	unknown	unknown	unknown	unknown	GEO sample description + deposited plate design + tracked imaging join
3-2_B02_KIDINS220	GSM9216325	KIDINS220	plate3	plate3-2	B02	90c088603c6f0988e77f6ea7b8b0e676c1eaa62982f8ab0058ba84033a2b26e5	3	6.16460862172891	8.54937072737332	unknown	unknown	unknown	unknown	GEO sample description + deposited plate design + tracked imaging join
3-2_B03_CD81	GSM9216326	CD81	plate3	plate3-2	B03	193ac9a38b02ec4e23cc4ddfaeaf3f9e2fd95a5530a1a2e8d5054eb8895214b9	3	6.81440574120434	8.76685486138545	unknown	unknown	unknown	unknown	GEO sample description + deposited plate design + tracked imaging join
3-2_B04_TIGIT	GSM9216327	TIGIT	plate3	plate3-2	B04	6c5119dbe290a163c8c2aa7fbf4edde7dc6c8be8301716347260a366b0d19147	3	7.02302256155487	8.61541426475167	unknown	unknown	unknown	unknown	GEO sample description + deposited plate design + tracked imaging join
3-2_B05_TDTOMATO	GSM9216328	TDTOMATO	plate3	plate3-2	B05	not_in_plate_design	unknown	6.37543586818099	nan	unknown	unknown	unknown	unknown	GEO sample description + deposited plate design + tracked imaging join
3-2_B06_TGIF1	GSM9216329	TGIF1	plate3	plate3-2	B06	d371f1c1fbc6fe3c4e34568198d24cab7300411457d018c722d5ded2f5877946	3	6.30246697139697	8.50105211334794	unknown	unknown	unknown	unknown	GEO sample description + deposited plate design + tracked imaging join
3-2_B07_CELSR1	GSM9216330	CELSR1	plate3	plate3-2	B07	2d38dcc500585603556627d37bdd195a2550436187e98c067a28f798ea369f31	3	6.9556318381873	8.70706227335984	unknown	unknown	unknown	unknown	GEO sample description + deposited plate design + tracked imaging join
3-2_B08_PI4K2B	GSM9216331	PI4K2B	plate3	plate3-2	B08	b2932b2cccd9c92e30c728618efbe845e434c5b4b75ade86e00493098d898a14	3	6.80634339943158	8.74354979365501	unknown	unknown	unknown	unknown	GEO sample description + deposited plate design + tracked imaging join
3-2_B09_MAP2K2	GSM9216332	MAP2K2	plate3	plate3-2	B09	5f670a39e941a21c0b9478b1d2dd987ad3ff0ca4a27868bde06ac1a371badb53	3	6.65971181587873	8.58780939841305	unknown	unknown	unknown	unknown	GEO sample description + deposited plate design + tracked imaging join
3-2_B10_MAP3K5	GSM9216333	MAP3K5	plate3	plate3-2	B10	15d657cb95797d1d093e70d83c020d6537ff786dc4ce3e8fdfa15daea5215ef5	3	6.86677655139888	8.70362607060038	unknown	unknown	unknown	unknown	GEO sample description + deposited plate design + tracked imaging join
3-2_B11_MAPK3	GSM9216334	MAPK3	plate3	plate3-2	B11	dc48c633db053e653e211dead82804987bec922fdec83f0983d60384057833a6	3	7.25939387073483	8.72561174895488	unknown	unknown	unknown	unknown	GEO sample description + deposited plate design + tracked imaging join
3-2_C02_ITGB6	GSM9216335	ITGB6	plate3	plate3-2	C02	b29cad73c7b7391315d4b5a556d1baea6b6c06bbfd5554c6de53e3268c814b9b	3	6.87230513835334	8.72490381445811	unknown	unknown	unknown	unknown	GEO sample description + deposited plate design + tracked imaging join
3-2_C03_EGFR	GSM9216336	EGFR	plate3	plate3-2	C03	4e06f61649c789ce3e34e4d43db8f16501ec8036a785c8df8e5746a5d9a2ca8b	3	6.74528628115533	8.71543551731109	unknown	unknown	unknown	unknown	GEO sample description + deposited plate design + tracked imaging join
3-2_C04_DRAM1	GSM9216337	DRAM1	plate3	plate3-2	C04	0dad65c7bd6aeb9e78b1cd71b995a358c9db39819c1bf6380f4dba260b0fc1c7	3	6.82508840958672	8.50781416525028	unknown	unknown	unknown	unknown	GEO sample description + deposited plate design + tracked imaging join
3-2_C05_CSNK1A1	GSM9216338	CSNK1A1	plate3	plate3-2	C05	cc182fe0e6738d1e7eb4440a393735023e680f8ba959a1f069c76b79ec97460a	3	5.82109832577434	6.91580944438796	unknown	unknown	unknown	unknown	GEO sample description + deposited plate design + tracked imaging join
3-2_C06_ADK	GSM9216339	ADK	plate3	plate3-2	C06	b38b648a3eaaa8bf69afee7f720e98a3a1dd8c8be564d0d3ffc7c366765b0887	3	6.69012601743429	8.75140826808709	unknown	unknown	unknown	unknown	GEO sample description + deposited plate design + tracked imaging join
3-2_C07_GNAI2	GSM9216340	GNAI2	plate3	plate3-2	C07	346d8b20afbfadc7546ab838061e948968270e9cde7a3ab34d80ebbf71b95baa	3	6.88606420817306	8.63762495456229	unknown	unknown	unknown	unknown	GEO sample description + deposited plate design + tracked imaging join
3-2_C08_OCIAD2	GSM9216341	OCIAD2	plate3	plate3-2	C08	77fb4a2a31aaeaff2e6c576f4f42cef90f3d060d734181d6621cbb4ba401d755	3	6.7060383428383	8.7060531232652	unknown	unknown	unknown	unknown	GEO sample description + deposited plate design + tracked imaging join
3-2_C09_TIGIT	GSM9216342	TIGIT	plate3	plate3-2	C09	6c5119dbe290a163c8c2aa7fbf4edde7dc6c8be8301716347260a366b0d19147	3	6.76496562951496	8.78231479579449	unknown	unknown	unknown	unknown	GEO sample description + deposited plate design + tracked imaging join
3-2_C10_MAP3K7	GSM9216343	MAP3K7	plate3	plate3-2	C10	3a7433ea6d58cb53f07722169581bb9e676f567055631d67839d4ce85f8b6446	3	6.64268057150046	8.75945314411441	unknown	unknown	unknown	unknown	GEO sample description + deposited plate design + tracked imaging join
3-2_C11_CISH	GSM9216344	CISH	plate3	plate3-2	C11	c490330a4db4449e9eee5a652112fc172558dbddf2b1eb5d3255b668c9add28b	3	6.79947951535763	8.85433658419689	unknown	unknown	unknown	unknown	GEO sample description + deposited plate design + tracked imaging join
3-2_D02_SLC22A3	GSM9216345	SLC22A3	plate3	plate3-2	D02	501d17f8763d6bb0cad5a3702757af29cbc0cfecf00a605cf6faf212b7c0a45f	3	6.90344378862467	8.739951561533	unknown	unknown	unknown	unknown	GEO sample description + deposited plate design + tracked imaging join
3-2_D03_ERBB2	GSM9216346	ERBB2	plate3	plate3-2	D03	05ac46fa6e6baf0d98aa34d80b8e7d89e8caff5ac7823fa96a69eaad5a480963	3	6.51554607812875	8.24773363089357	unknown	unknown	unknown	unknown	GEO sample description + deposited plate design + tracked imaging join
3-2_D04_EGFL6	GSM9216347	EGFL6	plate3	plate3-2	D04	e7b4706f4941984858234c50bd53fd607e8b5a14b61f031a04734a7ccd52dee6	3	6.80690500416003	8.66353843849048	unknown	unknown	unknown	unknown	GEO sample description + deposited plate design + tracked imaging join
3-2_D05_CSNK2A1	GSM9216348	CSNK2A1	plate3	plate3-2	D05	1e56f492884751274743e95b03555005dc64cd8354861524b7c5fcdbaa66e0da	3	6.62724585850109	9.01155785118266	unknown	unknown	unknown	unknown	GEO sample description + deposited plate design + tracked imaging join
3-2_D06_ANK3	GSM9216349	ANK3	plate3	plate3-2	D06	4de8da66878d58ebbd772f31d049de729f29026af650a0736f34c0c287c89a7d	3	6.88374929260969	8.70040456482946	unknown	unknown	unknown	unknown	GEO sample description + deposited plate design + tracked imaging join
3-2_D07_TIGIT	GSM9216350	TIGIT	plate3	plate3-2	D07	6c5119dbe290a163c8c2aa7fbf4edde7dc6c8be8301716347260a366b0d19147	3	6.933720165301	8.6809541738552	unknown	unknown	unknown	unknown	GEO sample description + deposited plate design + tracked imaging join
3-2_D08_ELOVL1	GSM9216351	ELOVL1	plate3	plate3-2	D08	a31a7eb16c9c5e7bec34f7cfaec361bbc6e5dc81c37e02c10c3cd6e2e5dd4e13	3	6.61728765487845	8.77633345733713	unknown	unknown	unknown	unknown	GEO sample description + deposited plate design + tracked imaging join
3-2_D09_MAP2K3	GSM9216352	MAP2K3	plate3	plate3-2	D09	2ef1851dfd042c51e8aacdd44ceb73c9c85a7092cd0cc7160b8e56b6a1e968b3	3	7.17451896600189	8.70199485512318	unknown	unknown	unknown	unknown	GEO sample description + deposited plate design + tracked imaging join
3-2_D10_MAP4K3	GSM9216353	MAP4K3	plate3	plate3-2	D10	e98949fc6afd8b6e10d2d449e0816c378b8dd0ff21920034bb325019ae1340a9	3	6.94492032704831	8.74207783080522	unknown	unknown	unknown	unknown	GEO sample description + deposited plate design + tracked imaging join
3-2_D11_ELF5	GSM9216354	ELF5	plate3	plate3-2	D11	76856ea8aaccde83280b500a48d882c3d8c8636da4ccbeb341096adde8a689c6	3	7.08913748601973	8.73978946432608	unknown	unknown	unknown	unknown	GEO sample description + deposited plate design + tracked imaging join
3-2_E02_TLR2	GSM9216355	TLR2	plate3	plate3-2	E02	9154982165ed7e32f3b3c52f8dbde96643064fb50ec2e497cc4992888e109cbd	3	6.4363991178743	8.67641015901524	unknown	unknown	unknown	unknown	GEO sample description + deposited plate design + tracked imaging join
3-2_E03_TIGIT	GSM9216356	TIGIT	plate3	plate3-2	E03	6c5119dbe290a163c8c2aa7fbf4edde7dc6c8be8301716347260a366b0d19147	3	6.68085229938243	8.63839154039868	unknown	unknown	unknown	unknown	GEO sample description + deposited plate design + tracked imaging join
3-2_E04_CTSH	GSM9216357	CTSH	plate3	plate3-2	E04	c30ea6f67b2192a44e51355763bdbffc6f4bbdf979019bbd24560462cbf76f66	3	6.78615697077398	8.74149322523597	unknown	unknown	unknown	unknown	GEO sample description + deposited plate design + tracked imaging join
3-2_E05_CSNK2A1	GSM9216358	CSNK2A1	plate3	plate3-2	E05	1e56f492884751274743e95b03555005dc64cd8354861524b7c5fcdbaa66e0da	3	6.36236776585775	8.43759719688909	unknown	unknown	unknown	unknown	GEO sample description + deposited plate design + tracked imaging join
3-2_E06_MYO5C	GSM9216359	MYO5C	plate3	plate3-2	E06	0247aaceb5451781f1279522a33fb203a85a1ab0cc77ce59343b63f850828d6a	3	6.74268503703015	8.66927147732656	unknown	unknown	unknown	unknown	GEO sample description + deposited plate design + tracked imaging join
3-2_E07_GNAI1	GSM9216360	GNAI1	plate3	plate3-2	E07	1f0d7e464533552b8760570a2dcb1389400dd141efb7689588fe7810e2bccd74	3	6.79281974934364	8.68351710141374	unknown	unknown	unknown	unknown	GEO sample description + deposited plate design + tracked imaging join
3-2_E08_ANTXR1	GSM9216361	ANTXR1	plate3	plate3-2	E08	4cbb9453403160ed7dca059ea28331c9c97bf6d88e326bc407820528c766e96d	3	6.70139798824849	8.75535162556326	unknown	unknown	unknown	unknown	GEO sample description + deposited plate design + tracked imaging join
3-2_E09_MAP2K4	GSM9216362	MAP2K4	plate3	plate3-2	E09	0e0ed2360da7a27eaa7b3417f0ac425a918888ab448448f40e128b5310298f6a	3	7.01152779685973	8.79623481199427	unknown	unknown	unknown	unknown	GEO sample description + deposited plate design + tracked imaging join
3-2_E10_MAP4K4	GSM9216363	MAP4K4	plate3	plate3-2	E10	50ca6a1df1dd1cd37c7e484e0988ae5e17ed06600a6e2ba55048a3608a442ebf	3	6.72597465048182	8.8878387505844	unknown	unknown	unknown	unknown	GEO sample description + deposited plate design + tracked imaging join
3-2_E11_CCN2	GSM9216364	CCN2	plate3	plate3-2	E11	8faef22047789238d0507d712272813a9c0563f05ecfd603b4038754de5dfdea	3	6.70438978788175	8.69099722302027	unknown	unknown	unknown	unknown	GEO sample description + deposited plate design + tracked imaging join
3-2_F02_TIGIT	GSM9216365	TIGIT	plate3	plate3-2	F02	6c5119dbe290a163c8c2aa7fbf4edde7dc6c8be8301716347260a366b0d19147	3	6.72415391402286	8.70282861690484	unknown	unknown	unknown	unknown	GEO sample description + deposited plate design + tracked imaging join
3-2_F03_ERBB4	GSM9216366	ERBB4	plate3	plate3-2	F03	6331872d1504163e162d5d881702e64cbf7c6142a360e7505a4ec9995ecf7555	3	6.86997267728943	8.69323263275816	unknown	unknown	unknown	unknown	GEO sample description + deposited plate design + tracked imaging join
3-2_F04_SLC39A8	GSM9216367	SLC39A8	plate3	plate3-2	F04	522aba88254015da830c3a3f64d2ccfa198b3620a923a017714a04df882317e3	3	6.92424822153467	8.80112321012784	unknown	unknown	unknown	unknown	GEO sample description + deposited plate design + tracked imaging join
3-2_F05_VANGL1	GSM9216368	VANGL1	plate3	plate3-2	F05	139081fd82c4fa4865d775dfbcdec9e3127070c59792947b00c74922bde245e3	3	6.76876813552298	8.76712714982262	unknown	unknown	unknown	unknown	GEO sample description + deposited plate design + tracked imaging join
3-2_F06_TINAG	GSM9216369	TINAG	plate3	plate3-2	F06	b9d923979dcd879974ddaacf266fd41e55d0e1341f043ca8ba7a4ed3b7d16acb	3	6.81194099267219	8.59623601096053	unknown	unknown	unknown	unknown	GEO sample description + deposited plate design + tracked imaging join
3-2_F07_AREG	GSM9216370	AREG	plate3	plate3-2	F07	4b8f0fa720d9ac00edc012d8492ab855b7e7d2007b16229202cdde01f2cc00c5	3	6.66162206779325	8.70582412632039	unknown	unknown	unknown	unknown	GEO sample description + deposited plate design + tracked imaging join
3-2_F08_TSPAN11	GSM9216371	TSPAN11	plate3	plate3-2	F08	d052c38ae5532611b0b5705f664fa0049a1f6b8024e37211371bb8d135ac6b64	3	6.85264531520449	8.69062178667666	unknown	unknown	unknown	unknown	GEO sample description + deposited plate design + tracked imaging join
3-2_F09_MAP3K1	GSM9216372	MAP3K1	plate3	plate3-2	F09	dccd85a7bd1aa38518ab4bf0d2bab5c99fba32b6aa666e8bf58a9b7b77b7008a	3	6.76579275964224	8.79219316967394	unknown	unknown	unknown	unknown	GEO sample description + deposited plate design + tracked imaging join
3-2_F10_MAPK1	GSM9216373	MAPK1	plate3	plate3-2	F10	147244be9cee957833242c2b1692c81baac0c0437dd5df71a27d914c95058321	3	6.51073727832325	8.65213888708553	unknown	unknown	unknown	unknown	GEO sample description + deposited plate design + tracked imaging join
3-2_F11_BMP2	GSM9216374	BMP2	plate3	plate3-2	F11	a20a5528a48428d9c27d929c17d8092a665804520f181658052c750075199f05	3	6.63053671394166	8.61166370627048	unknown	unknown	unknown	unknown	GEO sample description + deposited plate design + tracked imaging join
3-2_G02_ERBB3	GSM9216375	ERBB3	plate3	plate3-2	G02	179c835d945fcd6f11102bf36d235e3fbd3e2df6bd44d226d8c717dcef952ddc	3	6.30568084350638	8.02075018195067	unknown	unknown	unknown	unknown	GEO sample description + deposited plate design + tracked imaging join
3-2_G03_SOCS2	GSM9216376	SOCS2	plate3	plate3-2	G03	15c84c28ed76ece730fb126010bc0369420e2e2ded8309a2fbaf49c6d901bd80	3	6.67386465644138	8.9041851210383	unknown	unknown	unknown	unknown	GEO sample description + deposited plate design + tracked imaging join
3-2_G04_SOAT1	GSM9216377	SOAT1	plate3	plate3-2	G04	8068ce2f1ff2c8f8b641eb1120c850f86b14f6fe7f6810048d147e0c62175fe0	3	6.96611960109698	8.75410832997602	unknown	unknown	unknown	unknown	GEO sample description + deposited plate design + tracked imaging join
3-2_G05_VANGL2	GSM9216378	VANGL2	plate3	plate3-2	G05	d84d076698a4785e101e225071bc8937392796b03389b3dc70971410b5c2eda7	3	6.67234214456751	8.78014595841667	unknown	unknown	unknown	unknown	GEO sample description + deposited plate design + tracked imaging join
3-2_G06_IRF4	GSM9216379	IRF4	plate3	plate3-2	G06	8321cd75ba2475ff1bccaa904955530df19cf7fdaf6bd3af9efae9897edf8e2a	3	6.73047949125225	8.7207196711033	unknown	unknown	unknown	unknown	GEO sample description + deposited plate design + tracked imaging join
3-2_G07_ATP6V0E	GSM9216380	ATP6V0E	plate3	plate3-2	G07	f1ce8bd0e1795c7e102b573ebe5db26dd0c27faa96b745e90b693e9b60382a35	3	6.8358561282352	8.68453710339163	unknown	unknown	unknown	unknown	GEO sample description + deposited plate design + tracked imaging join
3-2_G08_MAP2K1	GSM9216381	MAP2K1	plate3	plate3-2	G08	2bfd729a0504e0b6c1ca0226e1925872e9ce08fcb8ff74e1f03966a4ae28b664	3	6.6878370261615	8.88658376896765	unknown	unknown	unknown	unknown	GEO sample description + deposited plate design + tracked imaging join
3-2_G09_MAP3K2	GSM9216382	MAP3K2	plate3	plate3-2	G09	e1d204105e8390243eb07bf9429926cd60e97de10b34ea29d3da42635983bc04	3	6.81463016446472	8.75031321090959	unknown	unknown	unknown	unknown	GEO sample description + deposited plate design + tracked imaging join
3-2_G10_TDTOMATO	GSM9216383	TDTOMATO	plate3	plate3-2	G10	not_in_plate_design	unknown	5.90419940957711	8.2984281507099	unknown	unknown	unknown	unknown	GEO sample description + deposited plate design + tracked imaging join
3-2_G11_TIGIT	GSM9216384	TIGIT	plate3	plate3-2	G11	6c5119dbe290a163c8c2aa7fbf4edde7dc6c8be8301716347260a366b0d19147	3	6.68411529434749	8.74737648930468	unknown	unknown	unknown	unknown	GEO sample description + deposited plate design + tracked imaging join
3-3_B02_KIDINS220	GSM9216385	KIDINS220	plate3	plate3-3	B02	90c088603c6f0988e77f6ea7b8b0e676c1eaa62982f8ab0058ba84033a2b26e5	3	6.2336343741327	8.23305239072706	unknown	unknown	unknown	unknown	GEO sample description + deposited plate design + tracked imaging join
3-3_B03_CD81	GSM9216386	CD81	plate3	plate3-3	B03	193ac9a38b02ec4e23cc4ddfaeaf3f9e2fd95a5530a1a2e8d5054eb8895214b9	3	7.00160385539846	8.72026573650162	unknown	unknown	unknown	unknown	GEO sample description + deposited plate design + tracked imaging join
3-3_B04_TIGIT	GSM9216387	TIGIT	plate3	plate3-3	B04	6c5119dbe290a163c8c2aa7fbf4edde7dc6c8be8301716347260a366b0d19147	3	6.97569508626116	8.7720884411986	unknown	unknown	unknown	unknown	GEO sample description + deposited plate design + tracked imaging join
3-3_B05_TDTOMATO	GSM9216388	TDTOMATO	plate3	plate3-3	B05	not_in_plate_design	unknown	6.17968325848922	7.81404000908827	unknown	unknown	unknown	unknown	GEO sample description + deposited plate design + tracked imaging join
3-3_B06_TGIF1	GSM9216389	TGIF1	plate3	plate3-3	B06	d371f1c1fbc6fe3c4e34568198d24cab7300411457d018c722d5ded2f5877946	3	6.20461485231288	8.57222781843928	unknown	unknown	unknown	unknown	GEO sample description + deposited plate design + tracked imaging join
3-3_B07_CELSR1	GSM9216390	CELSR1	plate3	plate3-3	B07	2d38dcc500585603556627d37bdd195a2550436187e98c067a28f798ea369f31	3	7.32262459387542	8.86783041455062	unknown	unknown	unknown	unknown	GEO sample description + deposited plate design + tracked imaging join
3-3_B08_PI4K2B	GSM9216391	PI4K2B	plate3	plate3-3	B08	b2932b2cccd9c92e30c728618efbe845e434c5b4b75ade86e00493098d898a14	3	6.89429092585811	8.72260602434156	unknown	unknown	unknown	unknown	GEO sample description + deposited plate design + tracked imaging join
3-3_B09_MAP2K2	GSM9216392	MAP2K2	plate3	plate3-3	B09	5f670a39e941a21c0b9478b1d2dd987ad3ff0ca4a27868bde06ac1a371badb53	3	7.15545938096815	8.69761602299812	unknown	unknown	unknown	unknown	GEO sample description + deposited plate design + tracked imaging join
3-3_B10_MAP3K5	GSM9216393	MAP3K5	plate3	plate3-3	B10	15d657cb95797d1d093e70d83c020d6537ff786dc4ce3e8fdfa15daea5215ef5	3	7.19280206678162	8.68479777419475	unknown	unknown	unknown	unknown	GEO sample description + deposited plate design + tracked imaging join
3-3_B11_MAPK3	GSM9216394	MAPK3	plate3	plate3-3	B11	dc48c633db053e653e211dead82804987bec922fdec83f0983d60384057833a6	3	7.06547567780623	8.90906245947611	unknown	unknown	unknown	unknown	GEO sample description + deposited plate design + tracked imaging join
3-3_C02_ITGB6	GSM9216395	ITGB6	plate3	plate3-3	C02	b29cad73c7b7391315d4b5a556d1baea6b6c06bbfd5554c6de53e3268c814b9b	3	6.83981163129353	8.92444529356806	unknown	unknown	unknown	unknown	GEO sample description + deposited plate design + tracked imaging join
3-3_C03_EGFR	GSM9216396	EGFR	plate3	plate3-3	C03	4e06f61649c789ce3e34e4d43db8f16501ec8036a785c8df8e5746a5d9a2ca8b	3	6.98271816421149	8.76505505946457	unknown	unknown	unknown	unknown	GEO sample description + deposited plate design + tracked imaging join
3-3_C04_DRAM1	GSM9216397	DRAM1	plate3	plate3-3	C04	0dad65c7bd6aeb9e78b1cd71b995a358c9db39819c1bf6380f4dba260b0fc1c7	3	6.7242520762377	8.42538435491252	unknown	unknown	unknown	unknown	GEO sample description + deposited plate design + tracked imaging join
3-3_C05_CSNK1A1	GSM9216398	CSNK1A1	plate3	plate3-3	C05	cc182fe0e6738d1e7eb4440a393735023e680f8ba959a1f069c76b79ec97460a	3	5.605552842925	6.97099322049504	unknown	unknown	unknown	unknown	GEO sample description + deposited plate design + tracked imaging join
3-3_C06_ADK	GSM9216399	ADK	plate3	plate3-3	C06	b38b648a3eaaa8bf69afee7f720e98a3a1dd8c8be564d0d3ffc7c366765b0887	3	6.87047860922937	8.81336829493708	unknown	unknown	unknown	unknown	GEO sample description + deposited plate design + tracked imaging join
3-3_C07_GNAI2	GSM9216400	GNAI2	plate3	plate3-3	C07	346d8b20afbfadc7546ab838061e948968270e9cde7a3ab34d80ebbf71b95baa	3	6.78318091674935	8.91000667243399	unknown	unknown	unknown	unknown	GEO sample description + deposited plate design + tracked imaging join
3-3_C08_OCIAD2	GSM9216401	OCIAD2	plate3	plate3-3	C08	77fb4a2a31aaeaff2e6c576f4f42cef90f3d060d734181d6621cbb4ba401d755	3	6.92164647967396	8.8142122569328	unknown	unknown	unknown	unknown	GEO sample description + deposited plate design + tracked imaging join
3-3_C09_TIGIT	GSM9216402	TIGIT	plate3	plate3-3	C09	6c5119dbe290a163c8c2aa7fbf4edde7dc6c8be8301716347260a366b0d19147	3	6.82741317202377	8.87862424257923	unknown	unknown	unknown	unknown	GEO sample description + deposited plate design + tracked imaging join
3-3_C10_MAP3K7	GSM9216403	MAP3K7	plate3	plate3-3	C10	3a7433ea6d58cb53f07722169581bb9e676f567055631d67839d4ce85f8b6446	3	6.86509361054826	8.86172149175532	unknown	unknown	unknown	unknown	GEO sample description + deposited plate design + tracked imaging join
3-3_C11_CISH	GSM9216404	CISH	plate3	plate3-3	C11	c490330a4db4449e9eee5a652112fc172558dbddf2b1eb5d3255b668c9add28b	3	6.79289106892838	8.83059642119706	unknown	unknown	unknown	unknown	GEO sample description + deposited plate design + tracked imaging join
3-3_D02_SLC22A3	GSM9216405	SLC22A3	plate3	plate3-3	D02	501d17f8763d6bb0cad5a3702757af29cbc0cfecf00a605cf6faf212b7c0a45f	3	6.94863159238375	8.90067511555359	unknown	unknown	unknown	unknown	GEO sample description + deposited plate design + tracked imaging join
3-3_D03_ERBB2	GSM9216406	ERBB2	plate3	plate3-3	D03	05ac46fa6e6baf0d98aa34d80b8e7d89e8caff5ac7823fa96a69eaad5a480963	3	6.44459284727319	8.32140638265746	unknown	unknown	unknown	unknown	GEO sample description + deposited plate design + tracked imaging join
3-3_D04_EGFL6	GSM9216407	EGFL6	plate3	plate3-3	D04	e7b4706f4941984858234c50bd53fd607e8b5a14b61f031a04734a7ccd52dee6	3	6.87163488613194	8.82657340700772	unknown	unknown	unknown	unknown	GEO sample description + deposited plate design + tracked imaging join
3-3_D05_CSNK2A1	GSM9216408	CSNK2A1	plate3	plate3-3	D05	1e56f492884751274743e95b03555005dc64cd8354861524b7c5fcdbaa66e0da	3	6.75978197608443	9.1835938542601	unknown	unknown	unknown	unknown	GEO sample description + deposited plate design + tracked imaging join
3-3_D06_ANK3	GSM9216409	ANK3	plate3	plate3-3	D06	4de8da66878d58ebbd772f31d049de729f29026af650a0736f34c0c287c89a7d	3	6.81547046357626	8.78862171969168	unknown	unknown	unknown	unknown	GEO sample description + deposited plate design + tracked imaging join
3-3_D07_TIGIT	GSM9216410	TIGIT	plate3	plate3-3	D07	6c5119dbe290a163c8c2aa7fbf4edde7dc6c8be8301716347260a366b0d19147	3	6.84691729579131	8.82196396278218	unknown	unknown	unknown	unknown	GEO sample description + deposited plate design + tracked imaging join
3-3_D08_ELOVL1	GSM9216411	ELOVL1	plate3	plate3-3	D08	a31a7eb16c9c5e7bec34f7cfaec361bbc6e5dc81c37e02c10c3cd6e2e5dd4e13	3	6.79373380106007	8.7642948315556	unknown	unknown	unknown	unknown	GEO sample description + deposited plate design + tracked imaging join
3-3_D09_MAP2K3	GSM9216412	MAP2K3	plate3	plate3-3	D09	2ef1851dfd042c51e8aacdd44ceb73c9c85a7092cd0cc7160b8e56b6a1e968b3	3	7.28846150625985	8.73529614523364	unknown	unknown	unknown	unknown	GEO sample description + deposited plate design + tracked imaging join
3-3_D10_MAP4K3	GSM9216413	MAP4K3	plate3	plate3-3	D10	e98949fc6afd8b6e10d2d449e0816c378b8dd0ff21920034bb325019ae1340a9	3	6.87286812364522	8.83870207297015	unknown	unknown	unknown	unknown	GEO sample description + deposited plate design + tracked imaging join
3-3_D11_ELF5	GSM9216414	ELF5	plate3	plate3-3	D11	76856ea8aaccde83280b500a48d882c3d8c8636da4ccbeb341096adde8a689c6	3	6.89112189878426	8.90223558932164	unknown	unknown	unknown	unknown	GEO sample description + deposited plate design + tracked imaging join
3-3_E02_TLR2	GSM9216415	TLR2	plate3	plate3-3	E02	9154982165ed7e32f3b3c52f8dbde96643064fb50ec2e497cc4992888e109cbd	3	6.73078096166834	8.91807305900568	unknown	unknown	unknown	unknown	GEO sample description + deposited plate design + tracked imaging join
3-3_E03_TIGIT	GSM9216416	TIGIT	plate3	plate3-3	E03	6c5119dbe290a163c8c2aa7fbf4edde7dc6c8be8301716347260a366b0d19147	3	6.60222602787196	8.89658900319623	unknown	unknown	unknown	unknown	GEO sample description + deposited plate design + tracked imaging join
3-3_E04_CTSH	GSM9216417	CTSH	plate3	plate3-3	E04	c30ea6f67b2192a44e51355763bdbffc6f4bbdf979019bbd24560462cbf76f66	3	6.62308053183258	8.85856094888778	unknown	unknown	unknown	unknown	GEO sample description + deposited plate design + tracked imaging join
3-3_E05_CSNK2A1	GSM9216418	CSNK2A1	plate3	plate3-3	E05	1e56f492884751274743e95b03555005dc64cd8354861524b7c5fcdbaa66e0da	3	6.42684453636018	8.98116580066665	unknown	unknown	unknown	unknown	GEO sample description + deposited plate design + tracked imaging join
3-3_E06_MYO5C	GSM9216419	MYO5C	plate3	plate3-3	E06	0247aaceb5451781f1279522a33fb203a85a1ab0cc77ce59343b63f850828d6a	3	6.7557289958044	8.88472246282602	unknown	unknown	unknown	unknown	GEO sample description + deposited plate design + tracked imaging join
3-3_E07_GNAI1	GSM9216420	GNAI1	plate3	plate3-3	E07	1f0d7e464533552b8760570a2dcb1389400dd141efb7689588fe7810e2bccd74	3	6.79040750367285	8.98004866425025	unknown	unknown	unknown	unknown	GEO sample description + deposited plate design + tracked imaging join
3-3_E08_ANTXR1	GSM9216421	ANTXR1	plate3	plate3-3	E08	4cbb9453403160ed7dca059ea28331c9c97bf6d88e326bc407820528c766e96d	3	6.79809922175839	8.88827917307763	unknown	unknown	unknown	unknown	GEO sample description + deposited plate design + tracked imaging join
3-3_E09_MAP2K4	GSM9216422	MAP2K4	plate3	plate3-3	E09	0e0ed2360da7a27eaa7b3417f0ac425a918888ab448448f40e128b5310298f6a	3	7.05312613937824	8.89129313831995	unknown	unknown	unknown	unknown	GEO sample description + deposited plate design + tracked imaging join
3-3_E10_MAP4K4	GSM9216423	MAP4K4	plate3	plate3-3	E10	50ca6a1df1dd1cd37c7e484e0988ae5e17ed06600a6e2ba55048a3608a442ebf	3	6.72604150007546	8.86096843618754	unknown	unknown	unknown	unknown	GEO sample description + deposited plate design + tracked imaging join
3-3_E11_CCN2	GSM9216424	CCN2	plate3	plate3-3	E11	8faef22047789238d0507d712272813a9c0563f05ecfd603b4038754de5dfdea	3	6.96084559593914	8.847386983422	unknown	unknown	unknown	unknown	GEO sample description + deposited plate design + tracked imaging join
3-3_F02_TIGIT	GSM9216425	TIGIT	plate3	plate3-3	F02	6c5119dbe290a163c8c2aa7fbf4edde7dc6c8be8301716347260a366b0d19147	3	6.90478687275026	8.87083491845702	unknown	unknown	unknown	unknown	GEO sample description + deposited plate design + tracked imaging join
3-3_F03_ERBB4	GSM9216426	ERBB4	plate3	plate3-3	F03	6331872d1504163e162d5d881702e64cbf7c6142a360e7505a4ec9995ecf7555	3	6.77554671424417	8.86826052496161	unknown	unknown	unknown	unknown	GEO sample description + deposited plate design + tracked imaging join
3-3_F04_SLC39A8	GSM9216427	SLC39A8	plate3	plate3-3	F04	522aba88254015da830c3a3f64d2ccfa198b3620a923a017714a04df882317e3	3	6.82405700690675	8.86879459228994	unknown	unknown	unknown	unknown	GEO sample description + deposited plate design + tracked imaging join
3-3_F05_VANGL1	GSM9216428	VANGL1	plate3	plate3-3	F05	139081fd82c4fa4865d775dfbcdec9e3127070c59792947b00c74922bde245e3	3	6.89322023496435	8.82987214259851	unknown	unknown	unknown	unknown	GEO sample description + deposited plate design + tracked imaging join
3-3_F06_TINAG	GSM9216429	TINAG	plate3	plate3-3	F06	b9d923979dcd879974ddaacf266fd41e55d0e1341f043ca8ba7a4ed3b7d16acb	3	6.94287965981973	8.93358977132894	unknown	unknown	unknown	unknown	GEO sample description + deposited plate design + tracked imaging join
3-3_F07_AREG	GSM9216430	AREG	plate3	plate3-3	F07	4b8f0fa720d9ac00edc012d8492ab855b7e7d2007b16229202cdde01f2cc00c5	3	6.88910278492822	8.85376983034959	unknown	unknown	unknown	unknown	GEO sample description + deposited plate design + tracked imaging join
3-3_F08_TSPAN11	GSM9216431	TSPAN11	plate3	plate3-3	F08	d052c38ae5532611b0b5705f664fa0049a1f6b8024e37211371bb8d135ac6b64	3	6.92354490834394	8.81462167069871	unknown	unknown	unknown	unknown	GEO sample description + deposited plate design + tracked imaging join
3-3_F09_MAP3K1	GSM9216432	MAP3K1	plate3	plate3-3	F09	dccd85a7bd1aa38518ab4bf0d2bab5c99fba32b6aa666e8bf58a9b7b77b7008a	3	6.90334383133786	8.84415101393274	unknown	unknown	unknown	unknown	GEO sample description + deposited plate design + tracked imaging join
3-3_F10_MAPK1	GSM9216433	MAPK1	plate3	plate3-3	F10	147244be9cee957833242c2b1692c81baac0c0437dd5df71a27d914c95058321	3	6.58163255787494	8.86406095748807	unknown	unknown	unknown	unknown	GEO sample description + deposited plate design + tracked imaging join
3-3_F11_BMP2	GSM9216434	BMP2	plate3	plate3-3	F11	a20a5528a48428d9c27d929c17d8092a665804520f181658052c750075199f05	3	7.0318022479786	8.91344242933129	unknown	unknown	unknown	unknown	GEO sample description + deposited plate design + tracked imaging join
3-3_G02_ERBB3	GSM9216435	ERBB3	plate3	plate3-3	G02	179c835d945fcd6f11102bf36d235e3fbd3e2df6bd44d226d8c717dcef952ddc	3	6.18313684628132	8.30972609115075	unknown	unknown	unknown	unknown	GEO sample description + deposited plate design + tracked imaging join
3-3_G03_SOCS2	GSM9216436	SOCS2	plate3	plate3-3	G03	15c84c28ed76ece730fb126010bc0369420e2e2ded8309a2fbaf49c6d901bd80	3	6.78294192970471	8.91095691482255	unknown	unknown	unknown	unknown	GEO sample description + deposited plate design + tracked imaging join
3-3_G04_SOAT1	GSM9216437	SOAT1	plate3	plate3-3	G04	8068ce2f1ff2c8f8b641eb1120c850f86b14f6fe7f6810048d147e0c62175fe0	3	6.83819392563962	8.97329481894368	unknown	unknown	unknown	unknown	GEO sample description + deposited plate design + tracked imaging join
3-3_G05_VANGL2	GSM9216438	VANGL2	plate3	plate3-3	G05	d84d076698a4785e101e225071bc8937392796b03389b3dc70971410b5c2eda7	3	6.70669366393335	8.84987792539909	unknown	unknown	unknown	unknown	GEO sample description + deposited plate design + tracked imaging join
3-3_G06_IRF4	GSM9216439	IRF4	plate3	plate3-3	G06	8321cd75ba2475ff1bccaa904955530df19cf7fdaf6bd3af9efae9897edf8e2a	3	6.79647631749041	8.80672400700312	unknown	unknown	unknown	unknown	GEO sample description + deposited plate design + tracked imaging join
3-3_G07_ATP6V0E	GSM9216440	ATP6V0E	plate3	plate3-3	G07	f1ce8bd0e1795c7e102b573ebe5db26dd0c27faa96b745e90b693e9b60382a35	3	6.82487945717881	8.8001790016302	unknown	unknown	unknown	unknown	GEO sample description + deposited plate design + tracked imaging join
3-3_G08_MAP2K1	GSM9216441	MAP2K1	plate3	plate3-3	G08	2bfd729a0504e0b6c1ca0226e1925872e9ce08fcb8ff74e1f03966a4ae28b664	3	6.90088710977664	8.88136665417425	unknown	unknown	unknown	unknown	GEO sample description + deposited plate design + tracked imaging join
3-3_G09_MAP3K2	GSM9216442	MAP3K2	plate3	plate3-3	G09	e1d204105e8390243eb07bf9429926cd60e97de10b34ea29d3da42635983bc04	3	6.63176551167182	8.92289683062566	unknown	unknown	unknown	unknown	GEO sample description + deposited plate design + tracked imaging join
3-3_G10_TDTOMATO	GSM9216443	TDTOMATO	plate3	plate3-3	G10	not_in_plate_design	unknown	5.9063303936382	8.36861127006793	unknown	unknown	unknown	unknown	GEO sample description + deposited plate design + tracked imaging join
3-3_G11_TIGIT	GSM9216444	TIGIT	plate3	plate3-3	G11	6c5119dbe290a163c8c2aa7fbf4edde7dc6c8be8301716347260a366b0d19147	3	6.99705167383996	8.78985698163872	unknown	unknown	unknown	unknown	GEO sample description + deposited plate design + tracked imaging join
3-4_B02_KIDINS220	GSM9216445	KIDINS220	plate3	plate3-4	B02	90c088603c6f0988e77f6ea7b8b0e676c1eaa62982f8ab0058ba84033a2b26e5	3	6.43939217025196	9.12232968640574	unknown	unknown	unknown	unknown	GEO sample description + deposited plate design + tracked imaging join
3-4_B03_CD81	GSM9216446	CD81	plate3	plate3-4	B03	193ac9a38b02ec4e23cc4ddfaeaf3f9e2fd95a5530a1a2e8d5054eb8895214b9	3	6.67569236715157	8.87150369322501	unknown	unknown	unknown	unknown	GEO sample description + deposited plate design + tracked imaging join
3-4_B04_TIGIT	GSM9216447	TIGIT	plate3	plate3-4	B04	6c5119dbe290a163c8c2aa7fbf4edde7dc6c8be8301716347260a366b0d19147	3	7.03077396212731	8.804993819094	unknown	unknown	unknown	unknown	GEO sample description + deposited plate design + tracked imaging join
3-4_B05_TDTOMATO	GSM9216448	TDTOMATO	plate3	plate3-4	B05	not_in_plate_design	unknown	6.0261998941541	8.15881101925388	unknown	unknown	unknown	unknown	GEO sample description + deposited plate design + tracked imaging join
3-4_B06_TGIF1	GSM9216449	TGIF1	plate3	plate3-4	B06	d371f1c1fbc6fe3c4e34568198d24cab7300411457d018c722d5ded2f5877946	3	6.27990754301674	8.4065386863037	unknown	unknown	unknown	unknown	GEO sample description + deposited plate design + tracked imaging join
3-4_B07_CELSR1	GSM9216450	CELSR1	plate3	plate3-4	B07	2d38dcc500585603556627d37bdd195a2550436187e98c067a28f798ea369f31	3	6.75543639978686	8.86276765586799	unknown	unknown	unknown	unknown	GEO sample description + deposited plate design + tracked imaging join
3-4_B08_PI4K2B	GSM9216451	PI4K2B	plate3	plate3-4	B08	b2932b2cccd9c92e30c728618efbe845e434c5b4b75ade86e00493098d898a14	3	7.10602486097184	8.69303120865199	unknown	unknown	unknown	unknown	GEO sample description + deposited plate design + tracked imaging join
3-4_B09_MAP2K2	GSM9216452	MAP2K2	plate3	plate3-4	B09	5f670a39e941a21c0b9478b1d2dd987ad3ff0ca4a27868bde06ac1a371badb53	3	6.94460743325587	8.76107490381553	unknown	unknown	unknown	unknown	GEO sample description + deposited plate design + tracked imaging join
3-4_B10_MAP3K5	GSM9216453	MAP3K5	plate3	plate3-4	B10	15d657cb95797d1d093e70d83c020d6537ff786dc4ce3e8fdfa15daea5215ef5	3	7.14216609173538	8.75321119820233	unknown	unknown	unknown	unknown	GEO sample description + deposited plate design + tracked imaging join
3-4_B11_MAPK3	GSM9216454	MAPK3	plate3	plate3-4	B11	dc48c633db053e653e211dead82804987bec922fdec83f0983d60384057833a6	3	6.9330858393298	8.84327385234542	unknown	unknown	unknown	unknown	GEO sample description + deposited plate design + tracked imaging join
3-4_C02_ITGB6	GSM9216455	ITGB6	plate3	plate3-4	C02	b29cad73c7b7391315d4b5a556d1baea6b6c06bbfd5554c6de53e3268c814b9b	3	6.9098563932939	8.90384559555505	unknown	unknown	unknown	unknown	GEO sample description + deposited plate design + tracked imaging join
3-4_C03_EGFR	GSM9216456	EGFR	plate3	plate3-4	C03	4e06f61649c789ce3e34e4d43db8f16501ec8036a785c8df8e5746a5d9a2ca8b	3	6.92166613526209	8.8573635195291	unknown	unknown	unknown	unknown	GEO sample description + deposited plate design + tracked imaging join
3-4_C04_DRAM1	GSM9216457	DRAM1	plate3	plate3-4	C04	0dad65c7bd6aeb9e78b1cd71b995a358c9db39819c1bf6380f4dba260b0fc1c7	3	6.8237998751189	8.24227351401386	unknown	unknown	unknown	unknown	GEO sample description + deposited plate design + tracked imaging join
3-4_C05_CSNK1A1	GSM9216458	CSNK1A1	plate3	plate3-4	C05	cc182fe0e6738d1e7eb4440a393735023e680f8ba959a1f069c76b79ec97460a	3	5.78880433688339	7.36948058201747	unknown	unknown	unknown	unknown	GEO sample description + deposited plate design + tracked imaging join
3-4_C06_ADK	GSM9216459	ADK	plate3	plate3-4	C06	b38b648a3eaaa8bf69afee7f720e98a3a1dd8c8be564d0d3ffc7c366765b0887	3	6.83701000718968	8.77067278600973	unknown	unknown	unknown	unknown	GEO sample description + deposited plate design + tracked imaging join
3-4_C07_GNAI2	GSM9216460	GNAI2	plate3	plate3-4	C07	346d8b20afbfadc7546ab838061e948968270e9cde7a3ab34d80ebbf71b95baa	3	6.90573926533756	8.66909472580298	unknown	unknown	unknown	unknown	GEO sample description + deposited plate design + tracked imaging join
3-4_C08_OCIAD2	GSM9216461	OCIAD2	plate3	plate3-4	C08	77fb4a2a31aaeaff2e6c576f4f42cef90f3d060d734181d6621cbb4ba401d755	3	7.00877496579129	8.75905472209304	unknown	unknown	unknown	unknown	GEO sample description + deposited plate design + tracked imaging join
3-4_C09_TIGIT	GSM9216462	TIGIT	plate3	plate3-4	C09	6c5119dbe290a163c8c2aa7fbf4edde7dc6c8be8301716347260a366b0d19147	3	7.07002489759543	8.8013391972395	unknown	unknown	unknown	unknown	GEO sample description + deposited plate design + tracked imaging join
3-4_C10_MAP3K7	GSM9216463	MAP3K7	plate3	plate3-4	C10	3a7433ea6d58cb53f07722169581bb9e676f567055631d67839d4ce85f8b6446	3	6.79783134809185	8.78024630965709	unknown	unknown	unknown	unknown	GEO sample description + deposited plate design + tracked imaging join
3-4_C11_CISH	GSM9216464	CISH	plate3	plate3-4	C11	c490330a4db4449e9eee5a652112fc172558dbddf2b1eb5d3255b668c9add28b	3	7.06864641252953	8.91554075704914	unknown	unknown	unknown	unknown	GEO sample description + deposited plate design + tracked imaging join
3-4_D02_SLC22A3	GSM9216465	SLC22A3	plate3	plate3-4	D02	501d17f8763d6bb0cad5a3702757af29cbc0cfecf00a605cf6faf212b7c0a45f	3	6.82489916543706	8.87754231158237	unknown	unknown	unknown	unknown	GEO sample description + deposited plate design + tracked imaging join
3-4_D03_ERBB2	GSM9216466	ERBB2	plate3	plate3-4	D03	05ac46fa6e6baf0d98aa34d80b8e7d89e8caff5ac7823fa96a69eaad5a480963	3	6.4568077923936	8.3861029123989	unknown	unknown	unknown	unknown	GEO sample description + deposited plate design + tracked imaging join
3-4_D04_EGFL6	GSM9216467	EGFL6	plate3	plate3-4	D04	e7b4706f4941984858234c50bd53fd607e8b5a14b61f031a04734a7ccd52dee6	3	6.68053332672167	8.7931343655032	unknown	unknown	unknown	unknown	GEO sample description + deposited plate design + tracked imaging join
3-4_D05_CSNK2A1	GSM9216468	CSNK2A1	plate3	plate3-4	D05	1e56f492884751274743e95b03555005dc64cd8354861524b7c5fcdbaa66e0da	3	6.56823338289889	9.13152343796902	unknown	unknown	unknown	unknown	GEO sample description + deposited plate design + tracked imaging join
3-4_D06_ANK3	GSM9216469	ANK3	plate3	plate3-4	D06	4de8da66878d58ebbd772f31d049de729f29026af650a0736f34c0c287c89a7d	3	7.01019027767608	8.74119956092678	unknown	unknown	unknown	unknown	GEO sample description + deposited plate design + tracked imaging join
3-4_D07_TIGIT	GSM9216470	TIGIT	plate3	plate3-4	D07	6c5119dbe290a163c8c2aa7fbf4edde7dc6c8be8301716347260a366b0d19147	3	7.17691702816811	8.78408924926422	unknown	unknown	unknown	unknown	GEO sample description + deposited plate design + tracked imaging join
3-4_D08_ELOVL1	GSM9216471	ELOVL1	plate3	plate3-4	D08	a31a7eb16c9c5e7bec34f7cfaec361bbc6e5dc81c37e02c10c3cd6e2e5dd4e13	3	6.61039277253188	8.92844942293105	unknown	unknown	unknown	unknown	GEO sample description + deposited plate design + tracked imaging join
3-4_D09_MAP2K3	GSM9216472	MAP2K3	plate3	plate3-4	D09	2ef1851dfd042c51e8aacdd44ceb73c9c85a7092cd0cc7160b8e56b6a1e968b3	3	7.25175359452989	8.87627578482771	unknown	unknown	unknown	unknown	GEO sample description + deposited plate design + tracked imaging join
3-4_D10_MAP4K3	GSM9216473	MAP4K3	plate3	plate3-4	D10	e98949fc6afd8b6e10d2d449e0816c378b8dd0ff21920034bb325019ae1340a9	3	6.95686425202141	8.89059102668806	unknown	unknown	unknown	unknown	GEO sample description + deposited plate design + tracked imaging join
3-4_D11_ELF5	GSM9216474	ELF5	plate3	plate3-4	D11	76856ea8aaccde83280b500a48d882c3d8c8636da4ccbeb341096adde8a689c6	3	7.13300596539884	8.69192931708333	unknown	unknown	unknown	unknown	GEO sample description + deposited plate design + tracked imaging join
3-4_E02_TLR2	GSM9216475	TLR2	plate3	plate3-4	E02	9154982165ed7e32f3b3c52f8dbde96643064fb50ec2e497cc4992888e109cbd	3	6.61996851842482	8.94843383666745	unknown	unknown	unknown	unknown	GEO sample description + deposited plate design + tracked imaging join
3-4_E03_TIGIT	GSM9216476	TIGIT	plate3	plate3-4	E03	6c5119dbe290a163c8c2aa7fbf4edde7dc6c8be8301716347260a366b0d19147	3	6.69932274849514	9.00777178306319	unknown	unknown	unknown	unknown	GEO sample description + deposited plate design + tracked imaging join
3-4_E04_CTSH	GSM9216477	CTSH	plate3	plate3-4	E04	c30ea6f67b2192a44e51355763bdbffc6f4bbdf979019bbd24560462cbf76f66	3	6.81475391817751	8.90957407346052	unknown	unknown	unknown	unknown	GEO sample description + deposited plate design + tracked imaging join
3-4_E05_CSNK2A1	GSM9216478	CSNK2A1	plate3	plate3-4	E05	1e56f492884751274743e95b03555005dc64cd8354861524b7c5fcdbaa66e0da	3	6.3370614954541	9.02217414296432	unknown	unknown	unknown	unknown	GEO sample description + deposited plate design + tracked imaging join
3-4_E06_MYO5C	GSM9216479	MYO5C	plate3	plate3-4	E06	0247aaceb5451781f1279522a33fb203a85a1ab0cc77ce59343b63f850828d6a	3	6.82483794261138	8.85385961372482	unknown	unknown	unknown	unknown	GEO sample description + deposited plate design + tracked imaging join
3-4_E07_GNAI1	GSM9216480	GNAI1	plate3	plate3-4	E07	1f0d7e464533552b8760570a2dcb1389400dd141efb7689588fe7810e2bccd74	3	6.70374751470361	8.828817937293	unknown	unknown	unknown	unknown	GEO sample description + deposited plate design + tracked imaging join
3-4_E08_ANTXR1	GSM9216481	ANTXR1	plate3	plate3-4	E08	4cbb9453403160ed7dca059ea28331c9c97bf6d88e326bc407820528c766e96d	3	6.64784685359347	8.88421196256911	unknown	unknown	unknown	unknown	GEO sample description + deposited plate design + tracked imaging join
3-4_E09_MAP2K4	GSM9216482	MAP2K4	plate3	plate3-4	E09	0e0ed2360da7a27eaa7b3417f0ac425a918888ab448448f40e128b5310298f6a	3	6.97848590334761	8.95459373661444	unknown	unknown	unknown	unknown	GEO sample description + deposited plate design + tracked imaging join
3-4_E10_MAP4K4	GSM9216483	MAP4K4	plate3	plate3-4	E10	50ca6a1df1dd1cd37c7e484e0988ae5e17ed06600a6e2ba55048a3608a442ebf	3	6.97898009056042	8.83502733851529	unknown	unknown	unknown	unknown	GEO sample description + deposited plate design + tracked imaging join
3-4_E11_CCN2	GSM9216484	CCN2	plate3	plate3-4	E11	8faef22047789238d0507d712272813a9c0563f05ecfd603b4038754de5dfdea	3	6.70164541350086	8.86816683064493	unknown	unknown	unknown	unknown	GEO sample description + deposited plate design + tracked imaging join
3-4_F02_TIGIT	GSM9216485	TIGIT	plate3	plate3-4	F02	6c5119dbe290a163c8c2aa7fbf4edde7dc6c8be8301716347260a366b0d19147	3	6.78224109251075	8.73848188975225	unknown	unknown	unknown	unknown	GEO sample description + deposited plate design + tracked imaging join
3-4_F03_ERBB4	GSM9216486	ERBB4	plate3	plate3-4	F03	6331872d1504163e162d5d881702e64cbf7c6142a360e7505a4ec9995ecf7555	3	6.94089925952726	8.81828164850385	unknown	unknown	unknown	unknown	GEO sample description + deposited plate design + tracked imaging join
3-4_F04_SLC39A8	GSM9216487	SLC39A8	plate3	plate3-4	F04	522aba88254015da830c3a3f64d2ccfa198b3620a923a017714a04df882317e3	3	6.97438730431391	8.80854715542537	unknown	unknown	unknown	unknown	GEO sample description + deposited plate design + tracked imaging join
3-4_F05_VANGL1	GSM9216488	VANGL1	plate3	plate3-4	F05	139081fd82c4fa4865d775dfbcdec9e3127070c59792947b00c74922bde245e3	3	6.81569264394181	8.74313013437435	unknown	unknown	unknown	unknown	GEO sample description + deposited plate design + tracked imaging join
3-4_F06_TINAG	GSM9216489	TINAG	plate3	plate3-4	F06	b9d923979dcd879974ddaacf266fd41e55d0e1341f043ca8ba7a4ed3b7d16acb	3	6.89253645997368	8.84134073185983	unknown	unknown	unknown	unknown	GEO sample description + deposited plate design + tracked imaging join
3-4_F07_AREG	GSM9216490	AREG	plate3	plate3-4	F07	4b8f0fa720d9ac00edc012d8492ab855b7e7d2007b16229202cdde01f2cc00c5	3	6.8633423075118	8.83108094749269	unknown	unknown	unknown	unknown	GEO sample description + deposited plate design + tracked imaging join
3-4_F08_TSPAN11	GSM9216491	TSPAN11	plate3	plate3-4	F08	d052c38ae5532611b0b5705f664fa0049a1f6b8024e37211371bb8d135ac6b64	3	6.92428438964011	8.74371187691733	unknown	unknown	unknown	unknown	GEO sample description + deposited plate design + tracked imaging join
3-4_F09_MAP3K1	GSM9216492	MAP3K1	plate3	plate3-4	F09	dccd85a7bd1aa38518ab4bf0d2bab5c99fba32b6aa666e8bf58a9b7b77b7008a	3	6.96784986522247	8.86921324102665	unknown	unknown	unknown	unknown	GEO sample description + deposited plate design + tracked imaging join
3-4_F10_MAPK1	GSM9216493	MAPK1	plate3	plate3-4	F10	147244be9cee957833242c2b1692c81baac0c0437dd5df71a27d914c95058321	3	6.4473201568748	8.71257422955859	unknown	unknown	unknown	unknown	GEO sample description + deposited plate design + tracked imaging join
3-4_F11_BMP2	GSM9216494	BMP2	plate3	plate3-4	F11	a20a5528a48428d9c27d929c17d8092a665804520f181658052c750075199f05	3	7.08750286281016	8.86041875788015	unknown	unknown	unknown	unknown	GEO sample description + deposited plate design + tracked imaging join
3-4_G02_ERBB3	GSM9216495	ERBB3	plate3	plate3-4	G02	179c835d945fcd6f11102bf36d235e3fbd3e2df6bd44d226d8c717dcef952ddc	3	6.27864803921356	8.2202768486069	unknown	unknown	unknown	unknown	GEO sample description + deposited plate design + tracked imaging join
3-4_G03_SOCS2	GSM9216496	SOCS2	plate3	plate3-4	G03	15c84c28ed76ece730fb126010bc0369420e2e2ded8309a2fbaf49c6d901bd80	3	6.72488329523923	8.99339088676206	unknown	unknown	unknown	unknown	GEO sample description + deposited plate design + tracked imaging join
3-4_G04_SOAT1	GSM9216497	SOAT1	plate3	plate3-4	G04	8068ce2f1ff2c8f8b641eb1120c850f86b14f6fe7f6810048d147e0c62175fe0	3	6.86490286008835	8.98589998971858	unknown	unknown	unknown	unknown	GEO sample description + deposited plate design + tracked imaging join
3-4_G05_VANGL2	GSM9216498	VANGL2	plate3	plate3-4	G05	d84d076698a4785e101e225071bc8937392796b03389b3dc70971410b5c2eda7	3	6.76141672777147	8.83738724004825	unknown	unknown	unknown	unknown	GEO sample description + deposited plate design + tracked imaging join
3-4_G06_IRF4	GSM9216499	IRF4	plate3	plate3-4	G06	8321cd75ba2475ff1bccaa904955530df19cf7fdaf6bd3af9efae9897edf8e2a	3	6.80142655488818	8.83481471630057	unknown	unknown	unknown	unknown	GEO sample description + deposited plate design + tracked imaging join
3-4_G07_ATP6V0E	GSM9216500	ATP6V0E	plate3	plate3-4	G07	f1ce8bd0e1795c7e102b573ebe5db26dd0c27faa96b745e90b693e9b60382a35	3	6.83480656211941	8.81599759360393	unknown	unknown	unknown	unknown	GEO sample description + deposited plate design + tracked imaging join
3-4_G08_MAP2K1	GSM9216501	MAP2K1	plate3	plate3-4	G08	2bfd729a0504e0b6c1ca0226e1925872e9ce08fcb8ff74e1f03966a4ae28b664	3	6.89655056833588	8.97585686691712	unknown	unknown	unknown	unknown	GEO sample description + deposited plate design + tracked imaging join
3-4_G09_MAP3K2	GSM9216502	MAP3K2	plate3	plate3-4	G09	e1d204105e8390243eb07bf9429926cd60e97de10b34ea29d3da42635983bc04	3	6.84122956642922	8.70865455051621	unknown	unknown	unknown	unknown	GEO sample description + deposited plate design + tracked imaging join
3-4_G10_TDTOMATO	GSM9216503	TDTOMATO	plate3	plate3-4	G10	not_in_plate_design	unknown	5.93757096739198	8.35210896896637	unknown	unknown	unknown	unknown	GEO sample description + deposited plate design + tracked imaging join
3-4_G11_TIGIT	GSM9216504	TIGIT	plate3	plate3-4	G11	6c5119dbe290a163c8c2aa7fbf4edde7dc6c8be8301716347260a366b0d19147	3	6.7624053718917	8.89252462744294	unknown	unknown	unknown	unknown	GEO sample description + deposited plate design + tracked imaging join
4-1_B02_ATF6	GSM9216505	ATF6	plate4	plate4-1	B02	813ff48a05ab16acabe4e9158c5915c7d98a3fcca45c39bd48df01d4aac7ac17	3	6.53865005385993	8.81627919732929	unknown	unknown	unknown	unknown	GEO sample description + deposited plate design + tracked imaging join
4-1_B03_CTCF	GSM9216506	CTCF	plate4	plate4-1	B03	5e6fef96fe34059660e1fd133f9deaef823409532feaf2c809c74e170cc2d73a	3	6.48776257259108	8.85089844960497	unknown	unknown	unknown	unknown	GEO sample description + deposited plate design + tracked imaging join
4-1_B04_TIGIT	GSM9216507	TIGIT	plate4	plate4-1	B04	6c5119dbe290a163c8c2aa7fbf4edde7dc6c8be8301716347260a366b0d19147	3	6.5680961344562	8.63167081608134	unknown	unknown	unknown	unknown	GEO sample description + deposited plate design + tracked imaging join
4-1_B05_TDTOMATO	GSM9216508	TDTOMATO	plate4	plate4-1	B05	not_in_plate_design	unknown	6.35238296095979	8.836988002121	unknown	unknown	unknown	unknown	GEO sample description + deposited plate design + tracked imaging join
4-1_B06_RYK	GSM9216509	RYK	plate4	plate4-1	B06	fe7d4ba6da5af2f96e3e7e2c5da370958c5bec805fbfccf6b714abc5ad2b1da9	3	6.65214413716223	8.69110125395449	unknown	unknown	unknown	unknown	GEO sample description + deposited plate design + tracked imaging join
4-1_B07_RNF43	GSM9216510	RNF43	plate4	plate4-1	B07	f4d3784f88f47fd72e38fd029cd72fc32198cc54d16820343933018c9dda5d48	3	6.63545536114494	8.70956857486655	unknown	unknown	unknown	unknown	GEO sample description + deposited plate design + tracked imaging join
4-1_B08_NKD1	GSM9216511	NKD1	plate4	plate4-1	B08	fbae7fc6fd8b460679f045f38bfd3e8f0db0dda5afb4cba7a16887cfbdd8216e	3	6.50455518427425	8.59283228048167	unknown	unknown	unknown	unknown	GEO sample description + deposited plate design + tracked imaging join
4-1_B09_SLC34A2	GSM9216512	SLC34A2	plate4	plate4-1	B09	8a56e7f4fb4d09e7dc415656b94eb7bff43f0480ab3a7c1dc98cc849dc7454c7	3	6.65961285024292	8.69962828542425	unknown	unknown	unknown	unknown	GEO sample description + deposited plate design + tracked imaging join
4-1_B10_RBPJL	GSM9216513	RBPJL	plate4	plate4-1	B10	10983c8896537ef15745cc71139f89ef46a4d3260cf77edbd6f95167a2c82d8a	3	6.57171331039515	8.80260468568457	unknown	unknown	unknown	unknown	GEO sample description + deposited plate design + tracked imaging join
4-1_B11_SLC6A14	GSM9216514	SLC6A14	plate4	plate4-1	B11	06a389f13182582f244b20cbf4fcc60f6337b98e3408a661b06d6e1ae833ddf7	3	6.54370670869351	8.8152861291555	unknown	unknown	unknown	unknown	GEO sample description + deposited plate design + tracked imaging join
4-1_C02_LAMP2	GSM9216515	LAMP2	plate4	plate4-1	C02	32c535296e79091270ce3ae40d6abc5d2fb1c4bae72a3967efe0e2e4eec426b1	3	6.56661940080538	8.87906267749455	unknown	unknown	unknown	unknown	GEO sample description + deposited plate design + tracked imaging join
4-1_C03_LGR5	GSM9216516	LGR5	plate4	plate4-1	C03	4c7132332e17c5ed043362f8e25827ac357ba77b473463c11caaa9cc276ad433	3	6.52157141787793	8.70090925185354	unknown	unknown	unknown	unknown	GEO sample description + deposited plate design + tracked imaging join
4-1_C04_CTNNB1	GSM9216517	CTNNB1	plate4	plate4-1	C04	f1f6ac6785575fb33e38b32ec519040d3b241ec773d2a20fad10ea507a41ad90	3	6.73781668984138	8.97614912816359	unknown	unknown	unknown	unknown	GEO sample description + deposited plate design + tracked imaging join
4-1_C05_DVL3	GSM9216518	DVL3	plate4	plate4-1	C05	e9f2c1b662097f9bed5a8b6f835cd71ac8d0eb71cea101cb15b15cf5437d736e	3	6.645947523223	8.77830008764809	unknown	unknown	unknown	unknown	GEO sample description + deposited plate design + tracked imaging join
4-1_C06_DVL2	GSM9216519	DVL2	plate4	plate4-1	C06	21636bfe5e3945656f710960a01bfc70e92c1bd2b9596793e0a3714ea90e113b	3	6.57268876358054	8.80899556623369	unknown	unknown	unknown	unknown	GEO sample description + deposited plate design + tracked imaging join
4-1_C07_SPRY4	GSM9216520	SPRY4	plate4	plate4-1	C07	ca4a4e1ab2f64f78ffef0c7fb02dc6248328d31dd0f7640b1dcfc6e9aae6706c	3	6.75424113993937	8.76826428850825	unknown	unknown	unknown	unknown	GEO sample description + deposited plate design + tracked imaging join
4-1_C08_NKD2	GSM9216521	NKD2	plate4	plate4-1	C08	f2553e774e8df8921821fd1a7a1bee9824397e4b5c330bfba02386c79150a40d	3	6.60581557647635	8.80065949689272	unknown	unknown	unknown	unknown	GEO sample description + deposited plate design + tracked imaging join
4-1_C09_TIGIT	GSM9216522	TIGIT	plate4	plate4-1	C09	6c5119dbe290a163c8c2aa7fbf4edde7dc6c8be8301716347260a366b0d19147	3	6.52456720527677	8.6302369387424	unknown	unknown	unknown	unknown	GEO sample description + deposited plate design + tracked imaging join
4-1_C10_HOPX	GSM9216523	HOPX	plate4	plate4-1	C10	f91eb092383327a37e5bc6213698788c73aae32cc9ec3118a02656e423adbe27	3	6.52352988406253	8.65456439104911	unknown	unknown	unknown	unknown	GEO sample description + deposited plate design + tracked imaging join
4-1_C11_CD36	GSM9216524	CD36	plate4	plate4-1	C11	f8695833d236a6d6d142418a86a76c59966b07c613b9d1b169fc3d7588dd504b	3	6.59542769533431	8.76243200536884	unknown	unknown	unknown	unknown	GEO sample description + deposited plate design + tracked imaging join
4-1_D02_CRELD1	GSM9216525	CRELD1	plate4	plate4-1	D02	f95e38000c94169c899096e65a271d281030201cad0fa5b548216fe850dc70c6	3	6.46747022311454	8.70635202325462	unknown	unknown	unknown	unknown	GEO sample description + deposited plate design + tracked imaging join
4-1_D03_LGR6	GSM9216526	LGR6	plate4	plate4-1	D03	588da3b259227e955d8ac36d3cc16bf3402176bf8f57f0b2b9956ebfa0dd63b4	3	6.62174574659477	8.75796139574279	unknown	unknown	unknown	unknown	GEO sample description + deposited plate design + tracked imaging join
4-1_D04_PORCN	GSM9216527	PORCN	plate4	plate4-1	D04	dfd39104bea51fd868c1b4f6ffc2a14aba35ba535c32ed725edc7e2d8173eb6a	3	6.55598337906385	8.77977788398818	unknown	unknown	unknown	unknown	GEO sample description + deposited plate design + tracked imaging join
4-1_D05_WIF1	GSM9216528	WIF1	plate4	plate4-1	D05	ef0bb571b6e1b7d312273cb18dc344e40dc216e80838e752f4b7d54151f249cd	3	6.4408582830612	8.73732135138112	unknown	unknown	unknown	unknown	GEO sample description + deposited plate design + tracked imaging join
4-1_D06_GSK3B	GSM9216529	GSK3B	plate4	plate4-1	D06	687ce81b8f2455d3de9aa4d3af22793476329a3a9ce68414ac1d96dbc6b64f98	3	6.47822185118255	8.88478534012443	unknown	unknown	unknown	unknown	GEO sample description + deposited plate design + tracked imaging join
4-1_D07_TIGIT	GSM9216530	TIGIT	plate4	plate4-1	D07	6c5119dbe290a163c8c2aa7fbf4edde7dc6c8be8301716347260a366b0d19147	3	6.51052339832907	8.69015638765922	unknown	unknown	unknown	unknown	GEO sample description + deposited plate design + tracked imaging join
4-1_D08_FBXW11	GSM9216531	FBXW11	plate4	plate4-1	D08	a1a6b66704d8ce14cd9c2f62706ff628b494d69123201be12a6f417fc107a277	3	6.43759647362457	8.58789369286552	unknown	unknown	unknown	unknown	GEO sample description + deposited plate design + tracked imaging join
4-1_D09_PDE7B	GSM9216532	PDE7B	plate4	plate4-1	D09	93551f2d583ded95178bfa08a7de8a1569726b958692bf444cac5e4c497175ed	3	6.60143557279667	8.75357697690025	unknown	unknown	unknown	unknown	GEO sample description + deposited plate design + tracked imaging join
4-1_D10_HBEGF	GSM9216533	HBEGF	plate4	plate4-1	D10	2e8ba34752a31f5381fabc399cc5d05cc6ff47880f8de463fcae476183cb93f9	3	6.59370829606674	8.82407395756332	unknown	unknown	unknown	unknown	GEO sample description + deposited plate design + tracked imaging join
4-1_D11_KCNJ15	GSM9216534	KCNJ15	plate4	plate4-1	D11	c902990716ed073e9deb710901be8188b255efee97e4c295224d2c309410216d	3	6.58605087007393	8.69421884369324	unknown	unknown	unknown	unknown	GEO sample description + deposited plate design + tracked imaging join
4-1_E02_CRISPLD2	GSM9216535	CRISPLD2	plate4	plate4-1	E02	29633e0c93b8c650a947af943bda59b4bd9b1b9db905588c9eaa19181822e702	3	6.77922450270604	8.61721284116257	unknown	unknown	unknown	unknown	GEO sample description + deposited plate design + tracked imaging join
4-1_E03_TIGIT	GSM9216536	TIGIT	plate4	plate4-1	E03	6c5119dbe290a163c8c2aa7fbf4edde7dc6c8be8301716347260a366b0d19147	3	6.66968730142927	8.86698282727279	unknown	unknown	unknown	unknown	GEO sample description + deposited plate design + tracked imaging join
4-1_E04_SIAH1A	GSM9216537	SIAH1A	plate4	plate4-1	E04	108d15e24241929f446f2affe60bdb4eca7f6cc32820317e81c38ba0bee594c4	3	6.48290082949395	8.8377960579004	unknown	unknown	unknown	unknown	GEO sample description + deposited plate design + tracked imaging join
4-1_E05_JUP	GSM9216538	JUP	plate4	plate4-1	E05	73c464c411bc9e7f2f2abfbe363151c725a70961d2420aee315eb3e8c641a55a	3	6.61391508158897	8.67709594418981	unknown	unknown	unknown	unknown	GEO sample description + deposited plate design + tracked imaging join
4-1_E06_CELSR2	GSM9216539	CELSR2	plate4	plate4-1	E06	28d36845886cd6491e02e12039f0503862eceb23bf4585dbe025817ebb0ddc07	3	6.66035126371146	8.73466506985598	unknown	unknown	unknown	unknown	GEO sample description + deposited plate design + tracked imaging join
4-1_E07_APC	GSM9216540	APC	plate4	plate4-1	E07	7d62a7e26c8ddb94c8ee699aef710bad4211a92d5720536c89546ada2425c604	3	6.42329872963439	8.65134602543268	unknown	unknown	unknown	unknown	GEO sample description + deposited plate design + tracked imaging join
4-1_E08_MLC1	GSM9216541	MLC1	plate4	plate4-1	E08	92c806eab7bed1ec18cecec799432deabfbce2113a1ea74c26d0989f713bf057	3	6.47097211253604	8.6825493847475	unknown	unknown	unknown	unknown	GEO sample description + deposited plate design + tracked imaging join
4-1_E09_CDKN2B	GSM9216542	CDKN2B	plate4	plate4-1	E09	66876e927f86e9ad11ca173298a503c5832e04a54d6eb02a4fba4122cf214e1b	3	6.74270445300743	8.95333230022899	unknown	unknown	unknown	unknown	GEO sample description + deposited plate design + tracked imaging join
4-1_E10_SEMA3E	GSM9216543	SEMA3E	plate4	plate4-1	E10	f5f123f72e1fc504441c5f95e77fbd7b604812a2015ccf258c9732f7fa9e19be	3	6.4429139002342	8.73492562409673	unknown	unknown	unknown	unknown	GEO sample description + deposited plate design + tracked imaging join
4-1_E11_SLC34A2	GSM9216544	SLC34A2	plate4	plate4-1	E11	8a56e7f4fb4d09e7dc415656b94eb7bff43f0480ab3a7c1dc98cc849dc7454c7	3	6.6104150704639	8.79786109079747	unknown	unknown	unknown	unknown	GEO sample description + deposited plate design + tracked imaging join
4-1_F02_TIGIT	GSM9216545	TIGIT	plate4	plate4-1	F02	6c5119dbe290a163c8c2aa7fbf4edde7dc6c8be8301716347260a366b0d19147	3	6.45915971023341	8.84859543093471	unknown	unknown	unknown	unknown	GEO sample description + deposited plate design + tracked imaging join
4-1_F03_ZNRF3	GSM9216546	ZNRF3	plate4	plate4-1	F03	54d4c966c14e695ff37bbed1fd1bc0c510c4f45f255266a269928e4f6a06ae8a	3	6.61146651794306	8.83979400079279	unknown	unknown	unknown	unknown	GEO sample description + deposited plate design + tracked imaging join
4-1_F04_USP6NL	GSM9216547	USP6NL	plate4	plate4-1	F04	984adfa9a2ac7e25d1fc17a3b70e74b0419f4b9fdb198c90388136c0ecf66d05	3	6.46166608464046	8.72854467118954	unknown	unknown	unknown	unknown	GEO sample description + deposited plate design + tracked imaging join
4-1_F05_SH3RF1	GSM9216548	SH3RF1	plate4	plate4-1	F05	e1dcd7ae9f753f63e42596cd19547cc41ae525f282cb6c6f037081ae9cb2ee8b	3	6.50391587947245	8.71627361198228	unknown	unknown	unknown	unknown	GEO sample description + deposited plate design + tracked imaging join
4-1_F06_CELSR3	GSM9216549	CELSR3	plate4	plate4-1	F06	04e5da5eadf2323f1169c6e0abb478dc58e5406d9b2ea6dcf2badf7b3cdc4531	3	6.50805185482576	8.7313121621173	unknown	unknown	unknown	unknown	GEO sample description + deposited plate design + tracked imaging join
4-1_F07_SPRY1	GSM9216550	SPRY1	plate4	plate4-1	F07	5395e83e45efe657e1643f57eef852dd6480e1091bfe498d19a59d5f934ea919	3	6.64386961352321	8.8389914840463	unknown	unknown	unknown	unknown	GEO sample description + deposited plate design + tracked imaging join
4-1_F08_ZFP385B	GSM9216551	ZFP385B	plate4	plate4-1	F08	19739d06936054f09dac28b4011eddb2f7c8dd6a6965d92cfa57dd5e72e63eb9	3	6.48164340046799	8.74047688135138	unknown	unknown	unknown	unknown	GEO sample description + deposited plate design + tracked imaging join
4-1_F09_BDNF	GSM9216552	BDNF	plate4	plate4-1	F09	fbfc9b0be27ac7808e3f1bdc65dd9bdefb63590c00b702b3b79ffd980380c05d	3	6.5474051547538	8.71061508848442	unknown	unknown	unknown	unknown	GEO sample description + deposited plate design + tracked imaging join
4-1_F10_ZFP365	GSM9216553	ZFP365	plate4	plate4-1	F10	4a084296b4ff830eab47116a01ba81503291586b598feaedded509c97ae08799	3	6.72283369531763	8.78008419269409	unknown	unknown	unknown	unknown	GEO sample description + deposited plate design + tracked imaging join
4-1_F11_NPR1	GSM9216554	NPR1	plate4	plate4-1	F11	50e4de9ced242925764b4967d937c72b63eb5cf837858c65575ac94611924206	3	6.53257574671864	8.62790576958541	unknown	unknown	unknown	unknown	GEO sample description + deposited plate design + tracked imaging join
4-1_G02_RNF43	GSM9216555	RNF43	plate4	plate4-1	G02	f4d3784f88f47fd72e38fd029cd72fc32198cc54d16820343933018c9dda5d48	3	6.63552522839388	8.88405567455465	unknown	unknown	unknown	unknown	GEO sample description + deposited plate design + tracked imaging join
4-1_G03_LGR4	GSM9216556	LGR4	plate4	plate4-1	G03	5578098d29375474926af3e221f0763b4874ec45c324481c6f7b24a813b7a5bd	3	6.48416771065533	8.64899998579769	unknown	unknown	unknown	unknown	GEO sample description + deposited plate design + tracked imaging join
4-1_G04_DVL1	GSM9216557	DVL1	plate4	plate4-1	G04	d208223fc5c46a62ab9c4d52f9c32d98b37f27e6b6e34c50364d8ecd7e55d17a	3	6.72583301379752	8.8581700844956	unknown	unknown	unknown	unknown	GEO sample description + deposited plate design + tracked imaging join
4-1_G05_PDLIM2	GSM9216558	PDLIM2	plate4	plate4-1	G05	dd7c4f101a1e00d8b1997ad61eeff496c3f4843e926c81361337c19882bcddd2	3	6.68068484067596	8.96883511246307	unknown	unknown	unknown	unknown	GEO sample description + deposited plate design + tracked imaging join
4-1_G06_USP6NL	GSM9216559	USP6NL	plate4	plate4-1	G06	984adfa9a2ac7e25d1fc17a3b70e74b0419f4b9fdb198c90388136c0ecf66d05	3	6.60078964008912	8.7573558399369	unknown	unknown	unknown	unknown	GEO sample description + deposited plate design + tracked imaging join
4-1_G07_SPRY2	GSM9216560	SPRY2	plate4	plate4-1	G07	b334ed4ae8a7ffeced17eb5021995b2d2a396c09cb12710360e2ebece1d400eb	3	6.89579115583367	8.82583236734919	unknown	unknown	unknown	unknown	GEO sample description + deposited plate design + tracked imaging join
4-1_G08_LRG1	GSM9216561	LRG1	plate4	plate4-1	G08	98edf69d8be4e9a7fd52b69039ab2e44a251e21d2839cd8a0d5e338d184fc54c	3	6.56733947820437	8.86233668652731	unknown	unknown	unknown	unknown	GEO sample description + deposited plate design + tracked imaging join
4-1_G09_CSF1R	GSM9216562	CSF1R	plate4	plate4-1	G09	498dead07f0ae6eb6169b856674561633ce7460a241e67a1b84d851323b73a5a	3	6.64235021578425	8.80501294009134	unknown	unknown	unknown	unknown	GEO sample description + deposited plate design + tracked imaging join
4-1_G10_TDTOMATO	GSM9216563	TDTOMATO	plate4	plate4-1	G10	not_in_plate_design	unknown	6.44175281321895	8.81978827431838	unknown	unknown	unknown	unknown	GEO sample description + deposited plate design + tracked imaging join
4-1_G11_TIGIT	GSM9216564	TIGIT	plate4	plate4-1	G11	6c5119dbe290a163c8c2aa7fbf4edde7dc6c8be8301716347260a366b0d19147	3	6.53129026428891	8.70553418924751	unknown	unknown	unknown	unknown	GEO sample description + deposited plate design + tracked imaging join
4-2_B02_ATF6	GSM9216565	ATF6	plate4	plate4-2	B02	813ff48a05ab16acabe4e9158c5915c7d98a3fcca45c39bd48df01d4aac7ac17	3	6.46586243392684	8.72958030769648	unknown	unknown	unknown	unknown	GEO sample description + deposited plate design + tracked imaging join
4-2_B03_CTCF	GSM9216566	CTCF	plate4	plate4-2	B03	5e6fef96fe34059660e1fd133f9deaef823409532feaf2c809c74e170cc2d73a	3	6.53875111798303	8.81005334520031	unknown	unknown	unknown	unknown	GEO sample description + deposited plate design + tracked imaging join
4-2_B04_TIGIT	GSM9216567	TIGIT	plate4	plate4-2	B04	6c5119dbe290a163c8c2aa7fbf4edde7dc6c8be8301716347260a366b0d19147	3	6.60887874446547	8.6066539873768	unknown	unknown	unknown	unknown	GEO sample description + deposited plate design + tracked imaging join
4-2_B05_TDTOMATO	GSM9216568	TDTOMATO	plate4	plate4-2	B05	not_in_plate_design	unknown	6.55114147309016	8.77159274424028	unknown	unknown	unknown	unknown	GEO sample description + deposited plate design + tracked imaging join
4-2_B06_RYK	GSM9216569	RYK	plate4	plate4-2	B06	fe7d4ba6da5af2f96e3e7e2c5da370958c5bec805fbfccf6b714abc5ad2b1da9	3	6.57318161592843	8.73379557316342	unknown	unknown	unknown	unknown	GEO sample description + deposited plate design + tracked imaging join
4-2_B07_RNF43	GSM9216570	RNF43	plate4	plate4-2	B07	f4d3784f88f47fd72e38fd029cd72fc32198cc54d16820343933018c9dda5d48	3	6.67739211244108	8.5917570471949	unknown	unknown	unknown	unknown	GEO sample description + deposited plate design + tracked imaging join
4-2_B08_NKD1	GSM9216571	NKD1	plate4	plate4-2	B08	fbae7fc6fd8b460679f045f38bfd3e8f0db0dda5afb4cba7a16887cfbdd8216e	3	6.52610697144001	8.68148628925178	unknown	unknown	unknown	unknown	GEO sample description + deposited plate design + tracked imaging join
4-2_B09_SLC34A2	GSM9216572	SLC34A2	plate4	plate4-2	B09	8a56e7f4fb4d09e7dc415656b94eb7bff43f0480ab3a7c1dc98cc849dc7454c7	3	6.52876226604309	8.61579950113869	unknown	unknown	unknown	unknown	GEO sample description + deposited plate design + tracked imaging join
4-2_B10_RBPJL	GSM9216573	RBPJL	plate4	plate4-2	B10	10983c8896537ef15745cc71139f89ef46a4d3260cf77edbd6f95167a2c82d8a	3	6.49335884594951	8.73567098107913	unknown	unknown	unknown	unknown	GEO sample description + deposited plate design + tracked imaging join
4-2_B11_SLC6A14	GSM9216574	SLC6A14	plate4	plate4-2	B11	06a389f13182582f244b20cbf4fcc60f6337b98e3408a661b06d6e1ae833ddf7	3	6.63887263660205	8.73899768344319	unknown	unknown	unknown	unknown	GEO sample description + deposited plate design + tracked imaging join
4-2_C02_LAMP2	GSM9216575	LAMP2	plate4	plate4-2	C02	32c535296e79091270ce3ae40d6abc5d2fb1c4bae72a3967efe0e2e4eec426b1	3	6.58340918564149	8.83860732611809	unknown	unknown	unknown	unknown	GEO sample description + deposited plate design + tracked imaging join
4-2_C03_LGR5	GSM9216576	LGR5	plate4	plate4-2	C03	4c7132332e17c5ed043362f8e25827ac357ba77b473463c11caaa9cc276ad433	3	6.76990310944594	8.85233361595484	unknown	unknown	unknown	unknown	GEO sample description + deposited plate design + tracked imaging join
4-2_C04_CTNNB1	GSM9216577	CTNNB1	plate4	plate4-2	C04	f1f6ac6785575fb33e38b32ec519040d3b241ec773d2a20fad10ea507a41ad90	3	6.51750027891272	9.09021147834426	unknown	unknown	unknown	unknown	GEO sample description + deposited plate design + tracked imaging join
4-2_C05_DVL3	GSM9216578	DVL3	plate4	plate4-2	C05	e9f2c1b662097f9bed5a8b6f835cd71ac8d0eb71cea101cb15b15cf5437d736e	3	6.58789565563074	8.69525478898815	unknown	unknown	unknown	unknown	GEO sample description + deposited plate design + tracked imaging join
4-2_C06_DVL2	GSM9216579	DVL2	plate4	plate4-2	C06	21636bfe5e3945656f710960a01bfc70e92c1bd2b9596793e0a3714ea90e113b	3	6.50849580155929	8.64250577756137	unknown	unknown	unknown	unknown	GEO sample description + deposited plate design + tracked imaging join
4-2_C07_SPRY4	GSM9216580	SPRY4	plate4	plate4-2	C07	ca4a4e1ab2f64f78ffef0c7fb02dc6248328d31dd0f7640b1dcfc6e9aae6706c	3	6.54906283353465	8.70727283443935	unknown	unknown	unknown	unknown	GEO sample description + deposited plate design + tracked imaging join
4-2_C08_NKD2	GSM9216581	NKD2	plate4	plate4-2	C08	f2553e774e8df8921821fd1a7a1bee9824397e4b5c330bfba02386c79150a40d	3	6.52022258717375	8.70804742266726	unknown	unknown	unknown	unknown	GEO sample description + deposited plate design + tracked imaging join
4-2_C09_TIGIT	GSM9216582	TIGIT	plate4	plate4-2	C09	6c5119dbe290a163c8c2aa7fbf4edde7dc6c8be8301716347260a366b0d19147	3	6.6968684327895	8.7603499060629	unknown	unknown	unknown	unknown	GEO sample description + deposited plate design + tracked imaging join
4-2_C10_HOPX	GSM9216583	HOPX	plate4	plate4-2	C10	f91eb092383327a37e5bc6213698788c73aae32cc9ec3118a02656e423adbe27	3	6.71935587098908	8.75576992604716	unknown	unknown	unknown	unknown	GEO sample description + deposited plate design + tracked imaging join
4-2_C11_CD36	GSM9216584	CD36	plate4	plate4-2	C11	f8695833d236a6d6d142418a86a76c59966b07c613b9d1b169fc3d7588dd504b	3	6.67381446437812	8.63991296871846	unknown	unknown	unknown	unknown	GEO sample description + deposited plate design + tracked imaging join
4-2_D02_CRELD1	GSM9216585	CRELD1	plate4	plate4-2	D02	f95e38000c94169c899096e65a271d281030201cad0fa5b548216fe850dc70c6	3	6.37510584941244	8.64804055365484	unknown	unknown	unknown	unknown	GEO sample description + deposited plate design + tracked imaging join
4-2_D03_LGR6	GSM9216586	LGR6	plate4	plate4-2	D03	588da3b259227e955d8ac36d3cc16bf3402176bf8f57f0b2b9956ebfa0dd63b4	3	6.96798882738795	8.65373357931605	unknown	unknown	unknown	unknown	GEO sample description + deposited plate design + tracked imaging join
4-2_D04_PORCN	GSM9216587	PORCN	plate4	plate4-2	D04	dfd39104bea51fd868c1b4f6ffc2a14aba35ba535c32ed725edc7e2d8173eb6a	3	6.50457694029831	8.63311309773364	unknown	unknown	unknown	unknown	GEO sample description + deposited plate design + tracked imaging join
4-2_D05_WIF1	GSM9216588	WIF1	plate4	plate4-2	D05	ef0bb571b6e1b7d312273cb18dc344e40dc216e80838e752f4b7d54151f249cd	3	6.61660791097139	8.75083446612579	unknown	unknown	unknown	unknown	GEO sample description + deposited plate design + tracked imaging join
4-2_D06_GSK3B	GSM9216589	GSK3B	plate4	plate4-2	D06	687ce81b8f2455d3de9aa4d3af22793476329a3a9ce68414ac1d96dbc6b64f98	3	6.6639830117123	8.93043493990979	unknown	unknown	unknown	unknown	GEO sample description + deposited plate design + tracked imaging join
4-2_D07_TIGIT	GSM9216590	TIGIT	plate4	plate4-2	D07	6c5119dbe290a163c8c2aa7fbf4edde7dc6c8be8301716347260a366b0d19147	3	6.53393445347665	8.68358315834665	unknown	unknown	unknown	unknown	GEO sample description + deposited plate design + tracked imaging join
4-2_D08_FBXW11	GSM9216591	FBXW11	plate4	plate4-2	D08	a1a6b66704d8ce14cd9c2f62706ff628b494d69123201be12a6f417fc107a277	3	6.43732856621228	8.65976840261771	unknown	unknown	unknown	unknown	GEO sample description + deposited plate design + tracked imaging join
4-2_D09_PDE7B	GSM9216592	PDE7B	plate4	plate4-2	D09	93551f2d583ded95178bfa08a7de8a1569726b958692bf444cac5e4c497175ed	3	6.53213537227574	8.778943389319	unknown	unknown	unknown	unknown	GEO sample description + deposited plate design + tracked imaging join
4-2_D10_HBEGF	GSM9216593	HBEGF	plate4	plate4-2	D10	2e8ba34752a31f5381fabc399cc5d05cc6ff47880f8de463fcae476183cb93f9	3	6.52179063799764	8.78168848638529	unknown	unknown	unknown	unknown	GEO sample description + deposited plate design + tracked imaging join
4-2_D11_KCNJ15	GSM9216594	KCNJ15	plate4	plate4-2	D11	c902990716ed073e9deb710901be8188b255efee97e4c295224d2c309410216d	3	6.49091763485455	8.6882826202351	unknown	unknown	unknown	unknown	GEO sample description + deposited plate design + tracked imaging join
4-2_E02_CRISPLD2	GSM9216595	CRISPLD2	plate4	plate4-2	E02	29633e0c93b8c650a947af943bda59b4bd9b1b9db905588c9eaa19181822e702	3	6.52114418869518	8.78941952956924	unknown	unknown	unknown	unknown	GEO sample description + deposited plate design + tracked imaging join
4-2_E03_TIGIT	GSM9216596	TIGIT	plate4	plate4-2	E03	6c5119dbe290a163c8c2aa7fbf4edde7dc6c8be8301716347260a366b0d19147	3	6.53833586306049	8.68567654246372	unknown	unknown	unknown	unknown	GEO sample description + deposited plate design + tracked imaging join
4-2_E04_SIAH1A	GSM9216597	SIAH1A	plate4	plate4-2	E04	108d15e24241929f446f2affe60bdb4eca7f6cc32820317e81c38ba0bee594c4	3	6.60028719687302	8.87023159559285	unknown	unknown	unknown	unknown	GEO sample description + deposited plate design + tracked imaging join
4-2_E05_JUP	GSM9216598	JUP	plate4	plate4-2	E05	73c464c411bc9e7f2f2abfbe363151c725a70961d2420aee315eb3e8c641a55a	3	6.62681795109122	8.66220674895849	unknown	unknown	unknown	unknown	GEO sample description + deposited plate design + tracked imaging join
4-2_E06_CELSR2	GSM9216599	CELSR2	plate4	plate4-2	E06	28d36845886cd6491e02e12039f0503862eceb23bf4585dbe025817ebb0ddc07	3	6.5082941685945	8.70812677027618	unknown	unknown	unknown	unknown	GEO sample description + deposited plate design + tracked imaging join
4-2_E07_APC	GSM9216600	APC	plate4	plate4-2	E07	7d62a7e26c8ddb94c8ee699aef710bad4211a92d5720536c89546ada2425c604	3	6.55063499346306	8.65277171229361	unknown	unknown	unknown	unknown	GEO sample description + deposited plate design + tracked imaging join
4-2_E08_MLC1	GSM9216601	MLC1	plate4	plate4-2	E08	92c806eab7bed1ec18cecec799432deabfbce2113a1ea74c26d0989f713bf057	3	6.49251889749731	8.65344275807568	unknown	unknown	unknown	unknown	GEO sample description + deposited plate design + tracked imaging join
4-2_E09_CDKN2B	GSM9216602	CDKN2B	plate4	plate4-2	E09	66876e927f86e9ad11ca173298a503c5832e04a54d6eb02a4fba4122cf214e1b	3	6.95258357307568	8.90978240188142	unknown	unknown	unknown	unknown	GEO sample description + deposited plate design + tracked imaging join
4-2_E10_SEMA3E	GSM9216603	SEMA3E	plate4	plate4-2	E10	f5f123f72e1fc504441c5f95e77fbd7b604812a2015ccf258c9732f7fa9e19be	3	6.48327525544045	8.67547036389491	unknown	unknown	unknown	unknown	GEO sample description + deposited plate design + tracked imaging join
4-2_E11_SLC34A2	GSM9216604	SLC34A2	plate4	plate4-2	E11	8a56e7f4fb4d09e7dc415656b94eb7bff43f0480ab3a7c1dc98cc849dc7454c7	3	6.69197223380902	8.78811368556103	unknown	unknown	unknown	unknown	GEO sample description + deposited plate design + tracked imaging join
4-2_F02_TIGIT	GSM9216605	TIGIT	plate4	plate4-2	F02	6c5119dbe290a163c8c2aa7fbf4edde7dc6c8be8301716347260a366b0d19147	3	6.59641161908298	8.91601038358157	unknown	unknown	unknown	unknown	GEO sample description + deposited plate design + tracked imaging join
4-2_F03_ZNRF3	GSM9216606	ZNRF3	plate4	plate4-2	F03	54d4c966c14e695ff37bbed1fd1bc0c510c4f45f255266a269928e4f6a06ae8a	3	6.59950956725	8.87874512773048	unknown	unknown	unknown	unknown	GEO sample description + deposited plate design + tracked imaging join
4-2_F04_USP6NL	GSM9216607	USP6NL	plate4	plate4-2	F04	984adfa9a2ac7e25d1fc17a3b70e74b0419f4b9fdb198c90388136c0ecf66d05	3	6.66833814070017	8.87922791893383	unknown	unknown	unknown	unknown	GEO sample description + deposited plate design + tracked imaging join
4-2_F05_SH3RF1	GSM9216608	SH3RF1	plate4	plate4-2	F05	e1dcd7ae9f753f63e42596cd19547cc41ae525f282cb6c6f037081ae9cb2ee8b	3	6.69041376250991	8.79565887913665	unknown	unknown	unknown	unknown	GEO sample description + deposited plate design + tracked imaging join
4-2_F06_CELSR3	GSM9216609	CELSR3	plate4	plate4-2	F06	04e5da5eadf2323f1169c6e0abb478dc58e5406d9b2ea6dcf2badf7b3cdc4531	3	6.43762525912237	8.73804995254726	unknown	unknown	unknown	unknown	GEO sample description + deposited plate design + tracked imaging join
4-2_F07_SPRY1	GSM9216610	SPRY1	plate4	plate4-2	F07	5395e83e45efe657e1643f57eef852dd6480e1091bfe498d19a59d5f934ea919	3	6.74295957998247	8.76411250774402	unknown	unknown	unknown	unknown	GEO sample description + deposited plate design + tracked imaging join
4-2_F08_ZFP385B	GSM9216611	ZFP385B	plate4	plate4-2	F08	19739d06936054f09dac28b4011eddb2f7c8dd6a6965d92cfa57dd5e72e63eb9	3	6.64599366278419	8.78772764388871	unknown	unknown	unknown	unknown	GEO sample description + deposited plate design + tracked imaging join
4-2_F09_BDNF	GSM9216612	BDNF	plate4	plate4-2	F09	fbfc9b0be27ac7808e3f1bdc65dd9bdefb63590c00b702b3b79ffd980380c05d	3	6.62700973332112	8.79053136151041	unknown	unknown	unknown	unknown	GEO sample description + deposited plate design + tracked imaging join
4-2_F10_ZFP365	GSM9216613	ZFP365	plate4	plate4-2	F10	4a084296b4ff830eab47116a01ba81503291586b598feaedded509c97ae08799	3	6.64992528669736	8.96205691822207	unknown	unknown	unknown	unknown	GEO sample description + deposited plate design + tracked imaging join
4-2_F11_NPR1	GSM9216614	NPR1	plate4	plate4-2	F11	50e4de9ced242925764b4967d937c72b63eb5cf837858c65575ac94611924206	3	6.8079888958696	8.69037278449283	unknown	unknown	unknown	unknown	GEO sample description + deposited plate design + tracked imaging join
4-2_G02_RNF43	GSM9216615	RNF43	plate4	plate4-2	G02	f4d3784f88f47fd72e38fd029cd72fc32198cc54d16820343933018c9dda5d48	3	6.64002878290238	8.84987043073236	unknown	unknown	unknown	unknown	GEO sample description + deposited plate design + tracked imaging join
4-2_G03_LGR4	GSM9216616	LGR4	plate4	plate4-2	G03	5578098d29375474926af3e221f0763b4874ec45c324481c6f7b24a813b7a5bd	3	6.75203250599999	8.77483712169964	unknown	unknown	unknown	unknown	GEO sample description + deposited plate design + tracked imaging join
4-2_G04_DVL1	GSM9216617	DVL1	plate4	plate4-2	G04	d208223fc5c46a62ab9c4d52f9c32d98b37f27e6b6e34c50364d8ecd7e55d17a	3	6.64343392838637	8.75205662679644	unknown	unknown	unknown	unknown	GEO sample description + deposited plate design + tracked imaging join
4-2_G05_PDLIM2	GSM9216618	PDLIM2	plate4	plate4-2	G05	dd7c4f101a1e00d8b1997ad61eeff496c3f4843e926c81361337c19882bcddd2	3	6.70893226749104	8.80194553951894	unknown	unknown	unknown	unknown	GEO sample description + deposited plate design + tracked imaging join
4-2_G06_USP6NL	GSM9216619	USP6NL	plate4	plate4-2	G06	984adfa9a2ac7e25d1fc17a3b70e74b0419f4b9fdb198c90388136c0ecf66d05	3	6.75394560946534	8.82694881833034	unknown	unknown	unknown	unknown	GEO sample description + deposited plate design + tracked imaging join
4-2_G07_SPRY2	GSM9216620	SPRY2	plate4	plate4-2	G07	b334ed4ae8a7ffeced17eb5021995b2d2a396c09cb12710360e2ebece1d400eb	3	6.77628500908482	8.88606764166727	unknown	unknown	unknown	unknown	GEO sample description + deposited plate design + tracked imaging join
4-2_G08_LRG1	GSM9216621	LRG1	plate4	plate4-2	G08	98edf69d8be4e9a7fd52b69039ab2e44a251e21d2839cd8a0d5e338d184fc54c	3	6.69638888906812	8.84630375103394	unknown	unknown	unknown	unknown	GEO sample description + deposited plate design + tracked imaging join
4-2_G09_CSF1R	GSM9216622	CSF1R	plate4	plate4-2	G09	498dead07f0ae6eb6169b856674561633ce7460a241e67a1b84d851323b73a5a	3	6.6269094382619	8.70388874846132	unknown	unknown	unknown	unknown	GEO sample description + deposited plate design + tracked imaging join
4-2_G10_TDTOMATO	GSM9216623	TDTOMATO	plate4	plate4-2	G10	not_in_plate_design	unknown	6.29644991997491	8.59477768648653	unknown	unknown	unknown	unknown	GEO sample description + deposited plate design + tracked imaging join
4-2_G11_TIGIT	GSM9216624	TIGIT	plate4	plate4-2	G11	6c5119dbe290a163c8c2aa7fbf4edde7dc6c8be8301716347260a366b0d19147	3	6.63284098478916	8.87156355856042	unknown	unknown	unknown	unknown	GEO sample description + deposited plate design + tracked imaging join
4-3_B02_ATF6	GSM9216625	ATF6	plate4	plate4-3	B02	813ff48a05ab16acabe4e9158c5915c7d98a3fcca45c39bd48df01d4aac7ac17	3	6.65217760786919	8.91607792503599	unknown	unknown	unknown	unknown	GEO sample description + deposited plate design + tracked imaging join
4-3_B03_CTCF	GSM9216626	CTCF	plate4	plate4-3	B03	5e6fef96fe34059660e1fd133f9deaef823409532feaf2c809c74e170cc2d73a	3	6.69603121393464	8.82826141262589	unknown	unknown	unknown	unknown	GEO sample description + deposited plate design + tracked imaging join
4-3_B04_TIGIT	GSM9216627	TIGIT	plate4	plate4-3	B04	6c5119dbe290a163c8c2aa7fbf4edde7dc6c8be8301716347260a366b0d19147	3	6.78286778904009	8.77769266525878	unknown	unknown	unknown	unknown	GEO sample description + deposited plate design + tracked imaging join
4-3_B05_TDTOMATO	GSM9216628	TDTOMATO	plate4	plate4-3	B05	not_in_plate_design	unknown	6.45792640257201	8.92549720674543	unknown	unknown	unknown	unknown	GEO sample description + deposited plate design + tracked imaging join
4-3_B06_RYK	GSM9216629	RYK	plate4	plate4-3	B06	fe7d4ba6da5af2f96e3e7e2c5da370958c5bec805fbfccf6b714abc5ad2b1da9	3	6.79492112868157	8.86510632565549	unknown	unknown	unknown	unknown	GEO sample description + deposited plate design + tracked imaging join
4-3_B07_RNF43	GSM9216630	RNF43	plate4	plate4-3	B07	f4d3784f88f47fd72e38fd029cd72fc32198cc54d16820343933018c9dda5d48	3	6.91735720543881	8.83070239862444	unknown	unknown	unknown	unknown	GEO sample description + deposited plate design + tracked imaging join
4-3_B08_NKD1	GSM9216631	NKD1	plate4	plate4-3	B08	fbae7fc6fd8b460679f045f38bfd3e8f0db0dda5afb4cba7a16887cfbdd8216e	3	6.48585137190321	8.84499613720205	unknown	unknown	unknown	unknown	GEO sample description + deposited plate design + tracked imaging join
4-3_B09_SLC34A2	GSM9216632	SLC34A2	plate4	plate4-3	B09	8a56e7f4fb4d09e7dc415656b94eb7bff43f0480ab3a7c1dc98cc849dc7454c7	3	6.83898104977966	8.69966734968455	unknown	unknown	unknown	unknown	GEO sample description + deposited plate design + tracked imaging join
4-3_B10_RBPJL	GSM9216633	RBPJL	plate4	plate4-3	B10	10983c8896537ef15745cc71139f89ef46a4d3260cf77edbd6f95167a2c82d8a	3	6.68094894363065	8.74301485076363	unknown	unknown	unknown	unknown	GEO sample description + deposited plate design + tracked imaging join
4-3_B11_SLC6A14	GSM9216634	SLC6A14	plate4	plate4-3	B11	06a389f13182582f244b20cbf4fcc60f6337b98e3408a661b06d6e1ae833ddf7	3	6.7277518406707	8.94272858328416	unknown	unknown	unknown	unknown	GEO sample description + deposited plate design + tracked imaging join
4-3_C02_LAMP2	GSM9216635	LAMP2	plate4	plate4-3	C02	32c535296e79091270ce3ae40d6abc5d2fb1c4bae72a3967efe0e2e4eec426b1	3	6.56693890414869	8.96906788240268	unknown	unknown	unknown	unknown	GEO sample description + deposited plate design + tracked imaging join
4-3_C03_LGR5	GSM9216636	LGR5	plate4	plate4-3	C03	4c7132332e17c5ed043362f8e25827ac357ba77b473463c11caaa9cc276ad433	3	6.65121078875943	8.7280869778644	unknown	unknown	unknown	unknown	GEO sample description + deposited plate design + tracked imaging join
4-3_C04_CTNNB1	GSM9216637	CTNNB1	plate4	plate4-3	C04	f1f6ac6785575fb33e38b32ec519040d3b241ec773d2a20fad10ea507a41ad90	3	6.49654965538969	9.03013240442221	unknown	unknown	unknown	unknown	GEO sample description + deposited plate design + tracked imaging join
4-3_C05_DVL3	GSM9216638	DVL3	plate4	plate4-3	C05	e9f2c1b662097f9bed5a8b6f835cd71ac8d0eb71cea101cb15b15cf5437d736e	3	6.57325961007863	8.70045484384533	unknown	unknown	unknown	unknown	GEO sample description + deposited plate design + tracked imaging join
4-3_C06_DVL2	GSM9216639	DVL2	plate4	plate4-3	C06	21636bfe5e3945656f710960a01bfc70e92c1bd2b9596793e0a3714ea90e113b	3	6.74291392022005	8.82534014097286	unknown	unknown	unknown	unknown	GEO sample description + deposited plate design + tracked imaging join
4-3_C07_SPRY4	GSM9216640	SPRY4	plate4	plate4-3	C07	ca4a4e1ab2f64f78ffef0c7fb02dc6248328d31dd0f7640b1dcfc6e9aae6706c	3	6.80840586127394	8.6464929905949	unknown	unknown	unknown	unknown	GEO sample description + deposited plate design + tracked imaging join
4-3_C08_NKD2	GSM9216641	NKD2	plate4	plate4-3	C08	f2553e774e8df8921821fd1a7a1bee9824397e4b5c330bfba02386c79150a40d	3	6.30673607307439	8.82227837310788	unknown	unknown	unknown	unknown	GEO sample description + deposited plate design + tracked imaging join
4-3_C09_TIGIT	GSM9216642	TIGIT	plate4	plate4-3	C09	6c5119dbe290a163c8c2aa7fbf4edde7dc6c8be8301716347260a366b0d19147	3	6.60537536019829	8.79540335336859	unknown	unknown	unknown	unknown	GEO sample description + deposited plate design + tracked imaging join
4-3_C10_HOPX	GSM9216643	HOPX	plate4	plate4-3	C10	f91eb092383327a37e5bc6213698788c73aae32cc9ec3118a02656e423adbe27	3	6.60616198445631	8.7097254423353	unknown	unknown	unknown	unknown	GEO sample description + deposited plate design + tracked imaging join
4-3_C11_CD36	GSM9216644	CD36	plate4	plate4-3	C11	f8695833d236a6d6d142418a86a76c59966b07c613b9d1b169fc3d7588dd504b	3	6.42745670974524	8.76488236696737	unknown	unknown	unknown	unknown	GEO sample description + deposited plate design + tracked imaging join
4-3_D02_CRELD1	GSM9216645	CRELD1	plate4	plate4-3	D02	f95e38000c94169c899096e65a271d281030201cad0fa5b548216fe850dc70c6	3	6.66136131301098	8.79818371435311	unknown	unknown	unknown	unknown	GEO sample description + deposited plate design + tracked imaging join
4-3_D03_LGR6	GSM9216646	LGR6	plate4	plate4-3	D03	588da3b259227e955d8ac36d3cc16bf3402176bf8f57f0b2b9956ebfa0dd63b4	3	6.78209926901319	8.66017742051391	unknown	unknown	unknown	unknown	GEO sample description + deposited plate design + tracked imaging join
4-3_D04_PORCN	GSM9216647	PORCN	plate4	plate4-3	D04	dfd39104bea51fd868c1b4f6ffc2a14aba35ba535c32ed725edc7e2d8173eb6a	3	6.73782112987452	8.77109813464365	unknown	unknown	unknown	unknown	GEO sample description + deposited plate design + tracked imaging join
4-3_D05_WIF1	GSM9216648	WIF1	plate4	plate4-3	D05	ef0bb571b6e1b7d312273cb18dc344e40dc216e80838e752f4b7d54151f249cd	3	6.55065570493373	8.7877588750531	unknown	unknown	unknown	unknown	GEO sample description + deposited plate design + tracked imaging join
4-3_D06_GSK3B	GSM9216649	GSK3B	plate4	plate4-3	D06	687ce81b8f2455d3de9aa4d3af22793476329a3a9ce68414ac1d96dbc6b64f98	3	6.75131770353028	8.93156259649307	unknown	unknown	unknown	unknown	GEO sample description + deposited plate design + tracked imaging join
4-3_D07_TIGIT	GSM9216650	TIGIT	plate4	plate4-3	D07	6c5119dbe290a163c8c2aa7fbf4edde7dc6c8be8301716347260a366b0d19147	3	6.5907114356732	8.80909288034227	unknown	unknown	unknown	unknown	GEO sample description + deposited plate design + tracked imaging join
4-3_D08_FBXW11	GSM9216651	FBXW11	plate4	plate4-3	D08	a1a6b66704d8ce14cd9c2f62706ff628b494d69123201be12a6f417fc107a277	3	6.51762553349648	8.67018797754094	unknown	unknown	unknown	unknown	GEO sample description + deposited plate design + tracked imaging join
4-3_D09_PDE7B	GSM9216652	PDE7B	plate4	plate4-3	D09	93551f2d583ded95178bfa08a7de8a1569726b958692bf444cac5e4c497175ed	3	6.61224313041665	8.74001033188414	unknown	unknown	unknown	unknown	GEO sample description + deposited plate design + tracked imaging join
4-3_D10_HBEGF	GSM9216653	HBEGF	plate4	plate4-3	D10	2e8ba34752a31f5381fabc399cc5d05cc6ff47880f8de463fcae476183cb93f9	3	6.5408278987034	8.79669119880839	unknown	unknown	unknown	unknown	GEO sample description + deposited plate design + tracked imaging join
4-3_D11_KCNJ15	GSM9216654	KCNJ15	plate4	plate4-3	D11	c902990716ed073e9deb710901be8188b255efee97e4c295224d2c309410216d	3	6.66511396571474	8.74621966531102	unknown	unknown	unknown	unknown	GEO sample description + deposited plate design + tracked imaging join
4-3_E02_CRISPLD2	GSM9216655	CRISPLD2	plate4	plate4-3	E02	29633e0c93b8c650a947af943bda59b4bd9b1b9db905588c9eaa19181822e702	3	6.73816685487992	8.88880619810529	unknown	unknown	unknown	unknown	GEO sample description + deposited plate design + tracked imaging join
4-3_E03_TIGIT	GSM9216656	TIGIT	plate4	plate4-3	E03	6c5119dbe290a163c8c2aa7fbf4edde7dc6c8be8301716347260a366b0d19147	3	6.70367598797895	8.99295446025392	unknown	unknown	unknown	unknown	GEO sample description + deposited plate design + tracked imaging join
4-3_E04_SIAH1A	GSM9216657	SIAH1A	plate4	plate4-3	E04	108d15e24241929f446f2affe60bdb4eca7f6cc32820317e81c38ba0bee594c4	3	6.69515983203664	8.93748852704537	unknown	unknown	unknown	unknown	GEO sample description + deposited plate design + tracked imaging join
4-3_E05_JUP	GSM9216658	JUP	plate4	plate4-3	E05	73c464c411bc9e7f2f2abfbe363151c725a70961d2420aee315eb3e8c641a55a	3	6.52538841504107	8.85450712519998	unknown	unknown	unknown	unknown	GEO sample description + deposited plate design + tracked imaging join
4-3_E06_CELSR2	GSM9216659	CELSR2	plate4	plate4-3	E06	28d36845886cd6491e02e12039f0503862eceb23bf4585dbe025817ebb0ddc07	3	6.68283371073337	8.79102263155083	unknown	unknown	unknown	unknown	GEO sample description + deposited plate design + tracked imaging join
4-3_E07_APC	GSM9216660	APC	plate4	plate4-3	E07	7d62a7e26c8ddb94c8ee699aef710bad4211a92d5720536c89546ada2425c604	3	6.55089762291493	8.92092171626145	unknown	unknown	unknown	unknown	GEO sample description + deposited plate design + tracked imaging join
4-3_E08_MLC1	GSM9216661	MLC1	plate4	plate4-3	E08	92c806eab7bed1ec18cecec799432deabfbce2113a1ea74c26d0989f713bf057	3	6.69513503796327	8.85703293956539	unknown	unknown	unknown	unknown	GEO sample description + deposited plate design + tracked imaging join
4-3_E09_CDKN2B	GSM9216662	CDKN2B	plate4	plate4-3	E09	66876e927f86e9ad11ca173298a503c5832e04a54d6eb02a4fba4122cf214e1b	3	6.84241901873075	9.12019548548297	unknown	unknown	unknown	unknown	GEO sample description + deposited plate design + tracked imaging join
4-3_E10_SEMA3E	GSM9216663	SEMA3E	plate4	plate4-3	E10	f5f123f72e1fc504441c5f95e77fbd7b604812a2015ccf258c9732f7fa9e19be	3	6.42071814181186	8.74724782017128	unknown	unknown	unknown	unknown	GEO sample description + deposited plate design + tracked imaging join
4-3_E11_SLC34A2	GSM9216664	SLC34A2	plate4	plate4-3	E11	8a56e7f4fb4d09e7dc415656b94eb7bff43f0480ab3a7c1dc98cc849dc7454c7	3	6.65490452160945	8.72491290245615	unknown	unknown	unknown	unknown	GEO sample description + deposited plate design + tracked imaging join
4-3_F02_TIGIT	GSM9216665	TIGIT	plate4	plate4-3	F02	6c5119dbe290a163c8c2aa7fbf4edde7dc6c8be8301716347260a366b0d19147	3	6.68112639403855	8.96309392939414	unknown	unknown	unknown	unknown	GEO sample description + deposited plate design + tracked imaging join
4-3_F03_ZNRF3	GSM9216666	ZNRF3	plate4	plate4-3	F03	54d4c966c14e695ff37bbed1fd1bc0c510c4f45f255266a269928e4f6a06ae8a	3	6.692604791915	8.75140381115912	unknown	unknown	unknown	unknown	GEO sample description + deposited plate design + tracked imaging join
4-3_F04_USP6NL	GSM9216667	USP6NL	plate4	plate4-3	F04	984adfa9a2ac7e25d1fc17a3b70e74b0419f4b9fdb198c90388136c0ecf66d05	3	6.74161274546852	8.85836108102258	unknown	unknown	unknown	unknown	GEO sample description + deposited plate design + tracked imaging join
4-3_F05_SH3RF1	GSM9216668	SH3RF1	plate4	plate4-3	F05	e1dcd7ae9f753f63e42596cd19547cc41ae525f282cb6c6f037081ae9cb2ee8b	3	6.50966775825397	8.8012098608884	unknown	unknown	unknown	unknown	GEO sample description + deposited plate design + tracked imaging join
4-3_F06_CELSR3	GSM9216669	CELSR3	plate4	plate4-3	F06	04e5da5eadf2323f1169c6e0abb478dc58e5406d9b2ea6dcf2badf7b3cdc4531	3	6.73828755962777	8.84798758964639	unknown	unknown	unknown	unknown	GEO sample description + deposited plate design + tracked imaging join
4-3_F07_SPRY1	GSM9216670	SPRY1	plate4	plate4-3	F07	5395e83e45efe657e1643f57eef852dd6480e1091bfe498d19a59d5f934ea919	3	6.72453170009043	8.9625146122026	unknown	unknown	unknown	unknown	GEO sample description + deposited plate design + tracked imaging join
4-3_F08_ZFP385B	GSM9216671	ZFP385B	plate4	plate4-3	F08	19739d06936054f09dac28b4011eddb2f7c8dd6a6965d92cfa57dd5e72e63eb9	3	6.75164575314479	8.81720382184012	unknown	unknown	unknown	unknown	GEO sample description + deposited plate design + tracked imaging join
4-3_F09_BDNF	GSM9216672	BDNF	plate4	plate4-3	F09	fbfc9b0be27ac7808e3f1bdc65dd9bdefb63590c00b702b3b79ffd980380c05d	3	6.64884787869893	8.82052185802124	unknown	unknown	unknown	unknown	GEO sample description + deposited plate design + tracked imaging join
4-3_F10_ZFP365	GSM9216673	ZFP365	plate4	plate4-3	F10	4a084296b4ff830eab47116a01ba81503291586b598feaedded509c97ae08799	3	6.74909793045236	8.74860256409049	unknown	unknown	unknown	unknown	GEO sample description + deposited plate design + tracked imaging join
4-3_F11_NPR1	GSM9216674	NPR1	plate4	plate4-3	F11	50e4de9ced242925764b4967d937c72b63eb5cf837858c65575ac94611924206	3	6.50118589239299	8.79966636127677	unknown	unknown	unknown	unknown	GEO sample description + deposited plate design + tracked imaging join
4-3_G02_RNF43	GSM9216675	RNF43	plate4	plate4-3	G02	f4d3784f88f47fd72e38fd029cd72fc32198cc54d16820343933018c9dda5d48	3	6.83914973852945	8.98056180431301	unknown	unknown	unknown	unknown	GEO sample description + deposited plate design + tracked imaging join
4-3_G03_LGR4	GSM9216676	LGR4	plate4	plate4-3	G03	5578098d29375474926af3e221f0763b4874ec45c324481c6f7b24a813b7a5bd	3	6.72730105274349	8.86857755464892	unknown	unknown	unknown	unknown	GEO sample description + deposited plate design + tracked imaging join
4-3_G04_DVL1	GSM9216677	DVL1	plate4	plate4-3	G04	d208223fc5c46a62ab9c4d52f9c32d98b37f27e6b6e34c50364d8ecd7e55d17a	3	6.564992605096	8.74423617203352	unknown	unknown	unknown	unknown	GEO sample description + deposited plate design + tracked imaging join
4-3_G05_PDLIM2	GSM9216678	PDLIM2	plate4	plate4-3	G05	dd7c4f101a1e00d8b1997ad61eeff496c3f4843e926c81361337c19882bcddd2	3	6.65182489167796	8.82942474933171	unknown	unknown	unknown	unknown	GEO sample description + deposited plate design + tracked imaging join
4-3_G06_USP6NL	GSM9216679	USP6NL	plate4	plate4-3	G06	984adfa9a2ac7e25d1fc17a3b70e74b0419f4b9fdb198c90388136c0ecf66d05	3	6.62420868284602	8.76118105597229	unknown	unknown	unknown	unknown	GEO sample description + deposited plate design + tracked imaging join
4-3_G07_SPRY2	GSM9216680	SPRY2	plate4	plate4-3	G07	b334ed4ae8a7ffeced17eb5021995b2d2a396c09cb12710360e2ebece1d400eb	3	6.98697616439042	8.78793427125971	unknown	unknown	unknown	unknown	GEO sample description + deposited plate design + tracked imaging join
4-3_G08_LRG1	GSM9216681	LRG1	plate4	plate4-3	G08	98edf69d8be4e9a7fd52b69039ab2e44a251e21d2839cd8a0d5e338d184fc54c	3	6.54740944014138	8.81899675388805	unknown	unknown	unknown	unknown	GEO sample description + deposited plate design + tracked imaging join
4-3_G09_CSF1R	GSM9216682	CSF1R	plate4	plate4-3	G09	498dead07f0ae6eb6169b856674561633ce7460a241e67a1b84d851323b73a5a	3	6.63304051490652	8.84524773083973	unknown	unknown	unknown	unknown	GEO sample description + deposited plate design + tracked imaging join
4-3_G10_TDTOMATO	GSM9216683	TDTOMATO	plate4	plate4-3	G10	not_in_plate_design	unknown	6.65254416046457	9.10709523106343	unknown	unknown	unknown	unknown	GEO sample description + deposited plate design + tracked imaging join
4-3_G11_TIGIT	GSM9216684	TIGIT	plate4	plate4-3	G11	6c5119dbe290a163c8c2aa7fbf4edde7dc6c8be8301716347260a366b0d19147	3	6.71231092881777	9.01838269591902	unknown	unknown	unknown	unknown	GEO sample description + deposited plate design + tracked imaging join
4-4_B02_ATF6	GSM9216685	ATF6	plate4	plate4-4	B02	813ff48a05ab16acabe4e9158c5915c7d98a3fcca45c39bd48df01d4aac7ac17	3	6.6313646808628	8.91622939347929	unknown	unknown	unknown	unknown	GEO sample description + deposited plate design + tracked imaging join
4-4_B03_CTCF	GSM9216686	CTCF	plate4	plate4-4	B03	5e6fef96fe34059660e1fd133f9deaef823409532feaf2c809c74e170cc2d73a	3	6.72362431050137	8.72394702342972	unknown	unknown	unknown	unknown	GEO sample description + deposited plate design + tracked imaging join
4-4_B04_TIGIT	GSM9216687	TIGIT	plate4	plate4-4	B04	6c5119dbe290a163c8c2aa7fbf4edde7dc6c8be8301716347260a366b0d19147	3	6.84645273058777	8.75419250057994	unknown	unknown	unknown	unknown	GEO sample description + deposited plate design + tracked imaging join
4-4_B05_TDTOMATO	GSM9216688	TDTOMATO	plate4	plate4-4	B05	not_in_plate_design	unknown	6.34374314852508	8.66128954101319	unknown	unknown	unknown	unknown	GEO sample description + deposited plate design + tracked imaging join
4-4_B06_RYK	GSM9216689	RYK	plate4	plate4-4	B06	fe7d4ba6da5af2f96e3e7e2c5da370958c5bec805fbfccf6b714abc5ad2b1da9	3	6.68822972123875	8.71859812700039	unknown	unknown	unknown	unknown	GEO sample description + deposited plate design + tracked imaging join
4-4_B07_RNF43	GSM9216690	RNF43	plate4	plate4-4	B07	f4d3784f88f47fd72e38fd029cd72fc32198cc54d16820343933018c9dda5d48	3	6.68319757452436	8.78813557063076	unknown	unknown	unknown	unknown	GEO sample description + deposited plate design + tracked imaging join
4-4_B08_NKD1	GSM9216691	NKD1	plate4	plate4-4	B08	fbae7fc6fd8b460679f045f38bfd3e8f0db0dda5afb4cba7a16887cfbdd8216e	3	6.71346096825549	8.76194403005284	unknown	unknown	unknown	unknown	GEO sample description + deposited plate design + tracked imaging join
4-4_B09_SLC34A2	GSM9216692	SLC34A2	plate4	plate4-4	B09	8a56e7f4fb4d09e7dc415656b94eb7bff43f0480ab3a7c1dc98cc849dc7454c7	3	6.64807032753566	8.70222878140442	unknown	unknown	unknown	unknown	GEO sample description + deposited plate design + tracked imaging join
4-4_B10_RBPJL	GSM9216693	RBPJL	plate4	plate4-4	B10	10983c8896537ef15745cc71139f89ef46a4d3260cf77edbd6f95167a2c82d8a	3	6.5096296788265	8.73200582388544	unknown	unknown	unknown	unknown	GEO sample description + deposited plate design + tracked imaging join
4-4_B11_SLC6A14	GSM9216694	SLC6A14	plate4	plate4-4	B11	06a389f13182582f244b20cbf4fcc60f6337b98e3408a661b06d6e1ae833ddf7	3	6.68726467956858	8.84104407818343	unknown	unknown	unknown	unknown	GEO sample description + deposited plate design + tracked imaging join
4-4_C02_LAMP2	GSM9216695	LAMP2	plate4	plate4-4	C02	32c535296e79091270ce3ae40d6abc5d2fb1c4bae72a3967efe0e2e4eec426b1	3	6.65200069545989	8.80635447066742	unknown	unknown	unknown	unknown	GEO sample description + deposited plate design + tracked imaging join
4-4_C03_LGR5	GSM9216696	LGR5	plate4	plate4-4	C03	4c7132332e17c5ed043362f8e25827ac357ba77b473463c11caaa9cc276ad433	3	6.67652483189984	8.77491223518408	unknown	unknown	unknown	unknown	GEO sample description + deposited plate design + tracked imaging join
4-4_C04_CTNNB1	GSM9216697	CTNNB1	plate4	plate4-4	C04	f1f6ac6785575fb33e38b32ec519040d3b241ec773d2a20fad10ea507a41ad90	3	6.74698782523404	9.05409208856426	unknown	unknown	unknown	unknown	GEO sample description + deposited plate design + tracked imaging join
4-4_C05_DVL3	GSM9216698	DVL3	plate4	plate4-4	C05	e9f2c1b662097f9bed5a8b6f835cd71ac8d0eb71cea101cb15b15cf5437d736e	3	6.5855514704697	8.85819251711303	unknown	unknown	unknown	unknown	GEO sample description + deposited plate design + tracked imaging join
4-4_C06_DVL2	GSM9216699	DVL2	plate4	plate4-4	C06	21636bfe5e3945656f710960a01bfc70e92c1bd2b9596793e0a3714ea90e113b	3	6.7188818252078	8.85915231499335	unknown	unknown	unknown	unknown	GEO sample description + deposited plate design + tracked imaging join
4-4_C07_SPRY4	GSM9216700	SPRY4	plate4	plate4-4	C07	ca4a4e1ab2f64f78ffef0c7fb02dc6248328d31dd0f7640b1dcfc6e9aae6706c	3	7.00901871931005	8.85198575154798	unknown	unknown	unknown	unknown	GEO sample description + deposited plate design + tracked imaging join
4-4_C08_NKD2	GSM9216701	NKD2	plate4	plate4-4	C08	f2553e774e8df8921821fd1a7a1bee9824397e4b5c330bfba02386c79150a40d	3	6.63387105412988	8.71693497220364	unknown	unknown	unknown	unknown	GEO sample description + deposited plate design + tracked imaging join
4-4_C09_TIGIT	GSM9216702	TIGIT	plate4	plate4-4	C09	6c5119dbe290a163c8c2aa7fbf4edde7dc6c8be8301716347260a366b0d19147	3	6.74102678585309	8.70744183469718	unknown	unknown	unknown	unknown	GEO sample description + deposited plate design + tracked imaging join
4-4_C10_HOPX	GSM9216703	HOPX	plate4	plate4-4	C10	f91eb092383327a37e5bc6213698788c73aae32cc9ec3118a02656e423adbe27	3	6.66360672553233	8.7872583096061	unknown	unknown	unknown	unknown	GEO sample description + deposited plate design + tracked imaging join
4-4_C11_CD36	GSM9216704	CD36	plate4	plate4-4	C11	f8695833d236a6d6d142418a86a76c59966b07c613b9d1b169fc3d7588dd504b	3	6.89224846820485	8.87830711438223	unknown	unknown	unknown	unknown	GEO sample description + deposited plate design + tracked imaging join
4-4_D02_CRELD1	GSM9216705	CRELD1	plate4	plate4-4	D02	f95e38000c94169c899096e65a271d281030201cad0fa5b548216fe850dc70c6	3	6.67918086613123	8.69044144910693	unknown	unknown	unknown	unknown	GEO sample description + deposited plate design + tracked imaging join
4-4_D03_LGR6	GSM9216706	LGR6	plate4	plate4-4	D03	588da3b259227e955d8ac36d3cc16bf3402176bf8f57f0b2b9956ebfa0dd63b4	3	6.50810714652573	8.80723482067856	unknown	unknown	unknown	unknown	GEO sample description + deposited plate design + tracked imaging join
4-4_D04_PORCN	GSM9216707	PORCN	plate4	plate4-4	D04	dfd39104bea51fd868c1b4f6ffc2a14aba35ba535c32ed725edc7e2d8173eb6a	3	6.64247197832793	8.71667553461947	unknown	unknown	unknown	unknown	GEO sample description + deposited plate design + tracked imaging join
4-4_D05_WIF1	GSM9216708	WIF1	plate4	plate4-4	D05	ef0bb571b6e1b7d312273cb18dc344e40dc216e80838e752f4b7d54151f249cd	3	6.61219245067167	8.89725099567714	unknown	unknown	unknown	unknown	GEO sample description + deposited plate design + tracked imaging join
4-4_D06_GSK3B	GSM9216709	GSK3B	plate4	plate4-4	D06	687ce81b8f2455d3de9aa4d3af22793476329a3a9ce68414ac1d96dbc6b64f98	3	6.71448963385168	8.93329746487555	unknown	unknown	unknown	unknown	GEO sample description + deposited plate design + tracked imaging join
4-4_D07_TIGIT	GSM9216710	TIGIT	plate4	plate4-4	D07	6c5119dbe290a163c8c2aa7fbf4edde7dc6c8be8301716347260a366b0d19147	3	6.83322062384472	8.85024247256132	unknown	unknown	unknown	unknown	GEO sample description + deposited plate design + tracked imaging join
4-4_D08_FBXW11	GSM9216711	FBXW11	plate4	plate4-4	D08	a1a6b66704d8ce14cd9c2f62706ff628b494d69123201be12a6f417fc107a277	3	6.4487061617778	8.58084807311843	unknown	unknown	unknown	unknown	GEO sample description + deposited plate design + tracked imaging join
4-4_D09_PDE7B	GSM9216712	PDE7B	plate4	plate4-4	D09	93551f2d583ded95178bfa08a7de8a1569726b958692bf444cac5e4c497175ed	3	6.67755633186811	8.73659406641717	unknown	unknown	unknown	unknown	GEO sample description + deposited plate design + tracked imaging join
4-4_D10_HBEGF	GSM9216713	HBEGF	plate4	plate4-4	D10	2e8ba34752a31f5381fabc399cc5d05cc6ff47880f8de463fcae476183cb93f9	3	6.60799354337314	8.79100641759559	unknown	unknown	unknown	unknown	GEO sample description + deposited plate design + tracked imaging join
4-4_D11_KCNJ15	GSM9216714	KCNJ15	plate4	plate4-4	D11	c902990716ed073e9deb710901be8188b255efee97e4c295224d2c309410216d	3	6.64020219514389	8.74300952424566	unknown	unknown	unknown	unknown	GEO sample description + deposited plate design + tracked imaging join
4-4_E02_CRISPLD2	GSM9216715	CRISPLD2	plate4	plate4-4	E02	29633e0c93b8c650a947af943bda59b4bd9b1b9db905588c9eaa19181822e702	3	6.88947521211611	8.76950941106291	unknown	unknown	unknown	unknown	GEO sample description + deposited plate design + tracked imaging join
4-4_E03_TIGIT	GSM9216716	TIGIT	plate4	plate4-4	E03	6c5119dbe290a163c8c2aa7fbf4edde7dc6c8be8301716347260a366b0d19147	3	6.62670593665096	8.81701820004962	unknown	unknown	unknown	unknown	GEO sample description + deposited plate design + tracked imaging join
4-4_E04_SIAH1A	GSM9216717	SIAH1A	plate4	plate4-4	E04	108d15e24241929f446f2affe60bdb4eca7f6cc32820317e81c38ba0bee594c4	3	6.54049488373728	8.62910094312565	unknown	unknown	unknown	unknown	GEO sample description + deposited plate design + tracked imaging join
4-4_E05_JUP	GSM9216718	JUP	plate4	plate4-4	E05	73c464c411bc9e7f2f2abfbe363151c725a70961d2420aee315eb3e8c641a55a	3	6.431844804736	8.74386228555481	unknown	unknown	unknown	unknown	GEO sample description + deposited plate design + tracked imaging join
4-4_E06_CELSR2	GSM9216719	CELSR2	plate4	plate4-4	E06	28d36845886cd6491e02e12039f0503862eceb23bf4585dbe025817ebb0ddc07	3	6.54593239075533	8.68450887615898	unknown	unknown	unknown	unknown	GEO sample description + deposited plate design + tracked imaging join
4-4_E07_APC	GSM9216720	APC	plate4	plate4-4	E07	7d62a7e26c8ddb94c8ee699aef710bad4211a92d5720536c89546ada2425c604	3	6.71766456675462	8.90733431465147	unknown	unknown	unknown	unknown	GEO sample description + deposited plate design + tracked imaging join
4-4_E08_MLC1	GSM9216721	MLC1	plate4	plate4-4	E08	92c806eab7bed1ec18cecec799432deabfbce2113a1ea74c26d0989f713bf057	3	6.80129682815321	8.72860870215166	unknown	unknown	unknown	unknown	GEO sample description + deposited plate design + tracked imaging join
4-4_E09_CDKN2B	GSM9216722	CDKN2B	plate4	plate4-4	E09	66876e927f86e9ad11ca173298a503c5832e04a54d6eb02a4fba4122cf214e1b	3	6.98585346875096	8.93553285776572	unknown	unknown	unknown	unknown	GEO sample description + deposited plate design + tracked imaging join
4-4_E10_SEMA3E	GSM9216723	SEMA3E	plate4	plate4-4	E10	f5f123f72e1fc504441c5f95e77fbd7b604812a2015ccf258c9732f7fa9e19be	3	6.65205222573698	8.75363414472089	unknown	unknown	unknown	unknown	GEO sample description + deposited plate design + tracked imaging join
4-4_E11_SLC34A2	GSM9216724	SLC34A2	plate4	plate4-4	E11	8a56e7f4fb4d09e7dc415656b94eb7bff43f0480ab3a7c1dc98cc849dc7454c7	3	6.80496212883688	8.8400234601537	unknown	unknown	unknown	unknown	GEO sample description + deposited plate design + tracked imaging join
4-4_F02_TIGIT	GSM9216725	TIGIT	plate4	plate4-4	F02	6c5119dbe290a163c8c2aa7fbf4edde7dc6c8be8301716347260a366b0d19147	3	6.49350225779083	8.74329366496342	unknown	unknown	unknown	unknown	GEO sample description + deposited plate design + tracked imaging join
4-4_F03_ZNRF3	GSM9216726	ZNRF3	plate4	plate4-4	F03	54d4c966c14e695ff37bbed1fd1bc0c510c4f45f255266a269928e4f6a06ae8a	3	6.69136128203979	8.81576070831855	unknown	unknown	unknown	unknown	GEO sample description + deposited plate design + tracked imaging join
4-4_F04_USP6NL	GSM9216727	USP6NL	plate4	plate4-4	F04	984adfa9a2ac7e25d1fc17a3b70e74b0419f4b9fdb198c90388136c0ecf66d05	3	6.66601835966732	8.81333013340805	unknown	unknown	unknown	unknown	GEO sample description + deposited plate design + tracked imaging join
4-4_F05_SH3RF1	GSM9216728	SH3RF1	plate4	plate4-4	F05	e1dcd7ae9f753f63e42596cd19547cc41ae525f282cb6c6f037081ae9cb2ee8b	3	6.58388436170711	8.74122240653337	unknown	unknown	unknown	unknown	GEO sample description + deposited plate design + tracked imaging join
4-4_F06_CELSR3	GSM9216729	CELSR3	plate4	plate4-4	F06	04e5da5eadf2323f1169c6e0abb478dc58e5406d9b2ea6dcf2badf7b3cdc4531	3	6.51327921415615	8.69983713131293	unknown	unknown	unknown	unknown	GEO sample description + deposited plate design + tracked imaging join
4-4_F07_SPRY1	GSM9216730	SPRY1	plate4	plate4-4	F07	5395e83e45efe657e1643f57eef852dd6480e1091bfe498d19a59d5f934ea919	3	6.80239604573093	8.82939588326221	unknown	unknown	unknown	unknown	GEO sample description + deposited plate design + tracked imaging join
4-4_F08_ZFP385B	GSM9216731	ZFP385B	plate4	plate4-4	F08	19739d06936054f09dac28b4011eddb2f7c8dd6a6965d92cfa57dd5e72e63eb9	3	6.81663346617915	8.92409008175064	unknown	unknown	unknown	unknown	GEO sample description + deposited plate design + tracked imaging join
4-4_F09_BDNF	GSM9216732	BDNF	plate4	plate4-4	F09	fbfc9b0be27ac7808e3f1bdc65dd9bdefb63590c00b702b3b79ffd980380c05d	3	6.71180399905104	8.80979485061794	unknown	unknown	unknown	unknown	GEO sample description + deposited plate design + tracked imaging join
4-4_F10_ZFP365	GSM9216733	ZFP365	plate4	plate4-4	F10	4a084296b4ff830eab47116a01ba81503291586b598feaedded509c97ae08799	3	6.59480217269422	8.96329016538456	unknown	unknown	unknown	unknown	GEO sample description + deposited plate design + tracked imaging join
4-4_F11_NPR1	GSM9216734	NPR1	plate4	plate4-4	F11	50e4de9ced242925764b4967d937c72b63eb5cf837858c65575ac94611924206	3	6.75560561979214	8.95141560786231	unknown	unknown	unknown	unknown	GEO sample description + deposited plate design + tracked imaging join
4-4_G02_RNF43	GSM9216735	RNF43	plate4	plate4-4	G02	f4d3784f88f47fd72e38fd029cd72fc32198cc54d16820343933018c9dda5d48	3	6.71877071170421	8.98053617121722	unknown	unknown	unknown	unknown	GEO sample description + deposited plate design + tracked imaging join
4-4_G03_LGR4	GSM9216736	LGR4	plate4	plate4-4	G03	5578098d29375474926af3e221f0763b4874ec45c324481c6f7b24a813b7a5bd	3	6.57710358228311	8.83162758619746	unknown	unknown	unknown	unknown	GEO sample description + deposited plate design + tracked imaging join
4-4_G04_DVL1	GSM9216737	DVL1	plate4	plate4-4	G04	d208223fc5c46a62ab9c4d52f9c32d98b37f27e6b6e34c50364d8ecd7e55d17a	3	6.62155321654863	8.7760409988505	unknown	unknown	unknown	unknown	GEO sample description + deposited plate design + tracked imaging join
4-4_G05_PDLIM2	GSM9216738	PDLIM2	plate4	plate4-4	G05	dd7c4f101a1e00d8b1997ad61eeff496c3f4843e926c81361337c19882bcddd2	3	6.76139172118823	8.6945190593045	unknown	unknown	unknown	unknown	GEO sample description + deposited plate design + tracked imaging join
4-4_G06_USP6NL	GSM9216739	USP6NL	plate4	plate4-4	G06	984adfa9a2ac7e25d1fc17a3b70e74b0419f4b9fdb198c90388136c0ecf66d05	3	6.59450428705915	8.59396189859376	unknown	unknown	unknown	unknown	GEO sample description + deposited plate design + tracked imaging join
4-4_G07_SPRY2	GSM9216740	SPRY2	plate4	plate4-4	G07	b334ed4ae8a7ffeced17eb5021995b2d2a396c09cb12710360e2ebece1d400eb	3	6.91912056573205	8.87674576640465	unknown	unknown	unknown	unknown	GEO sample description + deposited plate design + tracked imaging join
4-4_G08_LRG1	GSM9216741	LRG1	plate4	plate4-4	G08	98edf69d8be4e9a7fd52b69039ab2e44a251e21d2839cd8a0d5e338d184fc54c	3	6.66056930185896	8.81245955206085	unknown	unknown	unknown	unknown	GEO sample description + deposited plate design + tracked imaging join
4-4_G09_CSF1R	GSM9216742	CSF1R	plate4	plate4-4	G09	498dead07f0ae6eb6169b856674561633ce7460a241e67a1b84d851323b73a5a	3	6.44808807977023	8.84873153993673	unknown	unknown	unknown	unknown	GEO sample description + deposited plate design + tracked imaging join
4-4_G10_TDTOMATO	GSM9216743	TDTOMATO	plate4	plate4-4	G10	not_in_plate_design	unknown	6.36675038631164	8.90638780866817	unknown	unknown	unknown	unknown	GEO sample description + deposited plate design + tracked imaging join
4-4_G11_TIGIT	GSM9216744	TIGIT	plate4	plate4-4	G11	6c5119dbe290a163c8c2aa7fbf4edde7dc6c8be8301716347260a366b0d19147	3	6.66194080611906	8.84112813252847	unknown	unknown	unknown	unknown	GEO sample description + deposited plate design + tracked imaging join
