library,barcode,positive,Cd177_umi,total_umis,remaining_gene_umis,depth_quartile,priming_associated,AT2_identity,AT1_identity,Itga2,cycling,shared_gate_cycle_stress_disjoint,lesion_gate_cycle_stress_disjoint
GSM7890835,AAACGCTCAAAGGCAC-1,False,0,29914,25829,3,0.1279937315731677,0.20009386690033237,0.7658321450762529,1.9949099625994415,0.10239498525853416,1.2642634888258972,0.37083746161247283
GSM7890835,AAAGAACAGCAACAGC-1,False,0,28460,25104,2,0.07527978687473184,0.5387532985746988,0.4040819107793887,1.3378818487512083,0.20281786962394005,1.5060173446811107,0.27250278941816747
GSM7890835,AAAGAACAGCTTCGTA-1,False,0,27002,20470,2,0.444537944230036,1.1661321178368156,0.31970516487811745,1.6945352547933055,0.11085584333222642,1.658644452824003,0.33815321059160736
GSM7890835,AAAGGGCAGCGCCTAC-1,False,0,12932,10856,0,0.37689210618898566,1.0772091077012838,0.14320711379573742,2.0743637161675537,0.11456569103658994,1.3085416888312618,0.42669447998060955
GSM7890835,AAAGGGCAGTTGCGCC-1,False,0,8984,8049,0,0.0,0.36692652202626574,0.8024320280926288,2.808393700193063,0.0,1.0091728829945932,0.3543332091688318
GSM7890835,AAAGGGCGTCACCGCA-1,False,0,19017,16475,1,0.0,0.17966603315492907,0.17966603315492907,3.2470639377266264,0.46961138644826833,1.303979360815043,0.48750763117526097
GSM7890835,AAAGGGCTCGTAATGC-1,False,0,10901,9908,0,0.1627356191424675,0.591058500543691,0.0,1.87243000966475,0.130188495313974,0.8188470721716001,0.37012648681923
GSM7890835,AAAGGTAGTCGCTGCA-1,False,0,22661,19798,2,0.09138408007859124,0.4149097104554512,0.09138408007859124,0.6326397686783587,0.3021573825448386,0.9829826123921299,0.40567003578608857
GSM7890835,AAAGTCCAGACATATG-1,False,0,30719,25976,3,1.046407814072893,0.5464082556967884,0.9517697094366211,1.2821141043703574,0.16676658445832254,0.9938384458152655,0.20663369075543725
GSM7890835,AAAGTCCGTACCCGAC-1,True,53,45802,37727,3,1.8481015947038117,1.7592382276785223,0.7854077483366895,1.7953554586755403,0.3369680916149616,1.5156084791187296,0.2803675743497009
GSM7890835,AAAGTCCTCAATCTCT-1,True,23,25976,21665,2,1.8157591224807839,1.406067689693463,0.8050071650036803,1.0732444661401066,0.06513580293357228,0.7585229667214334,0.12227080039355567
GSM7890835,AAAGTGACAGAAGTTA-1,False,0,29938,25959,3,0.28417005848052335,0.5630142534748921,0.17354552953468977,1.2054214172155677,0.594112973881211,1.587665106648794,0.30464080830035817
GSM7890835,AACAAAGGTATGGAAT-1,False,0,9557,8079,0,0.17901485208161733,0.7694921171525023,0.0,1.420468799418977,0.3659319933775532,1.2962134483988925,0.2556031518215878
GSM7890835,AACAAGATCACTACTT-1,False,0,5378,4474,0,0.0,0.4709434000436607,0.38789152478201244,2.6401988974036628,0.37675472003492855,1.5217037867492347,0.27650998852766695
GSM7890835,AACACACGTTATCCAG-1,False,0,22419,18609,2,3.1116553574423853,0.38534893483597354,0.6504761648507952,0.3688358570582354,0.12753751229129154,0.6708865472480152,0.24229864808603446
GSM7890835,AACAGGGCAGGCTCTG-1,False,0,9713,8117,0,0.0,0.17695328054091175,0.27952986651472544,2.4244026708535,0.0,1.636066460403848,0.4023693705327262
GSM7890835,AACCATGAGTCAGGGT-1,True,30,25987,19946,2,1.960465120179188,1.7412339215066412,0.3837615539744414,1.6549628799521117,0.0,1.1361641952958808,0.20609888948807975
GSM7890835,AACCCAATCTACGGTA-1,False,0,28236,23791,2,0.0757949301670726,0.25677142033653605,0.0757949301670726,2.0897824218066,0.4258299025418665,1.2649975740066577,0.2629500813999896
GSM7890835,AACCTTTAGGACAGCT-1,False,0,10272,8237,0,2.5546155292935913,2.5755002855075757,1.1132678973999526,0.0,0.27324693828907093,0.5003024660318627,0.14742042016311221
GSM7890835,AACCTTTCACAGCCTG-1,False,0,27278,24655,2,0.8089016505780892,2.1068993247048224,0.8731161214002485,0.31232282380492843,1.870551894826061,0.5910467347832666,0.15275778985845156
GSM7890835,AACCTTTCACCCTAAA-1,False,0,37513,31216,3,0.4954199439350457,0.8788527265412617,0.5491983172829514,1.369228767921355,0.11752652647189554,1.3870488469502078,0.2938272153999927
GSM7890835,AACCTTTCAGGCTACC-1,False,0,10667,9549,0,0.2640080735609322,0.5057936765170246,0.42935391396988787,2.9831238241126314,0.34764900585114794,0.940772046669443,0.47551258046642986
GSM7890835,AACGAAATCTGATGGT-1,False,0,18534,14378,1,2.4458957834655166,2.643579163516896,1.04728270391653,0.0,0.19253154001987421,0.5568186249383056,0.09469027449898011
GSM7890835,AACGTCATCTGCGGCA-1,False,0,12996,11717,1,0.2991163675759908,0.3756058485364555,0.5406777005122165,0.9317447241916313,0.0,0.9259398838027675,0.2967354364509099
GSM7890835,AACTTCTAGCCTCTGG-1,False,0,8780,7803,0,0.0,0.3801580330665458,0.6187900128184601,3.0681059082497733,0.1520632132266183,1.1941738592061584,0.45221544372913697
GSM7890835,AAGAACAAGTTTGTCG-1,False,0,20730,17558,2,2.207182115280137,1.9555284800072783,0.9882331383289868,0.39365744969470506,1.4411342934908586,0.9796016831320948,0.13835330192678535
GSM7890835,AAGATAGGTGACATCT-1,False,0,11353,10297,0,0.15792755471084508,0.895573175016153,0.8696392538918472,0.0,0.0,1.25262456186518,0.256251382144317
GSM7890835,AAGCATCAGGTCTACT-1,False,0,20564,16171,1,2.1579737230551297,2.8880883924730387,0.5431358278428707,0.0,0.259195751606423,0.28750156440286595,0.14513347123437742
GSM7890835,AAGCATCCACAAGCAG-1,False,0,18996,15967,1,1.8578710789064015,1.1242104472171721,0.826172333991422,1.544362994215036,0.08458589175035118,1.1606000766168418,0.28234969493650613
GSM7890835,AAGCATCGTTAATCGC-1,False,0,16583,14716,1,0.0,0.6919627124683714,0.0,1.9502253914562995,0.20657151869489457,1.2396260305206224,0.4121960117026057
GSM7890835,AAGCGAGCATATCTGG-1,False,0,46866,39496,3,3.175704031506743,2.2589249735179244,0.8031213315441512,0.3553981508640777,1.0498839431718703,0.9147684424101316,0.11174202956924836
GSM7890835,AAGCGTTAGCGTCAGA-1,False,0,42417,34206,3,0.6684831252347472,0.466591925499735,0.2436664865742309,1.0598840240451328,0.19493318925938471,1.2296087219857321,0.35315273746055564
GSM7890835,AAGCGTTGTCGGCACT-1,False,0,8619,7782,0,0.0,0.3000254410629068,0.19255337401216324,0.0,0.1540426992097306,0.8951207231259243,0.39043089111821283
GSM7890835,AAGGTAACATCTCGTC-1,False,0,16532,14452,1,0.3769740015797144,0.5840502919663677,0.11826341375345589,2.0351973439548603,0.09461073100276471,1.3048989416127732,0.2243191060454722
GSM7890835,AAGTACCGTAAGGTCG-1,False,0,30735,23755,2,0.24144252899365293,0.7544788655208112,0.514573668270564,1.0825410998680145,0.13622361355865226,1.740337559026645,0.35981146413840354
GSM7890835,AAGTACCGTCACGTGC-1,True,3,17577,14641,1,1.6563542675465601,2.4141056642495897,0.5319397110587815,0.0,1.0653297633553498,0.4579013922912602,0.14855147672618008
GSM7890835,AAGTACCGTGGTAATA-1,False,0,4124,3668,0,0.3077629779778566,0.3077629779778566,0.3077629779778566,0.0,0.0,0.6972482595929593,0.23893445498518043
GSM7890835,AAGTACCTCAAGATAG-1,False,0,14203,11671,1,0.26651169126126606,1.7037292470995602,0.8559518510621207,2.447650257354384,0.0,1.4009558205673591,0.23314609403568118
GSM7890835,AAGTCGTCAACCCGCA-1,False,0,35213,29843,3,0.43333808950601443,2.1280960765729553,0.42816898437934475,0.44978310019725176,0.13995048473964086,1.413988755486025,0.21976544891276784
GSM7890835,AAGTGAATCACTCTTA-1,False,0,38394,34945,3,0.5648187479949017,1.1515729254763012,0.769601189192145,0.2314746417105226,1.4704550568853187,0.9978387966425368,0.16188079012010667
GSM7890835,AATCACGCACACACTA-1,False,0,14248,12326,1,0.1329293984420354,0.33423739484854514,0.0,0.5317175937681416,0.37786261199129156,1.0448343606593913,0.277838828395649
GSM7890835,AATCACGTCCATTGCC-1,False,0,15146,13630,1,0.0,0.2730413029174388,0.0,2.389093460446157,0.291778886843539,1.031481234142198,0.4554724107456005
GSM7890835,AATCACGTCCGCGGAT-1,False,0,21789,18282,2,0.188857531351483,0.3925102670963886,0.7176650695161655,1.4380872094465693,0.20578859088293683,1.8043089488671704,0.3394601816310576
GSM7890835,AATCGACAGGCTTTCA-1,False,0,17326,15378,1,0.22781518322417377,0.41968565104742106,0.25121289097122773,2.432648919895255,0.29916439748952495,1.0677953620788025,0.4048870799059245
GSM7890835,AATGGAACATCCAATG-1,False,0,19807,17085,1,0.332706995126773,1.2727858402845904,0.703118056077491,1.6172029105631378,0.5229112995063898,1.3446824099464778,0.29195028015781316
GSM7890835,AATTCCTGTGTGTCGC-1,False,0,17107,14080,1,0.30865553880874624,2.082918435766671,0.5959761427396479,1.2054389646219894,0.1548635789181655,1.34093438797752,0.16764459973663573
GSM7890835,ACAAGCTCACGGTGCT-1,False,0,36733,32247,3,0.06019375490998909,0.32685746872053023,0.14925601239904301,0.9682790722772926,0.5189668036967425,1.1155076350400617,0.365878498917876
GSM7890835,ACACAGTGTGGCACTC-1,False,0,19373,16974,1,0.17729998952503837,0.3853977599926559,0.7662732633609955,0.9355233719669597,0.46300298035867427,1.3312419612441133,0.4594250002686223
GSM7890835,ACACCAACAAGACCTT-1,True,1,41007,33324,3,1.8665131574049598,2.441835425453443,0.7604275373377087,0.2182200943690687,0.397860657848487,0.5528536532458321,0.16212716471772426
GSM7890835,ACACTGAGTTCGCGTG-1,False,0,10822,9188,0,0.0,1.0030170806676517,0.3319100131378268,1.8785885876744528,0.2655280105102614,1.639002278360719,0.3617907556324223
GSM7890835,ACAGAAACACGCTTAA-1,False,0,19958,17577,2,0.27509129307501073,0.6515195003946859,0.10154158382110162,0.0,0.41625624306251013,0.8124541008765231,0.18174231985541756
GSM7890835,ACAGCCGAGCCGTTAT-1,True,4,22965,19197,2,2.2026672340875963,2.1781799359865013,0.7280307935647744,0.6264145129874296,0.27965035209085387,0.6314057584878546,0.1484890313142495
GSM7890835,ACAGCCGCATATGCGT-1,False,0,15991,12881,1,1.443609805865922,0.3242417758741368,0.5694430623250686,1.7922283730957254,0.0,1.223601119841383,0.25414402416145077
GSM7890835,ACAGGGAGTAGTGCGA-1,False,0,9026,7889,0,0.18642429084486395,0.47844496050570434,0.0,1.8778687233969935,0.0,1.111685621373923,0.45378304318567797
GSM7890835,ACATCGAAGTACAGAT-1,False,0,32473,27787,3,0.13422980255149375,0.300130399331506,0.23301549805575908,2.0508953374799312,0.18641239844460727,1.6591570705346483,0.2915782295738593
GSM7890835,ACATGCAGTAGCTTAC-1,False,0,7645,6336,0,0.0,1.6116753279763025,0.3213482601022177,2.54728661335372,0.318829660784212,1.6877234002504629,0.239394236811355
GSM7890835,ACATTTCCAAGAGAGA-1,False,0,17214,14460,1,0.0,0.6670129026376371,0.3405396382341948,1.731191727789176,0.2724317105873558,1.895057926211361,0.31517315044927896
GSM7890835,ACATTTCCATCGCCTT-1,True,4,41507,36183,3,0.9786470246587264,1.4940218729661552,1.0599032853106771,1.294769740791015,0.3737442069009841,1.407603230736402,0.21183046064229072
GSM7890835,ACCAAACAGAGGTCGT-1,False,0,13452,11899,1,0.13895699630598637,0.3449140652601978,0.0,1.9383201416136875,0.3456714143834853,1.5658709650229963,0.26293366568736837
GSM7890835,ACCATTTCAGGAGACT-1,False,0,20410,16193,1,2.5683507264249332,2.536258310853861,0.8104563613783909,0.3987465248675199,0.6442656807141854,0.5458326773145037,0.13181574793956696
GSM7890835,ACCATTTGTATGCTTG-1,False,0,8104,6226,0,3.35817602527935,2.220314309951937,0.2009437853462135,0.0,0.1607550282769708,0.4904995797667905,0.07952624576394925
GSM7890835,ACCCAAACAAGACTGG-1,False,0,17522,13926,1,0.2971775622696856,0.6439271092313477,0.9027757463442843,2.3156373106528894,0.0,1.1347795098637463,0.34571331086020357
GSM7890835,ACCCTCAGTGGTAACG-1,False,0,11900,10399,0,0.0,0.5206821566898328,0.30497411835248567,1.92896059074154,0.32979635591461337,1.259979654953563,0.3153519905754299
GSM7890835,ACCCTTGAGCTCTTCC-1,False,0,14944,13367,1,0.0,0.4535820085143781,0.36730386965251377,2.460156041226102,0.38982339861297854,0.9391611096618042,0.39798465518350107
GSM7890835,ACCCTTGAGTATGAAC-1,False,0,9315,8261,0,0.1823139980161732,1.0410403330745241,0.5017588322341969,1.666602290352405,0.0,1.8749067851626315,0.26460632476918644
GSM7890835,ACCCTTGCAGCGTGCT-1,False,0,11741,10311,0,0.0,0.1540282222867948,0.1540282222867948,2.159343378674061,0.33197224524994834,1.5094019061970196,0.4044597440759563
GSM7890835,ACCCTTGGTCTGTAGT-1,False,0,30978,25224,2,0.06993951554986008,0.9306267006762181,0.31901367708617756,1.9184765875116407,0.30306531494202293,1.7137432298674415,0.4485127487644095
GSM7890835,ACCGTTCAGTCATACC-1,False,0,10293,9216,0,0.4395661391572631,0.7626220887174016,0.7843195818324917,2.371676408419197,0.2715247785801638,1.2998889910870342,0.2511865996282861
GSM7890835,ACGATGTCAGACAAGC-1,False,0,9903,8697,0,0.17450818314947944,0.4507884502175973,0.0,1.3936137675001032,0.2787227535000206,0.8883284536000293,0.3303626198657543
GSM7890835,ACGCACGAGGTCCAGA-1,False,0,27155,22854,2,0.18605142099773328,0.7936659302510802,0.7217552890277482,0.5518788565090396,0.3239100963333689,1.2727013939198994,0.29892254503446575
GSM7890835,ACGGAAGCATGAAGGC-1,True,7,25853,21761,2,1.9991386055763833,1.1325747075775605,0.925944012908642,0.5730139789351466,0.39722947352055865,1.0500520442510786,0.20647163676508237
GSM7890835,ACGGAAGCATTGCCGG-1,False,0,9284,7554,0,0.8123396606467239,0.8844471251095587,0.0,1.6693069963502312,0.14619664962623705,1.497338888507456,0.22377497585754483
GSM7890835,ACGGAAGTCTATCGTT-1,False,0,32473,28028,3,0.0,0.3349310785213356,0.16358137214463833,1.6101028592936388,0.09597795535362318,1.7535961112411336,0.3237645981642421
GSM7890835,ACGGAAGTCTCATAGG-1,False,0,18139,15922,1,0.10977304951906745,0.9276677649117375,1.1866179799662862,0.0,0.23645305246730652,1.6106976118221208,0.1908060937738649
GSM7890835,ACGGGTCCAGCAGGAT-1,False,0,16301,12804,1,0.0,0.629621295120018,0.0,0.4783805056504055,0.0956761011300811,1.4079017907681757,0.3332573585203156
GSM7890835,ACGTAACGTTTCTATC-1,False,0,13537,12279,1,0.2268056574381623,0.2920461185174888,0.13828674346404243,1.546195736169925,0.11062939477123394,0.6878139108826794,0.34797604889392125
GSM7890835,ACGTAACTCAGTGTGT-1,False,0,25207,21410,2,1.039354233647876,2.5007015090401095,0.7343797819492097,0.0,0.776689120505815,0.6248357541152016,0.16040094766739185
GSM7890835,ACGTAACTCCTTATGT-1,False,0,26797,22038,2,1.2894971560198536,1.6139832571402832,0.5209471033219626,0.0,0.18267364568038924,1.457113459593471,0.2612332186126771
GSM7890835,ACGTACAAGCCAAGTG-1,False,0,12785,11609,1,0.37988207523628215,0.6114510231972801,0.6564673539563441,1.7392372812734742,0.3182887165395555,1.1828067589993412,0.4112520561349034
GSM7890835,ACGTCCTCAGTTAAAG-1,False,0,5337,4534,0,0.26390112807920874,1.46267836898387,0.9242654648583568,2.9825010370877187,0.0,1.4285670275292968,0.14764432821182327
GSM7890835,ACGTTCCAGCTACGTT-1,False,0,35460,30805,3,0.8359525316026215,1.6735453685223753,0.907622693712943,1.2635816820225354,1.324135238168648,1.4770022472057558,0.21546122566179277
GSM7890835,ACTATCTCAAGTATAG-1,False,0,48851,40870,3,0.44454787931482775,0.9898076727368602,0.1662547808338736,1.0446265666351031,0.17821455872040567,1.432725294197922,0.3619951071755415
GSM7890835,ACTATGGCAGCTGTCG-1,False,0,19125,15321,1,0.10515013304331626,0.21030026608663252,0.1789413172869294,1.4200325007517407,0.18867433809536516,1.4004507824335728,0.3837175272813325
GSM7890835,ACTATGGGTATTCTCT-1,False,0,18816,15880,1,1.476755829545044,2.1495043761154458,0.7192570035248765,0.0,0.4813491819417911,0.5154871433223635,0.10263070484337065
GSM7890835,ACTATTCTCACGATAC-1,False,0,22763,18750,2,1.2344680214231691,2.897707275686045,0.5702430038186005,0.0,0.12610736639153833,0.5450361065613987,0.18135786220795103
GSM7890835,ACTATTCTCGCCTATC-1,False,0,12069,10843,0,0.15088343180756547,0.5163658269171083,0.15088343180756547,2.0318981143038255,0.24973418915537252,0.8319494379814831,0.3699848115173965
GSM7890835,ACTGATGGTAGGTTTC-1,False,0,42768,36526,3,0.052528696745156304,1.373528074552426,0.6572532330054173,1.1328130847538942,0.0767310460141267,1.577624848625565,0.33686126803600025
GSM7890835,ACTGATGTCCGTTGGG-1,False,0,17062,13237,1,0.11531919033873736,0.30925379470256587,0.1939346043638285,1.5077565241769464,0.09225535227098988,1.2354581172812364,0.2910610793562733
GSM7890835,ACTGCAATCACCTTAT-1,False,0,19597,15755,1,3.378370903847044,1.8684659741869645,1.026859905971972,0.0,1.6177928176995287,0.5363684394787522,0.14455434388268648
GSM7890835,ACTGTCCCAGGCTTGC-1,False,0,19166,17203,1,0.2099328856849015,0.23551611294405797,0.10496644284245076,2.6421904137238785,0.1884128903552464,1.122241723779366,0.34847659281123594
GSM7890835,ACTGTGATCTCTCGCA-1,False,0,30769,24747,2,0.25038912123786916,0.4114144099576047,0.7515162963537223,1.1863230790363821,0.10015564849514766,1.115583975109279,0.2700100795440183
GSM7890835,ACTTAGGTCTTTCTAG-1,False,0,12079,9621,0,0.0,0.609506647920859,0.15078963072626608,1.2480803962653835,0.12063170458101287,1.7639804345040975,0.4137246275675486
GSM7890835,ACTTTCAAGGAAGTGA-1,False,0,29614,23121,2,1.2143227125753768,1.9274438536100682,0.5612907145375873,0.0,0.0,1.2775081851234371,0.15819216441274553
GSM7890835,ACTTTGTAGCCGAATG-1,False,0,13245,10440,0,0.9247764684611031,3.185019274782716,0.513371170448601,0.5624699324185151,0.2965508379097801,0.6066982023298815,0.1930075327292623
GSM7890835,AGAAATGAGGAGCAAA-1,False,0,36232,32284,3,2.2126932242236994,2.1136283313604958,1.0525416504900496,0.7438386157919744,0.7174344719229406,0.8825626411826185,0.20020195016587278
GSM7890835,AGAAATGGTACCTATG-1,False,0,14835,10717,0,1.1683389686403074,2.4666760623325903,0.5116267654313983,0.0,0.42671222621097077,0.5193298063713616,0.1556359639464607
GSM7890835,AGAAATGGTCGTCAGC-1,False,0,18031,15761,1,0.5578860664968074,2.1219480972199527,0.2922212129314436,1.8788548030331211,0.1492618235660936,1.354344344470471,0.17668340187422096
GSM7890835,AGAACAATCAAACTGC-1,False,0,14882,13031,1,0.2569961107586149,0.6166689253071119,0.0,1.6157611122392868,0.2944835612995079,1.0268726707738858,0.3047867843220761
GSM7890835,AGAAGCGAGGAGGGTG-1,True,1,29159,23935,2,1.5646111892174,0.9535404751381115,0.6669059909107622,1.6322492380782947,0.0,0.9478932120697964,0.2618810510314347
GSM7890835,AGAAGCGTCACCGACG-1,False,0,11397,9042,0,0.0,0.4799397034937861,0.0,2.081862492290716,0.20267243681499303,1.3585713444268623,0.361948614323643
GSM7890835,AGACACTGTACCTGTA-1,False,0,20132,17173,1,1.451778843162857,2.1932841735342574,0.6197195458083283,0.40327714104933465,1.933660271455539,1.1376273147511893,0.16047439642677652
GSM7890835,AGACAGGGTGTACATC-1,False,0,7497,6673,0,0.21188162428538942,0.32489349182291594,0.0,1.2995739672916637,0.16950529942831155,1.2266649451589966,0.4191470927438163
GSM7890835,AGACCATGTACACTCA-1,True,4,40185,34174,3,2.5154129822110662,1.1477965274863715,0.5146059159474881,0.9135246851810271,1.087241718498742,1.0491492131644091,0.19761144256740928
GSM7890835,AGAGAATCATGATAGA-1,False,0,28194,24862,2,1.141437978452157,1.7151735054520547,0.7602846538237994,0.0,0.7105063176860968,1.0753782301950174,0.2635760385983522
GSM7890835,AGAGAATGTACCCACG-1,True,18,21130,15815,1,2.816280512516486,2.2596776279243977,0.5229324174903488,1.0623089124126686,0.0,0.17195660540542862,0.14606068636894864
GSM7890835,AGAGAGCCATCTGTTT-1,False,0,25407,20585,2,0.08297120352428804,1.4149835520081777,0.7902403861856209,1.6732603312048784,0.06637696281943042,1.985817588144437,0.37249349319487624
GSM7890835,AGAGCAGCATGGGATG-1,False,0,15068,12414,1,2.6133298760666412,2.365872453341684,0.8870500876300222,0.0,0.10180376850652688,0.7960899849052266,0.09224696509484126
GSM7890835,AGAGCAGCATTCCTCG-1,False,0,27018,24101,2,0.15745048514351767,0.4039479659412799,0.15745048514351767,1.6236089935114515,0.38770199275969736,1.0058269359000813,0.23784900790494626
GSM7890835,AGAGCCCAGAATCCCT-1,False,0,32811,29447,3,1.8727186754646357,1.4582856763090981,0.8068527453652379,0.0,1.8307125495186767,0.5877894363380546,0.13514411241371238
GSM7890835,AGATAGACAGATGCGA-1,False,0,35169,28494,3,1.9154348762030031,0.5504433936833197,1.098368684592001,0.6168188829851021,0.10009839923043665,1.3233439134389609,0.2706769645726421
GSM7890835,AGATAGACAGGTCCGT-1,False,0,9016,7886,0,0.1865699883301044,0.4232864996714696,0.1865699883301044,1.4649710416702764,0.3757615633689052,1.2893010787390449,0.41338978893157513
GSM7890835,AGATAGATCTTGGTGA-1,False,0,11941,10544,0,0.3980729426394741,0.519627444647699,0.0,2.0411692104263746,0.32924089250392086,1.0709512215648855,0.40545785749519747
GSM7890835,AGATCCAGTCAGTTTG-1,False,0,14031,11971,1,0.13451887402975238,0.4204250650010805,0.4715910711570037,2.9719720712626443,0.4358524733896771,1.3705312305092239,0.4809687389681722
GSM7890835,AGATGAAGTAAGCAAT-1,False,0,39262,34581,3,0.1986337870108981,0.486696877344474,0.1986337870108981,2.185565226902407,0.41502865698121527,1.5448226779017176,0.36330321902593266
GSM7890835,AGATGCTAGAGAGAAC-1,False,0,12926,10070,0,3.380787937745732,2.7492909820634046,0.30005922902969234,0.0,0.2819307849327962,0.38001760866456974,0.1260503116837521
GSM7890835,AGATGCTAGCAACAGC-1,False,0,10773,9076,0,0.16415276566012302,1.517224710182874,0.5036499368389471,1.3309770937292644,0.20991893564637548,1.5242824976954177,0.33461983682936425
GSM7890835,AGATGCTTCCACCTGT-1,False,0,37047,31631,3,2.364321201469734,2.0795403204450134,0.6316797237039915,1.897391225123402,1.4411742828936933,0.6946373224148422,0.23874808868040018
GSM7890835,AGCATCACACCGGTCA-1,False,0,25501,21849,2,0.3983990148964608,0.4519836238462595,0.6547720225986513,2.379873591268707,0.28400055289248893,1.7634925109080524,0.5250636867792203
GSM7890835,AGCATCATCTCAAAGC-1,True,11,43977,37705,3,1.8396219447082927,1.810973065464962,0.8337245967758391,0.9523299036773728,0.4228177212274196,0.746292550826268,0.18124035309185596
GSM7890835,AGCCAATAGGCAGCTA-1,False,0,10527,9349,0,0.1669494268664635,0.39214111540030827,0.0,1.3480250333864663,0.212933630529351,0.8624161020548782,0.3477688756801014
GSM7890835,AGCCAGCTCATTGGTG-1,False,0,45603,36732,3,2.8302551225198376,2.332602173910545,0.4405073022223049,0.5055224611078466,1.2543315048487904,0.8105283155008776,0.1700305882788318
GSM7890835,AGCGTATAGACCATTC-1,False,0,25083,21767,2,0.23046031657633514,0.5048063588303954,0.6512975018024403,2.0512347831939124,0.38861396427277006,1.6427527796871035,0.2882021689532316
GSM7890835,AGCGTATAGCTCCACG-1,True,2,38947,31017,3,1.9450842666971284,1.2714107744056866,0.7259828445881448,1.4063690657914194,0.14131499874374615,1.2766151596670536,0.33204432516367094
GSM7890835,AGCTACAAGAGGTTAT-1,False,0,4910,4370,0,0.27768954674255447,0.8330686402276635,0.9807496896552578,0.0,0.324799077493532,0.9443737224952716,0.41605484352146677
GSM7890835,AGCTACACAGAAGCGT-1,False,0,21723,18390,2,0.4547679803489394,0.5008855095267123,0.5040803373153315,1.4404015586224845,0.07573407255465459,0.9717272730376962,0.22060822106176217
GSM7890835,AGCTCAAGTATTCCTT-1,False,0,16369,15007,1,0.2383998878014999,0.5571816970198344,0.8664671912956362,1.9613768746407905,0.2799681555667483,0.8397045543978479,0.4113641192515156
GSM7890835,AGGAATAGTTTCGATG-1,True,13,37925,30553,3,1.8933090624000246,1.8449891863386294,0.8896308794093273,0.7201363004188048,0.25597055598081153,0.9086961757640092,0.2139079577445954
GSM7890835,AGGACGAGTCTGTTAG-1,False,0,24386,21548,2,0.08591007691489559,0.8628399611105821,0.8533535294292928,2.1260011656950284,0.18851104298440932,1.422655586836901,0.31718431496086946
GSM7890835,AGGACGAGTTCCCAAA-1,False,0,25152,22099,2,0.08368602484886459,0.808176402507029,0.7764993874880148,2.0988137515580507,0.28586388248666034,1.2928594408274172,0.2944147546266742
GSM7890835,AGGACGATCCGTTTCG-1,False,0,12753,10702,0,0.14473261669755674,0.7654965416347104,0.6711329067911611,0.9432280228946298,0.11578609335804539,1.4627486465812787,0.22752077795897452
GSM7890835,AGGACTTGTGTGATGG-1,False,0,17110,13457,1,0.19355584679210103,1.5773644432732241,0.11505989390161801,1.9234505761499439,0.20256444096156953,1.448195885019078,0.3559430224889965
GSM7890835,AGGACTTTCATCCTAT-1,False,0,23942,20925,2,1.7651890985773715,2.1462226623170166,0.9172123545432097,0.0,0.41301624504961076,0.5843841407778128,0.17012145848588806
GSM7890835,AGGATCTCATGTAACC-1,True,2,45959,36291,3,2.9391970273256773,2.3355736764591373,0.6538400444275642,0.3612836421796505,0.44056740060369215,1.0585174497901835,0.19830986296859807
GSM7890835,AGGCATTTCAAAGGTA-1,False,0,27585,24770,2,0.0,0.5208340668485827,0.21364458167623762,1.0341019628110533,0.23106752073584333,1.1220916609322007,0.32715903356141507
GSM7890835,AGGCATTTCGTGGCGT-1,False,0,25992,21916,2,1.0248994482015839,1.0643270630412998,0.8663619676287739,0.5706786699541906,0.0,0.8283069029472063,0.18755398004118712
GSM7890835,AGGCCACAGAGCATTA-1,False,0,14778,13501,1,0.3431654972301281,0.45674140986350226,0.32753726628172947,2.049860239523511,0.22171547180216994,1.0553284915736052,0.28053741403719973
GSM7890835,AGGGAGTCACAGTCGC-1,False,0,8867,7879,0,0.29509063844496264,0.9105515498142911,0.1887694609579015,1.477809041142967,0.15101556876632122,0.5165643539270206,0.43159097269577495
GSM7890835,AGGGAGTGTGTCCGTG-1,False,0,25264,22369,2,1.354443029705264,2.3443510007885275,0.5112430078952295,0.0,0.13339286240686518,0.8927721094224191,0.15354628931846298
GSM7890835,AGGGAGTTCTTACCAT-1,False,0,13879,12103,1,0.3587602380657279,1.0645379012534169,0.5472320940926646,1.6720517134028183,0.10852450104539427,1.201429393680813,0.22196179495720122
GSM7890835,AGGGCTCAGCCGATAG-1,False,0,35500,30284,3,0.062044907368883656,0.3624074783800406,0.3777381728915008,0.9895935510053144,0.36715964055789096,1.3950489045415977,0.3415159189356172
GSM7890835,AGGGTCCAGAGTAACT-1,False,0,7880,6629,0,0.4096774329377902,0.4096774329377902,0.31589542050563385,0.0,0.2527163364045071,1.0366266454194544,0.405437338402374
GSM7890835,AGGGTGAAGGACGGAG-1,False,0,33486,29477,3,1.2305015888536754,2.3044146845246054,0.7694669103388294,0.4682924963798462,1.1482709363558954,1.0026107409342924,0.20572844870727516
GSM7890835,AGGGTGATCCGCGATG-1,False,0,37681,32421,3,0.610709839835296,1.170734920823151,0.6792030468002004,0.0,1.6056987965505953,1.6926780356466646,0.3252233698057663
GSM7890835,AGGGTTTCAGCTATTG-1,False,0,24602,22301,2,0.08527093585368434,0.42607263416963936,0.810732013091825,2.015374415799655,0.06821674868294747,1.186718813759502,0.311599094202583
GSM7890835,AGGTTACCAGAGGACT-1,False,0,13448,12246,1,0.0,0.6658249728198145,0.22779039948698734,0.0,0.22238192292091075,0.6419626930433424,0.28837069505116053
GSM7890835,AGTAACCAGAAGTCCG-1,False,0,12025,9471,0,0.5577014737734569,0.9310241284189174,0.0,0.0,0.32810994271720795,1.178593845403656,0.3662859513723681
GSM7890835,AGTAACCCAATACCCA-1,False,0,25962,22816,2,0.0814572237346608,0.3498570449281223,0.0,2.1184685358106554,0.06516577898772864,0.9152707398228899,0.3678450959533335
GSM7890835,AGTAACCTCATGCATG-1,False,0,6495,5817,0,0.46601232727899095,0.49207803245189946,0.3514808464555407,0.9320246545579819,0.0,0.2589053958676378,0.11660862110194721
GSM7890835,AGTACCAGTATAGCTC-1,False,0,17108,13795,1,0.0,0.11507067422730109,0.11507067422730109,1.6276025377260417,0.24107960431246234,1.6561561510910014,0.4255433937827168
GSM7890835,AGTACTGCAATGGCAG-1,False,0,21807,19524,2,2.820069219308776,2.4576156889556584,0.8195973728792172,0.0,0.43847365452543563,0.657052609100141,0.07251741803834824
GSM7890835,AGTAGCTCATCCGGCA-1,False,0,23849,21624,2,0.15225240645172675,0.17508358454513795,0.0,0.0,0.3440223978061741,0.9279301931040915,0.3509253455732706
GSM7890835,AGTAGTCGTCGCAGTC-1,False,0,7988,7046,0,0.0,0.31345885783252037,0.0,1.9822956770350824,0.1623528906709784,1.1993526110083335,0.40632062094887694
GSM7890835,AGTAGTCTCGGCTCTT-1,False,0,34948,31626,3,0.605760669634068,0.7063630370699738,0.6563014663462656,1.610627544474837,1.8935666864441458,1.3132324453446786,0.23350669344087102
GSM7890835,AGTCATGTCATTGCTT-1,False,0,38093,31940,3,2.197174563562633,2.2436393000267003,0.9500526487407912,0.0,0.8102274452678551,0.5695007339910292,0.11924451280352918
GSM7890835,AGTCTCCGTTCTATCT-1,False,0,31102,25497,3,0.12413787739696323,0.26867690803065003,0.16881811826672652,1.1788577824252806,0.2877407040768547,1.4587976708439518,0.3706323558336105
GSM7890835,AGTGACTAGAGACAAG-1,False,0,14323,11970,1,0.2647778839778806,1.2238131693770538,0.6099918415688146,1.1296370928811534,0.1747898093178377,1.8134064285025322,0.26533222140907586
GSM7890835,AGTGATCGTCTACGTA-1,False,0,28369,25116,2,0.20887873878654267,2.1578574156577934,0.5577749641674489,0.0,2.0785463519742198,0.4071835093380294,0.08393841278973571
GSM7890835,AGTGCCGTCCTGTTAT-1,False,0,38612,33402,3,0.1043440861973525,0.42047560986456517,0.1043440861973525,1.2032370110610013,0.3556926268869859,1.3946826969826767,0.4489543840895793
GSM7890835,AGTGTTGCAGAACCGA-1,False,0,21395,18988,2,0.09587284867432314,0.8191851917335325,0.19174569734864627,1.8884001422895635,1.2268713936176723,1.45842647266652,0.20892695365489192
GSM7890835,AGTGTTGTCATCAGTG-1,False,0,13524,11824,1,0.1383888229380175,0.8538869789202687,0.34391606664927565,2.289815352117924,0.40706751700736044,1.4194892354100066,0.43908378098614975
GSM7890835,AGTTCCCAGAGCAAGA-1,False,0,30378,25863,3,1.6787716570492344,2.187257404387615,0.9518015999033497,0.0,1.2417819818236322,1.1156621279464685,0.19519716882126684
GSM7890835,AGTTCCCAGCTCTTCC-1,False,0,41028,36860,3,0.05452993530771977,0.39096288433352766,0.05452993530771977,0.7969123910518077,0.3607125969846829,1.1742445565682966,0.2906822476782646
GSM7890835,AGTTCCCCAGCGTAGA-1,False,0,20471,18123,2,2.635811771448729,1.3197735467077496,0.7783101570566807,0.6815764177854889,0.41670199075661857,0.7798357600541641,0.14198155054426043
GSM7890835,ATACCGACAGCTCCTT-1,False,0,20534,17181,1,1.730734159403229,2.426302541501249,0.9621564237630074,1.3665974066272089,2.030287414395069,1.2940044082085367,0.17366291532590247
GSM7890835,ATACCTTCATCCTAAG-1,False,0,33129,28696,3,0.27927127674653934,0.46791801994580534,0.2838929000120748,2.1802037534297707,0.2983812643436295,1.8211448921510738,0.4386715185116412
GSM7890835,ATAGACCTCCAGGACC-1,False,0,42146,36754,3,0.8961364712290968,1.86693739460758,0.8762015133533355,1.2157149176365876,0.19902843816384883,1.076649798513541,0.20149797477414882
GSM7890835,ATAGGCTCACGAGGTA-1,False,0,25904,23080,2,0.14303871557593242,0.35038082499121953,0.19230963425409167,1.9708330145052269,0.23976659934898686,0.8264984606054,0.3066226206445553
GSM7890835,ATAGGCTGTTCGGTTA-1,False,0,28480,22547,2,0.07523413481343269,0.35232222512674893,0.07523413481343269,0.7194827288977481,0.2851084166831537,1.5356893498049886,0.45284547788992285
GSM7890835,ATATCCTCATAATCCG-1,False,0,34251,27628,3,0.5673331443847551,0.66787005618057,0.597802733486139,1.2885879518717895,0.36675270952063643,1.2425215892800465,0.3508674055469744
GSM7890835,ATCACGAAGGTCGTAG-1,False,0,7114,5819,0,0.21945804211739992,1.1050668187774086,0.0,1.6519295833958836,0.17556643369391994,1.394023464310097,0.3478950373997594
GSM7890835,ATCACGATCACTTATC-1,False,0,12506,10212,0,0.30585917832284826,2.30652957866411,0.8550837763243935,1.6090540229895447,0.2446873426582786,1.6382178743382123,0.25596599040590534
GSM7890835,ATCCACCCATACCGTA-1,False,0,25233,22037,2,0.2793096052179378,0.5859431284228359,0.5532586047839381,1.993461830435615,0.4968871031836676,1.838682939608303,0.3122583092566936
GSM7890835,ATCCACCGTAACACCT-1,False,0,9090,8200,0,0.3709948647741344,0.42162010997014343,0.4763023234664979,0.0,0.2917383543230952,0.8276542666031064,0.2828097473521144
GSM7890835,ATCCCTGAGCCTATCA-1,False,0,18815,16333,1,0.6777934731406982,1.0143909670278417,0.0,0.0,0.14483046916244863,1.0155619655723442,0.4060439454397121
GSM7890835,ATCCCTGCACAGCATT-1,False,0,13878,11388,0,0.0,0.3587784160331681,0.13566317011145987,1.151108203039512,0.33875217669707025,1.7623474304452067,0.2894746988163197
GSM7890835,ATCCTATGTTCGTACA-1,False,0,13816,12502,1,0.0,0.2722651414345489,0.0,2.4729165059018814,0.2719486959757854,0.9195498883371629,0.36078288952110965
GSM7890835,ATCGATGGTGAGGCAT-1,False,0,10370,9018,0,0.26863456420405535,0.5639062363783505,0.0,0.0,0.31609574750322467,1.1659422463252134,0.3385447068678178
GSM7890835,ATCGGCGAGTTCGCAT-1,False,0,25607,20345,2,0.16483824806709044,0.4701407945356282,0.0,1.0826831198833535,0.2833717810691415,1.6672643927978317,0.3356004320106222
GSM7890835,ATCGGCGTCTCCTGCA-1,False,0,42520,37703,3,0.14918286201009423,0.26214452170220814,0.10560974798042412,1.0582997284908273,1.518887945903105,1.5050454437552376,0.3391623445191839
GSM7890835,ATCGTAGTCGCTGTCT-1,False,0,13143,11727,1,0.3726863242360794,0.6698440447541997,0.0,1.716527131607416,0.11316061229953081,0.9603857737072332,0.3569883627730007
GSM7890835,ATCGTCCAGCCGCACT-1,False,0,17098,14763,1,1.536405167537506,1.7244333144611739,0.44696765046804804,0.0,0.40119938896526647,0.6711615571184666,0.15208510556196148
GSM7890835,ATCTCTATCCGCGGAT-1,False,0,34014,29637,3,0.06443389013928039,1.2892166137081638,0.8547069052592806,1.4431383125022272,0.27509777229061,1.955761900929896,0.2813082989089265
GSM7890835,ATGAAAGGTCACTGAT-1,False,0,21811,18120,2,0.09434942805808896,0.6124249204498602,0.3304993198014381,2.405741999598507,0.3398789982876217,1.711493474921248,0.4812178552445374
GSM7890835,ATGACCATCCCGAATA-1,False,0,27052,21860,2,1.6859742671864346,1.5413238927337523,0.9802169788624828,0.7462021929484823,0.23374894030782545,1.1212104703425216,0.23890486089164747
GSM7890835,ATGATCGTCCTTCTTC-1,False,0,42900,37878,3,0.3257171582416157,0.3329885441784074,0.4528705647239362,1.5538414208977978,0.22614502795704566,1.5115922265511679,0.29097600580200805
GSM7890835,ATGCATGCAATTGCTG-1,False,0,20361,18000,2,0.09988439591791701,0.48106512294877624,0.29965318775375105,2.1813390916144044,0.3989379925719304,1.0327449466804732,0.3505915651188926
GSM7890835,ATGGAGGAGGACTATA-1,False,0,47313,42025,3,3.0297656490852916,2.29084317699013,0.7976487971883901,0.35256828375634336,1.418505683993964,0.6860722849065546,0.12334150280313858
GSM7890835,ATGGAGGGTGATGTAA-1,False,0,23698,21241,2,0.08801195800541133,0.29250823312512114,0.08801195800541133,0.6119116780692849,0.3563889221139539,1.173549231058415,0.10808145244450502
GSM7890835,ATGGAGGGTGGACCAA-1,False,0,30625,22141,2,1.031035140547319,0.38328151245526665,0.4143139466961483,1.1895840668738364,0.0565133943570021,1.2627388275257458,0.3321159537375543
GSM7890835,ATGGAGGTCAGTCAGT-1,False,0,30032,25748,3,0.0,0.572094342758517,0.0,2.1585412205211085,0.1960059855959908,1.7517839144983125,0.37421448157253345
GSM7890835,ATGGATCGTCACGACC-1,False,0,30017,26809,3,0.8099630896997309,1.74099571263033,0.8886454937804878,0.0,1.1395480004502379,1.2283442859677598,0.10497999010133256
GSM7890835,ATGGGTTGTAATTAGG-1,False,0,11775,9204,0,0.15369597070902127,0.6670362930791255,0.5680759987020694,0.9927011771730363,0.0,1.7316157929233946,0.3749023381367211
GSM7890835,ATGGTTGAGCATAGGC-1,False,0,49095,41757,3,0.5575916597311716,0.5658613645724558,0.5371823061729994,1.5831037658719669,0.1933582741628811,1.3533469018901583,0.2614868094289147
GSM7890835,ATTATCCCACAGCTGC-1,False,0,37671,31533,3,0.0,0.35747235657125287,0.0,1.7070645290003745,0.3211599724232413,1.1646394255624692,0.33425464565947344
GSM7890835,ATTCAGGAGGACAACC-1,False,0,5439,4592,0,0.2608253888047415,1.4705141524035668,0.2608253888047415,1.043301555218966,0.20866031104379318,1.1617056882131047,0.3306068576434082
GSM7890835,ATTCATCGTGTGTGGA-1,False,0,13192,11986,1,0.14104920159051415,0.43756037850518614,0.4887628239600445,2.384575801786901,0.2788594847685712,0.8136823478687619,0.312662019245613
GSM7890835,ATTCCATCACCTCGTT-1,False,0,31995,25343,3,2.0700405793662346,1.6760759078845793,0.7541069824150186,1.0561545871546332,0.1882157258407971,1.3294385451287603,0.2184232511187239
GSM7890835,ATTCGTTCAATACGCT-1,False,0,25518,20194,2,1.7543993062203613,2.491454098681163,0.1943308017488492,0.0,1.241124994224221,0.5855386165249612,0.1405032696972982
GSM7890835,ATTCGTTGTCGAACGA-1,False,0,32483,28788,3,0.1341935601744376,0.3105213058886933,1.1441186352351984,1.405737459747937,0.13083552883669808,1.1633035253404522,0.38783392172445924
GSM7890835,ATTCTACAGATCCAAA-1,False,0,44640,38711,3,1.3251275936497515,1.4920639205170905,0.6671816001780535,1.1039742318094952,1.4547728388187697,1.2427509611960712,0.22198672535359387
GSM7890835,ATTCTTGTCGCGCTGA-1,False,0,9308,7964,0,0.0,0.3601384537650338,0.0,0.7296452723582012,0.47347037726272284,0.8796573143246993,0.3211114465682947
GSM7890835,ATTGTTCCATCGTGGC-1,False,0,27781,23283,2,0.2892959327626772,1.2755010421329653,0.4003282835719041,2.104032307239092,0.14646153362328598,1.6925828377860561,0.38034905072667624
GSM7890835,ATTTCACAGAGCTGCA-1,False,0,10828,9349,0,0.16354071588714947,0.4314787093815395,0.0,1.3272327487891973,0.0,1.2591370691730055,0.35298380736711477
GSM7890835,ATTTCACAGGTCGTGA-1,False,0,35986,31955,3,0.12260351420474117,0.21776362959341564,0.5041501698223858,1.7920836168384524,0.08839433710992259,1.3384139906797161,0.407602585037394
GSM7890835,ATTTCACAGTCAGCGA-1,False,0,28496,25578,3,0.0,0.3285186386934339,0.6264767766596511,2.5038630258255665,0.34518121828577175,1.6141344215557407,0.3207277313624094
GSM7890835,CAACAACTCACGGGAA-1,False,0,26502,22701,2,0.14056878014465463,0.6040355727848975,0.14056878014465463,2.1887364627134054,0.3422180828477627,1.4119679722269327,0.3927044856850711
GSM7890835,CAACAGTTCATATGGC-1,False,0,16518,13964,1,0.23668652615200086,1.572839006708528,0.11834326307600043,1.9535950721201079,0.3017523382760706,1.8403907368583934,0.3216426047300785
GSM7890835,CAACCAAAGGATTACA-1,False,0,27103,23441,2,0.6610521372396788,1.5601107768498093,1.093365088067433,1.0454977674523753,0.24412754710271095,1.706051809020617,0.33314299056053087
GSM7890835,CAAGACTGTCAATGGG-1,True,1,48988,37859,3,2.4979527692161323,2.410527687170349,0.6503397544690177,0.34235720627011323,0.3921136915659226,0.5520420146297541,0.17369815346799988
GSM7890835,CAAGAGGGTTGTTTGG-1,False,0,10557,8306,0,0.16660309213399455,0.64151102882907,0.5080439653461553,1.0628046449327466,0.13328247370719565,1.5383473619090666,0.39063090559213337
GSM7890835,CAAGCTACAAGACCGA-1,False,0,16303,14574,1,0.11958346529048908,0.35875039587146723,0.11958346529048908,2.755011198377169,0.35523006620186076,0.8932910261461068,0.35922457179389095
GSM7890835,CAAGCTACATCTATCT-1,False,0,29124,23243,2,3.595257003784072,2.526175885926503,0.48209727774379374,0.2951735128957818,0.47071000462058843,0.5521591394572297,0.183243725874973
GSM7890835,CAAGCTATCAGAGTGG-1,False,0,11682,9660,0,1.4389675863413975,1.6465975384556413,0.45354761861125603,0.6184332276209824,0.19953990012970826,0.8425677146092484,0.2147911212317744
GSM7890835,CAATACGTCTAGTCAG-1,False,0,8377,7452,0,0.0,0.4383836597482245,0.0,1.2200891027274707,0.15712200550832295,1.1069657160447384,0.39189247894787665
GSM7890835,CAATCGATCGATGGAG-1,False,0,25689,20520,2,1.128428869001712,2.639190465122568,0.5200756086452573,0.0,0.2828875869262504,0.7115339882219927,0.15081482280284686
GSM7890835,CAATTTCCAGGCACAA-1,False,0,12370,10369,0,0.0,0.2962232945488209,0.0,1.2311663782340714,0.35330353249472796,1.4204267553339722,0.24811955885972098
GSM7890835,CACAACACAATAACCC-1,False,0,26375,21612,2,0.37181195422431024,0.2702685849305095,0.0,0.9229038877658723,0.2968802287602001,1.511544475812029,0.4739643183987741
GSM7890835,CACAACATCCGAAGGA-1,False,0,10685,8679,0,0.26373326176748735,0.6529305417833003,0.26373326176748735,1.8893924975478849,0.1321135822284528,1.4926268380496264,0.19262236724806395
GSM7890835,CACACAAAGATCGCCC-1,False,0,24022,19959,2,0.376623971995426,0.3664080845248768,0.2896146477316529,1.8581253722210778,0.9120406245605107,1.6910857634606984,0.5504190965663717
GSM7890835,CACAGATGTACCCAGC-1,False,0,16501,13826,1,1.5981957469648616,1.1718802159359756,0.545902817310431,1.230837351980144,0.0,1.0289451994529752,0.2352767166581862
GSM7890835,CACAGATTCCACTTCG-1,False,0,29682,24628,2,0.14517844144932604,0.6061253024558304,0.3028610793924226,1.8548081843021655,0.11614275315946083,1.8101230783031472,0.3602364228614621
GSM7890835,CACATGATCGCTCTAC-1,False,0,5799,4523,0,0.3731625606480424,1.4533513519518595,0.25056528949910206,1.8202344711613248,0.20045223159928166,1.5304526851940579,0.3469965343457454
GSM7890835,CACCGTTAGGACTGGT-1,False,0,10954,9896,0,0.0,0.5840118225668813,0.0,1.8683270933861538,0.3432829589951867,0.8323575637142009,0.31490232588831313
GSM7890835,CACGGGTGTACAGCGA-1,False,0,23526,18957,2,0.28488322315634196,0.863835543635756,0.9563368097212657,1.2670517680962357,0.1986686156756001,1.6540685054088162,0.21568450202428727
GSM7890835,CACGTGGCAAATAAGC-1,False,0,17908,14231,1,0.2983951192318751,0.18747865780730735,0.22183292284913553,2.1767650445772846,0.3553144306535878,1.2855744764183297,0.29039824404660763
GSM7890835,CACGTGGGTACCAATC-1,True,4,23967,20079,2,1.7712320469455762,1.3184125694987503,0.9180606613127511,0.981689441211373,0.2253882327253489,1.0211617212517812,0.15419716351838586
GSM7890835,CACGTTCGTACAAGCG-1,False,0,12702,11198,0,0.0,0.39915847091899964,0.2364191941829029,2.418999078420751,0.11613871299047289,1.7423821608156307,0.33571975145968685
GSM7890835,CACTTCGTCTGGGCAC-1,False,0,17666,14530,1,0.0,1.1150440121727296,0.49444389756096163,1.4807756928468232,0.08971246682593662,1.6528249028350337,0.28834492206666607
GSM7890835,CAGATTGGTACCCAGC-1,False,0,34579,31127,3,0.06350408368385857,0.31505130936209963,0.2917053996817332,1.0061889027129642,0.0,1.0200183319974925,0.3557874597137994
GSM7890835,CAGCAATAGAGTCGAC-1,False,0,19307,16431,1,0.0,0.23439958358631538,0.10433966772130888,0.41735867088523554,0.14218697912178477,0.7273836405561473,0.31425467288620024
GSM7890835,CAGCAATGTCACTCGG-1,False,0,12151,9468,0,0.15011779281811238,0.6936113993224609,0.24325802086812376,1.6321554370053868,0.0,1.6078910382267086,0.41880252013215824
GSM7890835,CAGCAATGTCGAATGG-1,False,0,15963,12290,1,1.660616002257592,2.269040028888863,0.7164035597130913,0.0,0.28376408689702926,0.7236719804432069,0.1938785773925266
GSM7890835,CAGCAGCCAAGAATGT-1,False,0,47455,42174,3,0.09561006956357077,0.24075532427122395,0.4417180819620353,0.9062733879232729,0.4534645721960658,1.22508832251163,0.23211352413309183
GSM7890835,CAGCAGCGTCTTCCGT-1,False,0,14145,11401,0,1.895414241221113,2.7233321056405493,0.6711522141634061,0.0,0.10694322291439495,0.7006188717252799,0.2703233284071161
GSM7890835,CAGCCAGTCACGGTCG-1,True,6,22078,18432,2,1.7437730735134493,1.9360207435169092,0.8557354765391001,0.0,2.115855999193065,0.74107372082811,0.22816936703897872
GSM7890835,CAGCCAGTCTCTCGCA-1,False,0,11864,10658,0,0.152833210947534,0.24699206026092804,0.152833210947534,2.6731948615371173,0.2950232606074127,1.0599692317623324,0.41530299250458524
GSM7890835,CAGGCCAAGTGGAATT-1,False,0,27959,24910,2,0.07644186963208406,0.25869104780173885,0.07644186963208406,1.3510123740701196,0.27020247481402393,1.2181672470995752,0.2669474112049946
GSM7890835,CAGGGCTAGTTAGTGA-1,False,0,11608,10095,0,0.31914948522222114,0.6921450311342345,0.47449176044932806,2.8037571027366583,0.2003431475054406,1.3002969328716958,0.5509448081442554
GSM7890835,CAGGTATAGTTGCTCA-1,False,0,18291,14361,1,0.0,0.47843652233557277,0.0,2.092767423913509,0.38957839709537934,1.4795828385405667,0.39895172676461516
GSM7890835,CAGGTATCACAGTCGC-1,False,0,33926,27096,3,0.5417183421626657,1.351711320811535,0.7070796965186321,1.0183255561224787,0.155776582159411,1.1671208890906688,0.3133649994552876
GSM7890835,CATAAGCGTCACTTCC-1,False,0,30799,26967,3,0.20809066359654013,0.2783845009430013,0.3667053906047507,2.5407111393917408,0.4748057436500761,0.9802008753788461,0.47669646536743965
GSM7890835,CATACAGCACAAGTGG-1,False,0,46027,40610,3,0.3139767502886188,0.5896154647606245,0.4149989907322441,0.0,0.03932110731590804,0.9848866723483474,0.28712582797479086
GSM7890835,CATACAGGTGGATGAC-1,False,0,29384,25298,3,0.4243552623481135,0.8228842372764678,0.3286035796223536,2.215687562455376,0.19876930561891484,1.7938180180507963,0.3590129677250354
GSM7890835,CATACCCCACCAGTAT-1,False,0,3051,2691,0,0.0,0.505559936678752,0.7266976767254291,2.022239746715008,0.0,0.6382425807067583,0.29603366549615345
GSM7890835,CATACCCTCTTAATCC-1,False,0,20486,16474,1,0.09938145895632673,0.9315968965811212,0.8362940567438886,1.590276688298569,0.2736683060484139,1.49241250316579,0.3506485662234772
GSM7890835,CATACTTAGTGCAGCA-1,False,0,23642,18253,2,1.5598116428596427,0.52548410424067,0.7912918926288927,1.7321397916275554,0.07055009900828105,1.3813695452322097,0.2909008019368515
GSM7890835,CATACTTCACAGTGAG-1,False,0,24955,19983,2,0.3658537749210108,2.666499354186294,0.5810032140189629,0.0,0.2587215673136999,0.7474881575443834,0.16323522510123226
GSM7890835,CATACTTGTCGAATTC-1,False,0,21042,18339,2,0.26422404451884335,0.9031623820275985,0.6389383375087552,1.0650417114530693,0.29296009962323544,1.4975352057973281,0.23302744269331055
GSM7890835,CATAGACTCTGGTCAA-1,False,0,30017,26351,3,0.12764976495183722,0.3727791899247388,0.6210260412822606,1.9454245919880588,0.22690293157328406,1.1313123441307495,0.2878878551738509
GSM7890835,CATCAAGGTAATCAGA-1,False,0,24292,21539,2,0.08619125319529515,0.4157045385584818,0.5945437332181222,0.8042298084003898,0.16084596168007798,0.8246986606712052,0.3215684980906085
GSM7890835,CATCAAGGTTACCCTC-1,False,0,37233,32680,3,0.21284680871897957,0.32392647707387184,0.11894866801255442,1.228824586405621,0.6022827736089825,1.376502463528071,0.27456572811711616
GSM7890835,CATCCGTAGTTTCGAC-1,False,0,19984,15894,1,0.8025216920993089,1.5711987374634375,0.3306257383766972,2.0801418568502714,0.2198558746764329,1.3054008843859815,0.3306215905187413
GSM7890835,CATCGCTCACGGAAGT-1,False,0,22161,17668,2,1.5322439146478888,2.219473938204583,0.49756392041472747,0.643161635902187,0.6131356570668413,1.1398712861644125,0.08960649210835285
GSM7890835,CATCGGGCAGGCTACC-1,False,0,28446,24991,2,0.8446683091900236,2.287518170767166,0.9211900953770389,0.30124710618263234,1.069569288373383,1.0552813192465655,0.129088637665258
GSM7890835,CATGAGTGTCGGAAAC-1,False,0,43435,38431,3,0.29448435284523106,0.5240097216457932,0.5516488133149735,2.469857871366035,0.10502701869878839,1.5773501600564237,0.3740571279272428
GSM7890835,CATGAGTTCTACCAGA-1,False,0,8989,7655,0,0.0,0.18696456413800439,0.0,3.1930198926532527,0.0,1.0384166190375956,0.36368046913586655
GSM7890835,CATGCAAAGTCAACAA-1,False,0,19469,15665,1,0.0,0.38278677943586986,0.6589236101077673,0.414515406364069,0.0,1.3710507971277819,0.28136348116075544
GSM7890835,CATGCGGAGCACTGGA-1,False,0,27454,21616,2,1.7988412331376276,2.250509401966358,0.8492325626379102,0.8989340072534788,0.25337371899446404,0.8894858846488438,0.1750265283371661
GSM7890835,CATGCGGGTGTATTCG-1,False,0,27460,24379,2,0.15527164833805873,0.4391261441593973,0.4719495576069425,2.238133967891663,0.2728776569921701,1.4321881294085501,0.3545586598083294
GSM7890835,CATGCGGTCGATACAC-1,False,0,37989,33849,3,0.1168375869209751,0.47314477847437986,0.29530843929451295,1.8760877462059864,0.29732037138650846,1.5009679694924307,0.226564569734619
GSM7890835,CATGCTCAGCTACAAA-1,False,0,12027,9440,0,0.15127871281838523,1.110212571993035,0.561382625766385,2.82124722950691,0.12102297025470818,1.1730109334831165,0.24672299620995478
GSM7890835,CATGCTCCATACAGGG-1,False,0,19271,16590,1,0.3391825467596561,0.9322883297164142,0.10449897239453478,2.230297252213573,0.18774685949209707,1.6549312026185081,0.37969460103441227
GSM7890835,CATGGATGTCCACAGC-1,False,0,19904,15624,1,1.0869226064646629,0.6456135332793569,0.5360782137761801,1.5078217178130735,0.08141430683128761,1.548836763446035,0.36754006367888403
GSM7890835,CATGGATTCGATAACC-1,False,0,22290,19798,2,0.0,0.30582160954366705,0.40423666579666745,2.7315201835719773,0.2055325503736553,1.3592093843688065,0.3234714138997943
GSM7890835,CATTCTACAACAGCCC-1,False,0,49667,41128,3,0.28526930124742494,0.35029913776560173,0.0,1.5739097312083299,0.314781946241666,1.6519176544539964,0.5031620133935893
GSM7890835,CATTCTAGTGCAGGAT-1,False,0,17629,13585,1,0.30188760720986446,0.5868277507080866,0.0,2.5581718373519853,0.15164595128140818,1.7759253420404923,0.5042767540540185
GSM7890835,CATTGTTAGTATGAAC-1,False,0,28774,23889,2,0.28107015424549947,1.2396559857935816,0.6308051155440145,1.007110791565187,0.24667244212242584,1.3125117789149443,0.3534117826548255
GSM7890835,CATTGTTGTCAACATC-1,False,0,5322,4272,0,0.0,0.7998459811990918,0.0,0.0,0.3785313653437364,1.609158256912691,0.2704083431519977
GSM7890835,CCAATGAGTTGCACGC-1,False,0,10203,8947,0,0.17078732838455934,1.0972045884304527,1.1322000891561235,1.9287092504682164,0.0,1.4313528860667861,0.21013120752287445
GSM7890835,CCAATTTTCCATCAGA-1,False,0,19604,16099,1,0.4063671743448512,1.4575822122560294,0.6623695229360571,2.320601776709423,0.16487034411516757,1.2647482766642066,0.2778848132185954
GSM7890835,CCACAAAAGTCAGCCC-1,False,0,21129,18077,2,0.09687333903812242,0.40033549540051616,0.0,2.3018228166390715,0.13321339287239284,1.0578135944577327,0.40954224481818013
GSM7890835,CCACACTAGCCTCGTG-1,False,0,17389,13861,1,1.9972403863349482,2.527186196761895,0.6196896085951163,0.0,0.09086073010669933,0.6823777449681556,0.11203149972187056
GSM7890835,CCACGAGAGGTCGTCC-1,False,0,29063,25712,3,1.3826263787247575,1.1900175562999535,0.9165463007487011,1.0007791155118562,0.5723900271569908,1.445636513749101,0.19804033297685045
GSM7890835,CCACGTTCACTGCATA-1,False,0,16387,12785,1,0.31852658937397305,0.3089375744794088,0.5039268285317737,1.6623488639622728,0.27980258332355035,1.7963105555485854,0.3765222146094445
GSM7890835,CCATCACAGACATCCT-1,False,0,13843,11903,1,1.408336632932091,2.0321907302162163,0.810268405556713,0.543710983500672,0.21748439340026882,1.144097358592041,0.11595711182462709
GSM7890835,CCCAACTAGACTTCGT-1,False,0,21092,16002,1,0.09701418242493746,0.7720145430175189,0.22118352687807677,2.09330760185394,0.07761134593994998,1.6632810715011341,0.43616550435830437
GSM7890835,CCCATTGAGGTCCGAA-1,False,0,39591,35297,3,0.7111939509387836,1.9093169514368473,0.5622559843466218,1.018153434651024,0.9406027771474541,0.9986869213462896,0.18077773942231187
GSM7890835,CCCGGAATCGACTCCT-1,False,0,12175,10837,0,0.14989521480674742,0.3928464859351316,0.24295127112838422,2.809748990013232,0.24848859189267572,1.4587051048044148,0.35769474738248036
GSM7890835,CCCTAACGTCTGCCTT-1,True,4,27027,22560,2,2.1817955383927337,1.4968638235492302,0.7378146827946862,0.5538855385141288,0.06296220198265197,0.9519732904672307,0.27953887241614206
GSM7890835,CCCTAACGTTCACCGG-1,False,0,36129,32076,3,0.12217297626070518,0.5858531859329957,0.8678366833771052,0.0,0.6896270900129486,1.2801766254765288,0.1824849227108435
GSM7890835,CCCTGATAGTTATGGA-1,False,0,8610,7047,0,0.19269368805363,0.7605341240663863,0.19269368805363,1.5005869918365056,0.0,1.6829429231641435,0.3270976384644337
GSM7890835,CCCTTAGCAGCACCCA-1,False,0,12071,9047,0,0.0,0.9225322518718895,0.36545057254696606,1.4618022901878642,0.0,1.2435806591296608,0.3415160752005268
GSM7890835,CCCTTAGGTCTACGAT-1,False,0,7911,7363,0,0.0,0.20429021330096556,0.31519167007973037,0.0,0.0,0.828172257788937,0.2368964755975266
GSM7890835,CCGAACGCAAAGCACG-1,False,0,8758,7898,0,0.3808263798537701,0.37184240443121275,0.0,1.1889484210263426,0.15233055194150805,0.9511298616110171,0.29761867749315507
GSM7890835,CCGATGGAGAAGCCTG-1,False,0,10335,9156,0,0.1692018365563641,1.2461376415934617,0.5919962498003281,1.0767659682605295,0.3835466696151856,1.333741344466634,0.15018340798039384
GSM7890835,CCGATGGTCTACCACC-1,False,0,24326,19288,2,3.161089448795433,2.404198606514117,0.6397212316746109,0.0,0.9982045342942936,0.5897002149952859,0.13322317398049516
GSM7890835,CCGCAAGAGACCGCCT-1,False,0,8885,7800,0,0.0,0.42627653483775496,0.7642456080814599,2.409593097167374,0.15080069891156112,1.052064672335287,0.3173556483272151
GSM7890835,CCGCAAGTCCACGAAT-1,False,0,11431,9777,0,0.15712737722722434,0.31425475445444867,0.45810074643631254,1.0114657039952961,0.41585112528039714,0.8401604875628808,0.3742545128194283
GSM7890835,CCGGACAAGCCTCATA-1,False,0,32022,28035,3,0.7129342369464982,1.4573736143829341,0.7004634427492198,1.055604512316835,0.23175306194439554,1.6468382140149054,0.26706926748405657
GSM7890835,CCGGACAGTCAGATTC-1,False,0,19462,17138,1,0.20731872549647468,0.5595963487006874,0.10365936274823734,2.5901464100306346,0.1865481703184939,1.1547674250676268,0.3505890807652086
GSM7890835,CCGGGTATCGCTAATG-1,False,0,19558,16012,1,0.9051312831979873,1.613961449665433,0.718935333973801,1.8907442474306662,0.14087670789382684,1.1518229413775678,0.18465879050975836
GSM7890835,CCGGTAGAGAGACAAG-1,False,0,22362,20126,2,0.5572375756088908,0.9192056243636653,0.8994774785173381,0.6388886442466302,0.5483184626388798,0.8923770066096474,0.14513118665772753
GSM7890835,CCGGTAGGTCCAAAGG-1,False,0,26821,23672,2,0.13928666436558235,0.2282080599073996,0.0,0.31688317182256626,0.36554724370287517,0.6269382838642839,0.26827959527067047
GSM7890835,CCGTAGGTCACAAGGG-1,False,0,15484,12881,1,0.12456089288471002,1.443049270143348,0.2073186644857347,1.8191514614679964,0.28839972105533873,1.4769432401680942,0.32657809258156156
GSM7890835,CCTAACCAGCGTTAGG-1,False,0,13356,11713,1,0.0,1.1492753609318807,0.8599315367412899,2.3733653249702362,0.0,1.4717486763109822,0.43274237430134377
GSM7890835,CCTAACCCATGGCCCA-1,False,0,40909,34661,3,1.3372853749726639,2.013012006905514,0.5617099536482285,0.3980308593069104,0.6352736436420037,1.2526727100195933,0.22832792553264064
GSM7890835,CCTAAGACAGCTCTGG-1,False,0,27187,22143,2,0.8586830667196103,0.7125931735175735,0.6141881468597731,1.4610320316137688,0.1102759026102846,1.5976116680106656,0.38046283632586475
GSM7890835,CCTAAGAGTTGAGAGC-1,False,0,42073,36503,3,0.16705072258817774,0.18787841624186646,0.053310093870653344,1.5692228134736719,0.8510924605980333,1.2076670423672755,0.3224927587447679
GSM7890835,CCTACGTTCCCGTGTT-1,False,0,9939,8906,0,0.0,0.34772171953300535,0.17405280020972347,1.951157021577456,0.22053911326284328,1.1445964281364553,0.4443889783909617
GSM7890835,CCTATCGAGGGTATAT-1,False,0,31168,28070,3,1.2208483878672942,1.8111208310135067,1.1646213312359008,0.27826932807926374,1.9732442769113703,1.0719011470125552,0.06968655398546682
GSM7890835,CCTATCGCAGACCAGA-1,False,0,15011,12419,1,0.0,0.4940764207718662,0.2117197580370627,1.0981236386650497,0.2597499799114197,1.4070405132996537,0.2741081248923346
GSM7890835,CCTATCGTCCTGATAG-1,False,0,14930,12627,1,0.0,0.5906166130817438,0.0,2.040950635829568,0.0,1.2158352213015948,0.24711310328028574
GSM7890835,CCTCAACTCCGAGGCT-1,False,0,12516,9107,0,2.8496913904392684,2.3234969578919875,0.23868111251942253,0.0,0.19094489001553802,0.33520337835326786,0.08074958834912635
GSM7890835,CCTCACACAGTTCACA-1,False,0,21903,16095,1,1.6996454973044988,2.0806522530891303,0.809632937806445,1.7954431902259698,0.2049620490364658,1.0904884679230014,0.19486178496569734
GSM7890835,CCTCACACATCGTTCC-1,False,0,23810,19359,2,0.0,0.24645106434537103,0.24010184938701473,0.6097564413270357,0.07013019124420464,1.2275378245175774,0.33305999818671284
GSM7890835,CCTCACAGTCACAGTT-1,False,0,16156,13606,1,0.2013878530587495,0.8147879310088799,0.2624338664078137,2.5463416660488156,0.1611102824469996,0.820171513142564,0.230095658960394
GSM7890835,CCTCAGTAGTTCTCTT-1,False,0,32480,27909,3,0.13420443082010308,0.47431490831939105,0.30008504651385837,2.0102947174560706,0.22980862845900032,1.4182343368601114,0.5075207929970896
GSM7890835,CCTCTAGAGATAGTCA-1,False,0,26321,20714,2,0.16101449336868728,0.3511895852980964,0.0,1.8435525563813566,0.18482789789294868,1.6799623429182042,0.4462158434693481
GSM7890835,CCTGCATGTGGACTAG-1,False,0,7624,6255,0,0.0,0.8180654661467821,0.20949011078703528,1.8320356694991882,0.1675920886296282,1.6166601315262923,0.38348182794207225
GSM7890835,CCTTCAGGTAGACACG-1,False,0,7688,6891,0,0.0,0.6057267104042257,0.3974202674324372,2.0153885079464673,0.0,0.9056437852447695,0.3589320788655817
GSM7890835,CCTTCAGGTTGTTGCA-1,False,0,32189,26889,3,0.6141229019848706,0.8651232709513306,0.20191572511028527,1.3339442470393008,0.1615325800882282,1.3944696989958736,0.40915085621028535
GSM7890835,CCTTGTGGTCGACTTA-1,False,0,31626,28072,3,0.19119781484686257,0.31529360765550996,0.16677607307764938,0.8174785694419011,0.4254360667938603,0.6287844485096246,0.205752238928557
GSM7890835,CCTTTGGTCAAGCGTT-1,False,0,47437,40222,3,0.08794782845063644,0.8937201531072014,0.8669195931373896,0.35179131380254575,0.18129990093299042,1.7965056602145615,0.2698247887438259
GSM7890835,CGAAGGAGTGGGACAT-1,False,0,12127,10420,0,0.1503410526535348,0.6374722658596313,0.0,1.633746305382903,0.24905089872312916,1.1244831645614481,0.4008474215446166
GSM7890835,CGAATTGAGCGTATAA-1,False,0,5395,4835,0,0.3872699263857776,0.26214254566659145,0.26214254566659145,1.8810979685160545,0.3098159411086221,0.6408035023236899,0.2958258588513966
GSM7890835,CGACAGCTCCACACCT-1,False,0,28188,24108,2,0.07590624366775267,0.15181248733550534,0.0,1.9995451621674152,0.3572372091780935,0.937761115991037,0.22222962438775992
GSM7890835,CGAGGAAAGCGTGAGT-1,False,0,19126,16356,1,1.6953005025975734,2.116989471193058,0.9384917580742411,0.4205825801330377,0.5601500346679259,0.7407582515987288,0.13052795170822123
GSM7890835,CGAGGCTTCTCGGTCT-1,False,0,9560,8656,0,0.0,0.17897473438584033,0.0,2.3431727504360813,0.14317978750867227,0.7326670784112412,0.27910627804441146
GSM7890835,CGAGTTAAGAACCGCA-1,False,0,17711,16099,1,0.18894147840227832,0.3008523611033002,0.0,0.7557659136091133,0.1981952127600655,1.0071641651831944,0.4124530726190977
GSM7890835,CGAGTTACAGTTAGGG-1,False,0,43986,39394,3,0.051213338055504744,0.385943511485782,0.25907431363391925,1.627712148432329,0.07495858159217926,0.9204066666169315,0.3753498864864231
GSM7890835,CGATGGCTCACCATCC-1,False,0,9474,8067,0,0.0,0.5403967785412533,0.41322401863860037,0.0,0.3673976075517605,1.4893408856007302,0.39809018164950627
GSM7890835,CGCATAATCGGATACT-1,False,0,24261,21577,2,0.08628438956157167,0.5370755911027103,0.15030845133749868,1.7827540361981686,1.7679063105937847,1.3593788572831589,0.29143038599221116
GSM7890835,CGCATGGGTAGCGAGT-1,False,0,19209,16657,1,0.2351744035984209,0.6798977880757271,0.5439389295105231,2.1148388852709137,0.14270547861524088,1.2054619403541438,0.2023427614142484
GSM7890835,CGCCAGACACAATGAA-1,False,0,22527,19702,2,0.0,0.09183898097071354,0.38415006010548136,2.145521813846764,0.20417677473427287,1.142434553181266,0.36534944937762387
GSM7890835,CGCCAGATCTAGCATG-1,False,0,15523,13567,1,1.0720432391634316,1.4792714373262403,0.5785753681310393,0.49725721138218604,0.547053713211634,1.0305965959385635,0.15797183408149781
GSM7890835,CGCGTGATCTAGTACG-1,False,0,19999,17613,2,0.0,0.3760339331090228,0.17329304537437043,3.044570058018249,0.27726637245836133,1.3631626469750908,0.4884757171002368
GSM7890835,CGGAACCAGACGACGT-1,False,0,24584,19996,2,0.9634653595426412,0.831166488663263,0.5107934942176068,2.212153977182619,0.06825906450742943,0.9865286744405453,0.19494090359489452
GSM7890835,CGGACACAGCTGTGCC-1,False,0,15961,13309,1,0.2432235825973968,0.7965213866065128,0.3136266932110677,2.341604574294417,0.21152899281878187,1.6368862844746765,0.4768013145353333
GSM7890835,CGGACACCAGCATCTA-1,True,3,28011,23921,2,1.7644534412592208,2.1305248241665193,0.5737658477708141,0.5388328611499896,0.600656253085168,0.6561805835516167,0.16280906380049176
GSM7890835,CGGACACCAGCTTTGA-1,True,8,37361,29493,3,2.955442709044057,2.7508529060736278,0.34306449474708056,0.0,0.2763598001222859,0.5609672980995969,0.1566230115079475
GSM7890835,CGGACACTCCGTTTCG-1,True,1,29039,25586,3,0.07398034809018746,0.4393776949948227,0.5269967411083635,1.323065862297802,0.6897960929861505,1.1930568154462022,0.2079710268795409
GSM7890835,CGGCAGTAGAAAGCGA-1,False,0,16074,13493,1,0.1209338973625151,0.2632614349464837,0.4041846622287404,1.8869339039614144,0.16167386489149616,1.7980752244174394,0.41802044513822867
GSM7890835,CGGCAGTCATTGAAAG-1,True,1,32038,28375,3,2.025346632222786,1.2727719132640696,0.9157146675584633,1.4891719291557708,1.4855898241921275,1.396301574669079,0.20938396414402
GSM7890835,CGGGACTCAGACACCC-1,False,0,22336,18458,2,0.0,1.103097891865772,0.6380140937875266,1.8519907331680459,0.3090207276107181,1.6215191805403175,0.35182199198093816
GSM7890835,CGGGCATGTCTTCGAA-1,False,0,12234,11026,0,0.298701843995525,0.45910257775618163,0.1493509219977625,2.2163670166668443,0.0,0.7024757819291952,0.2778028362175163
GSM7890835,CGGGTCATCGCTGTTC-1,False,0,14214,12890,1,0.0,0.3346779458173886,0.13317589597021126,1.134814086608214,0.17568150452507933,0.8177882811366594,0.30360006996193317
GSM7890835,CGGGTGTTCCGCGAGT-1,False,0,10858,9047,0,0.720411720929472,1.1416662844848888,0.720411720929472,1.3252005050822022,0.26504010101644043,1.0468076558639108,0.3006822235802008
GSM7890835,CGGTCAGAGTACAACA-1,False,0,18040,15526,1,0.0,0.3318760632232958,0.0,1.7899100142899373,0.4801583495998193,1.0491291689190039,0.32727968756673764
GSM7890835,CGGTCAGTCACGGTCG-1,False,0,13896,11364,0,0.0,1.626084519839583,0.2229239960963636,0.0,0.271091046943911,1.3348960796538794,0.3738020918864704
GSM7890835,CGGTCAGTCGTAGTGT-1,False,0,13465,11416,0,0.13885405574570467,0.6594212258848318,0.29296557256686634,2.1314006930580236,0.27578670158901153,1.6145278554222458,0.4234772291560597
GSM7890835,CGTAGTAAGCTGACCC-1,False,0,49872,44249,3,0.17360741076584693,1.0429310907655496,0.7722971822879354,1.4370380980478086,0.2619621659276522,1.5590983675762584,0.26197056977831007
GSM7890835,CGTCCATTCCACGAAT-1,False,0,8647,7318,0,0.6239626342655679,0.9347670420789529,0.0,0.7684728352636633,0.0,0.8284763356398581,0.23683098771655894
GSM7890835,CGTCCATTCTCCGAAA-1,False,0,15800,11696,1,2.221130745915721,2.2427644139731715,0.3920220881538512,0.0,0.2128548302174436,0.7032186835917712,0.14441322721031336
GSM7890835,CGTGAATAGAGAGTGA-1,False,0,27713,22409,2,1.0876217559439818,1.45769401103713,0.49122871675791935,1.5278839417741263,0.1086604560542486,1.2652892007820538,0.3522097264388685
GSM7890835,CGTGAATGTGACGTCC-1,False,0,3296,2965,0,0.34868840651646676,0.8375814215082293,0.34868840651646676,0.0,0.27895072521317343,0.47450793120987844,0.12756200271851978
GSM7890835,CGTGCTTAGGCGTTGA-1,False,0,42345,36858,3,0.1338989979538706,0.05300151784943899,0.0,1.1395617989686155,0.26877467000833144,1.55474229052174,0.32337554180948447
GSM7890835,CGTGTCTTCATCCCGT-1,False,0,11939,10108,0,0.0,0.3981182509558351,0.0,1.9261647156292585,0.3852329431258517,0.8570608802673936,0.35738046339892227
GSM7890835,CGTTAGAAGGTCTGGA-1,False,0,19285,16477,1,0.0,0.3197252102226218,0.3831264772472242,2.8067565291931973,0.18765843669144225,1.9523985216747746,0.505684933336698
GSM7890835,CGTTCTGCACCTGATA-1,False,0,28200,21385,2,1.943537667589193,2.5843058187990042,0.4341424161740979,0.0,0.237327224914762,0.6490263970376454,0.15531666426877197
GSM7890835,CTAACCCCATGTGCCG-1,False,0,17781,15390,1,0.9579770767869964,1.6691713177850311,0.5611322715281334,1.5967146048380427,0.23570590608823325,1.4339318194842723,0.21787811418179592
GSM7890835,CTAACTTGTACCGGCT-1,False,0,45620,35372,3,2.1539728642260667,2.2605075385166717,0.2532288150424982,0.9299627347980881,0.14071424271122432,1.0795266973940838,0.21892921814221022
GSM7890835,CTAACTTTCTCTTAAC-1,False,0,16930,13905,1,0.11603842766961589,0.4869693387545524,0.2548924834153206,2.0145485572550417,0.2039139867322565,1.8191192212414187,0.37894550728299664
GSM7890835,CTACAGACATGACTTG-1,True,3,21801,19281,2,1.8534580082210095,2.087471989768764,0.8982253877692097,0.37754189552997097,0.13019288447738342,1.1093913977084693,0.2371826047011804
GSM7890835,CTACAGATCCTGTTGC-1,False,0,23855,18990,2,1.1062951171704944,1.0598121821077409,0.4664975440626989,1.986227779497881,0.07001857199390768,1.4359523017470812,0.33673906559641376
GSM7890835,CTACATTAGGGAGATA-1,False,0,22261,19865,2,0.09275570047213749,0.3736106332532626,0.3061092321058782,2.574810970183355,0.32359804977971574,1.165535225095158,0.3248415975102886
GSM7890835,CTACATTGTCGGTACC-1,False,0,21844,19640,2,0.09423067423410612,0.38487898662140824,0.09423067423410612,2.4043666059055786,0.28723304026797386,1.2247764941289474,0.26950132735678967
GSM7890835,CTACATTGTGACAACG-1,False,0,8462,7212,0,0.19503225331752103,0.5735535504652159,0.0,1.2129843119635926,0.3865582836453286,0.924205792131156,0.2825187855077112
GSM7890835,CTACCCAAGTGGACGT-1,False,0,10175,9277,0,0.17112762070683843,0.5144554157805679,0.0,1.777323252340477,0.0,0.7672825453455925,0.33045215353463075
GSM7890835,CTACCCAGTAGGTAGC-1,False,0,22211,19375,2,0.09293008686593408,0.56747308433568,0.09293008686593408,2.2087240450328784,0.20276270727792203,1.1321417365542197,0.4544280995249716
GSM7890835,CTACCCATCGAAGAAT-1,False,0,16971,15141,1,0.23162810483510277,0.23162810483510277,0.5649771027876959,2.4515505047508537,0.20360487699367344,1.1455000984739534,0.3454241481825919
GSM7890835,CTACCTGAGACTTGTC-1,False,0,16787,13364,1,1.122283595706167,0.7374957906480479,0.7676795978773592,1.5204305776520919,0.0,1.7349258335311544,0.2904441390411556
GSM7890835,CTACCTGTCCGAAGGA-1,False,0,17254,14424,1,0.6503178212168764,2.702970303389518,0.3747636734295521,0.457156298673242,0.15394306419128473,0.9757459186572225,0.3499728079853329
GSM7890835,CTACGGGGTCCTATAG-1,False,0,42157,34977,3,2.127519031565986,2.439380225422066,0.5692661652299016,0.0,1.2005330564670138,0.502537166874688,0.1147243624021436
GSM7890835,CTAGACAGTAATGTGA-1,False,0,37794,32649,3,2.9621212861118718,2.0640808381954177,0.47883032021661054,0.0,2.111538040693473,0.6682042079050323,0.16202611111366702
GSM7890835,CTAGACATCAGACCTA-1,False,0,28811,25379,3,0.0,0.43041154085390343,0.0744866132349354,1.8255721234357227,0.44665025435332034,0.8477345773399646,0.4492135571315548
GSM7890835,CTAGGTACAGCAATTC-1,False,0,37900,32661,3,0.31025389682383187,0.6854014383299571,0.4100159672467463,2.2453025056835996,0.21508261698624792,1.6676714115417517,0.3340087907329998
GSM7890835,CTAGGTAGTAGATCGG-1,True,3,27565,23075,2,2.3028943515965863,0.592319757404091,0.838730610925381,0.8965432454484025,0.31469957685695843,1.1451391337522736,0.22279560056272396
GSM7890835,CTATAGGGTTAAAGTG-1,False,0,10225,8603,0,0.1705209402539225,0.7649429475827064,0.27095842364299777,2.1774708485999867,0.0,1.232055662698619,0.32298764301576743
GSM7890835,CTATAGGTCCTACCGT-1,False,0,15665,13327,1,0.12342481790202786,0.4731610267663334,0.12342481790202786,2.0821907116883276,0.09873985432162229,1.2568232937820976,0.3004370900853741
GSM7890835,CTATCCGGTTGGTGTT-1,False,0,18660,15026,1,2.077097104975173,1.3619535794384454,0.5014106745237866,0.0,0.0,0.9578693911424072,0.16590113729878098
GSM7890835,CTATCCGTCTTCACAT-1,False,0,45010,38818,3,1.4828840684477627,2.4137651793118993,0.8046330418602501,0.20063029958252537,1.2954495329726696,0.4564009927109283,0.12055303908803706
GSM7890835,CTCAACCCATCCCACT-1,False,0,2379,2131,0,0.0,0.5603606969530492,0.0,0.0,0.0,0.7189406559498754,0.20222969476846378
GSM7890835,CTCAAGAAGGCCTAGA-1,False,0,28620,24145,2,0.07491612571801588,0.5628532574785029,0.90396082781641,1.4218193322822756,0.05993290057441271,2.0652310457045884,0.34417168521891717
GSM7890835,CTCAGAAGTGCTAGCC-1,False,0,14412,12941,1,0.21758603696831375,0.41038900656747357,0.2635068108982009,1.6415560262698943,0.2250897020612345,0.5063166176005856,0.3590291186792036
GSM7890835,CTCAGGGGTACTAGCT-1,False,0,35732,30856,3,0.40658341304645085,1.0865086506726014,0.18778853663762754,1.1752305274748014,0.3936166750567193,1.142654684234126,0.29710904812148187
GSM7890835,CTCATGCGTACCAGAG-1,True,16,25975,20984,2,1.6007050359923047,1.0095192684971843,0.7147271199951708,1.6553365083237332,0.13027588631525616,1.3739063982396222,0.3195882254464448
GSM7890835,CTCATTAAGTTCCAGT-1,False,0,16356,14640,1,0.31896640007582644,0.5186575125143584,0.43824168771312083,2.5350080300847155,0.09542023010983552,1.2480779581407249,0.34281596097513833
GSM7890835,CTCATTAGTCAGTCCG-1,False,0,29629,23472,2,0.0,0.45604251386785055,0.20165732272307585,1.6840987613323264,0.22138506337810537,1.4916917794848366,0.36897094908494504
GSM7890835,CTCCAACCAAAGGTTA-1,False,0,39843,34561,3,0.8228137786164509,2.087034256537938,0.6224153135812273,0.6951154753613575,0.32263533732090033,1.1092361835804292,0.21049131066300614
GSM7890835,CTCCACACACCCTCTA-1,False,0,7216,6321,0,0.46960800886006526,0.4347692006095257,0.0,2.231610531666704,0.17390768024381026,0.736329211937494,0.38177163169676154
GSM7890835,CTCCACATCTAGTCAG-1,False,0,27285,24647,2,0.5062378865813477,0.9936320207671472,0.7259984183950303,0.0,0.41798951718371147,0.9723408453392913,0.1501493480508047
GSM7890835,CTCCATGAGCCGCTTG-1,False,0,10529,8938,0,0.33385258288192404,1.0943265455416125,0.5640782220534531,2.0344840131232083,0.1335410331527696,1.2267043702372347,0.22539336900108006
GSM7890835,CTCCATGCAAGCGAAC-1,False,0,22982,20156,2,0.0,0.15651753064189308,0.43265974624713655,1.7555024798813867,0.12521402451351446,1.4780357980607657,0.3504368612133765
GSM7890835,CTCCCAATCGGCTCTT-1,False,0,11938,10946,0,0.15212342581067106,0.6441583926467797,0.6336824943033945,0.0,0.19681398673444345,1.168307223130984,0.3001094459734852
GSM7890835,CTCCGATCAAGTTCGT-1,False,0,18060,16131,1,0.22032276334273776,0.24468767057987087,0.0,2.8994969704955005,0.23355548212152888,1.196055201932046,0.4176048647781689
GSM7890835,CTCCTCCCATGACAAA-1,False,0,25135,22587,2,0.0,0.4012829643443317,0.29269835080278983,2.2358985201411032,0.4768733634153432,1.4679409213014587,0.3368157965345084
GSM7890835,CTCCTTTAGACGTCCC-1,False,0,13695,12106,1,0.13705831317612754,0.4786305843249121,0.2250796639207847,2.200788055494608,0.18006373113662777,1.2067246851575437,0.35131886576720966
GSM7890835,CTGAATGAGCACTTTG-1,False,0,7711,6794,0,0.0,0.6395907827138796,0.2078845086559179,2.1726007674048997,0.1663076069247343,1.2209977283265885,0.33864237130654745
GSM7890835,CTGAATGAGGCCTGCT-1,False,0,20006,14777,1,2.7409345189676606,1.7160230867869388,0.7488168397309269,1.098412328659445,0.0,1.1593240812331165,0.32103849032504195
GSM7890835,CTGAATGCAAGACCTT-1,False,0,9911,9170,0,0.17440677285183157,0.34881354570366313,0.17440677285183157,1.6165961679211442,0.13952541828146525,0.7485053488045206,0.2424338733417568
GSM7890835,CTGAGCGCAGCTAACT-1,False,0,11176,9310,0,2.252635728856423,1.8626301634291451,0.5958688530675159,0.0,0.6045150510480406,0.4866205603463811,0.15601759201426343
GSM7890835,CTGAGGCAGCTCCCTT-1,False,0,30552,26348,3,0.2674705655104014,0.9319708803366828,0.38153684428488455,0.8369198766626647,0.45723812680132514,1.563677120045152,0.20790809996772172
GSM7890835,CTGAGGCAGGACGCTA-1,False,0,25863,21894,2,0.08172318686362834,1.2365676734741702,0.29998490672277167,2.330167762614397,0.30536647486912,2.0280474192838573,0.4301213594503315
GSM7890835,CTGATCCTCTCATTTG-1,False,0,30102,25812,3,0.45157122671532135,1.3057360383934993,1.0453211886367455,0.5094693127235403,0.2403196102822772,1.5660799927743003,0.25100432292674174
GSM7890835,CTGCAGGAGAAGGGAT-1,False,0,31480,28302,3,0.1919249797477119,0.5815772059437372,0.2050163166855062,1.5028059407880774,1.6402123583088346,1.1075548703033564,0.26887340827003003
GSM7890835,CTGCAGGAGCACACCC-1,False,0,7940,6888,0,0.39102317231195594,0.7640457580792412,0.0,2.1467116874733936,0.35960739074943876,1.0486627277548934,0.32549166416538955
GSM7890835,CTGCATCTCAGCGGAA-1,False,0,24606,20079,2,1.8605480886550443,2.662516492535983,0.8903177318982338,0.0,0.7578004573345896,0.4386152591716302,0.13373745255639138
GSM7890835,CTGCCATTCAGAACCT-1,False,0,40520,37043,3,0.15543795691037007,0.6300755452419342,0.6278854103902318,1.6941927143410003,0.9972757842044263,1.3635392971527391,0.17572157389902168
GSM7890835,CTGCCATTCCTTCTTC-1,False,0,19412,17181,1,0.10387783069775151,0.38352902935383065,0.0,0.9343018781315976,0.39430842925845594,0.619488638637083,0.30455319341241394
GSM7890835,CTGCGAGTCTCCCTAG-1,False,0,21770,17104,1,0.0,1.0099728964256505,0.09449739325874218,1.1929336861955244,0.32718206263021277,1.5252658624994644,0.315078164153406
GSM7890835,CTGGACGCATGGGCAA-1,False,0,17269,13331,1,2.2850009234579933,1.818381077037366,0.945754217599863,0.0,0.0913675078497782,0.4791661135817022,0.12634596360256026
GSM7890835,CTGGTCTAGTTAACAG-1,False,0,48514,42696,3,0.13314982840676773,0.9551580654561973,0.8044155071073844,0.8931786809736831,0.3124033686978408,1.6567859017219462,0.21138583584272366
GSM7890835,CTGGTCTTCCAAGCTA-1,False,0,5128,4185,0,0.2704579029344469,0.667774663588941,0.7301269083792272,2.374942034436538,0.4749884068873076,1.0731879429230686,0.35049915911462853
GSM7890835,CTGTAGACATTGACCA-1,False,0,41358,34961,3,1.3896116559945482,0.7102432139757391,0.647529613201834,0.7925199811179459,0.5376676534933417,1.5042548715329904,0.2980341559936326
GSM7890835,CTTACCGGTGTCTTAG-1,False,0,26096,21434,2,1.4368352232725037,0.6028562648314479,0.7234517021234439,0.9293261847757507,0.0,0.9150807996782195,0.2606586608927416
GSM7890835,CTTCAATTCCTGCTAC-1,True,1,39117,31473,3,2.352963969161622,2.5618782771081383,0.636570845524101,0.0,0.4259712311074647,0.558826906860704,0.2187315885717053
GSM7890835,CTTCGGTCAAGAGCTG-1,False,0,4022,3535,0,0.0,0.598227554402363,0.0,2.1352280828369308,0.24976964668686313,1.2227271091236827,0.270381997091196
GSM7890835,CTTCGGTTCATTGCCC-1,False,0,21248,16684,1,1.6857216675231144,0.5269252192098798,0.5870876753073262,1.5613101794111106,0.1760827639145558,1.46268583309232,0.337671248051247
GSM7890835,CTTCTAAAGTAGACAT-1,False,0,7494,6469,0,0.2119388161565419,0.536905090825975,0.0,2.3360978136359343,0.25997301973554654,1.3488553214139836,0.4601106975461992
GSM7890835,CTTCTAACAGTTTCAG-1,False,0,16240,14128,1,1.4907975911000209,1.9574203010098077,0.982232718339656,0.8026861464412466,0.2484301825537755,0.38752705900266077,0.13768763983715684
GSM7890835,CTTCTAATCCGACATA-1,False,0,9906,9005,0,0.0,0.5228166535055297,0.27622962374890153,1.393386054364293,0.0,0.7428222757058541,0.2802223382072892
GSM7890835,CTTCTCTAGTAGGATT-1,False,0,38629,34302,3,0.4537554383384175,0.39620124557852987,0.37700369534786216,0.8304558280988145,0.2555596020703796,1.1614897301309874,0.26243529004470717
GSM7890835,CTTGAGAGTTGTGGAG-1,False,0,16766,14239,1,0.46240508546854936,0.37339570402851324,0.256450854238884,2.462662179249387,0.20516068339110718,1.817295492886092,0.36929133586727464
GSM7890835,CTTGATTAGCCTGAGA-1,False,0,22558,16950,1,2.1653566499901182,2.5999206624431856,0.6404674597600604,0.0,0.23365929436269367,0.5854968569789675,0.17347300471525048
GSM7890835,GAAATGAGTAGTCGGA-1,False,0,7931,7107,0,0.0,0.7751991540274363,0.20393798185226106,0.8157519274090442,0.4761483032033055,1.1125966921314483,0.1948079658104603
GSM7890835,GAAATGATCTTAGTTC-1,False,0,44793,40539,3,0.270832171869013,0.8975284324655597,0.8783152922991418,1.1016883911338415,1.1403566107671748,1.2128073646995214,0.14324657067418808
GSM7890835,GAACTGTGTTACGCCG-1,False,0,49762,43744,3,0.2196635189136192,0.5275061718223415,0.4373782769015011,2.1324362434452566,0.11798201652336557,1.2915145738197364,0.40039137677388925
GSM7890835,GAACTGTTCCGATGTA-1,False,0,23956,17744,2,1.9017745544779365,2.2586307840813697,0.6345995816190976,0.0,0.414027865578377,0.8255272980917849,0.19316677257126075
GSM7890835,GAAGAATCAAATGAGT-1,False,0,29878,27154,3,0.17379668380997615,0.24597227625112167,0.20028999248036566,1.3893521353391516,0.13903734704798093,1.027008293000305,0.2950749906240248
GSM7890835,GAAGCCCAGGCCCAAA-1,False,0,24579,20964,2,1.3278747106340216,2.4345552539658373,0.5504476124332258,0.34135414155923965,1.2179524558978891,1.014105194934594,0.2916243517282236
GSM7890835,GAAGGACGTATACCTG-1,False,0,17700,15900,1,1.3464735692276608,2.3128223324501,0.4940297808646775,0.0,0.7924897212401476,0.661720675616363,0.11127166489055819
GSM7890835,GAAGGACGTTCCACGG-1,False,0,10086,9200,0,0.0,0.17221868282915342,0.61819761153449,0.6888747313166137,0.0,0.3769992377375927,0.2298212639638848
GSM7890835,GAAGGGTCATCCTTCG-1,False,0,14713,12651,1,0.0,0.4075326986535087,0.2592989821260095,0.518597964252019,0.26267397688778144,1.5434713736509633,0.3419529069714611
GSM7890835,GAAGTAATCTGCGAGC-1,False,0,36023,29718,3,1.8994215501072178,2.544550429408414,0.6505245811352998,0.0,0.8077474677957142,0.7071643430518086,0.15226059684776655
GSM7890835,GAATCACGTGACGTCC-1,False,0,23287,18732,2,2.716720284006428,2.1676415408906022,0.5416808771824094,0.0,1.8628613783067347,0.5384020899886405,0.1339517229153899
GSM7890835,GAATCGTTCTAGCATG-1,True,3,22699,18988,2,1.367124570006725,1.800241655202718,0.25400615697370166,1.6023996772383362,0.07300472514845556,0.8965040766154724,0.20723445305737156
GSM7890835,GACAGCCAGCATCCTA-1,False,0,25953,20256,2,0.559963756027084,1.3844032586390536,0.5518363556958473,0.7682248427570729,0.06518506401081274,1.3175460538278643,0.23774750539534292
GSM7890835,GACCAATGTGGGATTG-1,False,0,13659,11856,1,0.6533093958088227,1.4290519674156048,0.8644649664896712,0.9018818344473503,0.527566392535492,1.2158207869868516,0.19627686430609959
GSM7890835,GACCCTTAGGTACAAT-1,False,0,34700,30015,3,0.06330845366667741,0.5019871566196096,0.9068355174267668,1.0039743132392192,0.31147719004615626,1.5515322062330303,0.290703231325094
GSM7890835,GACCCTTGTAGCTGCC-1,False,0,22422,19506,2,0.0921986462469949,0.2931168752263087,0.0,0.3687945849879796,0.12752489517312454,0.6121267817250133,0.20727063932556702
GSM7890835,GACCGTGCAATCCTAG-1,False,0,26753,23230,2,0.13955795205309376,0.37349790554221357,0.26740878505192056,2.4714756737617516,0.42276510049123717,1.7236554360568612,0.35350137315275604
GSM7890835,GACCTTCAGCATGATA-1,False,0,3424,3078,0,0.0,0.4807379198748513,0.3415586728613387,2.747450624921803,0.657837274188952,0.8856837488424235,0.22270741966186175
GSM7890835,GACCTTCCAAGTTCCA-1,False,0,11448,8760,0,1.159504227799799,2.3325305688939473,0.4577887175318588,0.0,0.3360752492884462,1.5138358841885098,0.22398423938953518
GSM7890835,GACTCTCTCGGAGTAG-1,False,0,29853,25690,3,0.0,0.2847550110166325,0.44640194808661404,1.849964751200734,0.11556493896407039,1.707231032409488,0.3390351846622421
GSM7890835,GACTGATCACTGTCGG-1,False,0,3870,3060,0,2.872693010040244,2.0960918683744527,0.3191184318212624,0.0,0.7408899870842964,0.12764737272850496,0.08069698735948853
GSM7890835,GACTTCCTCTTCTAAC-1,False,0,29736,24545,2,0.21308956267858098,0.5079462501564906,0.6232529990253634,2.087179884903007,0.0,1.789662676765758,0.3337516388034218
GSM7890835,GAGACCCGTGCTTCAA-1,False,0,17664,15272,1,0.11215081471156248,0.4004956636753438,0.4479072173704245,1.3430256106354481,0.32039653094027504,1.2211646333578203,0.2112983282427959
GSM7890835,GAGAGGTCAGGCGATA-1,False,0,37067,32184,3,0.267663774755207,0.3003798521015004,0.3003798521015004,2.5337456304152686,0.2599145506832449,1.3734813175978595,0.40881721913006414
GSM7890835,GAGCCTGCAAATCGTC-1,False,0,31573,28274,3,0.12267398868701071,0.27339104400163355,0.46097840630321835,1.1684754268161968,0.2854519011377755,1.363497397803243,0.25193237714097677
GSM7890835,GAGCTGCAGAGCCGAT-1,False,0,37027,28793,3,0.059768632150217244,0.533992314805853,0.7735061914497211,1.1507573011547296,0.14650172669810896,1.0588137205930046,0.34408494758416586
GSM7890835,GAGCTGCAGCCATCCG-1,False,0,27157,24530,2,0.8812030836782259,1.6694446095850934,0.9266683112663148,0.5518476203782451,0.5239137064848344,0.9978579075510936,0.1364568581652031
GSM7890835,GAGGCAACAAGTATAG-1,False,0,9366,8242,0,0.0,0.5971521644480429,0.28568785794484897,2.62555948562112,0.22855028635587918,1.182665715811979,0.45641814918119794
GSM7890835,GAGGCAACAGGTTACT-1,False,0,10760,9085,0,0.0,0.7598594367721849,0.0,1.0503795899038049,0.2663731307241771,1.9840075905325096,0.3575651906285284
GSM7890835,GAGGCCTAGAGAGGGC-1,False,0,32629,28141,3,0.18634978611884448,0.5148130115648639,0.0,1.6659433195843516,0.2647924147275668,1.3839304300690336,0.33416480666818377
GSM7890835,GAGGGATAGGCTCCCA-1,False,0,24926,21440,2,0.08433002552836709,0.27514738109737225,0.5065337866778614,1.827036148159317,0.0,1.1422761132385069,0.3229639383352356
GSM7890835,GAGGGTAAGTGCGACA-1,True,22,20036,15553,1,2.248685625865589,2.336274884980059,0.6044328697982007,0.4048660067422671,0.300455946708193,0.7163749631843741,0.22576115574543895
GSM7890835,GAGTCATCATAGAAAC-1,False,0,17853,15701,1,1.1939484568575198,2.6652612047264705,1.0842620815187494,0.0,1.6416235082675876,0.8237155009364404,0.12436328014425381
GSM7890835,GAGTCATTCACTGCTC-1,False,0,16284,13317,1,0.0,0.5311394782641943,0.4168652876229345,2.124557913056777,0.3088560374203079,1.5418662881514165,0.2895367629569834
GSM7890835,GAGTCTAAGACTCAAA-1,True,5,36003,29630,3,2.0146476113069385,0.3967187749708977,0.6477747993001196,0.9807771726621513,0.12121958544428793,1.3095516938744196,0.28805948726878916
GSM7890835,GAGTGAGCAATGTGGG-1,False,0,11236,9312,0,1.419486396283419,2.082481678610206,0.9909837432378443,2.5313093408280847,0.12731498909588557,1.2837156195375674,0.15323930559756183
GSM7890835,GAGTGAGGTGTATTGC-1,False,0,8445,7330,0,0.0,0.3035994619857118,0.0,1.746854583577204,0.30313081964487615,1.3936532832888529,0.4622662716813835
GSM7890835,GAGTGAGTCAGCCTTC-1,False,0,12728,10659,0,0.5926592147586964,1.811414129531014,0.6128867950908974,2.3444976303055687,0.18888533791832235,1.4352890336676007,0.26101591498677507
GSM7890835,GAGTTACGTGACTGTT-1,False,0,21652,17264,1,0.495405010677381,0.3607252418155912,0.09492587720305386,1.8782755165502716,0.20679101330902666,1.7386205395767476,0.317959986401342
GSM7890835,GAGTTACTCCTTCAGC-1,False,0,9782,8967,0,0.3521142356002418,0.3507176466414259,0.1760571178001209,0.0,0.1408456942400967,0.448664929919014,0.2538403338913513
GSM7890835,GAGTTTGAGCCTCATA-1,True,1,22944,20306,2,2.2444718594198565,2.3199123109111053,0.9034490452283953,0.6268404769320068,0.25702184337450895,0.9363801503308264,0.16649784732475512
GSM7890835,GATAGAAAGCGTCAGA-1,False,0,14724,12214,1,0.3887217122101891,0.45777979270533625,0.0,1.1110314547683469,0.17159045500255737,1.020051283865934,0.47292765751575444
GSM7890835,GATCACACAAGTTCGT-1,True,4,23775,20142,2,2.019940198689631,1.5690506363702048,0.4026465751516822,0.3510862754148086,0.9045903351853687,0.8363535281029147,0.18694548564191232
GSM7890835,GATCAGTCATAGTCGT-1,False,0,9195,8261,0,0.28883440091980417,0.6032805261644802,0.4192830335653611,2.2721651261469464,0.3354264268522889,1.047107861424477,0.3388794015616931
GSM7890835,GATCGTACAACACACT-1,False,0,36967,32439,3,2.5794254642201344,2.046337114035334,0.9964002272551378,0.5941743379610778,0.990951664709792,0.9876916048151788,0.1478240150667892
GSM7890835,GATCGTAGTTTACGTG-1,False,0,11982,10951,0,0.3971465334651232,0.6168680643250082,0.4908838604377586,1.643438496650954,0.2507670862660163,1.126369345670968,0.2703943444199485
GSM7890835,GATGACTCATAGGAGC-1,False,0,18247,15007,1,0.10924664357718272,1.0376797571809853,0.3297831985251549,2.2791695459038457,0.23541020343568553,1.9375116514195674,0.5341347220603408
GSM7890835,GATGCTAAGGACAACC-1,False,0,14300,12138,1,0.0,0.4152354882164674,0.33356617241850706,0.8748858169060326,0.26685293793480563,1.3310713216146168,0.42848021627524735
GSM7890835,GATGGAGAGCATTGAA-1,True,2,38895,29544,3,0.9195624667687473,1.4995014511846299,0.8000932344663967,1.342375651883806,0.0915237736422004,1.7452047333423402,0.28747196006106346
GSM7890835,GATGGAGGTTAGGGAC-1,True,4,19817,15017,1,2.5883214941680257,1.2481981406450458,0.767499341880449,0.921816136055446,0.0,0.7929066489644123,0.12888985475359668
GSM7890835,GATGTTGAGAAGAGCA-1,False,0,30340,24401,2,2.5787187896306674,2.4133301341207942,0.555283713444294,0.28487655860567945,0.7091982753920092,0.6246258386490181,0.1982589685614614
GSM7890835,GATGTTGTCCGCACGA-1,False,0,15918,13823,1,0.0,0.4490107788523245,0.0,2.0681803570589166,0.25128715750463754,1.0799097810515441,0.3443040409985456
GSM7890835,GATTCTTCATGACAAA-1,False,0,4284,3807,0,0.0,0.5199479051127835,0.30106321928667495,3.0914243513961823,0.0,1.3169950047021686,0.21690965324271577
GSM7890835,GCAACATGTACTGCGC-1,False,0,29261,26188,3,0.32341200555029387,0.657278203464783,0.6019705809743978,1.7551863309369857,0.2634967888096128,1.3998717733620059,0.3345556934466073
GSM7890835,GCAACCGAGTATGGAT-1,False,0,9455,8445,0,0.180390101081524,0.180390101081524,0.28407999321580746,1.6545194630813833,0.22726399457264596,1.0223654478059654,0.4959537830027022
GSM7890835,GCACATAAGCTTCTAG-1,False,0,33751,27875,3,0.600147121093115,2.5544459694907435,0.8137481550543383,0.7816845079408168,1.3402989955479818,0.8226488684146751,0.08183432541469435
GSM7890835,GCACATATCGCAGATT-1,True,1,17141,13295,1,0.8669575070331517,1.4319919115763289,0.43367256919002894,1.626054241884621,0.0,1.2726716982796544,0.19977024134403631
GSM7890835,GCACATATCTGTCCCA-1,False,0,35172,31732,3,0.12511355717233408,0.46561055026026205,0.610540980554564,1.8566142430932768,0.3711490302412903,1.560601230426072,0.22624869627564825
GSM7890835,GCACTAAGTATTGACC-1,False,0,28884,25226,3,0.7924079867125802,2.1320383902369398,0.7319254819218393,0.0,0.11891801854795496,0.8472863880326313,0.0666976554201846
GSM7890835,GCATCGGAGCACCGTC-1,False,0,21483,17770,2,2.594439453980687,2.4024557763719967,0.16450544501618267,0.38218579291795385,1.9886813908107484,0.4509508744230078,0.13203045836016963
GSM7890835,GCATCGGGTACTCGCG-1,False,0,17503,14227,1,0.11298069870573438,0.8826466612907926,0.24960514303306452,1.904091570364475,0.19968411442645162,1.5184118635846378,0.43998737457348774
GSM7890835,GCATCGGTCTACTGAG-1,False,0,20781,17151,1,1.5229590543362301,2.311081618819836,0.5580858924069568,0.0,1.1784470378561085,0.568858869961782,0.23209567535234502
GSM7890835,GCATCTCGTCAGCTTA-1,False,0,10495,9543,0,0.26666594561895585,0.392743842051481,0.0,0.0,0.3809285664089456,0.667332508064361,0.3284482267102275
GSM7890835,GCATCTCTCGACGCGT-1,False,0,29582,24369,2,2.495516391874795,2.007790447026223,0.3692869542835381,0.2912084012196106,1.5926705938219274,0.7804197852744799,0.2095449841159527
GSM7890835,GCATTAGAGAGTTGAT-1,False,0,6329,5314,0,0.0,1.061271451537545,0.35638218687568396,0.9478004223270043,0.18956008446540087,1.6571452801592426,0.2329246258208443
GSM7890835,GCATTAGGTTTCGATG-1,False,0,39706,32316,3,1.695281909437725,2.271281627683127,0.41605106000673836,0.5627840875004172,0.30196397448777257,1.0497613460110296,0.2521794549259878
GSM7890835,GCCAACGAGCGTGTTT-1,False,0,20003,16191,1,2.448781679718744,1.9843637783202246,0.22905018533077556,0.4054151143573728,0.2772363743331317,0.16216604574294913,0.1743189077856749
GSM7890835,GCCAGCAAGAGGTCGT-1,False,0,15819,14246,1,0.0,0.6745051405909068,0.0,0.0,0.21269742060799518,1.0819855304796582,0.36059229858218467
GSM7890835,GCCAGCACAGTGGGTA-1,False,0,48491,42275,3,0.0,0.4121210255321156,0.9644532719198977,1.049427127853076,0.23239506635869608,1.6258464670544341,0.30336714844724694
GSM7890835,GCCAGTGAGAGTATAC-1,False,0,10194,8016,0,0.3417931093321397,1.4313417744097237,0.7877235026990816,2.2853089947005003,0.13671724373285588,1.2025226987754203,0.20285752588448094
GSM7890835,GCCAGTGTCACTTGGA-1,False,0,28850,23802,2,0.0,0.4979151963685836,0.07439952096488697,1.5712842207987,0.24629871133250347,1.7203382468648432,0.4059007295097201
GSM7890835,GCCAGTGTCCTTGGAA-1,False,0,27503,24903,2,0.3365368489501961,0.7911249707335892,1.1463443195745473,0.737542030723701,1.1636671733475379,1.4162241270501201,0.15997156990883393
GSM7890835,GCCATGGCAGTATACC-1,False,0,33208,27727,3,0.0,0.39661899128311484,0.9956494320519622,1.0320427441669024,0.1287280129339389,0.7664047593639713,0.38647709642222666
GSM7890835,GCCATGGTCTCCGAGG-1,False,0,9070,7904,0,0.1857860388713206,0.3715720777426412,0.1857860388713206,2.284450313316733,0.5546584748918237,1.550527195681608,0.4777251135824264
GSM7890835,GCCATTCCAGTTGTTG-1,False,0,17882,15903,1,0.0,0.4097637107392408,0.5360386875634625,1.5922003852510989,0.1501362889842847,1.5789077827990974,0.2523186656193289
GSM7890835,GCCCAGATCAGTGTTG-1,False,0,8385,7029,0,0.0,0.5765782706206882,0.6618744074899476,1.2194164413475173,0.15701814389561264,1.0436500332220697,0.5002677781595748
GSM7890835,GCCCGAACAAGGGTCA-1,False,0,21233,17454,2,0.0,1.4433745314732611,0.36126208441035684,1.894854433601471,0.20992019687693894,1.7926699977971086,0.3789375335730337
GSM7890835,GCCGATGTCAAGTAAG-1,False,0,14094,11898,1,0.0,1.1355394525697642,0.3362435247667451,2.39181363090722,0.17667444816478048,1.601475404003042,0.2899600551822974
GSM7890835,GCCGTGAGTGCTCTCT-1,False,0,12202,9686,0,2.790729143400626,2.2568285107862005,0.4768949399841813,0.0,0.3678900485469998,0.6488779417898083,0.10144805120492599
GSM7890835,GCCGTGAGTGGTTCTA-1,False,0,36990,31611,3,1.7645945912890038,1.763385808817765,1.0263488630882334,1.3092603246189356,0.13430308305458144,1.2980812980092762,0.2465598768607609
GSM7890835,GCCTGTTAGTTACGGG-1,True,2,44976,38108,3,0.7796889127659969,2.4788486803141643,0.9439571387005656,0.7474952139406845,1.8212047824329975,0.9628723234248808,0.16872907477799873
GSM7890835,GCCTGTTCACCGGTCA-1,False,0,16075,14496,1,0.0,0.4332841352614355,0.38861360641483794,0.8083348345362514,0.24988496205651778,0.9170736939765429,0.3466979335669328
GSM7890835,GCGGATCGTATCACGT-1,False,0,38032,33101,3,0.05835988620830334,0.3566709039867654,0.20374745423371451,2.1847126549400406,0.3905356931500249,1.5381539462706884,0.4534665442277359
GSM7890835,GCGTTTCTCGTTATCT-1,False,0,40636,33337,3,0.655386106508178,2.202210126199457,0.6375991919799967,0.40023440286847334,0.0,1.2518073568243644,0.24883534391558929
GSM7890835,GCTGAATGTTACGATC-1,True,13,40047,33996,3,1.7579080655504917,0.997179234675444,0.6103187234587701,1.0108537829229851,0.04458175991262146,0.8572645308768434,0.2299789530191858
GSM7890835,GCTGGGTAGATTGTGA-1,False,0,44577,38156,3,1.2984259978093398,2.3751587783005066,0.48552272416677617,0.2023945176385172,2.1939040805766123,0.7956712309366437,0.15750961679496392
GSM7890835,GCTGGGTTCTCGCAGG-1,False,0,9726,8915,0,0.2793048429362773,0.4560885555738292,0.35180079329729247,0.0,0.281440634637834,1.0887353080323756,0.2846103834024778
GSM7890835,GCTTCACCAGTCGTTA-1,False,0,32822,28664,3,0.1854454288248863,0.39639752436590464,0.9470359560786279,2.5558522644435784,0.18511894086494954,1.3307358910281306,0.47864805994914505
GSM7890835,GCTTCACGTTTAGAGA-1,False,0,27050,23001,2,0.26520560436629986,0.3439022524358003,0.634823589771855,1.8787451732654221,0.1736210414377007,1.7975056499739996,0.2713797386517287
GSM7890835,GCTTTCGGTGTAGCAG-1,False,0,34519,27074,3,1.9542885386547424,1.599314364916006,0.7540013508437826,1.0072909754094272,0.0,1.3013554118712907,0.35706880927990875
GSM7890835,GGAACCCCAGAAGTGC-1,False,0,36862,32662,3,0.9219759189775115,0.8041505236403793,0.40579729159458916,0.24002590236380997,1.7902211048838683,1.1177515908382678,0.16684934760569275
GSM7890835,GGAAGTGAGACTTCAC-1,False,0,46120,41687,3,0.0,0.32896714085559364,0.5696852076621545,1.5898191364062317,0.2732423433655934,1.3246820766158085,0.2539080638073777
GSM7890835,GGAATGGTCTTCGGTC-1,False,0,25992,22836,2,0.0,0.3266190140738221,0.27323197954812783,2.0700485347172295,1.1752051142349185,1.5210798274588881,0.38125427437071396
GSM7890835,GGAGAACAGCTAATGA-1,True,6,23490,18765,2,1.9048598933659897,1.187925087726852,0.5688854025994088,1.1405745438699584,0.456896820982562,1.3002983597862763,0.298045648951004
GSM7890835,GGAGAACAGGTGCTGA-1,False,0,7347,6545,0,0.0,0.5433605702851964,0.0,0.0,0.0,0.7008515126015995,0.4488172274063367
GSM7890835,GGAGAACCAACCAACT-1,False,0,29967,26078,3,1.0689896889218242,1.8849534373958674,0.6640196066634819,1.6748707677432482,0.4681066506061319,1.3842317694493238,0.26414076212793297
GSM7890835,GGAGATGCAGTTAAAG-1,False,0,12281,10668,0,0.1489202361817555,0.5110651521113475,0.2416063673069971,2.8016044672137914,0.32472061014551856,1.1797577600218496,0.38837940578980945
GSM7890835,GGAGCAATCGACGCGT-1,False,0,17961,15666,1,0.18708914407572805,1.2775376058557464,0.8355504830916299,1.1715676299704436,0.14967131526058244,1.662568132158325,0.3376264036020232
GSM7890835,GGAGGATAGGTGCAGT-1,False,0,28300,23440,2,1.03167638405591,0.4656215569478516,0.38693757851033433,0.7227402887072547,0.06051761830748167,1.2970149054978326,0.3289476867612982
GSM7890835,GGAGGATCAGCTGAAG-1,False,0,16496,13587,1,0.0,0.614468978224501,0.0,2.311853357833289,0.39094780207555024,1.5102086209243841,0.32264027317570737
GSM7890835,GGATCTACACGGTGTC-1,False,0,13283,12062,1,0.14030961459743627,0.0,0.0,1.8357594245622875,0.0,0.7401739926571205,0.2608779886564408
GSM7890835,GGCACGTAGAAGAGCA-1,False,0,9501,7890,0,0.17976717252037283,0.35953434504074566,0.35953434504074566,2.1243725439729158,0.0,1.5482701845107563,0.3981463938712861
GSM7890835,GGCACGTAGAGAACCC-1,False,0,12122,9947,0,0.9655555757878288,2.1945198535998136,0.1503876512377423,2.0280918019996994,0.35666742919600486,0.7155930622865345,0.22626119535724243
GSM7890835,GGCACGTAGCATTTCG-1,False,0,14319,13038,1,0.13241765278491474,0.3333216867408725,0.4657393395257872,2.2386302411420194,0.266657349392698,0.7471477554277284,0.30509890413611623
GSM7890835,GGCACGTCAACAGATA-1,False,0,35341,28634,3,0.06229198434429806,0.3787905493504725,0.0,0.7569807122984428,0.3314307217188658,1.5843495745682143,0.33463807125105777
GSM7890835,GGGAAGTAGCAATTCC-1,False,0,41776,37301,3,0.0,0.6800424317077352,0.5863193267297334,1.8351671642839475,0.37453123712816516,1.5464570760433327,0.24912471740337785
GSM7890835,GGGAAGTAGTCTGTAC-1,False,0,31669,25956,3,1.8971792153467786,2.105432938123121,0.7257027146795146,1.7468480655209382,0.33987441516088135,0.6634180117022408,0.2621669843388003
GSM7890835,GGGACTCAGCAGCCCT-1,False,0,29194,23819,2,0.8699004406613371,1.6390006462267532,0.3297907270094846,1.5619054348146768,0.14137139533876542,1.1560884013235784,0.3592174954218956
GSM7890835,GGGATCCAGGGATGTC-1,False,0,19217,15805,1,0.0,0.35409890457536997,0.10473885692422046,1.5352763004366898,0.28327912366029595,1.8253780991460924,0.32134455834697967
GSM7890835,GGGCCATTCGCCTAGG-1,True,13,42676,34598,3,2.0072417567735044,2.3607075873334624,0.6430157947460543,1.2746813276193487,0.04210464850375177,1.3837355951669903,0.23997675076621508
GSM7890835,GGGCGTTGTTCTAACG-1,False,0,14578,12212,1,2.1101078912251685,2.080535266484502,0.21592602468064076,1.4883602525501949,0.297672050510039,1.5943979084483009,0.2657011443003295
GSM7890835,GGGCTACTCTTCCCAG-1,False,0,22425,16475,1,2.3195279248682428,2.475416967052288,0.30449012277519294,1.6121099247119113,0.16984143376862476,1.237141078630568,0.21817743322285946
GSM7890835,GGGCTCACACATACGT-1,False,0,8857,7279,0,0.1889190227293349,0.7393400669679457,0.0,1.4786801339358915,0.30227043636693585,0.9830199626930642,0.310990058397008
GSM7890835,GGGTAGAGTGGCTACC-1,False,0,24672,18938,2,0.8694836899703493,0.74811450323597,0.7397812456148034,0.9636593438402915,0.06805268948261685,1.2866820702560517,0.23596796362368383
GSM7890835,GGGTATTCATGGGTCC-1,False,0,7082,5702,0,1.1672844353004006,2.0023108953724584,0.8991268665616163,0.8804689238342436,2.2218317983094003,1.2146313179402326,0.17668262937026455
GSM7890835,GGGTCACCAGCTGTTA-1,False,0,15045,11890,1,0.0,1.91221848308536,0.5294069906089601,2.1176279624358405,0.10192569934551432,1.619735281127527,0.3172095551611946
GSM7890835,GGGTCACGTTGTGTTG-1,False,0,29146,23959,2,0.8438960497378846,0.9315298519452563,0.7209934381891218,0.9989765659833328,0.5855346793544308,1.5478518930420535,0.3060947316858345
GSM7890835,GGGTCACTCGATACGT-1,False,0,42081,37193,3,0.18784950520283195,0.5359596977402155,0.4173106438629358,2.0954512187195604,0.2996041615557409,1.2119423569766377,0.3110115711281884
GSM7890835,GGGTCTGAGACTCATC-1,False,0,14659,13284,1,0.0,0.4936260810782055,0.4085222093893473,1.9656529648418108,0.32557531960716046,1.4152426945762868,0.3355022486389837
GSM7890835,GGGTGAAGTAGCTGAG-1,False,0,29103,24805,2,0.5201212828056053,0.6572830077181971,0.4462818006197404,0.7084404228977987,0.2818294806627279,1.2004233761317507,0.33070568371797127
GSM7890835,GGGTGTCCATCAGTCA-1,False,0,9528,8471,0,0.0,0.7708830840598131,0.179403625259415,2.9360963525682764,0.28455488989808997,1.005462718293179,0.4725131853157156
GSM7890835,GGGTGTCTCGACGAGA-1,False,0,19449,14733,1,2.3302281515254086,2.3649665066719896,0.3814682439003551,0.0,0.5205408739767146,0.19518059399753626,0.07347786544664991
GSM7890835,GGTAACTCACACAGAG-1,False,0,37175,29649,3,0.6025975047183263,2.3078036105648554,0.7508667891666514,0.4304802475626261,0.1704562200430992,1.1575927945816713,0.16170992820352656
GSM7890835,GGTAGAGCACTTGTCC-1,False,0,27471,23118,2,2.4356635901499217,2.44206477921888,0.9979339386828203,0.0,1.7690174626150257,0.6327498092769936,0.12407904230016
GSM7890835,GGTGGCTCACGAAGAC-1,False,0,11886,9678,0,0.1526214815129456,0.6897448075748832,0.9348132716492914,2.0451874413128763,0.0,1.9121488847952541,0.4462316283385864
GSM7890835,GGTGGCTCACGTCATA-1,True,1,19836,17627,2,0.23030978645243236,0.7637306245312642,1.1224722187106542,0.6972725574425056,1.2948600017795329,1.4638598286872069,0.23338922277710225
GSM7890835,GGTGGCTTCATCGTAG-1,False,0,14049,12706,1,0.3556979103738299,0.3556979103738299,0.13438554919405046,1.5170971965488498,0.17704988894382356,0.9071554838561301,0.4381826753685995
GSM7890835,GGTGTCGAGATGTTGA-1,False,0,12158,10912,0,0.0,0.30010560788597523,0.15005280394298762,2.0255171059966828,0.47720215743194333,1.143829862695983,0.3596394339365113
GSM7890835,GGTGTCGCATCACAGT-1,True,6,26661,21382,2,1.6966731126778754,1.2653376998119983,1.125738180064935,1.386453757290032,0.18328365016855488,1.1448569004230653,0.2869192678995204
GSM7890835,GGTGTCGTCGTGGCTG-1,False,0,34717,27012,3,0.8522356340847004,1.1977116526331364,0.31419706994916735,2.031431850291197,0.0,1.0563627239284816,0.35742411094682486
GSM7890835,GGTTAACGTTAGGAGC-1,False,0,8380,7445,0,0.19635380060838734,0.7731297452381652,0.4383096476719724,1.941125450931977,0.4471441756554987,1.083068795567085,0.4206009832404642
GSM7890835,GGTTAACGTTGTTGTG-1,False,0,13705,10994,0,1.0380388290226243,1.782144510177597,0.9289368086828433,2.1158466454086433,0.1095850533198665,1.0473813256870688,0.08833104374137093
GSM7890835,GGTTGTAGTAATTAGG-1,False,0,31072,25498,3,0.29316892840309716,0.5648792399582752,0.23869148397845744,1.3600783178432514,0.2547743095140923,1.599896891071701,0.49793400322799186
GSM7890835,GGTTGTATCCAATGCA-1,False,0,49584,42134,3,0.746362976440293,1.7997501893382113,0.6473030769916694,1.6161273308311204,0.2941387489207516,1.5776436267997869,0.39039478387361126
GSM7890835,GGTTGTATCCTTACCG-1,False,0,37415,32073,3,1.8948878378025826,2.2320296496191023,0.32523346265073994,1.1436429740134566,0.047373388160673775,0.9506983078185673,0.33026557982424065
GSM7890835,GGTTGTATCGAAGCAG-1,False,0,16688,14264,1,0.31432098894376287,0.9796800767653312,0.6167322046666421,1.2228726498646996,0.3710437577739824,1.58942788102537,0.4962054440432205
GSM7890835,GTAACACCACTGTGTA-1,False,0,12620,10699,0,0.0,0.5291864918074038,0.0,1.6018018587851925,0.18992854801596012,1.5338953122825392,0.606671874373362
GSM7890835,GTAACCAAGGCCATAG-1,False,0,40603,35960,3,0.05504222689250559,0.7268004746300052,0.11008445378501118,1.9681161190481304,1.3625593916650938,1.5025051511613547,0.3550318747700122
GSM7890835,GTAATCGGTGTTAAAG-1,False,0,7209,6553,0,0.0,0.4698135767396093,0.33205438887573946,0.0,0.0,0.6130781501118295,0.15942127856179478
GSM7890835,GTAATGCGTTTGGAGG-1,False,0,11787,10336,0,0.5644120572640666,1.0855537117794831,0.0,0.0,0.0,1.1391084539278542,0.40407872423969554
GSM7890835,GTAATGCTCGACATCA-1,False,0,43507,38136,3,3.2005929598439744,2.195041792310181,0.5289675715390022,0.37822829135484487,1.863390805227955,0.4385043116096904,0.14657146323319234
GSM7890835,GTACAACTCGCGCCAA-1,False,0,21422,18096,2,0.16484842732788033,0.6484911484283039,0.46589530577592553,2.379824452363803,0.2517475036586637,1.61143870293293,0.39857099303784216
GSM7890835,GTACAACTCTCATGGA-1,False,0,23577,20277,2,0.08839241205352323,0.24195686897299445,0.20521205273883122,1.5722093604474088,0.16416964219106497,1.2294338215630631,0.31795739788216354
GSM7890835,GTACAGTCAGTAACCT-1,False,0,16011,13948,1,0.12131088486320872,0.5769691565784824,0.3541363521964572,0.4852435394528349,0.2504544227994189,1.197250120748335,0.5221537464072415
GSM7890835,GTAGATCAGTCACGAG-1,True,2,31032,25233,3,1.4726374775308968,1.2535562866963934,0.6539637991116514,1.3610360433048678,0.19114254131991268,1.393724525891615,0.27479741825301435
GSM7890835,GTAGCTATCTTAGGAC-1,False,0,15189,13141,1,0.12645897740691636,0.4490070215086353,0.4826110662106939,1.8352929072469717,0.3448601671726029,1.4108102467251662,0.39141403469828706
GSM7890835,GTAGGAGGTACCCGAC-1,False,0,27226,24028,2,1.2303176156576079,1.6253270529503179,0.6681362267817874,0.31283504278586,1.9572762075048398,1.2668983517188053,0.1981265379541858
GSM7890835,GTAGGTTGTTTGAAAG-1,False,0,16505,14290,1,0.11841750728365327,0.42608394841039277,0.0,1.3936137675001032,0.30673854657372407,0.9555909706829848,0.3382122399598295
GSM7890835,GTATTTCGTTGAGAGC-1,False,0,16988,15222,1,0.11572127757853855,0.40831574141392907,0.37006753695619227,1.7420800470592728,0.24206670138079206,1.268805781989268,0.3216144954495262
GSM7890835,GTCAAGTCACTACGGC-1,False,0,43495,38767,3,0.09457879342037315,0.758131516512613,0.9600213406042465,1.1214180349958915,0.9013073930248291,1.52318506783819,0.267014745902865
GSM7890835,GTCACGGAGCGACAGT-1,False,0,9419,8237,0,0.1808807605977007,0.3617615211954014,0.1808807605977007,2.7640255141400747,0.42640174169926504,1.4651361883607383,0.4759137034744286
GSM7890835,GTCAGCGTCGCCAGTG-1,False,0,11989,10578,0,0.0,0.15163819139777926,0.0,0.0,0.1213105531182234,0.8987213560707688,0.18639307287874102
GSM7890835,GTCATCCAGTCATCGT-1,False,0,37329,30423,3,0.6472037716744047,1.2246113647630652,0.24141281336718187,1.3728976767507444,0.2605218004647871,1.708775296223316,0.36715909054178747
GSM7890835,GTCATCCTCACCTTGC-1,True,3,15603,12605,1,1.490222811462682,0.9325062311819564,0.2681275750927367,2.625975550135761,0.0,0.7244228748197662,0.23778850545192975
GSM7890835,GTCATGAAGGATAATC-1,False,0,9481,7717,0,0.18003745891581124,0.8202839438412872,0.5366698958131428,0.720149835663245,0.14402996713264898,0.7591116553160832,0.21887618625428185
GSM7890835,GTCATGACAAATCCCA-1,False,0,13296,11383,0,0.0,0.36969811635984234,0.14020460847529578,1.8349372906990624,0.31207177957743093,0.9656199070609031,0.4015833438845032
GSM7890835,GTCATGAGTAACGTTC-1,True,15,31637,26722,3,1.5214218133340702,1.2843764074701127,0.8888841253935194,0.9479552688573404,0.31068378932222385,1.3660963905011454,0.18061235334402992
GSM7890835,GTCCCATCATGACGAG-1,False,0,24718,20828,2,1.52695752338792,0.3614789662695841,0.636036319149476,0.9625076467566266,0.28918317301566726,1.228171022359404,0.3084721359135497
GSM7890835,GTCCTCAGTTAAGAAC-1,False,0,23450,20005,2,0.15418508920477816,0.4264360706580016,0.5275371465635584,1.9416366382779313,0.07103625833638982,1.8660123235046229,0.3773619058765732
GSM7890835,GTCGAATAGTACTCGT-1,True,1,26437,21394,2,2.1225108694837496,1.0556779919752346,0.8860154883939781,0.7583604276821615,0.11266640223234967,0.6728106393043571,0.21853348349259452
GSM7890835,GTCGAATCAAGCGAAC-1,False,0,22812,20705,2,0.0,0.5569919317294896,0.36724586203762477,1.5984360030901217,0.4049835170217907,1.458278218301377,0.43115456908706457
GSM7890835,GTCGAATGTAACTTCG-1,False,0,9929,8350,0,0.0,0.27584203549049097,0.1741790473249392,1.3916431088833743,0.6378094229046185,0.9278173869754704,0.23789967486365968
GSM7890835,GTCGCGAAGTGCTCAT-1,False,0,19523,16154,1,0.20678818144214647,0.45603885233561675,0.20678818144214647,1.2700643753748875,0.39332724090448223,1.6760978052368398,0.3210689600783593
GSM7890835,GTCGTAAAGACGTCGA-1,False,0,27622,23309,2,0.18382297064208533,0.7510598085404006,0.7502454735002766,1.9677435584930232,0.31558412363782795,1.7259690523269753,0.28761764418069796
GSM7890835,GTCGTTCAGCGGGTAT-1,False,0,12652,11399,0,0.14560821070203905,0.14560821070203905,0.43696640336094866,0.5824328428081562,0.11648656856163124,1.4440359016807551,0.21978569162990982
GSM7890835,GTCTACCAGACTTCCA-1,False,0,47720,41799,3,0.8401206107189244,2.2425652081397995,0.45770071256549866,1.517859236336284,0.20088756147792752,1.1532861803620922,0.22014291183595222
GSM7890835,GTCTACCAGATACTGA-1,False,0,33891,29325,3,0.0,0.2595003342970361,0.0,0.2585597952609951,0.3488293306160558,0.6007502949963366,0.2427200132383052
GSM7890835,GTCTACCTCCTTACCG-1,False,0,11949,9765,0,2.2094020281626623,2.8430424567599513,0.7788196870603519,0.608073987529202,0.0,0.8978204316829588,0.2494976307366412
GSM7890835,GTCTAGACAGTAGATA-1,False,0,30641,26423,3,0.12560563586520074,0.5206952093288768,0.07060960696279456,0.8352717310653652,0.23784414957884584,1.385797428898765,0.36774366357577687
GSM7890835,GTCTCACAGTACAACA-1,False,0,22902,17486,2,2.05537768006402,0.8737908287768793,0.64321747215572,0.8372169023417974,0.23990522110957566,1.102888066605144,0.25209982185932567
GSM7890835,GTCTGTCAGGTCCCGT-1,False,0,44506,40301,3,0.3544265772550671,0.4091975558492287,0.5607289316704971,1.3663351134615978,1.5981197549081245,1.2894315787217647,0.26967053881583275
GSM7890835,GTCTGTCCATCGGTTA-1,False,0,17331,14711,1,0.11388119590784371,0.8725822850184918,0.47812554872534413,0.45552478363137483,0.23926893683510272,1.2550270668665506,0.24633576801044593
GSM7890835,GTCTGTCTCTTCTGGC-1,False,0,15654,12236,1,1.2813766134089744,1.153571665461881,0.9628654320772144,1.575443838536498,0.1646269734294047,1.2418623167191574,0.2736437492934324
GSM7890835,GTCTTTAGTAACGCGA-1,False,0,15362,12807,1,2.2732651215106268,2.5360924306390156,0.20843521741985185,0.0,0.10027101264724354,1.0937765702177806,0.1766962263732015
GSM7890835,GTGAGCCCAACCACAT-1,False,0,9343,7965,0,0.9341589955965157,1.6577081139163474,0.4160421280090583,0.0,0.2288853234331294,1.5311336390593602,0.2610218831477999
GSM7890835,GTGAGTTAGAGTGAAG-1,False,0,17213,14947,1,0.114507472002887,0.5201795945235547,0.114507472002887,1.8291525976516003,0.2724403537822377,1.0524633106202796,0.4375667478346799
GSM7890835,GTGAGTTGTAGACGTG-1,False,0,34904,30170,3,0.0,0.49055308992367336,0.12596272090929486,1.1004442104078147,0.20005288370749877,1.5884120367486616,0.29626359325087065
GSM7890835,GTGCAGCGTATCGGTT-1,False,0,29206,24731,2,1.9269131330281446,2.105828302447356,0.6941669342007659,1.3188618392380458,0.3123161365602777,1.1089282063158201,0.2826325890275822
GSM7890835,GTGCGTGCAATTGTGC-1,False,0,14103,11818,1,1.0861853884270178,2.48989613873614,0.6914295567220079,0.5359487733671493,0.10718975467342987,0.7088562441719831,0.15063351002899913
GSM7890835,GTGCGTGGTATTCCGA-1,False,0,42065,38593,3,0.10663844848954118,0.36357595767507994,0.05331922424477059,1.937760339232917,1.3572025366928115,1.261567693258002,0.22900719411193624
GSM7890835,GTGCGTGGTCACTAGT-1,False,0,27914,23371,2,0.0,1.0100095643467055,0.07654802048323017,1.0264772992296287,0.3122306538446641,0.8231726343069689,0.19319086032700564
GSM7890835,GTGCGTGTCGCCAATA-1,False,0,21722,17336,2,0.5692371303815045,0.8580332893500406,0.7921168336087765,1.6376880709564958,0.15147394984940957,1.4013923118371716,0.2658127923848334
GSM7890835,GTGCTTCAGACCGTTT-1,False,0,37578,30797,3,1.9361403112637228,2.1217409899236346,0.2115277630192957,1.3679380767952491,1.6632292338232104,1.040334159226501,0.29461539141523857
GSM7890835,GTGGGAACATAACGGG-1,False,0,19625,17308,2,0.10295358394670577,0.5856146767062396,0.7086828728349177,1.8878414028812192,0.36278533081380115,1.7091296051605205,0.25593779879488693
GSM7890835,GTGTAACGTTAGCTAC-1,False,0,16974,14739,1,0.11579766938679517,0.41852573485492806,0.19463305034569214,2.86196183133564,0.15570644027655373,1.6092750251183083,0.45934510311184634
GSM7890835,GTGTCCTAGTCTAGCT-1,False,0,13325,11147,0,3.322539426135291,2.716187121287027,0.6874431375386898,0.0,0.3477943284462522,0.29530993453887266,0.13483052774306414
GSM7890835,GTGTCCTTCCATGATG-1,False,0,23493,17279,2,3.509121132680016,2.693436682570987,0.39375966414345415,0.0,0.2762368125489897,0.24127629885089857,0.11399452257545035
GSM7890835,GTGTCCTTCTGGCTGG-1,False,0,6791,5720,0,0.0,1.1429419122778046,0.42241376097872246,0.9052448224456778,0.18104896448913557,1.4735820785307565,0.33422788394139463
GSM7890835,GTGTGATGTATAGGAT-1,False,0,26578,22197,2,3.0355951412285744,2.528677554421333,0.7852233580181747,0.31936316087306804,0.11220890414845648,0.883717796968099,0.16077517133047733
GSM7890835,GTGTGGCCAAACACCT-1,True,5,18175,13956,1,2.3289892571608144,1.9959920807640792,0.855094472391597,0.742133827685113,0.0,0.42652014406066174,0.07322877418210975
GSM7890835,GTGTGGCTCGGCATTA-1,False,0,18425,16063,1,0.0,0.3968990109776802,0.0,0.4335606015611994,0.31368925940322884,1.1054323457455228,0.3158393048327329
GSM7890835,GTGTTAGGTAGTGCGA-1,False,0,43373,38303,3,1.1105055052030364,1.8987372363314874,0.7727449562938989,0.3792007755341122,1.2876832633709459,0.7712865610063883,0.09222998872591336
GSM7890835,GTGTTCCTCGAAGTGG-1,False,0,29019,23970,2,1.2370406379856576,1.9288878311029232,1.078601479133155,0.7099086380937186,0.17328620822846708,0.6332617912014336,0.11460413659421394
GSM7890835,GTTACCCGTTTCCAAG-1,False,0,27296,20470,2,0.23410943323809952,0.5275854602303394,0.21545786625015018,1.8130245272524335,0.29159209663439245,1.6789231795692672,0.4473730649177747
GSM7890835,GTTACGACAGAAATTG-1,False,0,7782,7106,0,0.0,0.5247370723873553,0.31814373860320894,0.0,0.31600388483445974,0.5673619911347949,0.2793143435793172
GSM7890835,GTTACGAGTACTCGCG-1,False,0,38309,28837,3,2.358638513035211,2.5107479760449083,0.5821358217542529,0.23193302317730635,0.22552299806645953,0.8235935247868106,0.1944847314484307
GSM7890835,GTTAGACGTTCCATTT-1,True,2,13480,10987,0,0.9887080853460006,0.692453495906383,0.4315089615611456,1.3781006467495813,0.11098837789514693,1.8134973329870623,0.23064834695944922
GSM7890835,GTTAGTGCAATACCTG-1,False,0,23061,20461,2,1.377458887222594,2.041267108317671,0.9221817095078606,1.5897846170340602,0.2732342187606724,1.3656796254146912,0.2027815703138537
GSM7890835,GTTAGTGGTAGCTTAC-1,False,0,6486,5726,0,0.23321638200147737,0.8181753349078664,0.0,2.1643468119522273,0.3454565234961803,0.9962722748986614,0.37881121244686317
GSM7890835,GTTATGGCACTGCTTC-1,False,0,42309,37373,3,0.0,0.5716037603798114,0.053042152754477,1.785654697451838,0.4422323727914578,1.1262048548240182,0.35225758944772967
GSM7890835,GTTATGGTCCGTTGAA-1,False,0,21893,19003,2,0.545565880346663,1.2366039433607792,0.8361965069159153,0.0,0.6284846095063841,1.3906556258477365,0.11527463140941005
GSM7890835,GTTCATTCAACATCGT-1,True,38,24683,17733,2,2.090193124635614,2.103103112548471,0.8271488179347626,0.0,0.28896439769105753,0.3475510900512337,0.12478690765438057
GSM7890835,GTTGAACAGATCGCTT-1,False,0,35480,29786,3,0.2508005186249818,0.3095627888675518,0.2950320493383389,2.085202816661488,0.19798952880585013,1.4132488707804165,0.23362151535025744
GSM7890835,GTTGAACAGCGGTAAC-1,False,0,17453,14928,1,0.11324097448966283,0.6082695789399399,0.36329802295502334,0.45296389795865133,0.23829113372196656,0.6421082158070299,0.21734041115006109
GSM7890835,GTTGCGGGTATGTCTG-1,False,0,36367,30667,3,0.8447276930624927,1.4044534075307822,0.7059251051505977,0.8649438883744577,0.17298877767489154,1.476574180389304,0.35681036768274355
GSM7890835,GTTGCTCTCACCCTGT-1,False,0,9147,7544,0,1.685649840940094,2.605637059232807,0.5481544807977081,0.0,0.0,0.8522760999058109,0.09464197793559825
GSM7890835,GTTGTAGTCGGCAGTC-1,False,0,23194,18316,2,0.0,0.4525838669606405,0.0,2.2183089247720496,0.27815794348045975,1.1683418606343925,0.24009236535451045
GSM7890835,GTTGTCCCACCCTATC-1,False,0,18605,17171,1,0.21507558296095314,1.0813989660319154,0.848304552355584,0.4301511659219063,1.1923186236595693,1.1085279466422577,0.157484131952838
GSM7890835,GTTTACTGTACAGAGC-1,False,0,23865,19213,2,1.3759630851380589,1.819926435826725,0.8690642965112895,0.0,0.23280740961946061,1.6932452849638673,0.2571599523232388
GSM7890835,GTTTGGAAGGGAGTGG-1,False,0,32596,29351,3,0.11961262244167478,0.41652595699999484,0.23244291793656352,2.3523623289406537,0.18401651350762321,1.1707853134686506,0.445018592058154
GSM7890835,GTTTGGAAGTTGGACG-1,False,0,34665,30914,3,0.06336491618983715,0.5452606796442928,0.4424802474887382,0.8929717607228502,1.0245859948878222,1.204651734653925,0.2464970027033639
GSM7890835,GTTTGGACATAACAGA-1,True,9,18913,13827,1,2.1618978686258967,2.3597380529464633,0.8818619037570596,0.0,0.19003873870275392,0.5282603888560693,0.10004183972686438
GSM7890835,GTTTGGAGTAAGGCTG-1,False,0,13432,11558,1,0.2782313448750964,0.29338914420697754,0.36708407378014185,0.0,0.0,1.249401524770883,0.263418276108478
GSM7890835,TAACACGAGAGTGGCT-1,False,0,23220,20676,2,0.0,0.4370216106475632,0.1790690639577017,1.3899483146748493,0.2552947454570099,1.3303078145325276,0.23478135881726217
GSM7890835,TAACTTCAGAGCCGTA-1,True,3,32365,26397,3,1.610005300455359,2.1299463155631884,0.2011612912730236,0.0,1.6612894505771336,1.2452690544259035,0.16419784171716514
GSM7890835,TAACTTCAGCAGCCCT-1,False,0,2628,2282,0,0.3924233675183453,0.0,0.0,1.5696934700733811,0.0,1.242558758226243,0.32272260727846647
GSM7890835,TAACTTCGTTCGGCTG-1,False,0,21063,16855,1,0.09712486340088859,1.2251044655332457,0.2660970428494708,2.3509297820637087,0.07769989072071087,1.5935377384196139,0.34411186635968316
GSM7890835,TAACTTCTCTTTCCAA-1,True,11,31433,26157,3,2.1426061655774906,1.2559592137986941,0.7404829737090751,1.3515043738910446,0.055243873660539476,0.7071308537080119,0.1837377875197018
GSM7890835,TAAGCACCAGCGTTTA-1,False,0,32818,29076,3,1.8770944624781654,2.064570644622104,0.8844680655079245,0.0,1.8682369163995047,0.9724765205606923,0.12668809878400797
GSM7890835,TAAGCCACACATAGCT-1,False,0,18224,16077,1,0.35263767221470327,0.976903438058202,0.39428490703414,0.9731174157392586,0.44377940393816867,1.3538640112260691,0.27312826210680874
GSM7890835,TAAGCCACACGACGCT-1,True,1,26611,20060,2,2.0165315832185904,0.2996400139391623,0.14012797515932116,1.1801021641464629,0.06380481551193647,0.7489122016847397,0.234693390833044
GSM7890835,TAATCTCTCGAGTGGA-1,False,0,19479,17475,2,0.10358529581218952,0.31792189661097425,0.38116674967082614,0.9322113749396654,0.34527915756957694,1.4379948704200871,0.27593593945160216
GSM7890835,TACACCCAGAGGGTGG-1,False,0,42803,37876,3,1.4835872568773023,2.2296828417273753,0.8063229752356376,0.0,1.9936215853933301,0.5940113947353265,0.10997038311920433
GSM7890835,TACACCCCACAAGCTT-1,False,0,16787,12885,1,2.5485930163791632,2.2590372299869736,0.5793858341983653,0.0,0.15690794891074467,0.3981528180691611,0.1480470584994519
GSM7890835,TACACCCTCAGATGCT-1,False,0,15609,13728,1,0.12377404530640626,0.5651539886512484,0.3918383939290394,2.67095574146892,0.2144514788981065,1.0917361973621447,0.43172533178690503
GSM7890835,TACAGGTTCAAGTTGC-1,False,0,44686,38517,3,0.3196450226413706,0.30278051708085557,0.2937264058997232,1.1032858898878053,0.21709288556510561,1.5793258439906712,0.1608868456077156
GSM7890835,TACAGGTTCATGCTAG-1,False,0,23439,20252,2,0.17766079089021056,0.9351578262015336,0.4153364513094061,0.8241395147957407,0.34784862857896864,1.4679723572075534,0.29651693258745115
GSM7890835,TACCCACAGTGCGCTC-1,False,0,10028,8585,0,0.17293752854291283,1.9618211621345025,0.57501724162484,0.0,0.21934981988294183,1.3738656935255835,0.20105130568326476
GSM7890835,TACCGAATCTACTGCC-1,False,0,33567,27222,3,1.8291597071665278,2.1854282960877267,0.6833131315194773,1.0251343157219532,0.5444390314006986,0.8471030693957136,0.24990017556674227
GSM7890835,TACCGGGAGTGGACGT-1,False,0,20153,16055,1,0.2733845389508311,0.5013158320687812,0.0,0.6893439967167805,0.48224657471794596,1.2719324888838694,0.41106484268657356
GSM7890835,TACCGGGCATGTTTGG-1,False,0,25926,20285,2,3.7508900373797807,2.768508141587577,0.35187360273304324,0.0,0.2801455593456693,0.48375360932107875,0.15445640213346473
GSM7890835,TACCGGGGTTAAGACA-1,False,0,9724,8377,0,0.0,0.4924868837246855,0.17680977797700068,1.1173577438413458,0.4207947226493228,1.3017541616132273,0.41697247096211904
GSM7890835,TACCTGCCAGTGAGCA-1,False,0,12254,10258,0,1.5800002307908723,2.2222929898164003,1.1624886195235105,1.7743352744783858,0.11933387068640919,1.3605115438686852,0.14321557701099694
GSM7890835,TACGGGCCATCGAAGG-1,False,0,6170,4914,0,1.4017648631928472,0.923862219847537,0.36122871965618947,0.9634588356717191,0.0,0.8689850012402619,0.24957928634992974
GSM7890835,TACTGCCAGCTCGAAG-1,False,0,40936,33562,3,2.274787594000853,2.6685917917351527,0.796660019877665,0.21856007121193352,0.329567883429966,1.021386484938321,0.18097994644810622
GSM7890835,TACTGCCCAGAAGTGC-1,False,0,19804,17168,1,0.3327425099458235,0.66721667461562,0.37793639506169807,2.4068523026669033,0.16350347007692176,1.5064973950912777,0.4027835443412573
GSM7890835,TACTGCCGTGTCCTAA-1,False,0,6968,6422,0,0.22250024442804492,0.22250024442804492,0.6396813529324858,0.0,0.2706645476763116,0.22433237160937378,0.2791718439359216
GSM7890835,TACTTGTCATAGTCGT-1,True,1,18805,15079,1,0.9628264476494683,1.7932530977067866,0.5958629328055671,1.2971536247949453,0.19074199494092575,1.2277146190045194,0.25790792627966647
GSM7890835,TACTTGTCATCACCAA-1,False,0,18926,14970,1,0.21210210328274964,1.1257817703752564,0.5435840802674239,1.7501321145041961,0.28559481330686404,1.1350123163128347,0.34558282219762876
GSM7890835,TAGACCAAGACATACA-1,False,0,10933,9344,0,0.16238528066500882,0.16238528066500882,0.0,0.6495411226600353,0.2640301690473904,0.9655551663874498,0.4176775448939933
GSM7890835,TAGACCACAGTTGAAA-1,False,0,11776,9806,0,0.0,0.5555343734303553,0.15368622098064744,0.6147448839225897,0.36149731927025547,1.6881466455243022,0.4225963958871095
GSM7890835,TAGAGTCCAGAATGTA-1,False,0,12476,10986,0,0.2943206372521974,1.039305175361948,0.7087555605160273,0.5886412745043949,0.0,1.296551099660504,0.4541308921272577
GSM7890835,TAGAGTCCAGGTGTGA-1,False,0,46151,40354,3,0.18001068920910002,0.49220051711633117,0.49090147348641355,1.3946395431296392,1.1187983376485433,1.5712469386582195,0.2691719121364525
GSM7890835,TAGAGTCTCAGGAGAC-1,False,0,29728,22909,2,0.7829386884037955,2.592379330934894,0.7200685761578757,0.0,0.13954231190816,1.2891388423054901,0.11872535152525643
GSM7890835,TAGAGTCTCGATGGAG-1,False,0,12673,10331,0,0.1454252607861446,1.406040449170835,0.46885483034138814,1.2140926556358247,0.11634020862891567,1.543179354269253,0.2841278939154506
GSM7890835,TAGATCGGTCTCCTGT-1,False,0,12687,9380,0,2.202586510526314,2.297464147582745,0.3819034560597099,0.5812142260562624,0.11624284521125247,1.0033203613697332,0.22624427597837704
GSM7890835,TAGGTACAGAATTGCA-1,False,0,16716,14251,1,0.3460196149073144,1.4833535670296516,0.2569300934576625,0.7868462827711756,0.3381172611134726,0.9927424921522313,0.2941943416907035
GSM7890835,TAGGTTGGTTAGTCGT-1,False,0,18112,15054,1,0.10990545735599223,0.3297163720679767,0.0,2.4415016943006127,0.31640680609987065,1.4330731542195576,0.32310928044683945
GSM7890835,TAGTGCACAATGCTCA-1,False,0,8026,6602,0,1.0033009325299558,1.2059924599848237,0.5911781881830406,2.50254647776085,0.1618257776578986,0.9777366258375852,0.36858482818886806
GSM7890835,TATACCTGTGTTTCTT-1,False,0,25270,22878,2,0.08335370571196443,0.4395733433355133,0.0,0.7826123444450687,0.2853821113726261,0.8486731907477647,0.30157859920313157
GSM7890835,TATATCCCAGGGCTTC-1,False,0,38833,31546,3,0.1145679566086653,0.5392618499317976,0.4082987189531757,1.1992465914240797,0.1603097587427505,1.190745711970224,0.36586525359097904
GSM7890835,TATCCTAGTTTACACG-1,False,0,9555,8591,0,0.0,0.9916574097342481,0.3580832152576205,0.0,0.1432332861030482,0.8093395764007727,0.32912229577323643
GSM7890835,TATCCTATCTCGACGG-1,False,0,7910,7199,0,0.0,0.3152143164421671,0.20430785857326447,1.567087147748681,0.0,0.734236783313907,0.3383956348313528
GSM7890835,TATGTTCCAACTGTGT-1,False,0,8428,7109,0,0.19557793778293198,0.3039537697556765,0.3039537697556765,2.798790838918014,0.0,1.2343413820829299,0.34989367191088866
GSM7890835,TATGTTCGTAATGATG-1,False,0,3960,3579,0,0.3149880180169593,0.7650234550121742,0.0,1.2599520720678372,0.0,0.9877876636537886,0.3568188330299267
GSM7890835,TATTCCATCAATCTTC-1,False,0,13830,12262,1,0.4080788590754879,0.27205257271699196,0.27205257271699196,2.0159148006386958,0.5906226192649954,1.3672568368850098,0.34186955627392207
GSM7890835,TATTGCTAGTATGGAT-1,False,0,7437,6248,0,0.0,0.21303171090354836,0.3263562314283894,2.0442211532425985,0.4088442306485197,1.4734912750921887,0.35139143085625363
GSM7890835,TATTGCTCAGACTCTA-1,False,0,13484,10672,0,1.867196504371749,2.410097456386163,0.6905145227591558,0.0,0.27557574927612094,0.5780075644946682,0.12866410467253986
GSM7890835,TATTGCTGTAGAGTTA-1,True,4,21129,15941,1,2.0083151523439797,1.6916280551935854,0.7715018586975608,1.5657504251711745,0.07749867123049795,0.5352185771988677,0.21752503367896503
GSM7890835,TATTGGGTCTGTTCAT-1,False,0,17189,15558,1,0.0,0.2524727925593659,0.30757155241888423,1.9195183717367907,0.32476170636454954,0.7913521855263259,0.28071815201065253
GSM7890835,TATTTCGCAGAGCGTA-1,False,0,24979,20779,2,0.1470400605775919,1.4693844035941994,0.40252756282955304,2.4688686954947587,0.0,1.8486664732061775,0.45562268084171476
GSM7890835,TATTTCGCAGCGTGAA-1,False,0,39098,34897,3,0.20656288405198023,0.30984432607797036,0.3134805580156892,1.9290043107359682,0.26770649861531365,1.2930459030046575,0.3388884609966579
GSM7890835,TATTTCGTCAGGAACG-1,False,0,37083,31513,3,1.7154414074659496,2.091551110190606,0.6478665355016255,1.3778384097140812,0.9830387125773111,1.4087571207184364,0.21879342390015916
GSM7890835,TCAAGACTCCCATTCG-1,False,0,31421,27184,3,0.12314254753787057,0.6190306801099401,0.49919052585091733,1.7533438380601605,0.24569366104607307,1.5373579127748849,0.37329102290313687
GSM7890835,TCAAGCATCCGTAGTA-1,False,0,30378,27290,3,0.19760058239996758,0.3437121581762777,0.5852822042186593,1.090282212732906,0.4334640918620324,1.1252106807357158,0.18232488982601577
GSM7890835,TCAAGCATCCTACCAC-1,False,0,10777,9587,0,0.1641080930119886,0.1641080930119886,0.0,2.2354959213836136,0.2661407926704542,0.9667144118699895,0.40125553910035405
GSM7890835,TCAAGTGAGACGTCGA-1,False,0,10566,9560,0,0.0,0.2655617453408801,0.1664994820162187,0.6659979280648748,0.3492184761553324,1.0176137044293463,0.3498573095088114
GSM7890835,TCAATTCAGTTGTCGT-1,False,0,35101,31565,3,0.18800609933800622,0.39249953323497117,0.25281976332088246,1.6071333302032944,0.8393980746481745,1.1554663524456288,0.27978295742848086
GSM7890835,TCAATTCCAACCAATC-1,False,0,20878,18958,2,0.19567399161681412,0.40340302486048984,0.5612451276313384,2.2129385075215153,0.13437920960669592,1.2473998931621249,0.38258645556139387
GSM7890835,TCAATTCTCTGCTAGA-1,False,0,9337,7712,0,0.683257257578782,1.2206108421560096,0.5724322582482294,2.8370364546090743,0.14560707151333319,1.1848802658365443,0.4025948314667352
GSM7890835,TCACAAGCAAGTTTGC-1,True,34,35084,28726,3,2.601066789937304,1.9345292789366377,0.8070690239286181,0.0,0.7860026250395399,0.6677625791433237,0.1510673280122551
GSM7890835,TCACAAGGTTCCGGTG-1,False,0,33990,28305,3,0.9077153596164349,1.9065804491158516,0.42539336516618953,0.7778635852294349,0.3975815893540195,1.1758033080826003,0.19822761413256748
GSM7890835,TCACAAGTCGCTGCGA-1,False,0,10847,9500,0,0.26128773920804094,0.4948165860202151,0.0,2.4901401576395794,0.0,1.3316766359628804,0.508334180186768
GSM7890835,TCACATTTCCCGAGAC-1,False,0,28665,25370,3,0.14962896585032634,0.5470612588846113,0.3271948487581733,2.0318640119353666,0.20190429266640808,1.3879048735528012,0.39910011371502785
GSM7890835,TCACGCTAGGATCATA-1,False,0,23021,20306,2,0.2705526599044537,0.5549999419629542,0.09018421996815124,2.356741016522904,0.2997052016213214,1.2740986739298332,0.482072614789808
GSM7890835,TCAGCCTCAGTAGATA-1,False,0,19416,16756,1,0.10386031889366765,1.8005367865390212,0.7295957558941036,1.6332155980793932,0.4463914004962618,1.556281936860533,0.25353388587970993
GSM7890835,TCAGTCCAGTCTACCA-1,False,0,12842,10266,0,0.14396997431413966,0.30119947011469195,0.14396997431413966,1.9781780742409487,0.0,1.4922696383947405,0.3427918472164624
GSM7890835,TCAGTCCGTGATCATC-1,False,0,27201,23098,2,0.6574419601090412,1.4979151879523318,0.8743296336383938,1.1649620614070577,0.4723021819962641,1.2521401888729913,0.11378019332871304
GSM7890835,TCAGTGAAGGTACAGC-1,False,0,15443,13132,1,0.12482120745170219,0.31954990993271626,0.12482120745170219,1.278199639730865,0.2888047417047256,0.9520376298570987,0.2612669102522595
GSM7890835,TCAGTGACAGGTAGTG-1,False,0,18261,13814,1,0.29409464665072604,0.420714891397508,0.0,1.1601652776393743,0.3151061391516413,1.3610810576976433,0.45481982977167207
GSM7890835,TCAGTGAGTGGCTGAA-1,False,0,37764,33351,3,0.23930957027224783,0.30470713606254984,0.26214684576694897,2.4035604119102363,0.2372232186094206,1.2425365189264586,0.3835327965967497
GSM7890835,TCAGTGATCTGCGTCT-1,False,0,11697,10493,0,0.0,0.2492224101280764,0.7900087934192466,2.342201950240468,0.3325805817388756,1.1953464814398695,0.2633432621945664
GSM7890835,TCAGTTTAGAAATTCG-1,True,1,11592,9047,0,1.593939979009086,2.1521486915610692,0.6433559209067895,1.493051416689695,0.0,0.5993868990277292,0.17626011137051822
GSM7890835,TCAGTTTAGTTCGGTT-1,False,0,10602,9228,0,0.1660863739739718,0.5017800399521041,0.5071202001337226,2.778290695752672,0.21200454074680147,1.6537508147663558,0.4592755058661878
GSM7890835,TCAGTTTCATGTGCCG-1,False,0,20159,15970,1,0.32859491710415234,0.6188371950714985,0.0,2.6667782097960075,0.21840565663397338,1.6505350995180312,0.566359928284265
GSM7890835,TCATACTCAATAGTGA-1,False,0,36142,31535,3,1.0363160827411682,1.8711041045193098,0.8033781873294875,0.0,1.2991659239541402,1.3717622997122811,0.15144320329752076
GSM7890835,TCATCATGTATTGACC-1,False,0,29166,23634,2,0.2211040321524534,0.1768358513217184,0.0,1.5626638179007915,0.258669728526079,1.1171431435120027,0.22934353543702407
GSM7890835,TCATGAGCATAGACTC-1,False,0,13183,10928,0,0.0,0.4377524772959764,0.0,0.5644911306769236,0.3428070065564576,1.1643223550985684,0.31750545094671745
GSM7890835,TCATGGACAGTCGTTA-1,True,14,21682,15835,1,2.442905377565965,1.9131158036762417,0.8564917557787897,0.6535869576996989,0.20910194618236236,0.3208654281303491,0.19751834286345032
GSM7890835,TCATGGAGTCTAGTGT-1,False,0,10832,9105,0,0.26151209887552285,0.5813777062775825,0.7583955874621446,2.4914093412497023,0.13079710997124794,1.4603217299085955,0.34127479178650744
GSM7890835,TCATTTGTCTGTCAGA-1,False,0,25357,22156,2,0.0,0.361407856511911,0.0,0.7807482930481269,0.1163019387249407,0.6099710868922601,0.20563337780150626
GSM7890835,TCCACGTCAGTATGAA-1,False,0,17598,15212,1,0.0,0.7305488468892084,0.22497902355299687,2.7217005951612205,0.15183311965368013,1.4895924951564425,0.4986455197437689
GSM7890835,TCCACGTTCTCGTTTA-1,False,0,16270,12529,1,2.5853303414794997,2.7457782021563295,0.7665773470800381,0.0,0.3089913509890402,0.0479104682466502,0.11978721757496648
GSM7890835,TCCATGCGTGAGATAT-1,False,0,38862,31252,3,0.1144915444208856,0.3898384991819462,0.17692064502475013,1.8568816165334674,0.2816037982797051,1.5621119207062832,0.34913999554396496
GSM7890835,TCCCAGTTCAGATGCT-1,False,0,6419,5607,0,0.0,0.7781801243440276,0.8676614353261497,1.7358282741518918,0.810379471175272,1.3456356383561898,0.2721958242145557
GSM7890835,TCCCATGTCTCTCGCA-1,False,0,8413,7590,0,1.081999084462186,1.9952119321521111,1.190322851075046,1.2170686583433976,0.24341373166867952,1.2876380445788898,0.11740911617082307
GSM7890835,TCCGAAATCACAAGGG-1,False,0,26933,24121,2,0.0,0.2660689992781028,0.13884218805328846,0.5553687522131538,0.21285519942248224,0.9646604604841762,0.2984693720982976
GSM7890835,TCCGTGTCAAGGTCAG-1,True,20,28058,24036,2,2.2070333617321154,2.2276802360223273,0.2580015575415392,1.7286882579774425,0.10762696369949451,1.106976777726605,0.33831326057361727
GSM7890835,TCCGTGTCAATGGGTG-1,False,0,32504,26975,3,1.2613702318733253,0.3527524542035846,0.8186776255853901,1.241625617882521,0.09590523969719919,1.0884576692608063,0.222608578581814
GSM7890835,TCCGTGTCATAATGAG-1,False,0,13478,11995,1,0.2775025429661526,0.38740866566293036,0.0,1.171196336510962,0.3391854630323568,1.1029520751698036,0.2892729128839553
GSM7890835,TCCTAATCATCCTTGC-1,False,0,26447,21483,2,1.386094665055402,1.9315122398133786,0.4198553303945365,2.4167257200302887,0.11263382945534359,1.3769111602529793,0.2725733083015693
GSM7890835,TCCTCCCGTTACACTG-1,False,0,9485,7944,0,0.0,1.4528778323725324,1.164833989579805,1.8360125765415118,0.0,1.2341047928258697,0.1997324854688102
GSM7890835,TCCTCGACAACCAACT-1,True,4,17158,13358,1,2.1393776621459977,2.7042192649295798,0.4802647284976173,0.45920712512582945,0.09184142502516589,0.6513333087252038,0.1822775202455668
GSM7890835,TCGACCTGTGCGAGTA-1,False,0,24890,22000,2,0.29487446820717006,0.454159780196179,0.1977162665455743,2.401904901265731,0.44893024061444875,1.4581299349992263,0.4934468217130882
GSM7890835,TCGACCTGTTTCGCTC-1,True,10,19106,15155,1,2.1706871916518597,2.236561745059873,0.321409783959104,0.42094191664331787,0.22744308053991688,0.49963868663991284,0.17292224576503473
GSM7890835,TCGACGGAGTTGTCGT-1,False,0,7568,6212,0,0.21053755839438576,1.1708080999989123,0.8818387327904366,0.842150233577543,0.36764628690123297,1.5745105562949075,0.1692729466489281
GSM7890835,TCGACGGCATGTGACT-1,True,4,22342,18495,2,1.9497493674702882,0.8872459814734686,0.6749240610099362,0.36989838000709546,0.0739796760014191,1.039461837496209,0.24014039232571577
GSM7890835,TCGATTTAGAGAGCGG-1,False,0,40293,33116,3,2.4863746418961634,2.5537114438994237,0.7179151632667115,0.0,1.8335166915832495,0.5985181316096323,0.13928100637778776
GSM7890835,TCGCACTCACGCTGCA-1,False,0,30407,24417,2,1.3060864533785062,1.6553383138712223,1.0575758874035541,1.5986721079222812,0.1137320768884835,1.0413160134902022,0.2770037142802857
GSM7890835,TCGCTTGGTTAAGGGC-1,False,0,47564,36681,3,1.8387035611504283,1.1707446634075047,0.46265455193621885,1.7272826174809015,0.13596968583552677,1.3329766026096324,0.32156102118244784
GSM7890835,TCGGATACAGTGCCTG-1,False,0,22610,18106,2,0.32393461307113386,1.3749494639402837,0.9944113437816942,1.6055382354190557,0.0,1.2376364886853428,0.22665779669819439
GSM7890835,TCGGGACTCTCATTTG-1,False,0,19373,14141,1,1.1763808151394726,2.610585067479068,0.45459317515725883,0.4161955409352351,0.2250790998070777,0.7867627921998739,0.25611731563849177
GSM7890835,TCGGGCACAGGATCTT-1,True,2,29033,25656,3,1.8590307654233857,2.0638948748150203,0.8945595767909399,0.5240604267514596,1.5441969164482046,0.7368456731426475,0.09623245904751092
GSM7890835,TCGGTCTCAGAGCGTA-1,False,0,7441,5859,0,0.4259092539357036,1.0921926417570733,0.5510619732909493,1.8524815853101915,0.0,1.496278442427944,0.4029867358209727
GSM7890835,TCGTAGAAGGAAACGA-1,True,1,19187,16520,1,1.7766113417021296,2.383946238794531,0.8442721687339003,0.0,1.0344276411450795,0.5140953016259205,0.09716593123290537
GSM7890835,TCGTCCATCCATGAGT-1,False,0,34415,31067,3,0.509186114919141,0.9877000982257849,1.0166967774819409,0.2550847343713368,1.3900089925291812,1.3345227367824084,0.1817015163302253
GSM7890835,TCGTGGGAGCCAGTAG-1,False,0,24875,20651,2,2.390850699361466,1.884236740056232,0.6865526861055358,0.7911945883506789,1.1240601382631232,1.0259300583147741,0.2140689461152611
GSM7890835,TCGTGGGCAAGGCCTC-1,True,3,21735,18438,2,1.8271140746838883,0.5967093955235654,0.7413633225647941,0.6524162408619446,0.34458453732927496,1.1650956580686422,0.22923203888567367
GSM7890835,TCGTGGGCATAGCACT-1,False,0,11435,9788,0,0.15708656814379898,0.25281077359007,0.8008101215569297,2.515161420111006,0.0,1.269449244352194,0.4523948093407142
GSM7890835,TCGTGGGTCGAGAACG-1,False,0,4027,3301,0,0.0,0.3119905904670543,0.44653912903508447,1.2479623618682172,0.47835628004295466,1.7557498951537724,0.3269090574572174
GSM7890835,TCTAACTGTTTGTGGT-1,False,0,35547,29260,3,2.8344257760016145,2.2784075200718275,0.7676629095479239,0.0,0.6345647081213149,0.8668537153607062,0.13151163157974693
GSM7890835,TCTACATAGTCTCTGA-1,False,0,21230,17118,1,0.19298194778991123,0.8389213388308709,0.5574740764504658,1.6561848538887731,0.21184439795493967,1.5868971086846542,0.2554135279018077
GSM7890835,TCTACATCACACCTAA-1,False,0,30176,26135,3,0.2825455904371532,1.1595130616123406,0.4602257631833008,0.0,0.3734955945266861,1.3026802128902806,0.2655737520997885
GSM7890835,TCTACATGTCGGTGTC-1,False,0,31550,28729,3,0.2064929492356763,0.5073004714203253,0.19157563844749545,1.9490747086582765,1.650053987681762,1.253020731429261,0.34242480959010774
GSM7890835,TCTACATTCACTGCTC-1,False,0,21593,17220,1,0.19028319448693762,0.6162186283396729,0.19028319448693762,2.1293987310760656,0.17420336325551816,1.30772068116717,0.3344304057601261
GSM7890835,TCTACATTCGTTGCCT-1,False,0,14174,12437,1,0.9945989645586804,1.2637483129911549,0.9617837157381275,0.5338683750492009,0.4817057076527469,0.7218970507599914,0.24584254324391194
GSM7890835,TCTACCGCAAACGGCA-1,False,0,19444,15206,1,0.33706344796390453,0.38311194218159106,0.0,1.8153091031051796,0.18666043536847352,1.1597000554553611,0.2920966327899446
GSM7890835,TCTACCGTCATAGACC-1,False,0,49672,44524,3,1.259861137153051,1.747997215108614,0.9996547214551521,0.18342150459027046,0.8641981119185331,1.0075638183231574,0.17171200223214683
GSM7890835,TCTACCGTCTTCTAAC-1,False,0,30044,27399,3,0.9727546967865336,1.760479886624568,1.1109315091740826,0.0,1.4579976134021795,0.6938013360856432,0.10098230711722385
GSM7890835,TCTCAGCGTTGGAGAC-1,False,0,29609,25064,2,0.1454889979980856,0.0727444989990428,0.713842847206259,1.6199468549896159,0.29528877135649245,1.6001011168297157,0.2363420555240393
GSM7890835,TCTCAGCTCGAATGCT-1,False,0,40445,35868,3,0.05523515184760667,0.4216885353424749,0.05523515184760667,2.364876530815626,0.5769585263322161,1.0055734070074798,0.3673207528654819
GSM7890835,TCTGCCAAGACATAGT-1,False,0,3648,3273,0,0.32985347963430955,0.32985347963430955,0.0,0.0,0.26388278370744767,0.9065291899693678,0.3301764918977109
GSM7890835,TCTGCCAGTCGGAACA-1,False,0,15908,13314,1,0.12193241849380661,0.4473993331248627,0.2649543166182444,1.0598172664729777,0.359313454258816,1.4872749397370266,0.42038856237212696
GSM7890835,TCTTCCTGTAGATTGA-1,False,0,12283,10940,0,0.0,0.5393850775062888,0.0,1.9019483324284558,0.24723378429247728,1.221015719139579,0.3059683433082532
GSM7890835,TGAATCGGTTGGAGAC-1,False,0,35730,29761,3,0.1523911925600416,0.11113198238653164,0.6074243104272266,1.700745486479114,0.19710821138458867,1.9715646891442749,0.3131738407574641
GSM7890835,TGAATCGTCCAAGCCG-1,False,0,26813,23269,2,0.21855957418119304,0.9106519423167239,0.9272588758992673,1.0524870521292573,0.4166262734478757,1.4902243604388252,0.2860852558964332
GSM7890835,TGAATGCGTCCGGCAT-1,False,0,22833,20376,2,0.09080681230519264,0.3913459089923087,0.0,1.4025953220751455,0.2024547110425464,0.9390313792825115,0.30051644857890675
GSM7890835,TGACCCTCAAATTGGA-1,False,0,27438,21193,2,0.6817754611180614,1.5281863321476925,0.9276646838667161,1.4539816208444687,0.06215146349503285,1.139317278422706,0.270406487690635
GSM7890835,TGACCCTGTGCCTTTC-1,False,0,46472,41021,3,0.04872373985073492,0.3872437863044621,0.5401855707320335,1.5837713362821864,0.3762209496205609,1.5475123540365356,0.32444840356874877
GSM7890835,TGACGCGAGCGTGCTC-1,False,0,17920,16215,1,0.11085646758684684,0.46761682173879604,0.11085646758684684,2.237570267965593,0.3396466822434463,0.9312554197383982,0.41334951555822874
GSM7890835,TGACGCGTCGAAGCCC-1,False,0,20631,18117,2,0.0,0.09880444225923306,0.39616639057111813,0.39521776903693223,0.33588110802792637,1.4701575129120121,0.2721236154417849
GSM7890835,TGAGCATTCTGACGCG-1,False,0,14627,11312,0,0.0,0.45965834906053815,0.27886748027943237,2.0588142427201137,0.20838970645171506,1.527944227645722,0.3091400711856395
GSM7890835,TGAGCGCCAACAGATA-1,False,0,6848,5127,0,2.3885591294277075,2.164025223016213,0.4207111760597221,0.0,0.7265489398885776,0.3632744699442888,0.051444303802981636
GSM7890835,TGAGGAGCAACACAAA-1,False,0,40093,35180,3,0.46042586260055285,1.0598533737211782,0.8732914206778973,0.6919867040104664,1.0181513467656353,1.297305918602931,0.21775292850858943
GSM7890835,TGAGGTTCATGGCCAC-1,False,0,16062,14360,1,0.20219586139697654,0.20219586139697654,0.12100552023911094,2.136654430439934,0.4692675215703792,1.0995092164800973,0.3330376670635013
GSM7890835,TGATCAGTCTCACCCA-1,False,0,23179,17592,2,1.7562165162128718,2.397711769355214,0.15552689240152584,1.6703918856823978,0.22993235964387598,0.8377603083776103,0.2835224692535687
GSM7890835,TGATCTTGTCGAACGA-1,False,0,8149,6434,0,0.20018006060904522,0.49127836539354125,0.0,2.6740513194418343,0.16014404848723618,1.3818852566811821,0.43288618406261603
GSM7890835,TGATTTCTCATCAGTG-1,False,0,44183,38282,3,0.6071459858395748,2.1354918147580118,0.48843537168057594,0.756899598489308,0.37770302529561617,1.0440025525817418,0.16401749312958538
GSM7890835,TGATTTCTCTGGGAGA-1,False,0,21251,17834,2,0.09641185564592447,1.48822643379049,0.535869714468555,1.4572099982199387,0.48533596037013355,1.7145650850869998,0.2924630777680375
GSM7890835,TGCACGGGTGTGTGTT-1,True,17,15888,13310,1,1.2503740049787715,2.1461369068830294,0.5708934233450421,1.6874800146063451,0.09764308671465288,1.3005302441421764,0.19257516503457586
GSM7890835,TGCAGATAGACTAAGT-1,False,0,18033,15067,1,2.3248164409051513,2.2540391708273857,1.017429800473325,0.0,0.23748595322060595,0.7650571948542555,0.12342296558144056
GSM7890835,TGCAGGCAGTCGGCAA-1,False,0,17113,13086,1,2.552437650228015,1.9251153183492777,0.3763583674881224,0.46017490906582514,0.34720736806715047,1.2369779003718333,0.3255596418659887
GSM7890835,TGCAGTACAAAGACTA-1,False,0,33969,27042,3,0.22624983477735558,0.3552680828548146,0.3881549216261833,1.3721600859033318,0.15563954850283895,1.3310014023847736,0.3039631431147256
GSM7890835,TGCATCCTCTCCGCAT-1,False,0,23347,20420,2,0.08912482927241193,0.427789421915714,0.08912482927241193,0.0,0.12375380009525665,0.7381848449535908,0.23681009340299194
GSM7890835,TGCATGACAGCTCCTT-1,False,0,29033,24465,2,0.07399358203031654,0.42813065742475265,0.1479871640606331,0.7096634955091684,0.28219353030482985,1.4634581414111363,0.45049066436399576
GSM7890835,TGCATGATCCAGCTCT-1,False,0,14608,13248,1,0.1303755673676552,0.1303755673676552,0.0,1.8681727152258614,0.2973537836555628,0.8845916620922708,0.3242333163047298
GSM7890835,TGCCGAGCACGAAAGC-1,False,0,2717,2413,0,0.0,0.9167491407578179,0.0,2.7550686370227564,0.0,1.513090690558401,0.28116119901168196
GSM7890835,TGCCGAGCAGGTGAGT-1,False,0,23046,20746,2,0.09010207790924407,0.09010207790924407,0.09010207790924407,1.8256740382623844,0.2995366543765191,1.129908667797096,0.24526693180315304
GSM7890835,TGCCGAGCATCTATCT-1,False,0,33589,29924,3,0.13030309626484676,0.3842724816307682,0.13030309626484676,2.021516213812075,0.24367760763935564,1.428416764228675,0.3575312403526191
GSM7890835,TGCGATAAGTATGAGT-1,True,6,11020,7849,0,1.9416416936450334,1.6457110377869626,1.037551595909852,2.3099985615372467,0.0,0.6304363047636369,0.18873091771495867
GSM7890835,TGCGATACAAGAATGT-1,False,0,30365,23618,2,0.572926943108557,1.595897992851372,0.24332203216789144,1.599775042318426,0.16808107021979848,1.4032182328897467,0.29727661015853923
GSM7890835,TGCGGCAGTGGTAACG-1,False,0,35913,30742,3,0.0,0.3562599369908724,0.12282447721478462,2.1743675122873403,0.216303731090836,1.5660609313618632,0.35702745051387114
GSM7890835,TGCTCGTAGATCCAAA-1,False,0,35509,30216,3,2.0761657153530404,1.9501693247872038,0.614655384306518,0.6124013523051339,0.36971477679548437,1.4142476385611338,0.23400767642717554
GSM7890835,TGCTGAAAGTTCGCAT-1,False,0,19627,16535,1,1.7158966593170397,0.9021391438141257,0.40613176072181,1.4004470620123437,0.1855257742316601,0.8624058189172953,0.2314336201846134
GSM7890835,TGCTGAACAATAGAGT-1,False,0,15365,12127,1,0.12531951885905132,0.5817243786705368,0.12531951885905132,0.0,0.16672608698110106,1.8477513286374887,0.4012942531996075
GSM7890835,TGCTTCGAGTTGAATG-1,False,0,22605,19831,2,0.3415973891826363,0.9535313938272137,0.21116001287842065,0.0,0.07325890601971943,1.7157219381138813,0.2913510242040823
GSM7890835,TGCTTCGTCGTCAACA-1,False,0,17631,14173,1,1.6281661100245426,2.8202416898505343,0.6704674030765028,0.7581694624952151,0.28862094159819296,0.695178603778118,0.11856725965350383
GSM7890835,TGGAGAGGTCCGGTGT-1,False,0,21240,17358,2,2.419765135495394,2.383988433862177,0.26472859360393625,0.3858131285977471,2.159075850904379,0.3256110568538778,0.1360284658024563
GSM7890835,TGGAGAGTCATGGGAG-1,True,6,9835,7736,0,2.238698601826919,1.689043906771978,1.1322156021412753,0.0,0.36112866443689146,0.8785250093960368,0.11011573081227871
GSM7890835,TGGAGGAAGGCTCAAG-1,False,0,14015,11523,1,0.2216683547950681,0.7068387627730679,0.2861005750740295,1.3491336011521966,0.3328279181497408,1.6158445149570717,0.48407951267893673
GSM7890835,TGGATCATCTTAGTTC-1,False,0,48292,41017,3,0.13368141528503885,0.29131048688763284,0.1207948777925341,2.792602664123574,0.06930534278776924,1.9401012825600474,0.4819767600471874
GSM7890835,TGGATGTGTACGAAAT-1,False,0,11530,9483,0,0.0,1.3338381496026948,0.3743029570147913,1.6745725264714313,0.1248989954190608,1.5360652648199535,0.5567793160377814
GSM7890835,TGGGAAGAGTCACTCA-1,True,7,21530,15153,1,1.6329109937917965,2.3321395125406035,0.5478199533212783,0.38149216218069776,0.0,0.5653418217959322,0.11106314538465192
GSM7890835,TGGGAAGAGTTAGTAG-1,False,0,21530,18646,2,1.3544115311286706,0.4089252938313142,0.5661391398875434,1.2006696307440208,1.1617391252997702,0.928397511752334,0.21673644058259964
GSM7890835,TGGGAAGCACGACGCT-1,False,0,31442,24044,2,0.06903757014139218,0.553129393389953,0.0,1.905806150430141,0.2135120625488011,1.8445156117984525,0.42292831625417754
GSM7890835,TGGGATTTCGTAGCCG-1,False,0,28041,24159,2,0.13459677202831372,0.2558916511864563,0.5076444074966601,1.5186828002619646,0.2531738041218317,1.480701491551787,0.3649935021474824
GSM7890835,TGGGCGTTCGAACCAT-1,False,0,22387,19634,2,2.1412988296021833,2.256057577372707,0.5244125924811743,0.638361278206036,1.7532337096191406,0.5793893868166163,0.13936904278785342
GSM7890835,TGGGTTATCCGTTTCG-1,False,0,14800,12043,1,1.681174432977621,1.7107459590803267,0.8079413423985494,0.8549902060103592,0.2618126026367801,1.3825105868028458,0.18508098304417703
GSM7890835,TGGTACAGTGATACAA-1,False,0,1862,1670,0,0.0,0.0,0.0,1.8516888345616596,0.3703377669123319,0.43147876255784273,0.2290904369914785
GSM7890835,TGGTGATGTACGACTT-1,False,0,11549,10022,0,0.0,0.4677979189708679,0.644583943017754,2.353718620528289,0.2560549200980389,1.3746091847134614,0.37835738682273445
GSM7890835,TGTAACGCAAGGGCAT-1,False,0,20857,18223,2,0.0,0.7962848785481312,0.3678993046605077,1.6705514591527835,0.2445948276448103,1.7692092890762599,0.32406490213749395
GSM7890835,TGTAACGGTAACGTTC-1,False,0,11916,10829,0,0.15233373220628338,0.4119741482151488,0.8154157348229802,1.4717449929744766,0.0,0.8581652318248096,0.3649595265188267
GSM7890835,TGTAAGCAGAAGAACG-1,False,0,26206,20494,2,0.14178031690069362,0.7991287110187186,0.23169567527365095,1.9608651955570922,0.32963601068523113,1.4413880129586665,0.32328652061411917
GSM7890835,TGTAAGCAGGACTTCT-1,False,0,3395,2891,0,0.8256990763233583,0.48255464082688004,0.34314443549647816,0.0,0.0,1.0836782375246234,0.1256158181891012
GSM7890835,TGTACAGAGATCCCAT-1,False,0,22556,19588,2,0.34675540678722316,1.3817826214299644,0.6014559603530484,1.0200610496290334,0.5220329909266768,1.5709506041170194,0.23554779999607825
GSM7890835,TGTACAGGTCCACAGC-1,False,0,14672,12066,1,0.21499788231997355,2.006174745083279,0.5140337409343636,0.0,0.0,0.7573705560378274,0.1026410501785431
GSM7890835,TGTAGACAGTCATCGT-1,True,1,8526,7132,0,1.6358455213417415,2.44125107002263,0.7150369373605809,0.0,0.24153912675164238,1.031865828866218,0.18592513727040808
GSM7890835,TGTCAGAAGTGGAAGA-1,False,0,11197,10184,0,0.2561690127670364,0.4157224570051714,0.6548615480866977,1.0246760510681456,0.7207646315730972,1.3373665610664378,0.17126023784850633
GSM7890835,TGTCCACCAGCATGCC-1,False,0,40604,35336,3,0.05504101015755961,0.8381927950727384,0.441623858516703,2.0663401327817987,0.08009886271508088,1.6296823112661774,0.4288583569674677
GSM7890835,TGTCCTGCAACCACGC-1,False,0,3267,2851,0,0.35035190407896166,0.6458795217783792,0.0,1.4014076163158466,0.28028152326316935,0.61560164011899,0.3379993493682466
GSM7890835,TGTGAGTTCTCCATAT-1,False,0,36213,30564,3,1.6899224365347614,2.1943925191121654,0.2118254053249531,0.603458647899247,0.2639742629751768,0.9741437966369197,0.2985083969204854
GSM7890835,TGTGATGCATACAGAA-1,False,0,15845,12413,1,1.2383777282950326,0.8829554887476405,0.38791882846602466,1.0624121483589801,0.25194520056998115,0.9412113147671528,0.2972582025511913
GSM7890835,TGTGATGTCAAGATAG-1,False,0,20853,16416,1,0.6550122670204122,0.5718320220592411,0.6879339166534578,1.670707176509108,0.07834723351391057,1.1935189039616483,0.2862038351777481
GSM7890835,TGTTACTGTCGTTATG-1,False,0,21384,18542,2,1.3707502089277224,2.7915789239979842,0.50849898546025,0.0,0.4951465416126476,0.5619869016192292,0.10133826372021813
GSM7890835,TGTTACTTCGGCTATA-1,False,0,16550,14971,1,0.1980737710931789,0.3071847751847644,0.8242552261347664,2.659773500254085,0.39038685273173884,1.1891055927838916,0.3592720126713269
GSM7890835,TGTTCCGCATCGCTGG-1,False,0,28239,25486,3,0.07578798399511476,0.4063420287966283,0.5363933202643801,0.8823122476810756,0.47856825205799014,1.3341922218906812,0.2728096587367264
GSM7890835,TGTTCTAAGCACAAAT-1,False,0,21528,18902,2,0.16425337127508083,0.35791489219956146,0.09538040661702447,0.3815216264680979,0.0,0.46957535104513903,0.22488152052580068
GSM7890835,TGTTGAGAGAGCGACT-1,False,0,23196,18528,2,1.9533158740705483,0.8631308378610381,0.6968421721187755,1.1491609246512466,0.07168990734440148,0.5906555913333602,0.17000146564546822
GSM7890835,TGTTGAGCACAAGGTG-1,False,0,28392,25790,3,0.4626458126653722,0.7872837047497292,0.7112527366854551,0.0,0.8434423691005518,1.249742156109951,0.20060894065498322
GSM7890835,TGTTGGAAGAACAAGG-1,False,0,16702,13969,1,0.31412819324857766,0.6952280209789541,0.9075544132061077,1.9440952043752022,0.0,2.0777686581074883,0.4612888899539596
GSM7890835,TTAATCCTCGATAACC-1,False,0,28622,21837,2,2.371206935472443,2.606270334238199,0.1792335999651256,0.5299004504885115,0.860285438551393,0.6280309055870831,0.17742034025483916
GSM7890835,TTACAGGAGCGCCTAC-1,False,0,11194,9605,0,0.3191701011417382,0.0,0.1595850505708691,0.6383402022834764,0.20496956963209315,1.2222843768836695,0.2893373458811077
GSM7890835,TTACCATTCCTACCAC-1,False,0,18565,14861,1,0.1077260261368456,0.8319033936499123,0.29049278657607536,1.8541832457690295,0.2297718321785589,1.803281620204682,0.37856779369824783
GSM7890835,TTACGCCTCAGGGTAG-1,True,6,23962,20391,2,1.7983050797350852,1.6973389465141917,0.5587517880973031,0.6068563821881746,0.19636398296052576,0.7986584534870093,0.2023523652803407
GSM7890835,TTACTGTTCTTGGGCG-1,False,0,44206,39113,3,1.8470678523727213,1.8945986435550517,0.7715784151226938,0.3732361377956687,1.463738834562624,0.8812226054681066,0.13486247853165184
GSM7890835,TTAGGCAAGAATAGTC-1,False,0,13997,10823,0,2.6697050669373756,2.105820019983644,0.379998296580624,0.0,0.22905568576741694,0.16843642304333706,0.07428736681801225
GSM7890835,TTAGGCACATGTGGTT-1,False,0,16680,13492,1,0.19700531261441587,0.4542816652363545,0.5258580075791226,0.4697038241168223,0.2771389321903985,1.3355163902975666,0.2910031753111244
GSM7890835,TTAGTCTTCATTGCTT-1,True,6,17495,13806,1,1.871102144314874,1.6944372228020204,0.75533270979684,1.350138395241139,0.2700276790482278,1.0428765520107297,0.11176252216521439
GSM7890835,TTAGTCTTCTTCCCGA-1,False,0,15192,12998,1,0.0,0.575391015577825,0.0,0.0,0.47726789205083764,1.124400656843413,0.44924927935757736
GSM7890835,TTATTGCCATCTGGGC-1,True,1,37965,29398,3,2.7395758301029964,2.3871809090260836,0.8449575559005996,0.0,0.2580670694271604,0.8810866323715189,0.16211065347638767
GSM7890835,TTCAATCGTGCGACAA-1,False,0,13451,10545,0,0.13896492129496466,0.5209021606117484,0.6931626371643297,2.0400446179239453,0.0,1.602426082147733,0.47937692839695145
GSM7890835,TTCAGGATCGCGAAGA-1,False,0,11371,8998,0,1.8119912681785415,1.5111133105346277,0.7281923309915815,1.5080075562618742,0.20296352892839514,1.215054891785858,0.25775413310934
GSM7890835,TTCATGTTCGAACGCC-1,True,9,17214,13357,1,2.297742039461614,2.5793032044174593,0.5717780928596701,0.0,0.24021512349110924,0.4713881467081791,0.10841407793121677
GSM7890835,TTCATTGGTGGTTTGT-1,True,4,18845,15020,1,2.7033355551150717,2.271227920201023,0.46423132853205135,0.0,0.39800746471800696,0.32534018156369554,0.1992923175976053
GSM7890835,TTCCGGTAGCAGGCTA-1,False,0,42962,35278,3,0.1046293356071829,0.8917154089235453,0.35844368156301104,1.6466853493005489,0.3698033174611155,1.7665208486314072,0.4163244869826699
GSM7890835,TTCCGTGGTGGCACTC-1,False,0,13749,12433,1,0.0,0.2732871650679721,0.2244961732637116,0.8979846930548464,0.4226056344777057,0.5697036037560815,0.3415473031157237
GSM7890835,TTCCTAAAGGCGATAC-1,False,0,8185,7432,0,0.19957346690396352,0.963340584426021,0.4431861396200381,1.5401395575172492,0.247297342142088,0.5098051671485899,0.3581489056359787
GSM7890835,TTCCTAAGTCCTATAG-1,False,0,47245,39461,3,1.9655430966596283,2.227552802390452,0.561939928665475,0.35299583804092327,0.5683226709227865,0.8742769052927228,0.19630420835147813
GSM7890835,TTCCTAATCAAAGACA-1,False,0,28233,23781,2,0.0,0.7670072976112541,0.3783393537784687,2.287967385607881,0.1071103855101307,1.682796609725242,0.4240205620939264
GSM7890835,TTCTAGTAGAACAGGA-1,False,0,9833,8052,0,1.5222780864541325,1.6497145837529321,0.4057333348447576,0.0,0.2806412564886126,0.8337384707391221,0.2658153694808896
GSM7890835,TTCTAGTAGAGCCGAT-1,False,0,20966,17913,2,0.0,0.4170580416086924,0.09749693759106605,1.0674142537014186,0.32185731228787084,1.4999945922451114,0.5097356742340593
GSM7890835,TTCTCTCGTACCAATC-1,False,0,20875,18743,2,0.0,0.3906964328765845,0.09784863105280553,3.1576372421612544,0.21405406213316694,1.1096928336242666,0.34171283798958635
GSM7890835,TTCTTCCGTCGTTTCC-1,False,0,32750,27011,3,0.6397402144876787,1.3103309696969379,0.43466452993909166,2.2565011872657594,0.1065864933206033,1.5906892674326047,0.2965215361465546
GSM7890835,TTCTTGAAGGCGAAGG-1,False,0,12230,10303,0,0.5933785751601747,0.5951627202174127,0.14938769456925605,1.4517650927491264,0.1938011492256531,1.4895415442122344,0.3506509298240191
GSM7890835,TTGACCCAGAATAGTC-1,False,0,16584,14276,1,0.11796778897970368,2.3531116002180608,0.4651237578811081,0.7911726112222756,0.20656375188026804,1.0391512185289142,0.31699801623432783
GSM7890835,TTGAGTGCAGGTGGAT-1,False,0,14380,12779,1,0.13198119294005622,0.3498903548555069,0.0,2.603976653782424,0.10558495435204499,1.0519120770513857,0.35478184626108883
GSM7890835,TTGATGGCAGTTGAAA-1,True,2,21915,17335,2,2.037330331375449,1.8704982504685916,0.8451886538678924,2.1163682111451254,0.07518095696744963,1.185673491838785,0.28210979405358183
GSM7890835,TTGCATTCATTGGATC-1,False,0,9680,8082,0,1.7651418881466396,1.8693689933844544,0.879685523279011,0.7095409903356217,1.2352929512571085,1.1999300049430892,0.22768864824120277
GSM7890835,TTGCCTGAGGGTAATT-1,True,2,31280,25987,3,1.688147153617991,1.0789831546454716,0.6636236197688943,1.1749100427187558,0.09886437938706084,1.3621805078963296,0.33335437246570904
GSM7890835,TTGCTGCCAGCTGTCG-1,False,0,26581,22344,2,0.07983307627052176,0.5639231467870556,0.4270102224200759,1.2901853596525896,0.3595443881227138,1.4506630209522737,0.3580106139678469
GSM7890835,TTGCTGCGTCCACAGC-1,False,0,6197,5551,0,0.0,0.8407752670657007,0.2401901839810723,2.008849556934415,0.0,0.7380800182131633,0.4236750241376224
GSM7890835,TTGGATGAGTATAACG-1,False,0,28774,21140,2,0.8769110880977049,2.2755346971449066,0.76960924276117,0.527725182377649,0.3432056086889449,1.3355592973753458,0.22530342363036138
GSM7890835,TTGGGATAGCCAGAGT-1,False,0,43405,39048,3,0.5417230833182647,1.2886991439910243,0.5519044778944019,0.5254174113476523,1.028491693706041,1.214954117057849,0.31873963650779663
GSM7890835,TTGGGTAGTAACAGTA-1,False,0,29864,26548,3,0.17385539529144367,0.6806464689499513,0.2563227789471334,1.5440167802830649,0.19673428928436826,1.3560382846622228,0.4044666552025332
GSM7890835,TTGGGTAGTTTAGACC-1,True,3,25805,21023,2,1.9686787976030848,1.2733834318209776,0.5422758808398804,1.66065176169736,0.0,1.028997396056201,0.2145375108139501
GSM7890835,TTGGTTTGTAACATCC-1,False,0,27641,22119,2,1.2115794205327184,2.0948148199838292,0.5813260383576705,1.0327954604815668,0.7004527153047023,1.2467996851384213,0.2660717648087839
GSM7890835,TTGTGGAAGTTGCGCC-1,False,0,14575,11752,1,2.453420274907994,2.1780733659838427,0.8821619602898807,0.0,0.1727646290628532,0.19086670129076144,0.10283025925212272
GSM7890835,TTGTGGAGTGTCCGGT-1,True,2,26067,21181,2,1.027032346646122,0.7404165243568951,0.267736096086508,1.1944559161784465,0.11388534240082335,1.4991539413775274,0.3292077232951023
GSM7890835,TTGTGTTAGGAATCGC-1,False,0,9663,8724,0,0.3552172690801242,0.2803990797256717,0.49384129282887307,2.3334903357310037,0.2824229208357796,0.9780000477181006,0.3463071324172189
GSM7890835,TTGTGTTCATCATCTT-1,False,0,17106,13482,1,0.0,0.6887603430013371,0.23016291321761712,2.3373191442206256,0.15486988048921918,1.8155891628986858,0.3520106705643139
GSM7890835,TTGTGTTCATGGAGAC-1,False,0,13078,11465,0,0.23198424492412933,0.4400073376123677,0.0,0.0,0.392501284434233,1.404751091600626,0.3001351147260484
GSM7890835,TTGTGTTGTACGATCT-1,False,0,29743,23579,2,2.3428789289809373,2.8196300587503513,0.8239215623442931,0.2898399147758859,0.1972430306659813,1.2011187709302262,0.21893012987235597
GSM7890835,TTGTGTTGTTCGTGCG-1,False,0,23550,18877,2,0.08847776073881601,0.24217373144783727,0.0,1.4809287673791665,0.3669679620668861,1.3539350492778959,0.29769899973686975
GSM7890835,TTGTTCATCTGCCTCA-1,False,0,23786,18957,2,0.0,0.7130192350969771,0.5817984047437901,1.7271443361328147,0.12204339185601817,1.7435118000083278,0.3680362421283763
GSM7890835,TTGTTTGAGAGAACCC-1,False,0,26133,22907,2,2.435180670412586,2.0060089560494907,0.8063364389792252,0.7645249913753402,0.8906437196947016,0.8329275068687515,0.18747114811794444
GSM7890835,TTTACCAGTATTCCTT-1,False,0,17896,13924,1,0.18756708535840555,0.6268677429638863,0.4713064139307833,1.9666402094747624,0.0,1.2164007085545887,0.28827229425101464
GSM7890835,TTTACCATCACTACTT-1,True,1,40327,35280,3,1.5919141858875767,1.9913137663320266,0.5878259938468009,1.7424788185339133,0.39479733082680324,0.7276273140821823,0.26695555550613814
GSM7890835,TTTACGTAGCGGATCA-1,False,0,23640,18761,2,0.15325849210674317,0.3357694133746346,0.0,2.153413536496238,0.22724963276539595,1.611893239695408,0.3718281039869654
GSM7890835,TTTACGTCATGGAACG-1,False,0,42146,36324,3,2.312762287163643,2.1733895723979426,0.538421749741026,0.0,2.054748850557094,0.9549231075848322,0.16189932013234612
GSM7890835,TTTCACAAGCCACAAG-1,False,0,31247,26037,3,1.513294212338276,1.8025995828499592,0.600305057963604,0.0,1.6110610461524668,1.3008270274051965,0.22072679562119543
GSM7890835,TTTCACAAGCCGTAAG-1,False,0,31606,26141,3,0.12257274220262136,0.13744870582463947,0.9146151035460575,1.9475540543319478,0.0980581937620971,1.6364273388095278,0.24594496973106658
GSM7890835,TTTCACATCTCACTCG-1,False,0,31547,28615,3,0.4945535519795581,0.6359615225634905,0.8796532997467826,1.4278857049062414,1.4432575560752265,1.3872067867783242,0.2510162019821949
GSM7890835,TTTCAGTGTAAGATCA-1,False,0,19705,17234,1,2.577778008402504,2.0313295791944954,0.8383669448493516,0.4104429711607378,0.6955293950910517,0.8579128782644523,0.1775160008006243
GSM7890835,TTTCATGCACCAGGTC-1,False,0,39741,35581,3,0.21413185904348997,1.0965315898638908,0.7802385417621608,0.40763515148084456,0.9092966931691127,1.4069153367614067,0.17214958305326342
GSM7890835,TTTCCTCAGGGCTGAT-1,False,0,34339,31002,3,0.17863584578519423,0.4285129545904588,0.2717111778664356,1.364084721525495,0.272816944305099,1.394440333990854,0.24806416586381083
GSM7890835,TTTCCTCCACGTAACT-1,False,0,21399,19120,2,0.2608360968238668,0.2608360968238668,0.5279507198758409,2.1910160623807973,0.2519412756728486,1.1698361269423228,0.4165690441748032
GSM7890835,TTTGACTTCACCATGA-1,False,0,16369,14768,1,0.31878180921833454,0.2383998878014999,0.11919994390074995,2.751228510738525,0.20824836606823044,1.2557988835931106,0.37164956970802016
GSM7890835,TTTGATCCATTCCTAT-1,False,0,6987,5701,0,0.0,0.8219955907319533,0.4441985330334302,1.6665152199842117,0.0,1.757402114107153,0.14806143150961992
GSM7890835,TTTGGAGAGCGTATGG-1,False,0,30692,24643,2,0.5544062003611556,1.466871375393309,0.49319150749735635,1.7158587285402236,0.16686607560242636,1.6602896004653362,0.4522857643435908
GSM7890835,TTTGGAGAGGAGGCAG-1,False,0,13191,11683,1,1.195134105992543,2.0611495212007958,0.9869347253344751,1.5666271070821742,0.11284589870125787,1.069093259004346,0.13333244055623047
GSM7890835,TTTGGAGTCAATCAGC-1,False,0,12204,11184,0,0.24258172539582776,0.6735366474690702,0.5527695345021834,0.970326901583311,0.38148803916485013,1.011834370638094,0.37444006223872844
GSM7890835,TTTGTTGCAAGCTGTT-1,False,0,43649,36369,3,1.9609082325358196,2.422047456470286,0.5078261870551819,0.0,1.7594388296432897,0.7016250457237342,0.20697257862776178
GSM7890836,AAACCCAGTCACGACC-1,False,0,10838,9193,0,0.0,0.7210441393564342,1.00794332693897,0.6537197658460695,0.0,1.82467819069658,0.20766412980984528
GSM7890836,AAACCCAGTTGCATCA-1,False,0,22971,18625,3,0.0,1.0457030525668405,0.3750537110972205,2.3166814315010646,0.0,1.5398513987220324,0.2202093127767791
GSM7890836,AAACGAAAGCCTTTCC-1,False,0,39411,30880,3,2.52001895756907,2.2607068596377595,0.5231084274016511,1.1085263588627443,0.20365132077380635,1.181833787040161,0.1735619752822112
GSM7890836,AAACGCTGTACTCAAC-1,False,0,10803,9482,0,0.0,0.49605126713131903,1.0915891840195266,0.0,0.26578634695677567,1.1594943682674337,0.23238280725810856
GSM7890836,AAAGGATAGTTGCGCC-1,False,0,14523,11399,1,2.2581010651666684,2.413751482370591,0.7729734393672594,0.0,0.10477557061221517,0.15716335591832276,0.0748396932944394
GSM7890836,AAAGGGCAGCTATCCA-1,False,0,25195,22477,3,0.0,0.53819862844833,0.8443162028599931,2.097315184395451,0.18371987280906926,1.3815803014360024,0.223880229151449
GSM7890836,AAAGGGCGTGGCTTGC-1,False,0,11106,8854,0,0.0,0.642071857429483,0.8966850571769589,1.029915223802953,0.34102491164190596,1.5206397287312634,0.15521199132989735
GSM7890836,AAAGGTAAGTGGATAT-1,False,0,15548,12841,1,0.9327326346967159,1.2152803018502987,0.5193658063882473,2.236573916124767,0.0,1.8063149334669508,0.24467821363672654
GSM7890836,AAAGTGAAGCGTATAA-1,False,0,19572,17220,2,0.10318199856699412,0.5397944104904331,0.8189818650659519,1.113085691596744,0.18586523695515014,1.1362319539793035,0.2812329104163039
GSM7890836,AAATGGAAGGCCGCTT-1,False,0,7427,6017,0,0.4635174195237502,1.1690231504706328,0.7647055603695287,2.917970858346425,0.2612811841954824,1.5246189545810764,0.19804337375744524
GSM7890836,AACAAAGCAAGCCTGC-1,False,0,21613,18310,2,1.8180099061750326,2.294596539907011,1.0228762323054306,0.0,0.705792480576225,0.42041996069539866,0.051312513189713284
GSM7890836,AACAAAGTCGGATTAC-1,False,0,20589,18501,3,0.0,0.19794175730607744,0.6802587321586002,0.3958835146121549,0.17979544175231002,1.3578980535578598,0.1566401550638227
GSM7890836,AACAACCGTCGCCTAG-1,False,0,6568,5384,0,0.0,0.8120064039526576,0.6446802150298051,0.0,0.0,1.6119331888411683,0.20949250090040955
GSM7890836,AACACACAGGGACAGG-1,False,0,18473,15559,2,0.0,0.5450227249985528,0.2915731383077346,2.5990239811456677,0.0865292126479929,1.6237711209308259,0.3657057639232371
GSM7890836,AACACACGTAGAGACC-1,False,0,17536,15104,2,0.0,1.1990108380820075,0.8206294110015233,1.4864864338685102,0.152208912341092,1.4360573001456647,0.15586233124278073
GSM7890836,AACAGGGAGGGTTGCA-1,False,0,13744,11705,1,0.1366818754357676,0.0,0.0,1.3636296676280373,0.0,1.507065037266487,0.1815940868786181
GSM7890836,AACAGGGCATGAATAG-1,False,0,3795,3387,0,0.0,1.555275447384095,0.322655449205414,0.0,0.0,0.6603663109073517,0.21931504589977166
GSM7890836,AACCAACCAATTCTCT-1,False,0,13870,11298,1,1.5323038856155373,2.0248328613231488,0.8167671066655396,1.1515024808513823,0.3345157114427812,0.97646099379287,0.14458127666750703
GSM7890836,AACCAACTCGACTCCT-1,False,0,22440,19862,3,0.0,1.1093363367683389,0.5619536287249257,1.5184321806768288,0.23438271047214337,1.418803836440634,0.1603634819774405
GSM7890836,AACCATGAGTGCCGAA-1,False,0,15280,12396,1,0.41838572370010807,1.6422901164097399,0.6083868673447287,0.0,0.31893394230774996,1.332519428752114,0.22436763574747184
GSM7890836,AACCATGCAAATTGCC-1,False,0,7436,6407,0,0.0,0.6171259257381903,0.7292063210860955,0.0,0.26110458995557545,1.4891503010015956,0.21363187447507734
GSM7890836,AACCATGCAGGGACTA-1,False,0,14491,13080,1,0.0,0.0,0.9327147536356897,0.8671706533759258,0.10495558721194076,1.1009921889724743,0.11377479619123831
GSM7890836,AACCCAAGTGCCGAAA-1,False,0,20260,17726,2,0.0,0.27197203273269516,0.0,0.6867099213911081,0.21800400697632355,1.1527600158325901,0.296298389938871
GSM7890836,AACCTGAGTATTCCTT-1,False,0,13443,11777,1,0.5635411222685656,1.2755597342605294,1.161747905756389,0.0,0.23459824190849193,0.9436583870200602,0.14449856780711037
GSM7890836,AACCTGATCCGTGACG-1,False,0,18303,14381,2,2.345291343753484,1.7409591646983325,0.5292230974824245,0.0,0.23171771383413833,0.4521648994853688,0.09772026574128266
GSM7890836,AACGAAATCAGACCTA-1,False,0,32373,25957,3,1.0830786981260558,2.4190119957043494,0.7673015635832876,0.26918662489694645,0.2962251264417931,0.9048676780915793,0.16669851771442923
GSM7890836,AACGGGATCGCCGAAC-1,False,0,13642,11123,1,0.0,0.1374678805239144,0.48158143288898597,1.1628667201964096,0.23257334403928193,1.3598221223417029,0.17911057794822033
GSM7890836,AACGGGATCGTGACTA-1,False,0,18424,16242,2,0.0,0.2921519495111203,0.9484315943005612,1.1540726017994245,0.08671593924006839,1.4352954414046362,0.2696775756241005
GSM7890836,AACTTCTCACTCCACT-1,False,0,14716,12989,1,0.0,0.0,0.5342759537879392,1.8619476032717377,0.37238952065434755,1.4482536510473634,0.2704483312943403
GSM7890836,AAGACAAAGCACGGAT-1,False,0,22063,19093,3,0.09345018000626763,0.5628551158818145,0.7710432033943376,0.37380072002507053,0.20381344342118807,1.4347931626882287,0.1718513877485
GSM7890836,AAGACAATCTGAGAAA-1,False,0,30052,26303,3,0.07181234883466055,0.0,0.0,1.6725695479258527,0.2769991535493382,1.2878322023093478,0.3052517061105478
GSM7890836,AAGACTCTCAAGGACG-1,False,0,9249,8348,0,0.0,0.18323591844009385,0.18323591844009385,2.637225338842578,0.37144669293271154,1.3292437522677985,0.31510489394286423
GSM7890836,AAGATAGTCGGACTTA-1,False,0,6301,5516,0,0.0,0.0,0.6542832086369612,2.8255663416814585,0.0,1.4874667721251202,0.31694013918128916
GSM7890836,AAGCATCCAAGTGGGT-1,False,0,23473,19877,3,0.5924870806927031,1.0666711581597177,0.6832030449818777,2.2534397769401897,0.21293299155987264,1.5722784784644288,0.2806932334735395
GSM7890836,AAGCCATGTGCATACT-1,False,0,12903,11062,1,0.14345201596924365,0.8871465283014026,0.9974777458682996,0.0,0.4152653908928522,1.3021051883440002,0.12067829676519996
GSM7890836,AAGCCATGTTAAAGTG-1,False,0,34928,30830,3,0.11318360922693704,0.6848505902678359,0.7407109175837372,1.987692352540565,0.41119186970564076,1.626904076882493,0.32246153131756955
GSM7890836,AAGCGAGTCATTGAGC-1,False,0,23795,20932,3,0.08770934699481092,0.3279297392501165,0.2465498357001582,1.7989131995947605,0.3597826399189521,1.545917763404032,0.21702118274308954
GSM7890836,AAGGTAAAGATGCTAA-1,False,0,6930,5974,0,0.0,0.22330684573580803,0.7015061748869367,1.3573810936216957,0.0,1.3611512366725316,0.2969361051394134
GSM7890836,AAGGTAATCAATCGGT-1,False,0,10592,9456,0,0.0,0.6717360018311368,0.8676465701989174,1.0606395376743383,0.562214112278791,1.44991471306654,0.2459774338716323
GSM7890836,AAGTACCCAAGATGGC-1,False,0,37158,29661,3,2.297912205634797,2.6058823119314134,0.9714774371681141,0.0,0.192231885627082,0.3474089971891102,0.06194637796487489
GSM7890836,AAGTTCGCAGGCTTGC-1,False,0,12346,10544,1,0.0,0.1483288025383605,0.24078956043147062,3.0937411927664638,0.1186630420306884,1.7258160494207986,0.38360645942439314
GSM7890836,AAGTTCGTCAGTGCGC-1,False,0,23525,20654,3,0.867654469803364,1.712395563325016,0.8052205075882851,0.0,1.8291926405174626,0.9125207386138408,0.046610376790480336
GSM7890836,AATCACGGTTGATCGT-1,False,0,24782,20948,3,0.28305662951014565,1.1210124472083032,0.8582868006822905,1.104459631116038,0.1586488179298466,1.38353899075179,0.20944597630047876
GSM7890836,AATCGACCATTGCAAC-1,False,0,15808,11746,1,2.676389380364478,2.5518061065522017,1.0621208432802918,0.0,0.19606735215093643,0.47571090569464564,0.056049581635771874
GSM7890836,AATGAAGCATGTTCAG-1,False,0,9921,8678,0,0.0,1.191339723432757,0.0,2.4921794699844035,0.22078137046797724,1.0330060910818966,0.329857059572217
GSM7890836,AATGCCAAGATTGAGT-1,False,0,3107,2814,0,0.0,0.35987220205662457,0.35987220205662457,2.630027766504269,0.0,1.4455566131449789,0.24754234793613955
GSM7890836,AATGCCAGTGACGTCC-1,False,0,12347,10804,1,1.5806258849406003,1.505347191282473,1.116027761840022,0.0,0.11865579305532847,0.7741334273087958,0.10150275076116047
GSM7890836,AATGCCATCTTTGCAT-1,False,0,3599,3096,0,0.0,1.1323209109453216,0.7179854294637826,1.8805483091555588,0.26586804630598565,0.9156285400235248,0.12969225063472617
GSM7890836,AATGGCTCAATTCACG-1,False,0,12183,10469,1,0.14982117309795662,0.0,0.14982117309795662,2.023734194411126,0.24839515178090363,1.692192536015731,0.293786536233205
GSM7890836,ACACCAAGTTGTTTGG-1,False,0,13735,11688,1,1.7215462882243142,1.615135803314233,0.6195754869297183,0.0,0.6584403454691312,0.6232846908165731,0.128177374905791
GSM7890836,ACACGCGTCGCAGTCG-1,False,0,13904,12114,1,0.0,0.13546731010684263,0.8020464950339267,0.5418692404273705,0.3594993439236397,1.4600785074383,0.17925413170841714
GSM7890836,ACAGAAACACCTCAGG-1,False,0,19097,17040,2,0.0,0.1052759553565596,0.23606666962104886,1.8304070324738548,0.49692284800039455,1.4406107187063621,0.2733601545077555
GSM7890836,ACATCCCCATGAGGGT-1,False,0,16595,14815,2,0.0,0.3537163372667572,0.6180110824669429,1.9496049461783547,0.0943243566044686,1.1970884540544446,0.16618737055837862
GSM7890836,ACATCGAAGACCTCCG-1,False,0,22782,20317,3,0.0,0.4060505598983086,0.7473600057427296,1.8353482410625739,0.16803989460417446,1.4487748177461472,0.23082919953142148
GSM7890836,ACATCGAAGGAGAGTA-1,False,0,8373,7463,0,0.0,0.7858699524153029,0.61593853323503,0.0,0.3044683688126142,1.3355886835190345,0.26490583245234395
GSM7890836,ACCAAACTCTAAACGC-1,False,0,32497,28109,3,0.0,0.11990206193123826,0.13414285391042172,0.653970778207552,0.0959216495449906,1.7600688094886436,0.33084809621242894
GSM7890836,ACCAACAGTGAGTAAT-1,False,0,8746,7715,0,0.0,0.6201026582845627,0.0,1.4884310716740254,0.0,1.8647744586696156,0.24587908714689033
GSM7890836,ACCAACATCATGCATG-1,False,0,7418,6641,0,0.0,0.0,0.0,2.466791732046122,0.32364847859916557,1.3411048478973646,0.38532929351320383
GSM7890836,ACCACAACATTCAGCA-1,False,0,17620,15535,2,0.0,0.931448484860024,0.8963210219646804,0.9942182205506832,0.45181548220527057,1.0344160080066456,0.21749031897854354
GSM7890836,ACCACAATCTCGTGGG-1,False,0,28417,23768,3,0.8618017540476961,2.0471871464780302,0.6723727463171111,0.3015125123285962,0.20301063659067448,0.7363002322163772,0.09233063649895894
GSM7890836,ACCATTTAGTGCCAGA-1,False,0,9057,7427,0,0.18597413718835687,1.2545848803149247,0.8478463284182601,1.689444947955099,0.14877930975068548,1.4454899760223172,0.21506186185382048
GSM7890836,ACCATTTTCTCATAGG-1,False,0,21902,19491,3,0.0,0.1880453734483445,0.29718153097456185,1.1887261238982474,0.2637890907463425,1.327836570308632,0.17366808245998583
GSM7890836,ACCCAAAGTAACAGGC-1,False,0,15598,13679,2,0.0,0.12384288063132344,0.7426472663995881,2.002975954142244,0.09907430450505875,1.3112963071492643,0.3116262507849145
GSM7890836,ACCCTTGAGGGCAGAG-1,False,0,16334,14119,2,0.0,0.9529918159898748,0.0,2.2587459192253174,0.0955224109996136,1.6943966307993854,0.3119287085048734
GSM7890836,ACCTGAACATACCAGT-1,False,0,12825,11634,1,0.0,0.5413541819492554,0.6902367868060739,0.0,0.4626245894425728,1.3004968989932477,0.17203918077404667
GSM7890836,ACGATGTAGCACCGTC-1,False,0,16674,13913,2,0.23491934410589055,1.09810463713514,0.999452616744575,2.4155131600152857,0.24469298635709125,1.5551634471582885,0.2228695518594801
GSM7890836,ACGATGTAGTGGTTGG-1,False,0,12509,9988,1,0.5055007605608253,1.5953789645679617,0.7306201371807565,1.7572623068545838,0.32177243222854934,1.487485230825173,0.2839168282344291
GSM7890836,ACGCACGAGCGCTGAA-1,False,0,19487,16254,2,0.2071009558353023,0.559109015901135,0.7602436216993465,1.8938329134181873,0.18639248644754097,1.9581751078040555,0.35044359854301604
GSM7890836,ACGCACGCAGGTTCAT-1,True,4,39966,35195,3,1.8970316512064158,1.9425345815398571,0.7786221443694905,0.22331368146418454,0.5525878234764416,0.49970658117793476,0.10455831324812234
GSM7890836,ACGGAAGCAAACCACT-1,False,0,27518,25846,3,1.9384748463518824,0.4712894009896629,0.517834915725232,0.30998048180759114,0.0,0.3230807917216706,0.12213241439931832
GSM7890836,ACGTAACCAGAGAAAG-1,False,0,19430,16526,2,0.0,1.1238498704434807,0.5693003249377097,0.0,0.18674785278590383,1.4648636308662946,0.24228777009699937
GSM7890836,ACGTAACTCAATCTCT-1,False,0,21891,19160,3,0.0,0.0940620612177849,0.4315348856391516,2.060784961545644,0.20785983597365737,1.4094111128432327,0.2355064892659573
GSM7890836,ACGTACATCTGCATGA-1,False,0,11455,10264,1,0.0,0.7337354222093859,0.5193551830306076,2.1811890345141287,0.0,1.488193691999601,0.24046173139861574
GSM7890836,ACGTTCCGTCACCTTC-1,False,0,17753,16083,2,0.11169735668315765,0.2233947133663153,0.29490519509498425,1.339314223497604,0.19789747529073243,1.323082096552406,0.2708337530426259
GSM7890836,ACGTTCCGTTGTCCCT-1,False,0,7861,6935,0,0.0,0.20517643502768176,0.4515967879313235,2.4138421954149254,0.3612774303450588,1.4782782031607886,0.3259829331122522
GSM7890836,ACTATTCAGGCACTCC-1,False,0,21307,18839,3,0.0,0.09620151437280486,0.4310006284940743,2.744009780745615,0.21137167433907825,1.3034104062431768,0.3285301481903376
GSM7890836,ACTATTCGTCTACAGT-1,True,6,27338,22375,3,2.3730168277957175,2.3186751528532827,0.7147115313861832,0.0,0.30498296714021234,0.4648599499435915,0.08694019635913014
GSM7890836,ACTATTCTCGTAGTCA-1,False,0,15380,13133,1,0.0,0.1252233745521859,0.1252233745521859,0.8330787246541412,0.10017869964174872,1.7194290182732144,0.28372888847512834
GSM7890836,ACTCTCGCATGAAAGT-1,False,0,39640,35159,3,0.05623956271865481,0.26023029758638955,0.4041692587849053,1.9172490265234508,0.46708800314908994,1.4276330723954842,0.3380788281403057
GSM7890836,ACTCTCGTCGGATACT-1,False,0,21395,19007,3,0.09587284867432314,0.3840966230795235,0.5821042910239731,2.080813584340814,0.3299850386627413,1.33204626942962,0.2884112998335175
GSM7890836,ACTGCAAAGACTTCCA-1,False,0,17693,14479,2,1.8890422817242418,2.7783607554772844,0.7781278174302341,0.0,0.3612231011123426,0.3131922586875338,0.08697587050305056
GSM7890836,ACTGCAATCCTTATAC-1,False,0,12502,11007,1,0.1469288906598149,1.0940709961061243,0.761092517385163,1.609309924720746,0.0,1.5801020684698486,0.21614588141944124
GSM7890836,ACTTAGGTCAGACAAA-1,False,0,5232,4452,0,1.0241189869969463,1.8146459811177267,0.5891872203265163,0.0,1.467933752473003,0.921455871572262,0.15936351728292705
GSM7890836,ACTTATCGTACGACTT-1,False,0,20138,17543,2,0.0,1.5341450245918435,0.5979115112332266,1.940019073904284,0.13794298780461364,1.5292553946797076,0.2994924810051087
GSM7890836,ACTTCCGCACTCTCGT-1,False,0,10160,9104,0,0.0,1.3424087775818745,0.5720776163003631,1.0880581009894195,0.27488260664662756,0.5888747435537028,0.1754590657290124
GSM7890836,ACTTTGTAGGCATGCA-1,False,0,20697,17247,2,0.7369042993004332,1.1317812667506721,0.5372662432661417,1.763294510550086,0.07883523354329317,1.323447411116013,0.2155353553455044
GSM7890836,AGAACAAAGTTGAATG-1,False,0,9735,8504,0,0.17666651757266189,1.7265494225219282,0.0,1.1165971643343942,0.42059619947515453,0.9030168152618806,0.18206710174307508
GSM7890836,AGAAGTACAACCGTAT-1,False,0,11362,9907,1,0.15783479713314214,0.15783479713314214,0.5211387957379289,0.6313391885325685,0.0,1.393217058546864,0.26279782918967576
GSM7890836,AGACAAAAGTAAACAC-1,False,0,21476,17687,2,0.0,1.6838427729900234,0.7320529307998122,1.3333724657915709,0.31694300291370114,1.5294480706977356,0.17224194166877113
GSM7890836,AGACACTAGGAACGAA-1,False,0,10192,8261,0,0.0,1.0137856309098925,0.1709208468822488,1.7759363542888122,0.13673667750579904,1.697646786880568,0.32783299661814486
GSM7890836,AGACCATCATACGCAT-1,False,0,6322,5657,0,0.23711956931340628,1.148455709065939,0.7056091528927073,0.9484782772536251,0.34967760090057615,0.8730016791023724,0.12877422422353868
GSM7890836,AGACCATTCGGTCTAA-1,False,0,10032,8174,0,0.1728877527567808,1.553455452046276,0.0,0.6915510110271232,0.0,1.5175021745067052,0.3285622638994148
GSM7890836,AGACCCGAGATTCGAA-1,False,0,13371,11824,1,0.0,0.41880581617826973,0.0,0.9145990767180117,0.5124691248718493,1.436017526397658,0.3093213427770207
GSM7890836,AGACCCGCACCGCTAG-1,False,0,24787,22317,3,0.0,0.2541933236886278,0.8296971297043502,0.7931336173489134,0.39064975351226694,1.4256802475562587,0.11531602960240725
GSM7890836,AGACCCGTCACTTTGT-1,False,0,12983,11138,1,0.0,0.8421713859410623,0.5621013312650286,1.4063302980042272,0.11422280056493543,1.6484687316361089,0.3075811263788403
GSM7890836,AGAGAATGTTTCCCAC-1,False,0,7539,6093,0,0.0,1.473681268342263,0.9849317354151857,2.657764025243194,0.0,1.3357678907026673,0.23538243768106903
GSM7890836,AGATAGATCAAGTTGC-1,True,4,30948,24278,3,1.8037988797658904,2.3837656669116285,0.9860331098560864,0.0,0.41521436721679994,0.48940416909475104,0.09995335621984232
GSM7890836,AGATCCAGTTCTCGCT-1,False,0,29478,24832,3,0.21434148332052214,0.5019019443217716,0.20249580905678946,1.912059732145318,0.44154073340186334,1.778395622668075,0.36290297097974683
GSM7890836,AGATCCATCACCTTAT-1,True,5,14696,12155,1,1.6414824139236268,1.9246384255069273,0.9726970672365884,2.353886552835466,0.3666562343971404,1.324134119716685,0.19613566359975265
GSM7890836,AGATCGTAGAATCTAG-1,False,0,14076,11862,1,0.0,1.0384774416847025,0.7762909438447378,1.141444197166192,0.0,1.425434911085523,0.20007810225220238
GSM7890836,AGATCGTCAAGGCGTA-1,True,1,20472,17956,2,0.4084768748172055,0.49541575916549585,0.7447151530938345,1.590820982858338,0.2737702397949099,1.5794479666333703,0.2322363615657993
GSM7890836,AGCATCAAGCACACAG-1,False,0,13081,11282,1,0.0,0.23194957593464027,0.14196224313788078,0.9277983037385611,0.4128708582467935,1.013888937117822,0.23093540405711974
GSM7890836,AGCCAATCATGTACGT-1,False,0,19135,16254,2,1.8204241261289313,1.6401099092555498,0.7594451466627014,0.42042108171737197,1.0549349223551605,0.5828368130558548,0.08292771322197354
GSM7890836,AGCGCCAAGATAGCAT-1,False,0,10429,9115,0,0.16809126821661016,0.6455949489722312,0.5106961051319768,2.4464699805199954,0.0,1.5646282092650803,0.30110476641617445
GSM7890836,AGCGTATGTGCCGTTG-1,False,0,16622,13314,2,1.7264817429906605,2.3444326963720625,0.6639342030074628,0.7899220335886874,0.0,1.200616966019137,0.2958228182049532
GSM7890836,AGGAAATAGTGGCAGT-1,False,0,15897,13467,2,0.12199917992552532,1.9333701163170767,0.4492860716588301,1.8963365114154653,0.251476059855842,1.1441062278639647,0.2439396155870448
GSM7890836,AGGAAATCACTATGTG-1,False,0,11863,10274,1,0.0,0.1528428494039461,0.9977376431500692,0.6113713976157844,0.0,1.8969100571527602,0.20751542444161433
GSM7890836,AGGACGACACCGTGAC-1,False,0,18126,15999,2,0.0,0.10983676095386652,0.4464874605328998,1.7859498421315991,0.08786940876309321,1.4746156936009698,0.36022817301532084
GSM7890836,AGGATAACAAGCTGCC-1,False,0,17128,13980,2,0.0,1.2588619560768095,0.7048033895195668,2.492622408361695,0.09197037070719116,1.645897528634395,0.22799307387719536
GSM7890836,AGGATCTTCGGAATTC-1,False,0,15128,12136,1,0.0,1.7827925171889367,0.8609565754435601,1.602645994146156,0.168490240380652,1.3250876565233631,0.17258652579973865
GSM7890836,AGGCTGCCATACCGTA-1,False,0,29695,25949,3,0.0725616384273133,0.35841075128313316,0.6510205261034238,1.5484827931739074,0.30969655863478146,1.791127570624641,0.2936765553792482
GSM7890836,AGGGCCTTCAGATTGC-1,False,0,14754,10859,1,1.6320657430633196,2.622876229192213,0.6694947386346123,0.0,0.17135608816759043,0.2853334542764922,0.13177358801917588
GSM7890836,AGGGCTCCACCGTGGT-1,False,0,14608,11995,1,0.0,1.2075193987975867,0.3716922295694535,1.8681727152258614,0.17250310907161806,1.1482530063265888,0.3487562465049138
GSM7890836,AGGTAGGAGCTCGACC-1,False,0,11273,10118,1,0.0,0.15875704423189377,0.4138431990831035,2.660688095100904,0.5056567405133789,1.142167924339546,0.25665768505515457
GSM7890836,AGGTCTAAGTCATGCT-1,False,0,25720,21858,3,0.0,0.0,0.26994335674292586,2.029416167051504,0.18762687875992973,1.3765604825328972,0.25741003356304226
GSM7890836,AGGTTGTTCGCCAATA-1,False,0,21714,17762,2,0.559820592123466,2.4569190654953346,0.7799850082122044,1.0445535957387901,0.07576020199154307,1.1901667928215347,0.13039687346365847
GSM7890836,AGGTTGTTCTACACAG-1,False,0,48864,43785,3,0.0,0.08577315401576066,0.4875131080931049,2.5388446103003695,0.24801054563740704,1.3517132634621822,0.31014577814270444
GSM7890836,AGTACTGTCTCCCAAC-1,False,0,11742,10370,1,0.1540184290349536,0.0,0.1540184290349536,2.73941594129669,0.19889371348867452,1.7312195515943252,0.20348312312700206
GSM7890836,AGTCAACAGGAGAGTA-1,True,1,12836,11516,1,1.3231321160065335,1.5857995763890091,1.0321910676215897,0.0,0.48813870822322614,1.2089938048736097,0.11432251267721212
GSM7890836,AGTCAACGTCTAGATC-1,False,0,28090,25530,3,0.07613453484359009,0.07613453484359009,0.518532615800062,1.727750849991944,0.10753212283468379,1.0453214011941028,0.18377561170169945
GSM7890836,AGTCTCCTCGTTCCCA-1,False,0,18596,15887,2,0.0,0.10758008601906677,0.21516017203813353,2.143413584373404,0.19211894383283148,1.6773243826426953,0.44790494156487853
GSM7890836,AGTGATCTCACTGCTC-1,False,0,11340,9089,0,1.696007784225892,2.4433764778535747,0.571063071113939,0.0,0.0,0.19257412035280175,0.06322469475740013
GSM7890836,AGTGCCGGTCATCCGG-1,False,0,12470,9423,0,2.6019814800340493,2.4299567078566033,1.0300439585657934,0.0,0.11777106530105855,0.31572068347416354,0.08096904912093073
GSM7890836,AGTTAGCGTACAGAGC-1,False,0,14133,12471,1,0.0,0.46949980077662257,0.6909317843173093,0.8817521698786,0.22773906271003413,1.2179063351672204,0.17218116437915
GSM7890836,ATACCGATCCAACTAG-1,False,0,16769,14182,2,0.0,0.23385627891057578,0.5128443232584791,2.728644904253106,0.18708502312846062,1.7288194718878664,0.5179724378795175
GSM7890836,ATACCTTGTGACGCCT-1,False,0,6581,5883,0,0.0,0.0,0.580020179355264,2.4541622947296573,0.34306845409157793,0.9995925491965266,0.3651649126383592
GSM7890836,ATAGAGATCAGCTTCC-1,False,0,13873,12037,1,0.0,0.5592404519636311,0.9657927179363363,0.5428036081258258,0.2870954679787464,1.7247516657768347,0.2159503376594579
GSM7890836,ATCACTTAGTTAGTAG-1,False,0,29863,26059,3,0.07220707986385858,0.7506953687976748,0.5408835782867031,0.8499159255665333,0.1967384821501007,1.5899359701475213,0.19970300772738114
GSM7890836,ATCACTTGTGGCCCAT-1,False,0,23142,20011,3,0.0,1.2326930779252432,0.6741238018022372,1.5869945185186949,0.12456957042367586,1.307141546044186,0.23874760197407743
GSM7890836,ATCAGGTAGCTGAGCA-1,False,0,15098,13006,1,0.0,1.5264469172770756,0.9573726395252559,0.5082258769706832,0.360555402022538,1.4118745575039096,0.10754774465230547
GSM7890836,ATCATTCAGCCATTGT-1,False,0,12030,10451,1,0.0,0.3127450297576094,0.6171586932266123,1.2509801190304377,0.19585388672689585,1.4868688845054385,0.3232711678187792
GSM7890836,ATCATTCGTATCACGT-1,True,3,23537,19667,3,1.364847669277505,1.297135071382725,0.7017347252281325,1.7358049419385853,0.0,0.7438030726116328,0.13025064752086613
GSM7890836,ATCCACCAGCCGAATG-1,False,0,30663,27271,3,0.07056546801266496,0.12553478628083614,0.5350429173167637,1.0840926196186016,1.2055985654368857,1.3312022610091279,0.17606485116611056
GSM7890836,ATCCCTGAGAGTATAC-1,False,0,14773,12885,1,0.277201022206577,1.1988842682250478,1.131196467488437,0.8560400332352466,0.36546986830937056,1.2702209685024535,0.1718051108905588
GSM7890836,ATCCCTGCAACGATTC-1,False,0,19101,16178,2,0.0,0.21051592407258976,0.0,2.292540574154729,0.3080059736110682,1.3859615723456322,0.42188247715956007
GSM7890836,ATCGATGTCGGTCTAA-1,False,0,14332,12701,1,0.0,0.6838747984866387,0.7762212906831442,2.951844252287127,0.0,1.4576041908914081,0.22467199638560323
GSM7890836,ATCGCCTCACCAGTAT-1,False,0,28421,24976,3,0.07536896914343283,0.4044787983102623,0.3417716168340428,2.1269097100217498,0.28729141320560203,1.3614725231411757,0.34104642302434
GSM7890836,ATCGCCTTCCGTCCTA-1,False,0,30079,23890,3,2.3126625003191275,2.370469886622288,0.7865036106867473,0.0,0.1383666217990305,0.192962093299971,0.13800667006023237
GSM7890836,ATCGGATAGGGCAATC-1,False,0,17284,13893,2,2.0615852483265753,2.7234819399630483,1.033600570626133,0.0,0.3631320961165271,0.23759484489868027,0.13714629210919632
GSM7890836,ATCGGATTCAGCACCG-1,False,0,15264,13134,2,0.0,0.1259708357018389,0.2717537249633202,0.5038833428073556,0.3440510421696992,1.7607079721393,0.2811014492548333
GSM7890836,ATCGGCGCATCGATCA-1,False,0,14134,12573,1,0.0,0.28466180454805656,0.33571980299647725,3.0008627156012206,0.2685758423971818,1.178938299996038,0.3845596740024
GSM7890836,ATCGTAGCAACTGCTA-1,False,0,13323,11301,1,0.9248767576611187,1.7387726392917209,1.0590718828548342,1.8332327565274262,0.23583836136689257,1.5364657843071299,0.16138348411054682
GSM7890836,ATCGTAGGTTCTTGCC-1,False,0,36030,31109,3,0.22076766840859566,0.9812956780748474,0.648592139252498,1.879606990830786,0.17013973850312528,1.356490731164467,0.22116320348706994
GSM7890836,ATGAAAGAGGTACTGG-1,False,0,18366,14770,2,0.7275903851464508,1.2283403159298123,0.6831651553049086,2.2156390519947693,0.19365919166763768,1.7928132530065237,0.4141392594819199
GSM7890836,ATGAGTCAGAGTATAC-1,False,0,18870,16585,2,0.10630740857359622,0.18066234637091824,0.664163658008167,0.9515903519016047,0.1445298770967346,1.2891627060391755,0.2326507225494801
GSM7890836,ATGGAGGCAGAGGAAA-1,False,0,28475,25577,3,0.0,0.2257366277937728,0.3101940498809309,1.9416366382779313,0.28693513745799565,1.4648824964762497,0.25701560425930087
GSM7890836,ATGGAGGGTGTGTCCG-1,False,0,19530,15884,2,1.3096919192170862,2.2032459813777874,0.7300454689863652,0.7051081324200066,0.2808365128160913,0.6349742558531156,0.14302524325202082
GSM7890836,ATGGGTTCAGCTAACT-1,False,0,5406,4822,0,0.0,1.7111247658264817,0.6232761373800052,0.0,0.3758743698897662,0.65685905564254,0.21659563811059643
GSM7890836,ATGGGTTTCTCTGGTC-1,False,0,10765,9228,0,0.9282812569933057,0.49712312139123455,0.9384302724803452,0.6569687462663905,0.39769849711298766,1.187863640521685,0.16214966123970026
GSM7890836,ATTACCTGTCGATGCC-1,False,0,17065,15024,2,0.743801654614738,0.7683154719849483,1.1074242142644766,0.0,0.387384727684211,0.974332540577373,0.1510577056586337
GSM7890836,ATTACTCAGCTGAGTG-1,False,0,20012,17839,2,0.20263260402876185,0.2745281308886248,0.3130836405756576,1.6089580851627088,0.13856946309939513,1.2386748375057106,0.26578140925838656
GSM7890836,ATTACTCCATGTTCGA-1,False,0,9257,8410,0,0.0,0.5493709566845074,0.18312365222816915,0.0,0.23014776784010885,1.2637078122572416,0.355387068809277
GSM7890836,ATTATCCAGAGTTGAT-1,False,0,6494,5576,0,1.7411380487007362,0.5845394058279813,1.2271020466850378,0.0,0.1864236009461019,0.7934666295701034,0.1178727888992465
GSM7890836,ATTCACTCAGTGCCTG-1,False,0,14455,12729,1,0.0,0.9431861482513182,0.5051803122374425,2.3688624163085144,0.17372274986817238,1.3372107198940406,0.18855880194933178
GSM7890836,ATTCAGGCAAAGAACT-1,False,0,9755,8424,0,0.0,0.35281332489413975,0.8233736831655489,0.0,0.0,1.804490479149181,0.2712957578049085
GSM7890836,ATTCATCAGCGGTAAC-1,True,2,18421,14866,2,0.8343240838266915,1.5504869140319864,0.5216403779964117,1.772530479010095,0.9421942683876257,1.3052746670607978,0.13886765226443717
GSM7890836,ATTCCATGTCCATACA-1,False,0,11863,9840,1,0.8079679362304315,1.3410063113436146,0.8632087914963226,0.0,0.0,1.5073407875354845,0.1921882311664597
GSM7890836,ATTCCCGCAGCAGACA-1,False,0,23396,18620,3,1.66356430587403,2.261874930006136,0.9703909625637299,0.3558710647509747,0.2286608741283856,0.5647561938265783,0.1118629055482308
GSM7890836,ATTCCCGTCACCTCAC-1,False,0,15301,12040,1,2.4442269049011243,2.903301251554697,0.7009197283948785,0.0,0.10058514698087566,0.24569406341698902,0.07816410990214424
GSM7890836,ATTCGTTAGGTCGACA-1,False,0,21119,18700,3,0.0,0.5835695672378927,0.7297096880687026,0.6662971925528112,0.15505818235422536,1.6290703739240655,0.12439168742659025
GSM7890836,ATTCTTGAGACGCTCC-1,True,3,30673,26218,3,0.24175528950148792,0.9511901285187166,1.2031292604076569,0.0,0.10040208711378706,1.5649584100095768,0.13802484276900504
GSM7890836,ATTCTTGGTATCAGGG-1,False,0,14950,13314,2,0.12804063059020807,0.4683830533911971,0.4030274811779778,0.5121625223608323,0.22016789221618677,1.169127430373201,0.22980469273267892
GSM7890836,ATTGGGTAGTATGACA-1,False,0,14994,12998,1,3.091936761802157,2.255627205895313,0.637053876747738,0.5109856749827215,0.29332896737236835,0.21208503764318803,0.08767783839960147
GSM7890836,ATTTCACAGCATACTC-1,False,0,18447,16187,2,0.0,0.635224619774203,0.9658134550149091,0.0,0.2306437210083651,1.5170662985533039,0.23705860020065214
GSM7890836,ATTTCTGGTTAAAGTG-1,True,32,33103,27552,3,2.2801261463319955,2.0481128610196917,0.8827221408913376,0.47260951111007704,0.1840913779151509,0.6846996465617522,0.13532349452091708
GSM7890836,ATTTCTGTCTTAGCAG-1,False,0,14323,12023,1,1.1048134502348954,0.9756370194911835,0.3332702683011413,2.4990432634197846,0.0,1.3256993662859329,0.2263877488301269
GSM7890836,CAACAACCAATTGCCA-1,False,0,16517,14970,2,0.11834897080199183,0.11834897080199183,0.0,1.6559507728809453,0.2786134801100986,1.1960151408430046,0.26766698735575883
GSM7890836,CAACCAACAAATGGAT-1,False,0,42234,36500,3,2.3425244897764683,2.124489433372564,0.847113295249543,0.6663432579928559,1.029966870502014,0.5734200548882765,0.0960375340509295
GSM7890836,CAACGATCATACAGGG-1,False,0,13686,12148,1,0.13712768594224933,0.13712768594224933,0.47882239778208946,1.5375913456728196,0.3366878818651992,1.6965752821300495,0.32917011966327314
GSM7890836,CAAGAGGGTAGCCCTG-1,False,0,5940,4823,0,1.0055778667357118,0.8169405461267251,1.0888102020638928,0.0,0.0,1.1526673420321447,0.26410601228187464
GSM7890836,CAAGAGGGTGAGCTCC-1,False,0,9270,7978,0,1.0300505004588725,1.1813408299151171,0.3609193722530386,0.0,0.14635322056970224,1.3019218114863742,0.12090609591279707
GSM7890836,CAAGGGAAGAATGTTG-1,False,0,3151,2800,0,0.3571944846461726,0.0,0.3571944846461726,0.0,0.2857555877169381,0.8299958663137449,0.32745406191833837
GSM7890836,CAAGGGATCACTCACC-1,True,2,11353,9252,0,1.715049344509699,1.9050976699576982,0.8154946571344576,0.6317102188433803,0.0,0.8047666415195078,0.11968572221413358
GSM7890836,CAATTTCTCGCCCAGA-1,False,0,43477,38727,3,0.2859822317567,0.40815016431318085,0.6433860727488349,1.3838129631254408,0.29858531594469795,1.554695770306905,0.2900243352240133
GSM7890836,CACAACATCCGTATAG-1,False,0,18485,16581,2,0.0,0.0,0.0,0.9642948793679144,0.23036214374281502,1.2963228429796847,0.3819058846727528
GSM7890836,CACAGATGTCGAACGA-1,False,0,23555,21387,3,0.3305954845088118,1.3525957578686276,0.9241763536703975,0.0,0.5627838281144875,0.9831306626620775,0.12693522889056078
GSM7890836,CACAGATTCCTAGCCT-1,False,0,14472,13193,2,0.13132846468890208,0.594024694399722,0.5919492755118109,1.1226440295581743,0.10506277175112166,1.157598818759158,0.15498421383681574
GSM7890836,CACAGATTCGCATGAT-1,False,0,12059,9883,1,1.5289236210542907,1.9370764392563307,1.1951543497926496,0.0,0.19555333721151566,0.452732317984691,0.07882959020610222
GSM7890836,CACAGGCGTTGATCGT-1,True,18,17777,14284,2,1.5431404684073902,1.800025801423577,0.6685473457844142,0.44630285319347135,1.230179232424938,0.6190360415399214,0.17707473764661705
GSM7890836,CACCAAAAGAACGTGC-1,False,0,17097,14800,2,0.0,0.6466185573659143,0.6531773086796767,2.1521892235888544,0.2026612590410636,1.8167133295759577,0.26093192689202144
GSM7890836,CACCGTTCACAATTCG-1,True,12,42308,34108,3,1.7504998532888056,2.058095458336501,0.9306677496882589,0.2121731295784494,0.49946184892318746,0.8373624059438699,0.1201634722455834
GSM7890836,CACGAATGTTGACTGT-1,False,0,15965,14062,2,0.0,0.2643703527872432,0.446212179852912,2.399886285459048,0.0,1.7175059547817664,0.36062654220497037
GSM7890836,CACGAATTCGGTAACT-1,False,0,10581,9137,0,0.0,0.9018666488589592,1.0619868681712827,1.8977010465443669,0.21226379223121192,1.4809216797725395,0.23698401343269532
GSM7890836,CACGGGTCACCGTGAC-1,False,0,14086,12887,1,0.0,0.6913871712494533,0.7766677514779728,0.0,0.22819217508218553,1.2496603192447004,0.11946950926507045
GSM7890836,CACGGGTTCGAAGTGG-1,False,0,22420,20225,3,0.858953759746087,0.9146197964778722,1.0084560289277507,0.6376665314925226,0.9765742947975402,0.8646796770366642,0.10220406690799187
GSM7890836,CACGTGGCAAATTGCC-1,False,0,16303,14346,2,0.0,0.11958346529048908,0.20013781063162694,1.8749443670053219,0.40946692841719035,1.2225844549081706,0.2707081699433911
GSM7890836,CACTGGGAGACCTGGA-1,False,0,15248,13244,2,0.0,0.2521492988758087,0.8911095547743538,0.8379604431481411,0.1008597195503235,1.202862983926885,0.125993520569356
GSM7890836,CACTGTCCATTCGGGC-1,False,0,15214,13515,2,0.0,0.9940781329559669,0.7876260920451481,2.024575212080557,0.10103666784679363,1.4442669823581984,0.22893131713080486
GSM7890836,CAGATCATCAGTGATC-1,False,0,18929,15318,2,0.10603735364306865,1.3234449273740245,1.01306369643865,0.7210443365376145,0.08482988291445492,1.471685205614947,0.18032210829580525
GSM7890836,CAGATCATCGCGGTAC-1,False,0,6342,5307,0,0.23663607621159002,0.0,0.43644498027767736,2.7207101846794473,0.18930886096927202,1.5878315261756477,0.4591515185647635
GSM7890836,CAGCAGCTCCGGACTG-1,True,7,18970,15771,2,1.8011425366775353,2.0799709540436733,0.8597703221064965,0.42340202783433617,0.6047418199126632,0.39327700366009244,0.089527850918421
GSM7890836,CAGCAGCTCGACCCAG-1,False,0,9504,8317,0,0.0,0.4125851779425916,0.8686292989559975,1.6503407117703663,0.22656261695077884,1.180155974868463,0.25169183564002956
GSM7890836,CAGCCAGGTCAGGCAA-1,False,0,28197,24112,3,0.0,0.8541890841484051,0.31194001892233036,1.3447380502891901,0.10721623782986993,1.650532487553677,0.2874019159638589
GSM7890836,CAGGCCACACGCGCAT-1,False,0,7566,6469,0,0.0,1.4355411009800176,0.507316897357679,0.0,0.0,1.0850716510875793,0.11965700468852362
GSM7890836,CAGGTATAGAGATGCC-1,False,0,26792,22946,3,0.07929427368642981,0.26711730749772516,0.5109025304186404,2.0908350330237484,0.24613141442910305,1.614165612842455,0.2945629405272522
GSM7890836,CAGGTATGTTAAGCAA-1,False,0,26656,23086,3,0.13994681760044017,0.7546923284288121,0.8871420352936311,0.9165307990941293,0.0637125719453415,1.6545693962410137,0.27024500179974964
GSM7890836,CAGGTATTCTTGAGCA-1,False,0,18235,15847,2,0.0,0.10930487971603911,0.36409357337334425,2.222018987243762,0.3229695079927716,1.5418046787674349,0.26766127590580385
GSM7890836,CAGTGCGAGAATAACC-1,False,0,46204,41610,3,0.635696201584774,0.8311940502142382,0.8350035961508497,1.3937764724629134,1.309466780820611,1.3392443439317272,0.2463678879955339
GSM7890836,CAGTTCCCAAACGTGG-1,False,0,30200,26228,3,1.349651287475837,1.4199404559897877,0.32361374308449753,0.2860250712441515,2.1754478074605483,0.5805612129968607,0.08961650993772656
GSM7890836,CATACAGGTCGTTATG-1,False,0,23153,19839,3,0.7933082617183468,0.8522106956515257,0.5075779928855995,1.5866165234366936,0.2724889680686006,1.317104741729597,0.22063029255505134
GSM7890836,CATCAAGCAGGCTCTG-1,False,0,24185,21242,3,0.0,0.23717677594645795,0.15066318967375528,1.974385346514027,0.13842173803632427,1.7280674505309244,0.3810083408171579
GSM7890836,CATCCCAAGTGCTCGC-1,False,0,31442,26770,3,1.2166791842155518,1.364069690846775,0.8557171415000759,1.5037451602915317,0.13398981232472404,1.1286986279628521,0.3524008735762878
GSM7890836,CATCCCAAGTTAACAG-1,False,0,17741,15626,2,0.47099461469453274,1.6475683788346998,0.8502479927328416,1.4775044436536227,0.26796265290573895,0.8572783149589368,0.10595734150909099
GSM7890836,CATCCGTTCAGCGCAC-1,False,0,9582,7320,0,0.1786811096177373,0.3546220327519646,1.2159515043903837,0.0,0.14294488769418984,1.3323001336261295,0.2990958955043395
GSM7890836,CATCGCTGTTTAGACC-1,False,0,10814,9557,0,0.0,1.485557036952772,0.9733925216082525,0.0,0.209425508239954,1.1559105144011823,0.127565787763973
GSM7890836,CATGCCTTCAGTCCGG-1,False,0,35609,32122,3,0.1527786166914158,0.6054492526513716,0.6582972236251136,0.4457466437645762,0.15059538176459764,0.7852116117157424,0.17711222574601335
GSM7890836,CATGCTCCAAACAGGC-1,True,10,27173,22417,3,2.3572237693356004,2.4536219231863967,1.151337976886663,0.7438579257306919,0.48736937331479535,0.4614904798873688,0.08916733783031934
GSM7890836,CATGCTCTCCGTTTCG-1,False,0,12495,10216,1,0.0,0.3859305412664041,0.5977867574348463,2.001826024716437,0.11759289960124397,2.209180175481433,0.31502771201517726
GSM7890836,CATTCATCACCCGTAG-1,False,0,12925,11688,1,0.0,0.7294614554023309,0.8867485448613742,0.0,0.24005819727780925,1.1968937541797544,0.20574187943691544
GSM7890836,CATTCTACAAAGCGTG-1,True,1,12975,10441,1,1.7375548496913078,2.4862034137728077,0.9127938011142285,0.5713822391897985,0.11427644783795969,0.17141467175693953,0.0408130170849856
GSM7890836,CATTGCCGTGAATTAG-1,False,0,10918,9496,0,0.0,0.0,0.5559738756348875,1.321157260674069,0.2642314521348138,1.3550140439467415,0.1677756384770193
GSM7890836,CCAAGCGAGCGGTAGT-1,False,0,7149,6217,0,0.2187418440223238,0.552333775648418,0.8134333765667364,1.6479643661163565,0.4418670205187344,1.1928434995184294,0.17668309080255828
GSM7890836,CCACACTCAGAGAGGG-1,False,0,29069,25955,3,0.13088878914738047,0.8658559219262341,1.1966560248541795,1.226144262806678,0.22394780720034438,1.231796793044476,0.1474865555583768
GSM7890836,CCACACTCAGGGAATC-1,False,0,11056,9313,0,0.5803108339091313,2.0984410562385927,0.7904404191674448,0.6442122881175926,0.2623927442815824,0.9322353956623998,0.12498979466077136
GSM7890836,CCACCATGTTGTAAAG-1,False,0,13246,10999,1,0.14060936353968212,1.630318917968815,0.48788638552468555,1.5633362644383193,0.0,1.448178612784075,0.3690140000801311
GSM7890836,CCACGAGAGTAGCTCT-1,False,0,20158,17401,2,0.0,0.813286328158272,0.8173934608485289,0.689220441413874,0.3396628933825179,1.1719546664833207,0.14934543083503463
GSM7890836,CCACGAGTCCATACTT-1,False,0,29594,25017,3,0.3201182571483974,1.985688441239982,0.6596990192878684,1.908713665224966,0.10325964411828328,1.8000393689650447,0.27526728027505154
GSM7890836,CCACGTTGTTACACAC-1,False,0,16921,14752,2,0.0,0.0,0.7359279464454012,1.2131088874980547,0.20398197646892888,1.4621372553634213,0.2814517141519916
GSM7890836,CCACTTGGTAGAGACC-1,False,0,12278,10200,1,0.0,0.44684295106327,0.483288420304163,1.9022947142404674,0.35454215043286835,1.5412234427616278,0.3929037450495022
GSM7890836,CCATAAGTCTGACCCT-1,False,0,11639,10135,1,0.0,0.1550339285574515,0.6869149182148673,0.620135714229806,0.2549351400257437,1.7635419150050295,0.22709596592203968
GSM7890836,CCATCACCACTGCGTG-1,False,0,16442,15153,2,0.0,0.31774938431392713,0.6070702905071992,0.0,0.09502292367159265,1.2627395351271027,0.18281676334697267
GSM7890836,CCCGAAGCATGTGGTT-1,False,0,9490,8191,0,0.9566284658205944,1.887827269297186,0.35645221566918034,1.1338126102053483,0.0,1.5675649994426002,0.2106314487063306
GSM7890836,CCCGGAAGTATTGAGA-1,False,0,18557,16303,2,0.0,0.7606974387731774,0.43446836331303457,2.370229136196717,0.3125598672251288,1.3750674095744029,0.35094851308018427
GSM7890836,CCCTGATTCCCGAGGT-1,False,0,9461,8138,0,0.0,1.0982338796984403,0.18030859429418022,0.7212343771767209,0.14424687543534417,1.3578440487754324,0.18396365884886162
GSM7890836,CCCTTAGAGAGACAAG-1,False,0,11256,10092,1,0.0,0.1589344721613561,0.2553275094851704,1.8453777063174803,0.0,1.3314358253953495,0.21472695323027982
GSM7890836,CCGAACGTCTTTGCGC-1,False,0,21345,18828,3,0.0,1.4677851530878505,0.4542524822404591,2.139583774143586,0.0,1.5895836111460437,0.3575222636128178
GSM7890836,CCGATCTTCGCGTTTC-1,False,0,24639,21822,3,0.0,0.0,0.0,1.2340645998692281,0.3916780865468163,0.7799365332931532,0.2240498557929479
GSM7890836,CCGGACAAGCTCGCAC-1,False,0,16068,14078,2,0.0,0.12096969799327453,0.586435992605837,1.7882265575544807,0.1617152658281249,1.5636576978315238,0.38430874322490693
GSM7890836,CCGGACACACGAAAGC-1,True,1,17314,13485,2,2.375491054994745,2.698141569409316,0.4987852632891089,0.0,0.15357063371124505,0.26582042796408784,0.11818831539223888
GSM7890836,CCGGACACAGGTCCCA-1,False,0,7514,6228,0,0.0,0.7949808080006744,0.5088151123190939,2.1955670366281717,0.0,0.9916569117400027,0.1853735093906047
GSM7890836,CCGGACAGTAATGATG-1,False,0,22689,18355,2,0.0,1.2936127960402097,0.5474481397632981,2.029612063314549,0.0,1.4460504342518554,0.1794648426758297
GSM7890836,CCGGTAGAGAGGGTCT-1,False,0,2499,2081,0,0.0,0.0,0.8048149761903848,2.1975802119254313,0.43951604238508624,1.017971054982269,0.23741467181658865
GSM7890836,CCGGTAGTCACAATGC-1,False,0,7245,6545,0,0.21680266765403963,0.0,0.9674297517275128,0.0,0.2649116884524832,0.7167492412478372,0.16034297687585272
GSM7890836,CCGGTGAAGTATGGAT-1,False,0,10476,9356,0,0.0,0.0,0.16754163548746784,1.7531596654724892,0.4077744153363049,1.3574271819015746,0.3609936652992299
GSM7890836,CCGTTCAAGAACTTCC-1,False,0,30019,24237,3,2.651453841377853,1.6837491941389948,0.7649168372221201,0.5105724187218595,0.13856613284717778,1.1656189745515166,0.1962959669118519
GSM7890836,CCTACGTCAAGGGCAT-1,False,0,7123,6244,0,0.0,0.0,0.21927340100265433,1.3370530914271224,0.33018154772432473,0.7521087750667643,0.24218743908156581
GSM7890836,CCTATCGAGAAACTAC-1,False,0,13108,11602,1,0.0,0.3497762112992719,0.8911843893468906,0.0,0.3693836471891943,1.4216239636647556,0.19144338466973004
GSM7890836,CCTATCGAGGTTAGTA-1,False,0,9010,7690,0,0.0,0.6656414240683122,0.8670315544924181,1.4654829518983183,0.3758743698897662,1.6900153353923346,0.16386891387523417
GSM7890836,CCTCATGCAACAGCTT-1,False,0,24269,21804,3,0.0,0.08626033491543002,0.5161550007944032,2.5923736024833883,0.4111373548560711,1.3236458844655006,0.3163679404276839
GSM7890836,CCTCATGGTTGAAGTA-1,False,0,21241,18129,2,0.0,0.09644951461442455,0.43182120701416593,1.8945343749376407,0.2682973539197931,1.8469288608825554,0.356017421619508
GSM7890836,CCTCATGTCTCGCTCA-1,True,1,16481,12919,1,1.4762444619075423,2.3021830479520116,0.5094709742515701,1.5348341417194291,0.2537605334626485,0.977626776905861,0.18901109058861473
GSM7890836,CCTCTAGGTAGTTAGA-1,False,0,8860,8007,0,0.0,0.18887412814708043,0.8235827104058228,0.0,0.15109930251766435,1.4703482277042041,0.08116163597734753
GSM7890836,CCTCTAGTCGGCCTTT-1,False,0,21150,17958,2,0.0967935849352938,0.9624088711059514,0.725157347282799,1.5649646581214676,0.21233799132817888,1.0848173445096883,0.1542860114778515
GSM7890836,CCTGCATGTTCGGCGT-1,True,5,32788,26968,3,1.6846310513482488,1.6510186689614867,0.6870797580347727,1.2354473556353804,0.12994027552443527,0.7711193539513419,0.15141101466857437
GSM7890836,CCTTGTGGTGCATGTT-1,False,0,15394,14006,2,0.0,0.12513377563386852,0.0,1.446452688023104,0.2560986923053589,1.1858976193897663,0.34033900657591687
GSM7890836,CCTTGTGTCAAGTCGT-1,False,0,28445,24149,3,1.6457380326827051,1.5510440510186312,0.9306267113433093,1.7786368888110824,0.31650014732832166,1.3402782359153445,0.21040438834580555
GSM7890836,CCTTGTGTCGAGAGAC-1,False,0,17312,14395,2,0.3059603378629925,1.3383290718987035,0.49881021599277703,2.3813757730732457,0.29928985604164476,1.7473188818997798,0.36932552928941886
GSM7890836,CGAATTGAGTAATACG-1,True,13,15853,12698,1,2.0256893844574493,1.341542107661844,0.7410707876597942,0.0,0.4812579323815388,0.9252046042935194,0.12001380359586497
GSM7890836,CGAATTGGTCCACGCA-1,True,4,23283,19103,3,2.222861521981742,2.378010394629008,0.7391766826087903,0.0,0.3311575401652752,0.7778603643197218,0.12865169546970281
GSM7890836,CGACAGCAGAGGCTGT-1,False,0,8692,7666,0,0.0,0.48997695957850035,0.4774750922377593,1.7231116831531668,0.23884305517400098,1.489038616440651,0.21858723167971705
GSM7890836,CGACAGCCAGCGCTTG-1,False,0,28765,24884,3,1.1375328562524474,1.2375686354195858,0.7078487090584736,0.8715355242514143,0.5885064627523107,1.0011875128453027,0.1915690980002338
GSM7890836,CGAGAAGTCTATACGG-1,False,0,7841,6328,0,0.0,1.458551201365885,0.6774924702381019,1.9983314895255757,0.31480535872940296,1.360886718100611,0.279802920042388
GSM7890836,CGAGGAAAGCGTTAGG-1,False,0,18760,16057,2,0.2854336019318995,1.3467061198025865,0.6919784079776968,1.9262232628525289,0.23058408654385082,1.4825926239147187,0.17828790468006186
GSM7890836,CGAGTTAAGGTGCCAA-1,False,0,12383,10692,1,0.0,0.29598858896226277,0.502404603700951,1.2304227742094296,0.0,1.4058318450394334,0.19065390686012348
GSM7890836,CGATGGCGTGTCTTGA-1,False,0,20048,16370,2,0.0,0.5028672970442449,1.2115080526096151,1.7027872360961431,0.21940296884779048,2.0563435714848715,0.3129649356913919
GSM7890836,CGCAGGTTCCGAAGGA-1,True,18,23347,18734,3,1.9951475826844187,2.255369128044469,0.5012067174374286,0.3564993170896477,0.3484709106478598,0.5948815522542528,0.11879009178019745
GSM7890836,CGCCATTGTACGTGTT-1,False,0,8574,7558,0,0.0,0.0,0.0,1.5038441062118193,0.34687080803084885,0.9088188222391649,0.2611927103054705
GSM7890836,CGCCATTTCATCGGGC-1,False,0,24833,19892,3,1.7877330104076044,2.769494526619571,0.7576251728491732,0.0,0.19192826383609482,0.41324907830248075,0.11892355042314774
GSM7890836,CGCCATTTCGCCATAA-1,False,0,3187,2553,0,0.35503786509759067,0.35503786509759067,0.7036834925372885,0.0,0.2840302920780725,0.5446762409382373,0.10616105929628596
GSM7890836,CGCGTGAAGCTGTTCA-1,False,0,12621,11152,1,0.0,0.2373985398714318,0.8024073752393468,0.0,0.18991883189714545,1.4405047351849294,0.12787627380350086
GSM7890836,CGGAACCAGTATGTAG-1,True,1,11600,9552,0,0.31927376728872464,0.9615165296499961,0.0,1.9508241638577424,0.12433764331556008,1.3845050310731426,0.2285910754609484
GSM7890836,CGGAACCGTACATACC-1,False,0,35724,31942,3,0.0,0.0,0.15241035594198624,1.593091850514221,0.37736777945793787,1.4924751623506978,0.2869366998076489
GSM7890836,CGGAATTTCCTCCACA-1,False,0,14211,12487,1,0.0,0.4392654585857535,0.5419913549488853,0.5327907627329708,0.26777350545468387,1.1216192091979118,0.375197748793611
GSM7890836,CGGAATTTCTGTTGGA-1,False,0,15277,12628,1,0.0,1.3310310942592354,0.45761000225541604,2.891429434051487,0.16737655282516054,1.785471512292395,0.3491144673198844
GSM7890836,CGGCAGTGTTCAGCTA-1,False,0,24123,20255,3,0.39898004319935465,1.1673538142412025,0.5808505263233306,1.638107267211876,0.06936118029897492,1.80102673391807,0.3609872069384061
GSM7890836,CGGGTCATCGGCTTCT-1,False,0,29176,25518,3,0.07367946522340929,0.17679240019479686,0.5555047468109405,1.631780363415413,0.058943572178727435,1.0231744135976584,0.2115590256313141
GSM7890836,CGTAAGTAGGTCTTTG-1,False,0,42235,37073,3,0.0,0.3546502320560292,0.7594155397664358,1.566181126372146,0.24121948422282108,1.4889636503198143,0.19973129477250776
GSM7890836,CGTAAGTGTGAAAGTT-1,False,0,9934,9099,0,0.0,0.623989735285502,0.6227445936978515,0.0,0.0,0.568422876005274,0.1812630064036221
GSM7890836,CGTAAGTTCTAGACAC-1,False,0,12603,11112,1,0.1460369399940242,1.7847379054053332,0.6234762242604011,1.2179897924756309,0.0,1.8327210608900308,0.19688691290585464
GSM7890836,CGTCCATTCGAGTCCG-1,False,0,4911,4272,0,0.0,0.6836133736207868,0.740365505831833,0.0,0.22212432171033253,0.969591923509447,0.11106216085516626
GSM7890836,CGTGCTTAGATTTGCC-1,True,5,30840,27752,3,1.6497318013944389,1.5265084684740222,1.1462160036937408,0.0,0.6236409621826008,0.577391599880013,0.0880978267701398
GSM7890836,CGTGCTTAGTTACTCG-1,False,0,31026,26108,3,1.8122813218777496,1.2561305038133739,0.7158028399029207,1.180552346813373,1.609278040170696,1.7162242660478106,0.2670358287851247
GSM7890836,CGTTAGATCACATTGG-1,False,0,23619,20827,3,0.0,0.24162031821109897,0.31605482353123876,1.4786692378230413,0.2345783840947385,1.3869731951206297,0.2641633632775912
GSM7890836,CGTTGGGAGGGATCAC-1,False,0,10518,8733,0,0.0,0.3341072372491843,0.3371645611634019,0.0,0.349970553256061,1.7266806618884636,0.3130322038741804
GSM7890836,CTAAGTGAGTGGATAT-1,False,0,27596,24357,3,0.0,0.07730670676854819,0.5935490312125549,1.9166198796993255,0.20676900895699948,1.2619548892629173,0.23676887794626908
GSM7890836,CTACCCACAGTGTATC-1,False,0,14529,13097,1,0.0,0.130927359735436,0.0,1.760948018662174,0.41293628278910743,1.0893824597784434,0.1429609255172586
GSM7890836,CTACCCAGTGAGACGT-1,False,0,31763,25808,3,1.028127646326096,1.2263574312726007,1.1755821099854153,2.315513159344114,0.2724968623953852,1.420929920331347,0.1919514236680841
GSM7890836,CTACCCATCCCGAGTG-1,False,0,18032,15098,2,0.0,0.1865699883301044,0.7095139290958059,1.878807816844526,0.3171104854889487,1.2917236029313182,0.20257651105495816
GSM7890836,CTACGGGCAGTAGTTC-1,False,0,12329,10589,1,0.0,0.0,0.55236946359653,2.4461870682457705,0.0,1.5306198873503147,0.2918325138942413
GSM7890836,CTATAGGTCTGCGAGC-1,False,0,24669,21102,3,0.0,1.2496547044295339,0.7367621285081719,0.34029852124364146,0.11874647081350095,1.3941264768387451,0.15033239268053789
GSM7890836,CTATCCGCAACAAAGT-1,False,0,13710,11995,1,0.0,1.5230480209441752,0.4805198533903773,1.8092329510977418,0.10955428130061821,1.1989440566872758,0.2361824244417458
GSM7890836,CTATCTAAGCACTCTA-1,False,0,4871,4145,0,0.0,0.0,0.4076008028174494,2.421685720975614,0.44409849030417875,1.5279784174118531,0.24325745225585577
GSM7890836,CTATCTAGTAGGACCA-1,False,0,16442,14376,2,0.0,0.5773406806875665,0.7312973668651231,1.5366932466117296,0.0,1.0873092670490636,0.22932321532821917
GSM7890836,CTCAACCTCATCGACA-1,False,0,20345,17879,2,0.0,0.9114190893716347,0.8006156697569962,1.490800493710141,0.07995931556683303,1.705633634062383,0.22268642874639993
GSM7890836,CTCAGAAAGCGACTTT-1,False,0,12672,10276,1,1.3399521123018563,1.0847115246650234,0.6222242485654066,0.5817358478762545,0.37509722729455175,1.344267069853128,0.3317864230342525
GSM7890836,CTCAGTCCAACGACTT-1,False,0,10514,9265,0,0.0,0.16709996937199076,0.4757758923166356,1.9031035692665423,0.2697879781988717,1.807809118610508,0.22306514427233642
GSM7890836,CTCAGTCTCGCGTGAC-1,False,0,14683,12942,1,0.0,0.7602703026490207,0.4380561277875147,1.7522245111500587,0.0,1.334902899654632,0.23585855679833334
GSM7890836,CTCATGCGTCGTCATA-1,False,0,16743,13641,2,0.11707312409496155,0.2341462481899231,0.809550424504833,1.3828691623929659,0.32899389269083307,1.5561252118610527,0.21704099809584135
GSM7890836,CTCCCAAGTAGTCTTG-1,False,0,11471,9928,1,0.0,0.7401173860266667,0.15672026903135985,1.2851722764856433,0.41523997417111447,1.5796842730809344,0.2692511333527297
GSM7890836,CTCCCAATCGGCTCTT-1,False,0,13430,11619,1,0.0,0.0,0.1391315604961395,1.826516946378837,0.47660863767267897,1.669835905762303,0.31594723707119965
GSM7890836,CTCCTTTGTTGTGTAC-1,False,0,27521,23903,3,0.21404344890259144,1.4649994736171597,0.8045357562286259,1.918941489524669,0.17949786219806077,1.3993273683618743,0.17897129062529116
GSM7890836,CTCGAGGGTAGTCCTA-1,False,0,31520,28168,3,0.0,0.2737269599358838,0.3893207698620573,1.6940776128927588,0.0,1.3157852624246016,0.19270335037590428
GSM7890836,CTCTCAGCATGCCATA-1,False,0,21720,19250,3,0.0,0.28403542627568445,0.16318678376670925,2.1242335458254678,0.32755244920224824,1.0379375646751803,0.33702598219030927
GSM7890836,CTCTCAGGTCACCGAC-1,False,0,15206,12685,1,1.1644251125189793,0.8795388244789439,0.9149768527943334,1.4558614024322414,0.10107839492181103,0.8301435993221894,0.11772525679943031
GSM7890836,CTGAGGCAGAGGATGA-1,False,0,16118,14101,2,0.7339704230061662,1.4965852076720303,0.7809520997251037,1.2475199567781494,0.21025333388476244,1.2249396793487588,0.14797927271127553
GSM7890836,CTGAGGCCATCAGTGT-1,False,0,10995,9160,0,0.0,1.3432679555775837,0.5283409839864114,1.5342869646957569,0.12936873802588642,1.9182662970271607,0.4737092590297277
GSM7890836,CTGCATCCAACTCCAA-1,False,0,17860,14200,2,1.1574988613469657,2.0560131245361393,0.6994404555053307,0.44462839290330664,0.19714330140637484,0.5422593507751847,0.10144391925488908
GSM7890836,CTGCTCAGTCCTCCAT-1,False,0,15089,12933,1,0.21098042237747727,0.9989136338032201,0.21098042237747727,2.7025298780169864,0.20338540061439364,1.659568823708371,0.24715456577097988
GSM7890836,CTGGTCTGTACTCGAT-1,False,0,27541,23609,3,0.0,0.5386661091731538,0.8651583137094361,1.6082462510155335,0.14736438674498664,1.7075889177283776,0.32149045487693595
GSM7890836,CTGTACCCACAAGCTT-1,False,0,29086,26035,3,0.1308292257510244,0.6525555409363771,0.7140695776416156,1.2257312011576869,0.2238690473103478,1.0364692914046618,0.1852596395389436
GSM7890836,CTGTACCCAGAGCTAG-1,False,0,12560,9541,0,1.7821714911407076,2.3090386632308535,0.841545060876391,0.0,0.3612117899166284,0.3555328124410201,0.08265726383188411
GSM7890836,CTGTACCGTGAGGATC-1,False,0,23641,20970,3,0.24144441274577216,1.0431964619215777,0.5855658699795101,1.136219443021332,0.44026290868086904,1.540346884912728,0.22107731985695386
GSM7890836,CTGTATTCAGATACTC-1,False,0,14230,12561,1,0.0,0.5496322813079553,0.9287355822025035,0.0,0.3303631938055389,0.9142330746816615,0.15305089578687903
GSM7890836,CTGTCGTTCTTCTTCC-1,False,0,7031,6111,0,0.0,0.22117656740991865,0.6289838584522723,2.624701571857976,0.2693310824634894,1.4757093304892723,0.3025731128409339
GSM7890836,CTGTGAAGTCACAATC-1,False,0,43461,37827,3,0.0517721079706157,0.1035442159412314,0.14641249791087535,1.9758109661929157,0.29689717004651206,0.8976730940610146,0.26491766416068097
GSM7890836,CTGTGGGGTCTGGTTA-1,False,0,2812,2305,0,0.0,0.3791215644496233,0.6807306157934278,0.0,0.30329725155969867,0.30329725155969867,0.10833230833049921
GSM7890836,CTTACCGCAGGGATAC-1,True,17,45360,38261,3,1.8459214719528534,2.00877421765342,0.9830010036617702,0.36527979113225084,1.360458730364821,0.5053083654976496,0.10393519378664241
GSM7890836,CTTACCGTCGCAGTGC-1,False,0,15697,13163,2,1.6441034874774163,1.3211729301368926,0.35789591276362326,2.2280595114421606,0.5118156405600061,1.1562406710603041,0.20213565588352495
GSM7890836,CTTCGGTTCAAATAGG-1,False,0,14505,12806,1,0.0,0.28027703120938185,0.9021420254478182,0.8666108234991977,0.22422162496750547,1.4581090496090465,0.2516330746226311
GSM7890836,CTTCTAAGTACAGAGC-1,False,0,11834,10004,1,0.0,0.5536353609900778,0.3692673900875749,2.0490058551721373,0.25254653235544516,1.9924088169004186,0.2896673745930558
GSM7890836,CTTCTAATCGCTGACG-1,False,0,14740,13203,2,0.8274251646978503,1.8267884294162138,0.6826596472436186,0.0,1.3499690095437837,0.5795187082347113,0.13652987228636138
GSM7890836,CTTCTCTGTCACGCTG-1,False,0,15949,13593,2,0.12168423547082287,1.332932629989134,0.9372639895772092,1.5606659310575395,0.0973473883766583,1.7130582091295903,0.36429053521513827
GSM7890836,CTTTCGGAGAATCGCG-1,False,0,16977,14872,2,0.0,0.0,0.4490588110775501,2.1584166251236585,0.15568732218145623,1.3770236425099858,0.1984274682662176
GSM7890836,CTTTCGGAGCATCAGG-1,False,0,12774,11301,1,0.0,0.47111183149231745,0.7559706230064308,2.17797396090227,0.2417037172448298,1.413376730168547,0.26211833523426853
GSM7890836,GAAATGAAGGGACCAT-1,False,0,8556,6950,0,0.7634499325100597,0.8819288668570172,0.5542947387582043,1.923350770089006,0.1548320791338676,1.9647912904377312,0.3528006937346965
GSM7890836,GAAATGAAGGGCCCTT-1,False,0,13874,11666,1,1.6026091952950337,2.0120441454944897,0.6592979696394216,1.356631401803617,0.40263240824213764,1.2342973148335685,0.10861696544836288
GSM7890836,GAACTGTCAGTACTAC-1,False,0,16257,14062,2,1.2706671151403075,1.8353962712618603,0.891634457540879,1.0456892186052384,0.8612988551500111,0.711320390065299,0.1303686395971997
GSM7890836,GAATAGATCTGAGCAT-1,False,0,17129,15131,2,0.0,0.8139415032457203,0.5216117946172277,1.6266168455583059,0.20242311785735484,1.561841063568452,0.19183455813802575
GSM7890836,GAATCACAGCATCCTA-1,False,0,10927,9704,1,0.16245085016748104,0.16245085016748104,0.8017021589735801,1.3205532013584302,0.20807855963874983,1.2969580831687089,0.341590962927594
GSM7890836,GAATCGTAGATAGCTA-1,True,8,16994,13802,2,1.9831001910781259,2.619927359946752,0.9556885077713434,0.7778953967510076,0.09255085570114813,0.4362839467526046,0.06806438180486003
GSM7890836,GAATCGTTCAAGTCTG-1,False,0,12512,9883,1,3.039621074243974,1.557986551314976,0.6251387744183304,0.0,0.35241618994144674,0.5429187120258767,0.08972853214651769
GSM7890836,GACAGCCCAAGGTCTT-1,False,0,15826,14213,2,0.0,0.38823125942190184,0.7145290187349927,1.0631974584501491,0.3133574169126251,1.2259655135194412,0.2521141903358021
GSM7890836,GACAGCCCACACGGTC-1,False,0,11631,9982,1,0.1551133809061157,0.47390616458113605,0.7252925611830722,1.2751711347000814,0.0,1.4846352579465738,0.2161891952642668
GSM7890836,GACAGCCTCAGTGTGT-1,False,0,15648,13664,2,0.0,0.2470612412873678,0.47349165304776003,0.4941224825747356,0.41662824666801146,1.27905267911936,0.3346127439025947
GSM7890836,GACATCATCAGTCACA-1,False,0,7367,6495,0,0.0,0.21439032151607515,0.46522880400179617,0.0,0.17151225721286012,1.4357406154777022,0.18524801336731767
GSM7890836,GACCAATAGTACCCTA-1,False,0,7926,6762,0,0.0,0.0,0.7316409134885474,1.2594096597517597,0.3599019319764266,1.3629656098837148,0.24923565878656032
GSM7890836,GACCCTTAGATCGGTG-1,False,0,27918,24681,3,0.8117339343945388,1.2692045568492285,0.9999568322285116,1.1471329197933766,0.23903674887214263,1.4815161914373784,0.1634399072506518
GSM7890836,GACCCTTAGGCGTTGA-1,False,0,7226,6357,0,0.0,0.9543258963123855,0.3316216915912082,2.230374444737213,0.26529735327296655,1.3907807316220482,0.2887745655106464
GSM7890836,GACCCTTCACGACCTG-1,False,0,17395,15076,2,0.11354442659661843,0.5490270780536636,0.6370406013749705,2.322196075981475,0.2004667858602199,1.4993297129738903,0.2329510713235705
GSM7890836,GACCCTTTCGACCACG-1,False,0,17083,14721,2,0.11520560195219216,0.7891874632601287,0.7727872204099738,1.9247992680357837,0.2735693683418396,1.5030354336183287,0.29133654836083867
GSM7890836,GACCGTGAGGATAATC-1,False,0,12761,11270,1,0.49590816202155563,1.3895462486864658,0.5447192224619489,1.8695632911844504,0.0,1.178032550434938,0.055543466672688925
GSM7890836,GACCGTGAGGCACGAT-1,False,0,26659,23477,3,0.15926607984146995,0.5282981660166283,0.29471351805657,2.0479432872390078,0.0,1.4879845783427854,0.26418957800078735
GSM7890836,GACCGTGTCGAGAACG-1,True,1,15616,12263,1,2.0939076529244116,1.8504804637040062,0.35888088474474167,0.0,0.0,0.2309262325173264,0.08648640270464994
GSM7890836,GACCTTCAGAAGCTCG-1,False,0,27516,23056,3,0.0,0.9700268093487013,0.543573236754314,1.9190965214393494,0.42326221408207293,1.7259630413479712,0.33498199367195564
GSM7890836,GACGTTACAATAGTGA-1,False,0,2749,2561,0,0.5283209948009499,0.0,0.5283209948009499,0.0,0.4226567958407599,0.31279054324468214,0.10958683056949119
GSM7890836,GACTATGAGAAGGCTC-1,False,0,13088,11243,1,0.0,0.0,0.23186872475639317,1.9618495024523999,0.0,1.3738254105412757,0.3187514468901697
GSM7890836,GACTCAAAGGCAGCTA-1,False,0,7089,6111,0,0.21997267369797283,0.43994534739594565,0.5618689523099524,3.159982317716651,0.0,1.6853246686424583,0.3747598748221181
GSM7890836,GACTCTCTCAAAGGTA-1,False,0,13459,11908,1,0.13890154732982435,0.3876865002053861,0.13890154732982435,2.3664012528382803,0.0,1.4002941156757276,0.319768718645471
GSM7890836,GACTCTCTCCCAAGTA-1,False,0,11433,9743,1,0.0,1.8066816192685693,0.809576555796522,0.0,0.12568557595903251,1.079209592884323,0.0648060041569056
GSM7890836,GACTGATTCAGGACGA-1,True,30,26991,22457,3,1.8126236941926877,1.698583468239942,1.1461563586200287,0.31517116270945394,1.2835299578394805,0.9960021363189193,0.1677790228792454
GSM7890836,GACTTCCGTGAAGCTG-1,False,0,17328,14429,2,1.4303562933929883,2.0097388828864027,1.1064120460867641,0.4555881273475245,0.15348400500408785,0.6604516793590955,0.10820998933099006
GSM7890836,GAGAAATGTACAGTTC-1,False,0,20779,16937,2,0.6353998199118532,1.7418287975599103,0.7491286999121833,0.0,0.21342283192794417,0.7071399007600438,0.11631535430272369
GSM7890836,GAGACCCCAATCTAGC-1,False,0,11185,9687,1,0.0,0.5757007983272131,0.7677476697305979,2.2023769295815296,0.3398656932991077,1.3811815158079945,0.2153972898929642
GSM7890836,GAGACCCTCAGTCAGT-1,False,0,10106,8670,0,0.0,1.8786491039545394,0.5970785578217189,1.7829803632990506,0.0,1.0494100968666542,0.21762325697233134
GSM7890836,GAGACTTAGCGAGTCA-1,False,0,14966,13322,2,0.0,0.0,0.5898679771791546,1.6112537157581892,0.22002513739612878,1.1721643694514465,0.2263424671918058
GSM7890836,GAGATGGGTATGCAAA-1,False,0,7232,5896,0,0.9134729379129725,1.3287454601076185,0.774471549724218,0.8682524973241573,0.0,1.3864117832661347,0.2441191811098576
GSM7890836,GAGATGGGTGGGAGAG-1,False,0,18698,15946,2,0.0,0.5002027059371011,0.603117916158607,0.0,0.0,1.0943890322685028,0.3891821982181135
GSM7890836,GAGGCAATCAAGGCTT-1,False,0,20909,18085,2,0.0,0.29315078650631593,0.5529042966083171,1.221217676543877,0.13423407989040348,1.4621662835268687,0.1935295992406447
GSM7890836,GAGGCCTCAAGGTACG-1,False,0,20882,18245,2,0.3937659932818779,1.3166436189255117,0.6007548034071963,1.4706744179050248,0.0,1.493856740432967,0.19611786863882674
GSM7890836,GAGGCCTGTCGTTCAA-1,True,3,19193,15313,2,1.3197821569855606,1.4965628577158832,0.7180059094221531,1.1262576624316922,0.08387666505684412,1.5346608771273502,0.14400982163907536
GSM7890836,GAGGGATTCGTAACAC-1,False,0,14295,12244,1,0.1325901855208978,1.4952082014668184,0.3758930104870318,1.8865183401900534,0.30071440838962543,1.2482562290952983,0.33012920064918944
GSM7890836,GAGTCTATCACCTGTC-1,False,0,47577,42221,3,0.1525422388015007,0.524265967647717,0.6245116100799826,1.9594441812543282,0.16317148380949795,1.5341517181734377,0.35274079508900874
GSM7890836,GAGTTACAGAAAGCGA-1,False,0,5755,5116,0,0.0,0.251772183258848,0.0,2.0732320331934955,0.2014177466070784,1.241798535444382,0.3047814682244388
GSM7890836,GAGTTTGAGCACCGAA-1,False,0,24349,20844,3,0.08602053130989787,1.8269252628519856,0.8835402497827304,0.0,0.11991987593271487,1.3609446237244367,0.09829327298935323
GSM7890836,GATAGAACACGCGTCA-1,False,0,7757,6816,0,0.0,0.2070460357169908,0.7832942651300654,0.0,0.16563682857359263,1.1793696486780734,0.2084438722094379
GSM7890836,GATCACAAGGCAGCTA-1,False,0,16568,14215,2,0.0,0.6630626801192057,0.0,1.5307061108003224,0.44700173185734104,1.2396151562948567,0.19543763216016868
GSM7890836,GATCACAGTCTCTCCA-1,False,0,16853,14912,2,0.0,0.0,0.8249582484089957,0.46584886406302867,0.2755934993273049,1.3256097499630912,0.3331677850193106
GSM7890836,GATCAGTTCTTCCTAA-1,False,0,23319,19522,3,0.08921483148181962,1.29436151836699,0.5963452712870143,2.1150731952767763,0.0713718651854557,1.1176708730344334,0.26217080952980937
GSM7890836,GATCATGAGCCTCGTG-1,False,0,22634,20474,3,0.0,0.4607523609515902,0.5735170907895961,2.240119177318798,0.35502090669384473,1.125632164812773,0.30716890866216034
GSM7890836,GATCCCTAGAACCCGA-1,True,1,25391,22454,3,1.729121787033703,1.136956257887138,0.9026667584393078,0.5809190669842417,1.0452374771510515,0.9213503932573586,0.07209031734707268
GSM7890836,GATCCCTCAAGTGGTG-1,False,0,15057,13029,1,0.0,0.48530441611082764,0.8384882988206586,2.033584658401292,0.0,1.3994458775215466,0.22534787970734194
GSM7890836,GATCGTATCCTAGCGG-1,False,0,19825,16811,2,0.0,1.3495482841730766,0.6919333207277619,0.6975510882752005,0.3025766133473187,0.7940786262571615,0.10399558161807236
GSM7890836,GATGAGGCACATATGC-1,False,0,6502,5812,0,0.0,0.5841205359402921,0.963278614689686,0.0,0.34505144634522306,1.0146384224708098,0.16666150357550996
GSM7890836,GATGGAGCACTCAGAT-1,False,0,10307,8784,0,0.0,0.0,0.0,2.5370699288127447,0.27274037501696574,1.6685382036776901,0.47730705042723115
GSM7890836,GATGTTGAGGGCCCTT-1,False,0,11512,9978,1,0.15630523734537421,1.1334011632001457,0.7608822979285188,0.0,0.0,1.4444455655378992,0.1948710592890189
GSM7890836,GATTGGTTCCGCATAA-1,False,0,37238,33493,3,0.40689725316360426,0.9739861041861552,0.9321539538775909,0.7295618186316918,0.4455841786437508,1.0575653627624253,0.08157068656898186
GSM7890836,GCAACATAGCTGTTCA-1,False,0,23035,19804,3,0.0,0.09013820177349217,0.5314641803064644,1.3959609680517244,0.27919219361034486,1.0566425264268098,0.3368992691644316
GSM7890836,GCACATATCCATCACC-1,False,0,27343,24940,3,0.8486001591234027,1.529936751552007,1.0175901447168503,0.5489584188238161,1.1030340429033167,1.063755071156065,0.10596047428723217
GSM7890836,GCACGGTAGGACTGGT-1,False,0,29766,28087,3,0.4207826071227571,0.6725688932980061,0.1742675337110292,0.0,0.10279304347861111,0.3113240520379377,0.0704562523428624
GSM7890836,GCACTAAAGGGAGGCA-1,False,0,6745,5648,0,0.0,1.1121496845222796,0.5730194746119941,2.663277161328173,0.27550921006469886,1.4612790139660128,0.3932875096846883
GSM7890836,GCAGCTGTCCGATCTC-1,False,0,11308,9829,1,0.0,0.15839303730585222,0.3238864364944534,2.4520352687911404,0.30246724912125206,1.6536968716612972,0.3357024062291185
GSM7890836,GCAGGCTCACCCTAAA-1,True,1,11915,10421,1,1.707894621614885,2.104384258547853,0.634314309260397,0.0,0.4408048909594898,0.5680108490874006,0.12680995709804474
GSM7890836,GCCAACGAGGCTCCCA-1,False,0,25934,22488,3,0.0,0.14291268361688267,0.19215439377960145,2.646898140144796,0.3712070539616802,1.3366289408796321,0.34922270953030854
GSM7890836,GCCAGCACACTGGACC-1,False,0,39104,33370,3,1.169296922953253,2.0543517939914704,1.1686112758386378,0.0,0.8954492375419477,0.42162369866589755,0.09947460775816809
GSM7890836,GCCAGCATCTCAAAGC-1,False,0,13894,12461,1,0.0,0.1355425722810857,0.1355425722810857,2.011914056332566,0.38214187882768014,1.3007133109031908,0.2750264287132932
GSM7890836,GCCAGTGCAAGTAGTA-1,True,5,19726,15354,2,2.476645781473902,2.2479212988806583,1.0341247152780668,1.26263571293699,0.0820169042389803,0.5555972145857915,0.08247950637258439
GSM7890836,GCCGATGCATCCGGTG-1,False,0,12922,10803,1,0.0,0.37709392627686333,0.3957411447360873,1.4098878462915836,0.346091818323195,1.6257382307047465,0.23169632068197984
GSM7890836,GCCGATGCATCGTGGC-1,True,24,35027,29026,3,2.356897589688123,1.855384961464333,0.9421313291469458,0.7617288560890987,1.7608890815649807,0.5925827497001357,0.07674397930649983
GSM7890836,GCCGATGTCATTCTTG-1,False,0,9613,8490,0,0.0,0.45954334190396906,0.8286282502603974,2.675757960118065,0.14261525251913895,1.38140086505638,0.2631487449083706
GSM7890836,GCCTGTTGTCGTAATC-1,False,0,17738,14297,2,0.0,0.22354704163994135,0.29505157616201455,1.8927525859209797,0.4493388014632848,1.613152017514032,0.318377074884298
GSM7890836,GCGTTTCGTGATCGTT-1,False,0,14715,11594,1,2.134364285525848,2.4694679271069964,0.8960675098679548,0.0,0.1037085930146973,0.26670705293331676,0.04930027591267476
GSM7890836,GCGTTTCTCACATACG-1,False,0,18023,14848,2,0.0,1.487444125432725,1.0109360248237536,1.4653549350076522,0.0,1.6452377617485379,0.36829072799904344
GSM7890836,GCTACCTAGGTTACCT-1,True,4,18790,15793,2,1.8899945823644386,2.687800451686737,0.8653965347284628,0.0,0.49918287872258854,0.5200188234303503,0.05912091425165981
GSM7890836,GCTGCAGCATGGGTTT-1,False,0,5461,4701,0,0.0,0.0,0.4677003944670081,2.3180481478684016,0.0,1.6425734079705125,0.46434312924579074
GSM7890836,GCTGGGTCAAACCGGA-1,False,0,22745,19717,3,0.0,1.3114265950707233,0.7788583261355422,1.014733552540304,0.2758276980376707,1.196392689926349,0.08070119723806986
GSM7890836,GGAATCTAGAAGCCAC-1,False,0,19437,16818,2,0.10376848008961333,1.5545702946559778,0.7075516676849436,0.0,0.22354769238732194,1.5538726206131823,0.20166052890075883
GSM7890836,GGAATCTCAGGAGGAG-1,False,0,11769,10579,1,0.0,0.40200999979458607,0.0,2.98027223008738,0.19860440313101405,1.4032756159653434,0.4042472352709893
GSM7890836,GGACGTCTCAGCTTCC-1,True,12,41348,34809,3,2.299788904425829,2.0160791361569217,0.7637297854939099,0.21660193451644177,0.2744856342663457,0.4787532002001507,0.098245135471919
GSM7890836,GGAGAACAGGCTAACG-1,False,0,30012,24228,3,0.24513233699518416,2.1405191626992206,1.0395624746489807,0.6929472405412846,0.3347153087076698,1.0075784523838078,0.18008202764894632
GSM7890836,GGAGATGAGACTGTTC-1,True,9,20266,15169,2,1.8264814663050288,1.9633349985406432,0.4111059501251595,0.4010803652387086,0.08021607304774173,0.39351256783559796,0.07856467454632192
GSM7890836,GGAGATGAGGATCACG-1,False,0,19735,16711,2,0.0,0.20496554702187328,0.27688110103859415,1.396314927085125,0.34313493184800226,1.1759371085885444,0.23790473766913028
GSM7890836,GGAGATGTCCTATTGT-1,True,2,21032,17505,2,0.53474593218126,1.5221661430200655,0.5088895038927876,1.971446647465162,0.0777947685420172,1.4019666217175133,0.1902030012854942
GSM7890836,GGAGGATAGATCCAAA-1,False,0,11071,9701,1,0.0,0.16089215266433518,0.7485387100033917,0.0,0.12871372213146814,1.1428863968779086,0.15902741828261252
GSM7890836,GGAGGATGTGAACTAA-1,False,0,13227,11508,1,0.3710394508572751,0.42229140003717724,0.6213934583619697,2.5128816749786846,0.0,1.715931978065239,0.4255887842614322
GSM7890836,GGAGGATTCGACCAAT-1,False,0,9249,7930,0,0.0,0.8005144792009955,0.5370198392022815,0.0,0.14658873475207507,1.243096261915575,0.11216645550033774
GSM7890836,GGAGGTACACACACGC-1,False,0,22757,19784,3,0.0,0.4063910394764269,0.5067532981084565,2.5197150811650455,0.3052992440599817,1.2768839001883774,0.291198029819952
GSM7890836,GGAGGTACATATACCG-1,False,0,14552,10863,1,3.1266958293644396,2.629445567424966,0.7658169253686442,0.0,0.1729473988885158,0.34136854384089865,0.04971516249929499
GSM7890836,GGAGGTAGTCGTGTTA-1,True,6,15988,12643,1,1.30875312483359,2.2406730531476193,0.9535625142871574,0.0,0.3084677008423248,0.7138646661904396,0.04857964521692074
GSM7890836,GGATCTACACATATCG-1,False,0,18859,16116,2,0.0,0.4301255828090566,0.0,0.0,0.31001211805135453,1.3823391121222193,0.24642204398544054
GSM7890836,GGCACGTGTTCTATCT-1,False,0,9655,8492,0,0.0,0.0,0.28053870735255304,2.1102288931443804,0.3642204102894572,1.2175180138449602,0.34744053076468123
GSM7890836,GGCACGTTCTCGGTCT-1,False,0,27128,22070,3,1.4947060043890175,1.8029465214175544,0.7157330450754238,0.3138049971155372,0.06276099942310745,0.5996006175750697,0.11717442604992832
GSM7890836,GGGAAGTCAGACTGCC-1,False,0,12497,11088,1,0.0,0.38588812834070896,0.6784289320174026,2.1974379391185996,0.24478897393999274,1.020707521951498,0.23490507171379066
GSM7890836,GGGACCTAGTTGCTGT-1,False,0,3177,2550,0,0.0,0.355633882568934,0.711267765137868,2.8176886167512354,0.28450710605514723,1.7069417232645363,0.17870941837600718
GSM7890836,GGGACCTTCCTACCAC-1,False,0,22528,20154,3,0.0,0.40953742050519126,0.6960263576478221,1.5153769520302074,0.5158928090959977,1.30809770254976,0.1742575284603725
GSM7890836,GGGATCCAGCGGGTAT-1,False,0,24330,20535,3,1.1834403519515069,1.0834204007362611,0.5439516816384025,1.5473788467584473,0.43745769188536376,1.7069171558907485,0.24109448349005444
GSM7890836,GGGATCCCAGTCTGGC-1,False,0,6226,5420,0,0.23947020548836423,0.9193789353385313,0.6797309607511913,2.004808338335081,0.0,1.8105312274151752,0.14834803398502402
GSM7890836,GGGATGAGTAGAGCTG-1,False,0,14636,11365,1,1.519665590404824,2.3104600188306685,0.5968195617152295,0.0,0.20828981626713455,0.422342790218109,0.13802152783547111
GSM7890836,GGGCCATAGGTCTACT-1,False,0,8508,7788,0,0.0,0.0,0.0,0.7771961737067624,0.1554392347413525,0.5838319186656818,0.29975660820436184
GSM7890836,GGGCCATCAGTCTTCC-1,False,0,6635,5925,0,0.0,1.0647525946664291,0.9038877107815868,0.0,0.0,1.2042400574745145,0.18446674034041888
GSM7890836,GGGCTACCACATGAAA-1,False,0,12758,10489,1,0.4714943406202121,1.602034689641649,0.4674405401254186,2.3423693961399876,0.18859773624808485,1.5664531974653984,0.25501881532138315
GSM7890836,GGGTAGAAGGGAGTGG-1,False,0,21365,18122,2,0.09598463811317959,0.2611548989997191,0.33429778400414734,0.8772029375722388,0.1321362087092316,1.6587308470839321,0.32529165618735106
GSM7890836,GGGTATTGTGCATTAC-1,False,0,3462,3093,0,0.0,0.0,0.0,1.3580244448345038,0.27160488896690077,1.301550132354747,0.25374777275080007
GSM7890836,GGGTCACGTCCTCCTA-1,False,0,14716,12940,1,0.0,0.9503494211614743,0.618556615319763,0.0,0.20740618798248206,1.1953972196668599,0.09586665303662871
GSM7890836,GGGTTATGTACCCGAC-1,False,0,12658,10218,1,0.1455558910245458,2.0212787105586565,1.119864643388139,0.5822235640981832,0.24298508065314342,1.0104143318998215,0.1456880795319518
GSM7890836,GGTAACTGTACCAATC-1,False,0,16998,14632,2,0.0,0.6241714535459113,0.3776709393534861,1.3715670781227205,0.2034018715073444,1.5007955230661425,0.25330105240088574
GSM7890836,GGTAACTGTGATCGTT-1,False,0,19987,17356,2,0.0,0.10142047305009906,0.17336808476939652,1.8723523832428444,0.13869446781551723,1.6848005742071979,0.26922304229775657
GSM7890836,GGTAATCTCTTAGTTC-1,False,0,20291,17394,2,2.061638205103494,1.6210244705880927,1.0002827520498125,0.0,0.32862790611614473,0.44617592543687934,0.09643621044150724
GSM7890836,GGTAGAGGTGGCCCAT-1,False,0,12362,11265,1,1.4407727655146962,0.9573483917615874,1.0325736602978441,0.0,1.3856854129054497,0.4428184547121516,0.13950907846952468
GSM7890836,GGTGATTAGACTAAGT-1,False,0,14789,13058,1,0.0,0.0,0.570348462257632,2.049211999294587,0.10330326904050499,1.93262569137277,0.3473690322238411
GSM7890836,GGTGATTCAAGCAGGT-1,False,0,24807,19548,3,1.7555581809015182,2.7586772701840006,0.7908359485445817,0.9602877508072009,0.19205755016144016,0.421182478296222,0.1635030645442508
GSM7890836,GGTGTCGAGAAAGTCT-1,False,0,15177,13460,2,0.0,0.25307487768198456,0.3643313804959494,1.4573255219837975,0.2581530151617597,1.4340922608576558,0.20895755442505623
GSM7890836,GGTTCTCCATACAGGG-1,True,1,11079,10008,1,0.7543905752965897,1.0917724190200477,1.4845371474449394,0.0,0.904358141693411,0.4988289137416678,0.06466535594108257
GSM7890836,GGTTCTCGTGACAGCA-1,False,0,27046,23278,3,0.0,0.21705199751875875,0.4225851980547041,1.3757195285694532,0.27514390571389064,1.477499381820118,0.22084704289562285
GSM7890836,GTAACCACACGGGCTT-1,True,1,9974,8331,0,1.4274212452160426,0.7237867462236898,0.576492720938585,1.1003486320988736,0.2776495071296838,0.924142649350237,0.23637653854670154
GSM7890836,GTAACCAGTGTTACAC-1,False,0,28453,25712,3,0.17999235233820138,0.5298048622479566,0.5325509593318201,1.836071658058901,0.2676126592479682,1.3046591237650573,0.353207280169942
GSM7890836,GTAATCGAGGTAGCAC-1,False,0,16265,14307,2,0.0,0.3594162708604576,0.38629963938164547,1.4046462944073272,0.42511719186030134,1.438306070374654,0.23611683361565783
GSM7890836,GTAATGCTCTAACGCA-1,False,0,13223,11690,1,0.0,0.14079635732900006,0.4598915035892588,2.147401587768107,0.27850657923438715,1.5063220588918018,0.30651988810286096
GSM7890836,GTAGAAAAGGCGATAC-1,True,3,24819,18913,3,1.6321121587324854,2.328713338387927,0.6764977027007587,0.3385537259245469,0.3357828096337004,0.6007974478574718,0.14352697962956018
GSM7890836,GTAGATCCAACTACGT-1,True,7,15510,13194,2,1.8279061591868562,1.6914680242739257,0.3935081649513439,0.49758555496527257,0.09951711099305452,1.0188567016386698,0.14929735284600915
GSM7890836,GTAGATCTCCGAGTGC-1,False,0,8606,7428,0,0.0,0.0,0.5829349852480048,1.9183774460036536,0.0,1.5043315630800744,0.3254380211710076
GSM7890836,GTAGGTTGTCGTGATT-1,False,0,17374,14975,2,0.0,1.6702089093965626,0.49803820121004777,0.7660004396623347,0.2987351942024865,0.733770618818828,0.12436005702103814
GSM7890836,GTATTGGTCGAGTGGA-1,False,0,13137,9957,1,1.708668395310449,2.381403987971944,1.1169847526400702,0.0,0.4565804218807147,0.3774120307009891,0.09407459598214121
GSM7890836,GTATTTCTCAGAATAG-1,False,0,10675,9371,0,0.0,0.33051034089753334,0.5056310447058343,2.5785477062046542,0.40450483576466745,1.2975158534024789,0.3520443069454791
GSM7890836,GTCAAGTCATATGCGT-1,False,0,25485,21193,3,0.0,0.8570528294010537,0.6855057040053435,1.4204787189207815,0.1556045340321044,1.7233149497341036,0.21888491456455794
GSM7890836,GTCAAGTCATCCGTTC-1,False,0,17074,15088,2,0.0,0.647460722598684,0.9201043702271606,0.7753590767187829,0.3014418321448647,1.4953786547788999,0.18264366844126462
GSM7890836,GTCAGCGCAATAAGGT-1,False,0,20064,18147,2,0.0,0.20220063911029967,0.0,2.2484336930966737,0.13831020220542464,0.8609670914739166,0.16873473907638617
GSM7890836,GTCAGCGCATTACTCT-1,False,0,22542,19317,3,0.09178783172431008,0.9293008188400078,0.4610641143261383,2.091600047711507,0.0,1.8331118635325148,0.31038775769969845
GSM7890836,GTCATCCAGCAGTAAT-1,False,0,44128,36634,3,0.051064277606865334,0.9008358439823185,0.835363374071731,1.2506889244043764,0.1903660558500737,1.7140811892121985,0.22869302068872552
GSM7890836,GTCCACTCAAATGCGG-1,False,0,10254,8968,0,0.0,1.2764333734179245,0.868048545500978,1.3675415044472972,0.0,1.7985341267044657,0.30885660277547355
GSM7890836,GTCCACTGTCAATGGG-1,False,0,9146,8072,0,0.0,0.18469429782207453,0.7241887035368182,1.4539816208444687,0.0,1.3486427511935495,0.33932887762462133
GSM7890836,GTCCTCAAGGTACATA-1,False,0,5682,4679,0,0.0,0.7749028345427951,0.5705884128723266,2.589237068023749,0.0,2.0282324249626655,0.4214130030805738
GSM7890836,GTCGCGACAGACATCT-1,False,0,7437,6036,0,0.3263562314283894,0.5110552883106496,0.0,2.4644509923179223,0.0,1.6342470068384707,0.36977631161610514
GSM7890836,GTCGTTCGTCGTACTA-1,False,0,9187,8021,0,0.0,0.18411088127165817,0.8251035443322594,1.8629124818916127,0.3355679839304766,1.2326766163333591,0.13328407263203118
GSM7890836,GTCTACCCATAATGCC-1,False,0,30360,27672,3,0.0,0.0,0.1423566214789895,1.599906466168548,0.1946781174838609,1.2730304463932611,0.26514333751625074
GSM7890836,GTCTGTCAGCAGGCAT-1,True,1,11592,9372,0,1.3876692973837201,0.830742114088784,0.8433637195030854,1.2775926360630334,0.4700711945751558,1.5223571570410905,0.22047234603090096
GSM7890836,GTGAGCCAGGTACTGG-1,False,0,14349,13020,1,0.0,0.0,0.2644052637786093,0.5288105275572186,0.30012822810791573,0.9035900909877848,0.33355803038387977
GSM7890836,GTGAGGAAGCTCCACG-1,False,0,17435,15478,2,0.920036083922042,1.1041972139609122,0.4113785209632693,1.6124159800380085,0.4131511740842665,1.350813948505183,0.2767373302175172
GSM7890836,GTGATGTTCGTACCTC-1,False,0,22154,19910,3,0.09312969816150678,0.09312969816150678,0.6448157483521896,1.1807846566438358,0.45185887179197365,0.7966004933284303,0.14276653809853357
GSM7890836,GTGCAGCTCTCGCTCA-1,False,0,12660,11263,1,0.0,0.291076919441915,0.5232437851040317,2.2709688834818076,0.116430767776766,1.7905292660554608,0.3850330474568826
GSM7890836,GTGCGTGCAGCAATTC-1,False,0,16351,14238,2,1.4135475342500423,1.986527029207446,0.5479296971242117,0.0,0.5821120203967362,1.1079543620981194,0.1623565745415649
GSM7890836,GTGCTTCCATCACAGT-1,False,0,19385,16342,2,0.10399619223543033,1.1070571432344058,0.9420424774274632,2.04202729492882,0.0,2.094300871178006,0.3341215935070277
GSM7890836,GTGGAGAAGGAGTCTG-1,False,0,12733,10699,1,0.0,0.0,0.6369784430891274,1.7425981531776398,0.0,2.059619089141836,0.3847853265078155
GSM7890836,GTGTAACTCGACATAC-1,False,0,11083,9540,0,0.1607636564360851,0.3275455019594987,0.5526323896869658,2.6765073573023765,0.4212717551871985,1.519220169199023,0.26078950173347226
GSM7890836,GTGTCCTAGACTACCT-1,False,0,16342,14610,2,0.31916543971967215,0.9631569992571246,0.3799340847455951,1.5414847645966674,0.09548522852286781,1.4769307237766514,0.15825875774543766
GSM7890836,GTGTGATGTTATCTGG-1,False,0,11970,9757,1,0.0,2.070691020518185,0.8846367528986211,0.0,0.25091031155512356,0.8310066875139797,0.08343699111592806
GSM7890836,GTTACAGAGTGCTCAT-1,False,0,17108,14855,2,0.11507067422730109,0.34521202268190326,0.11507067422730109,1.5056608461706826,0.4010981856829711,1.4226829382500346,0.3129801688277465
GSM7890836,GTTACAGGTATCGCAT-1,False,0,8734,7621,0,0.0,0.70653428171224,0.8992833610177425,1.7191534833811912,0.15262331994471393,1.4865526566983536,0.1648444923961879
GSM7890836,GTTACAGTCTTTGCTA-1,False,0,18430,16248,2,0.18371465822375518,0.5299973424045049,1.4123875262263903,0.0,0.23076993697692277,1.4775590545608792,0.17682795868482576
GSM7890836,GTTAGTGGTGGACTGA-1,False,0,36619,31719,3,1.8609492518412072,2.022218049402253,0.8405226526059387,0.0,1.1998621002071748,0.14382861334733704,0.12438584923586278
GSM7890836,GTTCGCTGTTGATCGT-1,False,0,20584,15869,2,2.329763948025901,2.162157439455362,0.6703032935108141,0.0,0.21496454933992287,0.5568734632229347,0.1308962208122068
GSM7890836,GTTGAACGTAGGTACG-1,False,0,7809,6841,0,0.0,0.5236274568609415,0.7176479384531814,1.2700827946304352,0.0,1.4475273697913456,0.2841718139216865
GSM7890836,GTTGAACTCGTAGGAG-1,False,0,7803,6773,0,0.0,0.9770186211491284,0.3944700473552604,1.8125801238996413,0.0,1.4892705062133016,0.14907295596780235
GSM7890836,GTTGCTCAGGTACAAT-1,False,0,35283,30425,3,0.0,0.3017293174482939,0.4847528461078657,1.8085521801245676,0.0,2.0146256958441766,0.27848290464852893
GSM7890836,GTTGTAGGTCCACTTC-1,False,0,22381,20018,3,0.0,0.43664152578682947,0.0,1.1737314493734272,0.23474628987468543,1.2520092412007677,0.20234410243828116
GSM7890836,GTTGTAGGTTGCATGT-1,False,0,14116,12373,1,0.13389165370353387,1.7765694236559035,0.7675250754394586,0.0,0.10711332296282709,1.3685856450315774,0.18401473142498986
GSM7890836,GTTGTCCGTTCGTGCG-1,False,0,42661,36918,3,0.0,0.5074537374239056,0.24277453894022386,2.112222101636966,0.23633762909262934,1.4564139078717324,0.3525636931420835
GSM7890836,GTTGTGAAGACCGTTT-1,False,0,15908,12808,1,1.4574845536610028,1.8414114433044957,0.9282807439685974,0.48772967397522643,0.1628275969097996,0.5432998363056843,0.14229806841032863
GSM7890836,GTTTACTTCCCATTCG-1,False,0,20078,17870,2,0.0,0.20208465962004327,0.0,0.9139571016228044,0.3403129034291993,1.056951079357664,0.22865156105979118
GSM7890836,GTTTGGAAGAATGTTG-1,False,0,15457,13776,2,0.0,0.24946438956159514,0.745922463299858,0.8302587195280317,0.16605174390560634,1.3002756454286089,0.0895261965963749
GSM7890836,TAACACGAGCACTCAT-1,False,0,14876,12447,1,1.046962087405238,2.3529601299858114,0.7585226152981266,0.0,0.22083079092397892,0.6478830471503885,0.15743000030143758
GSM7890836,TAAGCACCAGTCTACA-1,False,0,17312,14657,2,0.0,0.11398156584700345,0.8343761680923917,0.0,0.23942202464284607,1.5578398606283115,0.22308275006492326
GSM7890836,TAAGCGTAGATGACCG-1,False,0,25792,21709,3,0.081915009605889,0.7190671193878314,0.8573183697102503,1.5845653829152322,0.1872867768136855,1.5563229678932455,0.19471558054984894
GSM7890836,TAAGCGTGTTAGGGAC-1,False,0,17780,14239,2,0.9804737294269568,0.9495540400161875,0.43555963594987746,1.704645827064741,0.08924842144808784,1.7159956821029403,0.45179193722870026
GSM7890836,TAAGCGTTCTGGCCGA-1,False,0,18405,14463,2,0.6403371353236598,2.241991444292425,0.553437356436967,0.0,0.19339614946821007,1.0377165550083294,0.08772956201038011
GSM7890836,TAAGTCGCATGAGGGT-1,False,0,4550,4027,0,0.0,0.29061594016366066,1.097086984147822,0.0,0.23249275213092851,0.8128381669496422,0.18786510840085974
GSM7890836,TAATTCCGTAGGTGCA-1,True,29,38089,32216,3,1.9722035090252785,1.5674595854384472,0.6938475621044469,0.23312793419341818,0.25759457565620714,0.53341118177667,0.1300753348167721
GSM7890836,TACATTCCATCTCAAG-1,False,0,21275,18685,3,0.09632159547338424,0.5965187010494861,0.7899055445573324,1.0578392549547384,0.07705727637870739,1.3511729075759695,0.22569359472327236
GSM7890836,TACATTCGTCCTCATC-1,True,4,14915,11907,1,2.3004835661353304,1.9622365425401669,0.4034966798820989,0.0,0.0,0.37535086917291977,0.07812103774615987
GSM7890836,TACCCGTAGGGATGTC-1,False,0,9852,8376,0,0.0,0.711813247343662,0.40534603392645974,2.316014609448002,0.22171547180216994,2.0886606790637785,0.2940154617037954
GSM7890836,TACCCGTAGTAGTCCT-1,False,0,10383,8977,0,0.0,0.26842834703700524,0.7400151704879437,1.3582390510087488,0.0,1.605784806773262,0.24581479535892378
GSM7890836,TACCGAAGTAAGGAGA-1,True,7,17950,14971,2,1.9676404610403424,1.9805255492140628,0.9542658339113492,0.0,0.3393734058912524,0.7070347070817258,0.11485897860521097
GSM7890836,TACCGGGAGTTACGTC-1,False,0,31149,27049,3,1.0836994252454362,0.9104584757799371,0.8129435065504323,1.073713388148021,0.3904381637289515,1.40537627299419,0.18206229327281262
GSM7890836,TACCGGGCAGACATCT-1,False,0,12432,10965,1,0.14755367930672197,0.7191538470632645,0.626611200334783,0.0,0.11804294344537758,1.0723886425478546,0.23850180667052295
GSM7890836,TACCTCGGTGGCAACA-1,True,30,22222,18102,2,1.9827029967766976,1.7600623950255345,1.0247852923708942,0.6418586230506499,0.2616680233987648,0.7839620681991833,0.14446123906677089
GSM7890836,TACGCTCAGAGTCGAC-1,False,0,13547,12152,1,0.0,0.0,0.0,0.0,0.2748789304633762,0.6717512736772161,0.18419500995878227
GSM7890836,TACGGTAGTAGCGCTC-1,False,0,18310,15875,2,0.0,0.10894193510934723,0.3633069875191067,2.022050183950197,0.31468119855885834,1.7004546058104801,0.33661786546835865
GSM7890836,TACTTACTCGGTCTAA-1,False,0,14039,11817,1,0.0,1.5631147905572675,0.7923546454093198,0.537838340474229,0.0,1.5223458111423056,0.13597675733085432
GSM7890836,TACTTCACAGACAATA-1,False,0,14295,12731,1,0.0,0.0,0.0,0.8750897451770095,0.30071440838962543,1.4191362971222496,0.2835677611079782
GSM7890836,TACTTCAGTGTAGTGG-1,False,0,10326,8877,0,0.0,0.16930896706452936,0.0,2.3687746327857853,0.2724662871516853,1.3307215616143628,0.34576705210092706
GSM7890836,TAGACTGAGCAGTACG-1,False,0,15187,12121,1,1.8725160714917344,1.8263381127913383,0.8660236462219502,0.8402368974593447,0.16804737949186893,0.8152907344578797,0.10270580590661102
GSM7890836,TAGATCGAGCCTCACG-1,False,0,27107,22975,3,0.0,1.2483570200144007,0.7419028917177877,1.545237254308834,0.110525922564549,1.9058215817135618,0.283215880226359
GSM7890836,TAGATCGCACGCTATA-1,False,0,25324,22546,3,0.0,0.14552103270911,0.0,1.0900462464415148,0.06656201138493514,1.214807411896522,0.22764830309054737
GSM7890836,TAGCACACAACACGTT-1,False,0,20651,16846,2,0.0,1.4959233188393268,0.8663654920338036,1.4792532241949623,0.0,1.7042280057257813,0.26525824346627186
GSM7890836,TAGGGTTTCCGGGACT-1,False,0,11995,10282,1,0.0,0.0,0.5351084740458174,0.9810897442997656,0.0,1.6928013286670605,0.24816361283443286
GSM7890836,TAGGTACGTAGCGTTT-1,False,0,18226,15719,2,2.6649494986034843,2.246374937774477,1.127261284693908,1.4567529270362456,0.23561223184127025,0.9004472642323019,0.13620043839510573
GSM7890836,TAGTGCACACACGCCA-1,False,0,3417,3065,0,0.0,0.0,0.8270775920968197,0.0,0.273551917295036,0.7202306550483006,0.08611397200874657
GSM7890836,TAGTGCACAGCCATTA-1,False,0,30651,27140,3,0.0,0.24120724567068694,0.4131487349641924,1.9739169794922453,0.21687033606044412,1.700303613411598,0.3285157834431839
GSM7890836,TATATCCGTATCGATC-1,False,0,16775,14671,2,0.11689473336901675,1.871699178905884,0.8970670910078944,1.2192064051338767,0.0935157866952134,1.0910360168336255,0.14438503790795948
GSM7890836,TATCTGTAGGGAGGCA-1,False,0,48873,41046,3,0.0,0.4174414823831273,0.755078764499003,2.755700709569951,0.03723149694628569,1.8286362318269838,0.40228275810451536
GSM7890836,TATCTGTAGGTCACCC-1,False,0,11172,9186,0,0.1598172264782027,1.2310845933264492,0.709940724573957,1.3043477655813827,0.0,1.327726267333416,0.11703542958568057
GSM7890836,TATTCCAGTTATGGTC-1,False,0,17466,15366,2,0.33951955658741173,1.244200006121512,0.8270592048014059,0.0,0.2979165992858191,0.8293703024641651,0.14134272891781316
GSM7890836,TATTGCTCATGACTCA-1,False,0,20831,17983,2,0.09801960387731698,1.5761278836525583,0.7795142391965542,1.3559182935116385,0.2711836587023277,1.5247135763260011,0.11692034983172768
GSM7890836,TCAATTCGTCCACTCT-1,False,0,6836,6141,0,0.0,0.0,0.3418853761118243,0.0,0.27350830088945943,1.4452285983460078,0.18354196286505237
GSM7890836,TCAATTCGTTCCACAA-1,False,0,19663,16844,2,0.0,0.7824399290351732,0.49012342018717475,2.541373311315515,0.22199467311859516,1.7457060935320339,0.32659108543977666
GSM7890836,TCACAAGAGCGAGTAC-1,False,0,12586,11340,1,0.0,0.0,0.3047351189148662,1.4298648395163267,0.2859729679032653,0.8646869850879441,0.2076047302538076
GSM7890836,TCACAAGAGCTCGAAG-1,False,0,10669,8493,0,0.0,0.9110596235444568,0.0,0.0,0.21118200644673252,1.6109367039264892,0.2634185697456148
GSM7890836,TCACAAGCATAGTCGT-1,False,0,18473,16758,2,0.18341162249774348,0.8339110892524118,0.7140363482785149,0.0,0.0,1.4875317430990254,0.2579456791387029
GSM7890836,TCACGGGCAGGCGAAT-1,False,0,15541,12717,1,2.1166734816037605,2.372080587353812,1.036848446963397,0.4968033111722252,0.09936066223444504,0.7465215394530296,0.11587410865255383
GSM7890836,TCACGGGGTTATAGAG-1,False,0,17856,15300,2,0.11117719920673319,1.6248993565691134,0.6770274841186321,1.7011574241076965,0.2670096453066669,1.2668543048713388,0.21920657437728908
GSM7890836,TCACTCGTCGGCTGTG-1,False,0,12922,11083,1,2.527871727470188,1.6073731605805408,1.1858463041807652,0.0,1.6578404364879986,0.8295658217698099,0.1557746881543343
GSM7890836,TCAGCAAGTGCCTAAT-1,False,0,12155,10701,1,0.0,1.3399237453960495,0.8032998807436781,0.9728273518187397,0.29129588927196953,1.528025867950308,0.19313638059597849
GSM7890836,TCAGTGAAGCTGAGCA-1,False,0,5635,4809,0,0.0,0.0,0.4610827883655236,2.289815352117924,0.3029922915487849,1.6530263888540742,0.331890450333291
GSM7890836,TCAGTGAGTCTCCTGT-1,False,0,23796,21059,3,0.0,0.26311871472370435,0.0,1.4729099350181398,0.12200499793710387,1.4570940424294965,0.46608847616624444
GSM7890836,TCAGTTTGTTTACTTC-1,False,0,23405,18450,3,1.2822920238612556,2.4592970083934245,0.9540668914168109,0.9965930479348291,0.3964540828209596,1.0846649627028406,0.14915516881324473
GSM7890836,TCATACTAGGAAACGA-1,True,1,21401,17240,2,1.073884193928701,1.733065678689926,0.4339153664789395,2.0204543016955157,0.0,1.2538372926414802,0.20114682505463324
GSM7890836,TCATATCTCAAGCGTT-1,False,0,7065,6012,0,0.0,1.7196869829952532,0.597374051365548,0.0,0.17637531324443592,1.4580509920344595,0.16958248914899673
GSM7890836,TCATCCGCATGTTTGG-1,False,0,31428,27678,3,0.06906444135326431,1.3274665593722728,0.462167203639564,1.6363600075082236,0.5055798648139481,1.2276947470783965,0.15973068939464255
GSM7890836,TCATGGATCCAACCAA-1,True,5,17621,13722,2,2.614871091619168,2.3982217339162837,0.408570173097864,0.44948498038722495,0.0,0.2690702649474444,0.11163656693223101
GSM7890836,TCATTACAGACTGGGT-1,False,0,9032,8038,0,0.0,0.36590199891654385,0.920659423539687,0.0,0.14906958923065913,1.0317334266718008,0.20699764493738906
GSM7890836,TCATTACAGCACTCGC-1,False,0,30488,27548,3,0.0,0.0,0.5231391826878194,1.5277889123019943,0.16762186379857388,1.3702316469026665,0.21752088215219068
GSM7890836,TCATTTGGTGCACGCT-1,False,0,32871,28758,3,0.0,0.280939593077452,0.42722973447058377,2.0402886671794938,0.3200735332682811,1.5240046910217309,0.4070848960463234
GSM7890836,TCCATCGAGACAGCTG-1,False,0,15090,13376,2,0.0,0.9492740672748062,0.8090856059438464,2.0316821582006424,0.21892564393064706,1.610056546139743,0.2770535358348925
GSM7890836,TCCATGCAGAACTGAT-1,False,0,12482,10867,1,0.0,0.29421369126387703,0.8555984967059772,1.6105909087505403,0.1176854765055508,1.5941407801940701,0.19952060275319936
GSM7890836,TCCCATGGTAACATGA-1,False,0,8582,7362,0,0.0,0.6733217198106022,1.0299287464041367,2.3342616901309787,0.15450527672995756,1.9214452881591093,0.2933725105649995
GSM7890836,TCCCATGGTGTTCCAA-1,False,0,23378,18633,3,1.6502587309530508,2.2666173162925913,0.8587149959330735,0.0,0.3255381335095001,0.45264815086742854,0.10585899517125487
GSM7890836,TCCGATCAGTGTCATC-1,False,0,2952,2663,0,0.0,0.0,0.5127305429852094,2.4125690503955535,0.0,0.9401316330355624,0.15961871706260583
GSM7890836,TCCGTGTGTTTACGAC-1,False,0,23551,21142,3,0.0,0.6012233351899159,0.4687161192490854,2.6506274947963804,0.0,1.6501598275479707,0.24550869499033554
GSM7890836,TCCTAATAGTGGTTGG-1,False,0,5003,4427,0,0.2745531121497021,0.2745531121497021,0.5993374991733498,1.6089580851627088,0.0,1.3594689052807039,0.24165570159193267
GSM7890836,TCCTCTTTCTGATGGT-1,False,0,26617,21586,3,0.3694562157275456,1.5774849733857046,0.9217960282454399,2.537395676135852,0.06379250080955315,2.0864558394535115,0.248371880850382
GSM7890836,TCCTGCACATTCTTCA-1,False,0,9386,8274,0,0.18133298467454756,0.87316157036695,0.5001164751709629,1.8448392909813747,0.22825983061630573,0.9647424291160263,0.13622739561635655
GSM7890836,TCCTTTCCAGACATCT-1,False,0,7598,6914,0,0.0,0.2099750511144838,1.4404885825784377,0.0,0.36698113775649743,0.8896313346320662,0.15704390473757485
GSM7890836,TCGACCTTCCACATAG-1,False,0,19852,16044,2,0.0,0.10198677038598665,0.6957028659723867,2.4491308658161386,0.0,1.884572322789039,0.2769336335865744
GSM7890836,TCGACGGGTATTGAGA-1,False,0,31774,27218,3,0.06840644778382339,0.7082901449542259,0.7233531660829409,1.797669250089923,0.054725158227058715,1.6329360739327636,0.38559143848646593
GSM7890836,TCGACGGTCACTCACC-1,False,0,13712,11703,1,0.0,0.0,0.13692747181456308,1.159351302092901,0.43993698434608836,1.5074366533548378,0.4284080459632967
GSM7890836,TCGACGGTCTATCGGA-1,False,0,26010,22509,3,0.0,0.5469914826701155,0.7517097861258198,2.2053930975487006,0.26119425464979446,1.6666700545335391,0.24523737916235802
GSM7890836,TCGCACTCAGAGATGC-1,True,2,20812,17219,2,2.3783732410471177,1.905064237281759,0.679538162445759,0.0,0.1569497924250649,0.33117530229936926,0.11055964092033285
GSM7890836,TCGCACTCAGGGATAC-1,False,0,8593,7261,0,0.0,0.0,0.8605623260902804,1.2022140142925126,0.3087348989867359,1.8874541008076444,0.290896631082121
GSM7890836,TCGCTCAGTACGTGAG-1,False,0,15424,13663,2,0.12494221798154259,0.3612411064385242,0.9133372547342603,0.49976887192617037,0.2558175950143561,1.4347583894892488,0.13359311628919784
GSM7890836,TCGCTCAGTGACAGGT-1,False,0,7040,6141,0,0.0,0.22098883780780465,0.8453259602856462,2.0921446059360895,0.0,1.0765103049769267,0.3657927327749155
GSM7890836,TCGGGACAGAACTCCT-1,False,0,12244,10238,1,0.0,0.14925907206053785,0.30960657770026545,1.4508890306321087,0.4038802438143659,1.7254875285674278,0.34596373254006285
GSM7890836,TCGGGCAAGTAGGTTA-1,False,0,16922,15395,2,0.11608231142989804,0.3111305686414152,1.0790983809135968,2.3470944069783477,0.09286584914391843,1.4543418505894878,0.20536315213688774
GSM7890836,TCGGTCTCATGACTTG-1,False,0,7519,6640,0,0.0,0.8521167340688842,0.6650586064351152,2.3330899172066157,0.32148286418698513,2.0077996488717966,0.267625581272391
GSM7890836,TCGGTCTGTAAGCTCT-1,False,0,10905,9025,0,0.3851849377263917,0.49319946761675126,0.692840142668145,2.862554522458528,0.0,2.172804486148495,0.323895527926761
GSM7890836,TCGTAGAAGGGAGATA-1,False,0,28661,24814,3,0.0,0.26467028713898016,0.28232069866755155,1.985173611887092,0.26653912609459784,1.5040475907853472,0.2241327670869002
GSM7890836,TCGTAGACATTGAAGA-1,False,0,10736,9559,0,0.0,0.16456718498513456,0.7479537874526799,0.6582687399405383,0.21036640515937494,1.4083244921852374,0.196674627799344
GSM7890836,TCGTAGATCAAGTTGC-1,False,0,15723,11790,1,2.092345852289488,2.5764642331521723,0.9197631656737677,1.0674768450836833,0.19690436993031107,0.2743255387224998,0.055102723927748995
GSM7890836,TCGTCCAAGCGGATCA-1,False,0,6901,6026,0,0.0,0.4191430805779534,1.097138483375775,0.0,0.0,0.9036048005035223,0.11516225954626624
GSM7890836,TCGTCCAGTATTTCTC-1,False,0,14525,11783,1,1.9903687852264,2.363184632109754,0.8871666904968066,0.0,1.2820343390130207,0.24372775046977369,0.042301417248731266
GSM7890836,TCGTGCTGTGGGACAT-1,False,0,8239,6918,0,0.1986707953121019,1.2980903628038032,0.6875898593315758,1.9556762560778955,0.0,1.671744509484855,0.23160570665483768
GSM7890836,TCTAACTAGGATGGCT-1,False,0,10711,9674,0,0.0,0.4986551961828546,1.026698590111809,0.0,0.2106699291646502,0.6799369028938029,0.1615551089913043
GSM7890836,TCTACATCAGTATACC-1,False,0,42548,36579,3,0.1861774371459004,0.09632535289796135,0.20187244650688294,1.2768464502317292,0.1489419497167203,1.7457082254268426,0.3664530121063731
GSM7890836,TCTACATGTGCTATTG-1,False,0,8200,6696,0,0.0,1.2901391395545567,0.939253335218972,1.2351878236738605,0.0,1.478800358649193,0.16886332363169018
GSM7890836,TCTACCGTCGCATGAT-1,False,0,12333,10494,1,0.0,1.204420908766121,0.5289884012502353,1.7690018599829498,0.24665766543197645,1.7650943476231435,0.2853041427138179
GSM7890836,TCTATACAGAGTGTTA-1,False,0,8149,7333,0,0.20018006060904522,0.40036012121809045,0.695805233591746,1.2396166096379395,0.16014404848723618,1.2871237975298284,0.2164634741941203
GSM7890836,TCTATACCACCTGCAG-1,False,0,7157,6396,0,0.0,0.2185788387112071,0.7558522863244667,1.6470612799603164,0.266708788255901,1.340455826917453,0.11752139071869701
GSM7890836,TCTATCAAGTCTGTAC-1,False,0,9932,7552,0,0.9705382829555005,2.8272075192285255,0.7099091223457505,0.0,0.27828322796565175,0.41751082438928366,0.10170321642787017
GSM7890836,TCTATCATCGACGACC-1,False,0,13692,12240,1,0.0,0.2251121749462946,1.171675278304194,0.0,0.10966514354935597,1.33798888183724,0.14762683003880214
GSM7890836,TCTCACGAGTCCTACA-1,False,0,11130,9008,0,1.1613661917509486,2.5669399031496836,0.5256607233051456,0.0,0.20570556383321267,0.6376102672396935,0.15035154200099107
GSM7890836,TCTCCGAAGGCCCACT-1,True,3,18161,14949,2,1.9840090437619295,1.3790237891074892,0.609758845253305,0.0,0.4446012048728571,1.4911667653375849,0.23410250512878217
GSM7890836,TCTCTGGGTCGAGCAA-1,False,0,16048,14010,2,0.12108918965013751,0.6972702733303697,0.2023167881175772,1.5557804886520739,0.2108200198970755,1.1800410114558821,0.2927089135909889
GSM7890836,TCTCTGGTCGGAAACG-1,False,0,10809,9025,0,0.4912548487474325,1.1112183777588276,0.0,3.1834092182254574,0.0,1.8685581126356294,0.4005313921614755
GSM7890836,TCTGGCTCACTACGGC-1,False,0,14986,11917,1,0.0,1.937325514630825,0.7118543985961678,1.6101849975031342,0.169566309905191,1.359616870520966,0.2656461188576116
GSM7890836,TCTGGCTCAGAGACTG-1,False,0,10303,9262,0,0.16958338585429333,1.4782138955595778,0.7155509135107558,1.0788116025522259,0.27279815858128126,1.3074648537053237,0.20721281390872315
GSM7890836,TCTGTCGAGGATGTTA-1,False,0,11582,9878,1,0.0,0.0,0.5428535463227044,0.0,0.12448149302758878,1.4932421786208039,0.2832925478621181
GSM7890836,TCTTAGTCATCCTGTC-1,False,0,11713,10318,1,0.0,0.0,0.37125246612380136,1.811972706101112,0.2540226989464835,1.6302973878282176,0.2681372997180704
GSM7890836,TGAACGTGTGGAATGC-1,False,0,41862,36514,3,0.0,0.6432330315259558,0.7115156656446081,1.667677072778678,0.07810552072385793,1.844737358423084,0.21509853974010068
GSM7890836,TGAATCGAGTAAGCAT-1,False,0,19935,18132,2,0.2753318837700077,0.5047572099218811,1.2033136102406912,0.0,0.8580402218982641,0.7475658626183961,0.09497645545125256
GSM7890836,TGAATGCCATCTCCCA-1,False,0,33137,29322,3,0.13186530732909924,0.24992105763770656,0.6897982242983072,1.813230145406591,0.18396787332074527,1.8005607912922,0.32954044940645066
GSM7890836,TGAATGCCATGGGAAC-1,False,0,4395,3772,0,0.0,0.0,0.889761680627373,0.0,0.0,1.0786640504261673,0.12068388101958427
GSM7890836,TGAATGCTCGCCACTT-1,False,0,11088,9761,1,0.0,0.3214203579362746,0.1607101789681373,2.9464116656938732,0.0,1.3287631558553066,0.29143395846704956
GSM7890836,TGACCCTAGAAACCAT-1,False,0,15635,13815,2,0.12361165358146484,0.0,0.6835735187216057,0.0,0.3401164174349055,1.552371620981538,0.2252746158921701
GSM7890836,TGACGCGAGCGCAATG-1,False,0,5605,5119,0,0.0,0.37978214709759756,0.0,3.257238419308176,0.0,1.236215391516426,0.22600916109079983
GSM7890836,TGACGCGGTTCCTTGC-1,False,0,9410,7750,0,0.18100386089590767,0.9654588095766126,0.865010229491017,0.0,0.14480308871672615,1.0568596853691,0.1460343691939326
GSM7890836,TGACGCGGTTTCGTGA-1,False,0,10665,9252,0,0.0,0.0,0.0,1.0561545871546332,0.3116535969953934,1.4472219879103991,0.1811202080915598
GSM7890836,TGACGCGTCTTTGCAT-1,False,0,11319,9692,1,0.0,0.46017001048349054,1.117913058422256,1.5115783243266359,0.3023156648653272,1.7262776536383035,0.3013144219897637
GSM7890836,TGAGCGCAGAGGTCAC-1,True,4,19342,15771,2,2.0738172686937966,2.3320401747555284,0.7009959328786097,0.4167410394226808,0.503122918825776,0.7103071385196424,0.11663898254867539
GSM7890836,TGAGTCATCTCCGTGT-1,False,0,24600,20640,3,0.0,2.0348985701850206,1.172255296098469,0.5949874160877012,0.29590038361265303,0.7788651101035194,0.10551385190285963
GSM7890836,TGATCAGCATAGATCC-1,False,0,14046,12613,1,0.0,1.2377102807516742,0.7137547685945025,0.5376310048158887,0.22857937692397412,0.7722466789517386,0.1949607704874858
GSM7890836,TGATGCAAGAGGCGTT-1,False,0,21561,18550,3,0.19051802699967563,0.16406902509620647,0.910217583175179,0.8718794456082448,0.3099546952059612,1.6673853384947503,0.3183437082054625
GSM7890836,TGATGGTCAACGGTAG-1,False,0,21216,18952,3,0.0,0.09654379246932585,0.0,1.3423566580884705,0.43972961302421465,1.5344517973537486,0.3301856418356689
GSM7890836,TGATTTCAGTGGTTAA-1,True,1,38573,31451,3,1.1020637955251535,2.1172654993782345,0.8606946858378919,0.9382448405839837,0.2069740415901221,0.9190276332787697,0.13359066740001052
GSM7890836,TGCACGGGTACTGTTG-1,True,9,21707,17640,2,1.8336286905616237,2.112334493816506,0.9644905725356718,0.37890268752169476,0.23899071653526213,0.7023055956334887,0.09374660477478296
GSM7890836,TGCAGATGTACGGCAA-1,False,0,11013,9396,0,0.1615162251571817,0.0,0.1615162251571817,1.995533242439036,0.9204951480263294,1.4284796440511154,0.25275368301272266
GSM7890836,TGCAGTAGTCTTTCAT-1,False,0,14520,12821,1,0.0,0.5565464693688547,0.8917929646781806,0.0,0.1732023713637154,1.054202348812167,0.19532840436482712
GSM7890836,TGCGGGTGTGCGAGTA-1,False,0,9827,8635,0,0.0,0.27757008104819964,0.9228373549443976,2.78895828088105,0.22205606483855972,1.5962499801029912,0.32521910435505413
GSM7890836,TGCTGAATCACAGTGT-1,False,0,22778,20026,3,0.782052676331724,1.0603017373403656,1.0569327364250207,0.3639624007894762,1.1957356360702,1.3079430760642514,0.14087901271864056
GSM7890836,TGCTTCGAGTTGTAAG-1,False,0,10732,9766,1,0.0,0.0,0.26301863111050267,1.3337840917460413,0.21041490488840214,1.4132924202530694,0.32591252883277433
GSM7890836,TGCTTCGCAGTTGTTG-1,True,1,21793,17753,2,0.6117546260172515,1.3612818289444522,0.8291473252619032,0.6511400440785234,0.17313323753701063,1.1660468552405532,0.1649793066883195
GSM7890836,TGCTTCGTCACTAGCA-1,False,0,10974,9201,0,0.0,1.2262316049428268,0.3293522201425559,1.5357868601717712,0.12955094735508596,1.067713098916739,0.2034872802613249
GSM7890836,TGCTTCGTCTGGCTGG-1,False,0,24423,19507,3,1.5023275676315073,2.378511850735847,0.7165231261757317,1.1142397225901843,0.19398908018943417,0.8128846226828707,0.1252141272936209
GSM7890836,TGGAACTAGTCATGGG-1,False,0,18599,15724,2,0.10756598408664025,1.1946452807065824,0.48339780497263224,1.7645543835213198,0.1920990277460159,1.6763953591837233,0.34596458141121655
GSM7890836,TGGAACTCAAACTCTG-1,False,0,14088,12386,1,0.0,0.0,0.6570092823065221,1.659930204674063,0.41832934184811216,1.7652979546489376,0.25954516891300783
GSM7890836,TGGAACTTCGCTACAA-1,False,0,17778,15487,2,0.1884412961975362,1.424373570126989,0.3689742192566194,2.1177494098183645,0.2400095574929378,1.5520677901517517,0.2512452050707166
GSM7890836,TGGAGAGTCCCGTGAG-1,False,0,47297,39916,3,0.9592997818385154,2.0011875853645873,0.9818541213571306,0.6128692294546291,1.4068395388330674,0.9265737260728436,0.0994204728895985
GSM7890836,TGGAGGAGTCTCCTGT-1,True,4,29656,22737,3,1.651682243549133,2.2700287420674963,0.49348370742177367,0.0,0.3005275169210404,0.5797213290290508,0.13966604700612134
GSM7890836,TGGATCACACCCAAGC-1,True,1,32184,26706,3,0.2695801369063485,0.06764289189517039,0.18846951685674734,1.7869838118054069,0.0,1.606653765694149,0.3025017490450976
GSM7890836,TGGATCACACCGTGGT-1,False,0,4826,4010,0,0.0,0.8670709846264104,0.6494221975625565,1.122364429031688,0.0,1.264071050573715,0.14760639811558426
GSM7890836,TGGGATTGTGGATCGA-1,False,0,8427,6962,0,0.0,0.0,0.30397464024231446,1.7486166726308796,0.0,1.63122236903297,0.3927374221890356
GSM7890836,TGGTACAAGCACCGAA-1,False,0,31051,27454,3,0.0,0.5290085282236175,0.9163521711253619,1.6460900710296713,0.3633818788262085,1.6664030781272299,0.20683532024351442
GSM7890836,TGTAAGCCACTCCTGT-1,False,0,19872,17710,2,0.3057074107862239,0.10190247026207463,0.10190247026207463,1.1028972443406109,0.13927252348278393,1.2754288192390475,0.19469516939269965
GSM7890836,TGTAAGCGTCTTACTT-1,False,0,16690,14103,2,0.0,0.11736980643567227,0.5898967617387038,0.787694500693447,0.1575389001386894,1.83385116113852,0.2479162489591534
GSM7890836,TGTAAGCTCATTCGGA-1,False,0,24974,21492,3,0.0,0.7939826331440523,0.6965997044001353,0.0,0.1912303812362688,1.4283555069073954,0.23645133155864295
GSM7890836,TGTAGACCATCGTTCC-1,False,0,6077,5215,0,0.0,0.6885057290132546,0.6318087080324479,3.179622726790336,0.0,1.5279311825376918,0.30385855190696126
GSM7890836,TGTCCACCAGGTGAGT-1,False,0,17493,15219,2,0.0,0.339097969430744,0.5792825926524949,1.7179797796465028,0.3604707427593419,1.831027806199737,0.17976092968728735
GSM7890836,TGTCCCAGTGGAAGTC-1,False,0,13800,11206,1,0.9456261264135013,1.2802533410761099,0.8093718792849338,0.0,0.689516172407321,0.6994259714977354,0.07100120206884472
GSM7890836,TGTGAGTTCGCAGTGC-1,False,0,10613,8872,0,0.16596056998434078,0.16596056998434078,0.39053219887806556,3.034330370493791,0.1327684559874726,1.5101326252661755,0.4172058104740748
GSM7890836,TGTGCGGTCCCATTCG-1,False,0,19274,16095,2,0.0,1.3150836707262057,0.8868591263417126,1.279312617993816,0.14236113697978856,1.4848710920276695,0.14984533490498939
GSM7890836,TGTGTGAGTTCGTAAC-1,False,0,4187,3545,0,0.0,1.6804661244579266,0.5891115352846273,1.7538308117047037,0.0,1.1124052088852594,0.14708888241077997
GSM7890836,TGTTGAGGTTAGTTCG-1,False,0,14442,12778,1,0.0,0.0,0.6967668986275655,2.369677993296145,0.17382722437074358,1.7470454358236533,0.2853491403910901
GSM7890836,TGTTGGACATGACAAA-1,False,0,13832,12271,1,0.2236055879472995,0.0,0.9085465684616089,0.0,0.33496149871645725,1.1115941036168207,0.13529653862562036
GSM7890836,TTACCATAGCACTCTA-1,True,2,14749,11861,1,1.4642434371792206,1.3063794144409342,0.7673035038687198,0.8569755107409534,0.7275433354883012,1.4334178485686897,0.19642222251469496
GSM7890836,TTACCATAGTTCCGTA-1,False,0,19764,16954,2,0.0,1.185425033950267,0.47046382876226267,1.9560931849250116,0.08188750171030226,2.0081444896068312,0.32613905442500757
GSM7890836,TTACCATGTCGAATTC-1,False,0,8258,7278,0,0.0,0.19835522816974763,0.7044847693622027,1.7653791896860884,0.0,1.6736727011119743,0.3144393235979611
GSM7890836,TTACCATTCTCGTCGT-1,False,0,16893,15133,2,0.0,0.3115222977420434,0.436676985481163,2.016444876713774,0.27523899858746637,1.2338822665440339,0.2495438329401179
GSM7890836,TTACCGCCAGGCGATA-1,False,0,13830,12290,1,0.27205257271699196,0.13602628635849598,0.0,1.5293831535912992,0.38061918646603654,1.3225806724692049,0.4109681976477871
GSM7890836,TTACTGTCAACTGTGT-1,False,0,6516,5427,0,0.23251722932101127,1.7677728089781142,0.8247877082707555,0.0,0.2806975267278693,0.5376275429043391,0.17777764502670557
GSM7890836,TTAGGCAAGTGGCCTC-1,False,0,15338,13614,2,0.1254929589592985,0.1254929589592985,0.1254929589592985,2.4363821303423157,0.25662528482779384,1.27895891448083,0.28080019936674755
GSM7890836,TTAGGGTCAGACCCGT-1,False,0,14470,12763,1,0.0,0.9133154867936584,0.8446909478081446,1.6383188190791618,0.0,1.0913571345721913,0.23635362803140153
GSM7890836,TTAGTCTGTGTCGCTG-1,False,0,15010,12629,1,0.0,1.570432277035053,0.5992415957253667,1.734052250983897,0.21963360833189416,1.6761673272406814,0.17432589936851314
GSM7890836,TTATTGCAGATGTTAG-1,True,1,28522,23924,3,1.635946061404713,1.7405245496755968,0.899575399258745,2.1648556534905765,0.1752958284546903,1.2575774449952604,0.15941103337923782
GSM7890836,TTATTGCAGTCCCGGT-1,False,0,14505,12133,1,1.7959733845034198,2.7779678155159635,0.8524484923275523,0.0,0.10487675215762868,0.2781989168574682,0.10694362653652129
GSM7890836,TTATTGCCACAAGGTG-1,True,1,11532,8920,0,1.0849693109582597,1.9068377241695496,0.6598943714184502,0.0,0.12488288418451102,0.5065631186904732,0.17981968362597253
GSM7890836,TTCACCGGTCCGGACT-1,False,0,10779,9435,0,0.0,0.49672762768499523,0.4704906374332986,2.1308281845259436,0.209846568490899,1.1419230375309755,0.24423002868530652
GSM7890836,TTCATGTCAGTGGGTA-1,False,0,18781,16263,2,0.10671743167710349,0.0,0.34534122474806583,2.1957562960860835,0.33201191161384375,1.567136442806119,0.4319915685149304
GSM7890836,TTCCAATTCCATATGG-1,False,0,8926,7772,0,0.0,0.0,0.1878920679697407,0.0,0.15031365437579255,1.7199037536933102,0.3772414298131563
GSM7890836,TTCCAATTCTCAACCC-1,False,0,14964,11961,1,0.21216791105808547,0.9707101107366498,1.2227214175118073,1.3010311089836282,0.22004297062273018,1.0915104614198368,0.10826498105415513
GSM7890836,TTCCACGCACAGAAGC-1,False,0,8038,7056,0,0.0,0.0,0.5983970608565938,2.1358860765947867,0.16166006954330142,1.1061390477763005,0.2371089420244613
GSM7890836,TTCCGTGTCGGTCTGG-1,False,0,10061,8754,0,0.2736405218153303,1.1462932524536016,0.7596828503544977,1.7866941491233106,0.0,1.8177465943638953,0.26762343408782135
GSM7890836,TTCCTAAGTGCCTTCT-1,False,0,12649,11194,1,0.0,0.5951251866739479,0.46925614107872027,0.5825375401786183,0.3199939117714688,1.1242232731535347,0.16972129040891393
GSM7890836,TTCCTAATCCGTTGGG-1,False,0,7511,6401,0,0.0,0.0,0.21161516054647223,1.6082656105920128,0.40712152423018255,1.7323328165298395,0.23721311356703342
GSM7890836,TTCCTTCGTCACGCTG-1,False,0,12391,11026,1,0.1479221724437114,1.3285810323621718,1.1596664421409244,0.0,0.3232901263139075,0.591160888209951,0.17753900730423466
GSM7890836,TTCGGTCAGAAACCCG-1,False,0,11249,9716,1,0.0,1.025912160568945,0.9037600319805077,0.0,0.20434162797194216,1.3254269241502692,0.23481512384447306
GSM7890836,TTCTAGTAGTATGATG-1,False,0,20297,17920,2,0.7073680735540385,1.422710076085476,0.8858667309962818,0.4005756058370401,0.3718686736398015,1.4513318467314495,0.09543960199681938
GSM7890836,TTCTCTCGTACGTTCA-1,False,0,9640,8159,0,1.0426233669702056,2.1529587940314547,0.7169393589959839,0.7116471943038655,0.5068105151155897,0.5080550655991112,0.14820881739650973
GSM7890836,TTCTCTCTCCGATGTA-1,False,0,7617,6698,0,0.32201223343675106,0.755489648221736,0.32201223343675106,1.2880489337470042,0.2576097867494008,1.6525281048729485,0.14902083143174336
GSM7890836,TTCTGTAGTGCGTTTA-1,False,0,34064,29643,3,0.0,0.12870100719756034,0.3694154288323965,1.9691893778307044,0.39383787556614086,1.8188925662364397,0.31966584990217517
GSM7890836,TTCTTCCAGGCGTTAG-1,False,0,10099,8145,0,0.0,1.0317994946810263,0.4450722982765901,2.6988586673476203,0.137646730707839,2.0315073403375767,0.2801257986353784
GSM7890836,TTCTTGATCTCGGTAA-1,False,0,23191,21089,3,0.0,0.15546696695981393,0.8148101671738524,1.8879212364714695,0.0,1.3480985272560284,0.2457020801206544
GSM7890836,TTGAACGAGGCGACAT-1,False,0,49745,43143,3,0.20246496630906746,0.7930801179779307,0.6033519092923978,2.0839168877771312,0.2526347249045981,1.5753593195378548,0.24012093634916448
GSM7890836,TTGAACGTCTCCCATG-1,False,0,16057,14353,2,0.0,0.0,0.44430980929090397,1.7887968737004996,0.28287462282064213,1.3942155220239665,0.2927986936766117
GSM7890836,TTGAGTGCACACCGAC-1,False,0,15799,13176,2,0.0,1.072443233028313,0.5378073011091302,1.0643156099299256,0.09807781691915222,1.779541534990446,0.3700568519381274
GSM7890836,TTGAGTGCACATACTG-1,False,0,11149,9682,0,0.0,0.16006070381629464,0.0,1.7019637009842685,0.26116996354115773,1.3315721182085567,0.399311301037443
GSM7890836,TTGAGTGTCTGGTTGA-1,False,0,5572,4766,0,0.0,0.2569300934576625,0.8764222227461872,1.5237439469869212,0.20554407476612999,1.282528461431421,0.21632604514831527
GSM7890836,TTGCGTCAGGAACTAT-1,False,0,15779,12753,1,2.157475656493235,1.669750124551875,0.538087155484484,0.0,0.21302910572649775,0.60185417516773,0.11623833511584322
GSM7890836,TTGCTGCAGTTCCAGT-1,False,0,13921,12579,1,0.0,0.0,0.0,2.1862457743920243,0.3048498908969818,1.265554153153964,0.3401464835439702
GSM7890836,TTGCTGCCAGCATTGT-1,False,0,19769,16772,2,0.0,0.17474316502708148,0.8844094950902213,0.0,0.0,1.7142713481781886,0.17982968301540195
GSM7890836,TTGGGTATCATTCCTA-1,False,0,10143,9028,0,0.0,0.0,0.0,1.0891689113521568,0.5389608721804225,1.2829220707438764,0.2135649938041345
GSM7890836,TTGTGTTCAGCACACC-1,False,0,9702,8708,0,0.0,0.0,0.17709702590261564,2.8009775288010514,0.22377646675714571,1.33509437704521,0.4222199191992834
GSM7890836,TTGTTTGGTTTCGACA-1,False,0,11267,10183,1,0.0,0.0,0.15881961908974032,1.6933632627530568,0.33119272108899683,1.0749215319779055,0.2921574928297195
GSM7890836,TTTACCACAGTTGGTT-1,False,0,12837,10843,1,0.0,0.8526568625631417,0.30126764725336963,1.9785136411234432,0.11521008030933307,1.7494929432103092,0.23286123504666476
GSM7890836,TTTACGTCAGAAGCTG-1,False,0,17970,15356,2,0.0,0.3669051091315102,0.18702316836206082,2.173701440785538,0.08848576128368013,1.5785393986401166,0.31304659113107236
GSM7890836,TTTACGTCAGGCCTGT-1,False,0,22177,19359,3,0.0,0.0,0.3880654789079575,2.676045368175611,0.07443923916532039,1.2725691065595237,0.2864377265822364
GSM7890836,TTTAGTCGTTCCTAGA-1,False,0,11538,9994,1,0.0,1.4242208290652807,0.2513868080371744,1.4966734638247987,0.12483457621439828,1.5120689556234872,0.3011995220372864
GSM7890836,TTTCACATCATGCATG-1,False,0,13588,12060,1,0.13788776445998005,0.13788776445998005,0.29139870820407554,1.6892949186651993,0.30864754460005756,1.0190141176912728,0.4072119378261379
GSM7890836,TTTCAGTAGCACTCAT-1,False,0,14256,11902,1,0.8883409562927227,0.3520424999625953,0.7726585907481912,1.3365357146548293,0.7715386791274927,1.0846371200319929,0.12348238786777796
GSM7890836,TTTCCTCTCCGTAGTA-1,False,0,41740,37075,3,1.5493443190142977,1.7987814519033307,0.60701278051538,0.5415885704550818,0.604551241342123,1.1000381595164224,0.14670704444380964
