library,barcode,PC1,PC2,PC3,PC4,PC5,PC6,PC7,PC8,PC9,PC10,PC11,PC12,PC13,PC14,PC15,PC16,PC17,PC18,PC19,PC20,depth_quartile,remaining_gene_umis
GSM7890835,AAACGCTCAAAGGCAC-1,-11.583268003023628,-1.804376712552065,-2.1532613430625918,-5.66915037811794,-0.41610781702816685,-3.0169559559254826,1.122477733793185,5.3775916078516515,1.993066096809804,1.3344176745806822,-1.7205716588558513,0.6174179145482742,0.7867486254640262,0.9280926481108348,-0.2587316199003125,-1.2398005450025515,-2.463817035698479,-0.6589321058368901,3.130752188659615,0.8009698575040041,3,25829
GSM7890835,AAAGAACAGCAACAGC-1,-4.977127220880761,0.14186031555855833,-6.007972879081531,2.0632043825908,-0.9666717348480316,-1.578548692728003,1.3372900859330699,-1.767832684587689,1.2876736357104765,-0.9913163139785838,1.060387171386234,2.331530291442523,-0.9515738510310229,2.4227565231655737,0.8697308500024502,-0.9588674731008759,-0.7023509312312206,1.4048851560189852,0.8284651140696899,-0.22399603049980926,2,25104
GSM7890835,AAAGAACAGCTTCGTA-1,5.030655250767669,8.47922121725415,1.875156703193264,-0.7728934278306231,4.617301177829097,0.5333994128016328,-0.7437539767927681,3.073361405291789,-0.6572263087302201,3.5990443595651023,0.52304940561585,3.4463315555026894,1.881455710887543,2.451418544966542,-1.8504350243174976,1.6022844694374454,-0.34640500791669077,0.40377906207886194,0.3960011503237462,1.3880914118574643,2,20470
GSM7890835,AAAGGGCAGCGCCTAC-1,-7.954495572780648,1.94478441033187,3.171303021899438,12.525892401690687,0.28261031955746413,0.43043049333805633,1.9096406547192994,0.8598192684365137,-3.8106042372681266,-1.1959334990492612,0.5139876555734489,0.045065323836937655,1.640841332461947,0.8726720234056508,-2.0337936576494515,1.2817300703747871,2.5407091911428017,-1.826450606274034,-0.5269651205261403,1.5968733917409772,0,10856
GSM7890835,AAAGGGCAGTTGCGCC-1,-13.168325410914397,-6.136546482492738,1.872571787576851,-7.404891535822899,-0.84786516649216,4.221753549082132,-3.329010698455119,3.7212637034423026,-2.29227001942314,0.9627793856386432,2.896282933969882,-0.4283121355260148,-1.553307224401688,0.9378213802089423,-0.31177985857822715,0.9811910875862312,-0.3828985301036745,-1.367947117108108,0.25317273188441336,-0.03733113681930893,0,8049
GSM7890835,AAAGGGCGTCACCGCA-1,-15.035746336527424,-3.6376638934825825,2.054487935113604,-0.4851259101695604,-3.066959068062809,6.977442324950729,1.6140173792160961,2.389058141573266,1.2902594533763083,0.982124289734521,-2.5794360389197246,-1.3224330434323464,3.7651928225030216,0.9679587126964223,0.6068438259553144,-1.303699178908996,0.6710696830159406,0.5315306651896483,-1.0224820351381168,-2.318414844653833,1,16475
GSM7890835,AAAGGGCTCGTAATGC-1,-13.010400222396957,-7.075057510575605,2.907121332440381,-6.012586370850609,-1.3228971281998856,7.719320624918681,0.24842314950593772,3.6015030683232476,0.7336106697299559,1.9786222658586075,4.4134666030587955,0.7474283599093778,-2.1716534856651717,0.376795864271508,1.1362631496637814,1.3185222732478512,2.383046232439692,-0.9338806993975597,1.8670199346639287,-2.99925021330016,0,9908
GSM7890835,AAAGGTAGTCGCTGCA-1,-12.248674691400835,-2.8802248266920647,0.7151417437818149,1.4593151841007557,1.2893728264470778,2.6760297989773703,2.036323273256181,2.3596676653110547,0.3302247657616309,4.99180348915137,2.054383679068802,-3.9870792845589915,-0.8760304523383572,-0.11107873599888858,-1.2856374076795676,-3.421284131802015,0.023580007023109948,-0.8381718264118716,-0.6952395953207778,3.1740803076053803,2,19798
GSM7890835,AAAGTCCAGACATATG-1,8.031445091764049,6.02034984108963,0.03141128927304194,-2.0534209419116585,3.965780633695847,2.148747258982912,0.8300533035296815,1.4623359436378598,0.5475559496779432,1.0766947394177648,1.2068242396404556,0.35322335581816144,1.0494542904272564,0.1966214978454668,2.5385626332420577,-0.979249275767668,-0.46434650552675233,2.041729208893203,-1.0142526932861808,1.240113552944159,3,25976
GSM7890835,AAAGTCCGTACCCGAC-1,10.421079839351775,5.120063685994894,4.242254524743213,1.4904067218001367,5.294492683744761,0.40930498014031225,0.7994294080495238,1.882643564975631,1.5577265620549292,3.33956399076336,1.4451208870425145,1.351931778656395,1.6720885813021331,0.7779178472311759,-1.6650568750316712,-0.566382200269391,-0.21521578193894766,-0.6301666411154172,0.7943413452703464,-0.16453083674728175,3,37727
GSM7890835,AAAGTCCTCAATCTCT-1,12.65964697088313,2.162559545974574,0.928853211925131,-3.692218834654969,-0.41246254803956134,0.0988464297337586,6.928123647396458,0.4014452870687807,-0.633480145876526,-3.752197842183152,-0.3973165253268916,-1.2587955452858646,-0.22367953113039687,1.3186960810709742,-0.3883629346456143,-2.297837858282177,0.9278134506832892,-2.730648592024578,-2.5803433394445947,0.7649715326636867,2,21665
GSM7890835,AAAGTGACAGAAGTTA-1,1.615229439992391,-0.5085221899329044,-8.865691199448026,0.07638680562958793,3.9642198474124486,1.2645901038767937,-0.34712016822332104,-0.4367200112267253,2.7909858153322493,1.7846166630352773,0.9752265342270724,3.0844132081090274,-1.9825589586450831,2.166654431177666,-0.3873150177491162,2.029434570034483,0.8216844399046901,0.09624857063610132,0.05410828430244384,-0.8916334893062078,3,25959
GSM7890835,AACAAAGGTATGGAAT-1,-2.1704503218243096,6.464389204041332,0.46296046379262196,-0.8959453891907732,-3.220328183523875,-2.816915857449624,-3.697564082815655,-1.858284249204692,1.3674672822863407,-2.2227821380345447,-1.135135882984345,2.716077100210635,-2.0826459580204544,0.76832281629674,0.8875621048433533,2.239363524230452,1.860923133253549,-4.0935338402706085,1.5278574510570555,0.4804196168949313,0,8079
GSM7890835,AACAAGATCACTACTT-1,-3.134522179977013,5.75449626700524,2.7564999525814415,-1.2927051164394303,-2.5150723970678683,-0.35346877615732597,-6.620759237065278,-1.7700760659518509,1.7172081205650302,-0.7472048367351968,-2.970259988648615,2.9747142172101793,-2.2149657347640486,-1.240360449680484,-0.5449305782561412,2.81302741738828,1.3418215551603023,0.05679382215627714,-3.089796202249316,-3.2274701253290474,0,4474
GSM7890835,AACACACGTTATCCAG-1,10.673531403772284,-0.6837082658641613,5.580078955630713,-0.8812837211938475,-3.282456338981763,0.8785813287175157,0.20553255640659987,-1.1494087550935945,2.969808443079085,-2.0152302156125392,1.4629382869308694,-2.873071668089701,1.0365890831606812,3.709123859119251,1.997184761404166,-2.3210432617399857,-2.5538486408772494,1.3382690979142464,-0.0681134573464719,-0.8220788254797773,2,18609
GSM7890835,AACAGGGCAGGCTCTG-1,-4.047498478748992,7.881343727719884,-4.12837214831158,-1.4889891548360878,-2.1016292875661597,1.7919442936513832,-3.9080682086383804,0.717630475264805,-0.7424674548964555,-1.8971843778513677,-3.6812735555273326,1.7359183144329766,-2.192013962565462,-4.114237807480844,-1.969280108570903,1.7961598188419723,1.2095854850837167,0.2801544347104467,-1.038525305565881,-0.1608682788540792,0,8117
GSM7890835,AACCATGAGTCAGGGT-1,11.848669842396141,7.78835570004317,5.413257961487682,-4.532237742175654,2.1831043154811853,1.4812349702649943,4.305249146949233,1.60307177741935,3.450607449777428,-0.3566844023262579,0.6422977032566044,-1.804459045872708,-0.5445320157485823,0.5812197971460337,-0.9544113799230716,-0.09004366845454133,-0.6013083443183178,-3.7474602964672563,-0.3436116568699416,-0.8836437768806656,2,19946
GSM7890835,AACCCAATCTACGGTA-1,-5.204262552140916,4.894497848426952,-5.687587466688911,3.478595184684391,-3.8115461855678063,-0.999503128609987,1.7599401979719447,0.07546505724337536,-1.0462262705055119,-1.6423329385077903,0.32914473715068276,0.3615954449771782,-2.1666490277446337,-0.16489256526372228,-2.0215040412137752,-1.3912925730697987,0.2164106095683259,-0.565184176670888,0.38312753306264674,0.2164193247802638,2,23791
GSM7890835,AACCTTTAGGACAGCT-1,12.945977560802039,-7.004343754367478,-1.1346764613593403,-0.1417011841769395,-1.1522407515456208,-1.9719549962557215,-1.3292444499374907,0.47310060332995735,0.6060847614192135,3.261741801223398,-2.0949712370467903,-0.42897944055265924,-2.9858427864417303,0.2392217357475697,-0.75503697508996,-0.07645164531078176,1.0360918853134933,0.2689367206754715,-2.5844656256413265,-1.3406674225478408,0,8237
GSM7890835,AACCTTTCACAGCCTG-1,8.562875065696813,-6.233726780413699,-8.648555498803233,-1.3672405175814077,-0.8990309723283354,1.5042101281775466,-4.292817501048179,-3.979314084165436,-1.6008612938869824,2.5397359221191587,1.5601518615250398,-1.1324471960737346,3.4053721338334837,-2.052117320191271,-0.46629620859385057,-0.32666024173944935,-0.7472433774623434,-2.5217335816631086,1.6156151558950527,0.8924489501208743,2,24655
GSM7890835,AACCTTTCACCCTAAA-1,4.358661712775874,10.767419177314794,-0.3827441625147073,-3.4635843348705855,3.7952366583128097,-0.6144482519770299,1.5021190560847584,-0.8375485590125415,1.0379163425701625,0.8310697970353073,1.2147403834411623,2.3501712556422354,-0.5981504900431935,-1.07084552631965,-0.8650578657487776,2.549807936807583,1.6632887150800557,0.011900533035590606,1.261436545986005,-0.0805804347860801,3,31216
GSM7890835,AACCTTTCAGGCTACC-1,-13.057276421497955,-3.7341979885222014,0.7930985931638854,0.25235318692615333,1.1873378795967653,2.76876364571951,0.5181548576196685,1.0216349745546924,0.11236011920915663,-3.007193804557314,-2.3013771311969817,1.9913349378946887,1.8331354143555418,1.5562581783984986,-1.4196059611933083,-2.2676552604921274,0.5579715336111626,1.872007595609604,-0.9528364036981136,-2.4313028686044498,0,9549
GSM7890835,AACGAAATCTGATGGT-1,14.247572993610175,-6.952731920041039,1.694634154611731,-0.6025567808032787,-2.5762039246571664,-3.534711295121953,-1.0399313565579453,0.8377799842510522,2.3165325537582273,2.650113229753707,-1.2956680625094437,1.2658863084019711,-0.7919889544042414,-0.19865174146452313,0.621105775841821,-0.19071189030837196,0.666914601214241,0.6467839949660155,-0.9174009107768292,0.8633008529695675,1,14378
GSM7890835,AACGTCATCTGCGGCA-1,-7.614606900674435,-5.163833740291463,-3.5272462433948104,-9.842411244272254,-3.2690427627553547,2.339704480545947,-0.16185708458906292,6.099199066272595,-5.7635455151597945,-2.9595624074353224,3.404501987429417,2.5307664417976357,-2.0515662332311813,-0.18729151998668114,0.9559911207653674,1.1967275845424585,-2.2599383352953923,-1.1221681645214785,-1.6099820207624973,-0.5000083180239228,1,11717
GSM7890835,AACTTCTAGCCTCTGG-1,-14.975553035493219,-6.323246145571444,5.685022590964907,-0.6342017793777085,3.415689593452376,2.337657626419217,0.5545529030960774,2.0408430549315963,0.7509705344012573,-1.8153206214826119,-2.8470143130091192,-1.092673975977099,2.3817010695584884,-0.8930891690668579,-1.357046411686993,0.8953875385751471,1.1554565696706707,1.1710565751611304,1.6701353001635275,-0.3937908028265868,0,7803
GSM7890835,AAGAACAAGTTTGTCG-1,8.62881363321048,-7.6229191011641655,-3.2070737255029305,0.7964896006489876,0.5016156359185838,0.5658389953926726,-2.4698289866665384,-2.6038477926605004,-0.20229194130848863,0.5146581513844296,0.919892670420304,-0.5750683106365618,2.217748534188279,-3.6727641443663295,0.3721645202900524,1.2992386138776666,-0.7458494591349074,1.0325229925590738,0.13015118172869353,1.2509537726077804,2,17558
GSM7890835,AAGATAGGTGACATCT-1,-8.215776908182221,-3.960219941849695,-0.5361518336476653,-6.465593555592697,1.1155294419014847,-3.4729930427702405,-2.6232960348690155,3.538374335981523,-0.35219526876748897,-2.2118238716200382,-1.3590377154265172,-0.1858504654792308,0.007519856237060158,0.6475340032910704,0.38060188947874607,-0.10400253539364658,-0.3255126628662994,-0.4902249879765369,1.1529435397476926,0.09740254910013438,0,10297
GSM7890835,AAGCATCAGGTCTACT-1,14.025379700252106,-10.894557013155513,4.46635801650287,1.0290128539147914,-4.588051169945609,0.535517606771797,-0.4294194341345574,1.242765060081545,0.48084065287567745,0.5066565663677277,-1.2589210393853525,2.4930210526324195,-2.5106961620607766,0.47197732189683234,0.7396204928263062,1.7828784006909881,0.5213356453971904,1.943024280927052,1.2069375134717948,1.9136010631168707,1,16171
GSM7890835,AAGCATCCACAAGCAG-1,10.516327400855024,6.578959317669441,4.994584744710764,-2.7918353817236174,4.382072218103041,3.197345197918841,5.118459694991214,-2.1154932051232707,-1.4523444848372133,-0.27899025859822235,-1.271283328819948,-0.907292253986367,0.7793030584652308,2.56535318678398,-0.3559697216391565,1.2138090687452618,-1.136698871633151,0.5414063325797536,0.11238451056747553,-0.772782002512441,1,15967
GSM7890835,AAGCATCGTTAATCGC-1,-13.583624325126026,-1.7536059193903282,1.651296838433429,-5.087841624749208,-1.6895894001820393,-0.6988798807763251,2.925481578588823,1.0561547703989995,1.346024671777391,3.542383702253546,-0.8667208549765615,-3.8182052350033757,-1.1593420504999077,-0.09438749177958156,-1.0997078646902887,0.7727319901114871,0.4601602352296029,0.5507705563388302,2.476786070802144,2.1327170693954356,1,14716
GSM7890835,AAGCGAGCATATCTGG-1,12.570816736382886,-7.553068464565338,-4.859958853046879,-1.142390361470069,0.11549690544852632,1.1292152555973671,-0.00767680204354588,-1.2279206964962295,1.0089132231552371,1.9857641959650552,-0.9893428449557489,-0.6841522340592556,0.05734519776575963,0.5084125923720321,-0.44749879996853875,-0.44734675771834037,-0.034586069007747154,-0.4730246010813112,-1.231766352815798,-0.7144547011123301,3,39496
GSM7890835,AAGCGTTAGCGTCAGA-1,2.595649748174619,8.707457667589427,1.0017124827969284,-1.4100044037814226,0.5794089020941013,2.610982357754095,-1.9260259308939889,-1.3140612058105625,1.202343252153509,0.2632642966664312,1.140552404629754,2.8978258680728715,-0.7162981037415114,0.966034580008967,1.2240610820284104,-1.5087211379713166,-0.5477739105170824,1.1683803244369513,0.20769365054383235,0.36147088836582253,3,34206
GSM7890835,AAGCGTTGTCGGCACT-1,-13.912385699088896,-7.253691672057881,7.058208220165023,-5.495270695948016,4.106436122004757,-0.7513292650677478,-1.3709515090252882,-0.6752704812377931,-1.0370879771776493,0.4779123302680428,3.4424915816453385,-0.7143400005805379,-0.6132547735672484,-0.026209067949122766,-0.9117553046238042,-1.282357259513111,0.48324770077060336,0.25762545785107027,2.045821623919086,2.0952315206357413,0,7782
GSM7890835,AAGGTAACATCTCGTC-1,-3.9028115311419342,5.194972538765781,-4.078730643164231,-3.9875974443921733,-1.7140152378511855,-6.583769550222609,-0.15922040327239495,0.710465449944301,1.6400639967842565,0.46875328242832903,-3.3267487206286357,3.0470133196512097,0.07435276732782559,-0.032584567241437705,0.18463528426020506,0.8723640925970106,1.958101309623615,-2.5013041944974335,2.069018263406931,-0.8727403471778691,1,14452
GSM7890835,AAGTACCGTAAGGTCG-1,3.9601534380895456,9.170498138246417,-0.23121985034205925,-0.8557182434686521,3.176370404863153,0.5306523954199165,-4.839085519759498,2.052249876722003,3.097558120653033,1.2032979392098722,1.597544961394316,0.03634979699994444,-1.5866906844248088,-1.9772878223178545,0.9118302379676865,1.3472714880326988,1.6001147151893251,0.2335502181731085,1.3410517941594582,0.27395818693974294,2,23755
GSM7890835,AAGTACCGTCACGTGC-1,12.580337537593978,-7.1350087424081785,-2.6813835464216282,1.3954713490988722,-5.750164739462342,3.02510155384684,-1.9861624926131973,-1.343108927427451,1.1923453333054415,-0.6234699249532645,-0.2333782002469915,-2.2402346814273884,2.351672246009491,-0.1530944458479729,-1.54922985990741,-0.21933406478834894,0.09198278007228829,0.2945640587766132,0.9783990489003919,-1.7737032353507554,1,14641
GSM7890835,AAGTACCGTGGTAATA-1,-10.682597427277006,-7.6693222438831,8.017674556636232,-9.314242743680964,2.1380933239951334,-7.009230932479681,-2.24310094357529,-0.13298513835807055,-1.659662311176203,2.013124782677585,7.825572931250688,0.7967160837765,-1.9939213876208852,-1.2464454335197364,-1.8872972771606666,0.4679037395239855,-1.2419248539247287,-0.4766126809060982,-0.458334388957954,0.9085043086673662,0,3668
GSM7890835,AAGTACCTCAAGATAG-1,4.24172879576592,3.043027479633833,10.267954551986776,5.096805735902036,6.462866943957304,5.72977800055259,-0.48137102453085184,-1.7340335897815118,-1.226190959789966,0.15601534171970793,-3.603493033829445,-0.9483220192492533,-2.8938913052088533,-0.23955398849403278,4.50522465961403,1.9588174466896608,-3.54939168402165,-3.3681570071451503,0.08397410515494864,-0.2523765422720872,1,11671
GSM7890835,AAGTCGTCAACCCGCA-1,7.997947149187657,-2.645648697222606,1.1272140460845104,7.021675052610466,-2.046138991634899,0.4213622508327469,0.04809426563089866,1.711120625249846,-3.511436914879033,1.1284663668347212,1.8870009592234505,-0.24788150185472532,-0.9180303890771544,-0.4130362277235543,0.7025553673237751,-1.7259322311751646,-0.026223414156889488,-0.45054603638693924,-0.0172405888934951,-1.8107959811663037,3,29843
GSM7890835,AAGTGAATCACTCTTA-1,4.636663756150127,-5.334736294397987,-10.581493836360853,-2.776724587808674,4.859419066379894,0.9236411344594057,-3.549290293169995,-2.921105674679792,1.186561917599649,0.1867199241866263,1.5821994263033476,-0.7204001249388315,0.11223929124047757,-1.3682281487120858,0.45490244008029035,-0.7987500227560868,0.667247508509272,-0.7722862913664044,-0.8693157956306022,0.3874434480251748,3,34945
GSM7890835,AATCACGCACACACTA-1,-2.9390554599780963,6.338385090570549,-3.207644279218051,-0.5085093029023794,-6.02801851469279,1.2923012375473868,-0.6015439783459053,-1.429541289375128,-3.387197601814184,-0.36709521061034545,-0.6602923999117057,-1.3718257792449415,-0.13259388607373215,1.1233810814139216,0.22506803897038447,-0.28804174337857885,0.943404577924415,-0.12457617567605796,0.22358909090590048,3.669892924034995,1,12326
GSM7890835,AATCACGTCCATTGCC-1,-13.549472805708389,-3.853710093711424,0.9059653786994759,-3.097609960996251,-2.111291965075801,4.542459462199462,2.365370061549208,3.028906481719121,1.8106145405839824,2.250173914245647,-0.23093729807865399,0.30418558328844614,0.6792596239330312,-0.3333308707461739,-0.7295701261044004,0.8820540201326303,0.09940611515072939,-0.22921173460568067,-0.5391017683527726,-1.013630516337149,1,13630
GSM7890835,AATCACGTCCGCGGAT-1,2.2852153136318822,3.544620791265118,-4.956439678348485,4.138352004527532,5.513478403924883,-1.306002483215993,1.6425069069034612,1.057192750719673,-0.48609361870163764,3.9138485303862534,1.398262601284658,1.4330713247063236,-3.9172974780746923,-1.9434764161483902,-4.6717218658940345,0.02703808538397843,-2.3653419193032414,0.54238131138713,-0.46451439692890684,-0.7380352075634582,2,18282
GSM7890835,AATCGACAGGCTTTCA-1,-13.374980998819206,-2.908811776444028,1.256978755949287,-0.8888664780828633,-0.1932023613767434,0.418290317655595,1.3825389776010317,0.7463542507652239,3.688413669018393,2.557636374288907,-0.031037328927617767,0.20619262653498177,0.8317211496701818,-3.3540643252870592,0.9442926690152631,0.5209737302314741,1.6500623067584796,-0.4526895346406475,0.7212649578638082,-0.3098846260130699,1,15378
GSM7890835,AATGGAACATCCAATG-1,3.9285677663441256,-4.166565520000216,-5.957785161642681,2.383527871191634,2.047502628380926,-1.1306827642850341,-2.4095721641426597,3.340844722372884,0.4260222726601241,-1.5851872273707537,0.7726870859046953,-2.5914174853511716,1.4746394562243283,4.064444682510413,0.1932813437427717,0.815185651063385,0.9168000559441393,1.479348712111586,-0.3270392869555763,0.8979263813115197,1,17085
GSM7890835,AATTCCTGTGTGTCGC-1,9.10377613133763,6.993776954227026,-0.4500036896316968,-1.7993670102138677,1.9989727218447684,-0.7090877762449656,1.0792457496216596,2.0206779296782638,-4.9196207340267195,1.5876289297791837,-1.817747549050346,-0.8817314262873281,-1.1196513472529233,-2.387588576862617,-1.1287820738085055,-1.0984258313304136,1.7443798608916756,-2.3793770328937662,-2.5855537876002344,0.5878808899608625,1,14080
GSM7890835,ACAAGCTCACGGTGCT-1,-10.878611501043284,0.3928780644819954,0.21139711177897688,6.767532675006938,-2.3280899812546934,2.265186547353721,2.713367010314422,-3.546576322638196,0.847835741067241,-0.8364758064801686,2.46376180120167,1.6152171016854073,-0.6468576252939527,0.6809109758736331,0.05318102527205411,-2.315178767930323,-0.04606395598552209,1.0618304621420138,0.3869535084615686,0.5780703887987105,3,32247
GSM7890835,ACACAGTGTGGCACTC-1,-8.001770225675612,0.0021895135546798395,-0.9498545523955202,8.55751069319844,-0.9410544913143167,1.74290715226272,2.806229133594814,-1.6592328188097332,-4.069635585622605,-2.3494316973361093,1.6268328287535079,0.04869330996134586,-0.7330711773462226,0.6013338757514864,1.1222806856381367,-0.8251192724582459,1.7487224957228136,-0.7519408453259006,0.2520528538800834,1.7196620269373828,1,16974
GSM7890835,ACACCAACAAGACCTT-1,12.361949025720548,-7.743867038492069,3.8727045943141447,1.9597276323133523,-2.756041185606855,-0.1082287701114313,-1.609731994726818,0.5085343229821057,0.37697721074790447,1.5653378436121537,-1.7330565647012752,0.9770090165892265,0.6418327314337903,-1.0465808950398556,2.9484550781111345,-0.6902103571732955,-1.5282370914981482,1.2966819935947498,1.388395066429927,-0.5628120789504082,3,33324
GSM7890835,ACACTGAGTTCGCGTG-1,-1.1602078766869877,7.081395947860343,-0.6412016435426661,-0.42835609889387616,-0.9889642851520053,0.5496835745293872,-4.929102401087151,0.7821080625667788,-0.780295649667938,0.6343515652280939,-0.5533857456979798,0.43753002800883695,1.8660408213089028,1.586337096356779,0.10764746944728913,-0.5285237548008225,0.9889835351956168,-2.4396204589249746,-1.7482941455785248,0.6511176976389598,0,9188
GSM7890835,ACAGAAACACGCTTAA-1,-2.462247641175709,6.905693584012201,-5.704019972114461,-1.8893491167898249,-3.933025818424846,0.4036484467470804,0.691392677896988,-3.4282618289647293,-2.6314334602952947,-1.1295141575077368,-0.7364333789966243,0.07901842868877766,-2.223375420057692,0.8202968984519056,1.4065076111851285,-3.316576148600906,1.073010415947085,2.2829873455086447,-0.7493825519291369,3.227008208620607,2,17577
GSM7890835,ACAGCCGAGCCGTTAT-1,13.738881694113537,-0.034434089026035716,1.9172452509121354,-2.0000685864599035,0.2553316443643128,1.7396448599730057,4.1865920556112215,1.2612705568541194,0.0821600868001299,1.0317304780570875,-1.0305590313155106,0.569230910294498,-0.009106271226702368,1.7971676335523612,1.0488308227579461,-2.13260116392777,-0.4039767522625534,-1.68371802073042,-1.6300981604739597,-0.28766230031916856,2,19197
GSM7890835,ACAGCCGCATATGCGT-1,6.479555497972071,10.412001207401865,0.9971724982355384,-4.85561084858154,0.6942119830970308,0.7284205354180957,-0.30500969715067733,-2.155421101168978,-0.1130568748772228,2.808181889022814,2.3463695824220157,-0.5983104211532063,-0.18636297540697996,2.148528000567296,0.017577812498806262,0.5014970069348109,-0.8443956873831369,0.8529470300906216,0.7883817596394134,-1.3606347292771945,1,12881
GSM7890835,ACAGGGAGTAGTGCGA-1,-11.722193380617094,-0.8379181364977636,1.1811889091071779,1.5297271037245652,-2.355066630272903,0.8290344505677953,-0.9565802305909092,-1.4898295245884714,2.4359986383866454,1.3579883087930282,-1.2110985532942968,-2.4391636338330254,0.1075239576388097,-0.6200614990980899,0.30593008670783517,2.1978535538731205,0.7662578545133616,-0.24147730932843145,-1.2370774257520987,-0.7564544650495402,0,7889
GSM7890835,ACATCGAAGTACAGAT-1,-6.535349161008725,3.8709288834998783,-5.720476710842199,4.414536777290201,-0.9350284842314455,-3.6315918116801758,3.928949106684602,0.7548804924108822,-0.5521308760554263,0.5108224350602347,-0.6215628981243804,1.4080765089054137,0.24933073151595517,-1.821357168782336,-1.6576133781551508,1.3008266856092496,-0.0032848418739991696,-1.5303743675569506,0.7767768770218003,-0.4218689056980022,3,27787
GSM7890835,ACATGCAGTAGCTTAC-1,5.789880258412598,7.628410978456704,5.300729897213389,-1.0503776289092996,1.6760081546475656,-0.8217385665490988,-1.6259837682929437,1.0143971450414124,-2.565578330913006,2.6968063475379225,0.7324385991049784,0.5800296947262769,-0.20183641511805445,-0.1286961021225902,-0.06840741029698988,0.6478604789878749,-1.1176787332013045,-0.010451743580942413,-2.927276636598108,-0.09419891998765283,0,6336
GSM7890835,ACATTTCCAAGAGAGA-1,-2.2170944694130723,6.235616418410391,-4.110360753934552,0.617923737419512,-4.263361169079719,-0.4041733667390019,-2.5056076318287905,0.5897514159516274,-0.17477462146732972,-0.04372031433992877,0.8490252273589992,-0.6701293718184064,-1.1386332640231596,0.41996884535324036,1.476717441573248,-2.134523944586145,2.16141869421184,-1.794872934680992,-1.4151195460999975,-1.4828424294320819,1,14460
GSM7890835,ACATTTCCATCGCCTT-1,4.8431117328174915,-0.40365817027118905,-3.153492346912858,2.981333350143322,2.1786264964474404,-3.230015221947263,0.4154352600708118,1.8564296571288925,-0.9152118016596674,-0.5448253247995857,0.8037147464554082,-1.4856947978016986,0.5834943772874468,-0.6757431774349548,1.3679852621035773,1.1194397005465506,1.401167707931592,2.5608583671722744,-0.11382524942472039,-0.13058406296441175,3,36183
GSM7890835,ACCAAACAGAGGTCGT-1,-8.171841505262172,-1.9682304916696551,2.0730707011702756,0.7020328781016182,2.0012007583031304,-3.9032364448845747,-0.6142416972669811,-1.7297953949867257,-4.661411231394212,-2.3491851334236147,-2.4643499491954466,1.155975684333866,2.875282920805001,0.10267157586491721,1.9136039116071928,-1.0727573146212734,2.4699594788663632,0.1021101566123935,-1.2091149443744413,-0.6862088938101841,1,11899
GSM7890835,ACCATTTCAGGAGACT-1,13.005204223709525,-7.397603998852471,-5.711842682330169,-1.8278069954116896,-2.3602558916229013,-1.1741201869116922,-0.5515377556233791,-1.305227677036898,-1.499054900842219,4.693885236409887,-1.3648200494512095,-0.12049105831529794,-0.8637175511418921,0.18074113863418526,0.5384026594626762,0.16636387615291975,0.7832177591930141,0.37434238100381784,-0.39259949658256704,-0.21778893045184836,1,16193
GSM7890835,ACCATTTGTATGCTTG-1,11.450850337614012,-9.76416477685691,4.212859662025091,-4.562172229925638,-5.8223734652840164,-7.509219174041587,0.5493268073038653,-2.6384715677690735,-2.3492382541728087,1.57316608814222,0.6287727031618167,2.1291521878232516,1.1866954760163264,2.6333964046199374,-2.226557351513736,4.025892909051058,0.21084580276692796,1.209491653876583,0.7390151979306555,-2.37218286677151,0,6226
GSM7890835,ACCCAAACAAGACTGG-1,6.16651866280457,7.428411236289182,2.642727216741432,-0.7404088167166171,3.03057868698275,1.2910902256974939,0.4157830738035406,0.7346738476254949,-2.3006979972943857,0.6331882509120794,2.0331140202001836,1.4886941745493472,-0.1974487767247806,-3.6175672235186744,0.4314511511771,-0.060630543101311496,-0.8466507090242908,1.736618554568167,0.40236572354484706,-0.9008733089480735,1,13926
GSM7890835,ACCCTCAGTGGTAACG-1,-11.94681692265594,1.4003413353555776,0.9937737270244138,7.130363677557827,-1.5618387467398627,-0.08434594333051496,2.8154580377311205,-4.6207963081927,0.49522906414276885,-0.07138497816802405,-2.1565499629582057,-1.5309877656059216,0.48457051868898793,1.4087188371887776,0.008310839227604956,0.7151342958121145,-3.4724125773471273,-0.32916709639966424,-0.6366500753738173,-1.0109359643645957,0,10399
GSM7890835,ACCCTTGAGCTCTTCC-1,-14.640061946146382,-5.678481324735854,1.679605213068126,-3.511933998407926,0.8345296798255609,7.234089335052846,1.7949210317304736,2.8517777711786727,-0.004773191087665996,0.09993215106670797,-0.16876517145247485,-0.2823458190083221,-0.3052757959658681,-0.9312375757093188,0.8517726577924716,-0.6240859868974743,0.5642123170671408,1.4583510411176335,0.3436360751896178,-0.8082702310239699,1,13367
GSM7890835,ACCCTTGAGTATGAAC-1,-3.00430818236615,1.1823712563778312,1.248617870215523,4.916986974779792,1.448839659468789,-8.71083997633908,-0.4915433688509644,1.522522490563031,-6.883432787607635,1.139989565374835,-0.6170836030134601,-3.6453181714374656,1.5054965168103056,-1.6318293694707569,-1.5983950667843616,1.1657460744885544,0.9938845455362997,-3.409129207122014,-0.684772018100023,-0.5620596764882086,0,8261
GSM7890835,ACCCTTGCAGCGTGCT-1,-12.018329201259315,-0.6510278149053336,3.3216071040343684,6.471307730537938,-0.7286561622897602,3.0283638649111007,1.7163029452971603,-3.6858905218740308,-2.137649023599238,-0.11889120455462623,1.380565003738284,3.510618827577999,0.0038332445552126163,-1.1061625620978492,0.9685435798830688,-1.922927531984094,1.5840563141105035,-1.424419101491704,-1.5814299510743741,2.081092467858915,0,10311
GSM7890835,ACCCTTGGTCTGTAGT-1,1.1869959173412872,9.2143607771704,-1.3856783188140034,3.497989986063933,-2.9667274642809436,3.27804296711405,-1.89402382759161,0.9760758969209463,0.09627657065287686,2.6752057807766505,0.8526314944532312,1.574814343708618,0.9658889179018978,0.4828845696075281,-0.6310072713352813,1.4697293612927524,-0.2951682049473477,-0.801855381710783,-0.17547663695345006,0.9593901261986556,2,25224
GSM7890835,ACCGTTCAGTCATACC-1,-6.045927847418011,-1.4371918601457407,3.0054598490691524,5.13538099635112,8.692132297078,-5.090465100839436,-0.41608352727649667,-1.0691185237355685,-4.494906098523004,-1.034842394678913,-3.567804515492792,-1.7408733162828554,2.617156797041485,2.115305317090442,3.752069379406417,0.7459337257783667,-0.3942377559730639,0.014760459336665458,1.3646174754866813,0.32651447098461917,0,9216
GSM7890835,ACGATGTCAGACAAGC-1,-13.009346165789648,-2.6033659557021385,2.4172696550552564,2.1591523694996098,1.4672866164226768,1.47654152835055,2.904151027848077,-4.561130049118637,2.0492935502698177,3.278358346912555,1.088639801031394,-0.7034942554974608,-0.041419389216293956,-0.5834088035140029,1.9734581825399626,-1.888021839803736,2.9632219312530443,-0.005936255981832203,-2.4419159940144963,-0.6040879236111624,0,8697
GSM7890835,ACGCACGAGGTCCAGA-1,1.6728887264240577,1.110414822973393,1.6830711859447007,4.848254663631526,-3.546719528405895,-3.5272947939819046,-1.4320202582637949,2.6013123988258213,-0.9236908167376869,-1.4921354356632106,1.9085101555428265,-3.4300350763180165,2.6135583807958045,-0.04913231058969064,1.018310851494626,0.40300379088864646,0.4722992055319972,-0.8217570857455081,1.3799482882677692,-0.9882035018231359,2,22854
GSM7890835,ACGGAAGCATGAAGGC-1,12.854228679213822,1.5216330611733426,0.17469013125556693,-4.389205416601385,1.5980677907621337,1.8995845072861544,1.2243268645487406,-0.40707317253904435,0.5216775191868086,3.397554138531277,1.5002808047380196,1.8189646397940797,1.9428860589863273,2.365111409232271,2.4727148621020505,-2.9582230678590022,0.1002455868494694,0.06670774224929209,-0.1538260699294335,0.9879115017449753,2,21761
GSM7890835,ACGGAAGCATTGCCGG-1,1.84598825245797,4.749060451963621,0.04499173923109739,0.1595923876830719,0.46060664727348705,-3.324735285540694,-5.43701094649686,0.7487114668141096,1.02236144484686,-3.1211643362775154,1.6999059187109316,-3.916834482552281,0.35338086695082327,-0.8607511197773619,-0.17752831962994145,-2.0587428366341167,0.4013841894297104,-0.38044144203959923,-0.6641029480917252,-1.4975850112981408,0,7554
GSM7890835,ACGGAAGTCTATCGTT-1,-6.19523535540642,2.7986732892950563,-5.516705748926184,5.371486656528312,-0.52535624100318,0.2711771334625426,-0.015282088180586129,3.6464677697585106,-0.46669631430295416,-0.679881143615093,-0.9410967677776114,0.07875589999545124,-0.33391363256321593,1.038818595709596,0.1816881495328275,-1.1310534428569428,-0.8306848408754766,0.6821705933935647,-0.12347965700570941,1.0196225318800813,3,28028
GSM7890835,ACGGAAGTCTCATAGG-1,0.035186806850438034,-0.3669867074765963,-3.6195180947611623,2.0526955032325107,3.86841262688309,-5.146204249163241,-2.5487680506619887,1.2073843023306878,-1.7343895647942869,0.4410656541115628,0.8358265936235127,-1.494541488565054,0.14565152428906034,-0.8499983840873295,1.9376053659639338,-0.07615819644978061,0.47168808097826104,1.320520347571824,0.02104159834143675,-0.8357964112639522,1,15922
GSM7890835,ACGGGTCCAGCAGGAT-1,-0.6385872354928742,9.485562982330947,-0.37414603043846817,-2.221568100792931,0.0029902070422842663,0.3505088104968923,-3.3995875613976576,-2.158346835759571,-0.9811449423246208,-0.08955306579006184,-0.7185679716233123,2.9642344142411803,-0.5150057944843939,1.8643894052765644,-1.7919522467853546,-0.16248492482270993,1.195350601621713,2.202788710988369,0.6550303955448082,-1.2539007822821746,1,12804
GSM7890835,ACGTAACGTTTCTATC-1,-12.253879547409099,-5.430440661497882,1.3383639323787113,-6.545310083551605,1.0257997975277198,0.5455953356741441,-0.06134093251874659,3.213921601319077,-3.2026401420713775,-1.9661292513954365,-0.16865686886548828,-0.95947498863732,-0.2533203298858533,0.5181919765497841,0.4988857061666321,0.7941510967634056,-0.7219535019967499,0.3625257067580703,0.07374608890767907,0.7284334115870542,1,12279
GSM7890835,ACGTAACTCAGTGTGT-1,11.54692769032075,-5.783099721007936,-2.723359926442505,1.0271843010066344,-0.8712960103818473,0.6420234523259638,-3.143122384189286,-1.2818112458632236,-1.329343941239454,2.6216414915706854,-0.8830173450365302,-0.7392752238970183,0.44083959088693153,-0.5396284863038632,0.9001108154613793,-0.5618707396354219,0.35843461452906783,0.16142335571085928,0.6902933892986093,-2.5679127300599083,2,21410
GSM7890835,ACGTAACTCCTTATGT-1,4.64453534554909,-2.5079009138320005,-2.327115237246277,2.203414574042889,2.826909194029353,-3.047582894094427,0.7897972076270302,3.995619434252294,3.6515863941530835,-3.434702613848871,1.275004817805468,-0.7646021765477486,-3.597368695588105,-1.8269872277066648,1.0045125244852133,3.7822460631101316,1.321728762681822,-0.41417507262084485,-2.2693099842485274,1.7724435760484805,2,22038
GSM7890835,ACGTACAAGCCAAGTG-1,-11.27822900525633,-5.532343217321498,-0.38725591765832007,-7.52944809183468,1.1259824327863022,2.4935734331121413,-1.184731891935761,3.7380332324527785,-3.0512781458229337,-2.4955552499636013,-1.0539922007511144,1.368566921268958,-0.31649825597356407,-0.11499346445616303,1.1757423859613299,-0.3663572277615154,-2.290445607605243,0.4302264856837158,-0.39836974813299064,-0.4457088423737037,1,11609
GSM7890835,ACGTCCTCAGTTAAAG-1,2.456594809180533,-1.6435918546938966,-2.556425428368654,4.865348657155235,5.823067497371931,-1.5487000966633133,0.9563641845896944,-0.30293449292084584,-0.9438602854618194,-3.3317681913286346,-4.418175860236364,-4.111081085135866,-4.438167489572467,5.186164488479599,-7.074037164315235,0.570426371903917,0.343176470483408,-0.7727860701837476,-2.8232830659767645,-2.8441214535404455,0,4534
GSM7890835,ACGTTCCAGCTACGTT-1,5.0568797597250175,-4.546669167178611,-6.489036540413299,2.3772460620389153,3.098552749433204,2.433444822681486,-1.8823744532389497,-0.33378699752351765,1.394603657245561,-4.137027687673478,1.9424977381073532,-0.6232705123298216,0.2598610026685662,0.9105195274763812,-1.482543762304325,1.246142183269373,0.813698311341313,-0.014282858562382636,0.5972986813128244,0.9068297119140474,3,30805
GSM7890835,ACTATCTCAAGTATAG-1,4.856712687719173,8.739833244100279,0.2795913240579342,-0.920113301491445,1.5020363185633852,2.4166629369263997,-1.6495404761618646,-0.6397439590253042,-1.0904560632783815,1.80124771268863,1.6843195553012538,4.392763491028967,0.3807321708912785,2.9191610015962595,-0.5939688260344627,-0.271935981926529,1.8729141676467553,0.40232887845117316,-0.023540127513510995,1.3487071361400296,3,40870
GSM7890835,ACTATGGCAGCTGTCG-1,1.3954498199658074,8.92796888942763,-1.141268668533813,-3.069891721650658,0.5513757341354371,0.37538821867400085,-2.1206773933882626,-2.288309490009767,0.5416752863289884,-0.4576048768542849,1.0110875886767614,3.0931474086002804,-1.4265088760627131,-0.8587214358159538,-0.003223382809714763,-1.4407531757752672,1.9521067753045862,1.294969642737992,0.43982100209199,-0.1599938795712686,1,15321
GSM7890835,ACTATGGGTATTCTCT-1,11.23921322924183,-6.597950178126046,-6.094372264259885,-0.45880380944719656,-1.0786389860109118,0.39430236814887176,-0.6541737260994992,-0.9459348341172406,-1.2778773806167687,1.8678457350225908,-0.7859351953770128,-1.491613083198277,-0.815025730036796,-0.9130776019263338,0.011695907518512277,-1.8467713624653508,0.7818148539440388,-0.7180513631444121,-0.5321511576355015,-1.4686642384088218,1,15880
GSM7890835,ACTATTCTCACGATAC-1,9.610719491813624,-8.807383450243584,8.406713209577227,4.482679703422438,-2.8921540035199986,-1.8288054787929953,-3.1926808050525186,0.11519115339765264,-2.3355087074446295,1.6703359378589835,-1.5917280705477055,2.0384972508766914,0.6728259428675427,-1.6630986432210106,2.2695312992948584,-0.9135381041802343,-1.9727009998327427,3.0632496584998563,2.4877297708950734,-0.7448150686492869,2,18750
GSM7890835,ACTATTCTCGCCTATC-1,-13.569429903853852,-2.747353938540357,1.9638598152878992,-0.8212512413942055,-0.5331198371889143,3.1756719193823306,2.589984177214726,-0.1487885507668993,0.4238499884678509,1.3371118272206624,-1.2936829329810633,-0.02652226424936096,1.926408031969337,-1.3721969980014825,0.5455235142245981,0.8036400583052036,1.4104085289983426,1.3522061895336632,-2.356119875050386,-1.1723227025891783,0,10843
GSM7890835,ACTGATGGTAGGTTTC-1,1.4155658782420406,0.40916523938178834,-0.3292701136700663,8.944894959810831,0.7217178533403558,2.6148818579803152,-3.472600190428389,3.251899812738288,-2.9643902611184845,-1.4516465891972095,2.1875033693057744,-1.6154347630858585,-1.2394834805221908,0.3784535643318904,0.2506003565330859,0.26286676579067714,0.524863945789193,-0.16245161317302206,0.37332698361463984,-0.7663552944378593,3,36526
GSM7890835,ACTGATGTCCGTTGGG-1,1.9058626057904093,10.836812673555896,-0.015009097774428881,-2.901285245624988,-0.7309323389278899,-1.317256470315284,-0.21078101650344866,-2.165290551929893,-2.0833667035629584,-1.5553962917961344,-2.602093256674879,0.7382089173486813,-0.13713240911063754,0.6032121006575304,-3.1391179702207,1.4282097076004023,1.951384792426873,1.4654844008381989,2.20295193448848,0.3914918980828939,1,13237
GSM7890835,ACTGCAATCACCTTAT-1,11.876200592829058,-7.447004795611887,-4.286025602365859,-0.12468696504194683,-0.4014859435365365,2.2520454039274584,-4.0445436684816025,-3.9300701688696837,-0.2965525038713847,2.3627877438352036,0.5524778788957498,-2.408987483748364,2.6877362688419075,-2.460118915545736,-1.0451323849090433,-1.6206851770192245,-1.3245642126833446,-1.569098771131462,1.5927592932357992,-0.7912603796638935,1,15755
GSM7890835,ACTGTCCCAGGCTTGC-1,-15.25114642293161,-2.7856811700244024,0.7954125640971774,1.460060256405202,3.0611438644275784,0.43140701139790194,3.9585710790569273,-2.3504380499326722,4.70706638431399,-0.1265316139706627,-1.89146734022572,2.6047816282363367,0.039450745038007676,-1.8614753775988662,0.6327068079038435,-2.467692737230698,-0.4237798927555671,1.961951578959443,1.871752283230791,-1.1805413665695825,1,17203
GSM7890835,ACTGTGATCTCTCGCA-1,4.831288104131861,10.561704096489244,-0.4972902388531322,-3.6197439337550987,0.4098863551436997,0.8919702867480733,1.3677992995800832,-0.5488356654239488,-0.8766842442290401,-0.543361266530053,1.4400621247837295,-2.072374624374338,0.006476476284743672,-0.5173244666365467,-0.04439898672158037,2.021010538837101,-0.26438799204558344,2.0306774611773797,1.67554957193884,-2.2156132368833714,2,24747
GSM7890835,ACTTAGGTCTTTCTAG-1,-0.719151785617665,9.968193592900258,1.9986623960165382,-1.851248614216094,-1.9764407491366478,-0.6548246606442801,-6.159601602173639,0.2987518773502907,-0.039889234964048614,0.902056249664726,-0.03244016922845005,3.1534857668830814,-0.484525048742825,-0.6820190997809092,0.5794511049091396,-1.4765437972522817,-0.47367244582669926,-1.6615910675540655,-0.5575152442737578,1.19012185965139,0,9621
GSM7890835,ACTTTCAAGGAAGTGA-1,7.579179726261106,-4.187378395515372,-3.6835694488290995,1.1011431647295016,2.4944043792911454,-2.630187477068613,-0.3859609706473939,5.094966444092038,5.663215689482254,-1.2009015855330187,1.4460422173290466,0.9730668986001099,-4.822804535358969,-1.4452059571931986,0.3449787848346541,3.3679649086755523,2.382397317563614,0.22340697976753626,-3.75894436476875,2.031983072289689,2,23121
GSM7890835,ACTTTGTAGCCGAATG-1,11.216994897486536,-5.2596412133422055,8.783066014273276,3.512663081211329,-4.075278804730772,-0.36134833938432775,-2.088947185511637,1.41446876712056,0.13544608029276448,0.5896393385853703,0.23586839253207487,2.597397875365878,-1.3408708751939895,-1.3365490478573316,0.46520125730474304,-3.3317038927940676,-1.1790244368406062,-0.57151279984968,0.8359903551221957,-3.8385324906806733,0,10440
GSM7890835,AGAAATGAGGAGCAAA-1,5.937095371047815,-5.9203604319223135,-6.574351311380419,-3.5626609423598152,1.844406853396819,2.1113764132272097,2.291261727759193,1.1951413286042691,-1.4174934166636364,-1.235172122221285,-0.4581343159148981,-0.261876651481783,-0.01938956643499822,-0.09566301139929351,-0.5620208758428068,0.07177852810105273,0.7341664386463871,-0.31874369453885204,-1.4935074124583434,-0.2587535122304889,3,32284
GSM7890835,AGAAATGGTACCTATG-1,10.411626166993152,-7.090985670331813,6.326422161258729,1.0266363469692878,-2.650186395732342,-3.09548902915776,-3.4841416537049663,0.40870988647187945,-0.2695741099887958,2.5642483669034415,-4.679111457422448,1.509748330082584,-0.6726546926716328,0.05312438985980957,1.3456615802959253,-0.7077154573537089,-0.7927475673588511,3.455072211864298,1.058786901715266,-0.5146421900816329,0,10717
GSM7890835,AGAAATGGTCGTCAGC-1,3.0511151111404073,-0.2678596868912427,0.37782194722559626,5.617255172299233,-1.0579805197881154,-0.04697632757735643,1.2762611121015017,1.851007581304127,-4.42133078877832,-0.8759068165281785,-0.6279668197068512,-0.23944768557721688,-1.6207931942769218,2.4489163663903692,-0.7066784404714386,-1.1843556932099997,2.159648156144836,0.7413223937948898,-0.29251378512720055,-0.07010125593408205,1,15761
GSM7890835,AGAACAATCAAACTGC-1,-11.364160392591568,-0.6441894358329319,2.560434616219932,7.2128573183700775,-0.9936669841357851,2.91412391320657,1.5615105093099355,-3.391349050863734,1.3162250656638301,0.6764394887856319,1.617295326534964,0.12095052203656492,0.4965096265468839,-0.2776963575083856,0.06392417381696117,0.5331825294002152,2.3116045530133635,-1.8138160466482818,-0.49406583663618175,0.4542050111907042,1,13031
GSM7890835,AGAAGCGAGGAGGGTG-1,9.716799761064163,8.770216700409334,2.223790632486442,-5.437222168644016,3.730781089064907,-0.44612065443467736,2.1006585386866314,0.02795557913162092,1.0810245364936606,0.6129815412195214,1.885799293412621,2.1383058976545843,1.3686792816495204,1.178078386511655,-0.4612207306410115,1.152101270560009,1.400858852945773,0.6608087878032424,0.7947484881288002,0.6791105894408974,2,23935
GSM7890835,AGAAGCGTCACCGACG-1,-0.601962215467959,8.350365833634951,1.2816520077182731,-2.464804449597393,0.8879100351181067,-1.1630892081401474,0.025573125654122644,-2.469118111253536,-2.250012097448889,-1.0587833471830734,-5.074146163651998,3.9548576118538006,-2.559357416543313,0.32001581016081043,-6.4872610860012765,1.4743771564678931,0.8926629955080881,-0.07033568210460908,0.5785633241377772,-0.11882619962262732,0,9042
GSM7890835,AGACACTGTACCTGTA-1,10.714247442552075,-5.081088115681896,-1.6413516161189852,3.6707724453601913,3.6109007769365196,2.3060631693731337,-2.6015078712399275,-2.3902414083304815,-0.34169622852673154,1.6263987454245368,-0.11843950663360951,-2.5650224205266188,0.6723425513776231,-0.47380507520437165,-5.2554102299913446,-2.1766992816886126,-2.9968272376295575,-1.9801627477482338,0.6596166800708841,0.1353106822744704,1,17173
GSM7890835,AGACAGGGTGTACATC-1,-15.022163110818136,-6.677084021425808,8.081872990851009,-4.152165376057832,2.8577322034297596,5.9004340020117105,-2.5818442208561745,1.0203881810219841,0.15121006595324435,1.3172993761617433,3.2685603295068804,-1.4225846091399617,-3.9772943093305564,-0.02805122475161281,-3.3128243021968626,-0.4535008297640366,0.9770570352372127,1.161262985255925,3.1255032505812195,-1.1017916862380859,0,6673
GSM7890835,AGACCATGTACACTCA-1,10.18830281406486,3.197701657308798,-1.0654669169744289,-2.060161464116218,1.110574374646973,3.3902442207497274,0.38602346868588155,-1.3601002649020495,2.516890379896548,-0.6271286385193688,1.1724527475791582,-1.8156823594966416,3.792896678264236,1.397803049071817,0.5864688105093551,0.7561697163069014,-0.47962895642717956,-0.3475248656955226,1.1679074494243837,0.2215497059384171,3,34174
GSM7890835,AGAGAATCATGATAGA-1,1.4021252086979967,-8.619038094664056,-2.775351103781258,-3.6684038365339036,1.8594272999678014,4.150764178492374,0.6348190512840428,0.5428540091642575,-1.2392159060071135,-0.8912727124467875,-0.3637498113592731,2.1932783158449616,0.6874109756917643,-0.11965585897801853,-1.2053965731272376,-0.5792470516406328,0.03864162347493932,1.1710338749282276,1.8233892544876018,-1.0847626730283877,2,24862
GSM7890835,AGAGAATGTACCCACG-1,14.682985392382912,-4.92839304416783,6.7662471462564096,-2.9138231505773526,-4.739493347035899,-3.1854990436948873,2.7911686413803296,1.0767720632920041,3.3197113276372288,-2.6746088149278946,1.328784420219875,0.9326853250917225,-0.24098837734001755,3.379243190080302,-0.043079269212331975,-0.1596126075817412,0.8583677108561069,-1.9450966526950981,-0.37179323459437913,-0.7564593948806067,1,15815
GSM7890835,AGAGAGCCATCTGTTT-1,-1.3728633032136381,1.5694878704052047,-0.7571389163295105,8.079816173365707,2.5300462047149765,-2.0998376010017132,-3.748362030278178,5.7264365086091,-1.6943229569125595,1.7202244280553372,2.2037145823913353,-3.553894334034039,-1.348190516430024,-0.9796194840432232,0.5380780884099303,-0.3687445321470472,-0.06895243304566284,-0.7731767651319162,-0.6045988818561674,0.6035614739577493,2,20585
GSM7890835,AGAGCAGCATGGGATG-1,12.076957334085696,-5.401348531249709,-1.9266240582945802,-3.401896942480852,-0.9020381329689283,-2.8980600105280137,-0.6677909319456036,0.4501570820996208,1.6541444125863556,2.777210119644415,0.4103460591133867,0.20119038881521603,-2.246758004039089,0.6140393955845593,0.8505689004676761,-0.38694905129703694,1.50347788482154,-0.31983249620975407,-2.570319983025891,-1.514926054330332,1,12414
GSM7890835,AGAGCAGCATTCCTCG-1,-12.014797775046796,-1.2648313087522818,1.4952043724789106,-2.8691216881414663,-2.813679252473883,-0.1184503822202261,-0.19886551517044926,-2.2504561433245267,2.216315290814052,2.314875581049565,-2.0139891057975743,-2.6678499229811385,2.0473309761004463,1.7718244150092752,0.13945164027197046,-0.3131132808742585,1.0688462943429982,-0.4915839094801699,1.087004819747044,0.22439579684994782,2,24101
GSM7890835,AGAGCCCAGAATCCCT-1,8.238409571358485,-6.895564417221802,-7.609832115982796,-3.437125838156079,-0.3057519721644357,2.0888621828857468,-2.229018730442762,-5.136334807533908,-0.11615598728740786,-0.35113685752067453,-0.3276721811310202,-1.5272458646107625,4.725156930643118,-0.46568499289678456,1.5958705794544508,-1.4050436171709302,-0.48538463841569474,-1.1131211573181496,0.3840414488968724,-0.04247177741963299,3,29447
GSM7890835,AGATAGACAGATGCGA-1,9.316572923918072,7.218407996180074,1.0126779021675363,-4.451039741666725,0.7844193132513115,0.42600032061833626,3.364108645261378,-0.6192745254498515,1.6266013192334365,-0.30855254062778575,2.834075678594608,-2.108081983860736,2.341913132449957,1.9235932661017643,2.0606403584551845,-0.49711457694370914,-0.4082319667487952,1.8820017928165114,0.7683569516752493,0.39313033606322856,3,28494
GSM7890835,AGATAGACAGGTCCGT-1,-13.971905527336151,-2.563560403980189,3.225521742904256,2.08856125939845,0.5019495308022904,2.1500546580128774,3.050860675716273,-0.5657056225800853,-0.49280685325617923,1.7272053443877236,-0.30979357196336166,-0.5352927077112936,2.0286633868614588,-2.6175768931570045,0.9531825704234019,-2.004692220574901,3.010224474120071,0.7526577354720586,-1.833767419133618,-0.022618306538279807,0,7886
GSM7890835,AGATAGATCTTGGTGA-1,-12.143707582682957,-0.38659361725282776,3.7997473473560053,6.113372474485746,-0.07659493045719917,1.5880796476210606,4.082882716911302,-5.0570273792825935,3.1854668291670167,2.1468546960454304,0.7429674848353266,-0.2680816298489067,0.19388082625284264,0.002673795531427177,0.16425715204694324,-0.687980691013776,1.8331377646191143,-1.061624996473959,-0.7590889588864145,-1.6191348786366648,0,10544
GSM7890835,AGATCCAGTCAGTTTG-1,-12.793417821616806,-1.766657924192268,0.6351380875654826,1.1782379674635861,-3.377064117544324,2.8324392200394066,1.0058620084663894,-0.44744687128114274,2.7193380884218405,1.3837152609817058,-2.2231976703997622,-2.0826358018967093,2.8842482301990486,0.4185910166273829,0.8702563617039085,-0.8105129734313796,-0.4577948982626859,-0.12597133082173118,-2.516699615352594,-2.9287844293550607,1,11971
GSM7890835,AGATGAAGTAAGCAAT-1,-6.174873332093257,1.0581398204774266,-4.829335753209141,1.678675861825529,-1.5397318963426234,-1.982335284647966,-0.33713076243659584,1.7461579121896005,3.315321020903957,-1.362546186825983,-0.8130268638232959,2.6055501204675786,0.3869914124565888,0.7163893677460718,0.6855588853870558,-2.242408678074755,1.0053908444590636,-1.9638397637237046,0.14615051545500787,-1.9401582348300292,3,34581
GSM7890835,AGATGCTAGAGAGAAC-1,13.589755564137862,-8.55103191205138,8.241476667582326,-0.24091707880230256,-5.620286824592254,-3.5643109859124076,2.4177450672906478,-0.7554648408443104,-0.07432622961007464,-1.3386477344152807,-2.701549974603854,2.029980265095153,0.8418668168455073,1.1790279536906108,-0.08909634652428558,-1.020695714019414,0.08789336481268713,-0.3904206160603715,2.185597132045834,0.30412873820797504,0,10070
GSM7890835,AGATGCTAGCAACAGC-1,-2.524564172417194,0.05666627889572299,9.365632033092606,5.47724356010605,2.603387513326276,1.8994913197499133,-5.668307493070007,-2.8901046950557654,-0.6149394102656927,0.08901836210258578,-2.817695397720585,0.07683595339718506,0.2821964349758853,1.1925796335085104,3.947278045493605,1.4403583537581803,-2.024751158742193,-2.9054171567026756,-1.064515599096229,-0.6685806281571829,0,9076
GSM7890835,AGATGCTTCCACCTGT-1,3.1130979917254153,-8.619991632122876,-0.7515962750834493,-1.673738232766817,-1.5233072642717878,3.6103133833938355,-0.18422707396588153,-1.5402581555325283,0.40778035080651315,-0.6942321161464255,-0.18958397760714704,1.5124594929100363,2.289844823269715,-3.0938877184731726,-0.5437348278942864,-0.011369855168901636,-1.5584985466112105,-0.7164398041045084,0.6330691487229436,0.2148207710469599,3,31631
GSM7890835,AGCATCACACCGGTCA-1,-6.719212444633885,1.5634818128396777,-4.569123078001002,1.2091531963927586,3.449187143346617,-0.3276125815336279,1.1138609224771236,5.698879369626603,3.435945771498662,-1.4068183108424506,-2.684613479459074,0.8476653069470564,-1.5840609049111831,-1.0397916982049054,-0.9348061531600897,-2.3513389570846726,-1.4926549334702544,0.9679326662833273,1.0063604248976132,-0.4213410392196713,2,21849
GSM7890835,AGCATCATCTCAAAGC-1,11.97563575370744,1.5265402649481083,0.3247688250120106,-3.325046182987585,2.58850413663121,2.5919150699298688,2.5566980918660853,-0.06767398100905418,0.9092847959360241,0.5915148180811446,-0.1037635733343922,-0.19017073189025663,0.2887492835800135,1.6899980340738086,1.4764182424061119,-1.7311266298183134,0.24082503540298117,-0.3139323779563403,-1.2496333154004702,0.32793593475324806,3,37705
GSM7890835,AGCCAATAGGCAGCTA-1,-13.158372845902571,-3.3244194508398888,1.756597458609638,-1.5240428690922407,-1.7953774736298498,1.0922612220329964,3.167909529377793,0.6502301130621136,2.071059192845987,3.45348088141151,0.32375870164500997,-0.29483981032183104,3.0960072907465133,-2.8174185673174534,1.5833266209565695,0.6846336487070668,1.9324938502010942,-1.0470264577381108,-1.5077043599750866,-0.4357657490984045,0,9349
GSM7890835,AGCCAGCTCATTGGTG-1,13.213918333235235,-7.481249907166105,-1.468236680151183,0.3476288107689814,-1.2916380704544592,0.7713929805429236,-1.5496683446942627,-0.6943002516474905,1.6262541277925568,1.1000771660113984,-0.3934341246145652,1.3959681137532511,1.057820701572192,-0.9706800158678616,-1.1086289507276235,0.5960592894131805,-0.02262834025328674,-0.5301071312291166,0.9428542945477039,1.2295850781368585,3,36732
GSM7890835,AGCGTATAGACCATTC-1,-7.327635041033322,0.0037458265478265544,-2.7386783270145445,-1.7515224558762936,2.013063301968953,-5.395300561467993,-0.2326849343761432,0.5774486520218324,0.5392935247932029,-1.864410688860367,-3.3973003977086873,2.15933875484396,0.9018361683670969,0.9334711352932437,0.8344530618057643,-1.2345902715713304,0.7525007426666799,-0.8259189150941723,0.062017609771020936,-1.606797942190506,2,21767
GSM7890835,AGCGTATAGCTCCACG-1,10.356139337465187,6.952275797043828,1.6505037972232088,-2.8626261105222772,1.7433737937285423,2.883930797692697,3.1786448048619302,1.4612328944729407,3.060049083834398,-1.4014621523969346,0.48398032281280284,0.5434582383821952,0.3827387558650881,0.2524040000288244,0.2832016151213985,0.9060170348300123,0.08673026397918351,-0.5290870777753859,-0.17256496509204483,-0.23261646629055152,3,31017
GSM7890835,AGCTACAAGAGGTTAT-1,-12.152280470691965,-6.0828172845898845,3.7902710657626253,-5.144423511663064,1.3414589325395976,3.3831452714779644,-1.3385998980174922,1.981157119108891,-2.1957666169191,-1.7068948654938874,-3.0267319234807557,0.8376006222266295,-2.3718242298489933,0.7871924706425932,-0.10517946038484553,2.103521215232983,-4.471602391661925,1.5906942954518268,-3.2074751564069226,1.5298547496728057,0,4370
GSM7890835,AGCTACACAGAAGCGT-1,5.495584094593138,7.0657225489318245,1.1655397839788695,-4.181014259116663,1.7684328267644414,-0.792841051677707,1.4497985395002717,-1.2855681297176318,-3.632072783153336,1.1065288018565695,0.8835802506357566,2.2730797130357643,-0.07701616823446793,0.13064914155228596,0.5711307681500668,-1.5117153288540377,2.091567589035811,0.8232553964268167,0.9708871536406248,1.3325120946280176,2,18390
GSM7890835,AGCTCAAGTATTCCTT-1,-12.835038013809115,-7.643365062326648,2.006774259773589,-6.442337061666815,-0.14703164119427628,7.781372021981921,-1.8757168602283902,5.352170695477917,-1.5706578545556322,-1.4056373528746224,0.9593663589167469,-0.04724746428371356,-1.8337528361866522,0.45433977169212325,0.7876571861124321,-0.3374580049296683,-1.4094289104490612,-1.5202314655647806,1.3327950454302842,-1.4858690901369953,1,15007
GSM7890835,AGGAATAGTTTCGATG-1,12.014829090551641,1.3595114287007082,7.374881148369917,1.6872674865849708,0.6282725267366804,4.253390037578362,1.540604976666213,0.6234722693165425,2.083011699270198,-0.6952626267201379,-0.3004782988736457,0.5470302936185119,-0.8027420929134027,-1.1199823144491745,2.4734743801728487,-2.5385205678425797,-0.9958151603258225,-2.320820355013765,-0.6488896472910115,0.15312146685975853,3,30553
GSM7890835,AGGACGAGTCTGTTAG-1,-3.229874119202845,2.7621956305424415,-3.9531968792465992,-0.38753827906078253,-0.11082997442693532,-5.515097172098,2.5046223536394754,4.6081939317150376,-0.23805430563314808,4.080175252707761,-2.978119920618939,0.5616031009788066,1.6601900586215996,-0.35033419770311236,-0.9822587678509822,-0.09204776112979993,-0.6783190906925229,-1.3713052916664994,0.3598912509983721,-2.7851590318272694,2,21548
GSM7890835,AGGACGAGTTCCCAAA-1,-2.4068827251701332,1.0258833254562771,-7.425834248005971,2.4812804810765225,2.5251486915997226,-1.3253640817900938,5.301561740396531,0.28226633609087703,-0.48678122878979796,0.5102525884792594,-0.016759898787671756,0.6449853410262499,-2.4366340147925936,-0.942165655805423,-1.7540183410301968,1.6034299261406821,0.6674021626923506,0.09374405384985932,-2.2304926081819687,-1.9281067952294124,2,22099
GSM7890835,AGGACGATCCGTTTCG-1,4.289433938917742,8.251363438280617,-0.5649976181008642,-3.018023989815162,0.3799860857361582,0.22794563821899644,0.058214529669473644,0.687127089086965,-3.4554244986065004,-2.9651802401148073,-1.200183240570447,-2.007111489419535,-0.3267674030815489,-3.1411927889593763,0.18114181365504545,-1.3497444512718475,1.9905282925433565,-1.4860395033431184,0.6020066364373543,0.31822636309248076,0,10702
GSM7890835,AGGACTTGTGTGATGG-1,5.338288975683814,9.772252491877753,0.39703703408313745,-1.8146606694470082,3.4522341221095645,0.21528497605620694,-1.006808307232271,3.205066834999284,0.11577534164869786,0.212927886250852,-0.9040247808427596,-2.249724156618931,-0.5140263100887695,-1.1594750612320475,-1.5859206484632096,3.107183852563239,1.2771987451970943,-0.9832441165347067,-0.6133101981308902,-0.32384617996617654,1,13457
GSM7890835,AGGACTTTCATCCTAT-1,11.755390681826984,-4.752601062937449,-4.74040968811761,-3.018979166947067,-0.002316836671752323,-0.8218548120016775,0.3692785013581722,-1.5572415016434287,-3.1367369505898015,6.027342209367917,-0.17550480605690627,1.013216113481922,0.6374943302859597,1.4806311170154252,0.8973845856314561,-1.3160868964913226,0.7358945198051717,-0.9624010966791732,-0.4348308166790917,-1.3004842562186858,2,20925
GSM7890835,AGGATCTCATGTAACC-1,12.137986040957403,-5.497277234650728,1.200274603311049,1.3894858956885356,-4.061044004015883,1.7669592747640326,-0.025531214581688045,1.9977618715911376,2.4672323919078747,-0.3773225903894327,-1.8804902689515781,0.9365074455564955,-1.6407793520055738,0.7876729397821245,-1.142450728240837,1.5070317359172272,0.3511640694531537,-0.8078620480586611,-0.3052088730287108,1.2352477371007484,3,36291
GSM7890835,AGGCATTTCAAAGGTA-1,-6.315174543422355,1.5969663392343123,-2.8867370080823065,2.510474236065141,-2.0428858785576054,-3.0574467796481035,2.7200254846485263,0.01867625185338815,-1.7439042081420966,2.0924446242348536,2.5786804415799502,0.4987531136974751,-3.3462380207278275,-0.599407863997599,0.5070286890277317,-0.4950447209461288,-1.9008517237746954,-0.7608286996598151,0.9504273886893639,1.3893802448715553,2,24770
GSM7890835,AGGCATTTCGTGGCGT-1,12.743261530369569,4.700722835955089,-0.14158257075462624,-4.335455612000239,1.59278582816009,0.7256397878692102,4.367344875084167,2.539688274687061,-1.6040199200628469,2.0071897199130775,0.12300451892847099,2.2786694482957284,0.9476127429812681,-1.6613676984761636,1.7431766536324058,-0.46529766889678686,1.7935292857235998,1.2744481617354424,-0.46958246790281366,2.157590488693417,2,21916
GSM7890835,AGGCCACAGAGCATTA-1,-11.494588022842404,-4.9323605380587034,0.12722847311987295,-6.027208521612271,-1.5494992901684808,-1.4655097192388677,1.4450401431326518,-0.9724228696494439,-1.057006389855527,0.5025195334161091,1.3020051500547138,-0.9287160161243446,2.0379034739046,0.5530579144622944,0.05605621773261859,0.25817456788884485,1.2369430106103116,0.7349850595160764,-0.4621061927343262,-1.0927763150033047,1,13501
GSM7890835,AGGGAGTCACAGTCGC-1,-13.726760260293608,-7.328120954341583,7.204275379827008,-8.726049594372066,0.8528985841534704,3.78756378872258,-2.0236505900902277,1.8239226366981036,-3.871245493219279,0.46566228542397037,2.367710603238587,-0.6924911583032692,-2.236044048094929,1.6293381062003394,-3.0955252320653543,2.2294980893288305,-0.9037312858119748,0.9751693347513566,3.138330671441375,-2.206561114478013,0,7879
GSM7890835,AGGGAGTGTGTCCGTG-1,9.121356697544554,-6.6116226608942625,0.7577660274217517,2.865979968603423,-3.1485914751662976,-0.322694340873256,-1.3751680217995812,1.0551804072655908,-5.061487493082803,0.6661558962829877,0.029835145425488607,-0.6435285298659472,-0.007610917631092684,-0.09091067412966183,1.0875870966836905,-1.0855452558556262,0.9016747246259579,2.010606419912277,2.261976452972576,-1.9270822800796499,2,22369
GSM7890835,AGGGAGTTCTTACCAT-1,-1.754163275914557,-0.7158192451806205,-0.7476087940836574,2.7360770630724685,0.7989734499597279,1.1450703232657085,0.6752003171691892,-3.2820982357519535,-1.8211973329552653,0.9054130146032732,2.283313661625224,3.2714400528966956,0.889375675564615,2.1620958955609626,1.3759718833970687,1.0544029960860515,-0.07158591605095685,0.07385556906684232,0.4349075259069906,-2.437001247963492,1,12103
GSM7890835,AGGGCTCAGCCGATAG-1,-5.247665293344508,1.664036380757086,-2.4173808740401728,6.928653059767607,-2.364404541529395,1.5959445916491828,1.8353802303073241,0.20945786573683614,-2.4042029780531737,-2.0875286657957255,4.243195057330243,0.8765567386153987,-1.0252706531633857,0.800993865309775,0.17929062162470885,-1.1269951453112153,-0.2592499725313449,0.11003912383531737,0.25458791558672145,1.2842918611381353,3,30284
GSM7890835,AGGGTCCAGAGTAACT-1,-4.7839422320292755,1.8918715297942765,4.052856604523561,8.093189418636785,-2.679005185267941,-1.5140809751066078,1.9613984593286466,-4.214316687045727,1.045883275914238,2.3451014728062285,6.373432307789249,-3.8172485685446853,2.832301419112052,6.494583440943865,-0.14603218823655856,5.302889152310665,0.8301673499453291,-1.951892085446479,0.6966814733224175,-1.0889863381204934,0,6629
GSM7890835,AGGGTGAAGGACGGAG-1,9.979742302558156,-4.627304257639129,-6.261602094534092,0.2750946462838366,0.6507126521141635,0.9568517918808659,-1.927999512394895,-1.0427004630613073,-0.4878802195735664,-0.10866973862407782,1.6417816796020943,-1.1442774065321943,2.6150055091155173,1.620464674058998,-0.5644934055845082,0.8597489779170114,1.8565352252527256,-1.1291915099669991,1.0090860810588105,-0.4576517879176105,3,29477
GSM7890835,AGGGTGATCCGCGATG-1,2.152297013116211,-4.33026722979126,-4.973000508887478,2.2395291884819093,4.089896222236933,3.2212528916425303,-3.4736908202921497,-1.5928657924301561,4.2601143128964845,-4.498311568378947,3.342714890767415,2.263760993480817,0.3128298198769709,-1.1842748116278292,-0.7026522088291252,0.43951742023733276,-0.7624172299164755,-0.5853162467411009,-0.04937085406327834,1.3744427859046315,3,32421
GSM7890835,AGGGTTTCAGCTATTG-1,-11.136649735754172,-3.8067736051445475,-3.6350152114712704,-6.50338082933324,4.211929195956354,-3.0106671379930674,-0.7136962020538264,2.8252015053168926,0.831875788572784,-2.465733097359105,-1.4419529790504484,2.3301616348102,-0.1481260216793716,-0.034136829671566477,1.0582497663271835,-0.7137290785394403,-0.403928179744499,0.19453117328817082,0.6466290408612393,-1.093774018118852,2,22301
GSM7890835,AGGTTACCAGAGGACT-1,-12.257632352321005,-7.091664760110248,3.4298802318192827,-9.319396357494858,0.6319914494289162,1.083693266174818,0.2663776620831829,0.6857791245900366,-3.305490647620895,0.47290357132515887,4.691646863331031,-0.2510354702152404,-1.9763112059827226,0.43472942774136547,-0.6016230272815917,2.920276237310599,-1.365292775452752,-0.6730308369555138,1.544090618493549,-0.6273373147767847,1,12246
GSM7890835,AGTAACCAGAAGTCCG-1,4.584295118995697,6.840114233512645,4.414967955602381,-7.1831234950223735,-1.895255737820937,-4.323524255459217,-4.15671649837962,-0.3788225734109729,3.0052157607026655,0.5870721786645201,6.05193734346223,6.308550215587367,2.5723944222325854,2.784263242717489,0.4879921165689366,0.8397682661269167,2.3649104589477967,-1.4826738935082058,-0.4198366576491473,0.5918532119443645,0,9471
GSM7890835,AGTAACCCAATACCCA-1,-9.814085038457321,0.6569724246969474,-3.9390862489391663,3.992596987386187,-2.5241573828720836,-0.13931308536061635,5.152164835676817,-0.14966516098600827,1.252300369483642,2.0902435742601275,0.38760123312865336,0.7867151644229341,-1.1751523147729126,-2.264349885082235,0.6707505817970807,0.8205371691914973,-2.3678420874988575,-0.005840802092609575,-0.5810417391051265,-0.6046860892457869,2,22816
GSM7890835,AGTAACCTCATGCATG-1,-2.31338432249154,-0.5751516121067921,2.0581337477414867,-4.3640123911052555,-4.28002666781446,-6.159003422594771,0.6880922866851199,-7.4919248294643275,-1.6564152354534947,-3.282221755875494,1.154035035247889,-6.71581839503618,-4.087392273280622,2.9884645685237796,0.4193556860806179,-1.6050225723719038,1.101061400212049,-3.670598179250783,2.183460494151894,-0.2073667580868822,0,5817
GSM7890835,AGTACCAGTATAGCTC-1,-4.561963342110184,9.432076157853821,-2.1725999001033043,-1.5590410767181282,-6.915153770636523,4.704649178832869,-3.824915805733849,-2.8276925163164406,0.9643743910068399,0.979379082133224,-1.9865132763106186,-1.2184937609120454,-0.4003083009473317,1.0834698248172245,0.381528620059293,1.7345116926877528,-1.2849137754451325,2.383541429768578,-1.065603995900547,-0.08419900893780793,1,13795
GSM7890835,AGTACTGCAATGGCAG-1,12.869701147897356,-6.92843370736877,-3.512531733114514,-2.0400356835094002,-4.193920659742024,-1.492191499452569,-0.6602920065792806,-1.0174740507291165,-1.1832321524569802,2.158956278820795,0.5928667362189449,0.8435699010905808,-1.0434071601557728,-1.6705778698223304,1.1953049209295603,-0.4109513747742658,1.5748723566002498,-0.28312208777118236,-0.5533201529390714,-0.45957353296895764,2,19524
GSM7890835,AGTAGCTCATCCGGCA-1,-13.230860013568247,-5.221552466979045,2.9895236595255463,-4.089466452792496,1.0423287026561838,0.5907082428439642,0.22279065088816943,0.9039368386524922,-0.003792392337076441,0.5056686647356158,2.6407552234071874,-1.2563387494651361,-0.524411476526413,0.15128547716434718,-0.15253088155539885,-0.6604852133375138,-0.5421678502539622,-1.3263818815644188,2.1513425056185063,1.411850249814296,2,21624
GSM7890835,AGTAGTCGTCGCAGTC-1,-14.905093835773283,-7.280556657299548,5.922905925867932,-4.732694276209466,2.055402249704902,7.512786481278219,0.220051864793634,1.0949041680070513,-1.4409391615644134,1.7244568512585772,0.6950876420615852,-2.321755847168203,-0.1822293207348686,-0.3957212425199427,-1.22000484848272,1.276080531415255,4.39510269056713,2.9830969725073353,-0.5537119937740199,0.41601187905754045,0,7046
GSM7890835,AGTAGTCTCGGCTCTT-1,-0.8339170736469983,-6.003153092310506,-7.016618115655761,1.1490504297876305,6.230736589601635,4.365244990680613,-1.4497124039128282,-4.876262329833665,3.2109476924417244,-5.9341527030560846,2.983613566971572,0.3230243324581182,0.2683916107235186,-0.4836563109594318,0.1628238220062838,0.8680779355094271,-0.5571470869373054,1.5280975775338816,-0.05791699216714942,0.8172621404010112,3,31626
GSM7890835,AGTCATGTCATTGCTT-1,12.920112185589867,-7.058796958406948,-5.600686690473595,-1.6808612842380082,-2.048589877474346,1.9799405953923568,0.942629338926117,-2.3686875674156997,-1.085281686589705,1.9729315506677052,-0.8999341694608413,-0.23167915531226557,-0.15559687267687738,0.7644137105633616,0.513379144122726,-0.5488082905327606,0.30548458004039125,-1.313461016060932,0.5172889563347385,-0.548495952622259,3,31940
GSM7890835,AGTCTCCGTTCTATCT-1,2.466297149355015,10.137990609867424,-1.72047780202267,-0.5792208512856901,-4.921366256460111,4.6574273044188725,-3.467792676177178,-0.7744892557778017,-0.7359468483916006,1.521272708336465,0.7306138823432016,2.5250865887821847,0.9755282717090674,1.7267249342135715,-0.6802254973600591,0.19825750720597188,2.0747566525530887,0.42249117437971795,1.4196781448562337,1.4709498697419867,3,25497
GSM7890835,AGTGACTAGAGACAAG-1,-0.012677959340996192,-1.3103578040061532,-3.6200635542667663,2.4975435715112404,4.492244038520875,-2.9700411118227046,-6.109786209443807,4.9953557679079585,0.8833391407427688,1.949817091042813,-0.9356238013561,-2.691857576797679,0.891172430998569,1.3383132375864288,1.3420451278014303,-0.7647508588458851,1.8400164794344653,2.466641252456849,0.5659822650094203,-1.3889318110041515,1,11970
GSM7890835,AGTGATCGTCTACGTA-1,9.633372469386318,-6.447031854341707,-8.536270933447557,-2.1459617366353507,1.3972200402616248,1.402432125805219,-2.588175441877318,-4.767113865204286,-1.995884150528444,0.9668932891201827,-1.1306981952588802,-1.6406261301916012,2.3776834166326597,-2.1776045229030867,-1.19963770600828,-0.7463343878960363,-0.529749221363079,-1.997901621418805,0.6040725609936686,2.54278413957112,2,25116
GSM7890835,AGTGCCGTCCTGTTAT-1,-7.106220097774063,0.7167823328297794,-2.556350416430062,7.38069091027668,-2.2743006133845074,4.162151486558251,1.7541343508776612,-1.4058733938287094,-0.3653597744051961,-1.887570739708311,2.613873887140936,0.1868575875445142,0.17838282803531608,1.6131429233144905,0.08364238078623049,0.36410540007205494,-0.8189491809232908,0.2660548771012208,0.16135585032431465,-0.3475783054061946,3,33402
GSM7890835,AGTGTTGCAGAACCGA-1,-1.8920024605564496,-0.29768578323241945,-5.888208842538204,4.930509099524506,0.6223771939286782,1.1794131654207944,1.1790888098330485,-2.618927853496305,-2.1808153429058015,0.46562398914623016,2.0991010968872192,2.270243961029545,1.555300625678963,-1.536437595847237,-0.8373525772697892,2.5205922682825044,-1.373628326620054,-0.8167486951021499,1.6167025211690156,0.3104570103410549,2,18988
GSM7890835,AGTGTTGTCATCAGTG-1,-7.780553682956572,-1.4052825767954684,-2.753340038051388,-0.8979857862706179,0.6576164924874321,0.7458025629705862,-0.6353832017781209,1.9666721669345633,-0.8580511818132941,-2.9732486521083366,-0.5161896332838579,0.6072084316911779,1.4595314378135484,-0.39660385910079576,0.45145010711462513,-1.4770851780710756,0.040255998037811075,0.5550209870410596,-1.4154608431689135,-1.382367618576048,1,11824
GSM7890835,AGTTCCCAGAGCAAGA-1,10.475746499706096,-6.091995736472753,-1.3859527389755248,3.3492479122573635,-0.3469667864923117,2.0306921150843618,-4.013537850702143,0.0849794140115105,2.3913534969387684,-1.0613555387504021,1.0500144056577414,-2.005767970727166,0.9269649668200669,-1.7415783702014755,-0.5693530488193135,0.1450673928610596,-0.36023452714936066,-0.7089771072822466,2.1711023463732553,-1.3613042552218249,3,25863
GSM7890835,AGTTCCCAGCTCTTCC-1,-6.455708630274672,0.1421819584352025,-3.5387818093306724,2.70660922385922,-0.923726130832193,-2.5751395508143617,4.543642357437328,-2.273828522853876,0.09845770379198475,-0.7072188228081764,1.832384796266277,3.5542361017950017,-1.7138765265016045,-0.349518716670632,1.075161435200317,-0.05998618328167952,-0.8694280270046413,-0.475474777615646,1.9229892761752274,0.2734316600652791,3,36860
GSM7890835,AGTTCCCCAGCGTAGA-1,10.17886853099392,2.0301441919147347,-3.2377364972776195,-5.665610174486797,2.0371904729440495,0.08398865165267116,3.8475210562410904,-0.703694729112828,-3.320394200195965,1.4832748348974132,-0.35519727630716075,-0.07045334942056038,2.427158374080924,1.8041131063378781,0.8915336552957434,-1.6449296756059828,1.036138739852044,1.9594529593140815,-0.7347052240685289,0.7322108167169141,2,18123
GSM7890835,ATACCGACAGCTCCTT-1,9.396790551959931,-5.33356683516185,-6.533213020343413,2.0531282658534353,4.767576009272614,0.7330971092557755,-0.2928590551487036,-2.7996822619346737,-1.3896247438883844,-1.316248328532803,-0.2267032407864803,-1.9072805108408903,0.8035639351254346,-2.9190150340863936,-4.735877018178047,-1.0705934632469716,-0.5602285074166061,-1.1544867204986498,-0.4805976244231146,0.4795924361624006,1,17181
GSM7890835,ATACCTTCATCCTAAG-1,-6.931542831888396,1.7372827145593288,-0.2138418413938836,9.363391225983733,-2.2345988017711114,3.902806597891447,1.431034991877423,-0.04883346093532665,-3.238351453618497,-1.6517142927307624,-0.21272959345329798,1.9041082771494389,0.08328122434381297,1.1676829276905738,-0.9086081438258373,-0.7206375007581153,-0.2818418422935481,-1.0399781835319613,-0.539069720088566,-0.33334563535702066,3,28696
GSM7890835,ATAGACCTCCAGGACC-1,7.9292885257771335,-1.561177360872907,-0.39280363349652603,2.7060354962576514,2.8690320117279375,-2.1307764577983983,1.5231838701411224,1.5267983072941664,-2.485236620262283,-1.2963047393511185,-0.288165227903914,-0.8088783968724572,-3.543994049063651,1.4964256558819116,-1.3494320728847995,0.6620950777013038,1.7667439781090855,0.2566517947599662,-1.6947470980403874,0.5498015889705221,3,36754
GSM7890835,ATAGGCTCACGAGGTA-1,-13.047616229167005,-1.3150798457698496,0.7977660069396857,-0.34819004445433777,-2.157763499782926,-1.5709246244999433,2.664194205341549,2.121799847158833,0.652689227011699,1.5311594689818617,-0.7106440167389566,-0.6357669803706265,2.1437577299082315,-0.7712474183915643,0.22703692133216244,0.6480650855381545,-0.6733112389266275,-1.9498602590193705,0.170027136817146,0.9352334281463917,2,23080
GSM7890835,ATAGGCTGTTCGGTTA-1,-4.151984169196011,8.045046653160247,-4.810461886867671,2.5034660115104397,-2.879773995901731,2.054815964976433,-2.6245701623808295,0.025669717989912157,2.771654742235011,2.111659135220074,0.46383184852916404,2.553609855923085,-0.36909293023148015,0.30227657245510003,0.044799978529150575,-2.184427849692337,-1.4886467197301365,1.133343323871701,-2.9900395937584006,1.6069295075338332,2,22547
GSM7890835,ATATCCTCATAATCCG-1,5.271061848579048,9.033153542191773,2.7450190727800265,-1.6520835823679856,1.3903043181209325,0.48466408672344596,-2.926781032145413,-1.0488423001824485,1.44843637843633,1.5173791744790845,2.146138938737535,0.9565781825879214,1.2848145775156947,-1.406463483266628,2.0411501683089024,-0.9484348858970091,0.1898959846307462,0.9241827274401814,0.6456560935977687,-0.25861812404781154,3,27628
GSM7890835,ATCACGAAGGTCGTAG-1,-3.78165367562611,0.5936039116062042,9.888641395369714,4.011460939650193,2.4449788930939804,-0.2718619564053158,-5.9332509302048235,-4.737889597566511,-0.1742928478658232,-0.7006442439012833,-2.7514646957504754,-0.41116734292181695,0.43176809906634844,1.6911410087718572,5.539745349223657,1.2176726626543386,-0.2747396562981968,-2.287780607384646,0.7983844797827977,-1.4403104738797718,0,5819
GSM7890835,ATCACGATCACTTATC-1,6.484862517494013,3.5524452837454814,2.6815944501055853,4.608474496253718,-1.3576434822348082,-1.1469035837728707,-4.100759912374999,5.560456099998736,2.017267555316281,-1.143095272696181,2.9921173711507665,-0.5884825563067022,-1.99834939600294,-0.8194153749946168,1.410833656293496,-0.4892054332424485,1.96056646596017,-3.5407603913785,-1.7672366238962753,-1.3239864803182817,0,10212
GSM7890835,ATCCACCCATACCGTA-1,-1.9364940239890984,1.8542027348927916,-4.382266011719553,2.8543365162077126,1.3552671221130268,-4.996896816186759,-1.0532862428378167,1.822527086111806,-1.0637225001983854,-0.3918980234067616,-0.5747563611460501,-2.0017538091813134,0.05185860745967772,-0.2753131820048239,1.8348042724300597,-0.3765311741830561,-1.4601407866548988,2.0804235878980157,0.8498344030162598,0.4269804601163577,2,22037
GSM7890835,ATCCACCGTAACACCT-1,-12.3504462523738,-5.717892892850969,2.115744194982769,-3.289690015438956,0.44640149162623927,1.1608633466624214,1.1029730998374372,0.37508870315537557,-1.5042281738937018,-1.6330944366291957,-1.1898026556113945,2.1227771133932696,1.4066102931084463,-0.5446986177383762,0.79075931738722,-1.955614726682309,-1.406392430083409,0.5435245885372173,-0.771314819533389,0.2475586786034524,0,8200
GSM7890835,ATCCCTGAGCCTATCA-1,-7.209268044056952,-1.860793147331395,0.1774398230418494,3.2415785152183103,-1.216743105731196,5.270006888908672,1.6323747296134703,1.250738930313206,1.34738444858765,0.08031667158954418,2.091866796584328,-2.968637594982956,-3.0087884253385244,2.730293967149395,1.6241209542915298,-1.0634949680255683,-0.11619640395471352,0.8051956600015859,0.8914157316415015,1.5533442994497828,1,16333
GSM7890835,ATCCCTGCACAGCATT-1,-1.526542179578717,8.918453239936706,0.7979020631024124,-1.6407823042322933,-0.3020064718872541,-1.5378819214292783,-1.968981626987111,-2.587427059561478,-1.7651453982496277,-1.3568624801203901,-3.169259317174648,2.171533791854502,-0.548398966321199,-1.233867454691399,-1.4105549067153729,1.041021263069792,2.339001362382163,-0.6529053486959054,3.0230988462858255,-0.3953243283887714,0,11388
GSM7890835,ATCCTATGTTCGTACA-1,-11.923844582345582,-4.40026043499019,1.6825529367066463,2.2946053192109126,2.015861814975019,1.2032849212415846,2.91872328980865,-2.17439367903046,1.0567760036538965,-1.1563258109925436,-0.3551905275410222,3.5083476371254942,1.5122057616080895,-0.11347506858409481,1.5966765043704476,-1.8976606767227595,0.46655047549136835,0.040533046179538,-0.6359281133772384,-0.4432866252350241,1,12502
GSM7890835,ATCGATGGTGAGGCAT-1,-7.624385010684558,-3.015018177753199,-0.6516199645902134,-1.8789214537911012,-0.40428518471954134,-4.930391614070861,2.7481871499487434,0.7618392624275729,-0.3754186247122889,0.508561841614425,-0.9228762521678912,3.3148072954286207,0.9173908269191012,-1.3016244985023717,0.2221623030034646,1.5069347505280497,-2.218624783648859,-3.6192054297749494,-2.6912593173062307,1.2986742499174324,0,9018
GSM7890835,ATCGGCGAGTTCGCAT-1,-0.6786689818058729,10.786620759124437,-2.198791634992928,-0.2337451515927443,-4.2004112130266025,0.79077965217553,-1.1263883673321526,2.079138299037184,0.7633943984874195,1.3754947613565975,-0.22016783391383543,-1.472772084353735,2.6778765069673107,-0.3413416895813534,-2.5444121373184965,0.9186330521962468,-0.4990626790180621,2.4738669178005863,0.6220161420634461,-0.8208302367749352,2,20345
GSM7890835,ATCGGCGTCTCCTGCA-1,-4.8293603821187245,-1.6061692795246423,-7.113486491420187,1.2724079153800896,0.7848269096543973,-0.1178440135284312,0.05436353206736044,-3.520603021981765,2.946155518187059,-0.7387668818957227,2.0825681606856867,2.428275763569765,0.6008115954132278,-2.594839110999897,0.5451962830133119,0.36046053748325085,-4.107784399556259,-0.6713241759078701,2.6011828112413173,0.0956006722033074,3,37703
GSM7890835,ATCGTAGTCGCTGTCT-1,-12.29633549366715,-3.1982727221401293,1.7347932758392421,-2.549280469194794,1.5792504013523605,-4.6405657881265965,2.852108870674558,0.47462380958663386,3.975574405594057,1.4283147504562108,-3.0842770865093647,1.53044647150387,2.698541903489753,0.20167538121118136,0.396874673129256,-0.4877364626839792,-1.9166178678851309,-1.5353331718845373,2.362805387061087,-0.8770395900089835,1,11727
GSM7890835,ATCGTCCAGCCGCACT-1,11.960305809861719,-0.14197815072925216,0.6061678646524349,-2.9322631640762276,0.49808122869478555,2.452919354563379,1.6492133780841907,0.08478373894880553,1.3498597127542902,0.13535008901145412,2.4322469739255412,-2.064804749728073,1.3502574272258274,0.291083986151844,3.669401210280539,-0.9454465531573545,0.1845470409400998,0.8083511691166767,0.7284610514727504,0.19984561183696642,1,14763
GSM7890835,ATCTCTATCCGCGGAT-1,0.7744452234532176,-1.1897689175132042,-4.964424516172694,5.341322439247003,2.240106787711839,-1.8244539524799945,-2.403954018054314,5.2452248294563395,-1.860761044028267,0.2902578739648324,0.2133772144135946,-2.579471362396567,0.16328470347183383,-0.19288628597409907,0.8703589821239955,-1.7755202939620935,0.18104681686734167,1.9441778601257502,-0.91889733741824,0.89080900141908,3,29637
GSM7890835,ATGAAAGGTCACTGAT-1,-7.7097379776302,1.6361951756342807,0.8285589306092237,9.340392946814207,0.7741548835824369,1.8406948577330147,0.15786865788625276,1.0278917963460266,0.6811887370180623,0.2972976934296711,0.3177754514823452,0.2628188685567544,-1.4525413673423895,-1.607849565502971,-1.6847791668953995,0.1665498715835986,0.28392940275097533,-0.4100053015054991,-0.47391495864143157,-1.1249944016370574,2,18120
GSM7890835,ATGACCATCCCGAATA-1,10.38830548835147,8.863752621742675,3.8916659379004703,-4.118397660802679,3.0300525903999875,0.34668528071538074,2.827340044442073,0.2772777310722424,0.13316513307388855,0.19062042030073761,2.113514981579617,-0.6339541989886208,-0.6204357327040749,-0.49673873531787716,-0.24132022173006976,0.577402845956246,-0.44966106566290454,0.2960834905154012,1.6647214907789305,0.17586218741819956,2,21860
GSM7890835,ATGATCGTCCTTCTTC-1,-2.036299056520806,3.9532659540934176,-6.488282855861542,3.332009934700949,0.9668402813746517,-2.442715915286,1.9009484537121195,0.57983924672186,-3.397430876345278,-0.7271729388089379,-1.5974712598397345,-0.08877031736138515,-1.113112929555004,0.02800713545671816,-1.6643488244386373,-0.6212267130096162,-0.6972028203525789,0.7421932900246112,-0.184862750912245,0.1331173722786892,3,37878
GSM7890835,ATGCATGCAATTGCTG-1,-10.567703870517414,-1.2189401794803891,-1.8201288315605415,-2.4519664287454,-2.9631826978944202,-3.000982323229836,2.0767807633334887,0.7704049001977455,0.8000492278133855,0.11366019754026918,-2.3240716883808736,1.6688915429691462,2.6159982387082197,0.8895690919871239,0.3135370804793848,-0.8535928222864648,-1.5123982904960107,-1.7406483255194338,-1.777677948107378,-1.4213981179494393,2,18000
GSM7890835,ATGGAGGAGGACTATA-1,11.615561340902103,-7.472943410182898,-5.038392346371067,-1.7245969485508421,-0.13402286858414522,1.5023639473952002,-1.1528311868233956,-4.223546699566883,-0.7725342471169164,-0.2198267471259129,-0.23919808327373948,0.3080802096867858,1.2488670141896272,-1.0702294359143134,-1.2333700447066371,-0.014273504619437064,-0.061239553883604546,-2.1701994340607045,0.8804948941373548,-1.30784566293729,3,42025
GSM7890835,ATGGAGGGTGATGTAA-1,-2.5581082066982788,-1.9221875900166925,-10.162720156582136,-2.9606011148663964,-0.635118289904596,-2.869184206271301,4.571959519551791,-5.787355999617243,0.8918636267663577,-3.6854034296606253,4.6547250084512015,0.8342388718754294,-2.0895563514386946,1.3339641009608973,-0.6044030683437536,0.08906302288991776,-0.9224387554312353,2.319248078517191,-1.7491279535589683,-1.4632613092333218,2,21241
GSM7890835,ATGGAGGGTGGACCAA-1,6.150078089058306,12.169627161024831,4.051801716452351,-1.0719099854001337,2.1313119590965623,-1.2900010848843457,-0.9048593959619198,1.0164770782028678,2.175345869460262,1.4505016369312296,3.596083502050578,0.02630525384302479,2.536510459597598,2.582812785034603,-1.1573397805533512,0.47083159006711034,-0.34890538913234115,0.9317389697772082,1.5872618394987152,0.7925390778372953,2,22141
GSM7890835,ATGGAGGTCAGTCAGT-1,-8.097144343625935,3.1247058485593375,-6.678994939561784,2.759068593437014,-1.9312447888786202,-1.8965168480004007,3.696861509497464,1.8338926877106316,0.8759283288989368,1.6846063033973504,-1.5146750716231032,2.3230896222616075,-0.00740217440160569,-0.9947360717072867,-0.2553926810597242,-0.9991512884850198,-2.0899903105800117,0.03512587151768605,0.42827948548165984,-0.1392794080264048,3,25748
GSM7890835,ATGGATCGTCACGACC-1,7.833050224218862,-4.152014830234149,-9.544772639740408,-2.4635774330083478,1.2718943108035412,-0.4132554197111421,-0.6828935863028057,-3.238020973407532,-2.0342206299293735,0.9023610706007009,1.5589668925810973,-1.0446109404999129,1.0266921355166423,-0.35231721187753506,0.6144725984630531,-0.22641505022773414,1.1650881094932382,0.5346354600663182,0.012455412078230376,-0.17979490364284104,3,26809
GSM7890835,ATGGGTTGTAATTAGG-1,-1.621792835910256,5.08435557617496,-0.9032817436075219,0.21851537180460243,1.2735937553232715,0.19688726351915936,-7.064413123097396,3.3201764958640663,2.7485966690406007,2.1675543661414305,2.7145880562073765,-1.5061412760373585,0.6857123720059368,-1.7600153780449794,2.327593149100045,0.6466250632552445,-2.8419802285606526,0.6041205144399763,-2.626627270590263,1.0358568105622106,0,9204
GSM7890835,ATGGTTGAGCATAGGC-1,2.5383158608765144,9.149228943850813,-2.3407145668770553,-0.3552472826934062,1.3118241135115034,2.5332893878253886,1.444314971086864,-1.402927525575417,-3.776768318192625,-0.5728877490975528,-1.7438440176505496,0.9685915804922178,-1.8540482464975467,-2.0505058387642525,-0.32320836348878235,-1.0698444058628618,0.4603925605449815,0.9439345781803955,0.754558297847585,0.657007649920802,3,41757
GSM7890835,ATTATCCCACAGCTGC-1,-5.3728880489792346,6.616057913535668,-5.057642237781776,-0.7227379306123484,-2.2669299498618947,-1.2763137605953825,0.7329828292050572,-1.3620684802971743,2.666303287015385,1.2211139556900363,-1.2475518129742367,1.8202868912961039,0.902769587879296,0.23973791854225304,-0.2811215311477903,1.6048762419298201,0.1560335472738675,1.3987523158678552,0.7575131482346082,-0.44855919964974234,3,31533
GSM7890835,ATTCAGGAGGACAACC-1,-7.1295355385901695,3.3075640408683706,3.9285722919457724,6.586511407025222,-2.572615242469981,-4.604675519290554,-0.3355903063458663,2.3978788694225703,-4.055539862619415,-0.0307047313657907,0.5949336669091925,-0.091015609828189,2.4465527660930912,-4.413038278331909,0.7756867736113403,5.913489117839315,-1.6279856170427978,-0.3851238449947594,-6.163136409580275,2.5060083507680484,0,4592
GSM7890835,ATTCATCGTGTGTGGA-1,-12.573990032390363,-3.837461108386847,0.6550123730472441,-6.4547491400148616,0.438905410896839,-2.6779308033995295,0.7102306236698969,-0.7233512679049008,-1.4534377428895189,-0.3007233932563008,-1.728463301327009,-0.21433233083269063,-0.0972422101999319,0.36932127073319165,1.056843929701764,0.5619615890758044,0.06775141054184224,0.8418205613226796,0.3566554545672237,-1.0122577961849362,1,11986
GSM7890835,ATTCCATCACCTCGTT-1,9.388050101966522,2.6626817712423976,1.0532540413866052,-1.5272348638490747,-0.751702056264286,2.018451062212336,2.686013564712067,-0.22873363955462145,0.644252574800216,-0.3066250917020761,-2.0836405218759535,2.7001517626765215,0.5106556091015233,2.7604444908614063,-2.29236146345065,2.5279350181313864,0.6607182656703092,3.640118795230081,0.056474770094770844,1.61530525735482,3,25343
GSM7890835,ATTCGTTCAATACGCT-1,13.286669684515932,-9.604987160458482,0.7179710834478029,0.4927632644140503,-3.920412586514607,2.5514669146750713,-1.859816286610647,-0.4253215894811553,2.2204109691711986,-0.8628921427377652,-1.6864859512084887,0.5966945518638315,-0.3622609797551746,-1.2039387933731909,-0.12190010259942259,2.6830740802433026,-1.0366410283142753,0.12591039793482298,1.5091641183063227,3.251531732627573,2,20194
GSM7890835,ATTCGTTGTCGAACGA-1,-8.051266845141184,0.8129486472691416,-6.651660429218522,-2.6185559054598304,0.7999868466982748,-4.092929558929149,0.9360604597603875,4.574074394587544,1.971471009788776,1.6269185053581698,-0.7855569693347031,2.496472856402066,0.09135534416119645,-1.0626393415998276,-0.13614608576970655,-1.6176053340792234,-0.12754372608605036,-1.0093007388368547,0.8059269651076559,0.22911888937262906,3,28788
GSM7890835,ATTCTACAGATCCAAA-1,7.739542362247767,-2.668330216344868,-5.548620181464269,-0.7351933891063521,2.6622169175855666,3.287627669397456,-1.0822565806376392,-0.9851775194199633,3.7675332896219715,-4.281053866076448,3.209487667447628,0.07670152280363327,1.1591608475994328,-0.546430519847433,0.6186904115425733,0.09857096582654204,0.4764024004597557,-1.572314709575034,-0.9908087172972813,2.2547560004412674,3,38711
GSM7890835,ATTCTTGTCGCGCTGA-1,-6.0188230388884225,6.321871393380548,-4.259395155333212,-1.495510738200492,-7.7065961215316445,-1.2871003844848103,-4.57606286363207,0.2914849150736924,2.7283665591455093,1.3240617716574474,-1.022696474150513,-2.64710040979794,0.8868532351035247,0.6229483797587388,0.7415249698268941,-0.620658496219048,-0.5852974819704025,1.9756607872296632,-2.832878760188569,2.9268869303127416,0,7964
GSM7890835,ATTGTTCCATCGTGGC-1,0.5010485359726637,3.768499289905484,1.897467915798192,6.059247047428575,-0.5542521579736341,2.513376428209696,-1.1940641030830106,1.2033390030125684,-1.2625076739128922,-1.789388389857727,2.4217256558402016,-0.003872945426082888,0.15352184018350135,-1.207606918670408,0.11568949000060108,0.5733627225380131,-0.5370771735005334,0.04802330845473123,1.1749169212139878,-1.900308113148585,2,23283
GSM7890835,ATTTCACAGAGCTGCA-1,-14.18127805465987,-1.1089494088676057,5.1680457473816865,4.1437600835791955,-0.3613617331299483,2.5056064078580658,0.37032074223186545,-2.7081323868438694,1.1071167318058368,0.10767501394831475,1.1401271966126727,-1.4831747448913515,-0.029697348145426884,-0.3837040621110113,-1.074046933680204,0.9061315761278144,1.19799252938048,-1.12825059378592,0.5843236264854638,1.9236903436837585,0,9349
GSM7890835,ATTTCACAGGTCGTGA-1,-10.023584070778595,1.2810512861389376,-5.88464598019246,-1.6908069075563799,-0.04361475337810615,-3.751420684095463,1.5976385983367418,2.535072441091254,4.542743072209127,-0.06546739233512214,-4.360344937327972,0.2560780037320342,-0.3285911984036538,0.9270283109367885,-1.8209852813114997,-1.4225944978693317,0.14279567704316729,-0.7657973552922999,2.4216642281886425,-1.3855805047457734,3,31955
GSM7890835,ATTTCACAGTCAGCGA-1,-4.903199234160335,-2.0701575133449466,-2.8666963879712077,-0.5067938546279441,0.2905751215496615,1.3360729743790045,-1.3210627807662676,3.266579281706116,-3.56838790042406,-2.1379971024918833,-1.7460624721682751,-0.34501131968782395,2.3233539605353632,0.051528799716935594,2.0252105564296814,-1.1482888406786238,0.9587208339147166,0.6238059638182575,-0.7100530602925493,-0.4737312760904264,3,25578
GSM7890835,CAACAACTCACGGGAA-1,-1.4268639737637565,9.121622370019587,-1.4848639900742069,-0.4445663016299672,-4.0862608805324845,4.706281767369977,-2.076457472280404,-1.3975532066530152,-3.063591004013323,-1.146743048950437,-3.7324507521286128,2.041937783774562,-0.913666395401587,-0.6813092353645062,-2.4639608706603155,0.8990385325844821,1.4958960878142167,0.0641469707714619,1.5232435804500477,0.09764504904559891,2,22701
GSM7890835,CAACAGTTCATATGGC-1,1.6899867303114784,-0.29854995917161153,-2.7675244794349503,5.457417462553326,1.2854966494322222,0.906635346424834,-3.8345848408683922,4.752458799888861,-1.1744990355581637,3.133171060409161,1.7847500995958145,-1.575560434014618,-0.9764818502226978,3.540168685011869,-0.11726038111898487,-1.6521653788676949,0.7212163306950384,-0.7960465201618766,-0.20865256121968837,-0.5544538172337261,1,13964
GSM7890835,CAACCAAAGGATTACA-1,2.8786901839434798,-1.2777333497282317,-3.955652856666663,3.645593594688476,0.9696884843151345,-1.577641042595344,-0.6345554912222464,4.964217429136211,1.3242587939320563,-0.37888253905561686,-0.2326063144215593,-0.11454925714646634,0.7430883549968771,-0.5416473494655014,0.4679274506371593,-0.17192840404699608,0.6657002541719876,0.23207220487418112,0.6476471436795433,-1.3680989204308194,2,23441
GSM7890835,CAAGACTGTCAATGGG-1,15.863115721158339,-7.385514939551678,2.75781294945719,-0.3974439782609962,-3.1704654088471176,2.029689613510373,1.1202103039688864,0.31885285766391996,2.531645548925712,0.5207930949609101,-1.270522154584385,0.4515728289180694,-0.3021580541620765,0.5477714244159505,0.9899998221285261,0.2133305422021823,-0.6061351823287686,0.17074939751360896,0.6928118860790226,0.9473868671369137,3,37859
GSM7890835,CAAGAGGGTTGTTTGG-1,-0.5257724636922195,8.778421397269751,1.2366628367633805,-0.18110669787674663,-1.5971985005806664,0.6410061965271157,-4.516072835472362,-2.4579812357197404,-0.17853796364495533,-1.3926651660043687,-0.13921829949099107,-0.29344686093356237,0.1861672641000562,0.06237060888156047,0.1717230843788185,1.9304028933219453,-2.021749056467104,4.462966186475024,0.5670872685068096,-0.16113877605792004,0,8306
GSM7890835,CAAGCTACAAGACCGA-1,-12.479900755630831,-3.0452130035282026,-0.5645597908220699,-2.9424859446865503,0.3719036253744237,-0.360985713342922,0.9607546766303897,0.4371437132653127,-0.4466413957570383,-0.779996158375823,-2.7997616604709434,1.3772578699388955,3.172027768839418,0.7792234016798777,1.0268018801284353,-0.8122078400760033,-0.5186666881896639,0.35846298542269334,-0.8616983659780427,-0.1498739283733088,1,14574
GSM7890835,CAAGCTACATCTATCT-1,13.02585874789362,-8.343734414095033,3.7630893440310333,1.9347704203609566,-3.4819598592964893,1.091199256653323,-0.6955769432091014,-0.27283248191735415,-0.009331413900451476,1.9048395902541537,-0.7317268411983636,1.2162986926268715,-1.9223556544979061,2.222549912117668,-0.7516957052076515,-0.5751321594769102,0.3925168540821826,0.7375036881621821,-0.07379879994026844,-0.5091080663380613,2,23243
GSM7890835,CAAGCTATCAGAGTGG-1,11.161943769034712,3.9054004035939047,5.398309899548283,-5.971264817787075,0.5366078684235099,-0.8295606946418324,0.25317707298375897,-0.39778057286851265,2.7798354032971657,-0.3078839966405344,-0.06012628014771926,0.4895843569593659,1.8475923233490246,-0.16073349978721085,1.7917487025517633,-0.8105394458097487,0.08340027984648488,-0.8734469091584419,-0.3567398125076894,0.7553598073696085,0,9660
GSM7890835,CAATACGTCTAGTCAG-1,-14.268506975855743,-6.05814197113257,6.201180168681785,-0.565398315978976,2.4723017718061158,2.855983306145021,-0.012271814508240383,-1.4312771061713727,0.4736740299219516,0.10944885669611645,0.6707185621946079,-2.146628342173366,2.6090112676516073,-0.5746757178818026,0.3509511218995007,-0.08005516877198067,3.8219104011230836,2.419506772318211,-0.3772931868567221,1.6423783743291833,0,7452
GSM7890835,CAATCGATCGATGGAG-1,10.575200291219502,-7.024057005019139,2.4064186340346545,0.6355116248776107,-3.4113834729625325,-2.187217532102418,-1.0756556143042009,1.8979702927021211,-0.924662123458964,-0.30434988290755793,-1.388685742357079,1.368689846112683,-2.090896342508357,-1.368663563915843,1.451162058125692,-0.3658268160785749,1.3123315751305897,1.8538886672715322,0.12718639042843347,1.7573806225393087,2,20520
GSM7890835,CAATTTCCAGGCACAA-1,-2.6890416398776855,8.838088074881401,-1.3950898890739214,-1.124141375554218,-4.620427052497469,-1.9991416838711151,-1.0025596918364719,-1.1026583653498252,-1.5901320069898497,0.34260612126210266,-3.018269994203521,-0.2455472827913569,-1.1823442520568392,0.01305970706136142,-1.8156702315106157,0.3898149220220184,0.33970288542117144,-2.3889481629208014,0.3264369689098025,0.855820336132828,0,10369
GSM7890835,CACAACACAATAACCC-1,-5.405325791977609,6.914003263701288,-1.3698464471360552,-0.4238666945018612,-5.442843721677824,3.952444814852961,-4.493839612048991,0.021325563307114378,0.9189105334976181,1.8967216944514345,-2.5193224000344316,0.12596596658790965,0.47031781545850465,0.8060423950294786,0.14487763973234005,-0.4290606990932525,-1.1246483837620913,2.0728825352189717,-2.8498003607360887,1.0644728736620703,2,21612
GSM7890835,CACAACATCCGAAGGA-1,-2.659793031465893,6.176787706238927,-1.6822506872535479,3.9939700637812,-0.6842200801052621,-4.501672673357964,3.1760926774587284,-0.3887486617702064,-2.8276873584983226,1.1480658181895311,-2.3550889211598585,-1.2272952271098518,-2.7421634063708766,1.9308674027583093,-4.593369206054634,1.7305372354774937,-2.448053397232713,2.1312682916852492,-0.5628202533000023,-0.08654428376275795,0,8679
GSM7890835,CACACAAAGATCGCCC-1,-12.576235885549531,-3.7762506761028853,-0.33172441934430796,2.9003467143880988,3.492825860430363,1.2963466041204954,1.9678185098807817,0.2414471386732978,2.1926138292209987,-2.115050737423913,-0.5330949898921554,2.8333939377008717,-0.25713346565542783,0.38175376228975927,-3.5939370482853925,-0.3977696147201806,-3.6276193534187717,-0.6649224110231987,4.236556291265396,1.9738931323877327,2,19959
GSM7890835,CACAGATGTACCCAGC-1,8.164629985785052,8.494362303342758,2.99099308286031,-4.030487807468169,2.826669398998746,0.4339665995669074,5.8253708688892205,-2.890812105974206,-2.4112794656128425,-0.8865067125747235,0.9706116349799307,-0.22441731993153954,1.0856636953573373,1.2931285828779504,-2.2290952320109514,1.2132929870943476,0.3524752871601092,2.356708492307838,0.42260348669431674,-1.2830821644230688,1,13826
GSM7890835,CACAGATTCCACTTCG-1,-2.561874869961535,4.047788310987878,0.8977858964857397,10.54239700363337,0.2901123409063663,0.9105400689871506,0.1743757876279571,1.370608283816705,-1.2791526257999124,0.475995471394479,1.4757335028271197,1.3415092118607292,0.13988845607764044,0.8240433649539309,-1.8837527949611728,1.6088848202646209,-1.2874700066467306,-0.8607602554427459,0.4517501642659877,-1.3414353607690055,2,24628
GSM7890835,CACATGATCGCTCTAC-1,2.0948538613672505,5.922869304222895,11.246726696445343,-2.1208084838655497,-0.6040909900112943,-6.123755600753753,-8.641905513398537,-0.9451132507781866,4.084169028094015,-5.043784267564104,3.1804417868403134,-0.5749710572786886,2.345385391863804,0.08184925023549552,-0.7000823482085962,-1.033239178639324,-0.2706149019581396,-2.098963769113924,1.5486390009975552,-3.836278177646917,0,4523
GSM7890835,CACCGTTAGGACTGGT-1,-12.163597884789688,-4.917782849934044,-1.8336411349442954,-7.53876070629363,-2.581870933397529,6.35864939389357,-1.1199911874491428,2.91473537488425,-1.3236769695287558,0.09757937558578784,-0.17862133745158457,-0.3687121005753214,0.2933937207326491,0.8959410141985025,1.0989343250542134,-0.03218919522854154,-0.1823650634619473,0.35038888127453927,-2.736183980872024,-1.260645250915779,0,9896
GSM7890835,CACGGGTGTACAGCGA-1,8.005405044387283,6.2168307287711775,0.7471051584536882,-2.503501056489408,1.3752732212593344,-0.7832567378377757,-0.2853002085855601,1.285415017399119,0.27709794255720305,-0.805026314003934,1.69756592988691,-2.1019472778327035,0.2003300780353056,-3.1060372655251878,2.6090420048096337,-1.3861038109917563,0.7540528036740975,-0.6232492077104627,0.8548513496868845,-0.7910315033832381,2,18957
GSM7890835,CACGTGGCAAATAAGC-1,0.3705935837903002,9.844246035613695,0.14356134466108403,-2.366676794794504,-0.9580584568099457,-1.27947090480462,-1.523779185726951,-2.0934760234718386,-0.7540943106297271,-0.8465572850590618,-1.7108428168912855,1.1505707843854955,-0.437228438153971,0.7570079982323231,-1.3649391593000464,0.27068907479936805,2.2895593995599803,1.8570580167390094,2.4158694391324667,0.0180174475202209,1,14231
GSM7890835,CACGTGGGTACCAATC-1,10.841183669220213,3.107125135953641,1.8612579195920596,-2.5088195762228462,1.5709200595261015,-0.7500729222021304,4.978401611742664,1.4389970615864343,-2.4512193920264176,1.1362343962049708,-0.6999924403801299,1.8503934894488916,2.335729877329944,0.23475919480027557,0.8626007168088349,-2.2181136304030904,0.6722723137864438,1.1546854189975546,0.11218239479279588,1.6012774429753618,2,20079
GSM7890835,CACGTTCGTACAAGCG-1,-7.669642779913048,2.5200109586725943,-1.3522044816589684,-1.4420690982581716,0.2437431887565726,-4.833167152538059,-1.3984769282066773,0.20395817018294118,-0.019879611105127832,0.3884330135689623,-3.5697136734712704,1.874625597994336,1.190461260176679,0.3178098349438148,-0.5377602304793015,-0.6713037962690043,0.8840906465225096,-2.1943273536138617,0.4265657020532239,-0.33205427871126986,0,11198
GSM7890835,CACTTCGTCTGGGCAC-1,1.7572767060702164,8.135366781418021,-0.29794599150383605,-1.8677832969916115,2.2039857824377145,0.07866200882664039,-2.8318685468620295,1.1837204854496266,-0.369413047322011,-0.9197550430197595,0.7201625286634875,1.7468516203027742,-1.3793294158627807,-1.0571381435744778,-0.24487271999088592,-2.140576554133428,3.128575080897249,-0.12522577112496835,-0.9364216543815079,0.3851018409199696,1,14530
GSM7890835,CAGATTGGTACCCAGC-1,-6.316820010272824,-1.9070466326019773,-5.247231404420649,1.1750834760261548,1.8941589453597059,-0.6300844464193905,4.512644386641501,-2.1479902917571105,3.4373969014200187,-0.8087841336304442,3.2995538482614966,1.7546787332434501,-4.164626312324389,-1.7104133743774175,3.7229659686598655,1.7174840983402226,-1.5015041292595086,0.9982861954370271,1.6898885700547543,-1.0535188413634522,3,31127
GSM7890835,CAGCAATAGAGTCGAC-1,-1.8142328179910396,6.7312314664024555,-1.2919462520638416,-2.8493536727837743,-1.3153130973021503,-0.5045890627521352,-2.5979410696410645,-3.305425410034866,1.071794292982726,1.4962187495271573,4.0030239865070305,3.1325309990403887,-2.5467189411452065,2.2986781976879627,3.0804668546351373,-2.0901932923550794,0.34676652337425806,1.6863076178197445,-1.7273922490723737,1.960399528890095,1,16431
GSM7890835,CAGCAATGTCACTCGG-1,2.11255300476555,10.006998670635856,-1.138950059346102,-1.8091396359703988,-3.7154408877599097,0.20821731981460792,-2.6712741114341454,-1.771071474818064,0.4599563949354235,-1.4391279685212726,0.7837360597740474,-4.868108642173091,3.864960829452182,0.5476809851299868,-0.29410342284952373,1.9947731162991018,-1.682138272054824,4.761098783197424,1.079970294521611,-1.383068343895557,0,9468
GSM7890835,CAGCAATGTCGAATGG-1,12.070001348322773,-6.248734952550075,2.484230104157979,0.6836469097652894,-5.170107141485231,-3.2064867609850416,0.10340906104922377,0.6119138618002169,-3.6981452670076225,2.2995354849534575,-3.030454492807241,0.12287114264932114,1.4954233183613692,-2.1096545035038363,0.19258349577354889,-0.009015088823848367,0.7062798540230156,4.505976205745088,2.2405746231866317,-0.5207470324242004,1,12290
GSM7890835,CAGCAGCCAAGAATGT-1,-5.65761938712371,2.4453578952979447,-8.434674460887173,-2.5447914729643695,-0.21049566617766674,-2.5564548947947343,1.6986154299789062,-2.961733819903244,2.228925110448518,0.35154338209807356,-0.43742512304485703,2.292836715614065,-0.2628491323707611,-0.537864268506401,1.0972097388214759,-0.8393978005360502,-0.5113340387290255,-0.07819026109597202,-0.5616788366274216,0.6903572950641871,3,42174
GSM7890835,CAGCAGCGTCTTCCGT-1,10.485581061493964,-9.055465367225006,9.246258553427571,3.1799037864836635,-4.026854124715024,-2.783413747496836,-2.602679181724681,0.586338581766366,3.7859652809041826,-4.748873204648334,2.4110418436812724,0.7390423128767991,0.6020024634327111,0.24908614263717352,-1.2400245413821562,-1.6307582372312912,1.929222173835737,0.649342892367673,1.8162129583226152,-0.926235759626196,0,11401
GSM7890835,CAGCCAGTCACGGTCG-1,12.235264564866487,-1.8092321487723086,0.6346159443950966,-0.8647590312276467,-0.21016175133967338,3.5336302283008942,0.22058776319945442,-2.8048087529754846,2.069120858164385,-0.8728559266633157,1.3017034631274935,-1.3869410677076375,6.532116553192807,-0.7546643930688005,0.20233579754131398,-1.8278838907622037,-3.510674972545692,-1.7446213823056809,0.23426172429068978,1.780451404509099,2,18432
GSM7890835,CAGCCAGTCTCTCGCA-1,-13.798613157338295,-5.158050832498593,2.2738558177575823,-3.485455829886807,2.0378221666781027,0.5682345729125544,0.8858163642067465,-0.9725651276369829,-1.1411874478725925,-1.271821816380698,-1.6679545330706824,2.07965706673757,0.1454023652387365,-1.4145727826200358,1.3078197512032266,-1.3615568373068045,-0.47597716717086447,1.326159512401276,-1.2758245946579412,-1.4447710159760194,0,10658
GSM7890835,CAGGCCAAGTGGAATT-1,-8.73118347930474,0.9994689684736262,-5.344849409404963,2.7509715601424367,-1.655233404820121,-0.4305862850629551,4.892574110746312,-3.2000540487509435,2.1511767062528335,0.44459133848819704,-1.1448932950682313,1.861912082376683,-1.6369224164748561,1.1882328362496424,0.9076185450314298,-0.1310878378918537,-1.204570159853581,0.5809628747941171,-0.027787196849658403,-1.697973968394878,2,24910
GSM7890835,CAGGGCTAGTTAGTGA-1,-15.15467259100623,-5.066228142270761,3.267789309767924,2.8884602934518995,2.3884917777464656,2.35255766083117,3.056593517877577,1.3021129956628117,3.081001151124824,0.8239893963792682,-2.013115341575521,1.4522492196576189,1.2363238017368623,-0.44840117258664486,-0.10580880179755259,-0.6057430005460176,-0.3786907167015562,0.13667471111844695,0.5758614271835979,-1.3539348433849705,0,10095
GSM7890835,CAGGTATAGTTGCTCA-1,-4.256434152600526,8.13772422755495,-3.020342825933641,-0.7041441070415819,-1.9258157509538125,1.2102432110937498,-2.188542884900319,-1.2409599966410576,1.1281569831153573,-0.3044687419132586,-3.822180229415357,2.8287953704001945,-0.12455336979802815,1.4829068226705917,-1.2776484196822138,-1.4397284206802123,0.37214438701154356,0.9256213215764704,-0.6896008290694309,-0.12557990822534382,1,14361
GSM7890835,CAGGTATCACAGTCGC-1,8.565461694769155,3.827688972556679,1.9343599065379966,2.0971416110208927,-1.4616637276469857,3.065013102012138,-0.4262124792076331,3.2401530847807414,-1.2563749203521453,1.5081093247864406,2.1975547091256113,-1.658686560540023,1.75036915161495,1.997350246159138,0.52110916978726,-0.4462093746444254,-0.13250477887216333,0.6736684844109508,-1.2571025643101272,1.2979789579021976,3,27096
GSM7890835,CATAAGCGTCACTTCC-1,-13.86840869373187,-1.4284696478668697,0.6080445962687446,1.331734395614368,-1.808728548743418,1.6449268047704069,4.379291463123687,-1.8687144929117072,3.9611167271397854,1.7103352104877982,-0.963389178252749,0.9025179932080699,1.2372814382469828,-1.8585635712631032,0.7742184608820925,-0.9180328339487369,-0.023547939939533895,-0.15642588369827415,0.47808192149259193,-1.6808271243908832,3,26967
GSM7890835,CATACAGCACAAGTGG-1,-5.049027412011177,-2.293847604231498,-3.789406935057171,0.4881649477971665,1.7400421921692153,-3.1736531526357603,1.7263199811202785,-0.10625904497613277,2.3454890475940613,-0.8469138304598354,2.587000137197031,2.219301693194214,-2.2495885000047346,-1.395984029836032,2.286298845947697,1.2072375749778206,-0.7783029330722343,0.6082286396303446,-0.16700407987634336,-0.30484277507811913,3,40610
GSM7890835,CATACAGGTGGATGAC-1,-2.181094156790966,-2.3815807055880827,-5.445405983282354,2.1853789187736927,5.263988735495386,-1.7276865132395833,0.861238695344474,2.5693772715714114,2.381035407193816,0.03869706167065838,-0.7371949288419972,-1.6553674377145289,-2.6239244009070033,1.2896956203670527,-1.0763396041998499,3.6411542950197116,-0.41182040537144393,2.0262044848674727,-0.8875802472539119,-0.9011219713191245,3,25298
GSM7890835,CATACCCCACCAGTAT-1,-13.208550343484811,-6.172282368150759,9.82053036848253,-0.5706560533122239,4.451976083923692,-0.8795379493949226,-3.0075871684722872,-4.420152697680706,-0.538891718143016,-4.464140739919198,-2.741306474276273,0.10173578833112003,-1.940489201663243,-0.14008591879038243,1.1349189517508493,-1.8543776999462098,5.4954363094897305,-1.5172499852489407,-2.215150286545083,1.156882270534894,0,2691
GSM7890835,CATACCCTCTTAATCC-1,1.4191450971551374,7.135990256138899,1.1163791028694952,3.7748675608645224,2.145047009519585,2.6959178571625695,-4.410899939005011,0.5763996512576359,-1.0858097767736161,-0.7737361373396122,0.4457330892261101,-1.1877016109783916,-2.2752642264065748,-3.143150787947892,0.005526259445537728,-0.8137939280371709,0.28029437973377713,0.7932160755110268,1.1914921322405112,-0.2521318529845815,1,16474
GSM7890835,CATACTTAGTGCAGCA-1,7.591398978246406,8.837335839299609,5.921329097204242,-2.5867967627552795,3.2417873066578795,0.7977239343024606,2.939742853532944,-0.30037247879400975,0.4366797517719482,1.2476374103785473,1.6761144728610424,-0.19543400873015548,2.1007142607700806,-0.03840662682528872,-0.2876102012720028,2.0081131745953784,-2.505227086952199,3.3976425020570833,1.242416062331223,-0.14723682101125668,2,18253
GSM7890835,CATACTTCACAGTGAG-1,11.828891511462402,-5.972768096076934,0.464511402439416,2.3602319661821247,-0.20550554039210614,-0.5956945774311706,-4.288065721232029,1.2275800701744664,-2.8823918184614117,5.914820843211104,-1.110840214158992,-1.0406266215676483,-1.5266089327479626,-0.7872456386481975,0.6738337235679566,-1.7434508806957951,0.09029794969096214,0.8459005532324269,0.9405716454252724,-1.844520888568717,2,19983
GSM7890835,CATACTTGTCGAATTC-1,0.6577901285273037,1.3625251345371934,-1.6325872521757587,4.317589691087743,-1.71694080428861,-3.5707000257597765,-0.9959689593317016,0.9622066722347916,-2.3158711874774456,-0.6246844359385405,1.5321195902585927,0.5934871109834693,2.23491404218508,3.825486409751827,-0.3075446935034774,-0.5878199395307839,0.08691409463715392,-0.24218037584729865,1.5922038071776488,0.5610149736102772,2,18339
GSM7890835,CATAGACTCTGGTCAA-1,-6.951121589359668,0.9456504683481657,-4.60641903651435,-0.3148491316156607,-0.5506581835265436,-4.294496988330388,1.3846413155755435,-1.5873088048749424,2.4456114582215593,0.4378423771426518,1.3143014421586545,2.4616626067175233,-2.1950259487767174,0.22591703438891983,2.2421118868876877,-1.167271614892837,-0.9407592343448902,-0.15399002438904077,1.7119633728569899,-0.3320656040330118,3,26351
GSM7890835,CATCAAGGTAATCAGA-1,-11.727355183722477,-1.4487102970990018,-1.0421769129941914,-4.16662744983799,-2.60260552951268,-3.9652560706546836,1.173957308034743,4.270432662641525,2.576759626789613,3.034169065859515,-3.9642251147174394,-0.3825826338321002,3.5681036436215368,-0.7700608937424724,-0.3260742076199074,0.285971205080254,-1.259762657248159,-2.631235900213026,1.7018423095918978,-0.6301750797280962,2,21539
GSM7890835,CATCAAGGTTACCCTC-1,-4.557637073325732,0.8610350712594266,-9.029590736165645,1.2617112239755086,-0.2995778800058684,0.5494010649966116,-2.5074010756200322,-1.0246316925670174,1.7644420658163096,0.10773796840671726,0.5245497275860893,0.19130704865393344,1.1639228824620256,2.2438420538251225,-0.3414626127117915,-0.5145903285567393,-1.8391037061155113,0.1130565174780099,0.049058190686305306,0.4979927655297006,3,32680
GSM7890835,CATCCGTAGTTTCGAC-1,7.739009379134294,8.077411896732757,6.215507199574847,-1.5752990209806519,6.979205818445029,-0.5006691789492835,0.04816635084715884,0.45192033912795915,-0.5273490802934933,1.2043248785799656,-0.379038101967414,2.755787178031188,-2.755121480265642,0.721695012609711,-3.1613099300647955,-0.5435998869515337,1.0022277918186018,-1.4238221198894527,0.03473580201942136,-0.14721547819115194,1,15894
GSM7890835,CATCGCTCACGGAAGT-1,10.815497164336463,-7.082797089976181,6.424290585202807,-0.895644081543744,-0.9946725711818079,-5.655511970580844,1.4514700524102038,0.8160144876789941,0.8104778482316646,-2.5772138408420235,-0.6427320494433469,1.4824313036263035,0.2256504245530271,1.9696856457324958,-0.2581137186459335,2.083433568693306,1.307114909728812,1.0565247449683441,-0.16418522726813722,1.9142167404045798,2,17668
GSM7890835,CATCGGGCAGGCTACC-1,8.554252809548505,-7.215280311069092,-6.709782319887148,-1.8661125007634516,2.623167611287,0.7410444508650801,-0.450116747064433,-0.5490838423991113,1.9168863869781443,-4.00510776588549,1.3714425677518673,-0.20747476853010635,-2.6171892220431086,0.17538573277711192,0.6315857060720793,0.08390520598654047,3.365741909314444,-0.16885434235639935,-1.0737761237854997,0.731863220596701,2,24991
GSM7890835,CATGAGTGTCGGAAAC-1,-8.664978988143305,-1.0866435853362604,-3.319750177033393,-1.912013869386857,1.4504593615359185,-2.5559643408231043,2.8803430915688746,4.9891344601313286,3.9467141490662274,0.3573335478817418,-2.7730952119215875,0.021982667163846937,1.2533733763384776,-0.32861668299279284,-0.24768550262828165,0.04952602143590974,-1.8922890657579732,-0.40398420916025024,2.2528625835238962,0.5609116166815182,3,38431
GSM7890835,CATGAGTTCTACCAGA-1,-11.25705874964759,-0.4764584339200041,9.880767647582022,1.7992669104675492,8.195899091239792,-1.8187576430156727,-5.423302795608131,-6.207145483609292,1.0677609377397368,-2.9221277150470217,-7.333223562993526,0.04385020464250987,-2.0471197613243097,2.609701992428389,3.2862839411208626,2.465475813399257,-1.3765329628467864,-1.6748386843105838,0.714935923711594,-2.6947049311928173,0,7655
GSM7890835,CATGCAAAGTCAACAA-1,5.285672376182092,9.777248489890667,1.5111365464142168,-2.444503718611906,-0.15246973523199447,-0.38680003242142,-2.2679181950865237,-1.7120058506523212,-0.0503273424898573,0.1489647643572143,1.860112525329717,-0.33437379001217454,-0.39364134911927073,-1.2354926290129222,0.8520977325556119,0.17674404637289087,0.1862415692369193,1.0064478941763468,-0.25986229890207857,-2.1760837067523284,1,15665
GSM7890835,CATGCGGAGCACTGGA-1,12.27725291213881,0.8976313247892806,3.303840024099124,1.100145103267803,-3.386507683623433,-1.024055920094832,1.1599705216972562,2.630770341970741,2.286145988932877,-3.316242069450716,2.090814930499796,-1.8886801681585723,0.838282288893356,0.20908005880681516,1.001623197687457,-1.246753510170553,1.0640060704974237,-2.5876044393879463,-0.06867286543049109,-1.6388249250587057,2,21616
GSM7890835,CATGCGGGTGTATTCG-1,-7.886578127992493,-0.1728383825488576,-1.5979340155962949,1.5353481460696339,-0.5052637092825553,-4.455677901800507,-1.4181659138569405,0.8827272843499944,-1.1584406626846595,-1.9911016337723393,-0.7876154207658695,0.8728602485167747,2.329071434369586,1.098043649366444,0.21586884774281714,-0.9343756135941012,1.392030517401139,-2.5487544372075734,0.028461770215363006,0.019847647116276887,2,24379
GSM7890835,CATGCGGTCGATACAC-1,-1.8976319645566033,0.8058005260859233,-6.558700302158758,4.935007797843771,1.5370226776022802,-0.7564023112542465,1.3711711931453296,1.0641275458026453,-1.265879484774335,0.7921097125127626,0.337160272974576,-1.2900755070094125,-1.5896905366783658,3.1096951449826062,-0.43833271652716826,1.5441444554562456,0.47538448945781486,0.5769992466826973,0.454696576747038,0.27414474944699063,3,33849
GSM7890835,CATGCTCAGCTACAAA-1,-1.5551832402569714,4.03946874620819,7.5879681685332026,5.415140297897749,4.614322499145,-1.0488157613096887,0.6750545353311082,-3.325890710496698,-4.0059187808407675,-2.0153741313313813,0.7475172395072707,0.38768026462124927,-0.5859453902972761,-4.7574614254078575,-1.4547238626336856,-2.781553109162825,-0.3505226810704139,1.6305711587386569,-0.9730010183573745,-0.47270512850415497,0,9440
GSM7890835,CATGCTCCATACAGGG-1,-5.984782090582199,-0.04248606608759283,1.7810734000684951,6.230505207873702,-1.6160532286042764,1.7906977803433781,-0.7648020394814949,-0.3652525485540058,-4.220478670553953,-0.5348440872469681,0.27028865856225354,0.046270734229305534,0.3868658387030967,-0.052802192722200214,-0.3861307542606296,0.9286139655192047,1.9736346737801582,-2.4539217057116645,0.48018138449257564,-0.6726587227768336,1,16590
GSM7890835,CATGGATGTCCACAGC-1,6.487980664121572,9.30492285079485,3.1112284057353627,-2.463598697078956,-0.3750242263652648,-0.5387976903565549,-0.6496883242460795,-0.5034677830777741,1.7812413373277662,-2.193441585245662,1.4152133551109274,-1.4796379894805218,3.061118315266744,1.7729191508505378,-1.9701596241094095,-0.06984878193623366,-1.7458991172710243,0.058652254143042384,2.2077673940562508,-3.625003511152095,1,15624
GSM7890835,CATGGATTCGATAACC-1,-9.771997200154997,-0.20821298629780274,-1.2272436506643774,3.089887474531464,-0.3993622125355123,1.952493571958184,3.4308179748451524,-1.0318276403427773,2.6418811405511735,0.9533180308302115,-1.7017833184313473,4.603806564076084,0.9800626040841991,-2.912812829911579,-0.15023226640503232,1.2527325076649836,-1.4362547398593035,-1.5612982517808827,-0.5166193793979403,-2.170346966789802,2,19798
GSM7890835,CATTCTACAACAGCCC-1,-3.7868595038148007,7.937994818947978,-3.24566530874061,2.1947380585360934,-3.506900115347683,4.798606249246753,-4.613232363124388,-0.4531173156374077,0.3713174097911541,0.09583735215818766,-1.4495080625680279,1.781576776483447,0.7842528912574122,0.6594262122975255,0.6027481640274737,0.6593550673688341,-1.1650470293609783,0.25151916162468835,-1.47800004117919,0.8048796076976547,3,41128
GSM7890835,CATTCTAGTGCAGGAT-1,-6.5513362571692735,6.81461496790674,1.1260533712845542,-0.05578209792560108,-4.154621492382989,2.6554759190703803,-6.46249255195873,-0.06697097285572148,2.3416775684520013,-0.0017976576767423915,-2.7818045320411664,2.9970467273338004,0.2592064785447921,1.3545757181086873,-0.9047573408499872,-2.1298983632945676,-1.841728315855803,-0.8403959748615738,-2.235663198135944,0.8887354003826894,1,13585
GSM7890835,CATTGTTAGTATGAAC-1,5.087389889966739,8.76408664847737,1.667188387217101,1.1854167370351,-1.3804167561896918,1.9542057665048036,-1.2733022323239447,1.9300552172504781,-2.921106086854064,1.7204892620327272,0.2546195169176126,-0.8350204022555647,2.2190094388281287,-1.3351510762797205,1.4882834546512778,1.973299285225282,0.8445401750907748,0.31811895192265904,1.706668524647922,0.9104069105969017,2,23889
GSM7890835,CATTGTTGTCAACATC-1,-2.416363157327866,4.96931925639647,3.6347054547858124,-2.3024028185510086,-4.547636959871295,-4.265503200678878,-9.130031632580835,-2.045438372200422,-0.03283740598640915,-0.559985933532912,-0.20132730728864154,-3.848324201542679,2.052625949456989,-0.16491220025215256,1.5887375546822213,2.3782689916415083,-1.5218934312485142,1.817649271282308,-4.951185548517937,2.204344837806721,0,4272
GSM7890835,CCAATGAGTTGCACGC-1,-6.459739725621344,-1.7032378284848386,2.82494594812551,3.7091125578276927,8.021295950519212,-4.561158078501096,-1.3325255057472538,-1.6491516705097835,-4.369558871482222,-0.7268079514156922,-2.7976933093582814,-1.9889342781875632,1.7540330687211059,1.3129509291789887,2.7214586499446285,-0.3901406758604755,1.3359490751189607,1.0532467874224296,0.37744538693345997,-0.09582803447623685,0,8947
GSM7890835,CCAATTTTCCATCAGA-1,5.597071217848156,9.114117589112611,2.203255105023456,-1.3203577063340382,1.1018175135202413,3.5001994603583833,1.4956930788092362,-0.26953442534563954,-3.4735541906042204,-2.7606864895106815,-2.658047687423368,-3.6174116270733427,-1.0919308406441246,-3.1563349318579337,-0.4206604666314302,0.8901525637723472,-1.2554344064080005,0.7656469043604428,1.8496426125257033,-1.1450230153238246,1,16099
GSM7890835,CCACAAAAGTCAGCCC-1,-15.269497857745087,0.08102914834246384,2.9635814085516357,-1.9622745199647287,-2.2298157213760637,-1.5224912285614878,1.111551397509999,3.3548058595490766,2.6201833069160503,3.7880100912340087,-1.8430239453515316,-4.930388593297978,0.43764741779993843,-0.1429258983896187,-2.0184917664720414,0.5260686113157744,-0.03463406290854863,-0.2584100957551358,1.2897076681203103,2.30146480582683,2,18077
GSM7890835,CCACACTAGCCTCGTG-1,13.857082794064274,-6.1286360066748395,1.370728931891129,-0.6470640758518061,-5.141614540563649,-4.2778819373331745,2.0411719877930965,3.9042587371753252,1.9866853125798127,-3.026387842970699,-0.2333196230563908,-2.1446489592791282,-1.2970920076006653,0.2954969762879332,-3.1954401774512484,1.0847853129289582,1.3086271458668222,0.8048140204078867,-0.8433561062632333,1.030785422446985,1,13861
GSM7890835,CCACGAGAGGTCGTCC-1,4.2136494239676345,-1.8926467874348343,-10.191637868041592,-2.967313290393864,5.394914933547951,-0.6597429443870516,0.8505259154644418,-2.3854499357594605,0.4068762078094167,-0.02178175773904585,1.1838965370390466,0.29337982482411096,0.6306905635295834,0.6714658581513187,0.15236272169065238,1.379352061520502,2.544779638134547,1.1654264076775138,-0.6822370617533694,0.14375563591840843,3,25712
GSM7890835,CCACGTTCACTGCATA-1,2.4967535600375057,9.39090967030146,-2.847240238078839,-1.8501347200400542,-0.33307437797252926,3.601112681731956,-1.3146685364262491,0.10274709750090993,-0.5802045484736958,-1.299846648018343,0.8993099402971262,-0.47380866278293293,0.44910715914135935,-2.110883170644981,-0.3290875161872527,0.8925885255156142,-0.12012343309785783,1.6762296463142088,1.2672704703758404,-0.7868213910119264,1,12785
GSM7890835,CCATCACAGACATCCT-1,10.217132275286255,-5.396764265330635,0.48860246458462203,0.9121845682829147,-4.3857791895197815,-5.195718931100162,-2.8173107666346064,0.49761704531676565,-1.3670025391294558,-0.19721666283678427,0.6934854234615814,-1.687134589079121,3.0274215919341705,0.551295774865703,1.0583643930557778,-0.47839412537434245,0.39676139101350877,0.6524805130486752,1.6931759011985397,-2.266419544262224,1,11903
GSM7890835,CCCAACTAGACTTCGT-1,-1.5062285816102765,8.448637902799987,1.0314476797835943,3.1941949699925583,0.37559652689973266,-0.7501799161679303,-2.8485097729305173,2.980930429535823,2.0229871693491392,1.467528997403178,0.37311799579403004,2.2890913444319114,1.4721569684795377,-2.4167354106455106,-3.023453168378191,1.996801370758003,-0.5034002837084086,1.457269100661039,-0.38983958636863725,-2.0344369951644468,1,16002
GSM7890835,CCCATTGAGGTCCGAA-1,4.9046149933631895,-5.064297622423293,-5.568134774666598,4.971370752024742,0.436823171401633,2.2773084122526117,0.30371269257701905,-1.869716126681874,-2.97644541755039,1.2298285116698717,1.5914995310436288,-0.5954508945724509,0.7258773335162122,1.6571285784181178,0.34669100102278566,1.7547659406012561,0.6509398438894485,-0.5928181307834953,1.071724938364256,-0.39971601438168375,3,35297
GSM7890835,CCCGGAATCGACTCCT-1,-11.909808374042818,-2.3285982264538294,-0.29348999670006093,-1.5036266899621087,1.2834614877078458,-3.011633361020352,0.24720080388815355,0.9007462550271235,1.6658069511431275,-1.2602632758920116,-4.149993850477758,0.13348086965101394,2.493086495158137,0.9760447957391089,-0.5908373080470801,-2.197898709955574,-1.1056327297365103,-1.1046871195814745,0.7014419386318886,0.11642143390447585,0,10837
GSM7890835,CCCTAACGTCTGCCTT-1,11.776848580148025,6.261073285862314,5.497309405027071,-3.5205245924940125,1.9887651210914998,1.4663116356950505,2.8771344277133752,0.6585286362281034,1.2945751142063286,0.2614140460577084,0.4575989933876353,0.4865749291259649,2.2092304469338444,2.1065375880351866,-0.08526737420166865,0.09670913657068445,-1.2516667062053126,1.2825564572429284,0.49407924965141503,1.410566886559841,2,22560
GSM7890835,CCCTAACGTTCACCGG-1,3.6143059278056926,-1.7679651542037573,-7.888194150064887,1.1480020445528505,2.127386830608792,1.5875600891267827,-1.5939858566756113,-1.4483393771487065,-2.5106065120059116,0.6275340414613723,1.4203977584981071,-0.6660822937687647,1.2590266538789623,1.117776008610338,0.8141838659205582,-1.406736922694779,-1.2493742283792826,1.627667705019994,-0.050605152154002166,0.013108922073617203,3,32076
GSM7890835,CCCTGATAGTTATGGA-1,0.13955436703178553,6.676844102906285,0.3720094223955175,-0.38741640810336303,0.44066721105860085,-3.1888345928251285,-3.105177718596542,-0.5920041160553782,0.7314913187437705,-2.21925780663233,-2.263296711071965,-1.5044096223939383,0.2885340965651021,-2.0398420736233445,-2.3967693092907894,1.8480258323746805,3.0560852297585868,-3.3495719934937975,-1.701390709491378,-2.016526141720785,0,7047
GSM7890835,CCCTTAGCAGCACCCA-1,4.030698702176833,9.113519529715662,1.7807571045861745,-1.6086417531748431,-1.6448843863020548,0.6239798906401052,-4.450606611231684,-0.6237229901046546,-2.3753610473610443,-0.1405350494157988,0.8496395585272675,0.1716071454691559,-0.02078225772567285,-0.8608780664229272,-2.394669064309436,1.1363280934884665,1.1871476529594929,0.8769422192993283,1.4019183988459596,-1.5421035254795812,0,9047
GSM7890835,CCCTTAGGTCTACGAT-1,-7.130182460208458,-5.026837832012747,-0.05110026113059145,-10.548921490546885,-1.1620619126879266,-2.437834829199139,-2.0736898240966406,-0.5033689774954249,-4.5818105644940195,-3.101008837809622,1.2381555082121691,1.1969210376730657,-2.7398991715827012,1.327274703082144,0.8847253854826531,1.0080920859964007,-1.5497889393087563,-0.6168884611444977,-1.5191219415150572,0.29737867917250316,0,7363
GSM7890835,CCGAACGCAAAGCACG-1,-12.633689343519674,-3.3270461582992628,6.310001281065898,-3.8690495146577994,-0.11689284573681463,-2.393331125610091,-0.4620806850221668,-4.691216080689185,1.1642083536708194,1.957373666126418,3.4299658063977083,-1.2822826421872096,-0.04457040697598077,-2.5644182212262363,-1.9310914829704657,-0.9395782001126042,3.007051845552631,0.2982515349433414,-3.22652775060831,-2.0892738876572103,0,7898
GSM7890835,CCGATGGAGAAGCCTG-1,0.25681037468496265,-0.8043742289084257,-1.9420569305374131,2.1878858970997457,3.5985445776562326,-5.251417111156507,1.6824823622133984,-1.2175718769016033,-5.051161874684422,2.644318512419752,2.468611446086049,0.16450680982776567,-0.2946717159377381,-0.48991466246813714,-3.963108066881241,3.452285673164889,-0.16024172513292578,2.877510591021792,-3.0805471579172887,-1.6200250874092796,0,9156
GSM7890835,CCGATGGTCTACCACC-1,15.566738840934903,-9.053906890594455,0.4369669678208264,0.8580140056130366,-2.5233219841335726,2.293649023503587,-0.8557884027248545,0.7236149382484439,3.8545851918180207,-0.7679082922761551,-0.26280614055906915,1.2778868069442897,-0.5902207378407665,0.5161974739315104,-3.253947145239405,-0.12770415170535968,-0.02142899141692847,-0.9957020038872951,-0.3347827980607752,0.18172657960752223,2,19288
GSM7890835,CCGCAAGAGACCGCCT-1,-13.117162986218304,-4.992438674707596,-0.5449923440611585,-6.649745659297822,-0.7506373278631386,3.223469269257228,-0.2786874599070726,1.1487178238921878,-1.9702927381389885,-0.7742840437164985,-1.4238393953226418,-0.2720797889763972,1.3128669440820153,0.9760920686172462,0.25099572471819426,-0.038449398434489454,-0.32434296792010575,1.085385214964077,-1.7775830675297277,0.05445983877296871,0,7800
GSM7890835,CCGCAAGTCCACGAAT-1,3.992500256310353,4.253995494683488,1.4566074068069481,-2.264279693052485,-3.9863992992267705,0.6569920406985168,-1.744844379307646,-1.2399456709782701,0.8821188336253694,-3.136882359750192,1.6457220181557375,-4.421530848523702,4.051554580060031,1.6554834287360916,0.3045167320476572,-3.62879818623456,-1.3871677004895435,2.432281888084715,-2.8184266789010324,-2.2726584800643432,0,9777
GSM7890835,CCGGACAAGCCTCATA-1,4.9836743339975875,-0.6312638287494722,-6.557559501928856,1.9871557095003325,1.910838350037887,-4.193193590043408,-0.5883466605603138,3.1168968802443064,-1.2843185113601825,1.3727251366218767,0.38438903989367995,-3.839812095235518,-0.9651234568516147,-0.017650359704990026,-1.0695355660422123,1.0179854195538853,2.6887334887185337,0.7418085890982881,-1.247427594269935,-1.1835465649987087,3,28035
GSM7890835,CCGGACAGTCAGATTC-1,-14.271626190692979,-2.855016823805683,4.1465031355397794,-1.7775044732488428,-0.9205922282932112,0.9887400323767287,1.7013456888818315,-1.3589186495602683,1.340331780016147,2.9310317799347487,-0.7685508025414806,-3.037173115632682,-0.15774850203694357,0.09431678357476574,-1.6735580128902516,0.210485362494679,3.1165418482531875,-0.9549869779869902,2.532377686860323,0.6938806140319544,1,17138
GSM7890835,CCGGGTATCGCTAATG-1,9.264795031951653,9.008944084413931,1.3171931909273737,-1.9720925623432617,2.874916528066705,1.145988189471228,6.111596106704873,2.185107459897682,-2.0639529591894004,0.3393582159057851,-1.7612968550682775,-0.4840423628544011,-0.2310052433870864,-2.7368129294569985,-0.07636811965967895,0.2749287818235511,1.1532456230258248,-0.8195598522312885,0.1397766472793211,0.5199669592992268,1,16012
GSM7890835,CCGGTAGAGAGACAAG-1,8.494789017136217,-2.2365912045334184,-6.662132375683574,-2.038187179309637,0.9865572454684783,-1.105521676283919,0.09639054062114367,-0.8543925476954074,-1.3149089031594496,2.967631477490732,-0.32494300813424537,-2.878566286524403,-0.2988049187996429,0.17243378706833823,1.067122608746854,-1.239983388529758,0.9643950866054435,0.04611050218022392,-1.645222639741757,-1.511436949182886,2,20126
GSM7890835,CCGGTAGGTCCAAAGG-1,-6.118884189043227,5.321866648294842,-6.943323849974425,-3.0047866779928385,-5.474443021123688,-0.18844318962342507,1.8601246598540315,-3.075554282835484,1.9707876416875345,-0.1419064660678575,-0.18417914632147298,-5.524199575396376,-4.945636495672753,-0.7035045173814886,3.553680660070613,-1.158075756464077,1.1117153708698062,1.723393294025233,2.330515776195131,-0.4437360791083508,2,23672
GSM7890835,CCGTAGGTCACAAGGG-1,3.00166777495128,8.619400112612402,-2.5314171380396204,-2.694446692120366,-0.05628311499904712,-3.1491150196006203,-0.1898396474488931,0.46772361290807984,-1.6768026156124887,-2.0944461936064664,-0.12121954248499224,-0.27388680164140783,-2.4485478950188377,-1.1641378082332194,-2.0880760560167926,1.0546074149887514,3.523476625925305,-1.702306229421539,2.603679687698023,-0.5623937811717936,1,12881
GSM7890835,CCTAACCAGCGTTAGG-1,-9.316089708234975,-4.660337366812473,2.32924185238016,4.305264221346966,7.225488494602461,3.3050992776992145,-2.9106706723126474,4.468334454598891,-1.2043687615475978,-3.024441239261097,-2.2850444329841277,-1.529882733262745,-0.09119674254002738,0.8164731183519908,2.3699228965200234,1.2061914080733633,-1.7658910598346214,0.5642599333250393,0.020002181391990496,0.7885378720537959,1,11713
GSM7890835,CCTAACCCATGGCCCA-1,5.52100849575014,-6.026556548941645,-2.468465472958623,2.724802551342912,4.6911544909939105,2.051708158078714,-0.17244295984595986,2.4525969716246183,4.404872389290635,-3.2522741288279464,0.3061861269690803,1.7222858228728608,-4.134925418947021,-1.2691518157531212,0.5553328429293815,1.5188801635290292,1.5566941296904764,0.7520868111289976,-1.2983314495676745,1.2910464464199825,3,34661
GSM7890835,CCTAAGACAGCTCTGG-1,7.483506288083589,8.518179801921283,1.271256710907937,0.14797581863440926,1.7160798331298657,4.645453933890379,-0.6227006041905212,1.7940939731082248,0.4646220426422624,1.355068915744316,1.901652055487244,-2.3074996581060216,2.285703500777698,1.787369691215942,-0.5591766096211923,1.1946034308029034,-2.2503033053861694,-0.09725871992005064,-0.6379587533185113,-0.4965981222916663,2,22143
GSM7890835,CCTAAGAGTTGAGAGC-1,-2.6138990194744682,-0.6794025037711267,-8.42875524148512,2.6835019414054426,-1.046347569691762,-0.14817322142148348,-0.46509596116788054,-1.5016658677985433,2.462832896273545,-2.718337991794471,1.0758537364785352,-1.1308877500198893,0.3273510427294706,4.856222698734161,-1.9383383800434022,0.14175188119480456,-0.28257376272546175,-0.11281182410291654,0.5682716301482138,-0.5236008060634496,3,36503
GSM7890835,CCTACGTTCCCGTGTT-1,-12.203575942723976,-5.036555452469987,2.6975849047476492,-6.014587506959931,-1.7978964669885504,4.89778127291215,-0.1650061463567838,4.122354194558329,-3.7025506687460843,0.7202999187734793,1.572081423908244,0.08458499560116962,-2.3199729898260664,-1.3705177631114647,-0.7142309258210188,2.749694907670712,-3.2814534430188864,-0.7154232135374431,-0.9813580210970148,0.04911579502611056,0,8906
GSM7890835,CCTATCGAGGGTATAT-1,10.052256748677966,-4.244821342830382,-7.944744556684799,-1.4058312049712238,2.706708239763523,1.3928686066854075,-0.6627751513827178,-2.659628255632688,-1.6239820323736405,0.9860104367158622,-0.5647614484265319,-1.568865365020905,2.1917713661441725,-2.8009925047596083,-2.539776362044019,0.10322985462539018,0.5668547694387223,-2.953409860148422,0.035956798118738365,1.1705612246620165,3,28070
GSM7890835,CCTATCGCAGACCAGA-1,-2.527411250713983,7.14057558871994,-1.533016299952608,-1.2955589042446347,-3.2892866531044427,0.03728104451171031,-1.919966676212333,-1.7482277812721818,-0.7028153160566817,-1.7414554211398443,-0.6075518912037174,2.61306591837684,-2.4126538477624524,-0.17590973203771063,0.45776953439069445,-2.946725230202274,1.8278279356014493,-0.030382460584391934,-0.22882744058412852,0.6788049322318126,1,12419
GSM7890835,CCTATCGTCCTGATAG-1,3.2626770736116284,7.698319075871238,1.569315939702322,-3.3965303843228276,1.5170418322549777,2.1442682448834964,-1.293879158137002,-2.95067000395621,-3.597333377872177,-1.262880681861946,-2.2789176850662005,1.5817219558135647,-0.2494886383865023,0.9648419442208259,-0.19511393949487235,-2.023753701722041,1.253892564664941,-0.9682690782852909,0.18716964084207413,-0.065610455821775,1,12627
GSM7890835,CCTCAACTCCGAGGCT-1,14.647305688240998,-10.871975475393146,8.663961931121653,-0.07292946952672885,-6.832482763084224,-3.8608921918476784,0.6729297976303547,-0.21184954290334312,-0.5077388556273338,-2.243073479600272,-2.07189753431041,1.8098855224482406,-0.15514792367158234,-1.0589112096740543,-2.2038011897192002,1.6512639357512249,-1.0614634091928044,3.5322382128329886,3.2540498915668,-0.09821719325432823,0,9107
GSM7890835,CCTCACACAGTTCACA-1,11.044312829036523,6.122380416069336,7.392840804973733,1.1226396489966703,3.0511831105680827,3.6898296277668625,0.9155867140296882,2.3880869318400606,1.8259740905435278,0.5895844078728528,2.2813656232945445,-1.2505825406419309,-2.3254145383030145,-1.7057171875941737,2.283277974683509,-0.4128143459284224,-1.4807308730866378,-0.5289335934782459,-0.11698273597622895,-0.34100775745706263,1,16095
GSM7890835,CCTCACACATCGTTCC-1,-0.4907271443199285,9.745872753601907,-2.8889769144013946,-0.05572365635721654,-2.7450121522067574,1.324610974416096,-2.4251007443055315,-1.3868121951464254,1.512811941482256,-0.024305678921458792,0.48930285559768055,1.3961167891152724,-3.2309481342775412,-0.20943281242281742,-0.4199720105373003,-2.1774196821344973,0.5387532403041265,0.8830883652255594,-0.9063738819673961,0.9755852072427627,2,19359
GSM7890835,CCTCACAGTCACAGTT-1,2.658373779713917,5.732391949898158,4.9465648928258545,0.503855088962287,4.081265556190176,1.71518283460929,0.05829701893889239,-1.5559104546031295,-4.255574718134106,-0.24912419643383613,-0.8801366315634606,2.523294078455753,-1.1411165714735965,-0.9505995072304793,2.4717811808065075,-2.4993365669906193,-0.27249128825973373,-0.6162626011339722,0.28029633166098694,-0.33689621130315756,1,13606
GSM7890835,CCTCAGTAGTTCTCTT-1,-10.385885091036517,0.38800033632558706,0.8838814851300104,5.6752355264948005,-0.45802866137733733,0.31484149963851665,2.2127145906363506,0.5999900296334272,0.25380042952144555,-2.3513873334389275,1.5030952715259593,-1.371558172487304,1.1212082661428109,1.2994165822979507,-1.439553004969211,-1.1279936352870124,-1.8220137914041694,0.651912514631749,0.7477210048663833,-0.7684437169617021,3,27909
GSM7890835,CCTCTAGAGATAGTCA-1,-0.3995823724199487,8.928350374103164,0.8890048740460043,0.5467022911464918,-3.342818311448215,4.671729243113952,-5.221794789646187,-0.6320823295367739,0.09381158890197544,1.4323751875233734,1.0554835463389365,3.5715450381433516,-0.2617348686276013,1.9286162033384113,-0.7838287642271399,0.6968002884635244,0.45912164761971413,0.13590568164044495,-1.2538042280672606,0.6599998007652436,2,20714
GSM7890835,CCTGCATGTGGACTAG-1,-3.5781550382689167,7.861053579049597,1.98223294301305,-1.4541044414108488,-1.5923177459620015,-2.1309235276081067,-6.532019847387603,-0.003143467732417913,-1.2640093372404984,0.19148945679065185,-1.0306476289353659,2.7200080517921057,-0.4716337743157708,2.124521441391864,-1.1848924765804303,-0.7724645599146632,-2.0565964345820262,-1.8935705212906768,-1.789809914615957,-0.4788163289296254,0,6255
GSM7890835,CCTTCAGGTAGACACG-1,-12.43541112513591,-2.350392798639909,7.47601957697581,-0.7687737345303519,-0.6434851625096976,1.48769714259338,0.17251469993732482,-3.0759857825452603,2.4089613830790637,6.290916727547407,-1.9394468258587088,-5.94049315781721,-2.588532142536908,0.9699030010150157,0.8904354635738959,1.8536435017584245,-2.0290808672333838,-3.7338914546811512,-0.07335784251523357,-1.8446913234080256,0,6891
GSM7890835,CCTTCAGGTTGTTGCA-1,1.3007523475515503,8.347882314564163,1.3056283645436815,-1.4000072991653072,1.023422016321167,1.1431033269816797,-2.851819349968104,-0.9120767134678615,-0.7598771804593567,0.5630473384149232,0.5431786580608069,3.767466727826797,-0.3708562418091016,0.3315392690287719,-1.305239347571847,-0.13866560366630834,0.6962474502062223,0.0758157201337481,1.4547318673015133,-0.795760355764894,3,26889
GSM7890835,CCTTGTGGTCGACTTA-1,-5.900077040262303,4.498515681377805,-7.768635832393947,-2.385356197475475,-4.910402437307712,1.0839864026356865,2.2225133120022655,-4.291424982032317,2.0868354263556688,-1.0592840900829499,-1.756142786504246,-3.8264609712262994,-4.538536701796068,-0.881548271175901,3.219003353164514,-0.9114379238040526,0.3503413917032994,2.1915676451977064,1.3846965717897033,-0.93217561572681,3,28072
GSM7890835,CCTTTGGTCAAGCGTT-1,2.7981303068881074,-0.31659512646640475,1.4961978524181614,8.531813956134858,-1.8615146123968658,-1.4553349975579002,-3.0363135151189593,3.9294210421203153,-3.0973383194042117,-2.602987001419925,3.9220171987839603,-2.399628079506867,1.505806609492025,0.15142776273900682,0.781745108663485,-2.8834693221401597,0.6540338367225026,0.40408062599420286,1.3764205942590897,-0.9452703397852663,3,40222
GSM7890835,CGAAGGAGTGGGACAT-1,-12.001292156956536,-1.949791513550911,1.4149038625397874,0.19199164814177738,-4.9904919524094185,4.856121864709017,3.6560208264858884,-0.7314220976727664,0.282249882400541,1.9557695346107389,0.2540856555589542,0.3361846350960548,1.1324226148502916,-0.5676434258345457,-0.07247039309201482,1.5008719626582308,0.7138816232997812,-0.046454272469923216,-1.4571882450372986,-1.9560406848523448,0,10420
GSM7890835,CGAATTGAGCGTATAA-1,-9.768735678200459,1.5198314784784652,0.004275479599970332,-8.008986077102596,-4.976287657815298,0.8494381878921065,-5.873070783423739,1.528115805003304,1.9931744176898882,2.394979963494479,-2.523782880096419,-7.019433180719914,0.5038266768094161,1.1657732929600058,-2.8867125179905013,-0.4794608195767385,0.05650698173641008,-5.1382696372202465,1.3007935061570375,4.275061408380293,0,4835
GSM7890835,CGACAGCTCCACACCT-1,-3.5617295251299144,8.47155822477888,-4.775792557441841,-1.8383967855653491,-3.905688758280662,-0.8608426242460393,1.8392519878130005,-3.237766489639706,-1.586717245103637,0.019329651162695395,-3.1119603573509718,0.41402588791297773,-0.2864528367555194,-1.285336853429781,-0.5602017443469449,-2.1627216501782756,1.3558166223495696,-0.6017982203454805,0.5457910220563182,1.3596563243844495,2,24108
GSM7890835,CGAGGAAAGCGTGAGT-1,10.954377558584861,-4.385086305553861,-5.821543082112858,-1.686587964518239,1.2186574129850678,-1.381658684324283,0.6329602648466977,-0.4847976899586826,0.39579504572272267,2.4796628838896226,0.9962055461644516,-1.3212848355122393,-1.8647622171035858,1.1512638787522536,-1.43294612514065,0.36542542308601716,2.151989992541074,-1.1230702755499418,-1.886803548173083,-3.7454067269005655,1,16356
GSM7890835,CGAGGCTTCTCGGTCT-1,-13.4565178883647,-4.700125394632154,6.022170484551312,-6.039566251353489,-0.46147145017271207,-0.9224408963899156,0.28561623306630496,-1.7404857311329978,-1.9066618389497367,-0.3608702718178214,1.0540527621536828,-2.1350828974281524,-0.26365308987439207,-1.4701975884370753,-1.5682764091790462,-0.0467387766271041,2.4522567421152983,1.2347388132895847,0.8134383548172069,2.6904819659001697,0,8656
GSM7890835,CGAGTTAAGAACCGCA-1,-14.707325889918808,-4.638704501094228,3.834211128502044,-1.7122581091945916,2.1719333015832243,1.0595650674569836,0.0035863222158720935,-0.8663156982185176,2.0228959182058457,1.937554842162707,1.6661964058730712,-2.0209160935372346,1.4245399179513774,-0.3643533877242013,-0.0691061335277036,-1.062855872445145,2.4168299553934176,0.3071064261839309,0.7717807299871615,1.1512644315786984,1,16099
GSM7890835,CGAGTTACAGTTAGGG-1,-12.888590227493602,-3.007210519777357,0.283698234931643,-3.7015244988474176,-0.36508738160801235,0.8971862524708824,0.8541895090314101,1.885388248704165,1.2458311312367414,1.5081571377104934,2.2450274636704273,-1.2158785418436326,-0.3448197354068549,-0.3385785194631988,1.1603670491466491,-0.3191713345450503,-0.5820019304622732,0.7343911374872313,0.266632106552787,0.06965502553570761,3,39394
GSM7890835,CGATGGCTCACCATCC-1,-6.775173825907851,6.436454861008985,3.2673620294697967,1.8268803809563958,-4.46962701530339,2.3090871414670597,-4.54538216520615,-1.1788186375354677,0.4991720912232214,-0.6149296628679684,-4.3190327191084545,-3.4559541390166535,-0.9950593849732561,-0.006100798327688553,1.6072851026253938,1.1006462999757451,-2.4849100408467555,0.4373496304739272,-2.746699369444713,-0.8190383125041323,0,8067
GSM7890835,CGCATAATCGGATACT-1,-1.7421585884252786,-1.7291227916253338,-6.053838440282892,3.1023645311688464,-1.4018396235827937,0.5530306525467013,0.6749375739687424,-4.054571080987669,0.6134805098859967,-6.44530571235131,3.856071803287872,-0.5262397127777471,0.5752557199636797,-0.1031024513848986,-3.6922576825292923,-0.14365536160292658,-2.7290088291633205,-0.8366717346128776,-0.6036927057849292,-0.3368595642283992,2,21577
GSM7890835,CGCATGGGTAGCGAGT-1,1.1179712521078706,0.7819770225055175,0.7906989469161562,3.564170637651671,-1.7025761806541437,-3.675339053854998,1.3302924954791462,0.48398339645561167,-1.6034683226170738,-5.367332459423303,3.0366440547075535,-1.6264689291431145,-2.0028447614321485,-0.10785571217437491,-2.0377321609001857,-4.141923986482922,0.907879472676759,0.971005322699177,0.27023009850244567,-1.7944702171259779,1,16657
GSM7890835,CGCCAGACACAATGAA-1,-12.935306548947237,-1.5981628109667672,0.5415548623409493,0.8850006244340693,-1.0998018801238925,-1.1605611519042391,2.796513069983039,-2.8414469278683083,1.938847839593343,1.6282292090220187,-0.7471671907237484,1.019706936710938,2.827579420823241,-1.2380256199550594,1.700740115933351,0.8569694281073373,0.7917700650372016,-0.5087034694066866,-1.5005612106392479,-1.1739466738705786,2,19702
GSM7890835,CGCCAGATCTAGCATG-1,5.327341763345211,-4.694655671397627,-6.223835698090055,0.286383337016262,2.537149139985101,-3.864907275630268,-1.6750965263465951,1.0367706059480066,3.114827541694513,-1.5878089917083937,0.711524916696916,-3.8155311879247606,0.21314402192639914,3.420107269489447,-1.0034251322745595,0.8613207448913726,2.1630728279008915,2.3173495598705043,-1.1410405163498165,-0.8315901527015892,1,13567
GSM7890835,CGCGTGATCTAGTACG-1,-15.876870829909222,-2.5066457007914384,2.3796247056124535,1.4877591715372163,0.43256029075466135,3.7680807944734602,2.3137401322592157,-0.6698984460442424,2.893471875484331,-0.20730060166081485,-0.4590819310140565,-0.8293514935026366,1.3638722809288801,-1.826930169964229,-0.3929114242723383,-0.9944820462951769,1.539504981822211,2.292859114821981,-0.43603344074771283,-1.4482713732908368,2,17613
GSM7890835,CGGAACCAGACGACGT-1,7.556683620668667,7.887468746812358,2.358404521178806,-2.104290235750679,0.6640048626731959,2.537550735717019,1.7762657197281335,-0.36772830816624796,-0.35773171532687537,-3.657708432969019,1.606269287158177,-4.217785463338331,-1.0536622850786495,-1.2819530243582788,-0.4845330571985029,-1.8640988238140752,-0.3493620192387515,0.07685556843862998,2.3290279631312303,-3.296637439537447,2,19996
GSM7890835,CGGACACAGCTGTGCC-1,-1.3454799291047557,5.803404952147597,5.398858888017269,2.474546040671717,1.985413166178321,4.195396831344071,-4.85146004672498,-1.6902535369664786,0.30117333909783256,-0.017572488816060033,-1.4594528272218583,3.2694141609834224,1.0236374360099614,4.369394603771355,0.2752783260708103,1.2609453567101323,-2.584933370019105,0.5937792999398536,-1.680837491516682,2.916977963531512,1,13309
GSM7890835,CGGACACCAGCATCTA-1,9.82450256854508,-5.319188740236911,-5.680821215965953,-1.091324714353962,0.829636721849002,2.4163517231133205,-0.9263154485576994,-0.8356325140651398,-0.5257852054835331,4.970609108640338,-0.6694795866218161,0.3023420655143253,-2.8836588091325037,2.589357443964134,0.10420165061674203,-1.479034409644003,0.6020270281078512,-0.5652190954148356,-1.9961921243483014,-1.090755635853859,2,23921
GSM7890835,CGGACACCAGCTTTGA-1,12.694981644165585,-6.482834831810749,6.011727776387876,1.139864509601501,-3.218824646758913,0.22255413627254106,1.0914079039650704,0.20516309427530252,-0.5001324544591104,-0.7765249775841826,-1.5557164060525301,1.7140664816242794,1.1978739693442941,1.6894265063364857,0.9808309571932123,-1.9529511204134686,-0.35103765826478206,-0.8884121339976367,0.7803550170058835,-0.6459408314239234,3,29493
GSM7890835,CGGACACTCCGTTTCG-1,2.6597996174454064,1.8680829998935868,-5.484544195544807,-0.5264254803143448,5.410689264954032,1.859077430327553,0.04160359691632605,-1.7433075957860675,-2.2771907853798607,5.626552160292846,1.832142028693036,1.9401995603051279,2.1036860635462666,1.9232196683059115,-0.1018857155162706,1.4641537840682395,-0.9493488092187983,1.3760802010970627,-1.0757511362887884,0.9559207163737411,3,25586
GSM7890835,CGGCAGTAGAAAGCGA-1,-9.877942245012429,0.3858323330477057,-4.633431428234181,-3.0515449056580124,4.758559480144382,-2.782934264720399,-0.8714997088953296,5.443657136404866,2.761162492127897,-1.2308517182270062,-3.301473404397701,-1.4657329121746465,-2.322569688923695,2.954066194302946,-2.744590214513063,-0.9057737485367077,-2.420334080256211,0.8671500253002511,3.4006606981614715,0.35127848989934973,1,13493
GSM7890835,CGGCAGTCATTGAAAG-1,7.907594210362452,-2.50213789221048,-9.169639054118543,-0.8016701031696883,4.51200801732927,0.5376173922454425,-0.3781872106868387,0.020553342205608328,1.3058287738582346,-1.3288529648824732,0.8562988264410689,-0.8387111232605583,0.8677851766471553,-1.524374600673107,-1.7070362733813886,-0.4517438119922672,0.30178404151859184,-0.6983985200724914,-1.4989954078504344,-0.49319897921622535,3,28375
GSM7890835,CGGGACTCAGACACCC-1,-0.9752806967341147,3.0546186812389866,-2.391256174507262,8.06749634174905,-1.351270380949586,0.21801149205029913,-2.9107309656468447,3.7234798482508222,-1.8159423585441432,-1.1631203997182307,1.292490852705612,0.029798270955226597,1.42800827262933,3.668612081420507,-1.8403966400411613,-1.9119744189514183,-0.04760693842463732,-1.4819480731836394,0.0033374611682676076,1.2409090187182252,2,18458
GSM7890835,CGGGCATGTCTTCGAA-1,-11.623688955068001,-5.758871579642488,0.9882233458159627,-8.40293915096136,0.5976025900849813,-0.7910346572474197,0.07099255693120249,0.758782470003918,-2.6409901490843937,-0.9179124622307663,0.9690118209840263,0.42247591021398656,-0.10711610505329432,0.7863037994384328,1.1203030869445052,1.3154237873059276,-0.8270211096113173,0.16112111963185605,0.3417017752251437,0.09875341964936696,0,11026
GSM7890835,CGGGTCATCGCTGTTC-1,-11.241184510716897,-3.169865461487863,-1.3059476782057973,-3.2377529331708574,-3.3546369587652367,2.827796800403684,4.244470791868338,0.32996310598297973,-0.9942142739544152,0.17697138355270584,0.18560366012505164,-0.98517536264158,-1.6041612627054513,-0.5297672320596319,1.6204982925363154,-0.3992298030281761,0.9483541905705819,0.2873247692666996,0.3888257553512914,0.5450872219910665,1,12890
GSM7890835,CGGGTGTTCCGCGAGT-1,9.190638417762802,8.585865817974728,3.516556655393832,-2.3589356363369314,0.25165636607520747,-0.6820199330924078,-1.2842433187155797,2.6832574029952965,-0.3939133127727721,2.515080123399677,0.15444447976896933,-0.004273668963376696,0.8362194861911971,-3.256667729919319,1.4697099770651751,-0.29148176447099766,0.010615972780144325,-0.8695742654281112,0.1337353540610373,0.5599895991280173,0,9047
GSM7890835,CGGTCAGAGTACAACA-1,-12.110223271849081,-0.49947092381587194,-0.4709809422632452,-1.8462091142437278,-3.0354972140240633,-0.6901542934463542,1.4165277114222425,-1.2276818031756276,2.2660777422798972,1.5414073730315658,-1.14776836400861,1.6982834962613937,2.166734577323188,0.8365498392664386,0.9125384094510531,0.03797707094977141,0.02834898919707849,-0.15496815659553873,-2.009835878269926,-1.995740100757675,1,15526
GSM7890835,CGGTCAGTCACGGTCG-1,-0.30061893829146635,2.5716908534283003,1.7809445276818532,-0.4313820492693207,-5.749520798239354,0.5924873889989694,-3.987617612679148,1.288967115892326,0.5534480151994168,-0.7753517196458483,-0.9024782979385296,1.7644491845113994,0.9713264334100984,-0.3415270556244082,0.8516904727255571,1.6630429438852306,-0.4106558363945428,0.8237445008460794,-2.218970578258758,2.8625850164266744,0,11364
GSM7890835,CGGTCAGTCGTAGTGT-1,-8.06383005320236,2.1109549847460642,0.4329493066012721,9.105904254829541,-1.65591765767302,3.0793231450104184,0.7182173066815433,-0.8328926033368335,-1.7667689374702598,-0.9941184678615886,3.363232904077406,2.3162932373347807,-0.6628349733346388,-0.028968866555773996,-0.5312575783314277,-0.6735319533944806,-0.2771165370993087,-1.5031699069917148,-0.4714548525313798,-0.8110537687668999,0,11416
GSM7890835,CGTAGTAAGCTGACCC-1,-0.9842658754282901,-0.23875619853195185,-5.846804409590103,0.7885111655289984,3.2510323700291464,-3.9484470200216144,-0.27524554749032376,4.5105001368589885,-0.6299547465048273,-0.10542173873775912,-1.7990532807747877,-0.900762839201991,1.5939718316592113,0.4267761783371303,0.19915201223076168,-1.1625245377480036,1.5956774516288146,0.6946172008228474,-0.14229616571524384,0.16960388661218528,3,44249
GSM7890835,CGTCCATTCCACGAAT-1,0.3508157560084455,5.390143228007682,-1.4364926127037088,-3.388683057271412,-1.9082956579456083,-2.9342433967249284,0.5673240296216262,-3.4023380174131175,-0.8453673756058547,-1.5712580736227961,0.5334957761252388,2.993686729571375,-4.060704876752584,-1.3324766977746108,-0.469799357664477,-1.0016574305072807,0.5447585312303684,1.4668816948631112,-0.4807021137886303,2.701169460224042,0,7318
GSM7890835,CGTCCATTCTCCGAAA-1,13.148774325274276,-7.169735783839524,6.34241560889129,0.16410911367930686,-6.459791900882384,-3.5860875994321746,-3.2790574024404364,0.31450620615995084,0.8264065549881494,2.8481045915365826,0.418497205930173,2.0738782643367566,-1.2008215795636237,0.32408443925942576,0.1802957886489999,0.3043227717325455,0.4420735148681556,1.6058433329539819,0.5471818641368814,-1.1101433831471135,1,11696
GSM7890835,CGTGAATAGAGAGTGA-1,8.968877428613595,6.6808011456450345,5.55977801657594,-2.1701165553731037,3.3894706757638913,0.4359307244782201,-0.933987197093372,1.5215201504795965,1.3980702327262688,0.24180286696459521,1.0622055525305378,0.3399252037224587,-0.14731548046007586,-0.7391027510760614,1.1095007746669308,0.2595285264625279,0.2647581176930827,-0.8585124156864674,1.3982659797447963,-0.5814128925038098,2,22409
GSM7890835,CGTGAATGTGACGTCC-1,-10.623527806959377,-3.9177683937260626,6.266210465359396,-7.107533820166413,-2.9653462437343054,-8.584800066160671,-0.8843971575103262,1.5294054073647099,-3.4760720812180743,1.8005124766817704,5.424780006331987,-2.050150599735337,2.8245279130108445,-1.4141837426971458,-5.81869144013894,1.1370047344776382,-3.588295388911519,-2.7081003785692803,0.7789061490777323,4.139227774719559,0,2965
GSM7890835,CGTGCTTAGGCGTTGA-1,-7.828596821416787,1.5504151473366263,-3.8954349179213494,3.289444504934809,-1.3188260053567422,-1.767197348815412,3.6075041716411977,-2.3656595599182992,0.7479054293864769,0.08573465866885897,1.3622592384508325,1.813160951010546,-2.179513261118393,0.1956561148541512,1.5176392126551466,-2.117123395210177,-1.4313595444617657,-0.5811523743581475,1.7715075132625768,0.3568757765831977,3,36858
GSM7890835,CGTGTCTTCATCCCGT-1,-12.602195974479631,2.5367516685607083,3.578946464828106,0.36401255844014074,-5.747050151664137,-4.015635301593007,-1.3965261577237023,2.1097326124369764,5.137329596220772,5.057622927100776,-1.7013133011826875,-3.8966730987423945,4.0829024150350826,0.13464656187816013,-2.9685595709326504,-0.9930144118956756,-2.520607213005855,-2.8628396318311347,1.129473093516683,2.8732744710458435,0,10108
GSM7890835,CGTTAGAAGGTCTGGA-1,-7.1616460638268595,0.4935357835712235,2.271227471570571,8.076412960738253,-1.2261417160952657,1.0522263186637417,-0.6413469707537964,1.8672266745906756,-2.978888247023502,-2.5214741150017073,1.9101283891748162,1.5136974286259617,1.7918089905101233,1.6748717660425831,-0.6825582731502103,-0.838422251808665,1.8579435865826264,-2.532977439654919,-0.8320834474634982,-0.8672013791629428,1,16477
GSM7890835,CGTTCTGCACCTGATA-1,15.00974977281188,-9.817283648987312,6.04776507972433,2.662066951386386,-4.885319815373148,-1.0006162104374323,0.023753484590622802,1.61347303154059,1.2253106399559535,-0.1792751950422956,-1.3636986035144725,1.159228194826488,-2.230931119296648,-0.8438612678705808,0.10078921338868825,1.165183335471194,-0.1235151158158032,2.0641255972625117,1.9976589293391822,1.7304505364300857,2,21385
GSM7890835,CTAACCCCATGTGCCG-1,2.80268178623869,-3.4992862017528017,-0.19920108689919255,7.456676600895126,0.8304045641971728,-0.9061856431636209,1.1752446913262662,-0.27657812639059937,-1.95764242515446,0.10474388397954557,-2.3597036546967294,-0.33893388682813297,1.3357200506988502,-0.007295850957065153,2.441550806278581,5.831575991967867,-0.22980411059676945,0.3157814787752274,0.42105460345784723,0.5347520805151342,1,15390
GSM7890835,CTAACTTGTACCGGCT-1,10.266735971008735,-7.101933616489445,2.5788492888626107,3.1379544247031066,-2.7382644603006825,-0.015975516124434812,2.211139420039645,4.087344147914882,4.046038065248078,-2.1187566870943995,-1.3825441734449073,1.4047949411620577,-2.0467147077989667,-0.40912913437679554,-0.3837942061684285,3.261104340785575,1.1689330818896486,1.6418734003103075,0.1384442714685253,1.8000149128869007,3,35372
GSM7890835,CTAACTTTCTCTTAAC-1,-3.4410711194715264,2.9154730795290034,-6.007353148632859,2.864354966448279,-0.2428286382613973,-3.0078422295531153,0.8864546281182003,2.9663965595291657,-0.9174147947338502,2.3510534650782073,0.4869585604463681,-0.01690709596001519,0.6888205394332797,2.782226242676725,-2.1790953973946725,0.20277497846699122,-2.127341170037761,-0.7690038385211262,-1.438689618188805,-0.3476677892589412,1,13905
GSM7890835,CTACAGACATGACTTG-1,11.687756121264615,-5.383883180457767,-0.02304280042652934,2.165022118108419,-1.4335857938635073,0.3258377923012853,1.237980084825189,2.4640552676892016,-0.19538430778463303,-0.16987952295156686,1.0006224237910617,0.8593810862414444,-1.593119887524484,1.4059565050103282,1.5912052744401874,0.6517556987595831,0.10710043779913334,-0.06057102753264909,-2.5857288782884207,-0.6583667846096585,2,19281
GSM7890835,CTACAGATCCTGTTGC-1,9.610637970647836,10.128095190906434,3.624492238352874,-3.0784366116616044,2.6754006233879557,1.9836846446870944,1.6603753056447943,1.1545438561772796,1.7513807174238327,0.8916947900047437,1.0726673500791664,1.2441498606564867,1.4790431028829822,1.8568396470259945,-0.9997773121687519,0.4980997018145377,0.4044980289170343,-1.377464065721976,0.8455154704951799,0.6230952859671816,2,18990
GSM7890835,CTACATTAGGGAGATA-1,-10.862051111623025,-1.3088996311645982,-4.457838119833738,-2.0278706604793975,0.5114437532045268,-0.9521264570355565,1.4837607996701048,2.2518840775125324,1.5305745005166873,-1.2909166450381235,-3.0852440887089485,1.3807937940251886,1.5386968903219895,0.9319329937935837,0.8412845673291537,-2.0337817135390464,0.27386306427251755,-0.0891712310855063,0.036177783166005804,-0.9596024030277588,2,19865
GSM7890835,CTACATTGTCGGTACC-1,-9.458931685106482,-0.649270600682226,-0.6378444684183545,-0.7401839985554777,0.7903351015051188,-2.5618120082183284,-0.4591093300466272,-1.686578778951251,-0.7041963015738167,-1.8335955127643733,-2.8244545462756276,2.352987932819277,1.0375759547487888,0.4024013805909435,0.21916423002487168,-0.9908901095075259,1.7216517194291046,-1.629858369665377,0.21831696119930347,-0.9486068828458032,2,19640
GSM7890835,CTACATTGTGACAACG-1,-11.105310479504837,-2.8234592484977945,3.338601827992995,-1.1284716765781422,-1.3911660938773198,-4.314237196774481,2.044735942782641,-4.047836145167932,0.9234633500386061,0.656724930545681,4.103320712953929,2.1886128510855447,1.1144402877923534,-3.4752962252241866,-0.7624551939078205,0.027791606974666632,-2.862767673520114,3.2433123169443325,-4.776007830904288,-1.4765003546058886,0,7212
GSM7890835,CTACCCAAGTGGACGT-1,-12.926141787067502,-6.643248972411823,2.750741081087935,-8.090157686892029,1.0894839545850208,-0.16317631620136827,0.4996025548335709,2.402274282322949,-2.9588233287427883,0.4043149433504297,2.0369142761673538,-0.2920673923212804,0.0829567189971362,0.20974460448932197,-1.9588979861135345,-0.02552768650446003,-1.6424917945090414,0.17398108707357474,1.8681210572436582,-0.4949403659493653,0,9277
GSM7890835,CTACCCAGTAGGTAGC-1,-12.673074417589671,0.2786957161622549,-0.37250999968406157,4.490241239672913,-3.403282153623698,2.5880085636786054,5.411149723926153,-3.9512614440375304,2.6138484678120375,2.0974960951233785,0.22802580256133514,-1.7878901217653234,-1.3607104323831036,-1.4436124276479048,0.7121967880519798,0.1025607635687124,-0.47821757605761034,-0.7105105913294176,-0.6789484666563061,-2.1596115741355995,2,19375
GSM7890835,CTACCCATCGAAGAAT-1,-12.807164117004366,-4.058995407972631,0.05164889108729748,-3.4651295416766197,-0.021830653498985268,1.1853211236121834,0.504171619546358,3.1121084288829493,0.16960756134253488,0.0008739905439332277,-1.3235998896223145,-0.925676435985999,2.228648864941512,1.59144981996184,0.2626795557802541,0.2396054297013873,-0.20423166001241894,0.8097178850317746,0.4767675075811308,0.9776666299624129,1,15141
GSM7890835,CTACCTGAGACTTGTC-1,6.918437075299271,10.536319551384032,2.411732341295511,-0.9617589303853898,-0.2052816965860914,0.6046717257007225,-1.0688298510998435,-0.2456858065782613,1.2631290807710378,-1.1168833058103704,0.9126122298175153,-3.630252252901409,3.228306527975404,0.06549124679789196,0.25275164236262004,1.457915988453663,-2.9044345080591567,2.35048497515983,1.0726877115294,-1.7930271590452518,1,13364
GSM7890835,CTACCTGTCCGAAGGA-1,5.85727630201819,-7.790929887788447,14.072664912411708,8.174045836140243,3.2283276623477333,0.3810786479982284,-3.5486737358213656,-1.2899099936805483,-0.7990766603030206,-0.5020327749601095,-4.548101968856523,1.8280112594558628,-3.197731702253234,0.6011649501466342,1.5625503719418563,-2.9481366367663386,-2.3229814615171063,1.7640818363624704,1.2968567161653117,0.5785948482056488,1,14424
GSM7890835,CTACGGGGTCCTATAG-1,11.569474632993488,-8.63843478871013,-4.397082431234654,-2.1866527983933013,-1.8167381760697696,-0.5430031454138845,-3.0336916326762804,-3.6279239981672404,-0.9835521850756386,2.6802857753120044,0.47832199322745966,0.7381560171834649,1.541806161483384,-1.0343321901804716,-0.016644940836951182,1.0310840085869126,-0.45910113572415695,0.5374210308205462,0.9335585080943437,-0.805224898403194,3,34977
GSM7890835,CTAGACAGTAATGTGA-1,12.539911486250125,-9.609034231288339,-4.407662486505821,0.36542834950998004,-2.2219264703710317,2.2116046994100333,-4.206563675732384,-3.248582712141118,2.79230556017637,-1.8369832724424506,-0.2938813363584283,-0.7355996700229278,2.4691691881436197,-0.7691095785752634,-2.0111507943163227,0.7608195361676823,-0.4987646896870026,-1.4931266612765033,1.148929270659524,0.754697399828067,3,32649
GSM7890835,CTAGACATCAGACCTA-1,-12.664427456373174,-1.071720035769957,-1.1925591635413684,2.896810373194665,-0.8211397662228267,0.3173571785721193,5.292544020698942,-2.659565379214048,2.6405451150975296,1.3683411537599202,-0.14443042029208197,1.0040381616736394,0.05700769723780537,-0.31623579501183735,0.791933668068985,-1.2778795974408952,-0.5791728371665749,-0.8453286497873768,0.06787312496408769,-1.146791049166582,3,25379
GSM7890835,CTAGGTACAGCAATTC-1,0.333094928787661,-2.072506277875165,-5.151458089868455,2.3296080729148048,4.515795947443452,0.816441009577482,-1.6278076003792443,3.2586125276389466,1.7032783986072242,-1.610205456127208,-1.233471885351598,-1.4489921820202125,-0.8585982771549776,3.2645249316242553,-2.779888273982214,-0.48597095160920095,-1.3329636698623688,1.1978177305133315,-1.6715194346397917,-1.5701664450521957,3,32661
GSM7890835,CTAGGTAGTAGATCGG-1,11.126650314978775,3.6482798196875104,-0.7113993586232735,-4.288095798537037,3.0402850655138005,2.5204105539217156,3.1670058958837215,-0.7803241605985298,1.7579538251533113,1.3309791533900392,0.7202460276253201,-1.3324629078704708,2.2895736760871643,3.4719576229441502,1.5128114049715717,-1.352486655497495,-1.0560913340129525,2.243296790255026,-0.3476322755722176,-0.21520063727123623,2,23075
GSM7890835,CTATAGGGTTAAAGTG-1,-2.652130646540099,7.041118431923738,-2.577511349616437,-0.9583566367985614,-6.2367204620238885,-0.35077862504359114,-4.202371074846183,1.5051168739891083,-1.5748963604165354,0.1540488630773429,-0.1718360534148552,-0.3702400968924012,-1.319940794738667,-1.0049803616998356,-0.09145778076569411,0.10915912066584768,-0.0568518451854695,-1.4461168298865292,-1.5533388103234738,0.02315598207689588,0,8603
GSM7890835,CTATAGGTCCTACCGT-1,-0.3480799343244655,7.465057440270581,-1.381522105333636,-2.7810617229223236,-1.172107106746082,3.0519191396412593,-1.9051983884169241,-1.5915785577811834,-4.514849930549821,-3.1912014226970506,-2.3188472367868673,2.595998694744036,-2.130512308687434,-1.250017326760788,-0.8467194411485274,-0.053847415026514925,1.1922258237312702,1.2788576344996714,0.3227941278368451,-1.0373902726281516,1,13327
GSM7890835,CTATCCGGTTGGTGTT-1,14.251492758615482,1.8871968578397065,7.664486480661516,-3.3587282212264413,-0.9082138785243701,-1.979624427139728,3.024138735571159,1.3015846506831144,0.060060372913102185,-2.0199434838102106,1.7519991659813587,-0.4856241002187395,1.606087809626423,1.4186301558985661,2.335496141279903,-2.136751308370394,-1.3114335420391003,-0.6751219899359364,0.032499505773715,1.9410819789770482,1,15026
GSM7890835,CTATCCGTCTTCACAT-1,11.088267285372398,-7.95017657503597,-2.224085987725434,1.2733039448033572,-1.052809572618113,2.4268784353716613,-1.0343447286499812,-3.474493482393461,-2.965814679362737,0.7748435552495044,-1.7614055455551534,1.121777247135436,2.265000105179917,-2.799990731207653,0.8059804723902649,-0.8670446848239992,-1.54213905818515,0.08730037211076298,1.9069514853049536,0.27821866684766783,3,38818
GSM7890835,CTCAACCCATCCCACT-1,-11.367650433901707,-6.694354942029501,15.941633350265944,-4.800931091624901,3.745027484734885,-11.253171728878247,-5.116186740756242,-7.094695280467969,-0.41222230231909446,2.093823180190242,3.363745728462483,-2.687771810841704,-1.4167302609789383,-5.23187476882126,-5.968008151453896,-3.9646261672307577,-6.326900969954763,4.486403802774036,-2.9396963729814525,4.977183922974864,0,2131
GSM7890835,CTCAAGAAGGCCTAGA-1,-3.184500534219514,1.5705052686152905,-4.472935530715955,3.071769016983099,0.9352048979595219,-3.9470531275718623,-3.2249529777035613,5.614858376750726,-0.9385235073471673,0.42878793613178046,-2.042367919981488,-4.220663540556253,2.4260815978202337,-1.7585704550915722,0.5724005193524617,-1.6330700715212558,0.43910345364656483,1.6255383710745563,-0.2527142093250645,-0.760957187255269,2,24145
GSM7890835,CTCAGAAGTGCTAGCC-1,-11.363486651616594,-5.440149815447489,2.27582174872677,-4.118821727382612,-3.0825987782457065,3.065817939741928,0.8503090014616868,4.803447278228741,-4.041822338454227,1.6004853614741565,1.0264475803784876,-0.9896389546618959,2.154201571934255,-0.1421197127523993,0.2905127636887313,-0.33088494063704355,-2.4097191967260825,-2.435254687476967,-0.9953310157533943,1.0243147457288373,1,12941
GSM7890835,CTCAGGGGTACTAGCT-1,3.045044982948088,8.462236250610584,1.1020935377190402,-2.2281052881820838,-0.811913547931032,3.2777706886830718,-0.24915649184563612,-0.5997065446196166,-3.0297079509890854,-1.0361290717747051,-1.9535598166056347,0.7148144291711354,0.19433282705134305,-0.6746105403464829,-1.017385779298258,-0.2548788487277161,1.1808057864501054,0.26177612670229256,0.6684556412025487,0.8763739840860951,3,30856
GSM7890835,CTCATGCGTACCAGAG-1,8.497466175605993,5.4512277723398155,2.9094283133023295,-1.4207737594490286,7.529657594558073,1.1032080446138575,3.5362020147791466,0.43954935634000036,1.5934114863825073,3.801516650544709,1.718767780953748,3.6933591804829615,0.08854966846559328,-1.3167772434280056,0.6968638995830861,-0.719303821710112,-2.4734235928146178,1.6288871808144707,-1.8477045431713737,0.41324488561426387,2,20984
GSM7890835,CTCATTAAGTTCCAGT-1,-9.901809268427641,-3.527949967850488,2.731194224189699,6.009472809500548,7.452830700019476,0.623012399355537,-0.32403261755432555,-4.213551119824627,0.10571333024056111,-1.9726048066767847,-5.047863600779982,-1.462121680339074,-0.22524397464898,4.493507813831523,1.276154470219389,-1.0243474810505386,-1.5400536590552414,-0.3855751540965074,1.667049809512954,1.4442537604933183,1,14640
GSM7890835,CTCATTAGTCAGTCCG-1,-1.8035028617645315,9.059894293705849,-1.0057708331766688,-0.7571552265471657,0.3501145360534536,-2.018004664894042,-1.9855462106975261,-0.004226475118266145,2.1475686954243383,2.156661692442899,-0.2249789193008429,3.5748431801557574,-2.07315529130643,-1.1095817073999168,0.3091310262706772,-1.221786334005439,0.4077993642181202,-0.28953490548688043,0.9353093719157539,-0.29014758308484695,2,23472
GSM7890835,CTCCAACCAAAGGTTA-1,8.791094465037844,-2.512980375901208,-0.24286916833003483,4.372027150809454,1.1241445321822814,0.20582055697270787,-1.0945801066697787,1.0922396621078816,-2.398899427004128,3.2763387688057515,0.04487168535439136,0.5986374098374487,0.8779980969266994,0.22845479454256054,1.8034269277579105,-1.4244911871901391,-0.4561717946445313,0.6164889417403795,1.3415547081894483,-1.2391866006597665,3,34561
GSM7890835,CTCCACACACCCTCTA-1,-12.97802753337897,-5.496888766686853,7.948162182568016,-4.859725073099096,3.606719274880955,-4.377154014882876,-1.8730108455168624,-3.7433087638542655,1.1655331714787418,-0.750639768191464,1.3911480358281183,1.822328637723469,0.10645456965505289,-2.174566976727487,-0.7953822445668041,-2.6263237042410887,-2.1746145729394177,5.00794448119412,-3.847833848789438,-2.24926261281426,0,6321
GSM7890835,CTCCACATCTAGTCAG-1,7.589904557926227,-2.1971423914905945,-6.94574554758387,-1.839577361806758,2.2449051292171878,1.0540807298931385,-2.3793691262360883,-1.5252016126280936,-1.8638361269400836,3.632427790621813,0.018151816355459913,-1.3054838404991367,-0.7873009763641898,1.2073132147892593,1.981834375261319,-2.3313547215182746,-1.66943938034613,0.8332294308705064,-0.6628937012027676,-1.4531010806576026,2,24647
GSM7890835,CTCCATGAGCCGCTTG-1,0.2544415416463963,5.370255686291094,0.07911914753112763,-2.6630710900700976,1.9979247403495135,-3.873707423433545,-1.7113640342129193,2.9143637660338437,-3.590324244495912,-0.4297362941741562,-4.0479993615011445,-0.5862779506586953,-0.1389601890097729,-3.3342452433122656,-0.9326154128390565,1.6951966760070647,2.887507667910147,-0.2148425502672746,1.0577628595559687,3.892835749267367,0,8938
GSM7890835,CTCCATGCAAGCGAAC-1,-9.843337866700276,-2.836975220494122,-3.6494611057561266,-5.489294407386893,1.2782353953468977,-1.644348992328851,-0.3176757997673368,4.363634066188629,0.22045992914480844,-1.8037162000895028,-2.0771305129247732,0.8596207912221592,-0.04281977268556871,3.204030296024203,-1.6546542961042692,-1.9976460221641323,-1.2360454283673652,0.14537799273051785,1.6508878085560676,-0.46021577996385643,2,20156
GSM7890835,CTCCCAATCGGCTCTT-1,-7.261793770297094,-3.6438126872269843,-1.0325435504175489,-6.501902076265524,-1.4837927851466532,-1.9584945842031625,1.2450176937957633,1.3958976623582782,-4.160722851246722,-2.049778979972247,2.0480927785091385,0.5718813959461014,-1.582874253376622,-0.35114780625001923,0.9028937513153542,-1.0826880316815735,-0.6820969297246119,-1.6190902487947108,-0.9658898202328812,2.2572663755709965,0,10946
GSM7890835,CTCCGATCAAGTTCGT-1,-13.105692806051007,-3.3868670049946568,0.6164815191307956,0.4802350897939443,-1.5883148415025947,3.2168863735060143,2.2726014285631795,-3.6727728906857897,2.8018981688312055,2.928915468028571,0.5346199100210787,0.38908136236785906,-0.34160041582489564,-1.4449295577539383,1.1331482351915039,0.6705061638169438,1.6809159366367132,-0.8366818103118062,-1.172115582554129,-1.6284343103348662,1,16131
GSM7890835,CTCCTCCCATGACAAA-1,-7.745562938115581,-0.27044771738900253,-4.398121026697083,-0.5122271134306815,1.3810774313360366,-2.929965691642055,0.8252523146938379,0.7941882886393591,1.1465220585278695,-2.2026407018121823,-2.503724633890717,1.0128030624534523,1.4911225727798205,-0.7328128847043073,0.7643383719014786,-1.8832397712076747,0.7603247356903297,-0.9270289030747035,-1.046823919940341,-1.2578795193291383,2,22587
GSM7890835,CTCCTTTAGACGTCCC-1,-8.16129601697059,-0.3730962420044423,-1.1079473928244137,1.1500041970511192,-0.18331424210612127,-2.6160496333343515,0.14829287865997068,1.5610846256127564,-1.8858714887697248,-1.4511815290937506,-1.3836451806371024,1.731618171966455,1.783064762757755,0.23374759167928125,-0.15389996793609173,-2.033298375909284,1.0891638411149425,-0.11889745829898787,-1.2796966639269192,-1.1774587893862187,1,12106
GSM7890835,CTGAATGAGCACTTTG-1,-13.15003858880853,-3.756881588781386,3.10735551882368,0.42636367539517456,2.488887723013982,-1.8232922505685314,2.232051929926953,-6.049746492313478,4.423835055038305,3.778417966625362,1.8493666839915288,-0.7187348294371331,1.6069429445097931,-0.7182664364543274,2.3543890423952134,1.6620763835223644,4.36431348431386,0.41803106203383805,-0.16543892799935192,0.8097346939642325,0,6794
GSM7890835,CTGAATGAGGCCTGCT-1,13.37822512746718,3.1438450321831937,6.727043921359215,1.487786764963435,1.909641378136203,3.555738309183171,3.28992653802165,3.973600909233307,2.7542872013981903,1.263854138885266,0.3882112132736568,-1.2220474154483558,-1.4225315663444933,-1.8341088281725988,1.4524843672457382,-1.1330560333620507,-1.1680381300088056,-2.3797336082983396,-0.9690616594647211,-0.7054517103462455,1,14777
GSM7890835,CTGAATGCAAGACCTT-1,-7.85955244576944,-6.993193902377189,-0.9254494723976808,-11.949661957530664,-1.324925006506151,1.3405046573007557,-1.3542281388654407,0.22725528160549407,-4.86339179271974,-1.8962316898495293,4.790106008060689,1.7839514755398564,-4.984697629304812,1.7559006647779498,0.9173289565306363,0.5097717918574507,-1.6696970920189513,-1.4931582335499067,1.6771147438875622,-0.1937799479948133,0,9170
GSM7890835,CTGAGCGCAGCTAACT-1,12.370975840338344,-7.697072959687862,-0.014609392292275343,-0.35165828337791494,-4.605745600650387,-1.6694494106222941,-0.5757333690959389,-0.5348449113135894,-2.880001523475456,-0.2442824342994582,0.9627031516050365,0.09669972092683936,1.6951796117641964,1.8070082850471434,-2.1817194572604666,-0.15711756612572617,0.5250373723026617,-0.4026995209979422,0.8026354801728686,-3.720255681999379,0,9310
GSM7890835,CTGAGGCAGCTCCCTT-1,-1.5992211101455682,0.19962849078215691,1.8797738782201894,7.459358510201068,-0.9866349313844727,-2.776401947446125,-0.17574216801839068,-1.970599716151737,-4.731604701617005,-0.756233243150503,2.0395831340250647,0.702509359575055,1.7287634858905732,-0.06793276784577437,0.7860196128798496,-0.7110025361320245,-0.44108635081698516,0.9946096128766012,1.5964745015294155,-0.03242981748050722,3,26348
GSM7890835,CTGAGGCAGGACGCTA-1,-4.701740442475871,0.7523853772972523,0.8751359818432923,8.86030390496773,-0.6846253912697453,2.721451588969192,1.1746829342151843,0.7794249751428124,-4.072217417322813,-1.2216437214362774,1.278932213779617,1.2255921127451517,-0.15783946196809287,0.2508390717077636,0.08272780838572334,0.3007742766871929,0.54684659227407,-0.7575628422539172,-0.28955559538708325,0.021404442182623874,2,21894
GSM7890835,CTGATCCTCTCATTTG-1,1.7163203666414548,-3.1130654934829707,1.0468178805910007,4.862364564670945,0.7986038619101612,-1.2065288492481772,-3.722563145533491,2.8275444321975125,-2.924760282990529,0.5989460675547503,-1.9438628294430056,-2.052503378577215,0.27082799690406056,-2.5051036071712858,1.1043091473876552,-0.5299944427080616,-1.6085266508977134,2.962867256367217,-0.24200661714849778,-0.31321739629551487,3,25812
GSM7890835,CTGCAGGAGAAGGGAT-1,-7.608740623055992,-1.9276899149040403,-5.07535556392359,5.116525025438652,0.11383755652343051,1.6129154562958783,2.552846181276129,-5.867129708583684,0.14008198240793412,-2.2394350153206593,2.3689977408127834,-0.3512665191388793,1.3468192252829374,-2.1002647501589298,-1.1561321724564948,1.2367479768400245,-0.5255095626958547,-1.3191246303071624,2.670183083981483,0.5686492524888958,3,28302
GSM7890835,CTGCAGGAGCACACCC-1,-12.755204141820169,-2.6884036556257627,1.892946159800036,-1.3938646628382412,-1.7772103885543438,4.33901210727241,-0.23591680824941996,1.970998105242505,0.05463947343562417,-0.26147442392901654,-0.789488027624293,-0.34810713024200957,2.209096220113793,-0.08005686240357264,0.2786541173500787,-1.3207202528595436,0.6628659369086749,0.4641246176480936,-3.274774271868985,-1.0252580336856463,0,6888
GSM7890835,CTGCATCTCAGCGGAA-1,12.630428073104062,-7.507827613423452,-4.267802243433605,-1.706458640807592,-1.6344107293811931,1.5898987166144465,0.5149258113994306,-0.6717388596245953,-1.7657449705111532,2.3923984580156867,-1.5735160352724642,0.7692782102837181,-0.8635965224470473,-0.19180829356774445,0.05415340593331106,0.06673229492524488,-0.8784959646603829,-0.8631598031790451,-1.2266924610390424,-0.4042532764690715,2,20079
GSM7890835,CTGCCATTCAGAACCT-1,1.5236494552703042,-2.3245986397651617,-11.421497661562206,-0.8258000040401712,4.092728925053997,1.1156095335794036,-1.2164522615639757,-2.4864019856454296,-0.18985664053143927,-0.008721099509252775,0.6953165122953608,-0.3082735744832586,0.02586352797788973,0.40647587050682865,-1.0543388118990629,0.4871198460069501,0.6975518810173291,-0.3346047716377793,-1.004988487065023,0.5713609422584197,3,37043
GSM7890835,CTGCCATTCCTTCTTC-1,-4.531628817831847,6.748204431313937,-1.9576941358205322,-0.347539268186282,-7.173903486731831,1.9719823984768718,3.417094925176544,-3.9815260964502337,-1.268984795309496,-0.8196447788875874,-2.1526133964143943,-4.6368334276833485,-3.3300782558787487,0.1539137853406909,2.777170494861729,-1.265687353092118,-1.0909224544649736,0.8751598524747227,0.2803051357592271,1.0522461472970737,1,17181
GSM7890835,CTGCGAGTCTCCCTAG-1,1.1165385605052727,7.984746050777149,0.03906316529509703,-1.614356504728135,-1.083162920159924,-1.8848951430997858,-2.353506529791659,0.9841364874763951,-0.1659428419571949,-0.029298599519531725,1.467613161341014,1.8783748232544129,2.1573635866127208,-0.2850053451594268,-0.36451788092657783,0.9004424215487316,2.79166862318161,-0.6320694922500782,-0.807980158204823,-2.2465601243056046,1,17104
GSM7890835,CTGGACGCATGGGCAA-1,16.20592538361299,-1.1741390446047124,3.4538098862688043,-4.611849628646023,-3.4685424150932604,-0.8080005030717359,5.495921889875117,0.7116773471493277,1.010419560644146,-0.08210726418159345,-2.5148205278010156,-1.2877177682702639,-1.0575123210425985,-0.38938794631019136,0.3233260113487682,-1.4186202609158218,-0.2859818358977105,-2.429948484332688,-1.9456451582873948,0.4378727252590986,1,13331
GSM7890835,CTGGTCTAGTTAACAG-1,4.575968294067247,1.4452252721381438,-5.277485207826448,3.373302901801711,3.314329223696061,-0.804528321505313,0.9527615138324742,0.6512465803979692,-3.906322765734731,7.021112082187818,0.06457627539818393,0.8289942566725824,-1.2545324922728152,0.47329495667723226,-0.8187429033455114,0.7431222218596869,-0.8327129015991183,-0.7076999703102947,-1.3197601126443628,-0.7009321428763419,3,42696
GSM7890835,CTGGTCTTCCAAGCTA-1,-4.057521903546258,6.495762792530173,1.7217329286864946,-1.8416703554152325,-5.797957019431681,-4.630068067088591,-6.055535246815591,-1.9784243416534932,-0.46965326495671617,-1.9981737676241993,-0.42904861525182847,-0.3733534943256223,-1.9434365615446023,-1.4503143626799826,1.7142056178127771,-0.52110129151213,-2.9132829121297923,-2.0510052013710434,-0.10235572315128118,0.1219816561445504,0,4185
GSM7890835,CTGTAGACATTGACCA-1,7.8683349082959975,3.506314837381995,-4.028455873774131,-2.4697221911473495,3.572890919821291,0.8843817006081077,0.2926581653883421,-0.014020167169534643,1.559206164237837,1.933558440693102,2.208580835141913,1.456728105206076,2.445862344016878,3.289701675382562,-0.08124648763155337,-0.32149663299749626,0.12390519321229795,0.8181036419405961,-0.5242714461801792,1.9790140246423977,3,34961
GSM7890835,CTTACCGGTGTCTTAG-1,6.00672049594712,8.880399234303951,0.26279866808654195,-2.8822108583694677,-0.17839697125366033,-0.0716739324056995,2.1928288919077876,-1.7632478072541757,1.3272641233598286,-1.5399821711819341,1.679816558567303,-4.1603750366431225,0.6558813151190049,-1.2904992543464813,0.08481635696475961,1.241821071783731,-0.9871150229120496,0.5338677785766145,1.3642255525994476,-2.6422552709208147,2,21434
GSM7890835,CTTCAATTCCTGCTAC-1,13.7580561320704,-9.40952324206494,1.743753542361805,0.9779473255963336,-2.13680712568821,2.7814548128365386,-1.1844811868015732,0.5655551057111046,1.033632512302158,1.0537216644882017,-2.293805029886507,1.1064631051603768,-1.2989135447515294,-0.04111510440359445,0.49876392700797306,-0.08379194880344944,-1.3006659800438785,1.2772741866501873,-0.9098942761506169,0.5283207524670683,3,31473
GSM7890835,CTTCGGTCAAGAGCTG-1,-8.154468389954474,2.318188707278678,5.792287038256141,-3.180006526561998,-5.0398469813043825,-6.997736113841356,-3.4912799958580085,-5.8034315690127025,1.6944570781122392,-1.022429551941431,3.2453478483416625,2.982015028066194,-1.7163760945486017,0.14857112396018757,-2.567812099538568,3.0555824865602386,-1.442215316563415,0.7505958152917162,-4.3541996036370225,2.828358357173961,0,3535
GSM7890835,CTTCGGTTCATTGCCC-1,7.115463175272425,9.340441670042965,5.493109790453333,-2.3813983985406892,0.04587390203961984,-0.4370051682934603,1.6307913710327657,-0.10357363605450852,2.6276309833010485,-3.170511819547927,2.2130960036882925,-5.30213593484245,1.9781124872517102,0.7730831292300605,-0.8633036631144372,0.4945323046448235,-2.6653801840928733,2.3184271700201293,1.0427018433195603,-2.696624538339887,1,16684
GSM7890835,CTTCTAAAGTAGACAT-1,-11.823624498149227,1.9139712785497032,3.4564792456672886,6.55461608895241,-2.9164137214671464,0.46895179986209473,4.4704724118443195,-1.3533518406927678,-0.6295449811722724,1.5660324147009657,-0.5100765282372236,-2.2597026887825478,1.2830498706714684,-1.1903360671693581,-3.42975463920572,3.6487035206300136,-0.7765891748884259,-0.7955722494439533,0.26386203153004745,0.08747232971550917,0,6469
GSM7890835,CTTCTAACAGTTTCAG-1,12.200918233777701,-7.106851553875171,-5.016264290591615,-3.587542727432197,-2.504661180064497,-1.5218376915564769,0.6125233918077292,-2.037355211085827,-2.2364085422203175,2.777430425743644,-1.0560520730691,0.0486695549333717,-0.20750642094797253,0.8362953138289275,0.06466096896679721,-1.070802723646832,1.595133915378916,0.377237310599516,-1.0861500792813763,-2.1040051063585685,1,14128
GSM7890835,CTTCTAATCCGACATA-1,-10.022982244543085,-6.589135761111821,0.8811040000947228,-7.055269401323109,-1.0967975771998164,2.301056634570062,-0.1462651365297375,2.9194040521109295,-4.194377838608373,-2.1839883566494045,0.5702640221237789,1.1637534928388187,0.18714991960912802,0.4376753801604557,-0.8538523008367221,0.5918838237771975,-1.4958746080262664,-0.21117932253394855,-1.687659424088808,-0.9095711733013238,0,9005
GSM7890835,CTTCTCTAGTAGGATT-1,-5.086371869345034,2.6754740801049826,-3.5334730895706405,4.554962851628963,-3.8293127935355797,-0.4629303598395246,4.960245162762153,-2.0140734880921287,-1.5915466174056976,-1.754113650673954,1.8710892266374402,0.08861392192408934,-1.096460445772726,1.1342753782565191,0.3286294475596847,-0.9235048915131867,-1.139515757367117,0.7753287822893786,0.4600101178137522,-0.2835511523522834,3,34302
GSM7890835,CTTGAGAGTTGTGGAG-1,-10.42417044901321,3.765701269120163,-3.365535997191009,4.048022857932484,-2.746539651339119,-1.1862941130055775,3.5933485984139772,0.1318387936121935,3.0097690298092608,2.896223723099773,-2.201396968114753,0.6548624763291645,0.9043693174501314,-0.5006757878350196,-1.3558003906708656,1.4486194601515798,-2.0627477306396584,0.20589103553810081,-0.8892506507694838,-0.042879769412409965,1,14239
GSM7890835,CTTGATTAGCCTGAGA-1,10.743762556487571,-7.648100309576535,3.6836267458339718,4.00772836752484,-4.365450511639992,-0.6690148960157136,-4.496079520235124,1.9809323007745918,-1.4277604967882687,3.7226982840769933,-1.6881492163881735,1.771681893514055,-0.1887694259011764,-0.7406036739376496,2.5437064377438636,-0.3798709223775757,-1.1765421629795998,2.9867499606045564,2.0091495059978137,0.27603436551601296,1,16950
GSM7890835,GAAATGAGTAGTCGGA-1,-5.432728098693007,-4.503109661012503,3.0314346800761434,3.426730730126043,-0.036856098102343214,-4.886533084489629,1.5296929023495895,-1.5321472180024625,-6.7601664678104125,-0.45878658408989254,5.335392623252596,1.1857320688527062,2.0193707832187795,1.882167709972364,3.627813455286118,2.739237317346108,1.2494184407897353,-1.8452570207177448,-0.6083558405105477,1.4565833217992747,0,7107
GSM7890835,GAAATGATCTTAGTTC-1,1.0714511314664044,-4.272051105639014,-11.25586063742013,-0.017108865165915504,4.891887589545615,0.3221126484590036,-1.1145886463200594,-2.433811036543681,0.6588105259314084,-4.003594522177968,1.6509611721843114,-0.9247334785084037,-0.11191064758116044,1.038998357567594,-0.10053809092585171,1.5218539927604438,2.3457033709818664,0.09396932942914858,-0.9983084661284228,1.5202340264759462,3,40539
GSM7890835,GAACTGTGTTACGCCG-1,-8.807720268989142,-1.6948768626504058,-0.9827771688266168,-3.4328627217438066,3.513493193043921,-2.204974779676917,-0.5112265675448807,6.690593431202146,4.305469514158687,0.03746992358271669,-3.5365914943349264,0.9581828968127017,1.3356706994271499,0.32815183204640935,-0.1875208729004086,-1.5706090483580244,-1.3066545394300102,-0.2157624916686853,2.2159826443888284,0.33155930316098176,3,43744
GSM7890835,GAACTGTTCCGATGTA-1,12.994155121326957,-7.988406615423098,4.197244734288113,0.31012422920459753,-2.9530419770223575,-1.9056373805491733,-2.52082843143027,0.6495763516369024,4.445963152493563,-0.42224081476437364,0.7474588563044979,3.0099609473579236,-3.8185014301261053,1.626073634246997,1.0295806326105232,0.6413253390407386,1.8079027862116186,0.19523560806856677,-0.9819672672991805,1.3676336619767488,2,17744
GSM7890835,GAAGAATCAAATGAGT-1,-13.650222600889105,-4.952760030062972,3.05479740542897,-4.083280356515899,0.5001855639630808,1.0809483705281295,0.7055569731122446,0.1362731500820259,-0.4108716285826575,2.566686769756053,1.1886740735123984,-0.9463985283538342,-0.3624486907588719,-0.22589576815691328,-0.7485563394161198,2.3618262801964724,2.2192891699083312,-0.11381776013723852,0.23907840771924183,0.8171478411707218,3,27154
GSM7890835,GAAGCCCAGGCCCAAA-1,4.919153789118412,-9.375579331198688,5.315896222992973,6.400541090357309,1.5892368753118709,4.943705918859084,-0.5919031326594054,-2.629408689361803,1.9838931681100849,1.2193142398193193,-0.2914314907642368,1.6409244572823911,0.8025084839132925,-1.1127272289151828,1.040796813949124,1.0495304243571164,0.8873416092036558,0.5930461292775853,2.376553221566488,1.153247740366098,2,20964
GSM7890835,GAAGGACGTATACCTG-1,9.077706820996202,-5.310785368328846,-8.7566310157607,-1.4381194861704367,0.11593931498270939,0.5201709624010017,0.24048010896427652,-2.001604325929029,-3.316481941660988,4.453809760202226,-1.2944270619491574,-0.9087915089811358,0.861943042422871,0.5381687237528991,-0.01235757922241755,-0.7557475209297475,0.40508831307789417,-0.8697259570788564,-0.7581279645585329,-0.6904995798979765,1,15900
GSM7890835,GAAGGACGTTCCACGG-1,-6.613806739460029,-4.695265186361505,-2.9458215037253237,-12.123946055745197,-3.284332294695093,1.203493123232298,-1.5579549821613887,4.151915423365728,-5.472108509663534,-2.8998162495584476,2.624976667527799,2.527725959651574,-3.3595417324238928,-0.12498446165266755,0.5479067475599265,1.7426153864466636,-3.73582796084513,-0.9702076571526889,0.6183757045254166,0.29099608561330575,0,9200
GSM7890835,GAAGGGTCATCCTTCG-1,-6.537237886307518,3.137017833409436,-2.0720449298993286,8.620580405491339,-4.264400581862577,0.5417413203638433,4.459086952230602,0.9794107869659823,-1.576537904629261,-3.5176189230343566,3.050013702897248,-1.759000419020041,-1.1948785717617776,0.06357658996851681,-0.8674211450409994,-2.816361291558166,1.006821241663166,1.0892345339339753,0.8763646322184871,1.626485893781068,1,12651
GSM7890835,GAAGTAATCTGCGAGC-1,11.595839743512537,-7.975241348687322,-0.4952488205047138,2.1530237207513867,-0.8077308814114732,0.398070297434077,-1.1057398249624284,-0.26764782151390465,0.29782649279416995,1.843660978851187,-1.027395272400425,1.1978491892626046,-0.7854201092651014,-0.002018488584457726,1.33062351069519,1.3863373491335598,0.16220943468932245,1.119200959475675,0.4227925819640639,0.39459720104868495,3,29718
GSM7890835,GAATCACGTGACGTCC-1,15.320788893675685,-7.918955363709127,-3.3544925179458724,-2.020205435082035,-3.44945424834989,1.6918613366300366,-2.223688340789722,-2.3015572616356432,2.2767088921786782,-0.42355626005057795,0.5974397778953058,1.180474195136269,4.075183895967732,-2.068016821896562,-1.605888506325464,0.11433544846775028,-1.1849251519830042,-3.012267467652726,0.731625092009577,0.8888781373922177,2,18732
GSM7890835,GAATCGTTCTAGCATG-1,10.201471035169758,6.168188264882329,4.173764892877434,-4.135332398625298,2.210239684509774,0.590481711740863,2.2485240982067114,-0.9619959143817284,0.14181535746427412,1.1994435234952736,0.24890300930521334,-1.3811775588375172,-2.332083856245151,-1.3405124298955529,-0.5146041094894076,-1.4442803904840251,0.7717976670988684,-2.46032657438541,0.4758699299247587,-1.4490216305879855,2,18988
GSM7890835,GACAGCCAGCATCCTA-1,8.197469162411638,9.828709794026382,2.7830315459705948,-2.44237516251695,3.397897791330951,-0.5781246515810244,1.5871327566021847,2.3643379231617154,-0.025388976678157968,-1.0226099392364636,1.1536357446078798,-1.6067593646569234,-0.8894603985886853,-3.5181491689760986,0.5987955242682182,1.5405562994456097,1.1329587967211505,-1.7530671356763123,0.9688756774227165,-1.0987973531301038,2,20256
GSM7890835,GACCAATGTGGGATTG-1,3.4456195436762647,-3.662783346980501,-1.8517676345267942,3.9583063695111265,3.6272540616514295,-2.5483607583059964,-1.0964727978752857,-1.7727172612025899,-0.44509055491420296,-4.039880865412578,0.7862311592302395,-3.797820113997857,-1.323628159999431,1.96052747699709,0.987580876442905,1.787291621829644,0.6560196274816031,-0.5923519351206635,-0.6590315499772562,-0.17633598726153596,1,11856
GSM7890835,GACCCTTAGGTACAAT-1,-1.1213620885870668,1.057868276263215,-5.537428182798952,0.6835970053328527,-1.2975458578105579,-4.167697180560442,-0.5545071667393938,1.3759199331649654,-0.7778617612242323,-0.11473533358439564,0.9452234487472724,0.6175246407064365,0.30771458716997707,-2.183006744319958,1.6822195244593878,-1.1698431984078441,0.47184340566604077,0.39244098453332626,0.9311074026479255,-1.1013053239364945,3,30015
GSM7890835,GACCCTTGTAGCTGCC-1,-5.430346712330237,5.307856672688781,-5.249692366796955,-4.076490961101637,-7.686910929617973,-1.1361030546882847,1.6649712953762013,-3.6275810972010323,1.2643999512004802,1.7971584233475713,-0.24164111497876528,-6.444651723565276,-4.6935133287111865,-0.16765822018916215,2.696480183153267,0.5570019477814807,-1.4570720316034915,1.2153389250810411,1.0334325452929827,0.4572984834874759,2,19506
GSM7890835,GACCGTGCAATCCTAG-1,-7.58838187162946,0.8020489674687628,-2.4492298847659666,2.3040642571709027,0.41009456814593764,0.6394416309521541,-0.036446438969118,1.6494471270920106,-1.2593840808766583,-2.0287731051839444,-1.422723670800051,2.6585944157805326,1.5118359980964124,-1.1786843300381116,0.49031810096308903,-1.8122558505995225,0.062027423090154736,-0.0537621217141316,-1.0139177648398312,0.4413626010836717,2,23230
GSM7890835,GACCTTCAGCATGATA-1,-14.48180858936083,-6.25064000665669,10.718903908922163,-4.61676136898371,5.478592671329684,-4.669409563312766,0.023117519848813346,-2.98127245630956,2.4110301994293066,-0.29662041219116625,-1.4500686942737362,-0.49603969616294324,1.525497525401309,0.5947840161755454,-3.2595639781971255,-4.969890856069302,4.441999495270272,1.450735823866847,2.0956551605330636,-0.0007225927216490017,0,3078
GSM7890835,GACCTTCCAAGTTCCA-1,9.252416794102224,-7.074581505186777,1.0664253135492914,1.350392578026473,-1.6320577962185638,-4.224199678231686,-2.1918668347278336,2.7290148976386623,4.991999048743767,-2.4858120366955463,0.897962245836567,-2.260275716409909,-3.3700773338207295,2.0120275923786406,-0.5021446244237393,2.423374892328167,2.9683487063998237,1.5821253868115697,-1.9515833542933905,1.2618660462020923,0,8760
GSM7890835,GACTCTCTCGGAGTAG-1,-2.4571474620968567,3.025548400685744,-5.329812575742602,4.4647668422658695,0.8181294954637603,0.3696989784381754,-0.5002399008204174,0.8764832624734311,-0.2772105948152547,-1.4756117567616993,-0.807471500810399,-0.4846250629575233,-2.22425002746493,-0.8090837644622841,0.4084521817163555,-0.7352806663512819,-1.4724501941553616,0.01843228559447885,-1.2215793641123218,-1.2864869821669083,3,25690
GSM7890835,GACTGATCACTGTCGG-1,9.010662959517116,-8.990258595743612,6.311019651930407,-5.131869159738917,-3.2535769025265298,-6.440548407683743,3.223553971266908,-7.663904705471161,-1.3071155011054012,0.3299398230110917,4.735904479672916,2.2198762535337377,2.4919205137752627,2.4272618662300505,-1.9690624517645174,6.233930946068459,-2.1000865448581965,0.21480657788978158,-8.017289891394924,-8.51555403999374,0,3060
GSM7890835,GACTTCCTCTTCTAAC-1,1.3493247286050882,8.96825973526069,-1.4725200128636435,-0.6084118676621197,3.518680379754196,0.6265113229932334,-1.7904824813511437,0.7862218481195197,1.154962389882278,1.432235525629728,0.05947348417237206,1.3522715155879963,-0.01571841318945096,-1.3050011481527786,-0.3022463161372625,1.4300681975849223,2.8301641858133224,1.3008832199472191,0.5540473781174482,-0.9677624536358868,2,24545
GSM7890835,GAGACCCGTGCTTCAA-1,-4.323038459668092,0.8207223849183795,-0.139349163710241,2.9230216214735214,-1.3117846857507278,-5.807758014249747,-0.4532462650866166,0.02104257503114658,-3.162260412496595,-0.5191194953959025,2.1353989580311685,0.31473345017178034,1.3004663796560887,0.4272121822559298,0.9632718086556424,-0.23329675613272075,0.6405618510683432,-0.10143381097672459,0.3614365683019248,-0.8681948493017709,1,15272
GSM7890835,GAGAGGTCAGGCGATA-1,-8.814504804230456,0.6737288643134687,-2.2342747903833957,-1.1295308339756551,-2.6806771973124914,-1.2457620025918221,-0.10535169997400375,2.593199345199286,2.1738087051899195,0.790615325160179,-2.0466679360523368,2.817659308499469,3.584802828261562,1.0200846930208822,-0.456202939633953,0.22807952372868515,-0.43691961212641584,-2.400486325300274,-0.13467914539328418,0.5734274798442303,3,32184
GSM7890835,GAGCCTGCAAATCGTC-1,-8.313444409868543,1.1813526460096055,-5.4438499279532335,-0.990994119906424,-1.4916763025170103,-5.598609518022076,2.717673564787967,-0.08000023889883358,-0.0004200499582531902,0.17775208119533048,0.29117757338791983,1.5864750903507692,1.4186462720893989,-0.7216914884116031,1.4255841614192102,-1.8685129042998032,0.5019994820454508,0.29946619958756054,-0.07546988350233104,-0.8426597829583543,3,28274
GSM7890835,GAGCTGCAGAGCCGAT-1,3.9496540257554162,12.547060738605564,-0.14294341651326462,-1.5378204970695513,0.852051510373893,0.7848014824204982,0.72612934115882,0.11650816728965387,-0.09553690532574906,1.788040073100475,1.1733413169847564,-0.6056977107783452,1.6661664811460828,-2.004692817853094,-0.8869425494654996,3.1011786728639357,-1.1255649764283604,2.309663577544735,1.7587747385777006,-1.383689853003362,3,28793
GSM7890835,GAGCTGCAGCCATCCG-1,8.57781858570447,-3.315507952550893,-7.6710212926320045,-0.09784136656142386,2.1774412660224307,0.7665540015376511,-0.6396388684307647,-0.3419496928454091,-2.3809156618713616,4.165679578265575,0.24420470344677128,-1.8433175701869804,-0.7998312716196171,-0.4908881117331198,0.7295924219232084,-1.2809766850323514,0.6055678837337835,-0.5662164742402054,-0.44607997965029245,-1.061387828609463,2,24530
GSM7890835,GAGGCAACAAGTATAG-1,-18.4211066921395,-5.681324318319267,6.758118433779609,1.8040313144876754,3.3800032304333816,5.119631364125885,1.4134487336578256,0.0501734706743452,2.6765964675115734,1.232074587839864,-1.3268155403560142,-1.2076368504516426,2.134789875511703,-2.340235973823523,-0.5471950772399587,-0.8559131987882279,3.537366083376023,1.5277774718734978,0.015317101508128605,0.2977556065858623,0,8242
GSM7890835,GAGGCAACAGGTTACT-1,-4.002789136452889,5.055135310774408,1.7556285398455715,-1.8260696066689621,-3.1405427158808386,-0.9889593814117827,-4.383187325677312,-0.8060596353575838,-2.6897663515819596,-1.4549419867367477,-0.5810821524717842,-1.17700946996302,-1.1570884905129675,-1.1260675566587393,0.4404352553998261,-1.6302595231117365,0.7946682024186134,-0.682126266596628,-1.0309571017819785,0.4574139842471541,0,9085
GSM7890835,GAGGCCTAGAGAGGGC-1,-8.607679560994914,4.221553033711073,-5.520062477588973,3.431819915057492,-5.98559531264672,0.06250364068702007,4.542997833686144,0.1649597909231593,1.5733984307913063,0.6478629724856309,1.9298993498466184,-0.4737735024201104,-1.2682839923846763,-0.13157184900494315,-0.5640039194591769,0.06494652515169583,-2.0115884959570027,-0.8656351368778883,0.9782048132609898,-0.39558824686707367,3,28141
GSM7890835,GAGGGATAGGCTCCCA-1,-10.713186722796568,-0.1563148569421362,-4.297813147335906,-5.41457468529995,-0.313562729460144,-4.417736119817744,0.8637616191743082,2.1947066543024523,2.528334572865164,-0.33235289990579325,-3.8079421695684337,1.0359738650439778,2.8736729012481375,2.1182872189472097,-0.17089918007419774,-0.43432939296920586,0.20908096337384172,-1.2562895130234304,0.07935288709827117,0.04122547740815533,2,21440
GSM7890835,GAGGGTAAGTGCGACA-1,12.701698597343594,1.038874360178329,10.672679478077313,0.9433532115233264,-0.037283486146200244,0.684667417858484,2.452513788012242,1.2108951496948017,1.5593511137667393,-1.5426162684535571,0.5392206639765473,-0.1510436583190569,-0.011457810492652792,-1.099199677163059,3.281107221278243,-2.1843305133993227,-0.880535273321973,-2.7165838483348317,-0.7214568303433088,0.6899497480000202,1,15553
GSM7890835,GAGTCATCATAGAAAC-1,8.475613298894006,-9.041032054403583,-0.9732861101811072,2.8032664544987793,2.7583177100780665,2.8289220503149637,-2.9992791417066917,-4.880985707085153,-2.6257235327807553,0.9307607633481273,-2.8314218994466542,-2.332891127966068,0.28947466910263425,-1.5385406097662435,0.219143444215765,-1.3182891917870225,-2.084119069799936,-1.2634925587682533,1.7804974861570912,-0.6761434513877327,1,15701
GSM7890835,GAGTCATTCACTGCTC-1,3.0929359470358704,6.4913929608436165,-2.0206584969394834,-0.5844065797573014,1.7161956276998533,0.49326956143481043,0.10099640878328667,0.16101112399137027,-1.6180689760894804,0.37453339121922674,0.7543268685692246,-0.553341077140862,1.4552498671096592,0.901704914889411,-0.6205499986734704,-1.6878243036175251,0.5404743405430281,0.3932954537534972,-1.8956331456666191,-0.3734067246379347,1,13317
GSM7890835,GAGTCTAAGACTCAAA-1,9.108856000899141,7.361482148655589,1.2446984462341901,-3.206502569433152,4.011173276496894,0.6256156297282118,4.027661145233044,1.8143649029205275,1.3053759797398639,1.1288299299886424,0.682388434322533,0.26475405487522286,2.44791720355005,1.0862220123763247,0.6553977629395827,0.6736969548694548,-0.4641567693754601,1.8036765409243842,-1.002362008611821,2.3693567355589558,3,29630
GSM7890835,GAGTGAGCAATGTGGG-1,11.082640046574166,-3.1648519136993576,-0.16994753239649965,3.649150343417203,3.057518190718017,-4.22377316627313,4.6370013084434065,3.4544457769382473,-1.3143918667150056,-0.11262061730763484,-2.041237776405583,-1.4232206668188891,-3.6193136477681795,0.39477472864324803,-1.468052708145338,2.5801189584412194,2.5092715629824305,0.20655924972124334,-2.446414976919722,1.6439088736331167,0,9312
GSM7890835,GAGTGAGGTGTATTGC-1,-13.095346066594018,-1.0916203894118934,5.8482044068427115,4.245338603083188,0.8865078486738248,0.5452600954170028,3.0281008969782413,-4.1082415406045225,-0.2963671768134162,2.1235311155315744,1.8128145253762238,-1.754419234278448,0.1558713099586304,-0.19622469721460112,-0.36601589486797814,1.4567269291252274,4.252628083769518,-1.4753192524831729,-0.11351473423569648,0.6029367161594077,0,7330
GSM7890835,GAGTGAGTCAGCCTTC-1,4.209724633254858,2.9687161207095434,10.164287367720604,4.841697218429112,6.636745601908765,4.95250835086171,-0.5345141808005495,-1.9111265570925917,-1.8184411735256558,0.5294680141336436,-2.5499834021830448,-1.0397826143390343,-2.721949489285803,-0.12105666017623332,3.0457989336632556,1.7924222742965166,-3.806836985117609,-3.35765681436858,-0.2946437168758657,-1.1892169580715215,0,10659
GSM7890835,GAGTTACGTGACTGTT-1,3.299903208187589,9.343908228880665,-0.16848311989733147,-3.2654691663131286,3.7341719861606433,0.08653802535868986,-1.693360752754581,-1.294234722051989,1.3432584969618722,1.0312752343650122,0.6337901355145354,2.016434350857752,0.8662229659622369,2.140617836449448,-1.544448015600863,-0.7003113127371737,1.7922035921487594,1.913325676011617,0.31626292274248163,0.05141429515177956,1,17264
GSM7890835,GAGTTACTCCTTCAGC-1,-9.76346338947585,-6.72428081771536,1.934650379576436,-7.1461632027073945,-1.5728824265393044,1.4966274551888226,-0.6824283329522413,2.8922621869530176,-3.6206246601307774,-1.9062075839439596,0.8963583292337348,1.807751435660406,1.1100088968558555,1.3520565826060287,1.1540039632850962,0.32820905330390576,-1.838553464984556,-1.024618600153866,-0.6252498200333465,-1.7341404859266818,0,8967
GSM7890835,GAGTTTGAGCCTCATA-1,9.351673822850778,-4.947282625734056,-2.256291728877468,2.3818456693166588,0.7370048536332937,-0.18516834835427853,0.9050115775157787,1.804290107148342,-2.5001466100716567,7.04232729456012,-0.8702854719262596,0.9446686904576826,-1.3976811579087252,-0.4683960572485311,1.1938903882152436,-0.32800453005408264,0.6748050610225346,-0.5602069963975369,-1.8131221680597747,0.6559686338612186,2,20306
GSM7890835,GATAGAAAGCGTCAGA-1,-12.28050838563128,0.16571344100035634,5.74929227900509,5.481565681136662,-0.9176193197153385,-0.8282528662240048,2.3627719777590097,-2.4137097210790928,5.938301604975631,3.1178554864969246,5.028984132336997,-0.2641148422620739,-0.46490250572611364,0.831566667596611,1.4325737897690165,-0.4381143764390025,2.255510101251539,-1.9317412532397438,1.9213360582762309,0.9930166019239174,1,12214
GSM7890835,GATCACACAAGTTCGT-1,11.02871852479381,-4.08062404484568,-3.776871982040257,-1.1751638066255643,-1.7670263486401887,2.836264104142904,1.7804648650913268,-0.8298782620436204,3.9574937349817536,-7.481501116805231,0.6347945192877203,-3.7488341769575637,1.5329233911265812,1.9243953198542898,-2.117992396598793,1.1869758116883464,0.37079890276878524,-1.5681036803711725,-1.6484927490118915,-0.8656635305681806,2,20142
GSM7890835,GATCAGTCATAGTCGT-1,-11.622963620286486,-5.397137006440272,-0.7093325397867686,-6.174975468092228,-2.0933135483702308,3.192770902751477,1.425554981625769,4.116717676049524,-1.1789082508675817,0.8908658494078451,3.22514909896813,-1.167834371429745,0.04936882705754157,-0.909669481140282,0.8089425669459468,1.343578113853955,2.1057087092474056,-2.008674329044976,-0.8373457936690568,-0.03722415999057984,0,8261
GSM7890835,GATCGTACAACACACT-1,10.5206553943997,-4.140875789109757,-6.590955044553803,-0.22439135239553856,2.4762895062313386,1.7266220956177685,-1.0671708323509372,-1.0973618127470626,-1.1067639005683654,3.823511060860229,-1.0044385229404957,-0.5267259078839029,-0.209020351211194,-0.1869696770471971,-0.6688077673999695,-0.9726829544069698,0.6063314126667412,-1.6146674293432495,-0.9092659386531491,0.38457662086374633,3,32439
GSM7890835,GATCGTAGTTTACGTG-1,-9.9787302150577,-4.391918445444455,0.31645039374838896,-2.110316260488485,0.5917668698253531,-2.3204605019734688,2.9198976775099803,-1.5798864248847273,-0.0638195774758309,-0.9123956759553263,2.002690712198262,2.563449366275418,-0.3557294558202221,-0.3154135389101475,2.806696693396556,0.8933526843747138,0.6420127672595046,-1.2913800509963769,-0.5404117517733282,-0.8269988682318674,0,10951
GSM7890835,GATGACTCATAGGAGC-1,-2.680114491920823,0.7084281471886443,0.49882879742063246,8.320043603939627,5.1700112052773015,0.4128662695909103,0.5120328422788821,6.107378673820041,2.3855599253011612,2.689688154780293,-1.3825161942495234,0.8610589835181315,-1.472240551591227,0.492831336351523,-3.534613316024505,0.06643431721659776,-1.864442614643494,0.3781132623462549,-0.2819071809401492,-2.121959745953542,1,15007
GSM7890835,GATGCTAAGGACAACC-1,-6.867828794826943,2.293853273659889,1.988527185386308,10.10469120569904,-2.4195522839622114,-1.2807522901869999,1.9025944551632892,-0.543048865258278,-3.9996080547683115,0.22133792722348222,3.158967063390681,-2.154384373010645,3.1521131529708244,1.6199181317449796,0.6044970602601709,1.0314559373144634,0.18158283582429477,-0.4190189368290767,-0.4377405876101072,2.417983186639658,1,12138
GSM7890835,GATGGAGAGCATTGAA-1,9.319064391916607,7.413192533341031,4.015970871831203,-0.11547104230305068,2.969364424375438,-0.3572553619628302,-0.6493664216772969,4.534881175549239,3.1495162230584945,1.0687519578273794,2.351776576207796,-0.40475752248596353,0.37285497502164766,-1.6790714444282266,1.1968198975218869,0.05422223359756479,0.38171634207587885,-0.21436165371107754,0.10830391320494363,1.0958959323582649,3,29544
GSM7890835,GATGGAGGTTAGGGAC-1,14.181071838761373,3.082731871636712,4.669894927683821,-4.322604683025604,-0.5060109947690273,0.37406276308084546,6.436540449267939,0.4499786782318377,0.12064073252812857,-3.3291358898706456,-0.7764556447082721,-4.779466526225647,0.7571166979401339,0.26508504515905384,-0.7871762665721401,-1.9133046198280703,-1.0909840336155012,-1.2304845692478326,0.5425794517662075,-0.18855151376838347,1,15017
GSM7890835,GATGTTGAGAAGAGCA-1,13.547009786356194,-6.957469036539934,0.1818029937071306,1.1058566334427586,-0.4355451733844221,2.1921937517133,1.567168091400515,0.03664709279471771,1.5391865815490895,1.8820235933821603,-1.2998211891689015,2.3831763939724966,-1.0643867683695152,0.768715693259236,-0.914241410362148,2.1422557810866714,0.6942102349405707,0.3891008163643165,1.3640609744482788,0.33951256532148094,2,24401
GSM7890835,GATGTTGTCCGCACGA-1,-10.880982701284937,1.2052945071742067,-2.0716146083501656,0.4256612558861512,-3.622634486359214,-2.131073224908654,1.3607471642157654,1.2965174002940276,2.2783780143974393,3.7683054968310215,-0.6511187347082112,-1.1855703416528451,0.7211575120706654,-1.3747491313351767,-0.0756471041036517,0.701859613464126,-0.5652190617529719,-1.4294946070203238,-0.9044949945027917,0.26104771040855196,1,13823
GSM7890835,GATTCTTCATGACAAA-1,-13.94474753033196,-7.740269585064134,9.9354869420617,-0.48043337610754455,4.340022721041044,2.5675423713278405,-0.4310123092398271,-0.22650771665376343,-2.4891023285737823,-1.0599832646477594,-0.7995348329312038,-0.04012398830986744,-2.146852389014089,-3.238261345286741,-1.6922101709601947,0.475526145980174,0.6270444859840995,2.6668255260656863,-1.2098768992858628,4.225661187240606,0,3807
GSM7890835,GCAACATGTACTGCGC-1,-6.335537473069705,-1.6961985228727978,-6.1332089432111205,-0.0071898027046127895,1.3148478784641724,-2.9287455925170875,2.59288997122728,1.5654280491697294,4.76917122422999,-1.9203489796407112,-1.0276442157643269,2.9544891775562507,-0.7498657992695953,-2.2985941753341743,1.3353030006374504,0.19958441275804387,-0.20106232156017945,-0.22899759838964592,1.8231120396578118,-0.596321965231514,3,26188
GSM7890835,GCAACCGAGTATGGAT-1,-11.664145987824188,-2.8287581766637615,7.13436245997757,-0.8204594768536624,0.06084624982121571,2.7573303983201756,0.19155138216724119,-3.0985298722429317,1.8100332072076377,5.997912074690012,-1.902230913128975,-4.584954387986678,-1.0061250136877615,1.3135097986285036,1.1904400945272844,1.4446762486028246,-0.8033241387339966,-4.325322870530503,1.5671107687335906,-1.3620399943129309,0,8445
GSM7890835,GCACATAAGCTTCTAG-1,10.48520802440247,-5.5959685113328685,-6.773156191948336,-0.5821577047154577,1.0804504503809849,-1.1533655797558846,-1.7145648760422931,-2.5858664995281226,-2.593997920719446,3.178851003465999,-2.1801241492994095,-1.5336674767890768,1.9175633778748975,-3.253805031225695,-0.2259369472574612,1.1208956879503404,-0.36662012998738713,0.9062175892879226,0.4343984378743267,1.7543226195394415,3,27875
GSM7890835,GCACATATCGCAGATT-1,7.546821991198711,7.854526770634979,5.520485285850239,-3.7109004871739666,1.6156788784862264,-2.3209819324415046,-0.26683258729053455,0.7740084232364454,0.12203256895535348,-2.1430567576932864,-0.3319212319886546,1.1233660800562408,-1.1056361758233786,1.2474741574269053,0.27869197268575246,-0.42434267367474904,3.661992680092262,-2.8220065024857983,0.46270052426945246,1.4945915802249425,1,13295
GSM7890835,GCACATATCTGTCCCA-1,-4.21960658553029,0.9898997262452471,-3.9889316134322317,1.1101550308004988,1.1678314282805646,-3.3616629350840634,0.19079748530822327,-1.1973003418614985,-1.9224504855657385,-0.11580680327638919,-0.4258839658041863,1.08925957203531,-0.9308259388599691,-1.8520590937519867,2.150226346006627,-1.279420972685315,-1.1133385303833,0.32414172108153116,0.2627204954606881,-0.3046045724955692,3,31732
GSM7890835,GCACTAAGTATTGACC-1,9.804017935917512,-4.179347582165579,-1.2773365599498878,0.7159699989821549,-2.537240376045586,-3.429542807209733,-0.2888480361440639,0.6742836922735604,-5.042072998435606,-0.49038786814327984,-1.3617465702755758,-2.1463259093336706,1.5542130630113822,0.25553162097265764,0.9349793580541171,-1.827883097083338,1.4408969336590403,1.4897077517681978,2.1476528238891937,-1.6623309985783132,3,25226
GSM7890835,GCATCGGAGCACCGTC-1,13.475292267306589,-7.499915954377405,-3.035726930875006,0.8322882312542661,-3.212106536756173,0.4936668733770852,-2.726486705862191,-2.1536649782459496,1.0365329131785643,0.03723979913173941,-1.6583981592257848,-0.8480831950332367,4.994075438448933,-3.8158655415671423,-1.2660615787108243,1.1719135355427048,-1.1131653903581127,-1.057628341719108,1.8497947627649436,2.1708675061565206,2,17770
GSM7890835,GCATCGGGTACTCGCG-1,-0.45212540196696394,6.5348083398571495,4.911477146526811,2.639474007379807,2.196636454416298,4.212133710184402,-4.824481220215987,-1.281042721500136,0.5836094326308291,-0.1499194849768105,-0.9961244083818231,2.688672837738197,0.5920636484398082,3.45866011082535,1.1272058521028825,0.477517103895827,0.0233046939919219,0.8861266376544766,-1.1378564331138326,2.5930448664008465,1,14227
GSM7890835,GCATCGGTCTACTGAG-1,10.173678552810731,-8.518663228026671,5.10857208827147,5.174963811176139,0.6208401209558448,4.6807052547215635,-2.210702279629483,-3.1937952418013293,0.8390057118045174,-0.23247989208606748,-3.000602319510879,0.5471535565911767,0.5883574400392306,0.05062919384526644,1.7177322669161832,0.2596145367497431,-2.4985698742495077,-2.015712937533297,1.2646212120395972,-0.014749954434288908,1,17151
GSM7890835,GCATCTCGTCAGCTTA-1,-10.891323628433236,-5.920303497309323,0.7658355427899387,-8.910495538805215,-2.7896062973181577,4.550244440790827,0.40417107338000535,3.5772715597517517,-4.730644423056805,-1.6569715167886025,2.0430838017433994,-0.005757169391908857,-0.42677670765072884,1.290251140423784,0.4375548390787337,0.3618306616442561,-2.40509195403887,0.52559425857381,-0.9886536965433598,-1.351094959020908,0,9543
GSM7890835,GCATCTCTCGACGCGT-1,11.326372918200764,-9.150426736762856,-0.8026320723580722,-0.14653657501339903,-0.8102352339494172,2.691913963106133,-0.9129593946132998,-1.5933636295222384,4.713903181918468,-4.6330572455281755,-0.3675967341440953,1.0770063999862713,0.34147925383887867,-1.0299367468479688,-2.4620560504724827,1.5995571503957726,0.040784968655830305,-0.7840231516432435,0.03320008495923591,1.3020612551789954,2,24369
GSM7890835,GCATTAGAGAGTTGAT-1,1.8699123036017367,6.427462151263886,1.0503628846767143,-2.479491277712013,-0.5610548075078049,-0.321351694575649,-4.695514099103166,0.2282573138707179,-3.674221517089668,0.4096730988668474,3.093400456488943,0.7085053657452647,-2.097114987471685,-2.10465648155329,2.404896249056925,0.8605388280451953,1.8720369790420295,-2.4248564828200263,-1.9383177002781844,-0.4317097351280446,0,5314
GSM7890835,GCATTAGGTTTCGATG-1,8.778606785958846,-1.1491603731604259,2.3540991980571953,5.904685794296047,-7.474995400525134,0.5568182395796337,1.0117322964161044,2.2223315212635972,-0.5524072936585686,-1.995312815496561,0.07406036187002084,-2.567976368140533,-0.3401127360253568,-0.9206216692998531,-1.2053767984478845,0.7272054022637789,-0.7833968425591941,1.4527301238856747,0.625263895980823,-0.3407077431313156,3,32316
GSM7890835,GCCAACGAGCGTGTTT-1,5.909369097643497,-9.30221099637422,3.885068690827349,-2.3022132241161586,-3.1837909100685353,-1.464566002724231,2.957719353941682,0.6516680213912247,1.778302011079941,-1.1600532038545184,-0.6901378223528487,3.7024473442792134,-2.6047600057392932,-1.545370146568198,0.9562662261216613,0.9875237656741197,-0.5200007200811485,1.8782331023971077,0.5271358211291863,-0.047751690896382586,1,16191
GSM7890835,GCCAGCAAGAGGTCGT-1,-9.627021454463947,-4.536998323579342,-1.7053882300050438,-5.672112334963989,0.6989607643670068,3.1906143822466584,-0.8775721839498787,1.9855496291915216,-2.6091740363144234,2.7532700237592054,3.053302502762917,-2.601311070222401,-3.4928930323892473,1.9353500898211278,-1.7645357569180096,-2.804209995160286,-1.0553093157161508,-2.632853488305424,-1.5582615661319963,3.044980941848057,1,14246
GSM7890835,GCCAGCACAGTGGGTA-1,-1.8989681211209903,0.5459852554193737,-5.979197422126063,1.6468265625503473,1.122051738625411,-4.735004787580517,0.19823303975400525,1.9760765408327523,0.2918540467618341,0.5876293214136321,1.1735421825310297,-0.04159203154607948,0.2857152492922534,-0.6770586556735267,1.2315149190461034,-1.0905096233552025,-0.04214702856639983,1.1511426124323416,1.1752285774220619,0.04298082134186344,3,42275
GSM7890835,GCCAGTGAGAGTATAC-1,1.728467391427988,5.559520074891694,8.038304602553557,2.8488194792351544,1.4359112263575011,2.266858553758838,2.1345805236894444,-1.113408255151301,-6.948416394825105,-3.8779075113642834,0.618704526106267,0.42045696845173075,0.3398420587475198,-4.0607244043323,-0.7756813096428802,-0.2066322301873197,-0.4724938473927016,2.330976791306402,0.5730150259557066,-1.8998173401269791,0,8016
GSM7890835,GCCAGTGTCACTTGGA-1,-2.6465497749180824,7.186807497416879,-0.4140094579845776,-1.2791789725261367,-3.834959848319152,1.2733499720065111,-3.5823954624638708,0.7504245690910416,-0.15595828569453327,-0.3231536131054293,-1.1963518256041046,2.666092725490132,0.49993622842896607,-0.5829696303084617,-0.34225146603319223,1.300814874969605,1.0303484691049636,-1.1565467401526748,1.714693758091307,-0.061568415710701804,2,23802
GSM7890835,GCCAGTGTCCTTGGAA-1,1.661619638130298,-2.0603340022818646,-7.770811610015259,-1.4056220802660389,7.004212934718847,0.2569290894615581,-0.9150440342724578,-3.5374432018818744,-0.7328438739749916,-0.7199992457676581,2.2056080495564254,1.1460396165254123,0.6398244112426994,-2.6761440559104943,1.0167902891043055,-0.2123117831710353,0.39119683723219784,1.0936598979224026,-0.22740486246316205,0.46642710313979796,2,24903
GSM7890835,GCCATGGCAGTATACC-1,-11.065606568130315,-3.441868808786099,0.524263025088285,-6.263555825738369,0.2285482831633211,-3.6277222120285657,-0.5322303329298566,7.73454017550042,-1.0363994006791588,1.1560352429000935,-0.086371518601328,-1.674101209770283,2.179521298128535,-0.43331626266136425,-0.8568961898530054,-0.07452613216333534,0.3061038525429613,-2.7662600947650344,0.7958223303651737,2.298055148589025,3,27727
GSM7890835,GCCATGGTCTCCGAGG-1,-12.018517762881027,-1.5123297706284855,0.818632988677183,2.4071575946627015,-0.4286070434844297,0.6769596456784758,1.4617323057721034,0.04071808956834976,-0.6523076731929542,-3.3779807217785938,-0.263232455096114,1.1306006269282638,2.856744093018153,1.4126281567106782,-1.0803454753041906,-0.6699772127576876,-0.12851803556271257,1.1911896135260491,-2.7046451957195314,-0.838219141525948,0,7904
GSM7890835,GCCATTCCAGTTGTTG-1,-6.90439554236295,0.7344440735432469,-6.195865650801339,0.805179051465744,0.5033845298817041,-3.3787205837418,0.6185477911246698,-0.2916938170814293,2.3615901763513776,-0.10411876360007888,1.5955329386483934,2.280054493225,-1.9070147986774793,-1.5427923392922953,2.3865488339013643,0.05088068576371092,-3.0343901048682853,-0.4723876873934306,-0.4955710122203036,-1.2970341341056584,1,15903
GSM7890835,GCCCAGATCAGTGTTG-1,-9.612990473725342,0.913508293431119,4.30009484910153,6.451470896904301,-2.688149981531665,4.4674422293185705,1.0146482845595703,-2.833490307266094,-0.7357995288123099,1.7649587564258091,0.6294017704682081,0.8382383267372572,0.9675685041631781,2.61406904105481,-0.29975583949472967,-1.4955871636097398,3.9746379176739084,-1.612107029790543,-1.3037957711818136,1.2609619637014318,0,7029
GSM7890835,GCCCGAACAAGGGTCA-1,2.3809288131334108,8.264628163923522,2.9057605280803975,3.637856526662405,0.12133814220811107,4.073567167434112,-4.394330260707443,2.472313984755375,-1.0469587541464063,1.61732479517469,-0.1673078010428305,3.4085747417353045,1.2988682891308339,1.0182059490398014,-0.5008743405852915,-0.6639153828409349,1.0322478732467844,-1.290877638886147,-1.4561652127546063,1.9950095725688684,2,17454
GSM7890835,GCCGATGTCAAGTAAG-1,-5.202221748944574,-1.3816728325819954,5.723235641891238,6.79640213537292,1.036199591286605,-1.5467392516384268,0.022964372927612713,1.3130440597984485,-4.852291203118768,-2.238034819697755,0.8898874839925403,0.8588960053277949,2.258233320513364,-0.21548440971118424,0.6869319119592554,-0.4191794770868979,2.304824295592913,-1.014005179679727,1.2180131950893953,2.7968885756345894,1,11898
GSM7890835,GCCGTGAGTGCTCTCT-1,14.020379803773853,-4.711819220930885,0.9781606187733204,-2.2445790282056683,-1.2408150919541077,-1.5905428483284307,2.1157882387432063,-0.6707912183759597,1.3609621276995236,3.3089130689295234,-1.3847547855678966,-0.3213602661593372,-2.9098605620051012,1.934146678856603,-3.697597798748486,-3.036945294785726,1.1339212455472139,-1.8078637501248391,-1.4027252155975078,-2.0068477093367,0,9686
GSM7890835,GCCGTGAGTGGTTCTA-1,6.80452533262786,-3.1060067999984105,-5.692172373974669,1.319174722850921,0.8288234542178946,-1.5709566831033388,0.779381267597881,2.408679350915146,0.6953768588332291,-0.05173413219142124,-0.6987415722906538,0.6649569444015752,-0.7274542382625909,-2.302830601058168,1.3853747403548011,0.8625331100395552,0.21406106013749726,0.20395443010351783,-0.5666945508342218,-0.19978662905679043,3,31611
GSM7890835,GCCTGTTAGTTACGGG-1,10.696985852017855,-7.030270364570711,-2.6168095974880936,2.52667422067902,1.3217413906407591,3.0868106947392016,-1.4714102110267864,-1.456283552557637,-1.222588960596037,0.4039542446979662,-1.2782803104887608,-1.2083812690561861,1.4961271011664379,-2.140763846235914,-1.5199481400127408,-1.5572799884844826,-2.1628863741746236,-0.32718188457037817,0.6511772633806654,0.8970872251589885,3,38108
GSM7890835,GCCTGTTCACCGGTCA-1,-12.785553135566436,-4.9760170998495585,1.7464173690460332,-4.294460758618849,-0.6556840924503253,4.093861208878265,0.4801942433729281,2.7620777079038756,-2.8590804133733854,-0.041300171114517906,0.3146460842103813,0.10664710825321846,0.7467190752448453,-1.002708652055716,0.6960568648710439,-0.45343432874200923,-0.13860421580121537,-0.8058384803764562,-0.08885091036558915,0.9815866007526707,1,14496
GSM7890835,GCGGATCGTATCACGT-1,-7.767801032287366,2.8712885324140247,-4.12937070103059,3.117446056774025,-1.3407240895130692,0.6037797953732746,2.558422736340888,1.7116935032569744,1.649715524895051,0.9046852930105692,-0.40779317582450936,3.2634749732761317,0.8792896720692153,-1.6930431085574997,-0.9612732220220297,0.17220559825366744,-0.6464277100606007,-0.6359089192638325,-1.0370756720710768,-1.9272965133884663,3,33101
GSM7890835,GCGTTTCTCGTTATCT-1,9.38373712930127,-4.838072927129214,1.2374172590850603,5.761756947889183,-1.0460300898419765,0.230257658885392,-4.318435332685651,3.0994563797892183,-1.6826732323822184,2.8648397024566274,0.05017335333401683,-0.8826137377587671,-2.528353799801077,2.3075449552985168,0.013655193034699989,-2.524554789263032,0.7622859541564702,0.47311295205952697,1.5348010258990203,0.338120186692508,3,33337
GSM7890835,GCTGAATGTTACGATC-1,9.823204546010835,6.3476845132808375,3.2528883351493594,-4.417015269676328,3.4502603637937583,1.3819906644281073,5.946996457737598,-2.0566663793791964,-2.6435338890270947,-0.04620772310308613,-1.3616840807186792,0.9822179112579911,1.6265428260114785,0.9885569880350041,-0.8082625331032776,0.5818667196926975,0.6111790949593352,1.986162560318246,0.8524792049662214,1.6885722555942433,3,33996
GSM7890835,GCTGGGTAGATTGTGA-1,11.173982705824733,-7.824357251919489,-3.6218526900414285,2.0518738106459398,-3.0124573096192346,2.8843150523567127,-2.3262310179212804,-2.203752948021408,-0.007304793074139759,-2.9590893957621054,-0.43919202308783706,-0.6991840620026653,3.8350758353612595,-2.487402695798039,-0.5873917681185723,-0.25915131965226584,-1.421691630831941,-0.8738906997068429,2.7667351605834716,-1.0767172412101884,3,38156
GSM7890835,GCTGGGTTCTCGCAGG-1,-6.525455413663151,-4.730856840668563,-3.4451057446246085,-9.867094360992738,-2.44957146039216,-0.058621125502301134,-0.5110742441354993,2.3171458778365466,-4.775187771380368,-3.290529814273428,2.8880606076491184,1.31169464464779,-3.4800910160808636,1.8841483496445646,-0.7618857027938888,1.109886522496276,-2.416806079129553,-0.814404151375052,-2.2490409448284283,-2.22609288873889,0,8915
GSM7890835,GCTTCACCAGTCGTTA-1,-10.927912616909529,-2.4890554687148985,-3.610420547704089,-0.7682763463820169,4.09701592811538,-1.2802315787773557,0.26952119898248983,6.779139781316359,3.016096710544089,-1.0818851023646212,-1.6349339584848923,0.27292328895899154,0.5208309574705612,0.6986359728512733,0.24421284466010854,-1.119544981722701,-1.2643706834538375,0.9118008401330728,1.9376714229906062,0.3270814417850463,3,28664
GSM7890835,GCTTCACGTTTAGAGA-1,-3.524923812213411,1.9669262601630675,-6.424961991386616,1.4519287855829004,1.8685396089245787,-5.784571469150094,0.16933547084730835,2.076224318899122,0.032564041445150106,3.310259328081447,-1.2776227653160797,-0.5698019209079658,-1.060684917022684,1.638559761240557,-0.5193143302151697,1.2235316405398065,-2.3882076774258474,1.738007844411982,-0.3956146465045731,1.5545319727012477,2,23001
GSM7890835,GCTTTCGGTGTAGCAG-1,12.411412120807697,8.103960620472355,4.4214948256253965,-2.807035432435126,4.688168389782433,0.1117815982242406,2.6333720481132254,1.3877100658729071,3.514721808558207,3.6871087057291727,1.289133175038912,0.9850308126151743,1.6660960547453825,2.1973908062171845,0.18981084316688382,-0.5631695282472994,-0.8233528433925005,0.678266667802923,-0.11239692385088391,0.7139500167156424,3,27074
GSM7890835,GGAACCCCAGAAGTGC-1,4.728496644794976,-4.545035095579646,-8.941621884219963,-2.9520506659091077,2.7274170129938184,1.3801969134907253,0.31067154293153176,-2.777686214283926,2.6369999866969627,-5.724659237740933,1.9345870954683146,1.6225922939453619,1.169640711908254,-3.2535579698595427,-0.5325938993924193,1.199884740369839,1.0309725615675802,-0.6270459954447885,-0.1545105180773341,2.51937902671642,3,32662
GSM7890835,GGAAGTGAGACTTCAC-1,-6.972185462579609,-0.6176704345174783,-6.507870738031305,-1.3448763772010568,0.5605247286279272,-6.349429736383811,2.275031883651599,0.6904443260150617,-0.23422558864446846,0.5860339550200827,0.7601414679615099,1.785412309564549,0.8320400427925316,-1.7102597491783071,2.008698413639537,-0.2312240455630203,0.511756667304322,-0.7098277274475862,1.2206052767788873,0.8560231449364413,3,41687
GSM7890835,GGAATGGTCTTCGGTC-1,-8.418182234042085,-3.835379010471835,-3.7167370379524862,-2.5805883363293156,5.59065851540078,-0.7295519322390381,-2.8557275076838553,2.1239234417797794,1.434776555638356,-2.1645026146587076,-1.670488734904691,-0.18968408281238305,-0.10921761170344417,1.6617753345890833,-1.5101349871182013,-1.2360640155439235,-3.101544188489687,1.2848889425652439,2.900407627993563,1.0270807867741858,2,22836
GSM7890835,GGAGAACAGCTAATGA-1,11.674704305127001,7.677452841005087,1.5960984056172554,-3.1078406303445356,5.257816323577616,0.7327185920456499,3.719305660820389,0.1064497791239915,2.2894117380327152,0.3752071259894465,0.20756921148242496,-0.04183740441622402,1.221690549187659,0.8263652976686393,-2.0601480372787857,1.3942868409193807,-0.9296900892634342,1.7230592293014226,-0.865507330707267,1.291962816825332,2,18765
GSM7890835,GGAGAACAGGTGCTGA-1,-12.518555123907099,-8.508375339102507,5.813953741835642,-6.944178770579141,1.2023103456447979,9.71629033287005,-2.970961459315236,2.4610676994821445,-2.2591733984313853,1.4613324375099634,2.677138032832649,-1.2027356873784916,-4.36514567915792,1.118375015361832,-1.3912743959971483,1.0243977863171785,-0.6094043268542976,1.9817329449962022,1.9516105387631355,-4.203887881197764,0,6545
GSM7890835,GGAGAACCAACCAACT-1,3.0685138828037086,-4.166399008222354,1.7581903763642586,8.108502500939833,1.188775803623022,0.38545485754770753,0.8133810259486657,0.7283536397270788,-1.8267618490067377,-0.45546079334586576,-2.552433046026792,-0.5862034079154845,0.5034095090356059,-0.044476476848758925,2.4139538720371845,4.3175015529375,-0.750844689806551,0.16290332341240576,0.9369340299435839,1.2709346501903405,3,26078
GSM7890835,GGAGATGCAGTTAAAG-1,-11.828089766308585,-1.0232394035605803,-0.6100617291718847,-1.1752139721278916,1.38843903005954,-4.054991003242547,-0.21270045381203867,1.670899087640016,1.9783265957827503,-0.6716860229036197,-5.6604741249424695,0.3948931713437355,4.164055603503598,2.242640914698033,0.9362576143560011,-1.2949157413723134,-0.6905741718107477,-1.2280770650325654,0.6652685563526617,0.2950233672843008,0,10668
GSM7890835,GGAGCAATCGACGCGT-1,1.2029303081955385,0.4147922631102653,0.1497419645748268,3.7111775525510975,0.2219662880913681,-3.725390360931785,-3.254534888974521,1.838309125778207,-2.3636728197533836,0.9335376125446908,3.603056700739468,0.0026674495446948007,0.6927125992381901,-0.9226417568597213,1.2087382028783966,-1.0448235322578798,1.7648128757637451,-0.7890583679839032,-0.18187499075235491,-0.9866292493941348,1,15666
GSM7890835,GGAGGATAGGTGCAGT-1,3.986976603191981,7.804634619727971,0.8245844384073991,-3.0850893683635463,3.57788572070719,-1.4247912727766536,-0.6401110356574664,-1.0167344101373337,0.8272055300576457,2.274217257852157,2.6126039563466796,3.892913823837696,1.396091720547796,-0.2920746505055107,1.4872284938236804,-1.2833091680755369,0.8518666061296335,1.788101009813426,-0.12574963441222856,0.8012797361744629,2,23440
GSM7890835,GGAGGATCAGCTGAAG-1,-4.717560056960947,8.872192529933566,-0.3151977842404918,1.1043061450308582,-3.8551973797768477,3.4727457208763046,-0.2984522278379275,-1.7661056798838453,-1.594821978033363,0.1222680413762242,-3.978215229106823,0.8628514856596623,-1.2480598980104256,1.7477142486248642,-1.3065606723300205,0.9779239556362557,0.1475603769254701,-0.715161530974731,-0.6958022085175761,0.044387128102919185,1,13587
GSM7890835,GGATCTACACGGTGTC-1,-12.146227812794033,-3.0322785363611673,-0.21216617325875758,-1.4049079035188252,1.5435856685810823,-4.948146747975193,3.1108108858018504,-2.879734144887368,1.5234954799680087,0.9306746547385389,-0.37125477418004793,2.1248133720437603,1.7612722331054635,-0.14727492206124415,2.7334133661038207,-0.010773286347507832,1.8913268083285224,0.5062484791517721,-0.29338150929623436,-0.34278329298005994,1,12062
GSM7890835,GGCACGTAGAAGAGCA-1,-10.432648234794637,2.1948437057973873,-0.23382128969176155,4.806044352178075,-2.200772637599112,-1.6765376190871304,3.7467667445374664,-3.887984672046331,1.0636033026124914,0.7974112378788806,-2.1522379820686406,-1.3511004893540577,0.16092855829204997,1.6484915007370493,2.1525970597405917,1.1995395345435058,-3.1853795322669476,-0.1419920006591836,-0.5585033527390545,-0.9480914861276148,0,7890
GSM7890835,GGCACGTAGAGAACCC-1,0.20310807202571532,-5.835207086244085,7.291116316572645,4.395611101291257,-3.754310025674811,-0.8217161238365607,-0.19823686663089501,-1.471214629721287,-0.021962806381393116,3.3127877891979507,0.315680454705595,2.470937796630072,1.1402094939098826,-2.49945185443851,0.6843189236940229,2.0849267002399685,1.0093520561019496,0.19914715624330273,0.8438118996300323,-2.7638830282255618,0,9947
GSM7890835,GGCACGTAGCATTTCG-1,-11.089494054624943,-5.0928216664521,0.3507237074481457,-6.328596320511098,0.10465185512049248,1.2025687092083657,0.9590551042361365,3.0054755706752094,-3.022291397241657,-1.1839793766889657,0.9619982601603975,0.5275003430596663,-0.9864194203519416,-0.894083391006661,1.3004456812360117,1.2999005037808757,-2.0095152181657814,-1.2672779207345535,0.3491676126706688,-0.014625259198086,1,13038
GSM7890835,GGCACGTCAACAGATA-1,-0.8485852005202876,7.944059537249888,-2.9491354296311,0.5171809814691348,-1.1965221098759624,2.749980078177768,-2.042643188009148,-0.4227859654061597,-1.2089160866648427,0.20143021211031928,1.7079686794441122,3.4871257843730326,-0.9980971338825245,2.511775326389843,-0.159396054124353,-1.5946213175544208,-0.27581357241638965,0.8431940749520336,-2.359202594139061,2.6778511991479874,3,28634
GSM7890835,GGGAAGTAGCAATTCC-1,-3.867752836226392,0.18494487694798598,-2.6818259706185623,1.6581680033135375,0.011637396945455278,-2.3965435801009747,0.06434550296663542,0.16663535288343687,-0.36324426319998027,-0.9114275929855284,-1.113678409696471,0.8341378331602747,0.7680301649403484,-0.3011784172156668,0.777104569689854,-2.152275333922205,0.5805143625129754,-0.5824141589596579,-0.03404137197147929,-1.9113884400711934,3,37301
GSM7890835,GGGAAGTAGTCTGTAC-1,3.0112290719247365,-7.671752917761521,3.033543402246542,-1.6285692631147128,-3.358877119020846,-0.11657352217556109,0.46307660774156123,2.773093486321649,1.7155223743996229,-0.14081274243595168,-3.130485436588922,2.3913986555497835,0.9286300752964991,0.02184958552117946,1.908267291299641,1.6350606000975008,0.8519428660335501,1.3240017760732774,1.6111632866580727,2.087996409859897,3,25956
GSM7890835,GGGACTCAGCAGCCCT-1,5.897091933238374,6.062642334666724,1.7643397862198271,-3.14867578372824,1.461137914682332,3.659752999446531,0.07296395200738422,2.1584568594885436,-0.13396944448008025,0.5673070632340499,-0.543806677403061,2.9274163401390907,-0.19679231661019148,0.768201751429706,-0.23610284968382078,0.3581421136543019,1.5431259687010577,-0.5082330410055488,1.6334531913142234,1.3838997284068575,2,23819
GSM7890835,GGGATCCAGGGATGTC-1,-3.4978563124983633,7.266568182473634,-3.196118501093738,-0.1892312843590901,-1.2579325037679476,0.4426206569712647,-4.455427315431966,-0.3046889792585129,0.42481068944156924,0.8869127753084161,-2.61588898588012,0.2100705849313098,0.3946737330466777,0.1826416703513114,-0.2492350978342908,0.7498635188453158,1.5071748072861917,0.9847028140524263,-0.30167082554041724,-0.034422741355418736,1,15805
GSM7890835,GGGCCATTCGCCTAGG-1,11.49118307209441,-1.0571740898804234,1.3715878130701231,3.2301880161025736,1.9429010979455814,-0.6038653544677913,2.187883400495688,2.4044970965010277,-1.5399463457103002,1.8769567558174043,-0.08612127726723942,-0.8777359701583779,-3.0965489509612603,-1.306180590918334,-1.6633744326751438,-2.0127357581748493,0.03740339864114442,-0.5979615030417631,-0.5810582093328627,-2.0802220321739133,3,34598
GSM7890835,GGGCGTTGTTCTAACG-1,1.718566724672253,-2.6649111446094107,-1.0475290405898208,4.028586052212868,-1.5853323727840727,-1.9402491471806342,3.2999820815772667,1.4303876512854412,2.3593900433302277,-1.099220476728509,-2.2724892406044894,2.4169936899944306,-2.3507852366614377,-0.8725225687326209,-0.5276394387592521,1.8416868960507127,-0.8574465651064563,1.4802226632606275,2.2689563479902044,0.5551878229338997,1,12212
GSM7890835,GGGCTACTCTTCCCAG-1,13.573731998104286,-3.652420881895625,5.707715142969668,-0.2955209070569582,-3.6405222957275614,0.779182404739452,1.015789799427482,1.4968817742536356,0.8483141086568212,-0.8564114184072876,-0.7720205411533256,3.2968175616436493,-3.0245430427665725,-1.1162704418257552,-0.5650184940851601,1.657574840152535,1.245125204761732,0.4295979355171097,-0.49029896851586496,0.2672870576166008,1,16475
GSM7890835,GGGCTCACACATACGT-1,2.1043801141549725,8.42093058644581,2.35317062750113,-4.459587036334246,-1.0136396657133344,-1.2207211330103132,-4.925966755755998,-3.228452530862413,-1.5409831595660854,0.32199415781243096,-0.36158157466231255,3.783792527646703,-1.7889036532668425,0.7869793609733184,-3.7704442805872906,-0.5248341746802273,3.359276128342786,-3.414783907063103,-0.2638172307621655,-1.2217583623766402,0,7279
GSM7890835,GGGTAGAGTGGCTACC-1,9.339362606345935,7.116818614261394,1.9648459457258298,-1.8522209141732902,-0.04645664771682869,-0.18261286726115608,1.2174944977012514,2.9353456638685165,0.6084909360540816,0.09848223051915228,1.8266036604216154,-2.961759797312234,1.4295045649015208,-2.3724549744293575,3.6488251144344885,0.16931024884370274,-0.18859073644107766,-1.6018032050733773,0.430681746302822,-0.9028672964916886,2,18938
GSM7890835,GGGTATTCATGGGTCC-1,7.712856842663015,-5.302852822543824,-1.7769605058441593,-0.36585471604087044,4.548556312593717,1.3906865755764308,-3.3774056631768,-3.713436288387438,0.36631599508169477,-4.824191725885616,-3.6230395823629697,-3.699645865269608,0.3060043806967936,-4.6974284144410134,-4.850647966326739,-6.1062189620345615,-1.267874606039686,-2.151241464050497,-1.6039669863239487,4.6136604054591475,0,5702
GSM7890835,GGGTCACCAGCTGTTA-1,5.642342269574016,8.28575364458735,5.108202518831743,-1.1730982277664561,2.8819544321211157,0.3816584676161741,-2.2434392277456983,2.011167694575822,-2.798201077821155,0.5519460630814269,-0.14933795260043528,1.559803066275112,-1.0421910814106619,-2.9593956016037475,-0.32869914286127616,-0.07375585541324656,2.5504288326395255,-1.1717974799007187,2.3312217633947365,0.2516247026627575,1,11890
GSM7890835,GGGTCACGTTGTGTTG-1,7.119585845183592,6.280885322732138,-5.054885218456987,-2.6113061619898557,3.6258141900769307,3.5070384829412693,1.6869065893911923,-0.10868252501588234,-0.7348748798948789,2.2490905858238004,0.136503837335421,0.34452703066104506,1.3270821347802444,0.7402779294023423,-0.8087620147480242,-0.2605724326656884,0.6218251751084036,0.8357825709978137,0.7915144361422685,0.6476996146031343,2,23959
GSM7890835,GGGTCACTCGATACGT-1,-5.51682051975771,0.7318590166209021,-7.439447382509028,1.0358488904161716,-1.8204383315458308,-1.0894898144326897,3.672885610978836,-0.43001835628682233,3.6205877744178134,-0.39189794761146096,1.5769588380889323,0.4962031344375349,-2.2151468277019517,-0.01155629226822438,1.6258382600568555,0.9334976072736424,-0.43416740478720933,-1.0596542102970357,0.9407290388883423,-0.6855578399228655,3,37193
GSM7890835,GGGTCTGAGACTCATC-1,-10.477118264942936,-2.4681662741146986,-1.7190738610030412,-6.643309618921662,0.7536357844494456,-2.764414079482887,-1.3466624772410452,1.1587633530133956,-0.28584022868907194,-1.5769844288272976,-2.709980197292069,0.694210222504173,1.1650165951688172,0.5387528997572028,1.181360940806651,-1.7641899261284117,0.837469264553668,-0.0025283035446835318,-1.6653862327394349,-2.0415883482969974,1,13284
GSM7890835,GGGTGAAGTAGCTGAG-1,-5.880583235516739,1.292342079633981,-2.5246527479213228,7.032696613462233,-1.428985553918137,-0.42943910777031147,3.201703808780749,0.11074982415284149,-1.5023287590121437,-1.5356498477587703,4.350950982086519,-2.7328725397307845,-1.4714394523813672,1.7587542863211456,0.9237029483174,1.4187996515687336,-1.6979014095302134,1.586980397360454,1.5188585955221268,1.3767072725247012,2,24805
GSM7890835,GGGTGTCCATCAGTCA-1,-14.724394892702241,-5.785200260848499,2.4065185035985164,-2.1468863453328497,0.7116345159906369,6.857609001913083,-0.9668968689592046,2.3259310827713406,0.1587022323073044,-0.5974438238886159,-1.2223183070762695,-0.4870564391696329,3.1339596613582628,-0.22357017904914103,-0.09296315639664283,-0.913428145044489,1.235063594722853,1.236107784647134,-1.8710564133151286,-1.275271756444981,0,8471
GSM7890835,GGGTGTCTCGACGAGA-1,14.118253353438995,-9.753672165275459,2.529504065805963,-3.548217509882283,-6.096869832827143,-5.132411120925883,0.8140421680282279,-1.0269856772080022,-0.025590737070837012,0.5489246551841299,-1.8772145442870745,3.014706997789953,0.7087079087136815,0.261108241396076,0.692134107351634,2.7474110194294514,0.5859507794266796,2.5060066638744734,2.0546384090325875,0.7524525619376553,1,14733
GSM7890835,GGTAACTCACACAGAG-1,10.642006378309238,-4.688418369024634,3.7748441957827494,5.0153563061848345,-1.9425015611192245,-0.38586730181020107,-1.512008795091715,1.8198674197540858,-2.6324832990060467,-0.9340239037551968,1.155154279648696,-1.0917708637841848,-0.9566907867240776,1.3446861761091387,0.007494994961917531,-2.8522077252901337,0.384769850702441,0.6098371872902546,2.0428816239796617,-2.4051296224108696,3,29649
GSM7890835,GGTAGAGCACTTGTCC-1,12.460366039118089,-8.793423352907979,-2.6129651263233793,1.0667003923581655,-3.481748637169534,1.129797713946695,-3.0304150337791245,-2.108108413963004,1.0230762653603427,-2.2865300266250017,0.8262720640539939,-0.9382256888061711,2.5908009711111206,0.0046229404584205835,-1.6242759320416933,0.02822314491303478,-0.4395048637221384,-1.7674791542508725,1.4935386300217328,-0.5056851501146503,2,23118
GSM7890835,GGTGGCTCACGAAGAC-1,-7.670599185217754,-2.151872458116309,-0.7377684159304775,-6.0948925557297,4.948696130583944,-6.762415218859745,-3.51161779706044,5.583572572803269,2.36595901765266,-0.3487617207982714,0.8653620753101362,0.9866224585520978,-0.7914193888252341,-0.33092422579510733,-1.0142897659422887,4.117955210283161,-2.311907077592488,1.2228704971350453,-0.922801445786332,-1.6677819598341102,0,9678
GSM7890835,GGTGGCTCACGTCATA-1,-0.6090749527383237,-4.940398467347342,-9.091854640967716,0.15102861775543214,6.7297637739428025,2.5177365113252335,-0.8455820851499392,-3.681001608393502,1.889214254885803,-4.147850899248267,1.1714738102498,0.0891755019103271,-0.09219136731733406,-0.14598119775612603,-0.1853550066779535,1.1711715506761478,-0.4949683442267645,0.6134274002486909,-1.2059361356572584,1.4598668147701765,2,17627
GSM7890835,GGTGGCTTCATCGTAG-1,-12.368126951989604,-6.6636891305933315,1.5172549339343515,-5.7139808163615795,1.185142595953922,2.9289818251909465,0.9099090218215206,2.5986072449128126,-2.1870760861962064,-1.8386154121088467,0.20670590441312794,1.1516472115379057,0.518926446658981,-0.42937705502172335,1.397855479054332,-0.8597127122569557,-1.1161592146519579,0.06418496833198477,-1.3455469982623331,-0.43224589761908483,1,12706
GSM7890835,GGTGTCGAGATGTTGA-1,-11.307703208407451,-2.7476964578886314,-2.3748146960063554,-3.690124886845889,-2.255475317039325,2.886522572702485,1.1157729538861105,1.1735072888330853,1.1863057375808579,-0.3656503162615832,0.7596021387134186,0.19208967424957626,0.5824389508412945,-1.8934174521145781,1.8438334008737909,0.8331286582975652,2.015315522317038,-0.4785969269329918,-2.885576878890403,-2.8790249544346587,0,10912
GSM7890835,GGTGTCGCATCACAGT-1,11.478150215765904,6.540951140160563,4.320771568274447,-2.152401729837175,2.878930547177618,1.8662755630236085,2.8126394053489983,0.9642646574021231,0.7999230904895704,-0.39946824266993375,3.1422172553516177,-1.5425432377247716,0.2519404341945091,-1.1765426632578877,1.4634223005757567,-0.3154666402768695,-1.0939977182359566,-0.18735539994634146,1.266675269122479,-1.8596224835443713,2,21382
GSM7890835,GGTGTCGTCGTGGCTG-1,7.338222754516796,11.397403365760695,3.412185771394295,-1.1788418481328609,1.0979239610862455,1.0629028988106204,0.0895733626379779,1.490846034288991,2.236306976447073,1.2593318001033855,1.0784312651054677,-0.9021083047663917,0.4362657744363045,-1.789171982355341,-0.730092268082688,2.6129076936728617,-1.9798048508053616,-0.8476571920273244,1.2936079444198176,-1.4496521025890017,3,27012
GSM7890835,GGTTAACGTTAGGAGC-1,-12.892834370357667,-4.5021983646835775,4.544364986620234,-0.7640034035491972,0.6956695076375858,3.347791934886008,1.8614657315424588,0.2623245966078834,0.5865711986019184,-1.6172292011273173,-2.5545709973822572,0.2469985568345883,3.6517808001373036,-0.13703440099016015,0.40988490153233476,-1.626704191959923,0.6604092239058841,-0.017941726388471906,-1.3565255864622683,-2.367751281205018,0,7445
GSM7890835,GGTTAACGTTGTTGTG-1,8.858364459287994,3.662220981828786,4.521024910704254,0.5274855573404559,3.689058012860009,1.0504986238208023,6.930930508839844,0.3208208236004395,-3.521995507038398,-1.7788112812890418,-1.8662407719451073,-1.3572694739887907,-1.8286996619174707,-2.6521506417975873,1.0726017602304965,1.044886202211652,-0.9619038926661391,-1.0035535668680453,-2.642315720583331,1.693693226518616,0,10994
GSM7890835,GGTTGTAGTAATTAGG-1,-3.488990967043475,4.565753769631013,-2.0193179674379187,7.906527821923663,-3.924970059501268,1.574160282212011,0.601998572857778,2.765091392099039,-0.7205946968071361,-0.9812832719274923,3.038525316010858,0.9071289429609661,1.2259062170327746,2.544715882647218,-1.1365197011074575,-0.17101626212889567,-2.433516277228481,0.005993418361936682,-0.12197873358221509,0.9203160107480757,3,25498
GSM7890835,GGTTGTATCCAATGCA-1,-0.8895886040993528,-4.315214539352412,-1.778350646742755,2.9402655769611217,1.6182381836573396,1.1942236593783835,-2.4471932552195184,4.48084878945194,2.134034552429408,-2.7916147441634394,-1.7711525498733405,-0.9406386138699425,-0.16577806694916505,0.6532858984105118,0.431696489864322,-0.8842697452922444,-0.042617404772129455,2.7840686784643474,0.7825214498419053,0.36830992987384825,3,42134
GSM7890835,GGTTGTATCCTTACCG-1,4.37704781057722,-6.307934137797692,-0.8935340743298796,0.6979659887985371,-2.6526326596473595,3.5385763185170633,1.5500407113189556,2.6692812981655005,2.9561212097438094,-0.18433515785639218,-2.115577753353189,0.8942191268441951,-2.010395312288259,0.6671483468650291,-0.6383307391189387,-0.2312148118664767,-0.02843954753751197,-0.6928715118172428,-0.20951883907501082,0.059668788139580986,3,32073
GSM7890835,GGTTGTATCGAAGCAG-1,-5.459405103949012,-0.4275683228202561,1.68260271354814,9.216635988431051,1.0786811096747937,-0.1817324105672273,-0.7952352053711125,1.9113542948577245,-1.6197271361495604,-2.0026437921819027,5.228492557426485,-0.0672675490961094,2.5897339225839797,0.506686130843148,0.11119694102063915,0.2635401142440255,1.4603844569175142,-0.1942794918713409,-1.4849744371015132,0.5472307173283587,1,14264
GSM7890835,GTAACACCACTGTGTA-1,-16.924454288378772,-2.5225526424851012,7.8124983139326725,3.22693722013531,-1.3862696085633064,6.2209234472162365,-0.6391606332699381,0.7538522441352368,3.8093473168133927,3.514989623007741,-1.5317650513014651,-3.102560696631548,1.4638764563531106,1.4161553122781176,-2.598415265401778,0.3061375905920525,1.7122162209352216,1.5228833399936337,1.8538652265660047,2.141719105078534,0,10699
GSM7890835,GTAACCAAGGCCATAG-1,-2.6424472466250064,-1.2156547308687642,-9.816732761396851,1.47715154611537,3.018214293990052,1.1127561940364874,-1.131475788909753,-3.247525813856786,3.7392981566034575,-2.6522043390060595,1.7728949850479339,1.5818292418760682,-1.1640676376968853,-0.2443940618087718,-1.2733926497235883,1.096002117606392,-0.8488534839332618,-0.8290393369235198,1.4570412247023588,-0.10931190352094115,3,35960
GSM7890835,GTAATCGGTGTTAAAG-1,-2.7160895495472905,-4.780366334121551,-0.637378085992949,-5.145436546228731,-0.4257539522474284,-1.1727973389265296,-2.6381067749082208,0.04725158509501761,-0.5087415149819899,-5.132918341710449,-1.085911183020246,-1.8839901251256403,-5.734045909869319,2.763812441281125,-2.39352716292299,-3.7755242799003574,-1.004807117554044,-1.5765568277739097,0.39276877173272173,-1.7003879802654607,0,6553
GSM7890835,GTAATGCGTTTGGAGG-1,-12.245143896452364,-4.138953333592767,8.66401339527269,3.056736396014818,2.3225470453871826,-0.5934423448917675,1.1739400993322935,-1.9924857504969644,2.5698852056165693,4.459604682197836,0.7243082501514287,-2.2549207581014348,0.10217788795173932,-1.0853964013436141,-1.7550419644417403,0.3496448737192493,2.735588958585582,-0.07029912528681254,2.0323726031322935,1.7390681295016486,0,10336
GSM7890835,GTAATGCTCGACATCA-1,11.847558404204374,-8.141091941788844,-4.930436875570406,-0.34928961850847273,0.8287160038318396,3.877846651454909,-3.6910934833834474,-4.527944604588323,-0.19159132955728522,2.2954303579404667,-0.9514473782679292,-0.5615774981760816,2.7639612537984664,-1.144917118616454,-1.4437641493391178,-2.1462935486055024,-1.4549564338978977,-1.9996185772075377,1.1620580173847623,-0.14568398044476052,3,38136
GSM7890835,GTACAACTCGCGCCAA-1,-7.066272174459408,2.005103923176359,-3.234368150904419,7.40751413544534,0.8931506854920502,0.3557415503225368,2.318984013383055,2.374807453347639,1.505874110665072,1.6456591859687804,2.0270699417169245,2.871219217667779,-1.9715624170524837,-2.177577046100852,-1.3002550212879316,1.3341359071257124,-1.9372777521714972,-0.33519149448360797,0.016033329330680697,-1.6814609801209228,2,18096
GSM7890835,GTACAACTCTCATGGA-1,-2.1173475750380435,7.294280120833141,-2.120653811289557,-1.6092126965654194,-3.8026094878988506,3.436123838974983,-1.3279642474064883,-1.7364643949564609,-4.182673377928402,-1.6904177356847354,-3.859785776057634,3.361654128490109,-1.4424251014005964,0.6076388031717276,-0.7077750571028715,-0.5500714364984453,1.6936992455656863,-0.6607913814353237,-0.6704989721040748,2.6950250538085347,2,20277
GSM7890835,GTACAGTCAGTAACCT-1,-6.064003018706293,-0.3429305007674537,0.7682039901776583,4.363644013538063,-3.6524523449887147,1.1074821311974812,0.05190183698551832,1.6919603548834998,-6.039025909190162,-1.817112999143068,2.460378216806292,-2.5204249384448074,0.18226939423779953,1.9807043685625512,1.295132091009719,0.8854738623043011,1.2211427246601323,-1.888427885234102,-0.5426244834356291,2.2872303493362836,1,13948
GSM7890835,GTAGATCAGTCACGAG-1,4.775696570162005,4.902724733467365,2.8099067550099623,3.9558511381558126,0.878761475441796,1.1166406919966434,4.434431335711843,1.2394131588881292,1.6259123742872637,0.23028700777856953,1.9762272529437168,1.6716383655393752,2.364459094203308,0.09700574916370434,0.646660692441061,1.3693931454308599,-1.8322992710946246,-1.1722190227954992,-1.133150411441694,0.9114861141966969,3,25233
GSM7890835,GTAGCTATCTTAGGAC-1,-8.622052256371495,0.267688917635013,2.784043294012975,5.405941446789857,-1.4285302054902924,-1.199746418307356,2.15583067644937,0.49740199762539855,-3.080594619508106,-0.42768680189463965,2.929546649487112,1.4150638945709475,2.5109768771590413,1.049744271575534,0.23334287891883926,1.5046613877826986,-0.31454521450279105,0.06014494374064795,-1.325060221655256,2.4627511149889454,1,13141
GSM7890835,GTAGGAGGTACCCGAC-1,8.416746147641321,-5.614091259786458,-6.728777451826611,1.5570136195260689,-0.1883325072006311,0.8784536909048473,-4.351202855249499,-2.10366716553935,0.7385727401212796,-1.759240137263045,1.755363193050626,-3.747454478473659,4.917902725763438,0.18696687235319087,-2.2706269036346294,-0.03830450917793808,-1.181593209205265,-1.1862866763089464,0.02293813831710593,-0.18141869248103942,2,24028
GSM7890835,GTAGGTTGTTTGAAAG-1,-5.590535252326974,6.323903318136417,-6.46144646802167,-1.644542754115903,-8.775930791958594,-1.4910597389434412,2.4801298483204937,-3.2594981475809517,1.8827809354071965,0.801532095329475,-1.7843418667214492,-6.190098569146048,-2.7051531307530916,-1.6500620957734822,2.1033404593906493,0.5236622358804398,-0.6365764712414919,0.6689333125892875,-0.7997633142067879,0.11777529794976804,1,14290
GSM7890835,GTATTTCGTTGAGAGC-1,-9.98185272168583,-1.4121150804118285,-4.658165847268874,-3.764634919650057,1.7022390673602612,-3.381559209325228,-1.303889196065856,2.7563940512966543,3.7312382979832557,-0.5887308656110808,-2.339731274800933,1.3167373743402107,0.39035136000878257,0.905294192490931,-0.47447079201512704,-1.0833079080388042,1.3325644298706496,-1.848389893207223,0.19582656773718674,-1.0942573351700986,1,15222
GSM7890835,GTCAAGTCACTACGGC-1,-1.2465351542194225,-0.4133043171802786,-12.141688442400856,-0.5862571035767894,3.4497675493267894,-0.8503454723388161,1.5664253301057045,-0.6726944550872277,1.156630093278364,-1.1264022435868057,1.820812472761668,0.8976463773290065,-0.6043491484586065,-2.0760841443695037,-0.2301512214473806,0.6404499089447626,1.0149056037186348,0.13742174357701945,-0.02960429798570182,-0.5467507424545995,3,38767
GSM7890835,GTCACGGAGCGACAGT-1,-12.939979825233163,0.19181803531214303,0.8986150589906265,1.523076522534685,-1.9395328736574038,1.3017316081786168,2.405708607374342,-0.686938013773563,2.549946151323907,0.7781132519477534,-2.079016162706741,1.770194939516001,2.6766144864036248,-3.001574996676897,-0.11676539535504582,0.8293719921759537,1.059610130471793,0.7579135550408725,-2.8701916261445657,-2.7475415251700643,0,8237
GSM7890835,GTCAGCGTCGCCAGTG-1,-6.151366013078704,6.236041696743041,-5.98941756704562,-2.316253516556901,-8.651133425218827,-0.2758972530766438,2.480364069386901,-1.5341397439013913,-0.427225363265448,0.04333774939490924,0.654335793366267,-8.551159187232905,-4.6935519820373655,-0.6026509818636536,2.3479114106561716,0.8072662815518741,-0.032996753298653494,2.1385400769805143,0.9019051217452031,2.758233136647725,0,10578
GSM7890835,GTCATCCAGTCATCGT-1,-2.8743785174148058,-0.20231164560812637,-3.357489929010241,5.9443166802930385,-0.8217387910515933,0.5082943146633416,2.010074314830248,1.4748193512708545,2.6749165259313927,-0.541308158966192,-1.8908926797390953,0.7563032024885338,-1.479524842037527,1.7919902192996213,-2.7009055419612165,-0.0011499504558747668,-1.4147852662279927,2.1024842461445843,0.1502025678642756,0.5333451639795451,3,30423
GSM7890835,GTCATCCTCACCTTGC-1,1.7864219321758692,5.63864821092032,7.365911479009698,-0.1804349791426219,6.910313173636577,0.36601198023794057,5.803657424759213,-3.8897772922169476,-1.4111769859319028,-0.6497643338904068,-0.5686192109053437,1.3597072785098336,0.014349340732036227,-2.928333605463479,-1.3860619376918353,-2.6132114640600963,0.8176012624692922,1.095409830286945,0.3184390980600305,0.22260280773104735,1,12605
GSM7890835,GTCATGAAGGATAATC-1,5.540133765678911,9.028293811217782,5.24078539203267,-3.8803035792513745,-1.0447882516860363,-1.300568116028867,-4.799684980363327,-1.7041471511749062,1.3009933220286818,-0.4925651185027864,2.0075927735157917,-0.6614066578927839,2.337558091916393,0.10745713640505254,-1.8008218965668568,0.42223897016955186,1.3129993421913233,0.5389191404365313,0.280607392344942,-2.571794503049404,0,7717
GSM7890835,GTCATGACAAATCCCA-1,-10.009293086855962,2.3209086883202357,1.713343630976949,5.225990067002762,-5.86031629256147,2.033403831241366,3.541869548627572,-2.3326099413217114,0.21866209249363772,0.3590324450950148,0.08167703657516447,-1.338921122009307,-2.6059473112278893,3.4648009067938395,-0.4602886043230655,-1.3210141744113575,-2.1115085488201006,-0.932234974097226,1.1966677391431977,0.05066909825185188,0,11383
GSM7890835,GTCATGAGTAACGTTC-1,9.752130426117358,5.147956039159265,0.22068537747752873,-4.944363771188158,4.008024295100707,-1.6733526663843876,2.6202722756177654,1.578110481771714,1.4519688921169494,1.0421379672279623,2.1750316530821374,1.7095789702087665,2.524993221118254,0.6026806484741825,1.9431211758447486,-1.0113255576088431,0.3167515255628933,1.774838898733187,-0.8336404723690539,1.2939986610097962,3,26722
GSM7890835,GTCCCATCATGACGAG-1,6.837544510940907,7.655140096269258,-1.3461817822700524,-3.5474032407740093,0.5404241218351237,1.9895384813897048,2.6976165938273287,-1.0494687460016725,-0.46966983906527,-0.3373054405360614,1.4857301635916804,-1.1021871733085407,2.28358535069168,1.9865512871748283,0.09734857647410113,-0.01662570831377721,-0.22350088715034241,2.7118813645460205,0.8836884616481999,-1.25281034973198,2,20828
GSM7890835,GTCCTCAGTTAAGAAC-1,-6.616724708896747,4.066668621044784,-0.8874056847676637,4.752749281851736,1.8658919991555518,-5.261533033966736,0.9459033186131008,3.5343824832875135,-0.5457041711266998,2.4980919476072128,-2.1785251027750783,3.6052883561499796,2.8312894515712337,-1.4226426916725259,-0.987743592176507,1.4771928136698167,-1.9354168283326676,-0.27071299270764015,0.3487814434014916,-0.5923912159142528,2,20005
GSM7890835,GTCGAATAGTACTCGT-1,11.426758982955851,7.108672743699626,4.591562424332385,-6.860044424572761,1.2452273437437504,-1.3910306643249517,4.017540097911661,-0.6757624243124701,0.6246939012862174,-1.4309316606003597,0.4357284821449776,-0.25279167477679726,2.6838506529646735,1.5127989461592881,0.5895832694174891,0.26753179117898435,0.49455925515230936,0.568104560202239,1.4409289776802447,0.4296740240117136,2,21394
GSM7890835,GTCGAATCAAGCGAAC-1,-12.430442939615467,-3.4762525322076994,1.319833265814155,-0.5413172262622125,-0.2809485566668847,5.730280655327502,-0.40196507714742064,3.7341124411887896,-2.250894988784785,-1.168942431826831,-1.1192484592127034,1.222998968856164,0.8752043320478001,-1.796184303518247,1.7416049844907835,-0.689269098605977,-0.21643578655082987,-0.5039345930776081,-1.0372312413866682,0.7030661545082997,2,20705
GSM7890835,GTCGAATGTAACTTCG-1,-4.7121207691086,8.5151888825668,-2.9956578886960212,-1.4717474188823794,-6.102623349334794,0.28279995851408724,-0.46215552353858436,-3.9276350493630274,-0.47476501913666697,-0.9684487888577753,-5.103388706478802,-2.8810742003295005,-0.8828373853339267,1.069515863162989,-2.300798679988922,1.923269293210283,0.432812662523831,1.8678831464004264,1.079915143396763,-1.482098162423837,0,8350
GSM7890835,GTCGCGAAGTGCTCAT-1,-3.5017198011839055,7.8279971501379855,-4.845355061579205,-1.3648333378101498,-3.077084285380981,0.868918773776232,-0.8650299404011459,-1.7435255563007894,1.640727127319421,-0.13825098764520147,0.9911478369900756,0.6490873537738578,-1.4932340819707886,0.903958686762729,1.4824417501380123,-2.0581977586455933,-0.7218812355737015,2.2857771495155097,-0.5330265437022206,0.3879519284021272,1,16154
GSM7890835,GTCGTAAAGACGTCGA-1,-3.3426495165858814,3.2892943842508657,-4.678643646358646,4.989240949285246,0.7961078179051485,-1.957444334169683,-1.2255260536099923,1.6370583461235781,-0.6730857258239001,-0.45193879379597235,1.5728044859350756,1.393125892450516,-0.018625630083430843,1.1655024751604268,-0.1395111074591908,-0.06884148007448114,-0.19428677790374507,0.222283726232301,1.018350077443854,0.10983181474703557,2,23309
GSM7890835,GTCGTTCAGCGGGTAT-1,-5.422622869672297,1.766541328147569,-1.6432177396018313,-0.35773991632848745,-0.9457049013466696,-10.243890451847166,0.10956227370042576,1.3417973977188469,-1.5296967796941041,0.4297421778482269,-0.9848282265223685,0.5188483091671239,3.0412215377539655,-1.020040804629007,0.9057444630123526,1.0463755501699725,0.6666966768741178,-0.8658031256093759,2.2108183470780944,1.0743050185567882,0,11399
GSM7890835,GTCTACCAGACTTCCA-1,7.463743179644025,-1.5365423076110547,-2.9769911391617563,2.686457005154736,2.926259115412268,2.151541141663319,2.647151554811949,0.36896050017692,-2.237808926182289,4.159930199945247,-1.4813271065098077,2.193698871484777,-2.9533277188871714,2.663391328439873,-1.3733286967682032,-0.3725065434948005,0.06011555345248052,-0.4950797131010211,-0.8985747708758025,-1.0950257412582447,3,41799
GSM7890835,GTCTACCAGATACTGA-1,-7.104313972205171,4.299761390525621,-4.929566199284557,-3.1693365489216347,-6.003689654846793,-0.534791392285211,0.6933155389616621,-4.275987604955812,3.0398828323129283,2.560297084196842,-1.2515874760429457,-4.086497838545216,-3.568690861976794,-0.32644222184030364,4.740248035181687,0.35070341975491537,-0.38549891772192946,1.3534099907316233,-0.10146169110542498,2.1073190037481226,3,29325
GSM7890835,GTCTACCTCCTTACCG-1,11.599751157444185,-5.421419413570183,11.30295617989406,3.3630973792870096,0.5457159947257864,-1.5701140168858758,0.11547173206765954,0.9961218219725982,1.3942423002901108,-0.4267485810768128,-2.053268493263476,1.688188540053261,-0.6008849254633873,0.604703449726268,-1.2102958433181157,-3.887246508217164,-1.2288267327825966,1.957316820802932,0.09442967934651375,0.22254635230934805,0,9765
GSM7890835,GTCTAGACAGTAGATA-1,-9.133037800581663,1.5067858193863921,-2.310157372037042,5.271979899385654,-2.356925155659555,2.9024879709090605,2.495247546189521,-0.9383838089943132,-0.982774192627157,-1.00737037066333,2.9565361604731977,1.5756654217994395,-1.5202470208047218,0.6178715691128822,-0.16061189654952138,-1.5565386932241336,-0.19497592872704958,-0.7712052324068964,-0.5927620424,1.223330946118121,3,26423
GSM7890835,GTCTCACAGTACAACA-1,9.017593893113558,7.113361812521004,3.3780819488448017,-2.674795050914634,0.219086160110235,-0.23106574108825462,4.440349587985069,2.1260116202973083,3.9469986468747638,-2.604913742112093,0.9255686732723658,-3.7922845558203595,1.387696572997396,-0.5655163413656922,1.3882926533113007,1.179617662031246,-1.682744036544067,-0.2972743939936116,-1.4186545095025058,-0.7868220669938234,2,17486
GSM7890835,GTCTGTCAGGTCCCGT-1,-3.5564651153067035,-3.0143574140999734,-9.711256496558237,-0.3664059086825496,2.9526538166473966,0.7805820316116499,0.1170471054279397,-4.149598489809838,-0.19281410817391895,-0.9458816819263648,1.4863463087745994,0.914928077816372,0.16269836174328242,-1.5345187688931354,0.6343039089015376,0.0299632902353812,-1.3361225172628053,-0.3388984763359788,0.22749952436736726,0.8722211462189148,3,40301
GSM7890835,GTCTGTCCATCGGTTA-1,1.1441924240154255,9.304207535002407,0.04312795824099645,-2.973045538821607,-1.097580503213505,1.6354039886668792,-0.2704611274946764,-1.7402724603895177,-4.525329702177699,-1.7870319257964775,-3.452130134708593,2.6926981526930143,0.6542060215078748,0.32439083482237985,-2.1524100097888845,1.3743232031838584,1.0866850076522439,0.21476005371232976,3.0835103467123837,1.9266378111476348,1,14711
GSM7890835,GTCTGTCTCTTCTGGC-1,10.569496021099745,7.501197662782115,7.530994519603978,-0.9332436600228753,3.507327608422851,0.11489845047799772,1.8993389329348502,0.5698411211658375,0.7389268834501219,0.755755137602405,1.730294682234416,-1.4907068121188494,-0.9701656372651876,-2.2344421782508115,0.7262388060438492,-2.628827261546503,-2.983325280396635,0.16876526017844773,1.4135687597897721,-1.2963934644979975,1,12236
GSM7890835,GTCTTTAGTAACGCGA-1,13.030789715570915,-7.800800732633567,6.321312407383894,1.0013264281839023,-5.559322748600863,-2.8972729332138885,-0.834131765286654,3.087040327150808,3.3127447980925306,-3.497961737185174,0.3249766898683588,0.08648669518802242,-0.18971715330747468,3.3314214707979737,-1.2798718608337174,0.06643557757432678,1.3118927464532708,2.56344412408722,-0.5317253443723703,0.7111230657618951,1,12807
GSM7890835,GTGAGCCCAACCACAT-1,4.408919262907938,-0.9584222264765104,3.6492892129640198,5.988836461074499,4.417368804820972,-1.1819475625475317,-2.7086319294048216,3.9505506041986003,2.23908045480857,-0.539341206799813,2.502326571592464,-2.0806075940177555,-0.5679207835326209,3.1987871097201355,-0.4336383213369458,-0.7137097106598412,1.5513024366394008,-0.8342688023905874,1.99249438674699,-2.039932740244518,0,7965
GSM7890835,GTGAGTTAGAGTGAAG-1,-9.53167410743141,1.0237935419258974,1.704345090513263,8.03229066960113,-1.2284927960903649,1.0518499105602577,4.123836069766655,0.9499804135502801,-0.2814257950457918,0.10842320062927212,3.096494099119751,2.1245742672395598,0.5002205516788784,-1.03565028453713,-0.9283908680381142,-1.975789526487565,-0.27960588041031453,-1.0940001761245528,-2.393289285218482,3.634996517085751,1,14947
GSM7890835,GTGAGTTGTAGACGTG-1,-7.271806614076684,3.004668845630716,-3.9196231985281718,7.1867271972116304,-3.1449543792992354,1.5900873954705574,4.345815717653844,-2.032113920661631,0.06114726157781631,-0.3178085090946723,1.7530092907918808,1.42425482885588,-0.6478997098110376,2.522059523183884,-0.42302728591548383,0.47671950850303485,-1.2959019351564058,1.0961153068270386,-0.6829477068386796,-0.1163313839439178,3,30170
GSM7890835,GTGCAGCGTATCGGTT-1,8.934407998929737,-4.204158407294087,1.1841233224809105,0.7645748065170451,-3.8403774125729755,-0.22103279889224728,0.45978573255395977,3.169501317840139,3.2451707213095067,1.6120715591253705,-0.02293734296943741,0.8694999066428969,-1.4832828971124759,1.6703138658804335,-1.3830800333845996,0.7390809266793429,0.29217454574761337,0.07744925492216666,0.6622035216904234,0.8067442576944363,2,24731
GSM7890835,GTGCGTGCAATTGTGC-1,11.564565362156104,-4.504132463776985,-2.0274888625946863,0.9788280416700504,-1.2158794260683823,-1.327575721808799,-0.39480108735095215,0.052291186131551315,-2.1446054430166734,4.538823055604666,-1.2901580069922585,0.22201673048510318,-2.0100265998262623,-0.03451136127618678,0.14112359325215235,-1.578704229379903,0.4778885832262699,-0.1906753647295303,0.03348624746198092,-2.03208594695543,1,11818
GSM7890835,GTGCGTGGTATTCCGA-1,-5.227661989841196,-2.182379405826914,-8.217328113165989,0.8173757148565969,0.8815469423664354,0.38363515409854737,3.0833825111720823,-4.433776971167275,0.26082572479482957,-1.9847314850463356,1.8124062084048203,4.2204715880331065,0.5078766261662645,-2.563849980808549,0.17940591863418964,1.7626357672508233,-0.7049856901206603,-1.6054092286291675,2.1129926132577643,0.8434869562739946,3,38593
GSM7890835,GTGCGTGGTCACTAGT-1,-2.4003465021700525,5.064522593090316,-2.9047455249487286,-2.088031328349059,-4.372303966209962,0.8954594873760154,4.903195823790224,-5.50890060696187,-2.8335659520024254,-1.0667119000473149,0.623519940475035,-0.5926272776957549,-5.330272955233547,1.4450726735962987,0.6240517899169423,0.2553485090527919,0.31688579081500656,-0.3070387869211076,2.7407369491548716,-1.9763135244201038,2,23371
GSM7890835,GTGCGTGTCGCCAATA-1,7.813942462585149,9.08188717947902,1.9532828566355736,-2.814476446199889,3.7015218606910225,2.4706432446670776,1.4805518376411695,-0.5719420643777872,0.7411162417501139,-0.010195259311848651,2.6992657356519287,-0.9894547860342909,-0.19385935592826628,-2.2023018620951293,1.3773364210151027,0.40110903734844755,-0.3807574629272187,-0.18405733257979498,0.804032334929255,-2.590904092833186,2,17336
GSM7890835,GTGCTTCAGACCGTTT-1,3.432885384753811,-6.641248505876914,-0.8805352283541205,1.0263314986935375,-2.6763894236526853,2.899303033661316,0.9044341532982706,-0.555830411632242,4.024829684348868,-3.288078620493604,-0.5222678473873272,2.5317249079122663,1.7784544813122465,-2.8168053278550484,-0.8276389227608945,1.2450530166253901,-0.9435593614942607,-1.549584414752058,2.594360365227212,2.005415229759671,3,30797
GSM7890835,GTGGGAACATAACGGG-1,-5.1782434946548905,-0.408998716869888,-4.868587289086268,-1.80081514849452,1.7794949591498743,-4.8002875918201156,-1.3068635485152131,5.668099155964052,-0.17120673490375055,-0.40897906677327567,-2.4194237435593817,-0.697582944783359,1.784478265592089,0.02563105450430241,1.6143588528393134,-0.2166331354579625,1.3998933692852544,-0.6178507030243462,-0.6391259052632289,-0.8901563643718661,2,17308
GSM7890835,GTGTAACGTTAGCTAC-1,-8.344864420075016,-2.121622393178636,-2.6305905786975767,4.044794457234279,3.8480618287786186,0.31848796441814353,2.6388879180281637,0.2582214731882612,1.6018392360452915,-2.017977687856322,-2.0659210287485665,1.6493384554700072,-2.081303172434381,1.831084225781003,-1.0033313789714746,-1.1690141396720142,-0.7467524468711791,0.8320822377698933,0.6999439195709695,-2.0319302974774316,1,14739
GSM7890835,GTGTCCTAGTCTAGCT-1,12.626315461287765,-8.136836170636446,1.3322660790937244,-1.518539537827276,-3.7691213395670284,1.0846112938799246,0.8984890323806787,-0.1666343464411252,-0.5265513444827966,1.048161529434285,-1.0745289476383406,2.105349322197873,-1.3930164556159899,1.220092461926638,1.5541896671052313,0.13935043956310506,0.42122112623131336,-0.9599301332254806,-1.4685887306841559,-1.2007516890835936,0,11147
GSM7890835,GTGTCCTTCCATGATG-1,15.870548037040283,-10.356085374668517,4.592269131981196,-0.35584176915808546,-5.147978708282608,-0.3673174337410103,3.1219597022330645,-0.18862145683928971,0.2895982705085957,0.9267110721332539,-3.0105316383964795,2.466508374370194,-3.2678171002457574,1.6707197128306792,-0.644907544390465,1.3533110354752234,0.898059552650835,0.15406216418508956,0.21523951880487485,1.4852393413766907,2,17279
GSM7890835,GTGTCCTTCTGGCTGG-1,-0.6078687140496324,-2.1850342457467167,2.718838676098506,3.1120590331418794,2.454359163366048,-6.270736396207595,-3.357101209455944,3.4791561463133953,-1.874893308267435,-1.5814517197272455,1.6466670250670523,0.4311088697326649,1.4768027296270603,0.17136886377225086,1.9127971324238244,-1.781229875816654,1.8294120918198855,2.972527452241057,1.2579380334406844,3.9527766991659856,0,5720
GSM7890835,GTGTGATGTATAGGAT-1,13.066373682871209,-5.490861426993525,-1.283147970962638,2.6738920458666264,0.8339473427148036,-1.164145485726317,-0.6685575467846143,2.1440489214474794,-0.548735726320461,3.5450779997642217,-1.767624919045733,-0.5758244604409593,-3.530365702913829,-0.24603060608076627,-1.7090944883277086,-0.6912148404788214,1.6467729874765302,-0.2726776655377586,-0.6955008795357602,-0.611797512026932,2,22197
GSM7890835,GTGTGGCCAAACACCT-1,13.951211646505891,0.8542614983933334,3.8844506947861603,-5.512032753025878,-0.38693036740930703,-0.6228011742022842,6.941389218795743,0.2541446371199252,0.5630432515557678,-1.978521196918728,-2.7518550371663784,-0.9152342859081256,0.3527246092863065,1.3270136109762738,1.156922696235172,-1.5226313785210615,0.49241880925318443,-1.1069711983444936,-2.514806732892473,1.9338941562084717,1,13956
GSM7890835,GTGTGGCTCGGCATTA-1,-4.739032751918636,3.440871647822535,-3.3815003885162085,1.434154611234126,-6.932667662110516,1.2848432502359333,1.7723766737160234,-0.7415159542928916,-2.2763934476253778,-0.7907636047398148,1.8444118931780995,-0.7570583456484622,-1.0936375132524445,1.055290753975516,0.24321853692628131,-1.6554793239788432,-1.1456911014257845,-1.7374305539328025,-0.19467703223348354,0.4085471132605816,1,16063
GSM7890835,GTGTTAGGTAGTGCGA-1,9.389945104231375,-6.692723080870797,-6.563933414602026,-0.37820954855434835,0.3280437721067819,1.1730292821783435,-0.5753505258883228,-3.0621460054653133,-4.088739476866098,2.0558021995395794,-0.9385027931603841,-1.1916720581554128,2.6703992151504554,-1.5690494461482374,-0.35623219443462895,0.3567220774216784,-0.5077699789496884,-0.17277691302802098,0.8393754522205104,0.2908028868957694,3,38303
GSM7890835,GTGTTCCTCGAAGTGG-1,12.77856373687303,-0.374011704631736,3.126469711034296,-2.0472381018160024,-2.41031955321562,-1.4284726348823777,1.5114753346403915,1.2926509055460673,1.8504160424517697,-1.8438051731678138,0.9159598061940304,-1.1237017830773326,-0.8709240135977525,-0.19679596889670922,0.9693346398991063,-2.671861398238212,1.3302573754595728,-3.5836915793377613,-0.6726235966881613,-0.552511742723158,2,23970
GSM7890835,GTTACCCGTTTCCAAG-1,0.5126157255913927,11.757530580934025,-0.05307508712217436,0.44688387984448,-1.4937880808695876,1.8105622000437527,-1.0389694186659226,0.4863575763321429,1.0497076764933853,-0.5757529449779872,-0.7349908538022921,0.5395162508575918,0.5952156300101304,0.14525545103068088,-1.6623172072577639,1.6306510712718467,-0.37548449441424725,-0.8041559916697818,1.351062521750966,-2.2617182721327156,2,20470
GSM7890835,GTTACGACAGAAATTG-1,-9.838423592922132,-5.7440252077641745,0.7263314468532551,-10.787948739430385,-0.6836927245250013,2.3598846388060557,-1.7969794724908796,4.7704382720114165,-4.276360992727267,-1.1603319819701194,-0.4505667273088908,0.07885748983307582,-0.8425062576914623,-1.231764218543802,-0.34289864215107324,2.4646950073187517,-1.7126255926270781,-1.4865307360773719,1.5399089826589163,-1.2892912696159253,0,7106
GSM7890835,GTTACGAGTACTCGCG-1,13.780775957866988,-6.416501505364146,4.361459179293681,0.5413107486057162,-3.2656548636866822,0.9551608123421469,2.1132990260432885,2.173231095838217,1.744705212878335,-3.7607269100995784,-2.151121607895536,1.7813052055294334,-0.9424091289159486,1.5139268693935597,0.24593927796140003,-0.18713263880215897,1.2753306839364351,0.43530359062260565,-1.7792388692342216,1.6245959100598568,3,28837
GSM7890835,GTTAGACGTTCCATTT-1,6.2707460589957345,8.454713098995269,-0.40211826671391243,-2.5627361082964377,-0.584867801824086,-1.493466136540359,3.503033688167617,1.4790522301949653,2.0683230877078707,-3.7536930903850685,0.005414930413650991,-5.32137768870395,-0.3788423250155931,-1.3618114389038427,-1.1882184854136266,1.9000708440611578,1.8131310813114532,-0.6569753462284612,0.11672401061328465,-1.4231843149839196,0,10987
GSM7890835,GTTAGTGCAATACCTG-1,4.1976945026492505,-4.273526628082745,-3.4944435820647315,2.9652398274251968,6.156402872341089,1.515965981614385,0.3099279456948514,-0.6509819998223995,-2.0414909956923233,2.1785923855113545,-1.981662747780801,-1.781794646210556,-2.782756944319403,0.6917294686273162,1.5521350813597725,0.8047334107137796,0.13485358271247644,-1.6628363348799795,-0.6380559618495536,-0.7511148605975425,2,20461
GSM7890835,GTTAGTGGTAGCTTAC-1,-14.613706353320989,-7.439706469316748,6.5833410411786915,-4.160300228184464,0.9904922116201592,5.891791006550441,0.18889016873249767,-0.17384733107255002,-1.0848022399458372,0.059248096361774825,-0.030878723806830218,-1.8130322078193803,0.21114724046878322,0.3023878578505343,-1.5549752283736133,1.1417347106401803,2.039141292797849,3.8756649422705642,-0.3218376434759523,-2.7925536877773887,0,5726
GSM7890835,GTTATGGCACTGCTTC-1,-10.248102323416441,-0.23076137817598735,-1.9091391921467322,3.6748961709868864,-1.7192438247414097,1.8420370444733407,3.991688343864315,-1.745468238128875,0.558129271696565,0.3088372882357656,0.7445479276696872,1.4227497576138401,-1.4332713991926311,-0.05427742721655346,1.285904134935116,-1.940316339676456,-0.3359472677755093,0.4053450965467378,1.040940823602438,-1.0701927515886775,3,37373
GSM7890835,GTTATGGTCCGTTGAA-1,4.333305830160667,-2.184939032064425,-10.244210736530665,-0.3804677424767468,3.857839887711485,-2.699639602697324,0.2095441886321415,0.11376061732904004,-1.7691214701421931,1.8353733073497258,-0.08837192922941756,-2.932454649204159,-0.15324212845512564,-0.5300429628039204,0.6637015146913566,1.794524882585533,1.3625380862462724,1.2820277834789113,-1.3082505141434586,0.6716259251065443,2,19003
GSM7890835,GTTCATTCAACATCGT-1,16.316441107048185,-4.1967066777535305,4.9396997089332,-2.2444419645250244,-4.196109834231091,-0.6944973065645005,4.126521664544169,2.6318198459728226,3.0231146095401757,-1.6354954988207249,-1.4549433540178978,0.37273884878455404,-0.3734722675971722,0.5531210340339792,2.2505940137474068,-0.4474903074601936,0.10747618618302782,-1.1146805176583716,-2.3342356308660133,1.399988943176072,2,17733
GSM7890835,GTTGAACAGATCGCTT-1,-1.2392456893204002,7.119003339039811,-3.731854366369301,-1.8052057151378187,-0.5418496048708191,-1.4133157604508566,0.3608957897749029,-0.23583096285111846,-2.93208613783844,-1.151469765884284,-2.6637281037778315,1.8659535182991556,1.34604800057783,-0.9265335872142265,-0.9315274070300088,-0.7406154613199278,1.2600046187304161,-0.013793616928392618,1.4226155575992707,-0.5251493202587627,3,29786
GSM7890835,GTTGAACAGCGGTAAC-1,0.6683015412053784,7.7941924566633185,-3.081078437405138,-3.9893943629868294,-1.636090945362104,0.3739577089570658,0.1906502776860845,-4.194207792078431,-3.2992174060466057,-2.4303292766474915,-0.4619861435674914,1.0705230402209418,-1.4548209028461292,1.0402190066024037,0.4382829093416772,-2.9803141300242197,1.6643224377122394,1.1273114413262086,0.6096379115567647,0.8830208355325005,1,14928
GSM7890835,GTTGCGGGTATGTCTG-1,1.5451897714427545,-1.982887124753535,-3.0062655546090555,4.013827632105563,3.057273422609973,-1.3646151395044415,-0.45078712083366146,4.061016775315723,6.800675824225083,-2.8247824189764845,1.78254656975307,-0.46530298161605055,-3.315395774231867,-3.586280197885336,-0.7852309814704924,2.8584276094912338,1.345201556192135,-0.5224667322106392,-1.0903407146022939,0.1330859884782748,3,30667
GSM7890835,GTTGCTCTCACCCTGT-1,13.259961738859257,-5.9810515913971605,2.7729119490224665,0.0279596901538238,0.18100085009920666,-2.301260655600914,0.9247052970275211,-1.4098396288451474,0.2752247201421166,2.1021728593062528,0.912055567999501,-0.3837833723442561,-2.2730413848310635,0.39411752312081516,-3.5047384905411714,-3.1197460326741235,0.07858373847639633,-1.665267551322227,-2.978982344102509,-4.217862772009314,0,7544
GSM7890835,GTTGTAGTCGGCAGTC-1,-2.5983698359460243,9.53900525841548,-2.624241359327756,-0.3266610415995898,-2.909613767132868,-1.7943685221040446,2.1116790563242023,-1.447404437453456,-0.7689951172213946,-0.891869524666934,-3.172375885064922,-0.748676105034484,-1.8315348202581163,-0.9132848374516052,-1.911017737558945,-1.2704365062722112,0.5921700899042912,-0.746900239059493,2.2985428400183143,0.5705081356595296,2,18316
GSM7890835,GTTGTCCCACCCTATC-1,-0.8686768984220723,-5.184185661963518,-3.919495188635846,1.3897428304081987,8.778123732636399,1.3466323034328185,-2.4766375807901855,-6.470448347815049,-1.090585778439472,0.4406340955449238,-1.5786928369332185,-0.31304078558632126,-0.7093261341497137,1.2095940493047268,3.217317925726662,-0.08416462085609996,-0.6269377386404807,-0.8969983026978611,0.545858257645157,0.8036932862069723,1,17171
GSM7890835,GTTTACTGTACAGAGC-1,5.926688655918607,-4.771517480997348,-0.29697782994740246,3.4466802997279555,1.5532397479811582,-3.3426056704371856,-1.3534459092016946,5.949531707055098,3.642383221430159,0.4731453435424909,0.1849981635439105,-3.3381561281286865,-3.721625241404024,-1.2957379794217514,1.1779600921730982,1.3867169415862137,1.036513196009873,2.0196886622172294,-0.8995617480679723,2.8364659318857455,2,19213
GSM7890835,GTTTGGAAGGGAGTGG-1,-15.021595566532664,-6.468200849561936,2.6188788375437495,-2.838141429037277,0.12586528594123414,8.520063658195925,-0.8436884085833087,0.871038499927264,0.9889669131405247,1.083571314192469,1.131886732533753,-0.8502065305690217,-0.4818948964467086,-1.0341779662597979,-0.2509267461367152,-0.19446716976765682,2.2923750785755095,1.3333232027211757,-0.06676293414253782,-1.0009054609750907,3,29351
GSM7890835,GTTTGGAAGTTGGACG-1,-2.037375184953497,-2.887369791575421,-11.291122534859158,-3.307628247340576,4.1203905065814945,2.403287889658139,-1.9663325952457062,-5.127184790574359,1.84544784127928,-0.9866287226173052,2.353336689752038,2.355407873842727,0.0801836134094253,0.09581679749362704,1.8344496786462061,0.7600316005224579,-0.6655443730598256,1.2962471318369073,0.13135617533381383,0.9975260710670223,3,30914
GSM7890835,GTTTGGACATAACAGA-1,14.175069498927899,-1.5875832909368643,5.667868990544168,-3.832606447546309,-4.379604207149313,-1.0574134226830048,6.472142075689441,-0.02492674911672308,-1.0334948414066598,-3.9656585826349833,-1.5028865868005414,-1.3243828417472936,1.2922340494327047,1.1673641818395801,1.0101322764412635,-2.1868152066761724,0.37490136309159267,-1.0620485647318076,-0.9962213115169455,0.39506308798493756,1,13827
GSM7890835,GTTTGGAGTAAGGCTG-1,-4.450487900390312,-0.7835351536128681,-1.5714259848262968,-4.0293564424493065,-2.637363307473389,-8.360225179420885,-2.6726343981726295,-1.0058243099798951,3.8344213390166635,1.123150211054935,4.5602007351743,1.6875782253830538,0.4937792197069165,1.6282774161562938,1.4436628295353273,2.3129922524109277,0.9575108159831273,-2.78077501976978,0.4030155872804988,-1.063824585090781,1,11558
GSM7890835,TAACACGAGAGTGGCT-1,-7.28474309989667,0.675092670445716,-7.298632140620069,-0.1418607318734762,-0.6093522795644808,-2.8700627504522536,1.356070316527607,-0.5602590172290296,1.7580092870134654,0.36972538427613205,0.6450107347125981,1.6035404722819366,-1.1113558003540103,1.3339603809287308,1.6684199100688073,-1.5155368707981731,-0.7373178529035316,-0.18479162082790918,0.5835289782438384,-1.1696789177651141,2,20676
GSM7890835,TAACTTCAGAGCCGTA-1,11.670996474433911,-8.074960236827742,-4.0146494270420785,-0.19205343875046887,0.4872924127710881,1.4894197050975946,-3.0080170903317742,-1.4075051726557903,4.829299359430565,-3.6624048670005904,2.0527813572977913,0.5578337628769702,-0.17936791438430755,-1.6478185324202186,-1.1758382049049452,1.6709876633402623,0.6332148516967975,-1.461991885864175,0.27493851013084075,1.8553491222379797,3,26397
GSM7890835,TAACTTCAGCAGCCCT-1,-16.26825478652012,-6.040341552794239,11.984669399513864,-0.9865483748319404,3.001447869564531,-1.1273608304453961,-0.29792636199154815,-5.079278856964381,2.291616788847882,-0.9127916658627503,-0.5102918105502554,-2.7734393824829198,3.970472356498235,-1.8970350533754679,-4.903637881245785,-1.2253231432555327,8.404642948875065,9.547038803334047,-3.072528829671149,-1.958395075490664,0,2282
GSM7890835,TAACTTCGTTCGGCTG-1,-0.34860437715403414,7.86204801543915,1.0758957414438084,-0.14478793514103946,-2.772639108423799,0.2139890938631713,-4.688235194423108,2.3572349827645263,1.1167489735996292,0.02217961367872902,-0.27653978233046006,0.5940262330262698,-0.9867154105956841,-3.9619991463959843,-0.6875545036711931,1.5307275036635408,-0.10564531513673225,-3.1871034239656097,-0.0010744006616332602,-2.1009769057336265,1,16855
GSM7890835,TAACTTCTCTTTCCAA-1,12.483139012464202,6.644959442362391,2.9477433300486773,-5.325161258208664,2.9952512913810825,1.1806811097311949,7.805466138267406,-0.6660717838114645,-1.8551542682004876,0.46307269743214063,-1.2651524340979974,0.264609101806215,1.8203374517452284,2.1313443611819793,-1.2804629435430106,0.34625884432976917,-0.41422571462753166,1.5579203598597284,1.116673349454523,1.2859383797625301,3,26157
GSM7890835,TAAGCACCAGCGTTTA-1,10.143184591775777,-7.184861829752362,-7.991318162103445,-1.9634549604010731,1.270364702996138,0.07640985620678063,-3.1240417508625913,-3.746596363408722,0.8257388606715413,0.8401453047748367,1.4534581923817218,-1.7284807221801601,1.249622941272886,-0.6817091693724396,-1.627174858360258,0.6457780784925392,0.7513785998758578,-2.4962662612973525,0.20285557587285272,1.219809139352612,3,29076
GSM7890835,TAAGCCACACATAGCT-1,1.6981881737929978,-3.1471493901015606,-5.601875132166829,1.1849903091095577,6.4061360569844705,-2.6635679137504313,0.2324388077297111,-0.759092893743483,1.5328694945437238,2.0022880375945404,-0.6056173458753361,-1.1281843397789313,-2.5866058951744155,2.546318163474799,-0.24846350174190462,0.9311912055385861,-0.6740744216798868,0.5641576166803264,0.19379172829062996,0.10234380704803443,1,16077
GSM7890835,TAAGCCACACGACGCT-1,9.950253550062554,7.0726751457735855,6.120986967593251,-1.593298650306226,0.23991468783720865,-0.4233400598314517,3.3587186712575026,1.5331646313116567,2.075622736135451,-2.0744712697554775,2.0408036082223724,-4.962230979444365,1.609458567260779,-0.8820380597491105,2.0390681631826,-0.6119711514520587,-1.4390853498037461,-0.06801907449454345,0.8854785690954399,-2.3665612370809654,2,20060
GSM7890835,TAATCTCTCGAGTGGA-1,-5.984229378163841,-0.3033781939899155,0.6760770789894817,5.114265333650223,-0.4251177161666838,-3.061926322724255,0.4641314063489337,-0.8888048243824239,-3.3266446446685625,-0.44869585503750553,1.7472466766628485,2.5056449350809875,1.9122261657730557,0.0812996243936477,1.0488126736251957,-0.12488554598516358,-0.3665193345027906,-2.027867418620428,0.14947906593475194,0.0356806417432487,2,17475
GSM7890835,TACACCCAGAGGGTGG-1,10.576086388547358,-7.31514652379602,-7.192693083547328,0.156927841316571,-0.5422111584366133,2.022725787025012,-2.9480451727487567,-4.19774154550834,-2.4140335557747625,3.094696501827364,-0.2110605031384546,-0.8362987199831255,3.188734162868578,-2.0866864472529634,-1.0006160753776752,-0.9880395408623209,-1.8912844352749563,-2.097002093102551,2.6742194053817716,0.6013309034408967,3,37876
GSM7890835,TACACCCCACAAGCTT-1,11.615658409976561,-2.9968242113979593,8.763200901200953,-0.9174572987626168,-4.041065794647949,1.9238636630600874,3.5662047519187134,-1.7114081640972396,-2.544482894896865,-4.624127215973769,-2.2133544824283615,0.5727932604077648,1.6555294851487454,0.44176470280610947,0.059105819587865156,-2.810151184339795,-1.437665514531815,-1.4820916363451586,0.3709723330038424,0.1181734481611967,1,12885
GSM7890835,TACACCCTCAGATGCT-1,-12.524744452239881,-3.5366172128942646,4.008291579231443,2.09705863236421,1.48524528250995,-1.2602556048191083,1.938318248987618,0.05864575119905901,3.412510365440844,1.2969827177061202,-0.9186158035800436,-0.6286286733843486,1.5773408028392346,-0.4439314049125193,-0.28623190225194833,1.2949618118677668,0.015059508693387737,-0.30618726815896463,1.4129216243742182,-0.14554355015023634,1,13728
GSM7890835,TACAGGTTCAAGTTGC-1,4.030200654382101,4.089155823165289,-7.512425594043017,-2.968971361901068,6.812252380703498,0.1064095602393248,0.6893181352073163,-0.9650726103821997,-0.35047050328344376,3.750885900123652,1.4880976823985608,3.1864620984376066,-0.23563635686995127,0.7711602440442212,0.5104799722767286,0.3281788588962848,-0.2103460737678837,1.7956628045821814,-1.5454239131581924,2.0243657318840924,3,38517
GSM7890835,TACAGGTTCATGCTAG-1,0.39994633574891203,-1.2558185713108911,-6.12578182017635,1.3925637460990545,1.9839145571288965,0.09884114038937403,-4.341275365732631,2.605500495152915,-0.3990562447962944,0.9691588535990722,0.2787969911646363,-2.8688104126939247,-0.0205173992927888,6.391022716958053,0.1267046516017274,-1.3300398877817485,1.4657531193690276,0.6287541453454917,0.104909724302471,-0.20427955283312016,2,20252
GSM7890835,TACCCACAGTGCGCTC-1,4.463386596617954,4.4805023520120635,1.2937815936105688,0.23889732757637758,-0.7269227569302061,-2.62675054239198,-3.7191331860131496,2.5731623054112394,-1.9079735842826715,0.6067548823631671,1.9574116411361397,1.3249916481644664,-0.9870796317060235,-4.936120742726784,3.3192170870791005,-0.5964837071694529,2.598583507150058,-2.3516258459894925,0.3850660197710417,0.02222890719090259,0,8585
GSM7890835,TACCGAATCTACTGCC-1,11.450009175013966,-2.3923992758536685,-1.0067747153857327,-0.01331007365129139,0.17980790660967524,1.6289414866937422,-0.42409895066350356,1.2059215936267045,2.628135884766349,-1.0007964015509307,0.11438228443984068,-1.131967575247743,-0.25848104538376704,1.3915982148574386,-0.3231007069852896,-1.348286068971159,-0.38946732292735264,-0.9109519366856538,-1.8270084419396009,-0.2000904030650214,3,27222
GSM7890835,TACCGGGAGTGGACGT-1,-2.3432958495356138,2.642917857350362,-1.7291642836129577,2.8455847823284435,-8.26032631338371,-2.4032190112252545,0.21849878560683575,1.8725189062164669,0.9777750805047306,-4.96072938271252,5.317480077166393,-3.428602069251322,4.429291290259197,3.9438172130774145,-3.428955102502338,-0.5070499858185962,-2.4723397384562165,2.0913175008170453,-3.808338010942383,-1.37615840029552,1,16055
GSM7890835,TACCGGGCATGTTTGG-1,14.417667238373324,-10.082072393141196,2.920733746381084,1.3043517381131582,-2.7693016603647544,2.793548292127727,1.3588342507561142,0.6923232904121575,0.07578947404658791,2.3299407407239423,-1.082977843007681,2.8688527150912573,-2.2439821033211746,0.3171372752805113,0.6417303336962054,0.9146160339351741,-1.880820183817536,0.5114718063350697,-0.47046210193493876,-0.5805894498685411,2,20285
GSM7890835,TACCGGGGTTAAGACA-1,-5.618703249982602,5.889348499730833,-2.9983996042174708,-1.3007977214339888,-5.216838871111248,0.7642082892819967,-0.8013563669460555,-3.523938959340695,1.6653857371360834,-0.998462596832774,-3.4544724931594373,-4.768443739964279,-1.7536416658968794,-0.08046668694406581,1.9179984040760216,0.020160617345642742,0.6367869646827433,1.0429268569797971,-1.0085115636346118,-1.8290685450807294,0,8377
GSM7890835,TACCTGCCAGTGAGCA-1,9.415941526949327,-3.1953122312692983,0.08513760331948014,3.831819845782918,3.679931800710317,-3.9956427145104305,5.217794792864977,3.5144217421618253,-1.0953562426944063,-1.2005965111787766,-2.479415341436852,-2.2252143922638665,-3.8825626236691444,-0.5784101730575982,-1.052491127085529,3.3748411908400784,1.5796412308791086,0.4528526264296645,-3.71784865923094,1.6053768022015824,0,10258
GSM7890835,TACGGGCCATCGAAGG-1,6.981343324670595,7.458185231710128,7.443370761290441,-3.666115609663108,1.5371739875658479,-3.5148052621132715,1.9461956785703303,0.5444286856473532,2.1313085600546895,-3.759117384912214,-1.8458674845405072,-5.274751080849067,4.410724339528476,4.382191292482454,-1.7859827007057845,3.6353275710847823,-2.532561893052062,-2.5336576861389375,1.0383794467244518,1.6748749320149434,0,4914
GSM7890835,TACTGCCAGCTCGAAG-1,12.994910814486344,-7.224076200201009,-0.6897562488460885,3.272746462731135,-0.5724584470600987,2.0157478830753943,-0.8417531044119234,2.927961902623217,2.318800391160628,2.549128135268409,-0.26006506332859647,-0.19329456674552212,-3.1603254446739233,0.8454061111445456,-1.0019983430259654,0.22090448987390707,0.6654713355347784,0.19811800929841444,-0.7467621444952026,-0.3222522175882917,3,33562
GSM7890835,TACTGCCCAGAAGTGC-1,-3.5994854367134534,5.037047962923896,-2.5444249490546422,5.502857153411168,-0.7249388199339954,-5.672943174356348,2.012344565693583,2.7023379082065278,-1.0984808255006033,1.2898212431429132,-1.308787112896667,-1.693944645776135,1.7678091641296287,0.5682754982391903,-3.540843623042273,1.7335796288383727,-0.04859946281961253,-1.6589670653853692,1.0452819386750445,-0.8577082767352552,1,17168
GSM7890835,TACTGCCGTGTCCTAA-1,-8.093761574816108,-6.00205887392992,0.8314715231790641,-9.612574541176842,-2.6295657162742287,-0.0846810603598243,-0.944430511305133,4.503181366728735,-6.9820017025176435,-1.688105090620908,2.7524887676377277,0.6622800592577139,-2.500025570889322,0.9309152389240488,0.27234091159511564,3.0233369173505977,-5.239311925851419,-2.572610274212861,1.0070140463514994,-0.4725173201493982,0,6422
GSM7890835,TACTTGTCATAGTCGT-1,8.497416502286947,7.5457445275861685,3.264775211261066,-3.0243928702790575,2.6060740655076184,-1.4161116733413581,0.8671858019251968,0.6640728452655569,-0.8583310449042262,-2.007657430992656,0.6462398252433056,-1.782555907912384,0.021429470178835945,0.6524524795297106,-0.2515775644167095,-0.08705785149638555,1.3107482595823805,-1.4928768524248182,0.20799048287973484,1.053217389326329,1,15079
GSM7890835,TACTTGTCATCACCAA-1,4.182681680129482,8.351534555880416,3.370607833648959,-1.5165686063259967,2.3671562980872314,0.5427076188253768,-3.0495119394561754,-0.5870449414334682,0.06730889872004915,-0.9564122024345357,2.043994886488657,-0.3227322239675058,0.10008327017128374,-3.606643162511195,1.7907855265792074,-1.1611261875242478,-1.3388955101122617,1.197520084100957,1.1931274980377937,-0.5318582661837072,1,14970
GSM7890835,TAGACCAAGACATACA-1,-12.547390696651599,1.0304433221296587,4.028876993564389,3.98099154054075,-3.3524567959971594,-0.4341856551975214,3.3990818514477796,-2.990636527070106,0.5549842758763986,2.216165403371693,0.276420820845295,0.43858995800462863,1.650153626236902,-0.7930074922112211,-0.905303579997989,2.2080196469513136,1.2378559047590356,-1.1316640049351812,-1.631587121171243,0.47972858128543067,0,9344
GSM7890835,TAGACCACAGTTGAAA-1,-3.4785352465824966,7.611270939489668,-0.45920655920569703,0.26764635620639643,-5.527515044917589,3.1837873308149107,-4.219082114539692,-1.347367951197282,-1.049298230530565,-1.787321604231328,-1.2823312931001147,0.194355588397666,-0.5107313199090522,1.0911662342267114,1.1676939191160483,-0.14614099800841107,-0.4505164863856046,0.19498962220311536,-0.3947065121112822,0.3875330235662844,0,9806
GSM7890835,TAGAGTCCAGAATGTA-1,-6.449309117682743,-2.179757064382756,6.068131405759449,-0.9668838231682622,2.993628045296557,-5.735665931440419,-9.883029814563598,0.9770445372911991,2.58599928767507,0.6221864396942721,3.43946247586715,-0.852942033591708,-2.746784653880056,4.659200529189852,3.8274054878346986,-0.7490219697193171,1.4520499736485728,-0.381805071080998,3.580680165090818,-0.06509745351387462,0,10986
GSM7890835,TAGAGTCCAGGTGTGA-1,-2.4680044954183615,-1.5683872878760272,-7.092440903223387,3.4349993566670816,1.9270577303584548,-0.3674508113255251,1.5738874925501134,-2.6673718505177777,2.130266429089106,-1.7241152664977133,4.495900413535688,2.1840684503728705,-0.6030368060912001,-0.011232135806970411,0.3253039533773265,0.25557458821501017,-0.7970439549846103,-0.3501865295454136,1.9177385151016135,0.06937542921346672,3,40354
GSM7890835,TAGAGTCTCAGGAGAC-1,9.619521520637944,-5.645473860080729,6.134825004200689,5.8343097189174395,-4.055668747115579,-1.5338789876651826,-0.5951945236740811,2.2382744957974627,-2.7115282798868052,-1.8702006628096683,0.2554653964992789,0.3304833328677239,-2.946341783764467,-0.7592529584200413,0.5920154993479915,-0.3659681079589759,1.869381168921095,1.858996481151089,1.002809753798996,0.24202146474502034,2,22909
GSM7890835,TAGAGTCTCGATGGAG-1,1.8946750938446837,0.02503510935018831,5.515676900149009,6.821625369161842,-1.8457992429056298,-3.8904327486033012,-2.296181001593854,0.7668979188347878,-2.230489101379437,3.210942087419093,3.0372850261825906,1.4321710864926367,3.5685837800179776,2.034579874269373,0.36424112800689135,2.430196098807203,-1.8154263226276381,0.7287264459072947,0.29664603289461694,-2.059232632060157,0,10331
GSM7890835,TAGATCGGTCTCCTGT-1,12.827698764311878,-1.241937225103334,8.500090249351604,0.529922562562527,-1.9677579797724356,-1.3581249697938107,1.6557700844986576,2.2057051381944066,3.4712354719925047,-0.715166593153387,1.3350092512563163,0.8878451364957962,-0.07624809472285184,0.6815881293946163,2.6632310924251903,-1.8897737367771115,-1.5356658170849666,0.3328778906627196,-2.080642216371655,0.4481607029810717,0,9380
GSM7890835,TAGGTACAGAATTGCA-1,7.467991168877859,7.1701011428146035,1.0540234601207146,-2.4747282258935637,1.8461288233121873,1.6653826873756823,-3.0679474541361706,-0.7624425956153933,-2.057719226902635,2.170833058780772,0.9433644714067972,1.6582995135780738,0.28480198019612857,-0.4990244890606737,1.786690606117815,-0.29719356880902165,1.021788163908541,-0.005666723658535413,0.03725384783623628,0.5568740607799275,1,14251
GSM7890835,TAGGTTGGTTAGTCGT-1,-5.091697789115777,8.368739837844387,-0.6327947425703843,2.9106233207454815,-3.880530749084511,3.6919840627005516,-0.7390213430773729,-2.022840359682383,-0.6382884874531559,0.4640319102580159,-4.159868650194122,0.737150974039901,-0.9110921240930602,1.5362075112432432,-0.7040922836249757,0.9247718911800441,-0.6146770432607519,-0.9018241936259848,-0.8078442802985436,-0.42976900091855286,1,15054
GSM7890835,TAGTGCACAATGCTCA-1,1.0922467274112102,5.019303182346206,13.991634924154875,2.2458794504247876,9.613102706249737,-2.3714426957002472,-1.8171662434994702,-4.3247291453640875,0.6357488249884934,0.024519091393426964,-1.647289219978418,0.8310198199842458,-1.2496311586783848,2.4496124935232197,1.9693444009636045,3.636112507022287,-2.6101128459264302,-2.6525298530599493,0.452393235789478,1.5020829149276802,0,6602
GSM7890835,TATACCTGTGTTTCTT-1,-9.913349706916504,-2.3329401845903646,-1.0396251882638499,-0.8245901412207305,-0.4544400256932879,-0.34407824820746813,3.3001088792836306,-1.5055320569158341,-1.6511951629119024,0.9233556839953093,1.0528810501315815,1.3957777227602106,-0.16782826876272916,1.8637130321596789,1.2567665710700655,-2.1253939367819648,0.9532794945966885,-0.3753374935993543,-0.5276433898208519,1.7572558432848115,2,22878
GSM7890835,TATATCCCAGGGCTTC-1,1.8482926881983512,9.477875129992238,-1.663704955773685,-1.4523994552280886,0.8984687040247153,0.8920592539790796,-0.33171113781225986,-0.1234868076829762,0.3980070938796967,0.12541092208590107,0.6726609588077362,1.2348066990729374,-1.1631067596581768,-1.150933065735766,0.38305279660994673,-1.2938520346054923,-1.2053977250613084,1.3177143193780543,0.5965128737830229,-1.836669146223058,3,31546
GSM7890835,TATCCTAGTTTACACG-1,-9.39337817106245,-3.9726867850688445,1.0313653979685662,-3.8558773444756347,-1.2034348426787618,-2.162632038149642,1.8759890522342866,3.829765260468273,-3.4810159730292636,1.6890087069530981,1.3949466550991858,-1.2200142011118937,1.1236139980430142,-1.8825883071316218,0.555013505122392,2.052076759574435,-2.0504231898626686,-1.67310750534226,-1.1600064457861001,5.204935045955628,0,8591
GSM7890835,TATCCTATCTCGACGG-1,-12.100757011050998,-6.372483154119083,2.761984053863878,-4.487353131301139,0.7787415718692878,2.4460968907657854,0.1009773754708184,-0.3199658374452744,-1.9405039160397357,1.7614323471603714,5.163199300016058,-1.9983391230794594,-1.1191289807853302,0.27377281318561697,0.39343459714276574,2.3993481892223563,1.2026533191712065,-1.621882596804445,0.7728438929034248,1.1180559122139264,0,7199
GSM7890835,TATGTTCCAACTGTGT-1,-9.830212087177634,0.4305731918238763,12.196419701725269,2.6824941698731855,8.191858672926399,-2.1480230054573304,-5.198071074087587,-6.046734436997494,-0.31395121089745376,-2.3339955335863594,-7.628508037765758,-0.020000907172089574,-1.0446199980216386,1.482146925999888,3.9136325174654694,2.250316299829303,-1.5297623606196316,-0.8253031552089781,0.4751415126626083,-1.5217428747895223,0,7109
GSM7890835,TATGTTCGTAATGATG-1,-12.568654505470791,-5.74968359796258,7.732774117246964,-4.155636851451227,2.493170618263611,0.011460189160698048,-1.182271806853906,-3.6132660561931997,-0.3927818844676013,1.8540419268393296,0.45858814239185414,-3.9240334220963,1.8600660786374341,0.09476598112851137,-1.0159488442476226,4.143918582807787,6.2551171218062676,-3.0285213069459482,-1.5578737907680156,0.5026918457626552,0,3579
GSM7890835,TATTCCATCAATCTTC-1,-9.59890590011455,-0.9491133182363312,-2.2796796513517283,-0.9697021841823392,-0.7098078088028096,-2.409292389295303,0.5650265901667645,-2.1854369049307043,1.2625952514902643,-1.3783945680230385,-2.0803773557985985,1.2487399646866133,1.4293117002018147,-0.44928555564662115,0.7794850340592834,-0.5189858756839205,-0.13785183446793706,0.2710083026831653,-1.7225432034414627,-2.0687842095727444,1,12262
GSM7890835,TATTGCTAGTATGGAT-1,-7.592669757806478,7.146976136940485,2.7333963283683778,3.034018761563952,-5.231954817324338,2.2467633242917886,-4.714073711474185,-3.1563742098013816,0.19505033698212276,0.04248219903731469,-4.666534447079115,-1.9129017401880393,-0.2804451504898328,-0.1882042078006244,0.8424438966058482,2.8375022047689047,-1.7006969402141046,0.4280879768343608,-2.9456184070693245,1.5383102618467277,0,6248
GSM7890835,TATTGCTCAGACTCTA-1,13.670252385164515,-7.065255685265793,0.3411488566706588,-0.04925967045123512,-5.469764424242689,-4.339429780712255,-1.934855248410837,2.218276470718596,-1.119226462009725,4.080498929409924,-1.6977680081655637,1.468853776903999,0.3337246597845181,-1.2330646667539278,1.3586820587247235,0.8848446796478608,2.636077716093003,1.6687519960009827,1.0091964924629462,1.1593109880118788,0,10672
GSM7890835,TATTGCTGTAGAGTTA-1,12.627030990851264,5.180763002540071,6.023359825435195,-2.888443168700708,1.4603517472185017,-1.1800470133208516,5.434629443832314,0.8341654270502661,0.46959910274652483,-1.6864856595851974,1.0981389306886877,-1.8976461584849493,0.6407582944896065,0.9680001035154615,0.6139912907474017,0.6533379794298467,-1.392084046182017,-2.52147108674052,-1.0506608447321164,1.186661116469125,1,15941
GSM7890835,TATTGGGTCTGTTCAT-1,-12.016315861003234,-3.2922890359850996,1.0489459961540402,-1.1327424200182488,1.0984629394394732,-1.1598676755567714,2.504490333823181,-1.531075212799225,0.15697922369655154,-0.04886420155320523,-1.3444326146390158,1.4407633877726584,2.9850819097012784,-0.22320536201860475,1.5685336132560734,-0.10393626233108841,1.2599192076219987,-0.30636994391961636,-0.2932779988811193,0.034808984580132644,1,15558
GSM7890835,TATTTCGCAGAGCGTA-1,-0.25740313572798557,-0.45425308679730597,-3.1248037704980445,2.692990170390498,7.563687093213448,-2.578372753845767,-0.14964627553425006,6.961228045022631,1.645495870777522,4.114571270141319,-5.455385857281188,-3.4724973400624863,-2.0490698744955336,1.1331764278599166,-2.8660074686254333,0.30024978342343117,-1.2216980653781784,1.16837363111026,0.5753930115935697,-0.5435347817149139,2,20779
GSM7890835,TATTTCGCAGCGTGAA-1,-9.418507175615416,1.4497939972595146,-5.441858159761657,1.5425722406223479,-3.1202945803004623,-3.6972720896252795,3.384274750534742,-0.22890099174049364,3.0515878085823718,1.7930589620814508,2.1151766543094532,-0.032697035309587855,-0.6669730709584738,-0.7924267800580687,1.4679419801552855,-1.4223658767853435,-0.8715930306126981,-0.10288657431076155,2.547279002460654,0.7617755208894548,3,34897
GSM7890835,TATTTCGTCAGGAACG-1,9.150467418329152,-6.136493228890468,1.1256491296260394,6.0064391829261705,-1.261172980102975,0.841857321122875,-0.5036486403047105,-0.18752744206111374,-1.5905809713977748,-0.8231621291581632,1.8600028234154886,0.18635313290077454,1.3127035743227033,-1.2797717868897278,0.01245032036319475,1.3711119323207352,-0.19590431004096692,-0.17647543327298174,2.589038491397205,0.10514466067847657,3,31513
GSM7890835,TCAAGACTCCCATTCG-1,-6.425590447120333,2.570685511618344,-4.002430745886222,5.8806261495052965,-0.6100910241881721,-1.1223485209153474,0.27979295650864083,2.2440052223265554,0.7665376907658914,0.1585498787321573,0.9411029219170364,2.544778348845007,-0.024782810969381078,0.7670692885876293,0.08546756867646049,-1.2849609763336451,-0.6817239603392388,-0.11494452926036325,1.0019256940502612,0.2612564225995644,3,27184
GSM7890835,TCAAGCATCCGTAGTA-1,1.207495479698841,0.5945678094851751,-7.165929260534397,2.0430767153030645,-0.3360418022387739,-2.628058366345696,0.7741953300412469,-1.0711548421057053,-3.2157005087241277,-1.7092406583257147,2.916870303256446,-0.7334664919552147,-0.7687200508177991,2.324179112601275,0.7319234015365427,-0.43162072855799827,-0.37224844824604264,1.336216103869689,0.2859771899822675,0.9009529746404816,3,27290
GSM7890835,TCAAGCATCCTACCAC-1,-13.279134860924348,-3.3085894216876803,4.550615808859851,3.9319769475099693,0.10898179726247038,3.213220757778767,4.3465433369938875,-3.0535394134551894,0.14312708583635045,2.300457844227106,-1.2127075444844742,0.2751918631516876,0.33508562990755286,-0.8293198444102033,1.302303554375545,-1.151688107993166,3.1868122480898684,-0.7500244468549362,-0.14818399056247397,-0.36934645884990874,0,9587
GSM7890835,TCAAGTGAGACGTCGA-1,-12.534037362799284,-6.733365185944185,-0.3097575931034836,-7.3483472585656235,1.9496816922494893,2.0887899068614817,-0.21044378898864108,0.7277073138365108,-1.2827397444895945,-1.0928032167982256,0.9605398485829921,0.3065030602832221,-1.1379836241139643,0.25937324388793953,2.225976454426657,0.21749709044635315,0.03613333551057984,2.2311084338964586,-0.494587451882302,-1.3226877783861992,0,9560
GSM7890835,TCAATTCAGTTGTCGT-1,-4.292175344591604,-0.5321972192088774,-9.484956978551269,-0.25202579596378966,1.6921847229796816,1.4474316380555474,3.270415667860256,-5.392413995680595,0.9820779311749424,-0.2981037796488479,0.8737315324805325,2.107773453633645,-4.042479224219211,0.8224287501329055,1.0514829996769783,2.091108674166538,-1.1871603865348797,-0.1308522227992316,2.6290196453933117,-0.6436856989964036,3,31565
GSM7890835,TCAATTCCAACCAATC-1,-10.300098625049412,-3.121705965897365,-2.3307328562198433,-4.979831374956833,1.946413530799855,-2.130252467240885,-0.7810296999276818,3.0116633172407465,-2.205480594501738,-2.187524251492911,-0.6023362793913395,1.0601383221372631,-0.7854241239436409,1.203679849655769,1.2181281338986663,-0.22268949633279592,-2.159627269497415,-0.3562746989536294,0.7748882760490351,1.717106368668567,2,18958
GSM7890835,TCAATTCTCTGCTAGA-1,1.0531709836153649,4.82785464478262,13.146083619524733,2.698389797110206,9.581817152004389,-0.6362125810507405,-1.0343283019926037,-4.960680917355711,0.4450015204448222,0.2673913094114947,-1.9573213299094987,0.9663951603918778,-0.5160280664078822,1.1483282669017856,3.3927423001740857,1.9939284703542501,-3.5621182631709805,-1.1527272868888674,-0.6586631029737282,0.613936569007924,0,7712
GSM7890835,TCACAAGCAAGTTTGC-1,15.9106372321234,-0.14071366923778367,0.4722549445341465,-1.9829919156865128,1.3276197306125617,4.771491218955549,3.073203591451081,-0.09160070066449699,3.493404174486467,2.4643367033054804,0.16462065983645974,0.09192231127926555,0.7318002055478505,0.4869720299120341,1.0661224802257185,-0.8010258032459109,-0.8911815054331911,-2.2309008648310256,-1.4666154039607133,0.998956551525806,3,28726
GSM7890835,TCACAAGGTTCCGGTG-1,7.335299281642764,-2.2211739302316547,-1.8839313248635712,4.578915398749755,1.887092152733631,0.5700409988584317,-1.1342407640175332,2.9196079425946753,-1.2631655312149115,1.7195218139776203,0.9023233563843617,-1.9799782826538836,-0.5433364099583905,4.521805203096119,-1.952020400774327,-0.6926756733129751,0.9283225798419029,-0.17980716363593033,0.8422199511429243,-1.3876796830009905,3,28305
GSM7890835,TCACAAGTCGCTGCGA-1,-15.903648895047318,-4.059972245530157,5.751322049056209,2.5101023165188914,-1.231085598942035,5.680370223821882,2.48579112148428,-2.921252597412853,2.8116844116704383,1.3352808975946313,-2.0875191439030587,-1.440785479074176,1.8774064700354989,-0.10677114227177471,-1.4659330521051028,-1.2884988712821843,3.152147607359256,1.813588255470588,-0.9245336179527366,-5.17810402034817,0,9500
GSM7890835,TCACATTTCCCGAGAC-1,-6.139223072753043,-2.6889955280700906,-0.47876418469210236,2.4293309353377075,3.171085690119216,0.6225639211850797,-0.27433791006011377,2.1125089721512618,-3.276387047477502,-4.737088224885437,-0.2988093508501187,0.8898621461581291,0.5907000353333242,1.2515973170071646,1.1537264165939582,-1.3462891825683905,-0.12551567086200946,1.6436390894308945,-0.6295563313318556,0.47279461135878614,3,25370
GSM7890835,TCACGCTAGGATCATA-1,-16.50273915913989,-3.5969974737547417,4.789232022499201,0.7421055396221866,0.13176561388019462,7.58034083191265,-1.1411511024366674,0.9112590710800983,1.86911344154748,0.7797285989987841,-1.8578014828593634,-1.852739153928406,-0.05046659437359245,-0.5050024128867403,-1.9340094636117267,0.13102885088716282,1.7506765598124576,0.634398471283765,0.683359779726573,0.132860371038861,2,20306
GSM7890835,TCAGCCTCAGTAGATA-1,4.585774322933769,0.6165617007475042,-5.522778707405281,1.9108619637486588,2.1350869685301896,-1.3124496776691765,-0.7075738198525716,1.083036113993131,-1.6127660767192438,1.030032281224881,-0.9970933247180986,-0.9754562962318445,-0.6706508389159954,2.5837935517498978,0.15841335793961042,1.1903311884941918,0.6932048678345719,1.6664566079717997,-2.559087791331919,-1.587568505476086,1,16756
GSM7890835,TCAGTCCAGTCTACCA-1,-3.1948408284449963,9.070107243414103,0.034211370541293896,0.3087167011195652,-1.4426705645583744,1.0131732379145666,-5.987120167338098,0.11555151779449419,2.269437649668387,0.5300597241325481,-1.2763085801489953,1.172032290119081,-0.8463484191001917,-0.3815130525410556,-0.791739767791649,-0.7459247415119331,-0.19503055686541312,-0.9355376781278819,-2.416926304101945,2.474778699853662,0,10266
GSM7890835,TCAGTCCGTGATCATC-1,7.635012334250136,-3.9097502337393397,-6.94209249229134,0.12104127349305742,3.0231116804100497,-1.927727241598248,1.9144112837172178,1.0683530185059744,2.0160975340931953,-4.024162052639455,1.2377876681448214,-1.4518135974106205,0.5649472320508793,2.1046508705954907,-1.4998615013953724,2.334838185148256,2.602149575042383,0.16835200794224545,-2.364772609319593,0.9995805933479635,2,23098
GSM7890835,TCAGTGAAGGTACAGC-1,-4.956740673988448,5.886069091204728,-5.230225883005059,-0.7708033782852545,-5.916955377027463,-0.31177743578759687,-2.294514893365801,-2.3959550366608866,1.1635407524830697,2.575235312624411,0.563133480873329,-0.750596563223725,-0.8658044471044839,-0.2156820513127491,1.7138332786252672,-0.9565972239585441,1.1856886033088059,0.5248264596711099,-1.477349021082268,1.6993749354626118,1,13132
GSM7890835,TCAGTGACAGGTAGTG-1,-2.375882669946554,8.69335551714366,0.2776232883355612,0.19925010651753514,-4.2090028530971075,1.189258438716168,-4.1797304068166214,-1.4708943348072303,2.511415729197895,0.8727679024751511,0.664530990904633,2.507844206871938,-0.3717199678274406,2.766687083474504,-0.1262936503071906,-1.4791926837223313,0.09012221699886075,-0.1386548335622005,-1.4922673805895863,1.7845180420707156,1,13814
GSM7890835,TCAGTGAGTGGCTGAA-1,-8.209708066003252,-2.0143464764797265,-2.249277391904554,0.8939903263958652,0.41578490107412636,-2.29644730346725,1.5501026944574003,2.354286817036898,2.773061326709802,-0.7148665850615378,0.2433013877671349,2.992837931109351,0.5367786214208911,-0.013819364298975937,1.0527922348409287,0.2434396926428407,-1.7964230777573436,-0.49201505363708337,1.2129850242194962,0.008471112917628724,3,33351
GSM7890835,TCAGTGATCTGCGTCT-1,-9.594802147752302,-1.4132791109007732,-1.4420079365436582,-3.860207233937272,0.5131450432406882,-5.328798252427806,-1.240471061380601,0.5304045695700014,-0.1845191941790653,-1.0184613300884966,-3.112306028994901,-0.43513274357190534,3.015075357838219,0.5901155280403093,0.2843866468783738,-0.662714863143615,1.1661038582669045,-2.307835332144594,-0.9322032407380136,-1.0712682257775126,0,10493
GSM7890835,TCAGTTTAGAAATTCG-1,10.938392114161392,5.357257623960306,6.279453925889018,-0.6830932541955237,4.13530332527339,1.1846353502153408,7.73261122061813,0.8222085866101081,-1.8068853699290621,-1.1513376163833167,-2.639892581633858,0.3002366650828585,-0.4121861670409493,-1.226689891400807,-1.9457760502913466,1.4513940300637493,-0.8927268875989591,-3.16601187370273,-3.8997149417542905,3.017313078323994,0,9047
GSM7890835,TCAGTTTAGTTCGGTT-1,-8.661538212395923,-2.015317407112474,5.066200185419531,8.04642518897129,4.688449098724573,-1.1656436083524169,-0.5148326753778696,-1.8927475045306568,-0.9077701254645849,-1.7133295292614052,-1.3222118914797245,0.6195630916070495,0.9453873250766885,1.3867810045622964,1.8252650942213677,-0.4603102090647817,1.3522288080532345,-1.0761283728205149,-0.5610996885383368,-0.5644646779093686,0,9228
GSM7890835,TCAGTTTCATGTGCCG-1,-7.6618580659148385,3.8372138743781736,2.8512005925212076,13.026816778907179,-2.2318359857541057,3.321415691236373,0.06810965595208203,3.2449483332056617,-0.11711539070972594,-1.3829417415455025,1.5290326158131478,1.5413407578231832,-0.9693074202551295,1.5368566416968557,-4.206072181337153,-0.806303049713178,-1.927913389652469,-0.5335209703333396,-1.4874169416617622,0.5839394889550309,1,15970
GSM7890835,TCATACTCAATAGTGA-1,5.606444141474847,-5.645124667333424,-6.082350104071298,1.6594836743425936,2.269505243056358,1.8024903458652113,-1.453943602721746,0.6367688170013139,2.0051410240174627,-4.420486696536667,1.3579820929262165,-1.3853137701744827,-0.8537463387977645,-1.4428896416520747,1.1394756324842956,1.3735123475385655,1.6982375466999275,1.4521680695760935,-1.047346133172967,1.5313538778692373,3,31535
GSM7890835,TCATCATGTATTGACC-1,-0.36582552783958944,11.230518273487508,-2.0296205351270866,-2.6148937021718885,0.23446573302661344,-3.6780297273293745,1.2010773673754123,1.4294476642644933,-1.6730749544845156,0.257349095475663,-1.478668527921833,-2.0043379911574704,0.2457978164587888,-1.81393384489231,-1.2645906365064592,0.8102259820560662,0.7720779472588871,1.176785540052383,1.037637492719154,1.9253884424141299,2,23634
GSM7890835,TCATGAGCATAGACTC-1,-4.311505435202199,5.961960850164125,-1.1044126102418614,-0.4624213688203371,-3.798362269785123,0.5065048671923299,-2.0027911988757405,-1.4928031182756905,-0.9503040781267065,2.5024365836493976,-0.5321420140242407,2.9537424240530004,1.4694013661433232,2.78720359705706,-0.2682735556031655,-1.027646889269944,-1.0706700594440623,1.7000858309798952,-4.130576724721754,4.695292233508819,0,10928
GSM7890835,TCATGGACAGTCGTTA-1,15.506198903815095,-0.7682420897866815,7.036003118480541,-3.663469265955383,-3.222386735018202,-0.11535125361242052,1.9512049674263008,0.8475087861545682,4.431006772380162,-1.0429976370172929,0.8560848011384771,-1.3663252033533826,1.3228082779550432,-0.12581624531970936,2.3818923796016724,-1.7976734675730008,-0.8282986456697432,-1.8632425149446525,-0.4880996494753661,-0.5766546473200944,1,15835
GSM7890835,TCATGGAGTCTAGTGT-1,-8.083860884171989,-5.616107911080491,1.2241897274843596,3.539194798612763,7.5109231411304,1.3336953289359388,-2.3785148574704063,3.5959370769790606,-0.3385296058821616,-2.498708095988128,-1.2886666732257996,-1.3058801670996125,-0.4838469048250159,1.122286710938098,3.887167125572062,2.6388382857223918,-1.301876560663884,1.559097148876309,0.1260004761893997,-0.14074678834744767,0,9105
GSM7890835,TCATTTGTCTGTCAGA-1,-7.25462683371665,5.027499908004517,-4.597885543530124,-1.539160077424221,-6.932303051800227,-0.17814509610383836,2.914374168084263,-3.3817285995304096,0.482608197900678,0.91842005065398,0.18850398492939438,-6.0693831712313235,-3.990684778970021,-1.6910030042040758,2.558176255981273,-0.3704246337847405,-1.1241690322973246,1.463625939418349,1.3197124676201883,1.3003972258387853,2,22156
GSM7890835,TCCACGTCAGTATGAA-1,-10.58065581163143,-0.7022812071164345,2.5504770418268823,7.79994234260477,2.6269659219728676,2.97150796259369,1.813342739693462,-0.8608249856023308,-0.41075187153247816,-0.41713510492319406,0.955018928818404,2.869557971955446,0.31298084004351345,-0.5794830008943557,-0.05831059091663987,-1.8145272938846329,2.159716228636548,-1.5333023707198912,0.29865533018198503,-0.04143546825403409,1,15212
GSM7890835,TCCACGTTCTCGTTTA-1,14.261098411204324,-10.299192797173145,4.243310639567919,-1.6367988565366145,-4.811828023812946,-2.467166235243369,0.9751416475211194,-0.10486825792284904,0.9430376116472462,1.7213893102679223,-2.4561901223713263,1.88476966667546,0.08540213127643069,1.427184242674816,0.93411239314557,0.17687474014764468,-0.1248164471959377,0.9327382988365127,-0.044528941601704446,0.6417673907762723,1,12529
GSM7890835,TCCATGCGTGAGATAT-1,-0.8590205136118504,9.745809842817511,0.2612578303316021,0.04414394558132041,-2.1562997965820125,1.831524049869546,-2.389620643824282,-1.4473631458862901,0.5893404040982196,-0.023849057912055178,-1.4252273070078896,1.0731507296992135,0.2603194447089636,0.2133008165161368,-0.8106257622886414,1.2327494805806718,0.4423161032964781,0.22889854079808894,2.425728809030101,-0.04867421494861258,3,31252
GSM7890835,TCCCAGTTCAGATGCT-1,-0.5623399121819183,-2.8712074060923864,-3.000637889062068,3.213069595345435,7.852939987815115,-2.0474785989587367,-3.0191548744658836,-0.0723639761286932,-1.2737402542521394,0.5480682770467599,-2.8370319248315448,-4.745465611504505,-3.3911583167705275,1.257832835254551,0.8964576664558853,0.9320475607966378,-2.475238939620359,3.9978167513445952,0.012135578392615972,1.9834307696356654,0,5607
GSM7890835,TCCCATGTCTCTCGCA-1,4.440839572138782,-4.984717472700994,-3.3081229994372534,2.1486484366429566,6.346405379591959,-1.2159836680860354,0.12477018568120139,-1.6723714835527053,-2.596988154437506,0.96834018903023,-1.7774128267616849,-2.398786544053873,-3.1980144743696926,1.7123459130942182,1.9188212725177005,1.883223845171981,1.2328854616511806,-2.268916742442624,0.30885154600073966,-0.6032748386730357,0,7590
GSM7890835,TCCGAAATCACAAGGG-1,-13.368309089256796,-4.277122230953275,1.2331817254463908,-6.085041171077067,-0.5398120638683889,3.7667151955647378,0.19447342870013445,3.1679918773330744,-0.7375308955363665,1.1031125310626109,1.5256500013282968,-2.1808228281423263,-1.0345218046329885,0.7748061852421686,-2.030086596532898,0.42175062640641514,1.3991254500541963,0.6979813463020461,1.5783888045517214,2.1131585861642868,2,24121
GSM7890835,TCCGTGTCAAGGTCAG-1,-2.8805977875045667,-6.4353497598723,5.959555504442331,3.4878234418559217,-1.699988694579694,7.00645675561382,3.4603074854230953,3.2465014058048047,1.5936457805563449,0.16289882818252627,-1.8765299721844462,-0.0443000706268626,-0.2584614732057232,-1.108713505915743,-1.7657161750532615,1.1053768622323745,2.3322021776792794,1.4814413401828754,-0.07270629789843526,1.6780453615687938,2,24036
GSM7890835,TCCGTGTCAATGGGTG-1,4.182041058939825,7.378678135616356,0.08026479102194704,-2.2926960990880954,-1.6802649782048036,2.991123700135006,2.5812699602648874,-2.718389474970816,-2.048970719450884,-1.7323502154684924,-0.5350206640648861,-2.570202144637164,2.5086001042461024,1.1694399731905352,-0.4287553862420848,0.1095521749083801,-0.4135724440968354,4.233418216484618,1.4542497757129513,0.4841830587162329,3,26975
GSM7890835,TCCGTGTCATAATGAG-1,-5.819737538704355,0.048713698637234494,-1.0477454280438028,4.259888377911915,-2.3106187946380543,-0.4293892094468591,1.507060405767814,0.09935339803299159,-3.5491280393479046,-1.245704556556157,1.3119817953492643,2.080345680915672,1.1483647540205995,1.1921404273452572,2.721942235948021,0.36385345351133724,0.02518635165767778,-0.1773895748225255,-1.9986049606983491,0.17522384388949908,1,11995
GSM7890835,TCCTAATCATCCTTGC-1,9.593877414310558,6.28584313943722,6.214702660251938,0.3808591268661333,3.6288160279045356,2.58993092576263,-1.2545990915873095,2.1696116498160967,1.3393834216679679,-0.707635532170864,0.9685143539536907,0.26047960746832144,-2.7922864383666144,-2.5879329235138373,-0.9391556298706006,-0.8087402909458111,0.07978764590077309,-2.1299897501127796,0.251722344780804,-0.06253838387698529,2,21483
GSM7890835,TCCTCCCGTTACACTG-1,5.908302526850784,2.5152455909912916,6.671826623701327,2.3644825504800124,2.60206202665343,-2.030899674551552,0.3453809404055783,0.5120525923650932,-1.8684549561151387,-2.9361500336440685,-0.4682653411852864,-4.567961019315168,0.23219618902541683,-0.8104009695052056,-0.04097913976566844,-0.48253350466754186,1.2820356301511369,-2.300502616343792,-2.2694101376317923,-0.003324488545093213,0,7944
GSM7890835,TCCTCGACAACCAACT-1,10.586874815004995,-5.092919665771584,8.68730227014285,3.245425896537797,-3.770636459788793,-1.6819980144127145,-0.8428810183173291,-0.8399105558436926,2.0051902276536393,-1.7713405594463572,0.729229080966776,-0.5115126213303044,-0.734653133710869,0.10553349425175135,1.2366829414604796,0.8151427462520792,0.5030504388020228,-1.0719983577173156,1.1206583695103798,-1.847866570530575,1,13358
GSM7890835,TCGACCTGTGCGAGTA-1,-9.088861572956755,-1.6104666916866723,0.13279072227884461,3.2050772794831013,0.18971536928436541,0.9392356164984478,0.8644410178251741,0.8645351621166203,-2.6011027596083376,-1.7497881092419083,-0.3240522249145195,1.9182770211568017,1.397006296669141,-0.3102060799235882,1.9884598589315812,-1.5824213831334661,0.8073313910744152,0.2849499963865525,-0.9909121957070852,-0.5036403221393956,2,22000
GSM7890835,TCGACCTGTTTCGCTC-1,13.795192608040118,-5.244033672218351,4.64827922624271,0.01314489555397911,-0.9474966425825768,0.40791978835680587,3.5863257441189593,1.1797413356382989,0.34926640669516335,0.5508625581773025,-1.1020890841611635,1.069785297996417,-1.6052191142243646,2.0164652864188337,1.5868610518318313,-1.7393643541064745,-2.5845369265547213,-0.7983304089633647,-1.9691095356068795,0.0026524847337861214,1,15155
GSM7890835,TCGACGGAGTTGTCGT-1,-2.1693221033861554,-0.17906233403394783,4.6754659634720745,9.046528455558615,2.6295653972806616,-6.717483402522895,0.13778331850078854,-0.43464704863950787,-6.079546856382206,-1.4380843414059918,-0.3526488421959399,-2.8267286763688877,1.1172916844664842,-8.020819386551878,-0.9053865202165154,-2.012180806295153,0.6658615116410268,0.600909270201015,-2.202864588998949,0.48431305457348206,0,6212
GSM7890835,TCGACGGCATGTGACT-1,9.651277925450056,5.803510986695418,4.599642497471569,-4.470874788272598,1.9045065108535533,-0.4731914704264888,1.5280473600485218,-0.23792788555943636,1.2987761336936603,-1.3149071749946446,1.6984993089196434,-0.998015467122957,2.929205057105722,2.6260506456546207,0.24488159373147927,-1.6514044129137402,-1.0843536241561484,1.7399636370567841,1.0507551572490164,-0.1801986427518005,2,18495
GSM7890835,TCGATTTAGAGAGCGG-1,11.424690576297136,-8.128895817916309,-5.940623222130487,-0.7751687678009882,0.10494408928518041,2.7672184168072635,-2.2238232918348477,-2.8720750728990283,-1.306916183491532,3.877818336506767,-1.302413358884063,0.6762433878011636,1.826755170550856,-1.5019939305421697,-0.8302115643082396,0.9646025751593931,-1.1963140469424491,-1.7702322186090729,1.6445322447518997,0.07292121243729488,3,33116
GSM7890835,TCGCACTCACGCTGCA-1,10.002621700381747,8.438014477149746,2.07830194459532,-1.1709244860726977,4.86694769192512,2.290662291094111,2.4933427346002976,1.904764532473782,0.9781248529597681,3.0854187321492064,0.943122788072118,-0.8074613344698849,0.901512315600758,0.2740698450740428,0.08429229354297318,0.4532551594260156,-1.8300409426411175,0.8896373274204912,-0.34857393143566195,-0.6004709463816499,2,24417
GSM7890835,TCGCTTGGTTAAGGGC-1,9.917288327698465,7.1936150347024785,1.7765631306991874,-0.34863183007231335,-0.4937193579008527,2.47224452678813,1.2138992327056861,1.7890134481186228,3.076255591967436,-0.8728073530354801,1.3516185857273326,-0.9044298578041869,0.5715025199783939,-1.4244737108060175,1.4211645568746565,-1.0871739358884749,-0.6320877083995637,0.21967185167743952,-0.35838562572325355,0.37909129305361755,3,36681
GSM7890835,TCGGATACAGTGCCTG-1,11.017735237110493,8.908793375595668,1.5379825078093214,-3.8353827515742465,3.7056403617751474,0.2742419458957911,1.4315927884112334,1.4654304040778654,-1.626640717274946,2.7434234652441707,1.7938735393051475,-0.7505322114908068,-0.652014840213492,-2.347926937708404,0.28756645164866373,1.2273989150272206,1.0618328935746149,-0.5796379868021454,1.415310225083549,0.19861876000032572,2,18106
GSM7890835,TCGGGACTCTCATTTG-1,11.828028911292003,-5.7316845791670055,5.560679127881762,3.9081379498453708,-4.495677942503132,-0.8870998477468929,-4.514075368490147,1.2612930555659012,1.0825462729537214,2.3012086182051,-0.038558347030155836,2.1338718224866713,-0.7086428651989023,-0.5685857960574675,2.702537438480788,-1.4664384317839192,-0.28675129911971076,0.5380420739058118,-0.2676589413438658,-1.1889470474112593,1,14141
GSM7890835,TCGGGCACAGGATCTT-1,11.231031817726349,-5.071108591099806,-7.069511081628789,-3.2388606022875015,1.4996012185736753,0.9657399461227767,-0.2658729999690135,-4.043808817788102,-2.154579464829457,1.662247453131441,0.7364797731625974,-0.5686513566790119,1.5930359586893656,-1.2908974449223587,-1.0094057978073985,-1.3961973228309643,-0.05942885669549474,-0.8269608092214296,1.5764921753259207,1.23154033675105,3,25656
GSM7890835,TCGGTCTCAGAGCGTA-1,-9.218217190871247,0.21791005268964972,8.57417905129568,8.844479232392437,3.085568123607435,0.39211902439448376,-5.252440532202909,2.4356091198354446,3.1275664671190566,-0.7634594521120466,2.795326110448656,-1.0796816722460594,2.4337024034952575,0.46736438209292575,0.17826975023252403,1.2666722212100103,0.9753722492476017,3.2361916775588715,1.5039445193126917,1.3468841103812172,0,5859
GSM7890835,TCGTAGAAGGAAACGA-1,13.070403147449154,-7.1832175990635445,-4.609673174190221,-3.687685944249464,-1.1007574683741566,-0.3207562436873897,2.5218888773644346,-3.9652840834199883,-0.006891860409586555,-0.44385647480649554,-2.281520201723347,0.11214140937271674,0.7343574027495658,0.23554697145675932,-0.9350877352980606,-0.2766137953736279,1.8576354918516857,0.025659481704415236,-2.0487342642581186,0.9585819254651805,1,16520
GSM7890835,TCGTCCATCCATGAGT-1,5.5818713192147715,-2.4792485342946566,-10.940031897545364,-1.6325834942529134,3.556680931149046,-1.4529135249348482,-1.5342773346421148,-0.2732469148371599,-0.14647311003057945,1.505775431373686,0.9041068176491789,-0.46339007207531624,1.6758497295643782,-0.7563920435975074,0.36879791822412594,0.015300401592878803,0.2753801401174534,0.1690650284859195,-1.5646598435426422,0.19165972787498606,3,31067
GSM7890835,TCGTGGGAGCCAGTAG-1,11.639105536919976,-6.254320441928797,-3.9783735271799667,0.4289269061627941,-0.5499568422215166,0.7947868083593076,-2.138954478340732,0.4700040506761027,1.7650890472367065,1.6831367623809799,0.9239188475858465,0.20975797550323616,1.270265604581225,-1.3873385268187943,0.15501601592989903,0.6893706478585458,0.11733872693925963,-0.6379819324950089,-0.0023196858704103624,-0.19206758804281449,2,20651
GSM7890835,TCGTGGGCAAGGCCTC-1,10.55611425918135,3.9677434326830587,-1.8167107961311943,-5.21090834440955,3.6746670923387414,-1.4906475726830484,2.591567672804617,1.2938328329447886,0.8185027361400121,5.392823398103417,1.9932299257048112,0.814089025945976,2.3627190013206363,1.8560757381067052,1.9514359277053648,-1.589437976228228,-0.27414225693336397,2.1870625152616103,-1.8774915110908013,1.9928242561025007,2,18438
GSM7890835,TCGTGGGCATAGCACT-1,-12.621760040020174,-2.290421755081041,-1.348852852758922,-4.889414856945105,0.9242389303344924,-0.9649874109147801,-1.1334965084175777,6.412561505724746,1.238764130226608,-0.6710133029150701,-2.530392410376984,-0.14141829872293613,0.854273474207361,0.6185876118758137,-2.012377911549024,-1.374424967512285,-0.7157973182374197,-1.6471452627766916,1.3427645880462025,0.7363210831133864,0,9788
GSM7890835,TCGTGGGTCGAGAACG-1,-7.131291849336592,6.377432360122038,2.8662345098292876,-0.13832801346717125,-4.92922622070583,-3.063491361900321,-3.516299325965862,-3.5220015427791047,1.4101632522506133,2.3236837814631404,-4.571059539046727,-3.286871700108111,-0.7631708685759359,-1.0040343853052431,1.0568676126307632,4.847201835591074,-3.813035543407779,0.0712484891181549,-6.54442982971559,-0.7041563274699617,0,3301
GSM7890835,TCTAACTGTTTGTGGT-1,12.515106475020227,-7.325266326143789,-0.5320765058707287,0.3664747043440522,-2.0628047252723145,0.8745678031297118,-0.7428877233048408,-0.8462280955839515,0.2594102092424028,-2.283176238899785,-1.4074582346252873,0.0302866178873191,1.4124123989672066,-0.7982326774587075,0.49116562023728844,0.735988410945174,0.012530247153343282,1.5980104715374068,0.4524919948621986,0.8368923050598597,3,29260
GSM7890835,TCTACATAGTCTCTGA-1,3.4143325046410533,10.327194911023016,0.7458702866141347,-1.6435345042004124,0.2743470773954543,-0.9275414900437642,-1.7752425426111336,1.1938106662258683,-1.6860872831650058,2.2041524690881915,0.6709974879967627,1.4425140479336167,-1.3480394130990228,-2.600607821838718,0.21585653460718765,0.08643825175699936,1.8041352729093487,-1.1440304409751698,0.46282366819560333,-0.09558338519458141,1,17118
GSM7890835,TCTACATCACACCTAA-1,1.9445713092704544,0.21383229922485408,0.8960375287098327,3.819326326604342,-1.756552275196713,-5.067950306776097,-5.208551659090526,2.36702549500493,-3.3434786336405433,-0.3265561164474264,0.7326186601385035,-1.6198309792911858,3.6292874602199405,0.2972205548946253,1.9453165203580196,-2.037180741717104,-0.23950290553129097,0.9748986492362764,1.2570102692544425,0.6615715531406086,3,26135
GSM7890835,TCTACATGTCGGTGTC-1,-7.11725772441227,-3.820946243414071,-4.3887389444253335,1.7596414199267763,1.9834758691153236,1.6660518006195022,1.3230184338244417,-5.11140559249047,1.9393071203986891,-1.5165867147158443,1.7782840913229334,2.304813271209761,0.11137345457174046,-2.112060732880985,1.3551575352935799,0.2077342834013985,-4.036633976015181,-1.2131359483195865,3.033013840579301,0.18954958088822177,3,28729
GSM7890835,TCTACATTCACTGCTC-1,0.2073519358196987,10.37460170329466,-0.5158641434957388,-2.2403881531550573,-0.28821404265438755,0.3583716364601262,-0.3439375557278111,-1.3458292003216288,-0.5575883202786415,-2.741242963702965,-3.865680404253761,1.7105902317075705,-1.5836814530718548,-0.367514718811248,-1.5998641495854602,-0.3624938245147527,1.277749142065652,0.5737294006214015,1.0911440208698198,0.5654496020788129,1,17220
GSM7890835,TCTACATTCGTTGCCT-1,6.215193970559194,-2.768133466961262,-0.12291100605444544,0.7955354659190849,-0.619711963536377,-2.7506711387461653,0.7672883957957397,1.5728804529402167,-2.400201767371852,-3.1011508597366433,-1.3014437474119764,-2.91020461627953,3.80662392799164,0.06570177393756733,1.7277979127224303,-3.2870473175245434,-0.7275517622730907,4.133723960758108,0.2869965243578736,0.3180493161799611,1,12437
GSM7890835,TCTACCGCAAACGGCA-1,-2.786922203785718,8.015054231641589,0.4573688513422629,-0.0006941259450272315,-3.539336070954253,-1.259807755304131,-4.373448727825542,-1.0790122231731132,0.6725494805627239,-1.8296916416234037,-0.7053366995297535,0.6680077055318756,0.018774281926529912,2.012161347942761,-2.8713739949764467,-0.43631411461633224,0.953228403543956,-0.9697798479838174,-0.4876886102143686,0.19336981106475756,1,15206
GSM7890835,TCTACCGTCATAGACC-1,8.761761710652909,-4.861345777705487,-7.661555981236574,-0.08005888030929256,3.2448339067457526,1.5445058879890112,-1.1839139793006632,-1.8343264769083314,-1.3510007724978306,3.183912256350779,-0.6584997028156058,-0.7701520539950621,-0.996897172695344,-0.3111160842845629,0.309080193916333,-0.7608536351885319,0.23713580852838034,-0.2480423751589671,-0.5907456677723327,-0.3681144923437973,3,44524
GSM7890835,TCTACCGTCTTCTAAC-1,8.2445718709554,-5.545573899462642,-9.839964058706428,-3.214924582255261,2.2932695385177917,0.470341456628983,-1.2446487527862076,-3.374587182585681,-1.0084614670895644,-1.6903330564804782,-0.46063400361526324,-1.8105577298290858,1.4455303619695923,-1.9667492809789837,-0.32889195337452076,-1.1060181527515747,1.9730712327747786,0.9018341958326322,0.6210728061122894,-0.28006644171064826,3,27399
GSM7890835,TCTCAGCGTTGGAGAC-1,-2.135544573120301,2.3067571624814662,-2.067283735245487,6.0937731977514495,0.5599370011935909,-2.962249531765639,1.106429320003978,2.8693316732954397,-2.814087685146857,-1.146022746286139,2.6363835742918935,-0.22599390089327448,-0.8365307253917894,-0.18487890102350635,0.02560416543094978,-0.5477589385382361,-0.513207712211849,1.2188207456896576,-0.05178077297864403,0.25021641326541344,2,25064
GSM7890835,TCTCAGCTCGAATGCT-1,-7.479891557262573,0.3854914218911728,-5.424654813055938,-0.04602064889681015,-4.504384957079175,1.5877528090599653,0.6188169956904702,2.254677304538485,1.5786876558202476,-1.3129798186644823,-0.05840547238284956,0.1718114119804236,1.857511735816243,-0.3634041253833886,0.9138972607342775,-0.8295746705003961,0.2499234466458145,-1.9531699685293735,-0.26570902872537594,-2.179897012483286,3,35868
GSM7890835,TCTGCCAAGACATAGT-1,-8.742198968370548,-0.9891118491376735,4.7929183166031954,-7.742223095808756,-2.829855658093309,-5.542467334823167,-6.061677805601126,-3.8931365630257693,2.751031527812269,0.5815374977270038,-1.299185006372088,-4.335377286507536,1.0842230486899478,-0.6800292319306876,1.1096724360824406,0.6568071240494605,-0.09043972088844746,-0.5008089303405759,-2.0861806448859523,4.194625520616927,0,3273
GSM7890835,TCTGCCAGTCGGAACA-1,-2.2077672279007152,8.827377364888527,-2.641542437424276,0.18421223744566242,-3.7795102104784624,4.175593360207103,-4.6938630670536865,-1.0675040043101818,0.41243681027370716,0.3526868017993784,0.6374395303963445,-0.43219190301949745,0.6731829047277876,-0.34990314337338,0.47188286735561924,2.0394189235726268,0.13647831788340875,3.3648814159500553,-0.8467510879656491,-1.2452317988968924,1,13314
GSM7890835,TCTTCCTGTAGATTGA-1,-13.157895350095327,-1.8504844536536222,-0.16405364436947992,-0.5922704838470575,-0.2962336164783621,-2.0177948597176343,4.11298768780126,1.623958022436245,0.7431023754147049,1.5716234325364145,-1.3098633103253965,-2.644609537568823,-0.0018247431207259288,-3.972979758284798,-0.4622303899380731,0.21495109331539194,0.4096403511272984,1.0910546979690259,0.5136828134420391,1.1200738275230337,0,10940
GSM7890835,TGAATCGGTTGGAGAC-1,-3.1174119507029143,5.703234454461975,-6.339654348521962,3.5816714054285104,-1.8115536595797985,-3.2562290256897057,2.0319848498578916,0.21876494882204583,-0.8631648995825358,1.952438300886157,-0.3243042103423838,-0.14767684189982874,0.48319178530178336,-0.6912940263506273,-0.6149221966452197,1.0416874511903673,-1.6538651777481008,0.5418638420129619,0.6365228287079578,-0.34341681140549535,3,29761
GSM7890835,TGAATCGTCCAAGCCG-1,0.8174240934002556,-2.334538399301506,-6.378613786166214,2.0663756641530613,5.789968465133077,-0.407270786393872,-1.195428232360346,1.8238164212761454,0.07601177304891638,1.3904383731730816,-1.3316591985008452,-2.720349329981612,-0.8939846775156153,-0.5149182493979821,2.0603783566099696,-0.477371341070086,-1.549814942240942,2.3594865973748687,-1.568172477542196,1.2143779878320184,2,23269
GSM7890835,TGAATGCGTCCGGCAT-1,-12.721187904086364,0.8536210749398792,-0.8491564925255698,-4.2366892682480985,-2.7328718369295033,-5.064560984789307,3.3791290061143284,0.03407818835681073,1.710259800490518,2.9202298459389446,-0.7221229414287328,-1.5796981176586349,0.8969748331585712,-0.48321639946361983,-1.396112938405647,-0.9474540340150679,0.6022472584574908,1.0013286393265648,1.8566698262197485,1.8175794213551286,2,20376
GSM7890835,TGACCCTCAAATTGGA-1,11.863516796086211,7.346742517669264,3.506235123728557,-1.9071587366402238,2.1007391866928797,2.549803124454742,1.5124362892365881,1.0005288553300316,0.5936809183007968,1.4326681219941786,1.8354415762282288,-0.9834201160928789,-0.7236215078808138,-2.383145812431928,1.1297330264068448,0.9128233293397252,-0.7890173109065177,-0.9008300292191974,0.7845599204242782,-1.8727059936125663,2,21193
GSM7890835,TGACCCTGTGCCTTTC-1,-4.492293199668768,-0.596733519898346,-6.308925422894771,0.99245962623061,0.5973333040254905,-4.723753468631887,2.653863727497451,2.0837750677180185,1.4543256303929875,-1.214412489200448,0.749967851638958,2.9968439746349422,-0.8925759141174227,-1.4277824706130164,0.012444278082678154,1.485727623211774,-0.5674509315340909,-0.3280598976657818,-0.34438397778031726,0.21769437112292997,3,41021
GSM7890835,TGACGCGAGCGTGCTC-1,-14.414590325623479,-5.242906230095944,0.5586207484372827,-4.108180155085984,-0.5165385460988301,2.301865593706272,2.2849642484432846,2.7343049789305742,-1.7855330628709296,0.22009271054427917,0.2911942375347359,0.1512287234882102,0.5960147592830826,-1.3685060712656894,-0.499465182497819,0.09171861840083831,1.2129865935347681,0.3256661637351312,0.07454454285038496,-0.09748697418550747,1,16215
GSM7890835,TGACGCGTCGAAGCCC-1,-7.313145176218811,2.4462562388237723,-3.9619507600656845,4.073257661951944,-3.4809631169183626,-2.622591443586221,2.6294991636297667,-0.39716600762921433,-1.3376633158604057,-1.5270410559316236,4.672808314863907,0.4412972630963848,0.6656621788012952,0.8969605014696151,-0.17857116979250467,0.032620785971861875,-1.2648146434957364,0.03848097175513532,-0.5656353156622278,1.7707059756101955,2,18117
GSM7890835,TGAGCATTCTGACGCG-1,3.1983289261977,8.946022874292943,-0.31186735298013496,-0.9736302510657389,-0.21323414000887012,0.8373708279400125,1.0826441876519977,0.32685769673138976,-2.752622604196644,-2.1638978412239154,-2.5822222398729022,1.020066830203041,-1.596487396134668,-3.032894809596756,-1.7038965018342962,-0.8517987340563654,1.108659632407825,-1.029433778142993,0.5104060758153164,-2.1105611373139466,0,11312
GSM7890835,TGAGCGCCAACAGATA-1,9.587494273189185,-10.054192886787275,3.714081533313409,-1.6597815979296515,-1.724203630564285,-4.8046096081287475,-2.7096432580647454,-7.172811983464927,0.3905987718199805,0.24877112223620865,3.105084363372806,3.9574123982507987,1.2705542717364007,-3.7795757889300012,-2.4682872911782514,3.83177225602978,-1.6835489834928572,2.3279574094810167,-3.5204537909461795,-4.218141396552397,0,5127
GSM7890835,TGAGGAGCAACACAAA-1,2.277843723709854,-1.1592377199195085,-6.990556819996787,-0.14668328170602268,2.540939862234774,0.03377621594317338,-0.8751915780377033,-0.07225155162224811,-0.9579461580023826,-3.2112533807168906,0.3422041876832268,-2.1849502866332005,1.8604975108611728,-1.0834530699927984,2.291398862121822,-1.4859085769743343,0.08853507940280333,2.1624517423682694,-0.04920312956903423,-0.6694431414794849,3,35180
GSM7890835,TGAGGTTCATGGCCAC-1,-10.613693951980208,-2.8787821760126704,2.655855637151325,5.639539402087936,7.490771139135781,0.23571231828418387,-0.07272525368150258,-4.521396809076812,0.01995803649162092,-1.9842875152841404,-5.465626703815012,-1.009653852744342,-0.5432424915827126,5.0384776855269475,1.1870007209080298,-1.1437375486096073,-0.8708420700720939,-0.44153564857742317,1.3970084571985757,0.3449004107770362,1,14360
GSM7890835,TGATCAGTCTCACCCA-1,10.064951642344875,1.276003973575236,5.199071102982961,1.3326624506025728,-4.504198523020718,0.9360442255476584,2.996494610706385,2.6137208633234317,0.17211511807060353,-2.347295151895392,-1.30682937487149,0.4392173192609434,-0.9690110521079902,-2.333078886832624,1.5528634944185573,2.7794308660577274,-1.2206877442202952,2.1515590914765155,2.4548671434719207,0.8210285352011386,2,17592
GSM7890835,TGATCTTGTCGAACGA-1,-10.650163769844912,0.8515773324406596,5.0525198146280115,5.586776384105601,-1.9473877834358393,-2.840510933503631,3.4220287168965298,-2.231911505153311,2.443948897004493,2.4522451256210993,0.27001866272784947,-2.4557843281415863,-4.588846856487664,-3.5330280106007503,-6.03920609297928,-2.205258591688298,-1.1946634934482383,-1.0822905524394701,2.6144215208477433,2.534463165973229,0,6434
GSM7890835,TGATTTCTCATCAGTG-1,9.148223598582593,-3.358315631519089,-2.3987869721686463,4.333965319125234,0.6589273521990556,-0.3027792309625952,3.0886226431472212,1.4409869224247855,-5.465192076821876,0.5040477587669434,-1.4946241971912775,-0.6025641939566391,-1.8267204500275749,0.4533915603955577,-0.9525790206867765,-0.9251946702988908,0.615741297038972,0.28735330968319966,1.3829556950540218,-0.03331733187142235,3,38282
GSM7890835,TGATTTCTCTGGGAGA-1,3.1514513521261938,-0.06461852888415337,-7.0518456601315185,2.8259037734300407,4.853105573186216,-0.1566102400851288,-1.993493166209156,3.357436054133771,0.038089394652972834,4.790880492491948,1.016569096992218,-1.6211709383983774,1.5843918169409337,1.8919682946686305,-0.6675002069992512,0.9627062594611824,-0.4493612157816125,0.6829023914988657,-0.5384538365413396,-0.22266157842841722,2,17834
GSM7890835,TGCACGGGTGTGTGTT-1,10.332505184328134,0.29014754602408266,2.5638065419231744,1.0747971141188537,0.5340453512604569,-0.715387799303768,2.502699461124787,0.855572606759289,1.5226915785929778,-3.237680974563521,-0.14341810752004833,0.8251066468856574,-1.8559658828619903,0.23928857940456477,-0.846278994503841,-1.3584384407692505,1.8071945582681685,-0.24545132262463198,-1.2013152016425512,-1.495744839653209,1,13310
GSM7890835,TGCAGATAGACTAAGT-1,13.732194786018843,-6.235194164354001,0.8443805914639593,0.28334625833052823,-3.25056598237841,-2.2350466336663577,1.2366042420908885,0.9611554671353467,-3.0449554690345524,2.6878999903339014,-2.057160549819439,-1.0712904271203505,-0.288649178711704,0.1887537584059708,-0.007976107311129847,-1.6484539171225114,0.20327652622078698,0.9633611550689222,-0.08092055484763452,-1.4437494108250695,1,15067
GSM7890835,TGCAGGCAGTCGGCAA-1,7.914908585953012,-0.24410682202757186,2.484442088945182,-1.016816739625639,-6.733594576471968,2.2560765251508474,-0.8162880488299026,2.1952499618075207,3.251976931138764,0.7425569251636361,-0.9975849031762712,2.437157389296484,-0.24205186543769544,-0.7828069263663234,-1.4303989703446633,1.3421872716743686,0.6686599233409525,1.16607034799168,-0.9277972686065766,1.886429916941422,1,13086
GSM7890835,TGCAGTACAAAGACTA-1,3.4991348238903264,9.538054188173817,-0.6699547981325255,-1.5097948253280253,0.6621196413029891,1.2208720219378837,0.6503758172914966,-0.8131743719335602,-0.2833138893732755,-1.7582181585439927,0.13081820786150614,1.8757140032937616,0.7363916771956497,0.15894367373254242,0.3664152336227782,0.8904466991255072,0.6405329212952341,1.1229883969694405,0.8961091778100065,-0.34234460678315304,3,27042
GSM7890835,TGCATCCTCTCCGCAT-1,-7.0996478169379165,4.976901904457414,-5.291492087408669,-1.9395220331644305,-6.365977357233951,1.1191391541006181,0.024097412461443507,-2.9094877547778557,3.6779407658096552,1.8768140376268112,-0.4573719801585582,-5.972115901739275,-5.921975518616457,-0.5977694621364223,2.3355646656680684,-0.26359609994407296,-0.44269386674921163,1.592774548109046,1.001239392251851,0.9572288842870507,2,20420
GSM7890835,TGCATGACAGCTCCTT-1,-6.600414685694843,4.756905141336338,0.776469119027178,1.0114190762194029,-2.0018723151882756,4.526472346591747,-4.929394909513055,-0.08422197333125747,0.6604415548566075,0.06814664395899228,-0.9607814037436829,0.702528759907936,1.3289773453479485,1.0500797910372401,0.8639688838985502,-1.2481849182025835,-0.41911912182969197,2.7662347892490233,-2.0112438562196666,3.3895833594164864,2,24465
GSM7890835,TGCATGATCCAGCTCT-1,-12.868885276391714,-5.546225143329077,3.7879543174647505,-5.772052413774981,0.1479769732523257,2.555625597675054,-0.6900938050598815,0.5628747370426713,-1.1241872617523234,1.1252149250429773,2.9765581461717834,-0.847156890168583,-0.6239270119953333,0.8873163027279937,-0.7229482197598794,2.590839610060925,1.4960535464563152,-1.0470716557185968,1.8927393054683588,0.7420615967055169,1,13248
GSM7890835,TGCCGAGCACGAAAGC-1,-9.296953001700835,-1.2517928011040977,13.419959163709665,-0.6120766118904339,9.079043139511748,-7.683991658549066,-6.863733764919222,-10.678800685169318,-0.4026319854658275,-2.339198422063759,-7.415695890501926,-0.6856413907758205,-4.164912132303475,3.408102688984381,3.9482166470244686,4.602871553879905,-2.007755896718506,-2.0165681388374423,-0.15336785667142347,-1.6535629958826217,0,2413
GSM7890835,TGCCGAGCAGGTGAGT-1,-10.461719816820793,0.9554140539697541,-2.372755487953918,-0.053934797993924206,-1.670444840450673,-5.521999194993172,3.008328641985355,-1.963135130179249,1.0664791179344753,1.366954202622526,-0.2739911655982233,1.6097838294520097,1.2775898199820916,-0.8425603445978366,1.0626574276694785,-0.9144856340543388,0.3250009144565068,0.33713842523302306,0.46583982215938097,-0.21431819691321688,2,20746
GSM7890835,TGCCGAGCATCTATCT-1,-11.279841790096599,-0.44897416459458656,3.867416839883277,-0.41427107703859545,-0.9328409584773184,0.20896517374712942,-1.5161942067703076,0.6447330140072696,-0.24352313117524402,0.9775376352434493,0.3007656691468114,-0.11709617170409743,0.7381491673473914,0.019832601381730725,-0.9578191569647975,-0.05959117105671642,-0.05608917698153728,-0.9242850042094312,0.6529008135461739,1.712273240218745,3,29924
GSM7890835,TGCGATAAGTATGAGT-1,8.573841289109144,4.773429768789738,11.2471778053155,-0.3525035080341133,5.976646445795598,2.000356791292433,7.187229077705776,-1.5120365779207965,-2.2136859638807853,-2.8695054823359567,-0.9567511498945175,-1.9869910235741282,-2.873156356363224,-1.6516973432542041,-2.527439822533585,1.0500014146293082,-3.149233075388572,0.6404361154400632,-0.9695847572435133,0.1047572387454379,0,7849
GSM7890835,TGCGATACAAGAATGT-1,5.191320135404617,4.681556705762193,0.877640784271119,0.30507087048084525,-2.0051385249601,2.504358923489591,-0.18263641753296647,0.02557551834238476,0.11728659910420368,-0.09180587468994887,-3.9177961380741584,2.8739916779748103,-2.986041635789647,-0.2250899490684209,-1.573607058349027,3.123614498175392,1.1499525732561593,3.3571051642875505,1.714539019750481,1.3777603652401662,2,23618
GSM7890835,TGCGGCAGTGGTAACG-1,-10.968181746067067,2.07766941430223,-3.666165062936186,3.626939519785565,-1.9463042235402823,-2.3637806038354374,4.889337521128105,1.9163301899614409,1.6524801090072851,1.5904256159901975,-1.5373001117837153,1.1845637941769347,0.3535668185176869,-0.9599530736219284,-0.6691833852476126,-1.161410373987717,-1.9641054065275674,0.43633475692013757,2.7474159733640384,-0.09507446121187473,3,30742
GSM7890835,TGCTCGTAGATCCAAA-1,7.616854578076994,-4.301216423429445,-4.487848574026954,0.21205344105511245,3.385913212642005,-0.24977981554244408,-1.1144037083935094,1.6797143649314956,1.4334878565768054,3.4337030950444114,-0.11485621824492082,-1.9495009148271598,-0.9144545695026163,1.6573072379860485,0.2978750893416884,0.42897204696771085,0.3969310082033739,-0.2599734120770837,-1.0051547030172128,-0.02245471928171402,3,30216
GSM7890835,TGCTGAAAGTTCGCAT-1,7.765615042262499,7.717578233069372,3.081040709113387,-4.214753685137968,1.772311926248134,-1.0321975907695387,3.646830983023867,-0.8672938286894328,-2.4263763284461595,-0.7343449153110543,0.29640979331527345,-0.593509317733218,1.4659034819977759,-0.7900402780540541,0.5313310391639684,0.05395927310491779,0.2692816673536721,1.2365546944853847,1.1154646586557928,1.6798809020989118,1,16535
GSM7890835,TGCTGAACAATAGAGT-1,-1.3320167737973907,8.462804105280778,-1.9660101638969805,-0.8008014805705803,-4.852953257882986,2.199146649102799,-5.235548075491732,-1.3338932275909114,1.0431322925642899,0.710925480211598,-1.3132748942568027,0.39990289439307397,0.2537205032148352,1.7666806396499328,-1.9825949162014445,1.4105595206433472,-0.3894160591798991,-0.3679041487051762,-2.226024163367028,-0.6253574616838194,1,12127
GSM7890835,TGCTTCGAGTTGAATG-1,-1.2421318924951,-0.5031207978471552,-3.9241481160539022,0.8588234980697278,2.011832401921031,-4.781684750914728,-0.6052191957436356,1.6857882765225611,1.5231874431553187,-3.958253856531755,-0.5439567168935637,0.3322806922654562,-2.365326160731697,-0.7782276690939012,-0.43779704319408497,0.837119631985738,-0.13986242335212593,-0.14308839036684234,-2.147308095232967,-0.3141466865674994,2,19831
GSM7890835,TGCTTCGTCGTCAACA-1,12.267568298272295,-4.457869226086333,0.47958583542260835,0.701042463867015,0.28597304757386516,0.12598778278786416,3.803277492300479,-0.3543856379583461,-2.0331985634159433,2.3351432287010505,-1.4960147909610617,-0.11098430795907313,-2.0051263237985686,0.7613980854231269,-0.9462630640471369,-0.3935823296566867,1.4517863244402278,-1.3687264603611584,-1.8603314935121893,-1.8460044977717747,1,14173
GSM7890835,TGGAGAGGTCCGGTGT-1,14.365658056650117,-9.583420349803655,-3.5725100381540265,-1.6679160263950004,-3.37957468799374,-0.017285447647137006,-1.891149736594781,-2.8268674552477013,2.2692771750566703,-0.48129798720649575,-0.23490127986765624,0.35615529321212486,5.224664681780403,-0.7292923614396294,-1.9276603474904594,1.2631419689108532,-1.066463725070618,-2.0220287565540724,0.8703390642803751,2.32431565926664,2,17358
GSM7890835,TGGAGAGTCATGGGAG-1,12.157188213110965,1.7190792960317094,2.7041601245079496,-3.9576172530191864,3.7889819283310726,-1.5016168721990184,5.130609447420344,-3.272249894369872,-0.9321853343705688,-0.3582630405548929,-4.015811125380372,-0.6066834793779993,1.2733739226719778,-0.3166325764438074,0.21502598502083578,-0.48798759964269894,1.4664263560931967,-1.0273865259406971,-3.3249412556759808,3.4118846812647243,0,7736
GSM7890835,TGGAGGAAGGCTCAAG-1,-5.6011210473750355,4.922951767444795,2.133095535498671,4.921610568226465,-4.7129324268331585,4.918212259682627,-5.498272060360072,-1.525922273702921,0.29996552221639944,0.5648980864836788,-0.6985549830660066,0.17810360812738907,-1.2539402736728151,0.39153780950773587,-2.1328852576674286,-1.8981509082730796,-3.4159270081455135,0.009338146502782587,-2.013661017276806,3.689107587018359,1,11523
GSM7890835,TGGATCATCTTAGTTC-1,-10.8222392785974,-1.2889611835422004,-3.011815406416281,1.8865341736225307,1.4392424262463637,1.770392932958653,0.5206271431361071,3.8473283304394683,1.550623565647745,-1.3677510169077336,-2.3953544168931287,1.8638467473523717,-0.5562470996215689,2.6594262450103225,-2.115847935386654,-2.7418972825735555,-2.8613493773360332,0.15453818482499035,1.4580302138157484,-0.4812539531683889,3,41017
GSM7890835,TGGATGTGTACGAAAT-1,-7.28624846428086,0.27754043298145314,3.0411287794321145,10.459931125391806,-0.2841497849016039,2.030869259094903,0.38281427227351,1.8995430640918187,-2.188008808571174,0.18389028334014582,2.3358620991054653,-0.3954301699640123,1.7093214451089724,-1.456470402955011,-1.519801307046568,1.9363889342204403,1.291939686804521,-1.4945329001885979,-1.2096179712788386,1.3432233766448218,0,9483
GSM7890835,TGGGAAGAGTCACTCA-1,13.368249453618999,-0.556500260354655,5.932148824362692,-3.452250054123205,-1.742611410263793,-3.2440906980172644,5.197469117979197,1.202201916069225,-1.0329362407138287,-1.8234173446024688,-2.5986294464918602,-1.1323933243282764,-0.1474167124937055,-0.5706671169761912,0.7692008775059697,0.9030086819264387,0.8736972872491627,-2.531244950110395,-2.3515392510977993,2.6029848717275175,1,15153
GSM7890835,TGGGAAGAGTTAGTAG-1,8.197198759340148,4.835915228771379,-4.494189529042914,-3.649565386671269,4.406401181396865,1.9583454459386433,2.279988901218872,-3.479389030258886,-0.581449685632513,2.295300097448218,-1.2278987287485597,-0.34087768384396083,4.382885174400697,1.2364655893852337,-0.8937967631267572,1.7388203356421177,-1.3943042429211163,-0.716652208520133,0.43038283821724915,1.6168591185779948,2,18646
GSM7890835,TGGGAAGCACGACGCT-1,-2.4354338137806644,10.928351824298067,-1.2311969775849514,3.0576597664899388,-2.7405030918812843,0.5082442953012878,-1.8022206283696103,2.8958009855060904,2.6754231291734767,2.6347748234114143,-0.8423711417507959,0.27516859651899045,-0.37338329888755045,-1.3872634560643555,-2.62770274121149,0.8716681742863768,-1.2000309694304758,-0.6422454534440628,-0.6959051502778089,-0.9578200992522148,2,24044
GSM7890835,TGGGATTTCGTAGCCG-1,-6.763084506687651,0.4703114508496946,-8.35874575853294,-2.3368085983531066,4.09410608351394,-2.8317935602296247,-0.5504325373787824,4.0004561133080925,3.3272773949599994,1.0295622511901392,-3.1423420039685492,1.3972045113587428,-0.14079596553400353,1.4474553032827813,0.6249520582737508,-0.784248704633853,-1.456169918278956,0.2824756551534121,0.5850226232788417,0.014781634484262363,2,24159
GSM7890835,TGGGCGTTCGAACCAT-1,12.515756546930556,-5.74487018770565,-7.086562835245832,-1.5362668144249538,-0.038818985351482524,3.0913153552560875,-0.17459647298605607,-3.4061803725226754,-1.7521779470622574,0.1159888369343698,-1.069475525210909,-1.8370348824166827,3.0538143447738433,-1.8390049431920745,-3.203193075710885,-2.175062339540758,-0.4532811470959189,-1.8469650258669443,1.4633677308434636,-0.1467565016491142,2,19634
GSM7890835,TGGGTTATCCGTTTCG-1,11.791147803934367,3.1216820899400903,3.2387071693190292,0.5908323821729117,-0.44157179706481586,1.491240975405303,1.051716406807577,3.2234541019890037,-0.8859662190016392,-0.5215744822982925,0.7130772917175929,-2.2919741502262325,-0.3038032366251088,-0.7509693316147695,0.8676696828534998,0.19720816946212888,-1.0470715485339561,0.05400752630726457,-1.867217647556651,-2.655194017245496,1,12043
GSM7890835,TGGTACAGTGATACAA-1,-9.860925471978392,-7.401922751406466,14.980231397187593,-6.52579660933505,4.9052952206406735,-9.338284562156405,-2.8937930666959666,-9.144134213349696,-0.9006332751453663,2.3136730032027506,2.0215946031650587,2.0693950954394897,-3.6796367108957,-1.4377353716733603,-10.679075071892322,-8.038163988485682,-7.668483072668524,1.048568519808377,-4.285692178502957,-0.4268510941807027,0,1670
GSM7890835,TGGTGATGTACGACTT-1,-8.69746513478849,-2.3411956269776852,4.345284385366719,7.315511493853599,4.523476993635967,-1.2221168727363712,-0.6004505762496241,-1.8169165924354718,-0.12278216458003685,-3.1187233158742815,-1.0520842542063549,-0.1727946276441419,2.31067122649623,1.2920874718943205,0.8331157892149473,0.5896550365303697,1.5050638677392634,-2.058126273632483,-1.4248597824479887,0.01941941665550737,0,10022
GSM7890835,TGTAACGCAAGGGCAT-1,-4.914413426983573,2.0914460773286137,0.5779079873108139,4.910430661395777,-2.4140632474990786,-5.318867596021457,0.4771011146697096,1.3098057719388252,-1.6805201125337452,1.9599292546857117,2.0241436201173313,1.0498603663625934,0.6667284531175576,-0.2776666237357388,1.0345483670605886,-0.02038687575369905,-1.1192297712416825,-0.6303060378695101,1.4860481863609432,0.09858057517595716,2,18223
GSM7890835,TGTAACGGTAACGTTC-1,-10.957654789146696,-7.884225169210193,0.48277040147874417,-8.86350117902565,2.056657500349027,1.7456865131656438,-1.051977298788167,3.01445007994151,-2.5051103693453616,-1.028509380904678,3.447774965516588,1.7342223645170798,-3.456777713061228,0.08164585416941322,-0.816473219325879,3.0979288486785825,-2.1401865015374586,-1.3924689497567129,2.2452291612122868,-1.534818417153931,0,10829
GSM7890835,TGTAAGCAGAAGAACG-1,1.1085175182364815,10.741675377380503,-2.3375958611910552,-1.2053171069685311,-2.5101630494112235,4.434591314345656,-2.4665232911345796,-0.37924970248304335,0.560833824795898,-0.8902928803142294,-1.7933014003161243,1.9759610784784774,-0.6691746810297453,-0.4327685340352757,-1.367218061640043,1.3014182595807926,2.216224869652532,0.20194936841416647,1.119368397574849,-0.3627083949432629,2,20494
GSM7890835,TGTAAGCAGGACTTCT-1,-6.495034139176438,0.3924550766674845,10.447680739989538,5.006899546345728,0.9666821998089797,-9.065041422171387,-1.5233830381729605,-7.711965822440791,1.5585645243223571,2.9617898514441037,6.194657494658389,-0.22433941696567716,-5.488501137184691,5.167485934700675,0.22143832255387963,1.4858325111946435,3.1257906987105164,-2.848511046588706,8.515394146558256,3.337203552749637,0,2891
GSM7890835,TGTACAGAGATCCCAT-1,2.881159552102927,-2.821956071244772,-5.704706242989592,2.337956637429528,2.7643030377941646,-1.5323708141226817,-2.011399146882576,-0.685195916483757,1.2925378342376592,-3.800051982279097,2.1540511516401604,-2.665232968595205,-0.21049578483869752,-0.45266686937757533,0.3212595458738258,1.6936992543542246,1.2666754023893725,1.7687174588552121,-1.2371775007750472,-0.7967909528492092,2,19588
GSM7890835,TGTACAGGTCCACAGC-1,8.89423299565582,-5.513903198346227,2.8786795990088434,1.0140775588862792,-5.122820972072689,-3.089730930860354,0.06634770947578261,0.07457524726868738,-5.097022784264862,1.6923479797202627,2.2331821948371826,0.7358928865883472,-1.372799348843447,-0.013626764464113254,0.03154802784308181,2.6051503496898576,0.02329889282740542,2.803096955266163,0.014391460103739503,-1.2592050201514342,1,12066
GSM7890835,TGTAGACAGTCATCGT-1,8.936298427980992,-5.782071150679594,7.631543321100305,4.972579462008581,1.9812345016381583,-4.116184579558746,0.9218248383335844,1.0788719113447287,0.9062769532419646,-0.36901418718607243,1.2162061558784227,0.7686220516740074,-1.0004852790606447,-0.831343518512099,-0.524049982073338,-0.7257696082939347,1.099038469554094,-0.3546587735103353,-2.51254632276036,-0.05062369528691093,0,7132
GSM7890835,TGTCAGAAGTGGAAGA-1,-0.22474654410857695,-5.986995876983153,-3.6761925684384162,0.7185646717054875,9.58321109221252,-0.2684833243635821,-2.957809461780287,-6.820751936883407,-0.5756064043402437,1.639697188893019,-1.591254070624661,-0.46848064055070554,0.09775858887996816,1.5803264618564234,2.10739510267493,1.3685058136999753,-1.2372613713669247,-0.3854327520512167,0.542539050415758,0.819409284199202,0,10184
GSM7890835,TGTCCACCAGCATGCC-1,-8.19814319600496,-2.657952982453931,-2.7520343256577724,0.7536958798519359,4.286363749443929,-0.20772753568718383,-1.4198511072472855,5.102250959047913,1.5953181323965877,-1.2012255137520655,-0.18446845516182883,0.08437686281099355,0.14969648685843487,0.33365799235166765,0.3733968729027521,-1.0072619479753373,0.2829855481711311,0.7954332063134876,1.1010153753942908,0.09451393344418592,3,35336
GSM7890835,TGTCCTGCAACCACGC-1,-10.124664289969406,-4.382691841952429,10.876685678065328,-1.2969350450632615,5.576639627495102,-4.695960130897865,-4.865098524475836,-6.024907433987833,6.98756365873535,6.021483793565436,7.855365409216471,-2.1838614520209827,-6.573156409410035,-1.211358461867501,-1.6355113746882668,-10.750204771394934,-2.686603727492408,0.6040937508639208,-1.639689762727484,2.219697531544182,0,2851
GSM7890835,TGTGAGTTCTCCATAT-1,-1.3218038068501772,-8.416268324737949,3.1091692291232524,0.14514622903128238,-1.17518605570784,4.55495696340449,0.17670656203759927,1.9494474767032477,3.0333486280440978,-1.6568336239313093,-0.37228578360285614,1.8583118351659558,-2.077901752476415,-2.409869713773785,0.5912194511396216,1.491057867194068,0.6823980421558665,4.257998198045657,0.4731339848484138,1.659278463293567,3,30564
GSM7890835,TGTGATGCATACAGAA-1,11.139346670453213,8.634423177226482,4.343979581381018,-3.612822249294789,1.6210857944600565,2.118250591896098,1.8250409383908077,0.8738049548589972,1.9244836119594217,-0.2727162789454779,0.503426195689727,-0.40000918956220427,0.9040036263527461,0.3175099226437731,0.8637465824335199,0.07779189575532251,-0.7700916240794444,-2.6049032351920776,0.3777056069901613,-0.10032177944698416,1,12413
GSM7890835,TGTGATGTCAAGATAG-1,4.771524363449795,9.616132832183142,5.311586686051886,-1.3113835820377289,3.5509949624609867,-1.600797026933338,-0.008247983751499459,-1.771364793379413,-0.46460706438746613,1.08709717599095,0.7139814575123732,0.806266282768473,1.0594002226710797,0.4902405885997789,-0.3032553633987739,0.7907075546692028,-0.9670849499019856,1.6936057951155548,1.67145941511228,-0.33116156323347185,1,16416
GSM7890835,TGTTACTGTCGTTATG-1,11.010659590193264,-5.73101319704645,-5.324555203402796,-0.003343860358048567,-1.7647490479026213,-0.607127766335516,-0.7771585366014937,0.06208400249637215,-2.5383710542721225,2.8767392286863047,-1.1417327126973675,-1.0899090161320415,0.7092561497401862,1.8230510758275338,-1.5483167945473362,-1.115240396062294,0.9651259998353586,-0.8463913175557418,1.032239763119838,-3.399728503603677,2,18542
GSM7890835,TGTTACTTCGGCTATA-1,-11.562186463830423,-4.3855585546410225,-1.4840510734266037,-1.7205710012800823,1.0562267415987823,-0.021126121899502852,1.2163005503634015,2.1759043433796132,0.9677299751394222,-0.3018932948427377,-0.9943788659068449,2.120647976430509,1.794136384225894,-0.5818852950658191,1.8693007183722956,-0.02274278286332166,0.18392906638548748,-1.1861175575746978,-0.6580844407651484,-0.23694186490618196,1,14971
GSM7890835,TGTTCCGCATCGCTGG-1,-7.957632509092632,-0.3247292874086415,-2.943849014044558,-0.4980796804790364,-1.8445350828421812,-5.081995487883225,2.6949223723972415,-1.6570715831204301,0.09548698102240476,-1.010535587399851,1.2296355985999718,0.9218707833140197,-0.09508950656755129,-0.5791012284773579,2.7304594378229687,-1.5387289023718043,-0.3024764768369013,0.2374420897480625,0.7016569915373007,1.0769652955205122,3,25486
GSM7890835,TGTTCTAAGCACAAAT-1,-6.335776310979449,4.55833298582301,-5.180992651631759,-2.3286358699097405,-6.034595977069519,0.4598399575460055,2.641665892512585,-4.1732249516298765,0.39126040450186367,1.174620018132017,-2.6185984258529404,-5.497587942716824,-4.7576738828294545,-0.4862693992660747,3.9510761825901444,0.4474098273404188,0.8015102876190406,0.6266093188263543,0.11823735196384078,1.1465172862993385,2,18902
GSM7890835,TGTTGAGAGAGCGACT-1,9.518901910868951,7.161879817454826,3.469710003359672,-4.732465969354661,0.09789767405817887,0.2927474038541142,6.289014657019652,-0.9908568107547664,-3.20696834427619,-1.0084021669191117,-1.3967354079941332,-1.1011565708972901,0.9800107830093695,0.15826593676520723,0.8795836773757859,-0.6889019242889776,-0.16190772409911178,0.6554789921779667,2.139278601571755,-0.3651250523157954,2,18528
GSM7890835,TGTTGAGCACAAGGTG-1,2.1456518590107403,-4.29698229467073,-10.323503242705893,-2.8067650566701823,5.13044307244087,-0.5949424336504823,-1.9704415780886777,-3.299364625878272,1.9547442689081553,-3.1776176183710483,1.534429770423923,0.3785167336105682,-0.29913252867553325,0.27087175300956584,0.762947776274614,1.067619983065348,1.714877963199142,0.978133690400473,-1.0747626169663131,1.6961677552307541,3,25790
GSM7890835,TGTTGGAAGAACAAGG-1,-6.2948300765392755,-1.0492941001422338,2.876435658685823,5.509263655058237,1.4135384901178387,-2.8842901370031395,-3.286368850070853,4.355309837856583,-0.3535897022822452,0.16118516023703489,3.3213920090567837,-1.5766972812328148,1.655426152716163,-2.2572873291184283,1.7921384846809874,-0.8650584974336792,0.6251280230602564,0.2351995432222056,2.067904019587783,-1.2104216443796028,1,13969
GSM7890835,TTAATCCTCGATAACC-1,10.265924780198404,-10.70940829508114,4.4162638408812205,0.5362813407712276,-4.47385801909436,2.2067602962610393,1.204386578451136,-0.5329299800496041,0.672223080077458,-3.979233721760436,-0.741741455543281,1.9976882664555855,0.4826769587419153,-0.19339539702314543,-0.9605162796592954,1.8559401872517252,-0.16422673039101116,2.251959430232575,1.233148584369456,1.5899779744280653,2,21837
GSM7890835,TTACAGGAGCGCCTAC-1,-6.990055172273029,1.2314414515170256,0.9978351835174694,-2.5133726480520373,-2.175059295432023,1.4119007876638012,-0.06899315488219747,-3.33030820637154,-2.701441646185715,-1.2487107088145841,-1.0288056877885845,-2.316688383871702,2.6150063230012193,2.3672497014084657,0.6342202207910029,2.563586974152946,-1.5576885472711566,1.2188742666921548,1.082051053466221,1.422172062299257,0,9605
GSM7890835,TTACCATTCCTACCAC-1,-6.248489040409973,5.347243359488401,-1.7464441562649817,-0.9096893989971717,4.919260206226186,2.4081782998314316,-4.472078543307724,3.915063431068782,4.6862866274592365,-0.5318431463904265,-5.454502196591356,-0.005247710878960112,-1.4746716665027628,-4.183184639432221,0.30884554064339054,-0.012579955406096884,0.09874793479218195,0.579262120684507,0.8220932175311483,-1.4312354325903214,1,14861
GSM7890835,TTACGCCTCAGGGTAG-1,13.138792174653032,2.7650850082233203,-0.9010591830873973,-4.829275904481937,2.994701608452956,2.6155724796571604,5.0417556544571,0.1026271891477735,-1.4153693799522356,3.8517364233220595,-0.48798447815247314,0.7657810164768761,0.11290628538886256,2.9616178999361047,-1.131556680269886,-0.10728181898564478,0.7983452910054268,1.6029312511659863,0.6554903645000204,0.6664733634767944,2,20391
GSM7890835,TTACTGTTCTTGGGCG-1,10.63064972980292,-7.145061385792012,-4.4762257044835065,-0.6209841967257108,-0.7178404422351173,1.392250176859668,-1.836748644459143,-2.544911951784114,-1.2379897238830244,0.6299248836653435,0.11506095693241268,0.11490482922321502,2.7533566909983467,-1.160230667529571,-0.803643470176136,0.07433001103272492,-0.6312786228790416,-0.5543596590642594,1.0349442723702884,-0.0787086534954309,3,39113
GSM7890835,TTAGGCAAGAATAGTC-1,11.870729114515408,-10.07303695910224,7.689132042442152,-1.7458971639741787,-6.047311903510297,-4.581145527030214,2.39143158374342,-1.2321004553694745,-0.3320048431416287,-2.1056726455410746,-3.086309040257903,2.702293796247601,0.04654264386390326,0.5066135014620213,0.6850864731851841,2.7358638824371937,-0.9525955987848886,2.233074148637625,1.8764383626574217,1.639076120440425,0,10823
GSM7890835,TTAGGCACATGTGGTT-1,4.2809722396024865,8.739689755890746,0.8723898657839951,-2.8407185178050174,2.3853763558595023,4.013370569472919,-2.04396508991879,-0.43475898325615847,1.461670911405659,-0.22728827325328108,1.2519419086679782,-1.282764523588165,0.137131824182821,1.5272198014548648,1.1128664959009782,0.13705931699062773,-0.8823400904414964,-0.20011248625644673,-0.6895663029777003,-1.856142779115925,1,13492
GSM7890835,TTAGTCTTCATTGCTT-1,12.705437997765124,3.1510778561114865,5.40753879312472,-1.536742546998688,0.6613964071414984,1.6491316306913033,4.155916320076334,0.9020677841527684,3.229405375831554,-2.546021830562795,0.3930751619111905,-2.4228652726174067,-0.5974061433873707,0.3597362981033291,0.3386870325123585,-1.4965758373302316,-0.9152492998603831,-4.863136431991124,-2.341121344500171,-1.0650149570902834,1,13806
GSM7890835,TTAGTCTTCTTCCCGA-1,-10.539502821687888,-2.0590482922044524,2.200860358749276,2.291778628611755,-1.0719116837799072,2.3052898070329197,-0.6763547579458116,0.8284396023903262,0.25269222001807967,0.7826648044999097,2.1074359384084635,-1.7987210849949598,-0.7768925683253121,3.604429749832203,0.5443341237243924,-1.949281135328589,1.4317251603395575,-0.9560810247327625,-0.05908586373204479,2.422202289337568,1,12998
GSM7890835,TTATTGCCATCTGGGC-1,12.506954846514489,-7.774497954168962,1.4646511287936022,1.1808959159869983,-2.6272882310732615,1.0637369549964133,-0.005129536585360957,4.466617580996271,3.287097522796082,1.45262055011354,0.31228269266293507,2.0286760008177884,-2.392311574608239,-0.5570726544456942,0.3182841936630023,0.08128306753376088,0.5357967596052404,1.69573942544487,-0.3819359736074689,1.5788189805330382,3,29398
GSM7890835,TTCAATCGTGCGACAA-1,-1.621139828590466,8.744313210388702,-1.1042397178447314,0.4101610608335177,-1.5071348870160737,0.737862939163241,-6.790573225089389,3.5910827752601637,1.2139973751942437,-0.29274381179078274,-0.8905543904784672,-2.8324926375202373,-1.8512480954655626,-5.6323494362263355,1.715443143498684,-0.3978546581208206,-1.0634454947661443,1.2273965061300454,0.13385358032867123,-2.0852516322234007,0,10545
GSM7890835,TTCAGGATCGCGAAGA-1,8.392191633462954,-1.7190925875415894,3.580748737770813,-1.0876711504522205,-4.33546457037634,-0.5416405527484782,-1.6657836797261616,-0.9437286766140219,1.7280275435828905,-1.3604495734223199,1.3059850161704596,1.8876411441702692,-0.7234710263836462,-1.7514044867351382,-0.6466661949587036,-2.539326179914166,-1.0323225703017016,3.378391854206819,1.1387672464961303,-0.2770635544666502,0,8998
GSM7890835,TTCATGTTCGAACGCC-1,15.426871705147477,-0.45644635807569967,1.9348722580805437,-5.457916764062516,-2.8000136737543633,0.5541195088634246,7.509665459290491,-0.31916743401288206,-0.383088427223628,-1.6650009223312605,-1.6500835536554594,-1.4353599063323388,-0.11640245774558856,2.472257570425158,0.2617632469158304,-0.6362861074560386,1.1686349841402588,-0.9335254705414174,-1.8169053945860407,0.05345945006993265,1,13357
GSM7890835,TTCATTGGTGGTTTGT-1,12.134675925041824,-8.608914471042997,8.429409485752755,0.06371743764440127,-5.519225701919143,-2.269266387850686,-0.4835293190367877,-0.5653946330275816,1.437223080005072,-0.13707314811803717,0.5031205903470762,2.86135462112046,1.5192137903765532,0.8384077391822309,1.6368186380387566,-0.005605265029605792,-0.5281827398384911,0.9835678743856057,1.3534861587455003,-1.554577372237578,1,15020
GSM7890835,TTCCGGTAGCAGGCTA-1,-2.8769061852583677,8.643135526886882,-0.505949768341674,1.1922980469596571,-4.535963208769477,2.970024153428539,-4.268395802336076,0.8989439577820539,-0.12368931063788914,0.9265172862080598,-0.6691246739549216,-0.5312224855032548,1.2347783713969498,-2.2356703475138313,-0.0628725000920009,0.3908260757869131,-0.012962424986256752,0.21069766914916158,0.6821965837070306,-0.2557747736286184,3,35278
GSM7890835,TTCCGTGGTGGCACTC-1,-11.027504048782019,-5.768077379980457,0.8312622549604335,-5.813367661181308,-0.9548830603077625,2.757873299524991,-2.1713650467949637,3.4628664799231466,-1.118466226556236,-1.2887106566993656,1.8401415353687183,0.3863904424504992,-0.33952118519217833,0.11325035003888026,1.4590085595964208,-0.035794946459411024,-1.8048828484006847,-0.8457284435390378,-0.7205444836662288,0.63957905146111,1,12433
GSM7890835,TTCCTAAAGGCGATAC-1,-12.958524396053871,-6.854397405932089,5.770443180503808,-4.645223363154485,2.928784349614168,-1.994525408519417,0.4433447035173448,-3.1168763216215916,-0.7317405012155176,-1.3997979919956187,2.3731430736589045,0.4975540337323807,0.6664325021922985,0.8050780016821443,-0.0873280854080436,0.9399854220690387,1.6841202641186515,1.3221421990478452,0.29380527722155586,-0.8995067269371599,0,7432
GSM7890835,TTCCTAAGTCCTATAG-1,10.776804112659416,-5.937433482784695,-2.537725964850163,3.452823174960742,-1.0129475311935354,1.3992805776414865,-2.209360744987089,0.19855932333990242,-1.8486529219926249,2.7169740248757086,-0.08018643493092492,-0.658061126633497,0.6230341068763868,1.2451904065529829,-0.5605347965949349,-1.3568483132167828,-0.29862901107870216,0.1614566171436978,1.8897278060193654,-0.6151381799883102,3,39461
GSM7890835,TTCCTAATCAAAGACA-1,-4.62781883726842,3.390755373382091,-0.5609518584189225,8.10886951825595,-0.1073008825696041,-0.3657045286145172,-0.35883642608292604,1.434671693021363,0.581121848555684,1.6342178518621981,0.8593220903183263,2.426610260796784,2.088738555174458,0.7378915927765857,-0.808188000961051,2.1954740468114533,-0.9698461585509293,-1.5542073823246174,-0.15343360745408866,-1.7495958377728917,2,23781
GSM7890835,TTCTAGTAGAACAGGA-1,2.116041387332319,-6.2836377677719,11.966782789146377,3.320389654601242,-1.391624184047862,-3.8298909640114194,-0.2602565777280492,-2.7585416843024833,2.6475943624474834,2.283897230797797,3.1917748807386084,1.1918855942496238,-0.8754378987490717,-0.08887661104279897,-0.8183952237700831,2.3282965766931043,1.1525266648413512,3.4974433905961715,2.4525163674359503,1.226377097517631,0,8052
GSM7890835,TTCTAGTAGAGCCGAT-1,-9.673782924832691,2.3557908906944967,-0.08217070192511287,8.348755781515061,-3.348285566947957,2.6755890583423296,3.0076796282389444,0.2624387658894263,-2.2555839493822143,-1.3729553984516536,0.6989830658898827,0.24470474871030146,-0.2711619475742901,0.5861744903222127,-1.4894118732008081,0.31644649541188696,-0.25544079233932093,-1.3918666012650645,0.31648792270404147,0.5313784410724922,2,17913
GSM7890835,TTCTCTCGTACCAATC-1,-13.751256102685966,-6.85862907211124,5.340150630361479,-5.49237846214807,1.0412623257964635,3.1925878966546635,-1.8284341012221672,-1.2315728043184717,0.8267841024535845,0.5322540396866509,0.9675797058597471,-0.6131551713223051,-0.5830700710169803,1.2837822394829914,-0.6235406606748236,-0.5651231575531166,1.6093820841359223,0.969805065694448,1.3352686794278068,-1.6996532462138296,2,18743
GSM7890835,TTCTTCCGTCGTTTCC-1,3.8451979992469156,7.218010174009469,0.367405246479912,1.743221017960116,1.8772166720562733,1.1560638456598038,-1.7744564063089683,1.7933904355612558,0.4009340253979473,-2.9666419184641435,1.98616606433827,-1.018636369428707,-0.563698861709672,-1.987061792804187,-0.03378293834336383,-1.5852757813790286,0.7258443981326257,-0.40854628163684525,-0.7947666187059956,-0.85713105111898,3,27011
GSM7890835,TTCTTGAAGGCGAAGG-1,2.199927160445114,5.503451753268738,-1.0432618773354958,-4.242759280216019,0.6710594401644469,-1.5792763098573537,-3.4404304273529887,-0.35816506134371223,0.5424147518900767,-0.2971661189969273,-2.0864293441434185,3.6852177975956537,-1.2928837266437985,0.4877652152409208,-0.524645737267773,-0.3161090008737201,1.8884515506729724,-2.9194121310838868,2.176278197957521,-3.273206407313513,0,10303
GSM7890835,TTGACCCAGAATAGTC-1,6.276174878467098,-3.489750047436352,5.289372602275878,9.830033775438448,0.09245383052129966,4.025696939229226,-0.42293983443538197,0.8990923885059383,-1.254274061869924,2.7920689225335407,1.456271546290154,1.8351599569693544,-2.611450923509062,-1.2979643753117311,-0.9991817537338449,-2.6370274122385777,-0.8908677187992572,-0.8079674605315856,-2.4759819105101557,-1.913931522867488,1,14276
GSM7890835,TTGAGTGCAGGTGGAT-1,-15.751053376038112,-2.1646965685318795,3.8837230931181557,-0.12851348630480877,0.637896633914209,-2.2197816083972923,4.5861198707797985,0.0178698266068034,2.3086988050941057,3.2608006613006117,-0.8333971644783051,0.28617282912351477,2.3261709338308627,-1.6252741009881153,-0.7899283529240648,0.3184794545217946,1.0311187580062393,-0.4098848130901564,0.06828952239343722,0.6053047067307257,1,12779
GSM7890835,TTGATGGCAGTTGAAA-1,12.271720656878074,5.087693447049129,6.983381081725413,0.02559991080430485,3.9949881610592803,1.6261696847858809,3.235673411264156,2.170337473644143,1.2147991971774972,0.36004635873294755,2.0836726668964225,0.2046596212065994,1.8253047763900547,-1.7303376376997563,0.8440380153570887,0.014947559288437409,-2.010241222371418,0.5016203937742916,-0.7068382988208576,-0.27835972813719356,2,17335
GSM7890835,TTGCATTCATTGGATC-1,5.125855996593079,-2.8349526237168705,1.0673725682940618,3.8702358113023307,1.2785162883305745,2.7986915165145523,-2.10268507539865,-1.3199133419421951,-2.223724417688366,-2.3559687560062135,-1.00807519577451,-0.4448515028147497,-1.1003401051153865,-5.046812507374136,-0.03619597829635457,1.4386333841502077,-2.600620425546474,-2.3288345262887615,-0.346784954294783,3.41867293867383,0,8082
GSM7890835,TTGCCTGAGGGTAATT-1,9.011863602190726,7.502322433030588,3.4127987199549095,-2.759211160110538,2.866341073795814,1.6546948682981768,0.36760684015024486,1.6169173947564246,-0.5873868003650728,1.68138787148653,1.3053875012505005,3.367298109786791,-0.07384187734148576,0.264971927998556,0.5348600107120606,-1.8015022350739005,1.192522227029952,-0.09934627446628168,0.654624450293375,0.7585319069949348,3,25987
GSM7890835,TTGCTGCCAGCTGTCG-1,-6.482624794960453,1.1930656128201131,-4.292693516172284,1.793683238208828,-2.124179039237928,-3.6777964315555227,1.3354114875639116,-0.46963533779164957,0.6668893814230761,-1.227680478938195,2.7136378986805947,2.220576100493629,2.0298264587338006,2.0350430968530264,-1.02416375550819,-0.13348770089956133,-1.8016196134080118,1.5417436025340672,-1.9188811459280324,-1.573797687382997,2,22344
GSM7890835,TTGCTGCGTCCACAGC-1,-14.45052027683059,-7.292895464036945,7.271760886929494,-6.666410091820381,1.265640982750752,6.4192262795683055,-2.9200797668732252,2.6005667191990915,-0.9268345662726328,1.7107328853290464,4.270702259784126,-0.24237125354888878,-1.355403755875719,1.4682510139989253,-3.2894007027250347,1.3972669279907317,1.8645882222826264,-0.5473041711024027,2.4810285554018034,-0.4162642527707563,0,5551
GSM7890835,TTGGATGAGTATAACG-1,11.73273039851423,-0.3227789601484089,6.000307730639705,3.354659798521941,-2.3954146396314333,0.7415321263949275,-3.041826134562526,3.822064325369246,1.8836458653638515,-2.400831219571504,0.9998337231894323,-0.6926126445534233,0.9493007347781289,-1.5139316907927343,3.2176321158541024,-2.0171180991396165,-0.27557694202253685,-0.20950976404715932,0.5530190916651274,0.9635966611546127,2,21140
GSM7890835,TTGGGATAGCCAGAGT-1,-2.258516625514551,-7.138322068157461,-3.1339107122193512,0.08505218172077651,4.580876803916538,6.020036589556156,-1.525606669895046,-0.48419109855224907,-1.533163131749241,1.351900148729633,2.7913395254277087,0.8489905859826057,1.045068303372138,-0.5257939206433002,1.093644691932991,2.054986994868699,-1.7205195500757857,1.2635078152411234,1.6307550483657214,-0.6078435567521296,3,39048
GSM7890835,TTGGGTAGTAACAGTA-1,-9.229820393049994,-0.7076269701889554,-0.3897183144085181,2.8455834533967406,2.43803366630352,-1.8712370008185903,4.192034302858541,1.9248604862842678,-0.09890549444586483,2.0190099010984173,-0.6319621721056047,0.6748739448510115,0.8673848569184192,-2.4582692246763096,-0.9818208180681478,0.16441684031735104,0.16146393781759105,1.0509815933546265,1.6589504303582059,1.0758428864018075,3,26548
GSM7890835,TTGGGTAGTTTAGACC-1,11.714963005999989,6.988605662006659,2.327716694702675,-4.905465175996293,4.248890442473843,0.9341371217614345,3.551114319283795,-0.5153245014785635,0.2026024385348116,3.8235268638247546,-0.12157389250996599,0.10340393055797162,-0.020095752558782595,2.350126456853005,-0.1267559548124248,-0.03692813503003322,-0.33802325900915564,0.7492117657812025,-1.5368627083154405,1.1550163639143638,2,21023
GSM7890835,TTGGTTTGTAACATCC-1,10.93425290177202,-2.098834579398321,-0.12454419005280717,2.901801808189358,-1.9044222866364724,1.2221851937912092,-1.2804930545949897,1.5049843054486194,2.314833702409594,-2.498228625332944,1.6043417219575244,-0.7100036506068553,0.37477241440586484,0.22652040109358298,-1.5822037306664372,0.4796627480430026,1.2086089644829459,0.2765770908719625,0.5308313978638969,-1.2662718072259496,2,22119
GSM7890835,TTGTGGAAGTTGCGCC-1,11.375052352276093,-7.814837202399901,2.95090727785343,-4.113388746197122,-6.600332011325562,-2.912439138863644,0.22564882672805622,-0.5755552499243697,-1.8588792808787529,0.4593726866809722,-0.3075513207233668,2.05181295929395,-1.0682377487997625,-1.165690446310881,0.723640124402285,-1.2570446196644198,1.6464468245706123,-0.17392139343955115,2.1774899016986997,-0.46611619785826774,1,11752
GSM7890835,TTGTGGAGTGTCCGGT-1,2.3703640925252705,7.4784065229128975,-1.7352341714857444,-4.274616202521355,1.7898794769013127,1.8728789655637055,-3.2042006631253206,-0.3521643875041077,4.016344615376038,-0.6675989933212618,1.838345986520979,5.254737670099754,-1.490341620881721,3.8217214271753734,-0.07115538588339544,-0.08949014012959323,4.090713102755206,-0.9626031238224871,0.6491288372252483,0.9408789584779078,2,21181
GSM7890835,TTGTGTTAGGAATCGC-1,-14.422449900952666,-6.718464226019013,4.648439837358102,-2.1184477130117214,0.8862290664650151,5.049289571861149,0.5139497947311575,0.04616020561134024,-1.1519314679466468,1.873966410368953,0.5389940487147323,-1.9341379350577195,1.2113675952950769,-0.35617158090078654,-1.6566228561957508,1.0529757032033658,2.243370575173608,-0.7665153199488551,-0.6071632029931681,0.7235411991985425,0,8724
GSM7890835,TTGTGTTCATCATCTT-1,-0.2287237059703839,7.216155464182098,1.872911978700063,3.90879371186949,-0.5652469035038985,0.19805954508934803,-3.7187858339615016,1.7034780759913546,4.494115783183332,-2.866782627746494,2.982470402585136,-1.6162269145226609,-2.182783251489093,-2.9706848058266018,-0.27858927519200327,-2.072562808384745,1.0565534851720113,-1.6680105623370196,0.9870144906700712,-3.396588629814525,1,13482
GSM7890835,TTGTGTTCATGGAGAC-1,-4.0864075358446605,3.328119954657249,-6.149174739951451,-1.2642369910604538,-5.3993384048111634,2.9578685522523616,-1.8399161108190287,2.007220483748224,1.1387999889740101,0.3255914166990607,1.0670406731515953,-0.5037216279421047,-0.2955731100350509,1.3994068735393177,2.132252555044935,-1.2394632163373174,2.2357620914300713,-0.17986253935931926,-3.652256918797383,0.5664193462798638,0,11465
GSM7890835,TTGTGTTGTACGATCT-1,14.209861466647641,-8.278226515664151,4.73387436566721,3.611771936206117,-2.59226438366873,0.21764124424246997,2.3685272054092983,1.0272105221313281,-0.5761501526989238,-1.3455401754317,-1.480719953663131,1.1146691084537335,-2.1257207672153817,-0.31531549922062135,-1.1351058746738474,-0.813002996068677,-0.7768707380980472,0.1581257681582994,0.10191854236695777,0.42915682099869656,2,23579
GSM7890835,TTGTGTTGTTCGTGCG-1,-1.9733167466318902,9.64018860326919,-2.6398199704837237,-3.05823168591792,-4.610524062696147,-0.614825682302583,0.07006918320466873,-2.4555869671361936,-0.46719518635543106,0.3120760563406273,-2.7681437295046174,2.914602924694205,-0.8862216736130821,-0.7582848529200059,-0.6642929752730445,-1.6519981073209564,2.0343568229324256,-0.6242672282268225,0.8991577543200083,0.7625919397750651,2,18877
GSM7890835,TTGTTCATCTGCCTCA-1,3.1869764263696765,9.752610053266618,-1.3942693952055272,0.9431422838024694,0.6212787967494318,3.7989309866362073,-3.1613624972613983,0.3706123481445371,0.38225926989200265,2.609907798270099,1.8676581154497218,2.024674814850468,-0.7105279700008661,0.6406969630182261,-0.2285404741054772,1.2299385978626567,-0.2980834068599033,0.8267552747788475,1.0258295659219103,-0.4614916757063133,2,18957
GSM7890835,TTGTTTGAGAGAACCC-1,7.955769060050364,-6.650521216868984,-2.6841790619634294,1.269344976830557,1.567550379443143,2.8041377356842188,-0.0859754613187946,-1.507310632525081,1.3360234971544893,2.0852337528936524,-0.8276888413919432,-1.2179521357542553,-1.0482845547966568,1.640002118408073,-0.029208168277650194,0.38289227447123675,-0.2759273220594703,-0.9355756110080027,-0.8348764937737558,-0.6238057305931571,2,22907
GSM7890835,TTTACCAGTATTCCTT-1,1.9206502401760739,9.975767257819266,2.901603728333729,-0.43332238257330913,0.47244197728371734,0.7424249448942699,1.4617442382114467,-2.376728559568426,-2.943021544609134,-3.1865548157695343,-0.1795725381051008,-0.25789648419823974,-1.2504456686265266,0.7163503065433056,-1.772219750866366,2.1595240019142525,0.827618393748586,1.4284752450383342,2.2134570144565244,-1.523341520394655,1,13924
GSM7890835,TTTACCATCACTACTT-1,3.4501272082907675,-7.0539534498385805,-0.434871701961635,-1.5368173060630532,-1.1781407204595713,4.898954852744664,1.0428876242612122,2.935968876002515,-3.1887315078329324,0.0549810595912057,-3.7048159760137764,0.5832876280125683,0.762455077388695,-0.14739030726672975,0.5441463621703897,0.19019576348016198,-1.7691757557105672,1.6602260902404533,-0.5132801951784256,-0.32619705351318484,3,35280
GSM7890835,TTTACGTAGCGGATCA-1,-2.1855235952165915,9.3838182255822,-1.5543328697341792,2.0402661066628767,-1.6359150062500336,1.3193563452120798,-0.1900081080985178,-1.1378444419235787,0.7295716727249413,-0.1538960382743616,-0.6935067367096346,1.4323925861212365,-0.24129106579425783,-0.8716218983947743,-1.4382097449876703,-0.29008919094757846,-0.6525745528654081,1.0583675129056171,0.3343632671865232,-0.6880893013605022,2,18761
GSM7890835,TTTACGTCATGGAACG-1,11.923641131494415,-8.558853430492682,-3.8845234916926756,-0.8063712012294375,0.7688514926059454,3.3686392915994725,-1.1503701934114343,-2.4714236597982917,4.244166297700392,-3.528303316782473,0.6351732214526163,-0.08958013107020778,0.5421501460018153,0.6429766783765085,-2.383373812076059,1.4067339615822028,-0.39754786872516423,-1.9716646259566895,-0.6747744315609829,2.17303226277664,3,36324
GSM7890835,TTTCACAAGCCACAAG-1,9.340175482016638,-6.320606330653879,-5.580326152294995,-0.3690072907474088,2.649707128595588,2.271732377352513,-1.9599065281695607,-0.6514597374932706,5.727808026769146,-3.33418889967715,1.7513927591637692,-0.6107133716558056,0.05239681873108428,-2.2510814931124608,-1.558457804395289,1.3225443185899552,0.24499405274349456,-1.2775091835633494,-0.6908415447591693,2.011147560428066,3,26037
GSM7890835,TTTCACAAGCCGTAAG-1,-2.2249573892019128,6.362566719081128,-7.262231274933454,2.50067233251023,-2.5165085544377046,-4.233505489191673,4.00273328241884,0.3488975221625769,-2.3153358557327053,0.2892202180838215,-0.7890999858465523,-0.32858406182544647,-1.3167935606135277,0.29064458048327374,-1.7784961039747886,1.0495843093739938,-0.9123677125804524,-0.05790500182280995,1.8221321240031745,-1.7572337779230514,3,26141
GSM7890835,TTTCACATCTCACTCG-1,-0.8599535936677669,-5.373280456088159,-9.151954355012165,0.45882630390882106,6.565509061324098,3.031650352732224,-1.5985229718928342,-3.5328945658020126,1.6118117480851852,-4.898425156241893,0.32123583309923104,-0.2535215000494056,-0.7739752229227925,-0.2967609420583435,-0.5822844733056097,0.42681862579826074,-0.338652627167698,1.2356697353093078,-1.194095811701724,0.8439761685809302,3,28615
GSM7890835,TTTCAGTGTAAGATCA-1,8.941186461024524,-7.228164603712933,-2.2478199797176175,1.08061498441898,2.1296707801985066,2.392228997010216,0.20828671818877967,-1.621518202103133,0.6396906844933956,1.7089659530270187,-1.2399417902295649,-0.17499668734749352,-1.488459198194945,0.7053270911059736,0.1820810612596038,0.8442187867857095,0.23479997852501155,-1.1611624716702038,-0.9915613258871103,-0.14854508226478205,1,17234
GSM7890835,TTTCATGCACCAGGTC-1,4.575508384986143,-1.0224058871278896,-9.00426940663479,2.2248945789591628,3.0108998232789097,1.653045391311628,-0.6487080919251047,0.026845762372310965,-2.7688051048711175,0.9703154722833012,0.00938435934427297,-2.081835714641551,0.5663032573097595,1.1423828281229294,-0.5230213337198852,0.019714089567221607,-0.0927083377528909,1.6589283719049732,-0.4886043065800434,0.722825989083505,3,35581
GSM7890835,TTTCCTCAGGGCTGAT-1,-3.392547152281392,-1.3384727009849364,-6.317948217213474,-1.2300136619714301,1.6144705468174076,-2.129378827842269,1.4631441224146378,-2.1345703786216896,0.8622366163335534,-4.663171845018285,0.21708652699148986,1.883444742892085,-1.5103091313104517,-2.884399127843409,1.0427078251885058,0.5241177588899215,0.31477670841335903,-0.008421689276416814,1.4464021368506765,-1.1293092213976927,3,31002
GSM7890835,TTTCCTCCACGTAACT-1,-12.391886287476936,-2.3938137897405265,-0.8923404611685064,-2.3079626228344843,-0.9032796561006853,-2.9117942838622217,2.8638599246763943,1.2353339573008595,2.4095998490410695,1.5889918436188202,-1.4624903470404447,-0.6785728348279698,1.2407165497290373,-0.2857905797992642,0.5534086489739243,0.07064705350039344,0.15066381291463157,0.8419661917982778,0.6028510390120821,0.07109945025840679,2,19120
GSM7890835,TTTGACTTCACCATGA-1,-11.80325310923109,-2.2241539448807783,-0.15829672156719385,-1.0101227484144195,1.669122828003952,-1.750548621008502,1.3449849518959374,0.3491358547562205,-1.9196916944575606,-2.3021221082515284,-2.480381747880605,1.106707097444754,0.18434456339727176,-0.6808804599877846,1.425910245508637,-1.8215970271185196,0.23038980074813326,0.22953926503670016,0.9523442571001691,-1.2690283157189446,1,14768
GSM7890835,TTTGATCCATTCCTAT-1,0.7668285820934364,7.012033844838282,-1.2204881281136737,-2.6760744835627777,1.9132248685888815,-2.7065916851627896,-4.9106346276165,1.4140925131670483,2.396866900857584,-0.9920351231703901,0.4388936733528664,-1.204003198055987,-0.22518234997647812,-5.464206112039753,1.4831568911297852,1.7591325361553583,0.7044805025676983,-0.32374034945258723,-3.059342623428426,-1.4880678599895214,0,5701
GSM7890835,TTTGGAGAGCGTATGG-1,1.4950409986978523,7.741903611583861,1.4724318245633863,1.941616488557625,0.3370456013682915,4.46833385527941,-5.260869091062,3.0545460902190955,2.428991583758361,1.3522383488619645,-1.1654456672303888,1.0680025190442004,1.0936572050170101,-1.2793520627917085,0.020594456971407417,0.5276494215455272,-0.8742687051519608,-1.6530568857333898,-0.6409893945473961,0.2127661502871409,2,24643
GSM7890835,TTTGGAGAGGAGGCAG-1,4.8625844261339815,-4.72456225506341,-2.885439978325193,2.087369019044115,5.0795387435218435,-0.33224710654817624,0.49462560540259237,-0.48668010239126797,-2.384796946535592,2.68590682369641,-1.0168780599446274,-2.2144287561985285,-2.6000295507023967,1.166118729820056,1.2241776586979278,1.600753338715374,0.6532505728341633,-1.795205959133492,-0.8222758353389635,-0.6835692779802522,1,11683
GSM7890835,TTTGGAGTCAATCAGC-1,-9.066297506589,-4.687943793087045,-1.4794250058472231,-3.9177884719547205,0.45549257822772243,1.6014837552774677,0.5752860733620027,0.903451688907088,-1.5032662701233843,-2.553749886938673,1.0916662690650536,2.540226314245493,1.2009092333721219,1.2655348565317681,3.3334401711262576,-0.8638671311386349,0.561909644618485,-1.6101457765222054,-1.4230549591556951,0.4090153974456017,0,11184
GSM7890835,TTTGTTGCAAGCTGTT-1,12.327912225764194,-9.722534445375079,-1.7294357355844892,1.1879711863716227,0.329171661314834,4.778645909388797,-2.0202707242940723,-2.1159094321430283,2.654080300431647,-1.6067904082275581,-0.7775244063834719,1.2032009474103527,-0.048902979072977686,-0.8720906307925492,-1.6681919547732686,0.827564207498966,-0.3520714661501231,-1.2722551410234346,1.0252569353239838,1.4122080550287708,3,36369
