library,barcode,PC1,PC2,PC3,PC4,PC5,PC6,PC7,PC8,PC9,PC10,PC11,PC12,PC13,PC14,PC15,PC16,PC17,PC18,PC19,PC20,depth_quartile,remaining_gene_umis
GSM7890836,AAACCCAGTCACGACC-1,-3.5732941993662175,3.7166614941161984,10.927693769463614,-1.3032936956837533,3.241911742480002,0.8126846247514156,-1.435333627837147,1.6425494473522648,2.6684899417900274,5.20856416547097,3.2022904657529523,0.36022430670348193,0.7245106098026863,-2.305164267245305,-0.2083828064258318,-1.2321302518232629,0.2516869801674358,-0.6596529036301845,0.9027475190919537,-1.4625771950733122,0,9193
GSM7890836,AAACCCAGTTGCATCA-1,-5.601647028339259,-1.0553907358505714,5.995794277431408,3.082825279138846,1.9300747688334001,2.3018620089429738,-0.9553194156224218,0.11213705705367108,0.24315779840820176,-1.3231792248994956,2.2147383429940706,1.6950590907988867,1.561020051348353,1.6971709916744453,0.4236967653481835,-0.8090455766063973,1.7518054271003918,0.9052920241730795,-0.6127220196046337,1.1917749182729067,3,18625
GSM7890836,AAACGAAAGCCTTTCC-1,7.665405653046447,3.1761745845922356,1.606641910727844,-1.8103592141732394,-1.623695419711113,6.984835495633722,-1.4828219532615834,4.1460930657727655,0.36285413391653126,2.501582329483608,3.3822121933938996,1.6414892727958976,-0.03723897593024582,0.2761004777343742,1.645695177529828,-1.1186281871380577,-0.49451657408335303,0.2507622807445674,-0.44083327816837165,0.24781860301063613,3,30880
GSM7890836,AAACGCTGTACTCAAC-1,4.28703298175136,2.426969918991701,7.763239015652008,0.5686960507952146,-6.967405116672751,-2.4501622887062466,0.6751071740754246,2.536329976559412,-0.7418399522826,-0.053504167213560064,1.639232133466026,0.1165460956023115,-0.7711596985929157,3.114279996213251,1.6103352950389682,-0.8843169766621457,-0.6358036930258639,-1.7937000340440807,1.4324779265942065,0.1463411657422036,0,9482
GSM7890836,AAAGGATAGTTGCGCC-1,15.784268394430297,1.2554169127611663,-3.282233431865418,-4.718973384384706,0.8245901106217386,0.7292990844124417,2.098782188715904,2.6579437215608555,-0.7916535749622368,-1.560174852463549,1.8435525578273557,0.37026145291801077,0.5624923376985252,0.6682040610007922,0.3561009143227496,-1.5920038446581835,0.10935677978933768,-0.8073621819498539,-2.014411088934801,-1.0585313471221296,1,11399
GSM7890836,AAAGGGCAGCTATCCA-1,-3.739172349331261,-3.243940353651412,-1.1397845478446025,-0.24030751504118902,3.5747985213488698,-5.058921205299881,-0.017830170574239513,0.11800523628619286,-1.73367049892897,1.1644740706912806,-2.4459151469774287,0.15709492627423335,0.45765401503215963,0.33828636815670227,1.1973673521607806,1.1209147165698492,-0.5232243520771911,1.1829979709810183,-0.05207164100059589,-0.7790832738810314,3,22477
GSM7890836,AAAGGGCGTGGCTTGC-1,5.74986377095231,4.038370484089084,5.8117108657431835,4.563596099182734,-2.4195783273197398,0.055030175390505656,0.5993422422784523,-0.9783625748473787,0.9751213529994459,-3.3151635310555863,-5.100409571514675,2.7352086153985873,0.4231773684454892,2.4304055826040494,0.24755517333300436,-0.22002721730307592,-0.6028009302008817,-2.82253204293511,0.947222826347465,-1.1847313008863483,0,8854
GSM7890836,AAAGGTAAGTGGATAT-1,0.8673765032245626,-4.707040629264755,0.40427571308995836,8.041156092749226,3.7206172290353177,3.46847652460439,0.47771546750782556,0.2102527115720399,0.23630898720316154,0.39838852492995025,-1.963179148821804,0.6984766968993281,0.22248047665151624,-3.2956315521201516,-1.222184827763573,1.2903735226136734,0.24170985076077428,1.62960284638541,1.0523566772277508,0.4152850366646526,1,12841
GSM7890836,AAAGTGAAGCGTATAA-1,-7.046602955790996,-3.619566735977244,1.6033582240849855,0.20212017292892262,0.7515221039722425,-2.228248460043856,-1.0127882395332595,-0.9098255968948313,-2.059656972050332,2.2840072864652656,2.8328508751535373,1.206069834079414,1.611718682121399,0.0027282878761882034,0.9106303823498972,0.2625797586973764,-0.30509107436371946,1.0256072820696092,0.1224216431361167,-1.1919368263690642,2,17220
GSM7890836,AAATGGAAGGCCGCTT-1,2.7274774102492993,-3.3387837834729406,-2.0244940508503406,5.567573929769639,4.3423269892354694,-1.114837342715607,-2.627253783338886,-1.2072215556037142,-0.4685997357012633,-5.97535907264858,-1.2126178694040013,-4.232779491039734,1.3510623939669086,-1.5077871693378107,1.7765817216224293,-0.6115969885839695,-1.8956092171406653,-3.833094583261212,2.0872884075764215,-4.489934473592297,0,6017
GSM7890836,AACAAAGCAAGCCTGC-1,13.497176539749981,-1.217390921298479,-2.13588680780157,-3.347482480532135,-1.268111702732223,-1.04132621940195,-1.9090233507662437,1.8917766281851331,0.4076220436440052,1.0942062092290772,0.8822466720884137,1.4799869324145176,-0.5647733249439709,-0.6448099787815486,0.9160503416653545,-0.5635960379063867,-0.36771951190184626,0.5878977635327131,-0.5525348043871505,0.8141312269435836,2,18310
GSM7890836,AACAAAGTCGGATTAC-1,-4.6822812439874095,2.234203810365054,3.2170496761562006,-3.1788603906286856,4.209765654343874,-5.605280084573595,-1.6935820222624687,2.080619031285687,1.2377157562433976,3.5425447141568274,0.021934228326829702,-1.5549460567433468,0.33001652379460317,-0.7630921133418493,0.06151316570743687,1.6935115539304206,1.7847366039462582,0.7589832208602365,0.5308935475489512,-1.467160747400325,3,18501
GSM7890836,AACAACCGTCGCCTAG-1,1.3785867146865292,5.259117999146061,5.884157094638573,5.414460872548441,-2.7516702406316567,-3.9848187456614346,1.8004786181767347,2.554142749740514,3.462564797552816,0.32382580397190347,0.9215039664092071,2.473177419666452,-2.553326624080335,-1.6755822070964748,-2.988248111620724,2.2725272889754993,-2.2013832782285423,-3.8307428453024204,-2.2102760601117293,-4.247196679360185,0,5384
GSM7890836,AACACACAGGGACAGG-1,-7.9919697700688195,-4.81172773298906,1.3320394072359218,7.34530573972044,0.45523586618747897,2.4547424333018077,0.4071806579309188,4.148177062953778,-1.6892004774156137,1.4810581469209265,2.857609356383625,-0.5400259808553843,0.6608853671920906,1.4476099103618982,-1.2728326463917374,-1.8128890544249434,1.4595028677586406,-0.342182984472286,-0.08588573361403103,-0.29149811638353557,2,15559
GSM7890836,AACACACGTAGAGACC-1,1.8896397377699816,0.049987459274529675,4.464306292762931,0.6042430283000758,-0.18289488867373654,-3.513896394102578,1.5272828900704667,-1.3716222016832067,-1.157036637310697,0.9133836546611939,-0.2510265047427669,1.4107862999738712,1.4909605086256077,2.332876189684186,1.5250335826492238,0.7860304446175609,-0.4451976325411746,0.17802307126017358,0.020536394081676554,1.590367343130621,2,15104
GSM7890836,AACAGGGAGGGTTGCA-1,-7.010837787721376,-2.1952194127090467,5.8169036665992575,0.12986912505315434,1.3684756380746803,-0.7789611898427214,-0.4846370875920005,3.1886054371513715,3.325064983891539,-3.012172096429031,1.6211373671620417,2.8888772606643025,-1.241506325909341,0.06909091574936704,1.9980497732419211,-0.36395473120035715,2.197002990147777,1.8987095925159398,0.2306575884044645,0.754104159783111,1,11705
GSM7890836,AACAGGGCATGAATAG-1,0.11529773091140542,21.962675030976882,-6.654484379747124,5.88310938408894,-0.06242478368583938,1.6170841011686676,-8.116488305559216,-6.759152717478391,-2.8179339351446133,-6.243906007343658,-0.3643439062740091,1.8325730515138754,-9.287407150180163,2.772074118858946,1.8996181943291968,-0.4835811374385101,1.2187630747272078,1.77399301082808,0.32036644891216837,-2.3600806480042382,0,3387
GSM7890836,AACCAACCAATTCTCT-1,8.955124804246168,3.505601358810439,0.6055415779735015,3.515960568232102,2.006372957095975,1.8033627337147866,-0.8880159629654911,-2.3459177750173534,0.5508144544012702,0.5912578520022083,-1.3540379842250232,3.2901556593115475,1.3092045009922064,1.2540574638238298,-1.4831016606307046,2.1272433630345295,0.1300154624891596,-0.7692447131557328,2.656664652271831,-1.4971439423865196,1,11298
GSM7890836,AACCAACTCGACTCCT-1,-2.6667262363961015,1.1337708218514464,3.4927212856431122,-1.114593586114997,1.6156258267440629,2.3539297715517264,-5.907806343064668,-2.219541225758084,-3.350725985811884,3.078477580099612,2.7824254117541045,-1.686849513665857,1.3179020646144168,0.017760948005028726,-3.2987075957445247,1.3664404112720103,1.32364626944891,0.13960939488421223,-0.23305375793624417,-1.434115568412105,3,19862
GSM7890836,AACCATGAGTGCCGAA-1,3.2016237147902795,-5.188988376422336,-3.4898398539041673,6.54222054391259,-4.306903054562053,-0.12321699551320177,-2.272311850910182,3.69394434370396,3.100988920306696,-3.432499577802802,0.6807003713383283,-0.05101897987178676,3.7586859163306907,-0.8350127781427655,1.978625343569453,-0.03347982107285951,-4.966179960160795,-0.4552500407648076,-1.8780394322161085,-0.47084123900871255,1,12396
GSM7890836,AACCATGCAAATTGCC-1,-1.1263159676272299,5.748375355698608,7.412652563465794,-0.5624421190437388,-1.7228403120051674,0.38254890132428987,1.594456087219254,-1.1027673619589349,0.19222332615252516,-3.230431851492757,7.14327049490524,-5.850203479829769,2.3058307147537356,2.664163018989907,1.9081304781486805,-2.131994263271145,1.1196145682504481,-1.0784841087909085,-0.007864869438046006,2.892772244355047,0,6407
GSM7890836,AACCATGCAGGGACTA-1,1.0691601795110943,3.8218617707414797,7.427023388088881,-3.349800037114606,-3.7262684938581763,-2.5298774688526597,-0.10274162517222993,-2.1027644005704573,0.1713126971667048,2.642801125225636,2.0349644853372384,1.8325628812302763,1.6330882184816655,0.25376773272815617,-2.5310705146819847,0.2544816187622538,1.7128957246588925,-0.3881505626140422,-0.06322608636065075,-0.5123913502435493,1,13080
GSM7890836,AACCCAAGTGCCGAAA-1,-8.942762379714402,-2.8847945759189395,3.552333650791718,-6.188049486215575,-0.14045851307893065,2.9074375695184775,-0.3897165735356711,0.33364854753194284,1.670691039181031,-3.152595024731659,-2.558984647370669,1.2294001994455233,2.406689806234473,2.447264772021475,-2.9623280471816256,-0.5198136924897007,0.3503365970830818,-2.1569814720217253,0.5760412393710267,-1.4423291560860505,2,17726
GSM7890836,AACCTGAGTATTCCTT-1,3.3372570578645897,8.326451530451108,1.9830739706483682,2.712348008318357,-7.323610655874336,1.6389915529421235,-3.4385867596518076,0.7354986955279939,-0.6337141771045599,1.2205927025281842,-3.402945647962611,1.6101650271902064,0.9709005413875722,1.6736974668455094,-2.431175315841564,-0.3512041258778705,-1.6559115661440227,-0.07912498804742195,2.0439056685570742,-1.444102428736691,1,11777
GSM7890836,AACCTGATCCGTGACG-1,14.98267089035007,4.519375334557458,-5.222287463258903,-4.019213277536857,-0.7202041458044107,2.2374105924792036,-0.2217751781445165,4.492788044227263,1.0056354205387623,1.5354548567058146,0.8674938114320587,2.122600495402259,1.5146541596350154,-0.18937126302193938,3.271936245929578,-0.5298362123222158,-0.5727037720861201,-0.9923076228030893,-0.06666879020543191,0.3198629783985702,2,14381
GSM7890836,AACGAAATCAGACCTA-1,10.684421930060699,5.00175282199025,1.3943702006877379,-1.047506108152578,0.02560192872038656,5.098664873995786,0.28282380405682767,1.2895835402279827,-1.264214581665407,2.3537491334134373,0.05257075422564149,2.3062890172923063,-1.501664372336848,0.8214419466692308,-0.6742284902939856,0.9262668401635479,-0.5507238067308916,0.47811111170291126,0.5121597066671597,0.618988607729731,3,25957
GSM7890836,AACGGGATCGCCGAAC-1,-0.9271900863237692,-2.721948147594654,6.562446405022461,-0.20590142864625263,2.5872301071828496,-1.5957441314883916,3.982274622398546,-2.8503153790485585,0.18307121392539982,0.7012107225863065,-2.03149670440246,4.085916803088528,1.1361280686239414,-0.0017975657411972818,-2.294817553578799,0.4146031677436047,-0.4342740815291286,-1.7170695269362968,-3.250458249465113,-0.9443133298500421,1,11123
GSM7890836,AACGGGATCGTGACTA-1,-1.4668255018518588,-0.0572198582963872,-2.6349893940918445,0.6589421428033697,-1.8431352089031159,-2.2121691261549428,2.8086960049290437,-1.6726301680227589,-2.7365018892257513,2.6796727937561067,-1.6394176289542175,-0.6387224699748365,-0.3227364121020236,-1.573628581575327,2.746505027254445,-1.7065833855350625,0.8486989961440097,0.7408822747808065,-0.8263863593036331,0.5704334366807629,2,16242
GSM7890836,AACTTCTCACTCCACT-1,-6.8557566512522845,1.5061496254812554,1.3232884794958002,-4.043681937040954,1.3842124611835145,2.8689910463265624,0.021676989048849977,-0.9573813339442053,1.4885627606315475,-1.716381055768377,-1.959317638397654,0.9973629647850839,-1.2491848978876128,-0.6775541951816588,0.6314544852190664,-0.9377398657556354,-1.3236490950562767,1.6322647390149487,1.6124332197094244,1.7513306032063956,1,12989
GSM7890836,AAGACAAAGCACGGAT-1,0.9934862109482816,-0.10024950730416397,6.5071525865324,-0.6480101432460306,1.0043346379253821,0.5704234977830089,-0.4641895674222447,-1.3097517161062435,-0.8632620370763013,1.9483655129845494,-2.0368308540876363,-0.3607049904463645,2.1807723397814414,0.5993978466799345,-0.8058481571174118,-0.03925752595185281,2.698234838213329,0.29260969693640737,0.03713682285499532,0.8666740707159196,3,19093
GSM7890836,AAGACAATCTGAGAAA-1,-12.717539539701542,-0.8021610907817385,-4.203686833847893,-2.583656128145207,2.2149602104173014,0.37179088315506675,0.6756214873890838,5.6153367219557255,2.992393903998529,0.10488908499848587,-0.6910704465750888,-0.06111684426467436,-1.9506791117509898,3.9664912678475095,-2.418244939732332,-0.6467254210352826,-0.4914932068106644,1.0748895183777167,0.4155669040805906,-0.10735591255698991,3,26303
GSM7890836,AAGACTCTCAAGGACG-1,-10.945274167958356,-1.947109818313376,-7.519519470457571,-3.224069025703335,-5.384735209974227,0.16745969251892967,0.16646720531285117,0.520530477739903,-0.41565254049507483,0.19052380985290573,1.2047406475017928,0.378140871414553,-2.0582831723540718,0.06120386608982924,-2.779112159640757,1.3504592573526133,-1.4293759391171208,0.6109781943730367,2.3095138374294657,-0.01772661641468267,0,8348
GSM7890836,AAGATAGTCGGACTTA-1,-8.493750798769792,0.5082931443233782,-4.400679627886843,-0.3601964837234746,-1.159283314000245,1.6044475451922608,2.8816483025019775,-1.6622881177852658,-3.214354732551257,3.244731389915038,3.1588132447851898,-0.2712484635255201,-1.5827388320414197,-0.4049994238611228,1.188092158274899,-0.7373080906506269,-1.6698112086210974,1.157373271970513,-0.5338584137252185,0.5272770948172258,0,5516
GSM7890836,AAGCATCCAAGTGGGT-1,-2.742400017269512,-8.60487292987631,-3.326212774523285,5.8209576601593795,0.13296062835838546,-2.330674984038497,1.3427988395000723,2.260486699146124,-1.7341582141892757,1.199480892092614,1.2671953069331918,1.8396108239063218,-0.27891080786463873,-0.4797530262352821,0.22085507532767065,-0.7646804889075827,-0.3844824743186492,0.12146815457812044,-0.6120877798936176,-0.15130812894728826,3,19877
GSM7890836,AAGCCATGTGCATACT-1,4.937609245989457,3.5314030920297377,5.7301852065460555,0.7027654226543916,-5.191338084810568,-3.1285176409993456,-1.055450301108954,2.6713807725066667,-0.5635688666305311,-0.17763284982143857,-0.8907326750373107,0.9060926563795686,-0.42685842409868846,1.9590026215230696,-2.3816281909701837,-0.6058375314431005,0.9279577382748672,0.18447290178952316,1.3828026828748308,-1.1008412464623907,1,11062
GSM7890836,AAGCCATGTTAAAGTG-1,-4.026556647908859,-6.884189118675199,-1.3302584078180464,2.395255543841831,1.023998724575933,-1.3424340741368705,1.812855525815464,3.9189216145207477,-2.1460278446886907,1.6476082703751325,-1.1929551304550632,0.05472157401932762,-0.9947119237616823,-1.0717820899522406,-0.3368298032466558,-0.8055893558989978,2.69764346772253,-0.6716190218129585,-0.028131218255604006,-0.9755985529880874,3,30830
GSM7890836,AAGCGAGTCATTGAGC-1,-5.827413743487422,-4.976894385344599,1.0533407304753948,-4.961565455129384,1.228329099356245,0.31444492747543784,0.8970158328206935,0.7194915355965104,-1.9425991822916342,-1.532833681104384,-0.8408618668119018,0.9468116079738246,-0.3658575004478199,0.7921295734588886,-0.890750454262124,-0.28421933913526426,0.6012210637253642,0.865604643105047,-1.6584756648003274,-0.09734473584801161,3,20932
GSM7890836,AAGGTAAAGATGCTAA-1,-4.197724142699858,-1.0940558779536071,6.019196858063825,-1.2570362792430965,2.1806423282187613,-1.6708450782456006,3.162614917587307,0.21611592401444932,1.7078720805579986,-1.8043094947280234,1.5997941273188225,3.833329457521717,-1.3019422689622024,-1.844840482223265,0.7491486841425818,-1.1762168526779508,-1.7414827849857977,-0.7236286764280465,-3.121773124323058,2.6890524693927045,0,5974
GSM7890836,AAGGTAATCAATCGGT-1,-7.917575330511316,2.0469476427811455,-4.026150265035372,-3.5636624553150753,-2.0296597822283022,-1.1249448851731978,-0.1546812753832111,-2.1539254326300235,-0.550677120493504,0.8122765747154489,0.18993190827646952,-0.4801153218737759,1.8240691926237387,-1.2619775933516857,0.9640129592364015,0.6634860165391278,-1.6078400782821045,-1.073967262691356,1.4053907126264424,0.2306404797951724,0,9456
GSM7890836,AAGTACCCAAGATGGC-1,15.893094700010108,0.7344524824539242,-2.0037790942558433,-4.701507584609983,-0.24104225461336654,0.6328375133951734,0.3701246843782133,2.457950975819379,0.12816654203201505,3.0019090493262417,2.3623316483187495,0.9920520514094284,-1.0018545269771693,-0.1064670566156776,0.2624239015581077,-1.1946140680242,0.570017277760531,0.7298862286329743,-0.38657364271920835,-0.6658504212918759,3,29661
GSM7890836,AAGTTCGCAGGCTTGC-1,-8.84590418169947,-1.1309529423514826,-5.914818007897441,4.09572597892731,-1.956066028145976,2.126495861040628,2.8126331351779323,2.9722748224859408,-3.093732805635405,1.0684349890805167,-1.6386124849420882,-1.0511823841592978,-0.363368426773393,-1.202628459575934,2.9321093824956472,-0.3973156092628943,2.224375997374735,-2.2391042719388032,0.3594794449093754,0.14150140755157037,1,10544
GSM7890836,AAGTTCGTCAGTGCGC-1,10.703482288876861,-6.884935322007739,-0.765724169220761,-2.300395279100591,-1.4049954635612945,-4.467319559029239,-1.2126177742038715,-1.5476543853056368,0.9670127354243859,-1.112600861825071,0.2108020933164658,-0.11537721071795765,-0.3696485183158041,-1.4280208237606333,-0.6431853762651729,-1.2696728424107668,-1.189959735291091,-1.5927592747702155,-0.6416961948632321,0.789401286154266,3,20654
GSM7890836,AATCACGGTTGATCGT-1,7.633279249219179,-0.328804340476977,2.7370579703538715,2.2692189694241103,4.579038709868689,-0.38800746582283513,2.965580233949354,-1.8055705654346863,0.5577047629708982,-0.09493084071416512,-2.4102777743439177,-0.3940356479795424,-0.2078756427044816,0.38701845109034866,-1.251443165558837,0.5909391716012227,3.182748095105106,0.1265758521507757,3.6204407301000012,-0.9542903861684228,3,20948
GSM7890836,AATCGACCATTGCAAC-1,16.552876260694795,2.6614136949724014,-3.379535399158982,-1.9455638142536902,-0.32844514826107546,2.0433591388332846,-0.6048739869470617,2.6280202648537943,2.0466033947409303,1.4497097695394405,4.587113875122211,1.107764017766069,-0.5475080540073572,1.678325615765839,4.000048091071916,-1.0771368051969352,1.2084417649089285,0.27537584013431643,0.38389255333327477,0.5822234459386431,1,11746
GSM7890836,AATGAAGCATGTTCAG-1,0.87579844134799,1.2098162421503573,-0.009977110825621856,-3.1306811958175778,1.9801728573733473,0.18209781125602068,2.7843127117706783,-1.7496830959239664,-1.3188626504973804,-3.208889695747078,-3.032934155899039,-2.083974236982375,0.416690374485021,-4.216353443440353,-1.0902434060499746,0.7044449796001634,0.13442519332115563,2.031442460618671,0.34907133365330484,-1.1762936264349921,0,8678
GSM7890836,AATGCCAAGATTGAGT-1,-6.494059690879845,18.23311260103907,-5.627979597290235,2.7926477762181285,4.187391431940374,-0.8195160860992468,-4.5149119542440594,-6.396937093407427,-3.127605307492092,-8.494390910603737,4.8981224843180105,2.684350802109852,-2.6480558676216446,-6.726644014747103,1.3410844219149598,-7.731195584705207,4.004142162196743,0.7392858834643491,-4.852770616807484,-1.8853423130823281,0,2814
GSM7890836,AATGCCAGTGACGTCC-1,6.33340411560672,2.2170318769634374,-5.094679211362478,0.828526981133128,-0.9182735888748214,-2.032793031386744,0.26480270088705476,-0.39720833477186984,4.3540905396104534,2.4471342667636544,2.2555558101290205,-0.9766339168587184,-0.03185011922773509,1.672839842514545,1.3777876267530145,-0.1011712087405585,2.935905886979543,0.37110051558613893,-0.13212863275217349,-1.6109276821005958,1,10804
GSM7890836,AATGCCATCTTTGCAT-1,-4.017925019202213,13.653915019495935,-5.050341524445271,4.6410151087998255,9.130190429089845,-8.017438098297934,-5.810378042408274,-3.639028985227584,2.7251655882176222,3.1890640240866306,4.456988711604184,3.3182715067079123,-1.355443564295337,-1.5463840598874552,3.078399142459283,-4.042748438847438,0.5594890976883027,4.168156797664211,1.845603902177393,0.30980002396688694,0,3096
GSM7890836,AATGGCTCAATTCACG-1,-5.380094680705229,-0.29298510713703085,2.7190890096609417,-5.612472029476187,1.656686354219052,3.2154380136654823,-1.889780002380031,-3.83065585529385,0.7936018495961794,-0.10290666407785938,-0.8482328713479774,2.4220336382818792,1.3645239290824238,-0.6913106068927377,-1.9556942953173033,1.3566439975192848,-1.5169885838859567,0.9264921713922746,1.0303671635472123,0.5190433612975777,1,10469
GSM7890836,ACACCAAGTTGTTTGG-1,11.502701748897794,-4.94517068444546,-3.096707953585912,-3.795714003535892,-3.6824675172981807,-2.4606878168490263,-1.2745455640771357,-0.046483726089282654,4.606791608946155,0.7772734259123218,0.4661159115624393,2.1009725923071585,-1.0254755561812785,-0.63539681607264,3.0242200642996058,-1.793401032342417,-1.6055690481703095,0.29881378601273306,-1.7615635430933543,-0.18919533961957183,1,11688
GSM7890836,ACACGCGTCGCAGTCG-1,-3.160248771198845,-1.5545290686582816,1.1998540081600584,0.6126380328878723,-0.08175773728998838,-5.568378538885677,-1.3114029679956365,1.871950088888794,0.17251448532335126,-1.0013124608636743,-2.733268614213316,0.11367000591472909,3.7785777560474267,0.9341286963050309,-0.03182147971720093,0.38402754765079977,1.0832086812056467,0.9153696610294069,-1.4628256864817024,-0.43610882396366407,1,12114
GSM7890836,ACAGAAACACCTCAGG-1,-9.66329947341434,-1.9622678903314892,-6.9561246397096985,-4.249056032590272,-1.7084851854555703,-0.982261228917297,-0.7976033369989128,-0.7075994830821302,-1.5369541781995504,0.9729801511096221,-1.054510830567123,0.6472521213062363,-2.221869019967394,0.8226688970848991,-1.592277570146993,1.9192694562894135,-1.7297405426909123,0.6130061410386933,0.9571031936082388,0.2785155509106554,2,17040
GSM7890836,ACATCCCCATGAGGGT-1,-7.106862094468313,0.2930148572636858,2.272830227631494,-1.8711357401098656,3.4692335698363133,-1.9092128077403878,-0.7672758800970492,-0.4967894406128096,-3.190039472651659,3.451377175445202,2.4000521153275747,0.10905641784013465,2.1974178034288583,0.1512618233453072,1.5474076785679929,-0.27190330955073433,-1.9238537143248877,-0.6847588238709847,1.5485641223395101,-1.4213955308678352,2,14815
GSM7890836,ACATCGAAGACCTCCG-1,-2.709824165733533,1.8392790596332482,8.669276362770349,-2.1118927442810147,-4.658217041227249,0.882786081923905,0.7472015541495836,-0.2603902612112382,-0.2948273462916941,1.0724555170850922,0.677187714152725,1.2518165094994287,-3.496155756746555,-0.9881740402734287,-2.7111764093826034,2.530023634483852,2.6076753196494256,-0.7008965874750976,-3.0628035867161194,-1.495548173765595,3,20317
GSM7890836,ACATCGAAGGAGAGTA-1,-0.10994530194829674,3.0514530968936193,6.24819417620901,-0.1303572841417534,-4.465139286106508,1.1125466594755185,0.9461567363058905,-2.4570353980129847,0.6686869326575168,-0.5768503993417643,-1.5259855666376927,3.4987342538223327,-3.9475267994209666,-0.9984592999959776,1.1170054895365453,1.211242030896877,0.7522738914345495,-1.353832366424906,-0.8199578694463964,2.086610071394958,0,7463
GSM7890836,ACCAAACTCTAAACGC-1,-5.501444314657117,1.0051354140345672,7.580915611733959,-5.951882111506847,2.509323054996802,3.69962066934955,-5.587211112816119,0.16576198508276285,1.443721158069803,2.877776284245031,0.4630879732368657,-0.7446892708599857,0.5180204138653088,-2.1723698977255563,-1.0656959126699188,0.07535566264466338,0.41092711782645513,-1.533038379255568,-0.7384227960604388,-1.7946184801251437,3,28109
GSM7890836,ACCAACAGTGAGTAAT-1,-7.361662259554961,-1.9059702416878168,-2.8400323872046607,1.6468048767934143,3.4772888725502833,-4.230857743072086,1.2163380615688248,2.545225942261894,-1.7434849173854143,0.10635826176444457,0.16223963280945125,1.2072586307318471,-2.2480720747578484,1.5049353112757409,1.4495186514354073,1.5217403597534982,1.778188053082579,0.1337076804256412,-0.07111862410462257,0.09739829153629836,0,7715
GSM7890836,ACCAACATCATGCATG-1,-11.591875248304255,-1.1483831881813962,-12.908552050269142,1.9762498963509594,-6.508221630518254,0.726113758085494,1.7928606740191906,1.8719456933726373,-2.2445109955552516,0.9550456348199065,2.583052732925114,0.3948287351797108,-0.059843152481253464,-1.9951246425762181,-0.8004805456339156,-0.27209461690136866,1.967196427116138,1.0715912897293713,1.9492882474734097,-2.682677796364621,0,6641
GSM7890836,ACCACAACATTCAGCA-1,1.2771616350161636,-1.6913091861012108,2.9752303454680122,1.2440831082970376,-4.0791210727842095,0.2370246048157685,-3.15179982332598,0.8069950279902695,1.9832469171879508,-0.178280041547155,-5.419565158025948,-0.9943356868232849,0.04989871374046407,0.9129647518791869,-0.23296331804163373,0.6875803430126475,-0.3496979394758126,0.7479689120253542,-1.259826195828779,0.06172016363418585,2,15535
GSM7890836,ACCACAATCTCGTGGG-1,9.910292086600817,0.18776153542142815,1.2075863848687585,-2.597181982351161,-0.9389803430940732,1.013053710158194,-0.3329568396457893,-0.1333286678575311,-0.7545955148876695,2.0857894320554373,0.7477702354480823,0.5554080486302223,1.0070300355431185,1.45037401667678,-0.2599837332026269,1.161870437909981,0.33643004162182577,1.408188866232095,-0.8825365333414834,0.8287939033539388,3,23768
GSM7890836,ACCATTTAGTGCCAGA-1,1.9516683274385795,-2.8374070398907167,-1.5341152829855815,9.456646809842404,-4.288968822949171,2.5985545746541554,1.585569457578176,-0.7002075192591272,-0.2784874948251049,-0.29542763462069954,-1.2204234453632816,-0.4341164857636717,0.8060207665453226,0.5241225784644583,-3.6325137915307284,-3.0370417472338835,-4.488504044690356,-0.6886692199967821,0.030446271851646244,1.2134140289974769,0,7427
GSM7890836,ACCATTTTCTCATAGG-1,-4.752662618147437,-6.31815428912582,1.619580936950498,-4.188627079078872,0.9337222980612845,-3.317459774299217,-4.070572901451111,0.8779909168113644,-1.9838813630707823,-1.8213341479315897,-0.024787129975913775,-0.9831290247995853,1.0577929896147484,1.3240859080125542,0.9572296738341023,0.5517359943533006,-1.6692423417726445,0.09704828022229954,-0.8321983624488491,0.9241995742026574,3,19491
GSM7890836,ACCCAAAGTAACAGGC-1,-8.724758545869904,-2.8631717223979707,-4.0773237493395165,2.7209845307504703,1.0706024966379468,-0.5459407615966115,2.2580161634389757,2.101192444653756,-1.230508525898918,1.0169873956444466,-1.8892849916509598,1.6466017242256181,-1.4899187741642708,0.34530609664878514,0.49705568222505186,0.2588210730435123,0.9209186530868843,1.568795201356527,0.21186465271217872,0.9997699687905659,2,13679
GSM7890836,ACCCTTGAGGGCAGAG-1,-6.751060227002629,-1.459980427511858,5.9499789404229455,-1.9566261932962634,2.3883847363748876,3.4625255052268855,-2.436500319265811,1.9412821080117229,-0.9762643062365328,0.5064689568982496,1.1203086143456145,-1.6231160800041675,1.3879571542142521,0.7539244462084024,-0.3478099572184088,-0.9648552542632821,0.9171217003146416,-0.48498374280434,-1.93593687379246,0.26109342522659096,2,14119
GSM7890836,ACCTGAACATACCAGT-1,0.2844057978010446,3.5439934000344064,5.06792662624594,-1.0760229284515843,-6.5399849330094355,-5.277236185797607,1.9337895956921556,2.064360143095223,0.39371982983963283,-2.5466075130274866,-1.8055768486651191,0.2449577697250903,-0.034661699787459595,0.0952063642554547,-1.1513428044400553,1.3253435270120562,-0.6261931282572272,0.5637061598752011,0.6195150571672157,1.885195343559435,1,11634
GSM7890836,ACGATGTAGCACCGTC-1,3.208310792817607,-8.964937978262409,0.11576934260106429,5.055806302593801,2.4495163119591163,-2.3855017738743225,-1.7736571317506324,-1.3436897171198872,-2.9751420546201075,-3.467812699679591,-1.7092029288865347,0.7356424110292804,0.6664164257259867,0.47147220266289414,-0.21336602884192016,0.6778390997475326,-1.023257424071518,-2.0455550616318994,0.9425545976119871,-1.9451516268338767,2,13913
GSM7890836,ACGATGTAGTGGTTGG-1,2.5947802511063736,-5.321896651886082,-3.96090365847619,8.01983383848153,-3.978476948751233,4.761343124067206,-1.3837292345265362,-2.825943342517936,3.341145892384962,-2.9124590000767725,-2.2950211836026604,-3.2442086741501415,4.7848386317521445,0.647925241148856,0.3702659494527823,-3.415030008522633,0.15935490894199372,0.33603191653494024,-1.0721021693886115,1.2818141772390645,1,9988
GSM7890836,ACGCACGAGCGCTGAA-1,-4.076925915709516,0.8523548806072695,4.162875725398712,2.0444784408768513,0.6562369478359883,1.5896182258420908,0.2691466429715659,-0.32268554257029025,-1.008378932647798,-0.042715742754735615,-1.8669628253537403,1.040030563094513,1.4818043916274433,0.8361229655234356,3.8929719660495117,0.6531895632675973,-1.7322769829913884,0.16584292319846428,-0.15087377265460258,0.9130216721090801,2,16254
GSM7890836,ACGCACGCAGGTTCAT-1,13.321202468966856,-5.001303744427671,-2.1534675318745102,-3.4027366315233123,-0.4274785770713613,-0.782407063447551,-0.6601473443095826,-1.5958132263849227,0.7907891237057068,1.2337808320323411,1.3534965627917876,-0.006089369456376563,-1.5031202020567576,0.33785226018026143,-0.2286308122559374,-0.3728869610636548,0.7352125482318087,0.06034745965696712,0.560173325726956,-0.06340055020499581,3,35195
GSM7890836,ACGGAAGCAAACCACT-1,0.3220651910107588,12.541767869629846,-10.386816096533297,-1.2662636205051245,4.075175702550501,-6.0642882924040995,-0.9112691209345786,1.9452253035559206,4.884145310264229,-0.7984687634807817,2.4364543272257806,-3.8793338194487594,3.4787776084998354,-2.8240523226135092,1.4045668070499033,4.157706757772819,2.9298511164996786,-2.3722240123405665,-3.0196759486822837,-2.956436227652674,3,25846
GSM7890836,ACGTAACCAGAGAAAG-1,-1.4222591160832176,-0.47753346245618844,5.812423034048614,1.253811585892632,2.3056440376361906,-0.9355891559069195,-0.38170188260304394,-1.7748788506965099,0.5650009930231848,-0.3188246043521626,-0.9881584812148354,-0.661536063034754,1.363801274374705,1.5692092724519349,1.426351561938265,0.26170992971602625,1.7291217032428599,0.5084830103431494,-1.6351704634092221,2.4772670947961957,2,16526
GSM7890836,ACGTAACTCAATCTCT-1,-5.812911746623357,-0.8229458775795293,0.2809816911127276,-0.14273192555743563,4.395911990678587,-1.7960338643152312,2.6343720378213966,2.0945911241823687,-1.0052032431504547,-0.09470292478160189,-0.2815064286799276,-0.743941141919006,0.6512878162843659,0.2563850449586895,-0.6785260539203682,-1.7081610080159146,-0.6591012340716647,-0.7362492941889317,-0.39048824785004377,-0.7416305478014067,3,19160
GSM7890836,ACGTACATCTGCATGA-1,-2.117014187847877,3.0486678143487387,2.3192389946269487,-1.1527920139612247,-1.5955150963890943,1.0419341783777514,2.7186561155274114,-3.1499860136243063,-3.60613711749021,0.749272974242185,0.31195489871113874,-1.2246896971822097,-2.0457737704998897,-1.8172526984113815,0.35646839519186796,2.36365638084722,0.1021645657231777,-0.4259976908779559,2.810956628273131,1.6819730824747594,1,10264
GSM7890836,ACGTTCCGTCACCTTC-1,-5.836808119839228,-4.497425175780214,-7.206223116295546,-4.831090889469559,-3.9147533398081724,-3.15258852837919,1.6222120910592104,-0.4075145565393586,-1.6282704960134127,1.4393718970970482,-0.1280164441706712,0.0832268379557804,0.6426687621248668,-0.772257263491396,-0.1957158278534605,2.1474326779248987,-0.5280066341160498,1.0243562960432857,-0.8356167766704862,0.6529921643620971,2,16083
GSM7890836,ACGTTCCGTTGTCCCT-1,-10.012734123225208,2.0171402635252145,-7.3695994654912615,-1.6619799134088438,0.07008157992169639,0.38217424283879503,3.643395417499502,0.356548615351516,-1.064482466885681,-1.2337875403143395,-0.39692579613292056,-1.417442247399341,-1.8356883985296082,1.122889603035212,-1.0651025283794244,-1.843398322780549,-0.34717987844496806,-0.7454957557257391,0.600260286737487,-0.007672941095810259,0,6935
GSM7890836,ACTATTCAGGCACTCC-1,-11.756118094696742,-2.4776712059316495,-10.037106014787119,-0.2097288918494378,-3.6316009241480725,2.118414394235509,1.5201196039940565,1.502740805736763,-1.081889723611956,1.6394352160759582,0.3626417831454625,-0.15719011143110295,-0.6613444917299047,0.8374800623532828,-1.9086887872683702,0.9525768135434536,3.7632962948344986,-0.3773762081302648,1.4089944930102554,1.2774830121347027,3,18839
GSM7890836,ACTATTCGTCTACAGT-1,15.134015071180814,-0.9760138532210014,-2.2774874682855604,-4.58384644500778,0.6450804723711692,1.172305722112201,-1.027616142920835,2.711769001699794,-1.295906886813135,-0.7689489560809143,1.5002811931940276,-1.2034228563741374,-0.31923177385129986,0.06979978456403119,-0.5440984044351116,0.659444547537853,1.0548665883177972,-0.45002707398450004,0.13032265010335495,1.0537599901312418,3,22375
GSM7890836,ACTATTCTCGTAGTCA-1,-9.182392068365797,-1.3555763969315608,2.407602292552013,-4.105935860438596,3.175591508380542,2.529518450545567,-1.1939007533826473,1.3802659668345534,1.8399691983646052,-1.2062134285436776,0.005713615577512549,-1.247438898491739,0.8522527002468501,1.960997623443367,-0.020383502291439717,-3.0981804374063238,-0.9195626017352742,0.28678799099638774,0.6297459672292594,-1.148201362944805,1,13133
GSM7890836,ACTCTCGCATGAAAGT-1,-8.875626822919106,-1.0171315529613696,1.8344734802475249,-5.7976562136170235,-0.31965581136207094,4.051598371167307,-3.8300089284278487,2.090984944030642,-2.096857467600108,-0.8139613851211601,-0.9147191303937254,-1.109031414374416,-2.090991700399721,-1.4064684697559229,-1.2500868464219075,1.227220340430576,-0.8950521152792281,2.2565416242651977,0.4228393349856811,-1.543984755829223,3,35159
GSM7890836,ACTCTCGTCGGATACT-1,-6.578016103341282,-1.1309705964668386,-5.1961365633859184,2.3146653311753993,1.8402128432418665,-2.123681459867871,3.0416667192826616,1.9685071549616135,0.27074627474214374,3.0170936194612206,-0.9438450933898827,1.3438419279642804,-1.4410443118677072,0.46057072340249666,-0.590774361554708,0.5242412378579565,0.6739430435414052,1.788938852565619,-2.619841925680008,0.7241090950608613,3,19007
GSM7890836,ACTGCAAAGACTTCCA-1,14.583906918501606,-1.2869357752575328,-2.1979035617937024,-4.10104294636027,-2.380244562352739,-2.113969596438699,-2.3767531235305235,1.8199965721638198,0.6216663261080574,1.4246116700326832,3.1600668954009645,-1.8590963351740164,-2.700437638905144,1.7566464845902627,1.9432343590115393,-2.116097056919218,-0.2867100175766194,0.14161504588975485,-0.5997911216525081,-0.09288846031510026,2,14479
GSM7890836,ACTGCAATCCTTATAC-1,-3.288603878654154,1.2946231781638617,6.422665846874159,-0.5092020731630008,1.1131510509483813,-0.7005243002122069,-1.44097350670232,-1.0358836259684001,0.2915334071709386,1.4620197792927312,2.6475293339680688,-4.70804400827124,-0.21349685278810954,0.4139962962513221,0.6107520925344349,-0.5946649677755885,-1.881445623559801,1.7837379749780335,-1.7399760550523504,-0.6521744893630311,1,11007
GSM7890836,ACTTAGGTCAGACAAA-1,6.062787109301795,9.052580427319976,-8.701373767461856,2.945741087721462,1.4296540009234233,-2.5837761058953985,-10.987726548302302,-4.407254016536611,-0.9835432288986037,-3.194204789586176,-0.46720085824157964,-0.3923608464897607,-3.5356791271399644,2.1540699832918535,-1.4813611285180284,-6.598210360103249,-1.031650351347908,0.20453707679319566,0.8125791737103665,1.8367993767159505,0,4452
GSM7890836,ACTTATCGTACGACTT-1,-0.5210248628742348,-1.7314080122422075,2.780722398904815,1.0663519437128348,-3.4712726972398635,2.132591207979419,2.641902256026923,-1.3132591597512469,-4.025846512189781,2.1211485098728753,1.2264597320660162,-3.198213051695613,-1.9922816618859855,0.1898309762417327,-0.34430526390585864,1.207450040528773,1.398339847772999,0.9612141460068974,-1.0333781585300998,-0.8200608008326374,2,17543
GSM7890836,ACTTCCGCACTCTCGT-1,4.996453464251111,8.935780571152298,2.930450173139132,-0.4288075313620748,-5.369417094449435,1.6105349517566327,0.15117516117928553,-1.1991826017258846,1.07650954006163,1.7045726497026237,-1.5819131216469935,-2.061528631587953,-1.4778531169736917,-1.1000863797412037,3.197047391328278,1.5746337785042932,0.10725888743794885,1.066976462917655,3.3560243919370367,-0.3711939728371515,0,9104
GSM7890836,ACTTTGTAGGCATGCA-1,3.121880349449778,-8.381729315564133,0.6477084880266548,5.949175644815802,1.8956668143045623,-0.4691454758923629,1.253938464619416,3.9491360948677854,-0.8591565026091047,-2.7089221225088367,0.8079480684705785,-0.5630512066270906,-1.659109587943596,0.4063188597656849,0.4307308190821548,-0.13363117760637022,0.06331340649853343,-0.4980596072350831,-0.05807173470721402,-0.5846948004555906,2,17247
GSM7890836,AGAACAAAGTTGAATG-1,3.4807161152126507,-2.765960057960472,2.959519946156242,1.4366523261712771,-0.5177621336703386,0.7902952091865909,0.6401589359749891,0.8912835057598538,3.3561315219477246,1.1484114416720903,-1.7046339634833934,-3.6318829655392366,-3.4778280770492644,-1.791498419845667,-2.4638539323757658,0.3835318104545844,-2.9274500173848494,2.931315698864,-5.287323799824289,-1.4552965357309537,0,8504
GSM7890836,AGAAGTACAACCGTAT-1,-5.050833412867829,2.357177466260377,5.493314104364881,-5.332509700071672,1.7280558528619911,1.932133421938325,-1.8137500665008088,-1.2510138244563072,1.5813579445995245,2.562127461631715,2.4305113407087093,-1.8344282316460185,3.1668446051552173,-3.680094223977508,-1.4486314594464804,-2.3980305199772745,0.3183202273614694,-1.8987384868283428,1.9572259561405434,-0.555392185672216,1,9907
GSM7890836,AGACAAAAGTAAACAC-1,3.3048024736564625,1.8235415869743554,2.4557188151718146,1.4353224132349383,-1.4411590914220487,1.061052813639841,0.16191974872723577,-1.853190258534356,-2.2037141331593277,0.42811409036594955,-1.8875992972453144,0.18438672081262117,-0.15774443316702264,0.4542194362385935,0.2883767191504839,0.6435491179048894,-0.9006815679602821,1.2801582653158086,1.2480514864713805,0.8864222297757985,2,17687
GSM7890836,AGACACTAGGAACGAA-1,-7.3998268718136835,-1.6034224583388978,5.122858291551337,3.092581331731977,2.0139108455279917,3.090708569432102,1.9914129850183222,2.134027985794045,-0.04325124444529262,-1.5601369654028456,3.7044581091481903,3.154337770368936,0.1670615691678915,1.7876312435081343,2.391018405741383,-2.287718123128714,-1.3769138378614196,0.25179665348115243,-0.07779053331511011,1.3343920703722307,0,8261
GSM7890836,AGACCATCATACGCAT-1,-1.05803295322599,6.9863164141863106,7.725006548450846,-1.3776323611319707,-6.915042366310388,-2.1134095138093483,-1.4959527039538254,2.1862569060183907,3.9229886286252635,-1.3613242664381096,2.10310215304138,-0.7754476733081958,-0.7348158719683812,-1.93356966952334,-1.9276540270796227,0.5527765151681375,-2.7443630437828976,1.490790670885383,0.16134035760702736,-0.27432386322571306,0,5657
GSM7890836,AGACCATTCGGTCTAA-1,-5.74797176084041,3.201074378882278,3.6920962790546197,-1.1081123643745363,2.151258809892648,3.678072256319211,-2.610027437893196,-3.789653234591485,4.312170964868883,1.0528218654809904,2.5915157866804632,-0.4007268174606873,1.7881986237148946,-2.1979362700904788,1.3693925624568333,-0.38129356045461893,-1.6881274626263887,0.6875162037990524,0.8980814741663695,0.35133900318887884,0,8174
GSM7890836,AGACCCGAGATTCGAA-1,-8.890822430618867,-0.6584239138775267,-5.0980512076870435,-5.763639644390614,-3.078055005862847,1.1179605721229975,1.5323223390166372,-3.285882376263523,0.08331387449251587,-1.0275986398748758,-2.518186221556066,1.6651574702192915,-1.7367765457163744,0.0646231042237544,-0.38755617152609584,2.1102239131283014,-2.1092239251721487,-0.8062829579428631,-0.6149606111398783,-0.9883444583852657,1,11824
GSM7890836,AGACCCGCACCGCTAG-1,2.4582041759425968,1.1310933306631703,6.53347971496659,-4.6866372919541615,-4.5547639951584555,-3.429132356239905,-0.8889670430276586,2.634792023808752,-0.9274589626155976,0.16809409062405078,-1.3628838765402402,-0.490460815015562,-0.3722300166023607,1.2027114918384874,-1.9471169745479957,-1.5584732745626688,1.5307619927394225,-1.1620393472590778,-0.45199706349448965,-0.002206575923563977,3,22317
GSM7890836,AGACCCGTCACTTTGT-1,-4.666916066120241,1.5593076134302681,7.5866529832048455,-1.062485427426623,1.6310324320414664,1.8757977478776389,-1.3139236561744114,-1.4888792898908783,0.7679049656732246,1.997477240517467,-1.2741067929955057,0.4307601311930835,2.529936714239753,-1.3438135473336672,0.7738415444311364,-0.45675811652994375,0.40691351572836715,1.7434867116328547,-0.05141758672782744,1.4236860644019296,1,11138
GSM7890836,AGAGAATGTTTCCCAC-1,-7.1281442163583755,2.724356104831236,3.508917684539182,-1.6280549309397718,2.2172937687672665,3.262125269843757,1.2949774416583468,-1.8881982679108098,2.410096325672296,6.088170282797585,5.570005255188425,0.962691809767942,-0.340383965115921,-0.9864203751198212,2.641968156698183,0.2557474887458821,-6.334088707456159,-3.1917981789215637,-0.3921456741407801,-0.7257973150188227,0,6093
GSM7890836,AGATAGATCAAGTTGC-1,13.155561326751222,1.0005412696617029,-3.1334262487125515,-2.1341505262556244,1.8488434588415559,2.451510826194581,-1.355511837123958,0.8693766588474505,-3.7009606052548847,-0.8557166149853945,0.06353526227025909,-0.8984328959040332,1.53110666634549,-0.3620499930125654,-0.759952596642401,0.4309682176111664,-0.27159108552887795,0.16555681479848627,0.11149001249565556,0.5554943687042962,3,24278
GSM7890836,AGATCCAGTTCTCGCT-1,-3.821761524026689,-9.58560290504575,-2.463120671233597,3.6704582904560774,-1.2203029673672363,0.10007799774478597,-3.1449601945291206,1.6548341503105783,1.014890685034134,-0.0334947170721857,0.2863960650397787,-1.2919162999693035,0.05107449733372124,-0.7356815563823991,0.07744290243145582,-1.950831432409971,1.6718480456570615,0.8713995430490715,-2.3401735919562445,1.8504178884393063,3,24832
GSM7890836,AGATCCATCACCTTAT-1,9.514566632331238,-8.492029522918372,-0.978253945356902,4.397491054800809,1.1373115416505764,3.458103939437671,-1.7492758767594907,-1.1775487852354707,1.460784873574574,-1.4964777791426285,-0.5455244354970242,-4.528543566742351,-0.6769333917500648,-2.056778048400973,0.6470362392295241,0.2977658612301345,-0.3527421867605579,-3.0236762790309832,-0.2982492126390047,-2.233526223227915,1,12155
GSM7890836,AGATCGTAGAATCTAG-1,-1.647632366304055,4.232049655687767,5.398635283858468,4.766572620461795,4.44974823273408,0.006218248662308145,3.2846505025282156,-0.7762242813675626,0.9656975936274448,4.458649878066158,0.6465520356560068,-0.5986604640730951,1.4743058528579125,-0.1364880165007203,0.863864944426437,-0.009972296530830201,-0.2878303393980666,-1.2961054588476206,1.5446565369130587,0.4817370068889464,1,11862
GSM7890836,AGATCGTCAAGGCGTA-1,2.13057710754711,-6.105906369519722,-0.039706768986631356,2.3387524826544333,-0.6136544410596196,-2.305509485242707,-0.11800796864690448,1.920647743275346,-0.7200155791233956,0.7190609861973222,-0.07163168928332651,-1.3241862844386887,-0.4699487868838521,-2.2822997377392773,0.12564119665770357,0.3965836693957184,0.03426941365229527,-1.9969692528170528,0.6155062386466891,-0.6226466097203184,2,17956
GSM7890836,AGCATCAAGCACACAG-1,-1.6130836473429255,0.9830307283343397,5.144750782352424,-1.2139869525736415,-1.1306545700762036,0.4080220144146902,3.2815243460754946,2.394954165147666,-0.6577200096104915,-4.148542713978842,-6.135753666984276,-0.43793579596997845,-0.03183889162937151,-1.1154627927818714,-1.9445035753688389,-0.479015208028613,1.1365471897325,-0.181746874542475,-3.1216214020733375,0.36262835287511325,1,11282
GSM7890836,AGCCAATCATGTACGT-1,11.069876578447557,-6.565884492732726,-2.8905656362000256,-2.063788090329592,-3.597787796489687,-1.0313038454596606,-3.4492672322891536,-2.623415166762526,2.181427004652209,0.9077229485545811,-0.8125397157602563,1.1081671167298446,0.848306330111522,-0.39276707667570415,1.0010999166277528,-1.1420718401457746,-1.1473531465915738,-0.8489126526983014,-1.2963936454387237,-0.4880087770633102,2,16254
GSM7890836,AGCGCCAAGATAGCAT-1,-3.3024868728170147,4.219263101948446,5.216224957787976,1.3247835347319528,3.291432627762368,0.3827467047418528,-2.460763825826017,0.9250353856381247,-0.5818226276982273,2.6845650527644334,0.2597002267793527,-1.4527172551746925,0.1979474836878761,-2.02850618806116,4.666087894939326,-0.2934684063601825,-1.2831225589136097,2.1801511803404026,0.349311290306822,-0.8691078002148893,0,9115
GSM7890836,AGCGTATGTGCCGTTG-1,6.789420862253598,-1.293903028748086,-0.49879186034352724,8.991867739976147,-1.411501654407576,9.107195032846004,-2.076155691211865,0.19681445317735316,3.159036263566082,0.03390955137122691,-0.3677014368090124,2.9541813228638185,-1.0341619981539805,3.1113598940470735,0.8105094061567796,4.525232647281976,-2.6313435517621486,-0.3844755997980628,-0.9815162610042304,-1.5738699986531144,2,13314
GSM7890836,AGGAAATAGTGGCAGT-1,2.2604562398552073,-0.7682782886326568,1.0858948209287729,-2.465502893467199,3.847557190617285,-0.07500508285344973,2.253017495681588,-4.3057249057941505,-3.37584145164818,-0.8958681031691165,-0.3891465745737134,-1.499139618260238,-0.8067235899254189,0.7060982723988809,-2.01935288597888,0.40754467665646416,-0.10524990275993701,-0.23039647594026852,1.6556067944717807,-1.2686719257825692,2,13467
GSM7890836,AGGAAATCACTATGTG-1,-4.490709061629738,-0.5872642426430598,4.870860984109175,-2.7986171158568762,1.4655787218803726,0.8086972841727291,-1.4478438829879472,-3.1997132203734155,0.31367983506537134,1.3418105481347378,2.6903518288991926,-0.14457046761635942,3.8196297459247672,-0.13317821621371917,0.33395861858260717,-0.31664996005297086,-2.1847538569700995,-2.1509675313295866,-1.962887538905469,0.06864238989455847,1,10274
GSM7890836,AGGACGACACCGTGAC-1,-6.684566223825252,0.8124984335468751,-1.4884904457526318,-1.7633539272057923,2.3063825859616327,-2.1239262261091825,0.08179113143331634,0.7592329108911215,-0.8488888065139171,-0.11616312982970023,-2.286951559565274,-0.5117450568142342,2.147255683048911,-0.0032349324742689924,3.02687893652935,-0.27530530572636286,-0.691613874720505,0.3636992586928172,-0.35890477208067884,1.6999581948556208,2,15999
GSM7890836,AGGATAACAAGCTGCC-1,-2.982348159580708,-2.7821423817246806,5.706836330717178,2.576844491848044,2.099064917004171,2.3848429491786733,1.0051540488522368,-3.0947691025558215,-3.3658375956605897,-1.5149507575455805,2.372974612298157,1.9562678918866068,-0.7411562489398613,3.0988157384188906,0.5593255828796685,-0.035268285091636466,-1.675126124139008,-1.209725165275621,-0.6957632261777652,-0.9395838899368071,2,13980
GSM7890836,AGGATCTTCGGAATTC-1,2.0466967924385355,-0.6662317149829067,5.987911337774472,1.7993639106746924,1.1021478171047747,-1.3142836332537513,2.7294495528128255,-2.35956573067058,-2.362602836362485,0.011576528126469249,2.0657783480538594,0.010523561386982185,-0.16063889521660854,2.1842397056029332,0.36027777891895524,-0.13662876734644683,-0.26267359617024305,0.29729950946150263,0.33220144252213923,-0.7637184848700095,1,12136
GSM7890836,AGGCTGCCATACCGTA-1,-1.0825679472670264,-8.609263058572248,-1.4255045339539123,2.348315531185729,1.986899427699189,0.3030519751853516,-1.2515946441898458,-1.4319964252585256,-1.4039650646228967,0.1345224278094215,-0.6255905936445931,0.5119128448255525,0.5228432659737824,-0.7592312448789281,1.7146956209560693,0.7175380614749058,0.017727862307309272,1.5236363147056946,0.1645975778416284,1.30809291943191,3,25949
GSM7890836,AGGGCCTTCAGATTGC-1,16.30167810732836,5.269266425427871,-4.309312842138674,-2.9833105857355835,0.9418124956572665,3.9842110571867138,0.5177178007304694,1.2252536704876522,0.25273898452769045,0.019368106289295535,1.5972273255086291,1.1380438176574663,1.6189527454019639,1.9200407163091104,0.3140465050312317,0.48018702665341684,-1.6042122280092879,0.7904683378173414,-0.5165507618049151,0.4190839880700617,1,10859
GSM7890836,AGGGCTCCACCGTGGT-1,-4.857710295825843,-4.633246944885161,-1.0301226522322593,-1.8951271247948314,5.977383794336659,0.8172206601251847,4.222387884634803,-1.7430016846142053,-0.682217904922976,-1.9283268506663502,-0.04186994249741013,-2.0541829847963724,-0.47483507085566584,-0.006811220847965387,-2.0336220556921067,0.510589425491195,0.8406052187330516,-0.08423544530992905,1.0770712218408593,-3.0490666014259045,1,11995
GSM7890836,AGGTAGGAGCTCGACC-1,-9.312090038790725,-1.6140097934349091,-6.374198144784495,-5.437576587276812,-2.8924976181612316,-0.4841095449668763,0.08707124422024677,-0.8870878319274961,1.1001933694899948,0.608508450713981,-1.7047002116780998,0.6740469359824524,-2.0260475907254523,-0.05310935239955899,-1.2368469892443703,2.1230082142887636,-0.890695620348216,0.9889592764700561,-1.0375562341235889,-0.0730971356055694,1,10118
GSM7890836,AGGTCTAAGTCATGCT-1,-6.424958372243754,0.0071249934740093895,1.7125311273124808,-0.0457452527298724,4.142636450686212,-0.3480524059310598,-3.237501873921204,1.5416910870546192,-0.6905669896228707,0.843515325145298,-2.770895262110115,-0.6752696871968151,-0.18532578589319687,0.7085490192346381,0.21802769718070528,0.940306012506037,0.8220994669291204,2.087453319890386,-0.27856934873360595,-2.085594343364348,3,21858
GSM7890836,AGGTTGTTCGCCAATA-1,7.882793972080479,1.3248628045969582,2.6569340599251277,0.52409372316087,-3.4456862511563506,3.4406785774011786,-0.44000452114986827,0.27895421185872293,-0.9388434998944293,3.8458715831289187,-2.6727628926197187,-2.797087065545182,-1.8888708748434213,0.7375894658059587,-1.3756376018275236,-2.558470280490327,-0.9140638175229411,1.427584577895902,0.254004966401233,-0.9300360341064853,2,17762
GSM7890836,AGGTTGTTCTACACAG-1,-4.7189283798322315,-6.679547562047522,0.48169051497888704,-0.43586201209167175,2.415818406482836,-1.311544935865632,-1.155145863822066,3.372242094330767,0.43855096818182154,-0.8480965021681022,-2.290971515131312,1.9960233227744888,-1.66026465107979,1.6300461232432715,1.6329856559487281,0.014301630531187434,2.4119597068685934,0.5579089255489642,0.01792166008274275,-1.4316574148578736,3,43785
GSM7890836,AGTACTGTCTCCCAAC-1,-7.335513598660791,-3.856370184884617,2.592971805901629,-2.585136339300996,1.564102736528989,1.4652637748282016,-0.10127486707636825,3.414881052606081,0.6382349089980901,-2.2286275319356728,-0.6658524185128165,0.4235015667054679,-2.5944399439411097,-1.8868157616442165,2.2405230182924325,-0.29845410974216885,-1.370465291707348,1.27352718059245,1.8494570354863555,0.19208855395152535,1,10370
GSM7890836,AGTCAACAGGAGAGTA-1,11.421562740010701,-6.950411987677942,-1.4294768866866712,-2.712904109974664,-4.1894974177519,-1.9365002100046025,-0.6153887674687528,-1.7173766844353846,1.4252761856022134,-0.9065656386803681,-1.7765808891522947,-0.8976712573394238,-1.3579693936741304,-0.24951096335507056,1.9579467971258413,0.8850897773736064,0.6060319491936597,-2.068388269255442,-0.660475123782747,-0.582639150172095,1,11516
GSM7890836,AGTCAACGTCTAGATC-1,-7.020374954415847,-7.217543783319147,-2.2085163274858584,-2.281179209947085,3.7246360908660776,-4.876565002180896,-1.3413923032862964,2.029325191249109,-0.6433038573032053,1.306780045683721,1.1456736278553414,0.5823358164255047,-0.691175606338512,2.9052224747653836,1.1549239302297356,0.12707458759308515,0.3075539686012383,-0.9789918637038948,0.24066812379255,-1.5809523723813055,3,25530
GSM7890836,AGTCTCCTCGTTCCCA-1,-7.662598633704764,-0.29959361791205424,0.009754275675417626,-2.557953278149767,1.0369532186741781,5.211084275008621,0.6509291422903384,-4.191516917174201,2.303286356879539,-1.349186212303906,-2.485406163249947,-0.22449133711962946,1.5457379471613877,3.884092120410587,0.6906015281817268,0.2482489083264707,1.210739885720162,-0.993752957319231,-1.1404221890186979,-1.2214721077470152,2,15887
GSM7890836,AGTGATCTCACTGCTC-1,11.951226238828756,9.848860218321175,-4.462647969347592,-2.3671908473277177,-1.3228583068050934,-0.0089564959852241,2.4107149988942043,3.7151056296107106,-3.836159079120456,3.0414667226954957,-0.6316568317681022,-0.02239488909002785,0.10607924418074761,1.2861101953928467,1.698027810715735,-2.899772332936909,1.2150551674471968,0.7640859341516602,1.2004170098376177,-0.5045623251822362,0,9089
GSM7890836,AGTGCCGGTCATCCGG-1,17.12052502914529,3.3445745568426246,-4.668797838635175,-1.8116035450617893,0.46264879415276433,0.8874969517924712,2.0962269986582687,3.507968446796053,-1.5991499800746418,-0.513148296622356,0.482568168429569,-1.544162672632432,1.5971582222434,0.6651812738642254,2.3139332291608032,-1.9377429042232999,0.62187759750557,-0.6916259012299796,0.2901957810109452,-0.9245410341860897,0,9423
GSM7890836,AGTTAGCGTACAGAGC-1,0.19350568730936712,6.576540802523801,2.8513200002942334,-1.4573619887289857,-4.276787639212349,-1.2717556007954816,5.501818690130412,-0.4455519591460719,-2.4865684114301563,-0.49583914641484067,-1.5674621046440118,-0.45455221482876274,-2.0989897036777627,0.023395544648127695,-0.15808438982693535,0.1374930342574049,1.919847599042333,1.7948863513044053,0.008014927704772917,2.035445390991919,1,12471
GSM7890836,ATACCGATCCAACTAG-1,-9.955060457302567,8.880228206672882,-3.804608079704623,4.488530250823521,5.247383853185924,5.984268529506653,-8.352708583976687,2.1000960841858376,-3.2496117042951496,-0.830326861027423,-3.1950431200344482,-1.522392639613843,1.3192225469068908,0.901209461899721,-0.251079045070917,0.7532955936016573,-0.6850237788285481,0.2107917707585154,-0.7377484260301799,1.865537353725519,2,14182
GSM7890836,ATACCTTGTGACGCCT-1,-9.353955665599125,5.166802862259461,-10.88222097236508,-1.2255955607485145,0.9300128161462093,0.14482073982979396,-3.339572846728165,-1.2787619192784891,-3.463099276247091,1.3662258597448211,-2.3347179987504947,-0.6324371788179594,-1.087286721899766,0.5166210964606843,-0.6824100209141728,2.434930452241273,-3.341143752468516,-0.7186726679383659,-1.4388178752194158,-4.673433554437718,0,5883
GSM7890836,ATAGAGATCAGCTTCC-1,-1.0466446256980386,6.215891067930811,7.259514695538447,1.2003629660437019,-6.2822425707627545,0.2571833870311569,1.3093760910148111,-1.4086112685647054,-0.38327005242037315,-1.866736465926861,1.3104695447068173,2.764522198066667,-1.123033782354674,-0.7918039782860612,-1.239778427789421,1.992943347369148,0.17010919532066449,1.3730667863890365,0.42041840941790337,0.38508880516475874,1,12037
GSM7890836,ATCACTTAGTTAGTAG-1,-1.19067752058174,1.869730808283217,4.320424310709447,0.15920950368773018,3.9987072783208584,-2.6636117809566717,-1.8712917090681345,3.1014500956677677,3.1057938672188405,4.421669783472553,-0.7044162800726089,-3.3433430021830457,-0.425808704852465,-1.1429857878586784,-1.64976350959338,0.37657260892286837,4.032668725034831,1.582550669807846,0.11494676852908091,-1.7240765883441291,3,26059
GSM7890836,ATCACTTGTGGCCCAT-1,3.1347960218547524,-0.21318955133586648,3.483807350776946,2.638340968608412,-4.889482448227677,2.1848222957463115,0.5200566639168078,-0.71764821593197,0.5631064257420446,1.5529083967056383,0.8032964340526572,2.5450905309780487,-2.1419995208453533,3.3997460420216243,0.40011377188838587,1.4486608631323603,1.0407430746125332,-0.1817551529479619,0.0821750712293379,0.1073347649114316,3,20011
GSM7890836,ATCAGGTAGCTGAGCA-1,4.713404789448961,-1.2587440346769483,4.109076380100956,1.7116318630741751,-0.5330199536799691,-2.7730137649010342,1.097825277375408,-1.7876032696561512,-2.562633816660691,-0.8919478518968308,0.14833902939329865,1.42223739654039,-1.162132802399995,1.4127591226495764,-1.5964775737293428,0.08148171789466876,0.267960698331007,-0.3230118728349185,1.2221404026704996,0.6332708299961184,1,13006
GSM7890836,ATCATTCAGCCATTGT-1,-6.280905596193747,2.0571650490458557,5.127835702889352,-3.4547230806267426,4.369613736770455,2.651313062163979,-0.045739984265664474,-3.4156364843134086,1.7986077399135563,0.4920212687070677,-0.24115581031042987,0.5017614369463159,0.04600717227038141,-0.8574935005615354,-1.5657699503193403,-2.27216706737614,-2.1211971385273247,-0.6586655545700725,-2.6044353433878764,-0.3508329049420403,1,10451
GSM7890836,ATCATTCGTATCACGT-1,9.421716516287697,-1.7846439809938508,-2.6592224636046793,0.3389904939399433,6.262548831007267,-1.694095969393636,2.818817626289608,0.7259334615548646,-1.6997619132690411,-3.5388740706704414,-1.010729865851265,-1.2945119844784208,2.1769003370422078,-2.4070783217404172,-1.1662230708254209,2.4236928072667423,0.29348208547189697,-1.07303276123548,0.4654140526414718,-0.4053276553215195,3,19667
GSM7890836,ATCCACCAGCCGAATG-1,-1.895042320494789,-8.968954905300066,-0.7365427791453885,-2.2475199651389874,0.8186094896123761,-2.915905193059914,-3.8650081389829887,-2.9179650820905416,-0.7098942783188632,-0.9749980668698817,-1.2039333385910773,-0.2837009757691046,1.4725646788314668,0.7171684013329169,0.440560662786606,-1.9324686415707095,0.35273883091684355,-2.628749667546133,0.9882165725999205,1.0716482458464776,3,27271
GSM7890836,ATCCCTGAGAGTATAC-1,5.2944109984750565,1.1895037408597837,3.5523676515825926,2.7088781404295683,0.5210763095905309,-2.1429043271728565,-0.46498509011966865,-1.5660793737537815,-0.4760154473577515,-0.8881504584667294,-1.5835082514213925,1.0623583447156684,2.313906387927036,0.5283671542878433,-0.6126340021466629,1.113818145302829,-0.035061430509701744,0.09073607701168047,2.568271697002338,1.24618535679231,1,12885
GSM7890836,ATCCCTGCAACGATTC-1,-7.910065846024951,-0.5637657705819301,2.5528375562057217,-3.97992699207343,0.027603542194287796,6.423921353530165,0.43639338128242905,1.7122960571573849,4.155113507486093,-4.014391040756452,-5.222725196652935,0.16073368711581698,-1.0558718226393629,-0.7688571477365738,0.550043671292784,-2.221364056787652,1.9744498622174007,-0.8623208503501043,0.16429172017755758,-1.177413455490316,2,16178
GSM7890836,ATCGATGTCGGTCTAA-1,-2.1773147539923183,-2.936840503919472,-1.3594160196386305,5.538539468858505,0.47884918691659817,1.867024683830775,2.303312980394713,2.6228113452934654,-5.05442539735169,1.8420895256986927,1.5676230154479716,-0.7604542920994016,-2.2645958191905073,0.21954243679588262,0.5799817870438155,-0.45183678450146647,-0.9775935731326907,-0.5139520035733225,-0.6214533389796727,1.0955582548632032,1,12701
GSM7890836,ATCGCCTCACCAGTAT-1,-4.995124732616362,1.912879022584905,0.23812207245103806,-4.754945487424016,0.9411014783077943,4.066881829344481,-6.522694667048781,6.1923620762917,1.4812784437382915,-1.3759200787059092,0.9369840650810788,-1.4391186469660127,0.18118870575777932,-5.648358360690765,0.6766108958141885,3.8375986887846736,3.343155582815628,1.0110407524202742,-0.7218740067179521,0.07684157912703492,3,24976
GSM7890836,ATCGCCTTCCGTCCTA-1,16.347719295631325,4.099031631297057,-4.713070445095718,-4.70445378080305,-0.8123345610481293,3.8422866980174923,0.5278897232918559,3.1482800277332355,-0.20226084117264284,2.2133794502406787,1.7373499638925858,2.0748502956074573,0.39476528194847,0.6937852129313546,2.008000423747862,-0.9957110123105588,-0.3952013340851741,1.2008654482555003,0.26264217364490966,1.2339660118434188,3,23890
GSM7890836,ATCGGATAGGGCAATC-1,15.782109937122355,0.03765527977667551,-2.7496054680696758,-4.2157724388585285,-3.76795437270113,0.3801617196032021,-1.9191938756920952,2.601708260155538,0.6632393257856929,1.0197092861917836,-0.015382604967734933,3.113455152276065,-0.5720889822403616,0.6602834656997957,4.808570323019599,-1.0412880526236594,0.827530839109297,-0.8444519269931843,-0.4049909737189669,-1.0592494239650854,2,13893
GSM7890836,ATCGGATTCAGCACCG-1,-6.451086488101143,-0.49745699361709733,2.101810608266743,-5.019825401553421,-0.9388385262650787,0.35968514880166,-1.3032474198478556,-1.3081658881370088,0.49206638238316286,-0.5220305811332293,-3.94375829367093,0.5791269480433325,3.295011427767307,-0.15329859829850545,0.7666059950947746,0.41877618952037704,1.1142748229566153,-1.1999877069070488,0.4340230696893133,-0.42206077293651717,2,13134
GSM7890836,ATCGGCGCATCGATCA-1,-12.384526270467498,-2.2217766864024364,-11.464797265094655,-1.26360296362441,-5.197702714901614,1.7491539616109038,-0.4355814842221352,-0.6508616457894933,0.437450777972525,1.220754743182554,1.7192359245328874,-0.40152499481053383,-0.15503463926590935,-0.015503941704204795,-2.856893453171688,0.10001246888860023,0.7093457163748292,-0.03896562398420883,1.277345204668165,1.117523441607264,1,12573
GSM7890836,ATCGTAGCAACTGCTA-1,9.680006135432613,-1.0280801093844358,3.6968039136395365,2.948130483213318,3.4855850067123924,0.9934792764161968,1.353881158769152,-0.669358670538218,-1.5141753386179602,-2.277409522696784,-1.5931627181330597,-1.4480236965639837,-0.8397928762839064,-1.2436872485599209,0.5029876243438971,1.52671749729228,2.5776803048615906,-1.4101627528190748,3.6513860517991326,-3.2594466630681147,1,11301
GSM7890836,ATCGTAGGTTCTTGCC-1,-0.7190300475491427,-7.375866695215242,4.800467350885253,2.5631768978920544,0.8113817503164903,-1.479972338377017,-1.049312213170183,3.745995568640963,-1.3471611952885543,-0.35917187626336217,1.9913888862829239,0.6380010416052583,-1.603143964449592,-0.32727725966646154,-0.7616048773300259,-0.1771986826654585,3.512544121756632,-1.0364544050354216,1.7979524429930822,-0.4809416463277569,3,31109
GSM7890836,ATGAAAGAGGTACTGG-1,-4.8364133169373416,-7.640592224274295,-6.552899401149141,9.672803756834682,-3.648564439612149,3.2093317333438995,0.8286838918055515,3.1010391553367915,-1.4357181077517893,-0.6056293462150477,2.1851749735563484,0.4927430362648441,2.1992114496224806,-0.7731626644633292,-0.5805910918731146,-3.433741915442168,1.5343030576810262,-0.13269376324997964,-1.7434459376966935,0.23196147703077818,2,14770
GSM7890836,ATGAGTCAGAGTATAC-1,-2.023261092944033,-2.351840399229875,7.87120416533934,-3.5935267516501708,-2.9459532102156945,-0.9366309599228857,-3.140972455417676,2.6013696079054176,-0.6260603057073107,-3.4811732253810495,1.1031179722505908,-0.831873132605424,0.061800294250411364,-2.537800866574052,-0.8871599383108553,1.1315191303740855,1.3418232484608388,1.6692924955579482,-0.10728429444830014,0.9698752445504811,2,16585
GSM7890836,ATGGAGGCAGAGGAAA-1,-9.212628958333589,-1.190059824151653,-6.114779495731908,-2.2261366453837095,1.2253053788441504,-1.2908285022009496,-0.8586524292490268,0.20418568206729837,-0.7449872603265238,2.7285343625551857,-1.4893802874155861,1.0973571244435163,0.6287948607060053,1.2268146735951104,-0.21673916919825267,-0.2767086406808333,-2.374612739468532,-0.6907074933834675,0.43313042325469536,-1.2512907680393417,3,25577
GSM7890836,ATGGAGGGTGTGTCCG-1,12.681306717243576,4.5890809635360466,2.061090352979725,-2.2328240894647204,-1.6203919377866314,3.8686862777050015,0.8618558943554308,2.3406550484327493,-1.397561634026575,2.800937654928653,-2.0016534478082777,0.13907974273422521,-1.539885505469601,-0.42802830428405886,-1.2933044089567234,1.3080829329893642,1.6552518108686578,-2.20200299557973,1.6770486668015365,-2.218704497224523,2,15884
GSM7890836,ATGGGTTCAGCTAACT-1,1.422487717925454,13.78958640978064,-5.8746665093101145,1.0055665426764002,-1.25452125189862,-0.4171794924046022,4.483826724090653,-2.381043211678353,-2.17921486902992,1.2539253653349522,-0.7439398754834924,-3.1871285363059605,0.40980217166141175,-1.4024929052424768,1.7969461464703567,-3.474413320470372,-2.533821971287523,-4.045464603775285,-0.6057676781178009,-4.25950074092527,0,4822
GSM7890836,ATGGGTTTCTCTGGTC-1,5.0079580906103045,3.0485470456795833,0.753200493966167,5.61331122168763,-2.674282393961878,0.6455660165348147,-1.4468877375815292,1.7031786700253317,0.11201398472290494,-1.9531978389673776,-4.157190165037449,0.005475915723354528,2.8750436435788362,1.4701318721521517,-1.1390632725607306,4.181612047642082,-1.2981359976959597,0.6967473991729112,3.154905016044658,0.5788827955424923,0,9228
GSM7890836,ATTACCTGTCGATGCC-1,4.41422984329331,-8.52828746572091,-1.7194983013670493,3.4321435835530867,-4.179957849563013,-4.52475152300309,-3.316613008465764,-0.13287873864846467,-0.03778510944651917,-0.5676901198729949,-0.616367578450418,0.464323533972566,0.4614776284749279,-1.3425311241971682,-0.03832779883396192,-0.9808232985853946,-2.783763417444201,-1.4669523157195756,0.9460286200174454,0.604943723047348,2,15024
GSM7890836,ATTACTCAGCTGAGTG-1,-4.611593299034638,1.4248447225728103,-5.533562139452141,-5.487986404093742,-1.6184794472493378,1.9542183758980596,-1.0698457915776918,2.0425492636729135,1.8164353812365195,-0.990972239987837,2.17572330066031,-0.7039409124096003,1.979103520094531,-1.9864907238967722,1.3576462783094916,4.503419773452836,2.5175290502961905,-0.4460592303791506,-0.6129658185274469,1.079754340403777,2,17839
GSM7890836,ATTACTCCATGTTCGA-1,-9.946399331292268,-0.37637855757518945,-7.011238043590034,-3.883451625862615,-3.3048553705746864,0.7138209304908356,0.05989262743897917,-2.3146974587978404,-2.557251987068119,2.3941617317616104,1.383152726406884,1.4707211174044301,2.527132294380622,1.313144668190557,-0.5479566887204932,2.5163835365082106,-0.30555032874295995,-0.2931504156496137,-0.05239056140274907,-0.12528375565040423,0,8410
GSM7890836,ATTATCCAGAGTTGAT-1,11.285362352995751,-1.842704649096461,-4.360838963781424,-0.8029661163904664,4.855455328132966,-3.95499792286019,-0.3124026996645227,-1.6865241253343306,0.1546593481182245,-2.776923702108241,2.281753326012088,-3.868661161234361,1.7546938468604907,-0.296358791124071,-2.431659334466819,1.2802553168700295,0.9796109639675482,-0.5699895367822622,-0.37519991932295915,0.9281280994502126,0,5576
GSM7890836,ATTCACTCAGTGCCTG-1,-1.4425563787239766,-3.851065350626979,7.610052356213683,0.22121987707233828,0.6673527261069154,-0.5028072922895978,1.6389730432742655,-0.7908405839886469,-4.725430393228942,-2.2610123222451857,3.433323510667206,-0.1332433426384533,0.8696928303192476,1.8929656293377337,0.10130072776128153,0.5470677656078722,-1.7620549538704977,-1.9616075261932608,-1.1786531310107795,-1.9966545683110266,1,12729
GSM7890836,ATTCAGGCAAAGAACT-1,-2.350318265452404,-1.1808077037190312,-1.4202568459834082,2.3019962015264714,1.1667685078755572,-5.3094870858101055,-1.4033381647825214,-0.7045054956288875,-0.42061782438500767,0.602079855111564,-1.5057630920756584,2.4807888551813417,2.6187746624138604,-1.2290393501261954,2.354041593702208,0.20853488569768616,-0.72132564141013,2.19517746778202,-0.460678545743886,3.2094280939157835,0,8424
GSM7890836,ATTCATCAGCGGTAAC-1,8.328015834349017,-8.816368942237238,-1.0473389713737242,1.2032551740927053,1.0327107339361612,0.7683034784443782,-0.2749118269380397,-2.812833952600498,0.6516151253999745,-5.034258092255138,0.17139698952629248,-2.0224785791978133,1.2780598838555797,-0.8632205541643796,-2.6003044486442626,-1.3425714663382018,-0.3048789703430044,-0.25710878162649514,-1.4463566906491996,0.35429101663764984,2,14866
GSM7890836,ATTCCATGTCCATACA-1,3.4261764868539863,-0.1303054283219161,-3.483807419318029,5.522460926372767,5.948735268361573,-3.3309763972691946,-1.9322744898973965,-0.15306911065115578,6.310261141860522,0.5705832892628783,1.5406795237424311,6.268226351993645,-1.976648570910371,-3.1229100425822023,-0.22514786790770983,-0.8766879104278638,-1.1689145854091056,2.3009235056323267,0.8022791790069701,3.9377849881427673,1,9840
GSM7890836,ATTCCCGCAGCAGACA-1,11.942956081159538,0.42260569698082107,-1.4777418206430812,-1.1909203250268277,0.711319929477957,0.9883873184395985,0.27461034744831253,1.4524241164583502,-3.6449940097207354,-0.4927001361183676,0.13667566903625453,-0.24486298740115178,1.3582090051409776,0.4220717839236494,-2.0370507960540754,-0.32201587375704827,0.15397942842726609,0.7312208526481985,-1.7113397954728518,0.4880974267606296,3,18620
GSM7890836,ATTCCCGTCACCTCAC-1,15.83452945534374,3.921486891121839,-6.242124272120258,-4.634386924976437,-2.063179188313138,4.127789972601571,0.26547296214288363,3.022747270373213,-0.6715972361081906,2.755310641263828,1.2592651674828401,-0.046748578270333775,-1.1583874245870318,1.7471162424928488,5.249049100694873,-2.841074249076065,0.0413609382413915,-0.7409309958115331,-0.2997705001094265,-2.3994351012279647,1,12040
GSM7890836,ATTCGTTAGGTCGACA-1,0.4044769076257766,0.5111992580811967,4.301386584581215,0.9963736062844657,2.341046995140992,-2.654664750164652,-2.452130601562406,1.1243965340831727,0.9240439520844905,5.763432332559305,2.3336201848323634,-1.6261517854724774,0.20045637488682416,-1.1574147651542845,-1.9739883736047683,-0.7994690058629096,0.8378566093498325,0.14755730308051754,-0.3627425498257002,0.9936512965520381,3,18700
GSM7890836,ATTCTTGAGACGCTCC-1,2.9657923607620384,-4.760835902464761,2.9888084703279105,4.67567799881025,3.6676304949100738,-2.259363691601002,-0.9503939807445877,0.7082869567141981,-2.7558957120233263,0.941602608631003,2.3415092299210136,0.5742072491405837,-0.3449032460827369,-2.5651704704031766,-2.125104485871596,0.6698453243284755,-0.33695136444335944,0.2185532361681153,1.362880012710044,-1.107666290280115,3,26218
GSM7890836,ATTCTTGGTATCAGGG-1,-3.4488616577365443,-0.8737312675664224,4.093002913969131,-2.6374927596874875,-0.6933177929127817,-0.5919200918843412,0.06346832818929801,-1.4850626216073837,-0.01867657466802849,-0.34832863313243306,-0.054414532785868996,0.6659434594884899,-2.792540316481353,-1.2082492418528434,0.9077908017222365,1.060456244404727,0.23981620357346653,-0.012153354447730124,-0.911791204152767,-1.2617970131594405,2,13314
GSM7890836,ATTGGGTAGTATGACA-1,13.667848264401158,-2.2388138342999717,-5.07203270256545,-4.953743991788877,2.1261170886601666,0.18480273301260366,-1.3534915965320693,-1.2061161525914166,0.010309758026111884,0.2836415658593925,1.8377580518028218,-1.0773278153515813,-1.8575655329923761,-0.20010569914105458,-1.9688329963952274,-1.3936627132008232,-1.3241007554117772,0.9718601789331489,-0.18723662795316934,1.3364118376717804,1,12998
GSM7890836,ATTTCACAGCATACTC-1,-1.129841023206874,3.402505276523512,7.4100345086825055,1.909938246458967,-1.283429847995792,-2.4637682801411085,-2.662995374028812,1.2558075691570718,1.102454441829297,4.3402253028961875,0.3599555228173715,0.3504500669144625,2.751242640665101,-0.2496163411878183,-1.4551511733633933,-0.6781623838557805,1.1373250312283716,-0.506469372720407,0.3397659553883102,-0.03165718053367509,2,16187
GSM7890836,ATTTCTGGTTAAAGTG-1,14.208560572092104,-2.307668502592841,-3.107568291315579,-3.6477843926929876,4.491118022962356,1.5629356573895772,0.9880235381987463,-0.9649304000091495,0.42199402124190033,0.4306116693800263,1.5265675707484472,-0.3246810105079413,0.4981638805208351,-1.3794845718125646,-2.1644152821127665,2.330012422702096,1.6184756388716564,1.107923487070355,0.20601734690145024,0.7384315128021504,3,27552
GSM7890836,ATTTCTGTCTTAGCAG-1,2.6482523717101465,-5.687546014691961,-0.7437445895241791,6.753190306228911,1.8178310828894244,2.772459188232554,1.067645270328686,-1.9736190234457391,0.5959379926716762,1.132875978693281,-2.8075868648815705,1.4909042557498502,-2.212813256825523,-1.4004716957238765,-1.4162080301350248,2.727727279678096,-0.9067882993656181,-0.22142360639982198,-1.7892821505777752,-0.6064706057647309,1,12023
GSM7890836,CAACAACCAATTGCCA-1,-8.315172672207762,1.9607939267070662,-7.926931385097845,-1.4208490911404774,0.27372302715589514,-3.123061763681508,-1.1725775489025883,-0.558747289581123,-1.5000066385447424,0.8992507902332144,-3.3200831619423337,0.44590806943508593,0.19902711496520037,0.1138446706477608,1.3965554823422706,1.5668053097062593,-0.882563873325994,0.7291266405848693,0.732526955924081,-0.6779598397715425,2,14970
GSM7890836,CAACCAACAAATGGAT-1,13.099054610662803,-4.660218739800697,-3.931765938335389,-4.037212354882852,-0.1322929279271238,0.32840020121436964,-1.5982263893253237,-1.8372202348333815,-0.5149723205250342,1.1535459250804692,0.8312896806162123,-0.007812400200666311,-1.8526774332368061,-0.7234886222403546,-0.9506481196201892,-0.2611390333567109,0.24289198718995084,0.2402552921556608,0.7265857846585102,0.6223609362417237,3,36500
GSM7890836,CAACGATCATACAGGG-1,-9.828576940454422,-0.7510515896665197,-6.090447954698435,-1.2884736082345531,-1.064044541047594,-1.5808007479766617,0.306724656959392,0.6114440142294891,0.2624684630018371,2.526025872815058,0.5069380105260565,-1.707798785096722,0.13028312082476873,0.488681248109142,-0.8384335730345762,0.6699942176872301,-1.3116009633237176,1.5478783825128861,0.07270774175610115,1.649844653602811,1,12148
GSM7890836,CAAGAGGGTAGCCCTG-1,7.0680582590278025,0.1401827173429679,-1.587785764945634,8.710948253938987,0.6768342073020259,-1.8096293735520095,-2.938819129933816,1.0694747317371007,3.054909671738426,-5.456181689172399,-1.6196581126480791,4.7179116213021155,-0.073136860063311,-0.24210420748110484,9.181812984953169,1.087494070265475,-0.5637739261227241,-0.6121515345209207,6.074728363215942,-5.666143478497767,0,4823
GSM7890836,CAAGAGGGTGAGCTCC-1,7.325309052924085,-5.749556763213955,-4.54610063521786,3.975431024112472,1.0132317980705197,-3.5387245270646095,1.4217652947829738,-3.298500497125858,5.545887836556515,-0.2892566139835115,-2.1432845325410144,-5.374275319305897,-0.668279432742638,0.5094866692414859,-2.063026175635715,-0.3390985477813459,-0.476987203407168,1.2094545832925985,-2.8282577836425813,0.8780964157568005,0,7978
GSM7890836,CAAGGGAAGAATGTTG-1,-7.76887273777937,7.5033760661172995,-2.9174060897099503,-1.572658771193551,1.5783879891834454,-1.3208142659304323,2.6055441620593736,3.257432378349415,7.034843143352975,1.9804498642844348,1.7206663673090064,-5.605593233448234,0.10665281707335933,-4.974298015892371,1.5216163966164928,4.173454391785242,-7.7577855625389835,-14.256591501287145,11.704313556224278,5.958981696503877,0,2800
GSM7890836,CAAGGGATCACTCACC-1,10.548502264691932,4.165033534207754,-2.7884589410481415,1.6044310085594469,6.413142388084705,0.6553387972415796,0.503639898924149,-1.4296911686576321,-2.698654760310393,-4.548612851848183,2.0967802362029304,-1.1808828670291813,0.6167786561328954,-2.043365277565659,-3.443251870420354,3.134061059690633,0.10254118220526647,0.22079335514960258,0.7673927551712204,-2.0908536589193116,0,9252
GSM7890836,CAATTTCTCGCCCAGA-1,1.7315689963103875,-7.739270366992389,-0.6130544638357319,1.3442132664607485,-4.099376617574659,1.4448806811737522,-3.1389723056672607,-1.4847099021394101,0.6811002887589108,1.8898273472525908,-2.9274163780117584,0.10862625829416982,-1.9039626426831033,-1.051484914867646,0.6507366748953127,0.1215147788959976,-1.0481980514067268,-0.1637111396551116,-1.3541618174320191,0.46257974523057327,3,38727
GSM7890836,CACAACATCCGTATAG-1,-10.368446485856024,0.5145143178856219,-8.581013907406902,-1.506261795902014,0.01419359996434426,1.286212062763082,-0.5270194765990007,-1.3633907362745523,4.030762924196761,0.19492510408061553,-0.4311910917771482,-2.718768101037078,0.94892653748211,6.1797720187857585,-0.33783641614637655,3.6024037109987077,1.704216856511152,0.05646811835489346,-0.5764465427399279,-0.14214660703170404,2,16581
GSM7890836,CACAGATGTCGAACGA-1,6.076477346849843,-7.437538774771677,0.26011120684755,-1.1086007222164487,-3.4378542327092156,-5.247097577354152,-2.553620466834426,-2.2561641783352995,1.4881715973521221,1.4179679811227575,0.04746363596094076,-0.5611724853427127,-1.8694364389682387,-0.12995572973180494,0.9830391797751314,-0.713301732620449,-0.3158738193704708,-0.03643494970052068,0.1251846673707862,0.10140530810358507,3,21387
GSM7890836,CACAGATTCCTAGCCT-1,0.7301016788437606,4.285536215198752,5.637514173301213,-2.6133536635588874,-5.764563026316229,0.8398582198521053,1.6115623426065662,-2.0838886157689482,-3.6926323785622364,-2.181332607486572,1.7427773516745433,-1.0881485953666874,-3.1033565631686155,-1.429585886731384,-0.30851232713294796,1.1917507924391186,0.42422129776866985,-0.9062437799000328,0.4431780218308106,1.265881097278883,2,13193
GSM7890836,CACAGATTCGCATGAT-1,11.791812802471158,2.3249344954805116,-2.2710003149988176,-0.3160504550738257,1.0088854901355622,-2.7666564392764057,3.1221222938070228,1.9586975866726322,-2.1776204781830857,-0.6155003226561376,1.6756268282123248,0.2972741948215386,1.0389619686485874,1.3678840204551,-0.8499841492245338,0.30926886986486735,-0.8760995492299283,0.5298341230149997,-1.952130443513427,1.1777212661180299,1,9883
GSM7890836,CACAGGCGTTGATCGT-1,12.486481078325014,-1.813138231734886,-5.490263499217101,-3.6465063861120997,0.30005860253063704,2.0735858826215825,-3.031476521825293,-1.4080120524043207,-1.1354961286782261,-0.5193223374242707,-1.1140981009269093,2.7961938219366274,1.7641529674636973,0.28110371394805383,-1.2544864443443273,-0.07674723862300452,-1.209618588578186,-1.3972965978052403,-0.46594042990579987,1.1205698570240394,2,14284
GSM7890836,CACCAAAAGAACGTGC-1,-6.933411614354973,-2.810210608770543,3.849545926850354,-0.4821365395736391,1.6172332490957002,0.144737547292832,-4.053921075354552,1.4031835619742707,-1.1224130688830487,-0.9820517755783783,1.2771933549177124,-0.5283305090636773,2.592386341869615,1.761611845941158,0.9521194670682012,0.3359167123799926,-0.7027383480717905,0.3621444715669885,0.5973243501480855,-0.9804671636970884,2,14800
GSM7890836,CACCGTTCACAATTCG-1,12.984070498090086,-3.9946519450963303,-0.7881009380990557,-0.341859003522525,0.6759103671696179,1.4913876550810523,-0.6370212078828286,-0.10942459357364767,1.414478501493531,-1.3929148855907878,-0.554644494432228,0.9150516659777871,0.24306243274792905,-0.39477323139449355,-0.5416312977006165,-0.12327818832889981,-0.2178095439566884,-0.11347998927297684,0.33683022397165396,0.10801039056409661,3,34108
GSM7890836,CACGAATGTTGACTGT-1,-8.526676186337836,-4.737925864564192,-3.433843504272384,4.149291856999253,-1.3166577296774855,1.6323625962158788,2.8903421276558134,-1.2672587081506161,-4.660706983905436,1.9280349658395652,1.4170601573676103,1.2650026232023597,-0.5753507126445712,0.2487799689376932,0.25293624612545773,-0.6821012802978905,2.4445319048669534,-0.7973130612718349,-1.9037452498793255,-0.9146862916409695,2,14062
GSM7890836,CACGAATTCGGTAACT-1,-1.2645325614831808,2.972871354340472,5.110510892507233,-0.1560403056065524,1.743247945539213,3.5746992780797266,3.5301168529622498,-3.6048289110967042,-2.1092714980094818,-0.5851099184937845,0.8777469877123077,0.7999909882557305,-3.076812963873748,-0.7160164271141183,1.9846123773978543,1.2168650271912835,0.40239608377632097,0.2093539089008139,-0.7771291296668723,0.7194261501398113,0,9137
GSM7890836,CACGGGTCACCGTGAC-1,2.2146605866691296,1.671774423288268,5.100134706179141,-1.9056550447725202,-4.377495675039711,-4.975282158740562,1.8770188327727564,-0.059679158907881794,-0.7152480977704057,1.897213972615452,0.5017050664887379,-1.1894067075961496,-1.5405743463023116,-2.1373942177942826,-0.7103008127599497,1.4553366432606591,1.0461314759567582,1.262381237813815,-1.349976391947796,0.7480074274591432,1,12887
GSM7890836,CACGGGTTCGAAGTGG-1,7.948459176758909,-8.387406499866122,-2.9442003568774755,-1.8551032740105506,-0.11653064134684032,-4.14634702620003,-1.3437840660434153,-4.049300559165451,1.2285482776236853,1.4263921765543592,-0.0024195080010402,-1.005041253993553,-1.111673965236442,-0.6962737274114394,0.6032059800324815,-0.5812467634548975,0.9879070984080117,-1.3572963465850265,0.6955310567238938,-0.4815546892290946,3,20225
GSM7890836,CACGTGGCAAATTGCC-1,-4.8830642349724425,-0.7798836135143091,2.7498069447229234,-2.126115298861174,3.136595212947884,-0.7954145971301788,1.5941172606509217,1.9743208387834978,1.3532022750549562,-0.7126841418844765,-0.5026934698680419,-0.18073916469594553,-1.9420131184924063,2.884312781311063,1.8558735357566298,1.5115219041605057,1.9633967112456863,1.8407412909241476,0.03274626697774856,0.7948213671172507,2,14346
GSM7890836,CACTGGGAGACCTGGA-1,-2.7779013801467056,2.4965709164874625,4.418597560289026,1.0575008722363415,1.527051978684107,-5.135890371285645,1.3869068413572756,-0.12099166060177226,-1.352264516912201,1.2754439232541523,0.7556789674518802,-2.9426698086067384,3.8443239030194345,1.4067045615487874,1.3437229514731643,-0.8437875913724157,1.635075071212899,-0.4962880881787405,0.3066908347918161,0.2571197332104948,2,13244
GSM7890836,CACTGTCCATTCGGGC-1,0.7827312126924006,-0.831063565459109,3.4663310840662493,0.6523470568227373,-0.10850950247016035,-1.5652565026532224,3.4909519435165914,-2.216887533042369,-2.805442127153313,-1.884418239712471,1.1020201344437388,-0.42243483395335224,-1.3645912723080404,0.6240651734619963,0.5382436566485863,1.2385445964843438,0.23650483445922302,1.096817350796219,0.22571685095271118,0.46100667205499046,2,13515
GSM7890836,CAGATCATCAGTGATC-1,3.556432690920443,-1.1238242283330864,1.1582602130828308,3.532377699609028,-1.6065870723512152,0.2658740434222885,-1.5583971986576217,-1.8383495425816592,-1.118000382372228,-1.1146344426589356,-2.0900473424350077,0.8046988157837048,3.747409145502177,0.9751372265512595,0.690099622647764,-1.1133391512220518,0.7414819300058021,0.6205024017463038,1.5732567088097624,0.7482739868405521,2,15318
GSM7890836,CAGATCATCGCGGTAC-1,-13.773144571864764,4.067662515556825,-8.348271965443736,2.3444091453064253,-3.1360450206041035,5.056501579558626,5.463855775064267,4.597857733171728,6.06144038016403,-5.502162491363934,2.2654375124228228,-0.5387808955207466,-0.4959072700211007,-1.3949200926811842,-0.7429735650499221,-3.5755999390495288,5.681766821355224,2.8084430020286217,4.92292638411395,3.0442730252398222,0,5307
GSM7890836,CAGCAGCTCCGGACTG-1,12.590928931175323,1.1080485694829179,-4.023069012462954,-1.451174471317344,2.5628642425607384,-0.20856985118722177,-3.2498290719125613,-1.068413784899049,-2.282737121603793,-0.8632077007110023,1.0000108345344527,0.3874844087238909,0.07431752785031988,-0.7458221970240952,-3.3504314178808436,-0.14578618654194622,-0.8129732727733744,0.3873290871823927,0.25861520102895713,1.4060626290198697,2,15771
GSM7890836,CAGCAGCTCGACCCAG-1,-4.813772389019907,0.9876626753882352,4.149506477183671,-3.352120243322134,0.3465538646115959,-3.375981112571335,1.8073800837824796,-0.0344341882400964,-0.50609388783574,-0.8748826687487948,1.0718961363382382,-2.9124514566915405,0.39153953071042863,-0.8168781378683313,2.658141770227789,1.168596800265461,0.8343450303207699,-0.8626561918853191,0.12397838557697181,1.862490406883762,0,8317
GSM7890836,CAGCCAGGTCAGGCAA-1,-7.193923998315037,-2.3399093810527756,4.299794899729799,1.9834907670788542,4.12125301962367,1.4078106722713124,-2.3221806281039297,2.805519026429872,-1.5790315754762982,1.0523035693344691,1.6536775943696627,-1.6926742213139518,0.1705931793293271,0.16490729732929152,-0.3101803662222552,-0.5970800851727446,-0.7276480413172269,0.5089670664860008,-1.1063390256449785,-1.7997259783750101,3,24112
GSM7890836,CAGGCCACACGCGCAT-1,0.1396011012023171,3.7764560898329966,-0.23927410687189707,5.001245636244054,-1.01099073896324,-1.3633402339310858,3.068772229977832,-2.1108044445791814,-1.6172940307588266,0.5645684895863896,1.486257177234698,-1.2919998436275866,-2.1643996162854213,1.4798678960491733,-3.352509217526039,2.090886831931501,-4.1556579498265,-1.4011709931847762,1.3443203403295425,1.2729916935931846,0,6469
GSM7890836,CAGGTATAGAGATGCC-1,-3.6741847832429926,-3.434771336174746,2.9218427276350636,2.5565211340613723,0.25530304374553486,1.68864268709441,-1.0848400528034667,-0.039168215819202365,-0.20882516512243451,-1.2326655640331663,-3.569519639215042,-0.6570981558201633,0.9795475441145586,0.8572480128953638,1.487368987465649,0.6112340712305315,0.6256440433194337,-0.2905669075242254,-1.2428949987373987,1.4315707854638402,3,22946
GSM7890836,CAGGTATGTTAAGCAA-1,-1.9463594474436918,1.8047744729419322,4.712376845568766,-1.9934003431999836,-1.6139586752698127,2.536920154911326,0.18051055066886068,-2.9030307215349795,-0.3171524788899443,2.1582427056755407,-0.5787447407383765,1.689367765612049,1.1965455071478877,-1.6336875073240027,0.5300434694231514,0.27651101100679454,0.942513915579277,0.24602875106150682,0.154521815355382,0.07784022760083933,3,23086
GSM7890836,CAGGTATTCTTGAGCA-1,-5.480625958110736,-4.122057230690105,2.9752488848903456,-2.877180206803354,3.3104524092260275,-0.32392069571505155,0.15758753266991962,1.621332925684339,-1.3177652162491966,-0.8942763949536758,-2.9430069689557126,-2.3919250856792442,-1.4819705046012175,-0.8111215663908211,-0.11428490061457638,-1.8181961291091981,0.9790563040008895,1.218132344447111,0.5009921555746989,0.034577949467688,2,15847
GSM7890836,CAGTGCGAGAATAACC-1,5.002183394505315,-9.999910755804985,-0.6682375136617902,1.6023062446463314,1.348960914924944,-1.723874181497889,-2.8327825179805917,-3.511242768194468,-0.7669193784232456,0.03358161587521321,0.13189128336189446,-0.5683783755985844,0.6565023587043164,-0.6683077429930474,-0.7848298497670081,-0.320977269578151,1.3005546390553597,-0.7026787746796985,0.9876635605507331,1.1952431676525899,3,41610
GSM7890836,CAGTTCCCAAACGTGG-1,10.912043791724408,-2.1517164104444553,-1.982516626545476,-3.191268896709814,-0.9439737034881213,-0.2296215937943252,-1.2601431465641921,-2.2300172704367984,1.2896437452829208,0.3476917873914622,-1.1104544932989275,0.6042539848251582,-0.37127408316829735,-0.3718247760932691,-0.8467619560976779,-1.408207215309254,-1.116582059773829,-0.5925173976769506,0.7700750103528791,1.3751438919180268,3,26228
GSM7890836,CATACAGGTCGTTATG-1,2.2725554886759034,-5.457355223334159,-0.2541540868455806,4.382959254924782,5.265049768887482,-0.18115001916198079,0.7624766317191877,-1.5060673507470537,0.580941501471957,0.8014469472184288,-1.9052153909689025,-0.9267214224419564,0.7487777734761161,-2.7912189597989308,-2.2281102543115106,-0.24404841977676878,1.3826190719484763,0.7450705982589957,0.6142369413000681,0.17739801933400817,3,19839
GSM7890836,CATCAAGCAGGCTCTG-1,-6.239281709962444,-5.149505160743243,-5.0848941922641,3.664980299328328,-3.42208946572931,1.1959275550180937,0.4013335220555191,2.7476852655181596,-3.246759683139944,1.146600186246203,-1.0301116530776313,-0.14680284808223454,-1.3461863612208393,-2.070515231211994,0.9960049806465678,-0.6964052891360261,0.4574025153433847,0.6024807561843049,-0.10034761398686187,-0.15165350831532315,3,21242
GSM7890836,CATCCCAAGTGCTCGC-1,4.858478007993848,-3.722546984093678,-0.799099906297263,0.7585521063694683,-0.20313598297781066,3.0285790155108,2.650506084206248,4.568798734649659,-1.0006066001520066,1.535971509990368,0.9903402169468616,3.0010014355552492,-2.379984470849104,0.6800819408490766,0.9999928625238966,0.5532946285376432,0.8005916193880719,-0.14561895098504304,-0.08436710996361141,-0.6526829928094215,3,26770
GSM7890836,CATCCCAAGTTAACAG-1,8.100861712287413,-1.3481888162149394,-0.815006749282804,0.18315312372926948,-0.4248470538865675,2.3437834939067574,-4.190394051413691,-1.386313718269356,-3.015688767491763,-0.803100542198461,0.606053981934724,-3.868418688597544,-0.07213797327793216,1.225799254739335,-0.5898458559627181,0.6851665107372805,0.1400539926761383,2.119674972849387,1.2765303514556634,0.04557062675018249,2,15626
GSM7890836,CATCCGTTCAGCGCAC-1,-3.905626355255594,6.687958959903874,-0.9484882264047649,11.430886759307024,1.0806512191330242,0.7441831759857449,2.74270300424917,1.7551193594891155,5.751400281214828,1.6379721214039427,-2.905393172619508,2.0345783404980087,4.1035361497240315,2.153973028727326,-3.2377748808145044,-4.858842338631435,-2.9295403474870527,-4.151553692780077,-2.627971248575587,1.3176932337255303,0,7320
GSM7890836,CATCGCTGTTTAGACC-1,3.1370575842763597,6.184861987329591,7.967117005205589,1.656594757667885,-5.7816437164423595,-2.785011749537543,2.4436106530013584,0.5969346294314333,0.29510306723116075,1.4040743910837614,-0.33636447272287306,-0.8050541287704988,-0.47945478655480017,0.36543990092187256,-2.465482367082977,0.7443515775248006,0.7767666955825109,-0.6351835012335779,0.7680580502072853,0.4847597459443463,0,9557
GSM7890836,CATGCCTTCAGTCCGG-1,1.388031555933336,3.3896630182388963,-2.324573885656664,-3.604138819568285,-1.2427702609670188,-0.6834452846213803,-0.9395077117167029,3.814400641841738,1.423729981750847,-0.19802014791001338,1.7868373069082353,-1.817867942353926,3.545480235670056,-2.9363694909943394,2.5022764063467724,4.532482799689116,2.9714142828758776,-0.661798879917339,-0.3918123385963299,2.6619999540674817,3,32122
GSM7890836,CATGCTCCAAACAGGC-1,15.380444222263119,-4.8160699641971485,-2.057315451457218,-4.0539707815855035,-0.5282906999373466,1.237434875768493,-1.2979624322131529,-3.6718810121316596,2.7714621105459845,0.0691492890318399,1.138056051892358,1.760261019592599,-2.584902668358378,0.3625337371654892,-0.9276365299476946,-0.834570965661749,1.1239740291101799,-0.05118993398575326,1.1712104385102933,0.3321209184951639,3,22417
GSM7890836,CATGCTCTCCGTTTCG-1,-9.298051892522261,-0.1946102421868808,0.6106845282652221,-1.8661097146269567,3.2672214327000475,4.3113837044074605,-0.6720444735339648,-1.4757339592446184,0.06360839739652498,0.5209823632508479,-1.955557269110931,0.5646403087978861,0.9749965988658797,0.7155339273155029,0.9267129176190855,-2.8208832770810544,-1.10501149471383,-0.7217837833275961,1.4783157883847104,-0.9349115337665995,1,10216
GSM7890836,CATTCATCACCCGTAG-1,2.00686932173132,6.6158238970305945,-0.473253836203201,0.8908296313203696,-2.658026605718748,-3.4694080635671707,2.207657034621177,-0.6828918089027474,-0.4816061100528339,1.3067927292706272,-1.5118537236394134,-0.9258510331056343,-0.2849256403650187,-1.863948540531879,0.3485691630978358,0.03336653366780758,0.6810497438334503,1.0314144716471116,-1.572954243322582,0.20400034361645816,1,11688
GSM7890836,CATTCTACAAAGCGTG-1,14.217781065350792,1.3105441356556096,-5.1080715497051745,-3.2874058369297767,2.7570922876396593,1.4481246001597616,3.109556189893158,2.4169486524142596,-2.9032689126641515,-1.5385130489305539,-0.5654493113158368,0.5976456339093222,1.9819638469098257,0.8242955131145987,-0.8098533802694808,0.8783259642668557,-2.210399987647775,-2.111597626457283,-2.2119049974127285,-0.687949564630609,1,10441
GSM7890836,CATTGCCGTGAATTAG-1,-5.204729444771754,1.5845274190488419,2.7907945139039017,-1.4330467992449127,4.162301665896911,-3.111174025676541,1.3710232458065659,1.14107658922346,-0.9288255210651555,1.973943765808428,0.3645568922366883,-2.6162485309609402,-0.03350631643475877,-0.4021863750111897,0.48365012098070365,-0.16229473421796067,-2.4484858171040136,-0.02342061964965292,-0.7755862486531906,1.3517439064280352,0,9496
GSM7890836,CCAAGCGAGCGGTAGT-1,3.3527671284998166,-4.126534532901968,-0.6084174170063547,4.870972666103374,1.111142748878195,-3.3196580068761703,2.309348068664792,-0.9971379703384398,-0.5811080806294574,-0.14041735288924162,-0.39094221354595915,-1.361335145930144,-2.9119016124846797,-0.364760092775853,1.3299580472391992,1.1219942556450861,-3.690138874183165,-0.30753924858472204,-0.2319193964719428,0.6605234785751367,0,6217
GSM7890836,CCACACTCAGAGAGGG-1,2.2013848461470085,-8.687633757469197,0.7936517881767481,1.2636662509005876,5.084761779874539,-4.614990063189052,-1.4024884225417182,0.5963186264119693,-0.47959025312257497,1.4878680320983275,4.105843020300543,-1.8139482052549858,-1.664293211732316,0.033471551149653826,-0.7001157989706611,-0.3642274392530551,1.519674422543343,-0.4437646405860718,0.025512636318013784,-1.05573991630944,3,25955
GSM7890836,CCACACTCAGGGAATC-1,10.325219163793795,-1.4922914176193318,0.9597331842211037,3.6192606755882406,1.6268814991502683,1.7359888117880549,-1.239325853703388,-3.40299670531798,3.1612746888558063,2.0484038455219165,-3.4295478219048476,-1.7337288659801104,-1.118246803646163,1.8040835549012364,0.6833017685123782,0.8552198264989578,2.848926783470677,-0.7348747207248687,4.128070667776269,-4.192283169124004,0,9313
GSM7890836,CCACCATGTTGTAAAG-1,-4.71042762032272,-0.8064402884606487,7.277510559757858,4.081115103719114,2.65773499281269,3.1550299667991366,2.56700840751648,-0.479180955996169,-1.121578370636937,1.1369787691909152,2.991505926848659,-1.383254869204285,-0.10554166247577192,0.6687577538759385,0.9845463113474294,-1.4240654607626169,-0.38760844653014404,0.263837703245646,-0.8750183102022336,1.5475042545596458,1,10999
GSM7890836,CCACGAGAGTAGCTCT-1,0.9076497707049986,1.3302098763517989,6.056795917117098,-0.26809062958458807,-2.3533986710215102,-2.480633886670939,-0.9684065054662441,-0.39081784920052876,-0.8144157235451454,-1.3855363556142766,-1.0396601069036875,-0.24557005185618747,2.0853219105109786,2.330487139260377,-0.5191991423152955,0.6851133220888966,2.167147861227487,-0.15544490394743804,1.0485655570033772,1.1830003621854448,2,17401
GSM7890836,CCACGAGTCCATACTT-1,4.986494293642168,0.7359431609869669,1.0710959386184955,3.292310584574609,0.7397325698195039,3.818354884356674,1.1531352706361815,-1.3303553254922256,-1.495195460796675,-0.4581021379918888,-3.2898684106525686,0.768394236389617,-0.937146822379227,-1.1485882896866328,-0.02661328309952805,0.636104973914622,0.845546713939262,0.07567314746316095,0.6995730173841554,-0.6734462673072074,3,25017
GSM7890836,CCACGTTGTTACACAC-1,-9.133864301949254,1.5310918651393217,-2.9241579997497165,-3.3510877936466836,2.515584606658656,1.7636970187675522,1.6728442175007259,-0.6608787925406464,-1.9886358094432492,2.279248332404008,-2.7706525387502707,-2.150904460917305,0.5260022239530776,0.9679343801011216,-0.6669562859472565,-2.046601455181464,-1.7257296741392272,-0.9197569515654346,0.06928144526729207,0.34964157009023616,2,14752
GSM7890836,CCACTTGGTAGAGACC-1,-12.657470114439622,-1.2054978719908624,-3.2597307156133537,-2.201804231410809,0.6560635154766339,1.551237686206683,2.628640285187275,3.3170033984311913,3.7312467234605062,-0.4792954734389148,-1.401474613983059,2.2000382889491332,-2.7837576998290703,4.203499331017806,-2.599146401322854,-1.188417769878528,-0.9409470657695534,-2.561589687060328,0.6222542491659017,-2.529613357758263,1,10200
GSM7890836,CCATAAGTCTGACCCT-1,-6.824585688521372,-0.15198546065373464,4.677948122088351,-3.8348559115249246,1.3529282528490427,-0.3551291579880943,0.776970502120558,-3.23171755487313,1.2657400668883187,-1.7960355714789757,0.639564210162256,2.7956038321302885,-0.13176864505133962,0.44896470519323717,1.3762501577885553,-1.6868941135272635,-1.6518749207767207,-1.6257282222002685,-2.4983186397139856,1.1055041941289483,1,10135
GSM7890836,CCATCACCACTGCGTG-1,-2.755775832781151,-3.156786875915286,2.3638652620849716,-1.2916752261666302,-5.4154782439915685,-1.83545117718418,-0.09866243096777048,-0.7281397743223278,1.438209631706144,1.487411950136893,3.41405230176021,0.925237870572436,-2.0090648317822493,-2.411885094757757,0.343309771361222,3.8368774564894395,0.669847344515926,-0.7920789544849703,-1.1413774519712414,0.2928800771673859,2,15153
GSM7890836,CCCGAAGCATGTGGTT-1,2.257126319939569,-4.4709944038010665,-1.9765186410380937,5.248331970244923,0.9422237576380499,3.5522722731626946,3.3022977029698044,-1.4580854423681937,0.9128867064986875,2.875978895988985,-3.1834772758486483,-1.0694330752888184,-3.8865189522583745,-1.7691367494765777,-3.4469599214482978,-0.11726004190854054,-1.6390250338985162,-1.331569594684886,-1.3320852785836903,-0.7751889950865963,0,8191
GSM7890836,CCCGGAAGTATTGAGA-1,-5.815059633370246,-3.2805918891607866,-4.009008491590419,2.1831525280628497,0.5356718857129695,-1.1433219739305547,0.5553579349135118,1.365452361840235,-2.115632764062476,0.7211569359173438,-2.7649676104243923,-1.1579617668289768,0.8553037575237517,-1.3447980733009404,-0.21275824261575302,0.07432110564393517,-0.3255201176465989,0.8278546568055145,0.3020241042759926,0.5686236132314436,2,16303
GSM7890836,CCCTGATTCCCGAGGT-1,-4.086057036233233,3.6537103315117965,8.487744606566421,0.8987821951090014,-1.095111916860168,2.1011505674786526,-1.969276374100251,0.7628924618632257,0.3139092184586438,1.8889983306337454,5.374042162046832,2.1878606946789643,-1.7311155685211481,0.1559803297704102,-2.9471908628765355,1.0668282839748207,-0.960585330483945,0.7858931416376762,-0.3236114256249922,0.8288354284283398,0,8138
GSM7890836,CCCTTAGAGAGACAAG-1,-3.4852593324794277,1.4158864014566002,-4.167745036648892,0.732496358038024,5.194237758473494,-6.297596577308517,-2.472315467858285,-0.12362542034203158,-1.2750558206980467,-1.9021454962607738,0.19384224660187674,1.5486153791081547,0.8146265596778158,1.6361623792328623,0.2409689815153368,-0.13307656420958974,0.8184483533043121,2.271975811653374,-2.4870885877432687,0.40364586784808215,1,10092
GSM7890836,CCGAACGTCTTTGCGC-1,-4.127135161588717,-0.3761452315461777,5.698148040853588,0.4758293737417269,-1.386035388024976,4.435743009641355,-1.2874164308118248,-1.670508802510101,-1.8146496669547592,-0.4936235583453097,2.1061471085951347,-1.8148373627768373,-2.569567348440715,-0.45134922844697245,1.8444186066127055,1.0874013313041127,-0.8170039306568795,0.7735153746268127,-0.14968564358690548,-0.6828860837235999,3,18828
GSM7890836,CCGATCTTCGCGTTTC-1,-8.90319031438489,-3.6840231263216916,-1.0335171974034465,-6.132805024542799,1.8240538945162672,-1.894414003438594,-1.9177198173762093,2.467770236741174,1.4209100058151038,-1.7925656797544662,0.03236914137070241,0.13512411312909942,-1.4564556645979072,3.4753727256512676,-2.49681388349182,1.9371087826801676,-1.4821273154098822,-0.7818425857368938,-1.313624011760914,-1.383504586539069,3,21822
GSM7890836,CCGGACAAGCTCGCAC-1,-10.135664375690828,-6.941363133632664,-8.82209989427631,5.191960276085679,-3.1702585355848045,0.9675471947977884,1.9505430248684108,4.225534277923474,-0.7690619669977917,0.35503652879620146,2.124771386739822,0.5969494419748833,-0.28737686205856666,-1.426506513848213,-0.940164667594278,-2.0925716874793556,1.8005409631552176,-0.20379279118809462,0.11599489428859547,1.41043251578774,2,14078
GSM7890836,CCGGACACACGAAAGC-1,14.246569635907193,5.49688215155908,-4.4785283848357755,-3.9944413520099853,0.28603000945678914,3.4850362378942457,2.3999174707129236,2.859978303694412,-0.8413648800290419,1.6878132737448164,0.6811094782128313,2.3516395055400703,-0.3206300469501081,0.245296739999092,2.0169940801191397,-0.21420785497293143,-0.4016085980717823,-0.39167761764702563,-1.740188072476506,0.061805055064891846,2,13485
GSM7890836,CCGGACACAGGTCCCA-1,-3.1403220971156207,4.4733012584690774,0.7859444298270896,-2.646584549633271,7.790416626188424,-1.103776476469043,-2.8079165269998394,-3.8363211368617405,-2.6502751428827835,-2.2085034058323934,0.9230968121230828,-2.632157198893979,1.993101064603351,1.1469708454450553,-0.5509837415548097,-3.412103731398638,-0.6171256275827259,-0.7210037967507263,0.1262102488168192,-1.0137824761354093,0,6228
GSM7890836,CCGGACAGTAATGATG-1,-2.4694831643620097,-3.8097581879463576,6.6563241529142605,2.543266430102063,2.8621751228556014,0.4074772531737703,-1.301601544815067,0.4859445117707639,-0.7614499170041552,-1.3653643169307919,2.939203187441655,-3.5541188408297257,1.5965569684336143,3.7257121227632566,1.1757398480939043,0.3280793830806369,1.3718552372376789,0.34869530339238203,-0.32732003354124184,-0.9706206110250309,2,18355
GSM7890836,CCGGTAGAGAGGGTCT-1,-6.116516037464757,14.22103345422164,-7.210652899165144,7.515034689825863,7.920171513123107,-7.987778561165017,-8.321723153813581,-2.4610402730835874,0.0691154121481899,-3.904370890138178,0.15110077483617493,-0.2788605900888581,-4.545270569612707,0.9743401034576343,-0.9361042381534628,3.7154488349080053,1.5084126738169938,-0.5680421636253776,-5.317317373987727,1.2798662617511871,0,2081
GSM7890836,CCGGTAGTCACAATGC-1,2.4695761781939507,7.033869982077196,7.148093137051632,-0.4520690604894561,-7.516530072446691,-5.732400390488491,-1.4267461808718334,5.958515595283965,1.3324825354876144,-1.796036614263373,-0.8219589734159854,0.36093147364067474,0.045613889591234386,0.5429989125396975,-1.7440210071428688,1.2542507915673655,-0.6498268828194791,0.4875015916331751,5.074158173311492,-1.3411994403457863,0,6545
GSM7890836,CCGGTGAAGTATGGAT-1,-9.74754217941675,-0.7863235718357885,-8.942007855653141,-3.315246702746112,-1.631732194853987,-2.380943437605518,1.7133996178442616,-0.7484416776934362,-0.29807183472208665,1.682910508484654,-0.33642320220879585,-0.5465767219721891,-0.4110795214585013,1.324285037169608,0.07295603042691988,2.2255126024260194,-0.24175638202127808,-1.2448664651325483,1.3473038842371243,-2.213825951482929,0,9356
GSM7890836,CCGTTCAAGAACTTCC-1,7.278649025285604,6.63047417672333,3.2527297793878565,-1.811619821347476,-2.1784765076770634,3.3070100389685604,-2.3612240689688053,3.003193906257198,0.6762448817928765,2.8499872470785466,1.6314753244495421,0.722894814328198,2.607372913157849,0.5067439130103579,0.10660375355513349,0.35076937197704466,1.969785078561424,0.9881615268068784,1.534870125708806,0.10109572979175961,3,24237
GSM7890836,CCTACGTCAAGGGCAT-1,-8.529108500623744,1.550533382836893,1.6698858909012138,-4.280994794084645,1.4321926018564952,-0.6575823212159935,-2.9434349518306,-1.5516833136818993,1.9986397028279521,-1.2583671788233,-1.1798124254978526,2.8319531144324372,1.167754509764822,0.114113301126781,2.2153450610815093,0.4630836941442106,-2.2786169355400947,3.4722148714001495,1.3707054912883203,0.4924783843423686,0,6244
GSM7890836,CCTATCGAGAAACTAC-1,-0.8555941414539118,3.5858569601699344,7.667279928340429,-1.07629144448701,-6.185436263753025,-4.661166815436812,0.23226280825689224,4.346362395476677,0.2901010078740373,-0.5044778925723495,0.743801868415407,0.3390477631607354,1.3344345043682517,0.43260914001366985,-1.9529821914834538,0.925130492988171,0.49852474452794865,1.3831106738059855,1.1777286395465094,0.7235930541575459,1,11602
GSM7890836,CCTATCGAGGTTAGTA-1,-2.1260206574828997,2.2343096795798107,4.078705273477207,-0.552121450522915,-0.40675094168051845,-0.6763806493876794,-1.003789039171427,-1.0781419846903535,2.304962508191728,0.6102565267765397,-4.004012873799189,-0.541686405149261,0.8002173885714489,-2.595184740226989,1.7670213957637864,0.35178838160186854,-0.5588811710910123,1.8311189333101527,-0.46907800770024344,1.429146382954629,0,7690
GSM7890836,CCTCATGCAACAGCTT-1,-7.660631112355741,-4.725705332666017,-3.911995454932348,-1.6480944198727436,-3.3868598959860834,-0.9356518244581395,-2.7119628779342704,1.264343686461223,-2.4512602819333256,1.228413641545981,0.4142129950282764,0.6919544431293272,-1.5159391396247992,-0.3524535214068247,-0.11396403434230026,2.036879643910983,0.5124382488659841,-0.5191645610650993,1.2831766007862249,-2.387310741430062,3,21804
GSM7890836,CCTCATGGTTGAAGTA-1,-7.42263163712,-2.2464302659876956,3.9732699731462686,-0.8651236220464813,-0.18236397696557347,1.7144674569694451,-2.41459102997847,-0.005993046509276931,-0.510851047399583,-3.216050175499989,-0.46332198702437116,1.6032982236869986,2.1723185249264874,1.5208418959098084,-0.9626820106892865,0.7817094353982369,1.4043675499633361,-0.8563324520220006,-0.40700483025504364,-1.0990963696012073,2,18129
GSM7890836,CCTCATGTCTCGCTCA-1,12.555084547910607,3.6483800882473907,0.33135743776917875,1.8956444696772368,2.3736385916424805,4.316959138243425,2.580191888120332,-0.5607957768498474,1.0779288712265385,2.143968190798703,-2.9908448739310045,0.5564738419741316,-1.7668558822191516,1.782236961804331,-1.583874131788122,0.521399401125487,1.3804154318911104,0.8934638394061157,0.9890209567105227,-2.1253213252451,1,12919
GSM7890836,CCTCTAGGTAGTTAGA-1,2.1542504006148837,2.260000246364221,4.607062852793251,0.7251067815850439,-4.316241229718971,-6.418830739585438,0.9818983807598151,-0.9651265596743336,-0.809678848086054,-2.016184583032625,1.147289172286422,0.426706196769511,1.013591834446484,2.6147722530045767,-1.257934799899613,-0.9335459425267932,-0.47800168296088463,0.7094201371574526,0.10196512711433518,1.2957465712485272,0,8007
GSM7890836,CCTCTAGTCGGCCTTT-1,3.107709161907369,-0.1554125643411806,3.515556435574493,1.6886063019113629,1.6062783806945413,-3.857875674356089,1.2052345918637766,-1.196923432746827,-0.15907069346204386,1.788693808512213,0.08143495266988392,1.3939909338329557,0.8988475349915082,1.9798401951489488,-0.7565931000948294,-0.319014949082631,0.9093087795666064,1.0992667434802028,-0.1666230906412189,-0.08386854117904302,2,17958
GSM7890836,CCTGCATGTTCGGCGT-1,11.264667377219826,-0.5430905179102685,-1.077251715397745,-0.2809915375767488,3.6862929456972537,1.317357526712953,2.1116995664858766,0.16081784460674756,-2.341274048207992,-0.6485354903632999,-0.5055654980253109,1.1752539761498046,-0.37658643457275176,-0.2277869448592434,-2.1228704269090932,0.4547588752923392,-0.3812618855722236,0.7312626877802955,-0.34624433780908404,-0.5255521650639031,3,26968
GSM7890836,CCTTGTGGTGCATGTT-1,-8.771642090771941,-0.8142797599684112,-6.2053430142725645,-2.9551132879348896,-0.42842028278034633,-0.8561814975152418,-4.577316687691379,-1.5509519402456544,-5.148632946932096,-1.5110122596102942,1.300624343146568,1.5703042332951527,-1.266669104240572,0.8203303333037977,-0.9014070428872665,2.956321291600631,-1.6637588237593006,-0.14090023425649717,1.2161651356413044,-1.3663720051029045,2,14006
GSM7890836,CCTTGTGTCAAGTCGT-1,4.164236291785439,-6.0865729582641395,3.4519630433418884,0.5294479284015905,2.6265983572450327,4.3616671700553935,-1.1885725984106028,3.6083789338655103,2.079620940232867,0.5567419509032304,3.6089841199350388,1.8565727911028997,-0.801557519850851,-0.581674006296773,0.6123966745797651,1.2550182896648927,1.1890240939733825,-0.8599210851433607,1.2757032421607621,-1.4660705638282114,3,24149
GSM7890836,CCTTGTGTCGAGAGAC-1,0.07128663742133703,-2.637164057580825,-0.6296529019138084,5.356015518159202,5.8971197846730385,4.1446455352423754,0.868078680919474,-0.8353188903572145,0.8422562222731294,0.6356102454630609,-1.890576171324453,2.076379616648712,0.5913965269362323,-2.6959822857611906,-1.6949915030178082,-0.29962543394171465,1.5416915510152227,0.6595013955701651,3.2587246809086796,0.6775747292158409,2,14395
GSM7890836,CGAATTGAGTAATACG-1,14.420522447523856,-3.2449730603459828,-2.755070686804358,-1.8293767114807273,1.3620272775475906,0.47879142906056105,0.8004404807955384,-1.873376050052657,5.951504121959091,-0.6415910933406137,0.4041989453016144,1.0548599456119703,-0.6689251174570404,0.08623503595055139,-0.25384933531912773,-0.5026731024542996,0.3937661347395476,0.6090462158327917,0.3405941887859099,1.464166523602641,1,12698
GSM7890836,CGAATTGGTCCACGCA-1,13.534713778808998,-1.6638013445016289,-2.3816340658164696,-1.3294015604217333,-0.8540244824059146,2.750395696351368,-2.385705306269952,-0.7728927842940683,1.4252182318392947,1.1324358777886354,1.052677406519568,0.6936643082047151,-0.7718007467444947,0.5568484455032264,1.1369503316590603,0.30632579029672763,1.0910694806156152,1.5100245664273695,0.9749489225673377,1.322817268567415,3,19103
GSM7890836,CGACAGCAGAGGCTGT-1,-4.320760720704254,3.9846950651669983,-4.692472339000164,3.3366206559163567,0.6755405156666798,-2.088283058004292,0.3475366905604184,-2.474227111946587,-4.271394017220152,-0.14605386605563905,-0.15444258138474978,-2.6064340220179636,-1.7799549349840584,-0.8304734815637957,-0.0697032068395102,1.6291323365196178,-1.8868376188615872,2.050113164907684,-2.793530126148409,0.5245522381058817,0,7666
GSM7890836,CGACAGCCAGCGCTTG-1,7.984612543412717,-8.676566325847341,0.4175561589023273,2.5530561254160413,-0.8497772340285555,-2.266929486458848,-1.7685386871071413,0.024080248076048465,0.6205513227614333,-1.3881438465672358,0.42033015671185003,-2.7619321374597723,-0.3364881674434902,0.3205026792937691,-0.4044530621954397,-0.3515534293057173,-0.3510632523723384,1.4249485604824614,-0.5769821363300143,1.143321890944082,3,24884
GSM7890836,CGAGAAGTCTATACGG-1,-2.821836674600493,6.763781991444372,1.48829305135082,7.8720024098795705,5.30016097749451,1.2482848644967042,0.4830307614970485,-3.4912179048252883,9.586803613967186,2.7454986486544533,3.1320887877604338,1.5601120621886997,1.695344165369343,4.525063787377573,-1.4820687556883776,-0.4616147363625958,1.9544839644122125,-1.552087452240468,-6.27401833066005,-1.9320159691097938,0,6328
GSM7890836,CGAGGAAAGCGTTAGG-1,0.7702177957510945,-4.703244019819814,3.407689810135192,5.938688242684157,-0.5255788610894869,-1.1466417550854668,1.897795193156167,-1.7004742284068115,-1.4442755630192567,0.20219370458754093,0.9172954755498269,3.558340539960496,-0.6864758873754755,0.5384690870437031,-1.7776085801562507,0.5714519884496598,-1.5458944777560546,-0.46089219479648963,0.344836889334915,-0.2529480044389096,2,16057
GSM7890836,CGAGTTAAGGTGCCAA-1,-4.767730967113725,-0.8937483569925224,6.8378308185915975,-1.054058946888243,3.6578500523893207,2.6211518062680006,0.7110969077362282,-1.4149604460804321,-0.872716022961242,-1.6626047458026343,0.5702436926337602,1.019220517234649,0.9317698590812283,2.8392512347282874,1.371439251826247,-1.6874189140491584,-0.3181754161852796,0.4055191591897418,-1.4532607090791827,1.283085750307085,1,10692
GSM7890836,CGATGGCGTGTCTTGA-1,-2.9575911660962046,0.0463860567912721,7.059631940395247,-2.8095228169066715,-1.7373573220494332,2.394581069690251,2.1542439362146353,-0.2572558942745797,1.412622342883857,-2.0181869848789185,-1.1815754650104326,0.4717549926480749,0.6082605715704361,-0.5217520780654346,-1.8616646056504638,-1.8781836127618035,3.3062193726614337,-0.6005398995095623,0.7646677508695707,1.2101864135775813,2,16370
GSM7890836,CGCAGGTTCCGAAGGA-1,12.580997675679708,2.7841455647163103,-3.670863873671182,-2.879536357972633,1.9628019193568802,3.899590492264029,-2.8123037013470262,1.3525294507861305,-3.636773227984254,-2.2125553302729815,0.10420240993650572,-0.5653472162518137,1.1136750734512246,-0.23230327157643765,-1.5769804516507495,1.16907302329688,0.08503349284903848,1.0908842754542452,0.0696084000949676,0.7743707961040023,3,18734
GSM7890836,CGCCATTGTACGTGTT-1,-11.071233367802925,0.40394498666391604,-8.506052035122545,-4.280739425328238,0.5242753266496769,-1.9633024421023004,0.3426266553422252,0.7228352506403217,1.862842054486314,-0.7326422621138251,0.1364015267078235,0.4603492639644177,-0.13044680548620596,1.0446606854837601,-1.8032755847666646,-1.2464642508152892,-2.3843126817346887,0.07093986098267913,2.025887822123577,1.1082093013918302,0,7558
GSM7890836,CGCCATTTCATCGGGC-1,14.005378888716223,5.552329829111049,-4.562540913742228,-2.8853318447052736,-1.791616451594352,2.759176969327749,-2.282857459949313,4.366089486720663,-0.8667025138806203,2.694156565128172,-0.020696128201983653,-0.31119000279780745,0.6323890560832284,0.47797462962028797,0.8995558730775295,-2.282460350046088,-0.4525509777109923,-0.6821490124575265,-0.8783001745953358,0.11016989462592551,3,19892
GSM7890836,CGCCATTTCGCCATAA-1,2.0148083895721784,19.974984307148265,-9.350238392866157,8.148898065499045,6.610278101890932,-5.778609860984499,-4.691223239015194,-3.9551208483501883,-0.9406691225530313,-3.5108144620587325,1.5542541699143846,8.055448132524669,-0.2764686800161293,0.1701340880302326,-0.3397345965368788,-0.08548950816942485,3.34716589971431,0.8513298123848676,2.1518997396844655,-1.1609427572381164,0,2553
GSM7890836,CGCGTGAAGCTGTTCA-1,0.1871786245313889,5.033214295163183,7.2301458196660535,-0.3170695159801385,-4.4919521526248545,-0.7532836930135781,-1.659267439240912,2.3831715103375095,-2.33694067049419,3.354505507040543,-0.7803972945526426,-1.9832956760342693,1.054955406065654,0.9210593713994644,-0.35347569247351057,-1.7812274799476535,0.6472517102916796,0.05954818479467277,0.25265979479333656,-0.13033057463998446,1,11152
GSM7890836,CGGAACCAGTATGTAG-1,0.3596137959571936,-2.1903325077884173,2.1268905923998016,7.597977376148304,3.2851841223017044,0.9820652390664801,3.0232057222001365,1.6962817871355718,1.2874305055146724,2.477895142060625,-1.2493230910028352,1.6198683062775026,-1.6420951764487537,-3.304488661668752,-1.4618481431806334,1.3037518366074856,-3.22457581169047,0.8958006111371614,-1.853205282847555,2.991028256688603,0,9552
GSM7890836,CGGAACCGTACATACC-1,-5.63408196938975,-2.591011601508927,2.2838359020686516,-1.9607174406298795,-1.4825598722981164,-0.21439414294532974,-2.321849305427747,1.4689879928852188,-0.717544410545358,-1.8682621323775084,-2.3874504081001753,0.6638685442161879,0.2976553686367768,-0.8307483980207733,1.5760228111392967,1.1268890403117835,0.8812347577054258,0.0036741113462497384,-0.6501353487394731,-2.068148302728227,3,31942
GSM7890836,CGGAATTTCCTCCACA-1,-10.228242476820936,1.445867939571757,-6.5021587103414005,-3.980126098408731,-5.426533712606179,5.000310064079468,-0.36940144303817396,-5.777058861510245,-1.3590659481999263,0.7672240046028997,0.03802787134142217,1.378369951745076,-0.5845097794906906,-1.9223208768664393,-1.6466163739323454,0.5560747664784819,-1.9785360406600372,-1.6038052721138134,0.28568120253321017,-0.7067005517533334,1,12487
GSM7890836,CGGAATTTCTGTTGGA-1,-3.777403184419696,3.008063876463767,4.576270919533609,-3.121151832652267,1.0563301278674984,4.361279592806016,4.493233989492917,-4.659384490559314,1.6103676007873529,-0.6223800386551969,-1.271852185567764,2.7570316620108697,-1.7000018417447214,-1.9438102495967784,1.4565256058812477,-1.9109844722400018,1.6855731556695293,-1.5841805180278306,-1.5641433284520638,0.6903119227125177,1,12628
GSM7890836,CGGCAGTGTTCAGCTA-1,-2.3005418363125854,-7.017389517318904,-1.0580135840590776,7.3984057427049805,0.26158560335990005,0.3145790370264309,3.48281442725017,1.9657672147376677,-1.874006434981841,-0.13758325774934768,0.0005564742086895019,2.062690383726204,0.9072339659037892,0.24076647058109682,-2.3714495349663993,-0.525983983812192,0.9117396648754743,-1.9369768104022311,0.5651647142869672,-2.5911028505834035,3,20255
GSM7890836,CGGGTCATCGGCTTCT-1,-3.927225811422477,-2.884607972949522,3.312353842271536,-4.3003101205478655,3.0413941913410816,-2.8581060521025115,0.6425987140754098,0.1515113970251482,-2.139662141986722,0.36661537481199086,-0.34041283475270173,0.08480307168770257,0.5516456405770068,0.5441958950348887,-0.1518389586536313,-0.45978870660139654,1.1388276720321366,-0.535706301222963,-0.5231617001115182,0.6150688152274547,3,25518
GSM7890836,CGTAAGTAGGTCTTTG-1,0.899652332919006,-2.1205534549328986,5.002987805414971,0.08178714720695782,-1.5334666950522113,-2.0219665958548383,-2.344140092021553,2.6118327838249704,-1.0778533123520742,0.08553242802787475,-0.5979970671930948,-0.5204777012226401,-0.6886569954735836,1.297793894757719,0.01918600650473386,0.15518102905313597,1.461093762987187,1.4603783483475985,0.7789485707682924,0.6712692601254597,3,37073
GSM7890836,CGTAAGTGTGAAAGTT-1,-0.7972363807945332,5.776571923198067,-6.116851637931355,-1.6829210593758877,-1.9505788806910533,-4.602353407180086,1.8814324741941566,0.5247922604933352,-0.2546831740853276,0.6222697334919396,-1.1390279218706145,-1.4430630119671677,0.5644366742593475,-1.6828926494209335,0.6700799253994654,1.9843257611589151,1.2389616587190246,-0.07784829713948231,-1.0942971720013417,-0.20375297252544397,0,9099
GSM7890836,CGTAAGTTCTAGACAC-1,0.6365604059377538,2.2128654333997364,2.4391065422218245,2.132900443925146,1.512714139694931,-2.429730392180793,0.5151494989819146,-2.908037040307297,-0.3541960796092093,4.888872581646238,1.7198498227963472,-1.0912200911192143,2.009612571326555,0.9411934786977731,1.949997363424359,2.1094415561253443,-0.1354216106634823,-0.6817332401315411,2.613817433697451,-0.3704195400062735,1,11112
GSM7890836,CGTCCATTCGAGTCCG-1,-1.1297712757011462,11.307606248742873,2.005752104515766,3.129440142344997,-3.755453076603435,-5.019304579320235,0.7653811720621307,5.2127594467998835,3.2188197992072727,-2.380836208630901,-3.343478937846945,-5.631162841151546,1.9094214911789946,-4.7131629592600754,-3.8186418143299816,0.16039534154015156,-4.110552688852609,2.2649568033246634,1.8789131559841663,0.5416004055958936,0,4272
GSM7890836,CGTGCTTAGATTTGCC-1,11.037149442038528,-7.338190243258185,-2.8910476105651455,-3.9290794401699483,-1.6066248060613109,-1.3770908865821425,-2.3843015813828563,-3.754143707271596,0.008063390141587605,1.0225287838811017,0.5622044346965445,-0.586473403121739,-1.569963991735446,-1.2217101809200062,-0.6470319060155962,-0.6268230817185189,0.5559596941688719,0.3552791436439294,0.5818439233836433,0.8899383216461461,3,27752
GSM7890836,CGTGCTTAGTTACTCG-1,5.395526480282945,-5.696548566972035,0.5015281631325991,3.3117390260270123,-1.1386772520672137,-1.932157757868547,-2.497068117255754,2.0412557050764137,2.1426346025497067,-2.1596802751804356,-0.2087454057692412,1.3940091010697129,-0.5898653898368085,-3.2449462046889854,-1.1806270298668011,-0.6284018368780213,-2.745689483670849,0.12302306707764973,0.3587012648738196,1.154026333692445,3,26108
GSM7890836,CGTTAGATCACATTGG-1,-3.8157388685866573,-3.1611382081733828,0.7010097370781195,-2.455425594298775,4.713907708214825,-2.264377373456015,1.9035261474098089,-0.8573543750856776,-1.8556847887945356,0.9852218819056645,-3.5218376761670225,0.82860429125252,0.7249085367766485,0.2814316986453209,-0.3539732453677571,-1.791875424975627,1.5192964966095124,-0.26079267042741144,-0.14322342544335598,-0.11407421688527818,3,20827
GSM7890836,CGTTGGGAGGGATCAC-1,-7.537661266546504,1.1084479002930558,4.076573887788333,-6.998187429137754,-0.45908826061529,1.2221505139651736,0.7771365197575706,-1.9572532692304472,2.1789915283407675,-1.6212589609554546,-0.2182976200521088,1.3536987988040294,2.2306654301453674,-1.944554513666671,-1.5365453500623618,-0.5846058282902206,-2.7763353734394847,0.9826108356071607,0.1880069332016409,0.22419273584328347,0,8733
GSM7890836,CTAAGTGAGTGGATAT-1,-9.852847106445294,-2.616879721590608,-2.2279314269760606,-3.937706872882605,2.4336368421549146,-1.8241189144108427,0.26533149363716035,1.89754802460859,0.5585538582683649,0.8594335813469378,-1.289671867628681,-0.006859186244202443,-0.9755838447435451,1.6278647776290036,-0.9177935441156242,-0.8375479593356411,-2.4765759776448872,0.41687038232075607,-0.5070362995904998,-0.6429988451383324,3,24357
GSM7890836,CTACCCACAGTGTATC-1,-8.094389667198278,-3.2044538076722553,1.2534002814516971,-5.784398587765404,2.3750275212502125,-1.7539908648032925,-1.8530996218672016,-1.3000111527102325,-1.0094088105065377,-0.299983655190854,0.8773038529807339,3.5581442580333187,0.41060352155321794,2.121742115392943,0.5151219223574074,0.21560541198262934,-2.8094010376217913,0.39567951054430034,0.09410392616485284,1.0891548190897533,1,13097
GSM7890836,CTACCCAGTGAGACGT-1,6.470311772955748,-9.324928544083603,0.08459927635809499,0.8783970349400797,-0.19387610663485158,-1.895531438427262,-1.6663827610604205,-0.9690507352272043,-0.7171843471252324,-2.2704827131291276,1.0142286196296348,2.373302525024969,1.6665403198344533,-0.3303196979931356,2.1263118649849417,-0.007012314239426719,1.1069975951167401,-0.9743612695740119,0.6062733907341691,-0.666216368788533,3,25808
GSM7890836,CTACCCATCCCGAGTG-1,-6.0629114112265245,-1.3588272811387152,0.9232772544590705,-2.1996023593410436,2.9087117778522056,0.10405081284541173,1.705005884854563,0.5239614359661516,-3.284384589959191,-3.2803533819843707,-3.3258957758945487,-1.8201792256505014,0.40379527819544675,0.10732218056092821,1.2130270379788064,-0.21281010747739457,1.4117426190138034,1.3171915769951248,0.6468744596397386,-1.196355291919267,2,15098
GSM7890836,CTACGGGCAGTAGTTC-1,-5.810685484338611,0.7481785037915836,3.6095561566528422,4.191661683549975,-1.0253761931171659,1.273612210612356,0.5261463851795353,2.7041254007990156,-2.276430475675492,-0.05444566450639749,1.5784951303832304,-1.6010601963384627,0.797017628191112,-1.1613674498352977,0.3694976337800246,-0.7434015512703079,0.26765461572137056,0.9771159687893407,-0.5763035386144945,0.7078815948898862,1,10589
GSM7890836,CTATAGGTCTGCGAGC-1,-1.0750838474475508,3.5681176126701497,7.878132314755647,3.8929705363466525,2.2990321124621578,-2.42622986783835,-3.7516441619125693,4.106733773729444,1.2552280350339047,2.3130430148478522,1.7083015798204484,-0.224361250057618,-0.02254528130891119,-0.3079035262032356,-2.7905725150036997,1.3040023662196005,1.175378641229191,0.6050232069265878,-1.3762170482381775,-0.5284098683602413,3,21102
GSM7890836,CTATCCGCAACAAAGT-1,-1.038016843381042,3.405770889462532,0.6502490908498151,2.849928439113301,4.559671732159361,-1.2104886727936657,4.26220723801989,-1.2035516499517183,-0.7489014976986993,3.291582243535122,-1.7695967897078104,-2.4064447709978594,-0.9818568610300527,-0.7866141467805118,-0.1028274951215664,-1.324580879179089,-0.12244986190680782,0.04595907888655164,0.8927619733949315,0.31692148999170355,1,11995
GSM7890836,CTATCTAAGCACTCTA-1,-8.916003784838194,4.912151353230972,-5.6400193752012,1.3631792974527683,1.0443205493995753,0.7099532539759089,4.572564654127629,-2.4213917928329183,-1.8047236415848174,-3.0011466169812064,-1.1056877499911748,-1.9329142454090191,3.2198335613096067,0.7801552682772062,2.669420346999246,-2.121205357715138,-1.7626025712863505,-4.969858537303872,-3.3092647813812417,-4.31180392055151,0,4145
GSM7890836,CTATCTAGTAGGACCA-1,-4.311492507005356,3.5752775168556323,5.609409505819674,0.7701727858399986,-2.9130243154584545,0.5658389209294844,2.0032781526710504,-1.370106519560261,-0.8383669537536946,1.1012024238765192,1.019272875228325,3.945462367356897,-0.7875711372894316,-1.503292271328093,-0.9710484661814969,2.0695336242147255,-0.5368420591403577,0.6415087784281757,0.1373013799881355,2.6140691973911836,2,14376
GSM7890836,CTCAACCTCATCGACA-1,0.8848548202219568,-3.7507837463404123,3.0246348398480434,1.6996202149612056,-0.8851188516417327,-1.6058983772253614,-3.36061494544029,0.8011436935260791,-2.2514280381839074,-0.38903829303314263,-2.1093766497833224,-1.007422845712391,-0.14209711373341918,-0.8875763790449462,2.7131217182198917,1.2684624393660224,0.7861332364871507,-0.3370268995945134,0.5452503223712287,0.6838001511887576,2,17879
GSM7890836,CTCAGAAAGCGACTTT-1,5.424576222725334,-3.6760570621473168,-3.3287389115339576,8.641202767284337,-2.024177475776604,1.2019987014232723,0.1577728999112709,2.935276921169271,5.204112571949375,-0.08693296690768527,-1.8130311604285925,0.5987463443664937,3.0208026111118134,1.0503167317884032,2.645127047148012,-2.5885347952495574,-1.4401200054886851,-1.679817805925594,-1.6728730142553376,-0.27243644576279963,1,10276
GSM7890836,CTCAGTCCAACGACTT-1,-4.446103290989715,1.6761121323818373,6.872835216521587,-0.309006354547605,-0.5422615694519645,1.0692485683752457,-1.6820060079920063,0.5922522969866899,-2.7562266674508105,-4.8871016400763105,2.2240253556708067,-0.11811567964711468,1.7942525308637018,-0.644531540506379,-0.23262683890769473,0.43779242913550415,-0.17204246104515755,1.7451817350075742,0.7467662041169164,1.7657247904239404,0,9265
GSM7890836,CTCAGTCTCGCGTGAC-1,-1.4930853866779605,-1.7485858908479952,5.5643652189780335,-0.9012223724044053,-2.2240618842944713,-1.5207631328191065,-2.331639346663451,-1.2344030676357112,-1.5068434906683739,-1.8882975947780634,0.6302408717947161,-0.9932004966180294,0.465181163807828,1.1058254270281045,1.2822264453784988,1.7185090483741312,0.14240403011806238,-0.7702479060154999,-0.7282468849515571,0.986533884273934,1,12942
GSM7890836,CTCATGCGTCGTCATA-1,-1.828177582395877,1.30592756002091,9.862745756474657,-1.311004780251766,-2.3114010421179505,1.3527065433981322,-0.27230665320892744,2.5990611692939356,-0.03560937186320624,0.07726217407649198,-3.308747304415006,-1.72931340255012,-0.8440500432572268,-2.213214070817204,0.32796018679432243,-0.038282708999101994,2.220046927853116,-0.13689357716677625,-2.6852462951954177,-0.7883145466602379,2,13641
GSM7890836,CTCCCAAGTAGTCTTG-1,-6.151969342446059,-0.7049105357128427,4.68375297176203,-6.486733544187973,2.051789856436759,1.5687496744653535,3.4458867001093916,-0.8655247775860612,-2.2971821859927886,-4.671259381831348,-1.1802810773804653,-0.6233040031620466,-0.8438477287736623,0.25752541140562674,1.1084706413560423,-2.7760068068802144,1.0930216087811127,-0.38003683649984793,-2.951925923125832,-0.05855095603841079,1,9928
GSM7890836,CTCCCAATCGGCTCTT-1,-6.390781341546485,3.007348838939381,-1.1611491221862904,-3.3489225769081874,5.2849475754326,0.6680188805644778,0.235546617136338,-1.3784655623429072,1.3203317020613186,2.2966699234186754,-4.016629272862493,-0.26699887353494517,1.3347491309216377,-0.619724073901078,-1.0068903333263934,-0.9147638464937378,-2.4042024308352645,1.813596096978712,0.8630136046605904,0.15929743009608235,1,11619
GSM7890836,CTCCTTTGTTGTGTAC-1,3.989205508830319,-1.5970286115281151,3.0248225084025835,4.242999933084656,-0.33681681863118934,-1.2930498337496286,-0.7040991169256269,-1.9011528785669287,0.1490860025738548,3.7571386384016274,-2.4685628748889066,-0.06507167381325919,-0.9984044978012092,0.060983735703288765,-1.9882357542692035,0.07448199315535467,0.11520330322279242,0.2480231080475033,0.977963006738932,-0.5324513158858333,3,23903
GSM7890836,CTCGAGGGTAGTCCTA-1,-6.158276243974923,-0.11713176500892437,0.07473472385966849,-0.26086684535836785,4.857299996205296,-4.237914104210736,-0.2199232708508582,3.142758047415192,0.19799945869362717,3.0473091050413688,0.3572806012869319,-1.284063380295745,0.18032915883584463,1.4195451927150144,1.9976181634271841,-0.5560879248976363,0.4780783954006575,0.8161557953896013,-0.8311816342377442,0.45382770890397905,3,28168
GSM7890836,CTCTCAGCATGCCATA-1,-11.290538527171696,-1.501302301343088,-6.31389941085763,-2.2349390196557115,-0.23142657652483856,-0.026348725976691353,-1.5004971271070968,4.5716859152454585,2.035568340159704,0.9199145426304669,-1.819165994172243,-1.421677213923877,-2.654942646882032,2.062616752801375,-2.447477676252763,0.3822711342968337,-0.37378955789283397,1.4861297653456145,1.0860747169990326,-0.7098075034673742,3,19250
GSM7890836,CTCTCAGGTCACCGAC-1,9.674858205698266,-0.5369316998968364,-0.9604730176170434,2.8540888999433887,7.013322437132819,-0.2835841981804677,3.438195069448082,1.0788373205067985,-1.6980414360590226,-2.278932257862839,0.854140701186005,-2.3039679210055795,2.159547614842341,0.1303539374724785,-2.5788877461366995,0.6788370563061169,1.3188570278865959,-0.3851527522581845,2.1327307518405076,0.8087235776521611,1,12685
GSM7890836,CTGAGGCAGAGGATGA-1,4.569288310932375,-5.9260181895740125,-1.2006973853502387,4.387143129349629,-1.6442834965585371,-1.4357104834298575,1.0146155542836262,-3.491453905680473,4.648612326285209,3.6504791281207405,-1.5597250463820778,0.22578235328091634,-0.7130573380737331,-1.1130907930243996,-1.5798441418849734,0.6058413497763602,-1.575711894155526,0.43259727986623664,-1.9525795623539441,0.6360410525686981,2,14101
GSM7890836,CTGAGGCCATCAGTGT-1,-6.4545994287752775,3.837086707633714,6.144998371546206,2.8487455975291676,-0.9786066658711428,5.271778501335631,-4.652266439863745,2.182415328833241,1.6030317048253804,-1.2928063992102614,2.0830598792290727,-2.5070948099784025,0.8411968378446034,-2.386565965306692,1.8073169227578805,1.4725847285767788,1.6366908137938343,1.3566968554269068,-0.5268476227988175,0.31532866987542957,0,9160
GSM7890836,CTGCATCCAACTCCAA-1,11.607106223373888,4.075614003411124,-3.4319853569555616,0.8396474896708456,2.0794549723065368,1.3619505143753123,4.169497289136836,1.6130015403651472,-0.691814510674225,0.6619382746164432,1.3431106184469843,-0.9286220099539171,0.6865634034855281,0.46011278102731246,-1.0921932934239589,2.328370926657218,-1.214463898292333,0.4072277034592484,-1.138802552012594,0.13276276571363166,2,14200
GSM7890836,CTGCTCAGTCCTCCAT-1,2.968157228226413,-3.024967871617709,0.898712734545148,4.39694795219207,0.7900029419670156,5.392581273261784,-2.134462538172009,0.046745801618892656,-1.31562188184389,1.2637402595617873,-4.540471293692089,-0.46411339257612266,-2.3707266658723025,-2.051237315558838,-1.3402311559471283,0.485548367865579,0.3145473794288305,2.887884728612335,-1.3879236936720298,1.025519062635573,1,12933
GSM7890836,CTGGTCTGTACTCGAT-1,-4.76919902326213,-7.697548065207606,-6.044483037530708,4.425090127579151,-9.011446205388076,0.5545433077826424,0.2972293136449756,-1.0287601623603713,-1.9519418098872494,-0.03728578330846109,2.4744383293397343,2.835121506562476,3.796271675128881,-2.0274382037279195,-0.8549960441210732,-1.9927757733209135,2.1747037872691726,-1.1903536967372996,-0.5811309712455126,0.7952344893386238,3,23609
GSM7890836,CTGTACCCACAAGCTT-1,1.9641990870186579,-8.059442968244534,-1.441782016981831,-1.6279776065348261,1.3964322452146374,-5.6705315384832815,-0.670165241812413,-2.500365308568573,-0.9850262375913885,0.5118024200000474,-1.6048712452907614,3.1357678010690786,-0.23650145551327048,-2.179132381365796,0.6419817512072936,0.7571453605979784,1.2733391940939591,-0.3734103501746904,0.5376555626255212,-0.3961618129810055,3,26035
GSM7890836,CTGTACCCAGAGCTAG-1,16.86476388387228,4.589488888935409,-5.893105159090726,-4.2098440440324625,-0.37847406942555756,-1.255419559487626,2.3269223320428343,3.501984295476767,1.9649922533439035,0.8137557755969775,0.7084491433197592,1.638748447377868,1.6952021218971438,2.823028879584344,2.1088588286074055,-2.1564474159583296,-0.7242879265924785,0.22610514920831565,-1.2859387364996255,1.0521427091691251,0,9541
GSM7890836,CTGTACCGTGAGGATC-1,2.4757887008208184,-6.614813211793709,1.6835496033097705,2.8838458177061623,-3.973739409475504,-0.5498023674526143,-1.9425206620634015,1.0320160403875234,2.6813190279070387,1.698208766589379,-0.5647523933382859,-2.6577362523800314,-0.6772522131146145,-0.6215921505911661,0.8825829014191428,-0.4544557293503749,0.2951427463910322,-1.0396564758181615,-2.0803222339332943,-0.02073290938222942,3,20970
GSM7890836,CTGTATTCAGATACTC-1,2.357137122047575,4.902658157881625,7.4240353851536804,-2.8926622151561796,-6.293461082404181,-2.7964526211687617,1.6894735823266254,1.5307524280989886,-0.920669953751468,0.2305108179923333,-0.7042951791664686,2.1871185525135184,-0.8963601103950877,2.4958909566954897,-3.7951525453216184,-0.8746061720819445,0.8107461100566274,0.04122133032343552,0.39766818227391515,0.12836251057774592,1,12561
GSM7890836,CTGTCGTTCTTCTTCC-1,-7.140920489279908,2.79158349284737,-1.7231014762079806,3.621731604351252,-2.3191275392335524,1.1983704466132061,5.130065057898229,-3.1071354081121174,-3.245441770746206,-1.4715919877770087,3.2846532185608655,2.063169631349701,2.6160612118550928,-0.8849959672494523,0.2896502890554728,1.2569043522372783,1.817637905220613,1.061484554793522,1.3017785565569024,1.8488066153437088,0,6111
GSM7890836,CTGTGAAGTCACAATC-1,-9.445255163059,-4.360515245674856,-0.6067839793193532,-3.7190873854394892,2.2419557440386577,-2.672897731657146,-0.7976619019801998,5.059849167090369,0.40935705153464647,-1.5286853759114412,0.1453820730511096,0.6464448805772229,-0.6118596226102758,3.958346438556646,-1.4153118034693808,1.0700141472744347,1.7269020349092423,-0.8728279784607689,-1.0255784129721868,-1.223021002679237,3,37827
GSM7890836,CTGTGGGGTCTGGTTA-1,2.425818160777221,18.646953006821498,-10.012958762739533,8.337499309334317,8.889919152244488,-8.436231291009507,-4.818191417604456,-2.75470424580218,0.5233807409642433,0.04571975017208113,-2.424600736697821,5.2714953452822355,-1.368493593330858,1.488318212186385,-2.521499856928438,-3.6594126145743604,0.7962003626972846,0.544917603916706,1.5850776468456154,2.838835578173852,0,2305
GSM7890836,CTTACCGCAGGGATAC-1,12.795222478433585,-2.5859241728319473,-2.8748229302911543,-3.1205291426032735,2.225801488488798,1.2069611519793533,-2.8748126499433435,-2.118226265978092,-1.515547829120612,-0.5485498987864218,0.8421254735149968,-0.5427452658034086,-1.4269539202939596,-0.35321568376666906,-2.6008862882120822,-0.5488369089457698,1.2207179025893702,0.18804819387319474,0.5906749729639519,0.7161026573156446,3,38261
GSM7890836,CTTACCGTCGCAGTGC-1,8.736348598345678,-5.717760337869457,-0.8494467899641398,1.0492841660697783,1.7910324950783614,3.4931258783974775,-0.859018449850092,-3.7464520795498166,1.2576295664761534,-0.2911526207630119,-2.2672737401447125,-3.565495063120255,-2.4968339796283057,-0.8825630259475541,-1.6765408278275153,-0.898510596879731,1.5856447060598566,0.7217830895548835,1.165414997878109,-0.7765072871260876,2,13163
GSM7890836,CTTCGGTTCAAATAGG-1,-9.214687648206779,-4.262969522129174,-8.911512960056216,3.426720776341509,-4.6411580406435355,-2.106381888121737,2.039068284483386,0.3447428234743616,-0.052276391391781335,3.0774909349897404,3.0221240403653824,1.7193870251096663,-0.4165778482114959,-1.808323489890339,-0.5132411572287027,-0.1908961829278687,2.16813581412201,-0.48850646863486646,-0.857726211088316,-0.5055804939524114,1,12806
GSM7890836,CTTCTAAGTACAGAGC-1,-8.477267745150554,-0.670171150307524,3.8875560219723733,-5.346207100838903,0.2300448550457722,4.8225194733488586,3.8414153263074997,0.8567872632252598,3.831285857334922,-3.066201226072563,-0.19062712457699704,0.8495563139620651,-1.2931512441010695,-0.10867796964179476,-0.7575338697179179,-4.098549082561369,-1.3421887384513103,-2.0568435550392365,-0.06933698161642272,2.297471759102528,1,10004
GSM7890836,CTTCTAATCGCTGACG-1,11.311554475807686,-6.230233456645308,0.14593168648073504,-3.003804067112522,-2.802284356165499,-1.8619312070591207,-1.5561404721059828,-3.649742262983419,2.7263998543532213,1.7257388990403377,0.29659900844659853,-2.6799954283007823,-2.2068241074371513,1.681268728283309,0.30656894548759134,-2.860434546282756,1.075795807724995,-0.6227492586804916,-1.208292123204329,0.838115728369437,2,13203
GSM7890836,CTTCTCTGTCACGCTG-1,-5.0502053090724965,-1.8400255084615973,-1.103346866163247,9.009649458678155,-5.474737194212783,3.660693194662976,-5.601359380159105,4.157757232240847,-1.7406706206231142,0.20980439212031582,-1.3430821563727753,-1.9421715238883477,2.324379150316101,-2.237273453734843,-1.082887842810137,0.09157087012149376,-2.0149197812246413,1.4256867313049018,-0.7651514527807212,-0.07082411195726158,2,13593
GSM7890836,CTTTCGGAGAATCGCG-1,-7.697497752301547,-0.5864811094789454,-0.825350764625205,-3.5941828168809824,4.96513789387648,-0.6772580055932306,0.3501107424926318,1.8703414988273033,0.9484673981346123,3.7952181736507606,-2.4624957869978474,0.2961013165925865,1.7946615462711828,-0.3700766277531371,0.14189736024042743,0.4610621327096233,-0.7787974719584887,-0.24362680085418897,2.467250874349522,-0.6304991232629297,2,14872
GSM7890836,CTTTCGGAGCATCAGG-1,-5.811759526369623,-0.6380741890549028,1.1020451469128631,-2.632977730461769,1.2038631018221246,-0.8338445273552988,0.42653835131582046,-0.943097767978264,-2.2547066949278256,0.3231850238019855,-1.9412123697035277,-0.0363781979871729,2.6613845516506247,-1.7480459794678092,2.072394043295661,-0.5005925020102202,-0.10971189134960185,1.4871097075980408,-0.25070103370486635,-1.0949554450869088,1,11301
GSM7890836,GAAATGAAGGGACCAT-1,-3.3065024986079683,5.09214954946439,-0.46554174804918524,0.6386009097815963,0.8608777603447418,5.341503565674165,-4.009909040337186,1.1142648696483302,1.7009846373318858,-0.9051002674840114,3.780233364536184,0.7785342572220264,-1.848078541781404,-0.13508343269393064,1.258483143300942,-2.2619079474523174,-2.7993305998289144,1.9624717029390488,2.8223113400319475,1.1377127782410896,0,6950
GSM7890836,GAAATGAAGGGCCCTT-1,8.709673639326144,-3.8892090313696435,-0.5838755311704809,3.1081716225495737,2.06214311761544,1.1975323901673642,0.9508680317827853,-3.191681380373596,4.222586499213106,0.45576699909763263,-1.3952897159424453,-1.566971265155358,-0.9309878006247216,-1.6222661493576118,-0.5022321685159471,0.6836825914916556,0.39485205987435595,1.0901939675076449,1.5156480719374459,0.2573630438271202,1,11666
GSM7890836,GAACTGTCAGTACTAC-1,9.511298941618819,-7.164046883548563,-2.151814662368392,-0.26235347463997427,0.4272135652067529,1.4708091382859527,-0.8498952791293829,-3.28099071312529,5.2804598388881105,0.8570220992905653,-0.9350549499419822,-1.4756562832306577,-0.8362544988585787,-2.4658910772616562,-4.64166128933935,-1.11093245831201,0.7107413747526053,0.09064764548720902,1.2060507223003638,0.12831328703963493,2,14062
GSM7890836,GAATAGATCTGAGCAT-1,-1.624005920056731,-4.229507967036728,4.012180065861374,0.41630854637729325,0.4323711314786252,-3.6332330291682404,-0.43914793626016085,0.7730093932478929,0.7141709280357796,0.482285356830198,-1.2296920089358105,0.1658517163158932,0.026306267952511505,-0.9757780079653592,1.1048471897366214,0.33241926143839523,2.2533776171498237,1.665785351126292,-1.1918951320873115,-0.6700611648944633,2,15131
GSM7890836,GAATCACAGCATCCTA-1,-4.672876348724752,8.12293518586867,1.461493761865873,2.291996581714005,-2.311881089893895,1.336795802760179,2.4154145081890883,0.49393234152247123,1.9670110860025263,-0.38214493286401824,0.7796678033026035,-3.247914328020961,1.7493525251829498,-3.4416326451069366,-0.2830081697174206,1.384357470148929,0.3163940728313655,-0.7864577067770135,0.0819347493528143,2.3328732094883113,1,9704
GSM7890836,GAATCGTAGATAGCTA-1,14.625719820523791,1.7434136731933922,-3.0818067457178064,-1.8085451764792244,2.4853460534136596,2.6959477020967655,-1.2506501968842665,0.16237894694055852,-2.116876140867453,-0.32578206434961593,1.7755248055044646,-1.9541846369094182,-1.5051623791369915,2.791261010722931,-0.4499684593320979,1.0687093866038972,-0.5119659192490501,1.488591171884498,0.1311310710161296,0.7532965674193193,2,13802
GSM7890836,GAATCGTTCAAGTCTG-1,15.362637203389763,2.1265937036050215,-4.5929981309437835,-2.192946089416256,2.8520603367979933,0.19995800639358263,5.015692399839007,1.9263531723597924,2.4183664791742117,1.6379528628211188,1.5283382417163023,2.727620932854184,0.9256361341408701,-1.0205669600436245,2.9196954584141204,0.3170827843410246,1.0151666489527982,-0.8059719844895769,-0.8003965053805456,0.40459555561269583,1,9883
GSM7890836,GACAGCCCAAGGTCTT-1,0.9756433353113905,4.559711038718959,7.000307362010643,-0.573054406059549,-5.776175357324035,1.3571665259901142,-1.0327315528386476,2.0630469862355323,-0.1457738592656579,-0.19216829189928616,-1.0746105663200254,-3.283159507580447,-4.013661200382976,-1.848677122067534,0.5693213577226701,0.6307963473773746,-0.24433661447749294,1.2101942095366438,-0.7193607624761938,1.2299863842048921,2,14213
GSM7890836,GACAGCCCACACGGTC-1,-3.678561668272076,1.4042419495125262,6.060842310577706,2.6887283300005103,-1.3834881657603768,-2.6247467266710642,-0.860648023614572,-0.621989878557527,-1.7346853406140073,-0.6853012587063223,1.7053845560727023,3.3430607417249716,1.207556554051964,0.9832124288423295,-0.5026219552927461,0.27150764528547483,0.1603408515119101,-0.8618860205941169,-0.12586453604253633,0.9279960331909148,1,9982
GSM7890836,GACAGCCTCAGTGTGT-1,-8.954698788978721,-3.5089984823700635,-1.8298737239735305,-5.492605788794022,-0.3011205221737208,-0.31812188855761664,1.252297304554084,1.8750598955447233,0.5576784669486827,-1.1269020160836556,-0.6356278405293733,1.0505461119893735,-0.1990596255191649,-0.4836811888768397,-1.0338933765393423,-1.3845935413205592,-2.7630170030948373,1.6591247163801568,-0.1761732638092612,2.3897591893740167,2,13664
GSM7890836,GACATCATCAGTCACA-1,-1.4469220073593068,-2.034774511401377,1.7572341701176346,-2.991346939432998,-0.2640667922288905,-8.103301214611083,0.8779410733382922,-0.24006272525347602,-0.16980554625748032,-4.938531308059913,-0.46928253247811547,-0.1841856644246871,-0.3903227145219249,-0.1616390101126155,-0.9392410840140338,1.5693831380176428,-1.587501013805698,-0.32119975587930866,-3.357680059268721,-0.4143803316803776,0,6495
GSM7890836,GACCAATAGTACCCTA-1,-5.168830806702938,5.052804222758489,4.579568616495336,-6.870374649514987,1.9823311826388959,2.3254443684603507,-2.809408931530148,-1.9452608171657524,2.3425284286788353,3.513732204038388,-1.0286941812826655,0.47718213375921625,2.8233318919716104,-2.566636587281957,-0.6951718885143806,-2.5704181588812154,-2.4606165159072106,-1.6305993942599026,2.55508805343268,-1.4455601984069089,0,6762
GSM7890836,GACCCTTAGATCGGTG-1,5.190558903035012,-9.625297370050504,-2.8148824775731494,1.299141130045504,-1.4866435761542378,-3.535872715260253,-2.7178590300997922,-2.5235816732926795,1.1190524953362013,0.7736579089564168,0.03081244761358806,2.3598132131224614,-0.7763612915784465,-0.09395728664017836,2.6671043906840857,1.01739879999697,0.5967963233651226,-0.7623382823162538,-0.1506208165257797,-0.3129261250717718,3,24681
GSM7890836,GACCCTTAGGCGTTGA-1,-6.425798065264117,1.2447017251500883,1.1626523323604554,-2.844505006467636,2.0387713283301037,0.2313336650649457,4.652818441873251,-0.9520009145107919,1.8907094422012443,-1.4755535355195304,-0.4586149310369132,0.4101208507191323,-2.7382605337989867,-0.45660177868040924,4.085130438198184,3.6803089485511387,1.179693296461637,-1.400004644482532,1.144249410841429,0.5800224731847562,0,6357
GSM7890836,GACCCTTCACGACCTG-1,-2.8872586502029223,-5.735384853590683,1.5585792000777574,2.330460162581648,1.8767034514320189,-0.6532082352935303,-0.5399457182144176,1.6016546008540102,-3.2013475774697246,0.7483187186543333,-0.5415396722169071,-2.5483364531580537,0.25367540552402956,0.6543378245719089,2.3119907534504023,-0.4434002485554083,0.9463485497894982,-1.3010519166586658,0.5831747714211812,-0.8758103755532565,2,15076
GSM7890836,GACCCTTTCGACCACG-1,-5.219227199438504,0.498213962386923,-0.9621035612178557,2.462375489027665,1.8734779512849198,1.4759034379225853,2.254070474885164,-1.8448883765010475,-2.830908862404372,-0.8744263252550853,-1.6927395520250423,-0.935921703441579,2.1919896047678304,0.78569481431978,-0.3743009265832061,-0.6083785852588143,0.2137704044928232,-0.3219448367449753,1.4461792653300523,2.1367686178035874,2,14721
GSM7890836,GACCGTGAGGATAATC-1,5.86642450497478,-3.6695350088660086,1.2399688888248392,2.599487242890106,2.587810335081274,-0.29147449586088925,3.24674100643486,-4.129584679508131,1.8804981210647753,1.9625317203909947,1.3272211942406815,-2.9010818636339097,-2.940288595430255,1.880388504240699,0.8098195369891794,1.673936742812125,1.915350798561911,0.9408822944592965,1.4915455417139027,0.04715863281456706,1,11270
GSM7890836,GACCGTGAGGCACGAT-1,-5.292602547878848,-7.579183442413969,-0.01760338155365101,3.1365190222482244,0.7467208874734877,-0.7181684032857307,1.7478291350981523,2.6019634805409915,-2.046367900944973,2.2623192733522206,0.7737016052205703,1.6164514590012735,-2.2489031267688238,0.1484181988856231,0.08787272855523645,-0.6426640301477485,-0.04968196828512837,0.40077737694255033,0.7608895172377244,-0.510288255253585,3,23477
GSM7890836,GACCGTGTCGAGAACG-1,14.155365715704727,2.959473461129159,-5.105049587851311,-2.1167889505770163,4.895863008577632,-0.5503074838676988,5.057636033317527,2.5300695164890588,0.7354210636845464,-1.4103273843028712,-0.0718290123757226,0.5372636318396473,3.5878822574282725,-1.8463906352233008,-1.0974614926777815,0.8695224403697362,-1.2139376477065742,1.3908063233878927,-0.65453705403565,0.486963184850465,1,12263
GSM7890836,GACCTTCAGAAGCTCG-1,-0.8906233120248176,-7.014697780672952,0.8845985717698113,5.310704875977402,0.626422951489575,0.7804693439966861,-0.13842155976810144,2.397915329346495,-0.10830631730544592,0.5564610755206812,-0.565881892070237,-2.0320768033943657,1.016582148675011,0.2720624451448611,-0.6233328925542426,-1.1154890021366166,0.9714002126474777,-0.04650910237452608,-1.4662180477088655,0.6359998931565354,3,23056
GSM7890836,GACGTTACAATAGTGA-1,0.8075699524693194,19.354964611748336,-5.5067633580983175,2.9311957139638705,-1.3738035902159533,-8.547177103580644,-2.7605199497104786,0.7390848403916586,-1.9378816107436119,-4.032679287360592,3.3985473033333777,-0.06831587669014154,-1.1646524314837656,-2.617439289568761,-3.0142696361095265,-4.290334437625079,2.9460296802558497,0.7054354047687018,-0.8056414172225196,-0.670923232675848,0,2561
GSM7890836,GACTATGAGAAGGCTC-1,-7.405538223039663,-5.192299798025258,1.716460505858322,-0.15360611476322386,0.37294795373796613,3.864822027192799,1.7859034020663067,-2.611425996363333,6.183823761227656,-0.18860719979050639,3.822799390490849,-2.4244803181371646,-2.2383191454805202,6.807842548266516,1.1398528827121803,2.1078739880753656,1.4203850530838293,-0.19730814763857665,-0.8400885737850006,-0.5544140263833506,1,11243
GSM7890836,GACTCAAAGGCAGCTA-1,-6.899281618662464,7.4809945194818575,1.1905727013446465,5.3079130095383675,0.033061143252296935,3.618593030521693,2.726657619143559,-1.1700814192444007,-2.1451404531076244,-4.039450668214381,-1.1722154210915814,1.8816086382166721,0.5906948874137642,-1.12578628822286,1.1592804265370267,0.8510973227802799,1.5576594796820877,-1.5832311285713982,0.6844964029781611,-1.9038609390225796,0,6111
GSM7890836,GACTCTCTCAAAGGTA-1,-3.584916416859922,0.7351889263407894,6.384352895750408,4.539657549755447,0.5520304190252553,3.1933164106539196,1.0841575039308984,0.2918198765907353,-0.5240677932545599,-0.5028292820831028,2.7696334602095556,1.1215970422433912,-4.622239257987529,-0.2165478230077095,1.4662365928734102,0.19238758275081203,-2.0748990485376093,1.168322882731046,-0.3219196267511968,-0.873197821245405,1,11908
GSM7890836,GACTCTCTCCCAAGTA-1,8.611062420074015,1.9862929376511327,1.3393534255426247,-1.291797937732787,-1.2315674967996988,-2.11634226815349,3.247212624184753,-2.18868595335415,1.739778790241925,3.0405445242801736,3.045423165439568,-4.064536020273092,-3.507871738900722,3.2758442549788067,0.06905623176074142,-1.4987065255948724,2.723903068286774,1.5579845461328814,2.5920998947075606,-0.2730441840777181,1,9743
GSM7890836,GACTGATTCAGGACGA-1,12.362825017885209,-9.2404396091539,-2.816181969346906,-1.6937611638953272,-0.5089452729099826,1.6470037102230568,-2.636199096140663,-4.344169553305351,-0.3013690619119455,-2.6787372076310003,0.39246679800876205,-1.265468301442643,-0.7356542809399277,-1.0856726235185585,-2.0640542586367703,-0.8799141483869197,0.008209120451839386,-0.9674344361891348,1.3344525084620755,-0.7397481673992273,3,22457
GSM7890836,GACTTCCGTGAAGCTG-1,11.26550897980501,3.0252035089924303,-0.8584804985232498,-1.1601926321151872,-4.7819243182819475,4.092264670227562,-2.813729689632629,2.750086732937403,-1.646537810748473,0.9247646160772254,0.5637268824249259,-0.0572979327645014,-0.3661962067365077,1.4113984452695691,2.366753714297128,-0.2615114474660888,-0.2024179604449743,0.618392653712289,1.61587648184659,0.08543111162020957,2,14429
GSM7890836,GAGAAATGTACAGTTC-1,9.234571669373084,3.6636095595894984,0.870054829291131,-0.8550724258326745,0.8320307038456174,0.5267526830002495,1.351515584226489,-1.612579989153227,-1.8430532030153735,4.904019496036941,-0.7298141725378996,-0.2735993991447975,-0.6038684746644309,1.1105758936110877,-1.5555061617311732,-0.8602181917143364,2.548670166134726,1.4963307867634525,0.753252836063371,0.38268913305828106,2,16937
GSM7890836,GAGACCCCAATCTAGC-1,-1.2505176018081336,3.3277275321963162,-2.060002932473349,0.08399095770056873,-0.9040267817745414,1.4232801578437861,1.6751431059086284,-4.416735851686187,-2.696915721470454,1.6069851422111376,-3.679330992548627,-0.30444363036235134,1.4738965211755668,-1.600369314173033,0.27864603089834356,0.7430255181516217,-0.8044306977075267,0.6239594314603226,3.2891299559844103,0.41479694138425655,1,9687
GSM7890836,GAGACCCTCAGTCAGT-1,3.563203939844866,-5.397178113540302,-0.8141628336208891,4.222458995977616,1.6815186657274785,-2.5862468690262475,-0.5127019411124811,-2.288969815750474,2.065682002264019,-0.7427472559003054,2.781853142787639,-1.1688238503253463,-2.6996772351514764,0.6501579848975145,0.7221809806506715,1.2555201194111982,-1.726511029037388,3.7721670184750096,0.6145030718774264,0.8278747056341856,0,8670
GSM7890836,GAGACTTAGCGAGTCA-1,-4.429207599306436,-1.3363683854602748,-1.5652994990885019,-5.495378260201915,2.1517269959539966,-2.6751398130387463,0.4946076561310449,-2.445098081029676,-3.29375915468491,-1.0514696664511802,-2.2323230226082833,-0.7137669794253547,1.5066511999039724,0.805423295718406,0.16164082159469947,-0.2531168414665341,-0.8877563734046913,-0.5402320418054235,-1.0972409796442704,-1.7431802787457784,2,13322
GSM7890836,GAGATGGGTATGCAAA-1,6.957137063857063,-2.884688444803762,-1.8798053321130246,6.676841070653339,5.459766125532567,-4.663069593070654,-0.5573515002031556,0.1516609499985636,2.9996840983510378,-5.1980642693867285,1.6870300723806206,1.7971553165826342,0.30559788854817793,-3.388321786126437,1.2072542461609355,-0.016169778013896283,-1.585586165998389,2.6393376288249852,3.983720548347558,-2.016214260467914,0,5896
GSM7890836,GAGATGGGTGGGAGAG-1,-4.0535039583687364,8.14332898869923,-8.501208446221444,1.5787014300840756,-11.544041088305299,9.450515632358975,-1.8912174340850005,-3.8061134417169455,0.9328206780411277,-0.18829576285713845,-3.6760582856386574,1.9139520365950038,5.117471785455209,-2.0058165501327405,-1.8844364610284179,-5.2706235914841155,4.479005022485263,-2.065024994634205,-4.836436531627902,-0.9927202289962951,2,15946
GSM7890836,GAGGCAATCAAGGCTT-1,0.9176452879891889,0.030563800403575623,4.435485904637038,-2.4850459370193123,-0.6547077396385763,-3.4361705779893983,-1.8221776961611091,0.7852514755098878,-1.8060043697999757,-1.798266338402012,-2.9999223836217244,-2.863150649401358,1.2779204934463637,2.2840245267479364,0.7560127998273024,0.12220391447162857,2.6627242109947513,-1.5146401192992855,-0.1886669384502309,-0.4809988890351598,2,18085
GSM7890836,GAGGCCTCAAGGTACG-1,3.4831303497293606,-6.9055496902469775,0.047515317689634864,2.6047720228902267,3.399102014484369,-3.4382736398962193,0.9096605269286306,-3.082972160154906,2.019876204767539,1.828556330897928,0.23080827697648845,-2.1906220823972427,-2.2510679843627703,-1.2079452485447488,-1.6990943766573467,0.5408394410988508,0.8963635220134799,0.6973295745885424,-0.22414023944318257,-0.6759967934910739,2,18245
GSM7890836,GAGGCCTGTCGTTCAA-1,9.408713563304007,-4.828794900390814,0.9795868425357865,2.7703810940686497,0.996062718640843,2.0964187311620073,-0.7611508015953864,-0.7400685265459757,0.26940693098680907,-1.7205229573342071,0.5156585676093719,1.7361692662903212,0.9853026456838784,-1.8757000496656904,0.5107787716737254,0.7364732193685013,-0.9840064846210864,0.378605512038728,0.07747976807760898,0.29480283762546816,2,15313
GSM7890836,GAGGGATTCGTAACAC-1,-2.8224594325599375,0.8349366988513554,2.085411401405671,-0.9296156326555861,4.088718381276804,2.743105239220221,2.127017170869703,-1.9027219849598411,-2.486707942939775,-1.8505917461153198,0.15369906305070824,-1.1308248724737884,-0.5760896097874513,-0.566788746317228,-1.680235926317358,1.4051570152014912,1.1060649191635339,0.8795057307666955,1.5863772003877246,0.45319780381409475,1,12244
GSM7890836,GAGTCTATCACCTGTC-1,-3.2829048347673453,-6.906256154195082,-1.3688697960775098,1.5506773229265796,-3.0932489581785028,0.5192057882881355,-3.7370790614279064,2.50413979891612,-2.9896571253928848,0.3120315712543603,-1.6550764428017337,0.44912423467324303,-0.3587042621910402,-2.336056481827586,0.25331575947550555,1.4699334856203186,0.9483462713802913,0.034212728878788595,0.25241788338348936,-0.23505479844192106,3,42221
GSM7890836,GAGTTACAGAAAGCGA-1,-8.773708937626028,1.9750599879038229,-2.629458576502981,-1.6144402965344575,0.30007378446025956,-3.48859732166608,2.481178745774103,0.7499501420775374,0.32174381164941385,-0.9058469057082713,2.853910919076808,1.0924517593680088,1.2630259805526078,-0.1509224528655191,4.616195667514427,-0.14493756354948728,-0.8965232517703458,1.8135063422443154,1.1127615823275587,0.1660729414131302,0,5116
GSM7890836,GAGTTTGAGCACCGAA-1,4.582682856425764,3.6187848688096267,8.143199784724109,0.8956500363194894,-3.1497149004346583,-3.072569570915694,-0.2758220014221706,1.3662937313523822,0.5267058331193477,2.044343412975871,-1.3537900355494874,2.585259094359022,0.9091161961754968,1.4237460037716076,-2.319418268571293,1.24492978912916,2.5770793839195725,-0.4116621803974126,0.7335582748115115,-0.6910238664512156,3,20844
GSM7890836,GATAGAACACGCGTCA-1,-1.070993763216576,2.246378630460082,4.462976180185008,3.5840868701129733,-2.776152108909692,-5.150954986237195,0.43970320528596735,1.305267999893132,0.7186527481492139,-3.1600681025023065,0.0037498005175916446,-0.047579523671221105,-0.10641397874816529,-0.6245872974742026,-2.0658572855320383,-0.8288625447697536,-3.996811286016192,0.990123090905957,-0.05948817234281597,-0.40494572940521784,0,6816
GSM7890836,GATCACAAGGCAGCTA-1,-3.4391206911320924,0.2563495651575778,3.4717917746710447,-3.7566701773415367,4.891471032864504,0.6857144376958764,1.2975603561435776,-1.0913933869510586,-0.5811870689651066,-1.2700242026725335,-3.948989323528556,0.7357074120795067,0.4988858339961404,-0.3811130475892779,-0.481208743664739,-0.27257416144509555,1.8266446342563265,0.43486984178500226,-0.7476722492165929,1.210898425515242,2,14215
GSM7890836,GATCACAGTCTCTCCA-1,-2.774757176022647,3.861479661283584,4.837686256268497,-0.4010358201765432,-5.117914705002257,2.832729912106097,-1.8551724871525181,-2.751193753740917,1.2618866973245393,0.8808288448279076,-0.9631471549678026,1.4842836060009779,1.2499618445928193,-2.3640982670158137,-1.3172925075138338,0.13790264410022143,-0.6953256571029877,-0.8691981519935412,-0.4107660013728955,-0.45846079257729405,2,14912
GSM7890836,GATCAGTTCTTCCTAA-1,1.9549599643059636,3.4778590970974825,-1.1529366780261936,2.020093659153578,-0.2662407144393015,2.4044164134186423,2.614059673080699,-0.30576330442046684,-2.3961525419695358,2.50171753546566,-0.4466731696935473,-1.3742255117277165,-1.5874255877993528,0.9851110608666455,-0.09088883546167938,-0.44165900602878483,0.0908378918231102,0.7111302838470246,1.285902503744134,1.9618734550609134,3,19522
GSM7890836,GATCATGAGCCTCGTG-1,-7.283375020597745,-0.695206763562294,-9.195630142072183,-3.48332469237759,-2.6101991826392625,0.831422710484828,-1.779807380292929,3.02821217705274,0.918769218814771,0.23974322413590649,1.623167396976277,-1.2939542261789279,2.1028169223573157,-2.982375169624131,0.4875981855145012,4.55896632691295,1.9790486775773128,0.685169715771962,-0.4417433848409744,1.233068077930583,3,20474
GSM7890836,GATCCCTAGAACCCGA-1,9.602508229050864,-7.032169878113791,-3.1523052588178113,-1.4602173443510245,0.3452077417188686,-2.6113277727923965,-1.8547403408797543,-3.7824793600528492,-0.36152356513391176,0.9769504476920096,1.4081584973401096,-2.2509705704501584,-0.6107926598153594,-1.4594238617842692,-3.2134877406977473,-1.3346181672599404,0.2494481664609843,-1.5801101693422315,0.5355697117487783,0.9875972384279056,3,22454
GSM7890836,GATCCCTCAAGTGGTG-1,-2.942817258236617,-1.5047258116781856,3.2646924895302045,1.579179821525144,3.1176976770435196,-0.5504630085779837,3.532901430577575,-2.0385618555966896,-1.7659022811231528,-1.0909432906790686,2.028315630243708,3.46791665595409,0.32901174594917193,1.2652657332787,-0.1696007107400182,0.018266108629833487,1.783426450752648,0.19586306302290143,0.08735345280422417,1.266153492078824,1,13029
GSM7890836,GATCGTATCCTAGCGG-1,8.127751292824868,1.718633133841183,1.863712485389053,-3.3508564547590156,-2.5259519804373496,-0.2710788339243236,3.6970450776123203,-1.0713463476177238,-0.5937705355430818,0.8624763595218251,-1.6343072849988285,-2.6289437164721408,-2.7994469285920385,0.7948186358323346,0.7563753525363881,0.03266210770918577,1.516373112283385,0.39129025011298046,-0.44033352980267154,-0.336002309190326,2,16811
GSM7890836,GATGAGGCACATATGC-1,1.093547015153905,6.105100749212423,5.206436322120433,-0.0830406229873968,-5.9633628934090614,-3.0326502318366813,1.4856136503006734,-2.1201842042550245,0.5794639476932344,-1.4230321716402374,1.732442878565846,-2.648291683689434,-0.9359465703211641,-1.4661976648551747,-3.2199017872038866,2.1710875658461495,-0.8147789697168735,1.8235376752132908,-0.8318884514295978,0.04532700028399738,0,5812
GSM7890836,GATGGAGCACTCAGAT-1,-13.088509427224837,4.436854927881737,-7.78177785129623,-1.3613841357849477,-2.105756566142689,5.165700826897757,1.7611175376794312,2.0316139305964094,2.054708984379148,-3.206889786580362,-0.3418626754261476,-0.0345684984846001,-1.5934441674740192,0.0226626463988128,-1.7629176590053668,-1.1961810274939968,-1.015763728355769,0.696357701745243,2.4731393529659353,1.811574415451181,0,8784
GSM7890836,GATGTTGAGGGCCCTT-1,-4.166352765017923,5.0908276045645975,8.482270946099467,-0.3030282477656163,0.6521186484642927,1.5079219287289731,-2.091794796606756,-1.1207712919836776,1.1815648024911356,6.418825593521523,4.738128351606018,0.8832100415421651,0.8558592975458138,-0.3180124191356083,-2.401251871347118,-0.25875317092200406,0.6505783664094669,-1.0333120964149611,0.18721951773989537,-1.6893121548595975,1,9978
GSM7890836,GATTGGTTCCGCATAA-1,5.700915307698549,-6.404226482606828,2.214199059415192,0.4399041775110852,0.1302714482308626,-4.4928107630369825,-1.638338403599545,-2.52805058450551,1.3345634768805192,1.524259075671155,0.6597956639306942,0.7181871762469054,-0.06305843455364987,0.11563641827264322,-0.9354956824589242,-1.0161572462823136,1.9936047889698039,-0.08342073507997275,0.8071374156532265,1.1116436779669536,3,33493
GSM7890836,GCAACATAGCTGTTCA-1,-8.770482296894007,0.5022140425217463,3.860685394984044,-7.891062308459292,1.4342794910968282,4.947242919570279,-1.2904507623034605,2.3423538836689084,2.235394981695872,-3.8290672698047743,-1.7380784797134678,-0.557358446330214,-1.687071532195496,1.0082260023593947,-1.3394528218275712,0.034421320263512696,0.6649299420280469,-0.04582643562609171,-0.5548663971080063,-1.816162996284411,3,19804
GSM7890836,GCACATATCCATCACC-1,6.533162434695801,-8.308772324343265,-1.9030911937339485,-1.7795330147077724,-4.593216710702174,-2.375833303589267,-5.1612846152980145,-3.0181377592496843,0.12265951454056574,0.9981505234423482,-2.045724343836544,-2.292082179175918,-1.1497940144993306,-0.7066164219565801,1.4741099025125188,-1.620074185804678,-0.11220470597558896,-0.8074738692356977,-0.23614018535310094,0.4857137131594021,3,24940
GSM7890836,GCACGGTAGGACTGGT-1,2.2847658424769985,14.16697012137635,-8.530134794143981,-0.39161869801311944,1.1895116131022623,-7.126373809588751,-0.0027535254343311285,-1.2114473258887326,5.734617096042265,-0.35452246846091273,1.4332256200870996,-1.9398550360023927,2.9356135927283415,-0.6001500393596664,0.09507813696982247,-0.3704990653973646,0.5302805029424579,-1.3561456896514803,-2.6636946376400186,-3.1139249375929636,3,28087
GSM7890836,GCACTAAAGGGAGGCA-1,-6.251010964330232,6.388112087108591,1.2832523088984424,-2.6947463398951537,0.7884241939369114,2.405294763480752,4.231750673277225,-1.0610300895073943,2.1689090734325585,-0.4006228564125277,-1.2232442263843968,-1.8840565512398249,-3.4146264155043595,-3.089654949275396,1.6935776035155656,-0.21582473194372462,2.732249157260143,0.31699518236230634,-1.114419822355839,0.806321652369072,0,5648
GSM7890836,GCAGCTGTCCGATCTC-1,-11.657914879287599,3.9799256588410854,-3.3508057802091042,-0.9931233388518155,1.7900855243480729,4.03107402353255,1.323629085917019,0.1996134730599057,3.688423849025145,-0.5398967943852637,-2.9579226641510825,1.1135614025616447,-3.037340219033527,0.7762176083846423,0.28630321251904395,0.45641066998348573,-2.337184523878267,0.3131983039696963,0.9333392361930718,1.1390649912574589,1,9829
GSM7890836,GCAGGCTCACCCTAAA-1,10.442087776718163,4.858890128716618,-6.55648197960956,0.07292980637167608,2.5612349182221954,2.2539170912025126,-4.859112060111974,-1.2692082345151114,-3.900030158155475,0.13090667490213923,-0.9129094672315787,-1.8852446952018542,-1.9855303411051377,0.47982563811118917,-2.255643108484366,-1.4147726329814974,-0.40894498849736877,1.7026496216588134,0.309547586925907,3.984274854749368,1,10421
GSM7890836,GCCAACGAGGCTCCCA-1,-7.631309857986059,-2.7718669270850427,-1.5965345228770398,-1.0631270813858151,1.2985927795858363,2.5416051550471854,-0.3818620959313483,3.735328202588163,-0.2531222354101465,0.35776415545734624,-1.8637877639973532,1.0871254659662717,-1.4530700130104566,-0.27337404087575173,1.6432795816330301,-0.3688220261101705,3.2949407779390643,-0.12715390733515866,1.679694602678359,-0.6142370853717467,3,22488
GSM7890836,GCCAGCACACTGGACC-1,11.371146523075788,-4.975305988187105,-2.320009577504506,-5.101258730516328,-4.79671390729334,-2.305171881880585,-3.1323428909550315,0.04704061831945533,0.6718140089214077,0.7564278110625355,-0.5524110670202695,1.581755281727633,-0.4158034566751643,0.16066618382298498,1.2376660769833956,-3.350898544191968,-0.9031306052499761,-2.2142303192680193,-1.146009276327291,0.7622756729610307,3,33370
GSM7890836,GCCAGCATCTCAAAGC-1,-4.81743976393103,1.5120254366766834,-0.8731846305024392,-2.197207470679287,1.6325356953995311,-4.029690958153173,-2.936566984602329,0.8382284000347654,0.08912343119188858,-1.5926361851726853,-2.2897025309927836,-1.4793406956962691,1.9120402051912966,-0.43388204429362587,1.9655658007647931,1.971625686584787,-0.27412655022800797,3.1145119274767423,-1.3259602920455054,0.7260810176784039,1,12461
GSM7890836,GCCAGTGCAAGTAGTA-1,14.944002434459616,-3.5528637561633434,-1.1515243685339316,-3.5960585172792707,1.730582672907218,-1.0253258278145627,3.056185337803494,2.285175727643329,-0.5794083840455827,-3.1271746950754173,1.576241434619304,0.04202403372162206,0.8641475105383611,0.7803085389454402,-0.13114830596063407,-0.5551805081026825,-0.3820694483456768,-1.1861232416122989,-1.0416272611621904,-0.29874799264938323,2,15354
GSM7890836,GCCGATGCATCCGGTG-1,-4.814925204536405,0.6186871173226034,2.5881753974827935,-3.733049557262728,5.4101634615862855,0.18706312739646067,1.8841008364365999,-1.671734225715368,-0.19105255147950098,2.7158218774461798,-2.2919035018611393,1.2545086742567821,0.5362322657220218,-1.351714919228362,1.6717742690846256,-2.6878999369653322,-0.22859364712403826,0.8024022004002725,0.9043994644556674,1.3630778855674617,1,10803
GSM7890836,GCCGATGCATCGTGGC-1,13.869332859563958,-5.4200716347635405,-3.9942469752273055,-3.7877470102994275,-1.8480520224864545,1.5915846964211997,-1.3074885581211941,-1.3680859312141969,1.1355033810642425,-0.98637091145981,0.9051273474626946,1.2961773255045725,-0.6035280596530279,-0.905327650252559,0.6142847107843865,-1.2324992605907508,-0.6036911193472319,-1.985014826325028,0.12302262181070497,-1.0700422961674108,3,29026
GSM7890836,GCCGATGTCATTCTTG-1,-4.272026379371403,-2.5576231338118016,-6.0012849774237775,6.2539363379822746,-4.21623370695708,0.020113974064784518,0.9530609343906339,-3.773948644333055,-0.8668875084120646,-0.06521929625792998,4.997164928642902,-1.9935742713654427,3.22760898232687,5.186762734380157,1.706626230745526,4.210776336786466,-0.31524436378999576,0.33833767886855104,2.1273063900182945,1.607667782230477,0,8490
GSM7890836,GCCTGTTGTCGTAATC-1,-4.485204799742567,1.269166450095276,3.6375702093554594,-3.8957658753104027,3.5210167125043363,5.0749269112153215,3.7073461025087107,-1.0316812062002352,-0.7112370105226961,-0.9589437800261575,-4.928812354671837,0.4060578871128764,-0.7078881545466453,-2.5698526257879606,-0.6237307402073985,-1.7456207216888218,0.45580949910684476,1.1285288115010714,0.6805983963510105,1.796479972793603,2,14297
GSM7890836,GCGTTTCGTGATCGTT-1,15.372773080814644,4.027367027703519,-5.440086883309615,-2.8661645445986963,3.4462591458842695,0.25968910159476427,3.186984290958557,2.595138466751009,-0.4631991834817037,-0.31247079263248617,2.757926079284133,-0.9365111812916993,1.4351714525572479,-0.03476252311526213,0.6615862876138248,1.2869654176492769,-0.5828333147870416,1.74799203901214,-1.583676658399081,-0.7101101363917018,1,11594
GSM7890836,GCGTTTCTCACATACG-1,-5.257446220539948,6.720059976191248,7.403713206536386,1.574646786721276,6.185426284601703,5.756737264963847,-7.804988874439419,1.2105024512252667,0.4138473569754692,4.806028422557216,5.097820224459138,-1.619366197930257,0.2761040504662644,-2.3294158493875776,-1.3774865830944591,0.6013450081955849,-0.13580655660128532,-0.37281919002771197,-0.5085622784692815,-1.8494669137212696,2,14848
GSM7890836,GCTACCTAGGTTACCT-1,14.119863119717067,-5.283862944493041,-3.5002947117182748,-4.582593911458321,-0.6015940953920369,0.43300413734696436,-2.16595388228033,-2.495834078740092,-0.6506232090510516,-1.3398057603849465,2.3672182145986467,-0.48842976016579315,-0.48742686171664645,-0.90515276868013,-2.0839973043143285,-1.1683204726606442,-0.25601969841956235,0.10488198222636727,0.0031947187187406105,1.0292083312360625,2,15793
GSM7890836,GCTGCAGCATGGGTTT-1,-10.235282531390398,2.473541500091639,-7.860884960771757,2.8170070120916133,-6.93711673834649,1.1909219069068735,3.1974549116232778,-2.932687558446118,-2.5894535350700676,-2.392482708661723,5.306091799950197,-0.45919406599079365,2.223908962673916,-2.495724057979954,1.5506783278056886,0.7736147173652854,4.131034873141625,-0.47177757776443446,-0.9274743361518663,-1.792681442674554,0,4701
GSM7890836,GCTGGGTCAAACCGGA-1,4.116130314861795,0.35653381612717283,5.308098653127521,-1.9987561564488228,-3.3226822152653854,-2.370215302684782,1.4930392840577098,-0.9107033982894547,-1.9760655256030348,0.5348836863429615,-0.324963778769098,-0.006614420883969533,-2.198479631577191,-0.08583777706544826,0.7230896604029114,-0.2693447990055813,-0.1043268880135755,0.5645962962594828,-0.5049987560514312,-0.21826894859051718,3,19717
GSM7890836,GGAATCTAGAAGCCAC-1,1.5831520757043718,2.8940215618248573,8.291855949809955,0.6108049325863364,-1.9175750192566952,2.7337867047902153,2.268095089313258,-3.266680733064623,0.7535892589427607,0.41048826787653175,2.594749570276719,-0.33517562443238186,-1.7236290210255707,-0.19430365301649036,-1.6330733409070282,1.851533530894511,0.4714865637027458,1.2646524727936794,-1.2623423199534294,-0.055772051359503375,2,16818
GSM7890836,GGAATCTCAGGAGGAG-1,-12.699513931832264,0.24343462025310345,-5.285997087457789,-3.4494365901686748,0.22311906113828275,3.687182033296918,0.5681761815663305,0.9389101682404358,1.1043185135948341,-0.07936880219177903,1.5067098220371764,-0.8445631687930927,-0.6911635100747743,1.0224799141528613,-1.4376549419997127,-0.48746889181939845,-2.389345031100348,0.718931347174085,0.898590006156216,-0.7834893687176131,1,10579
GSM7890836,GGACGTCTCAGCTTCC-1,15.706878980066477,-2.189052820672475,-2.618021418016764,-5.498747048002344,-0.638645093250988,3.1226869193045306,-0.6907056782655049,0.7234168393777924,1.4728550910279998,1.1856271926420117,1.3096068181920726,0.45435000566872563,-0.5409785915096136,0.13217610554582535,0.6103721076984093,-0.08727359515987194,1.2956640416972227,0.9378491099585697,-0.3116275403050955,0.6526740936628125,3,34809
GSM7890836,GGAGAACAGGCTAACG-1,9.497627081451007,3.632094975304175,2.2823975928921763,1.5116847110633727,-1.8822719295166774,2.855917822891412,-1.6788270664089904,-0.3445369102219116,-0.9501162094999033,1.32845304729316,-3.714734261259581,0.2603070901464943,0.052871626289003,1.0316632506380403,-1.222999970011111,-0.938878703656366,0.44822675814290813,-0.2572274749319582,0.8464000644174885,-1.0513061047810142,3,24228
GSM7890836,GGAGATGAGACTGTTC-1,14.675892299811448,2.1226399053145037,-4.323741259031511,-3.956074301691615,3.7316179115790566,-0.6162407896423466,5.1642025473260045,2.1965825526996094,0.2520876859490535,-0.9085786026016185,1.2239870920052098,-0.3891074680498714,1.9707788061426288,-0.40530659159890114,-0.8646092933454143,1.0224694707227915,-1.2380756730344977,-0.7324673714702092,-0.09952657215592099,-0.5266505732090078,2,15169
GSM7890836,GGAGATGAGGATCACG-1,-7.995303343903636,-3.7993018977314446,2.3628510221604935,-0.5815339159097432,3.9091978370191156,-0.4891790221731272,3.0660997538794126,2.793718325155603,1.292014101108142,-2.0236066297367112,-0.24170561587554548,0.5112379802795897,-1.8225077415928033,3.1790678441322555,-0.5301765994290913,-3.0821594401094843,2.172932773131742,-0.3760546119306061,-0.04314251925561146,-0.2778902561459834,2,16711
GSM7890836,GGAGATGTCCTATTGT-1,4.775717564977089,-6.665158863721455,0.7951140593342396,3.41315335540567,0.8233335297760043,2.2133858407908704,1.2055483142444516,-2.4998796683694278,0.3053753575471109,-0.5193107980364723,-1.758033129149105,3.9657290955186175,0.07277224789787366,-2.377339814859502,-0.459067387617841,1.6796025938544832,-1.9441338538499182,-1.6353604131949837,-0.206930678902854,0.0033806616817100253,2,17505
GSM7890836,GGAGGATAGATCCAAA-1,-0.26359149525679626,1.2698957218305258,1.7658391967208962,2.246193548754917,-1.5424863474586108,-1.9759056132515926,1.8093576574275771,-1.4878018839753302,-0.6970744994218321,3.0968371702514883,-0.12875745092991903,-1.0469416132828686,-0.11415007084851414,-0.04817522603252541,0.11707613084719304,-1.2016735679244097,-2.1880072245096978,2.4181900350807504,-0.7558362740223004,1.4307844612595824,1,9701
GSM7890836,GGAGGATGTGAACTAA-1,-8.787986041604091,-3.7557864973485637,-8.230312954348403,6.352309668529087,-6.004591009784983,0.7608332857640033,4.161066943661155,2.4859429570654084,-2.454864424998998,1.3313495062249887,2.3925863367189826,0.582807362343517,1.0734293759063906,-1.927119233952775,1.021495215387522,-0.7962378464124528,2.9713121787292223,-0.30796460347120014,-0.28607647518459306,-0.5051926718614684,1,11508
GSM7890836,GGAGGATTCGACCAAT-1,0.5972247893556206,7.216441049286639,7.560169893672811,2.282272419542287,-4.822435159963063,-2.6626837464232027,0.7988712226074923,5.011954826733246,0.6440759808160569,2.80319224534778,-3.2680036548479072,-0.7697703648955075,0.29959899352402547,1.8504517167281045,-3.605827450482234,0.2788329107840589,0.3564325981160018,0.5823148896784559,0.1868796424983068,-2.2714088073114334,0,7930
GSM7890836,GGAGGTACACACACGC-1,-7.045606070108617,-3.9934636217482247,3.7386478920679966,-3.6090959254089507,3.629848113065929,0.43280968541767256,-1.1945560453775392,-0.35586120645155833,-2.1540246922304878,1.76345665124046,0.8744552155795074,0.11548438600437302,1.007884247003572,1.086882014749748,0.07065051797669508,-1.4720621550876838,-0.7710784735646439,-1.5298941975820388,-0.11429739569888998,-1.1674015825707318,3,19784
GSM7890836,GGAGGTACATATACCG-1,15.45328432920354,4.413070964458913,-4.41307065974132,-2.280144008380721,0.20186380713066251,0.05607954279687383,1.42796650525281,6.181788749494859,-0.4722401524309378,2.1260689803707327,3.7366120984708973,-1.5882944411480864,1.080612956817901,2.327372235949706,2.231394947864326,-2.376274699757103,-1.8856046531885295,0.5078431723334372,-2.3314244297559,0.03430475125312775,1,10863
GSM7890836,GGAGGTAGTCGTGTTA-1,12.676211277573016,1.2491882788951139,-3.9561939468722227,-2.2478317411123276,2.001941180209477,2.4052603958646213,3.6049011086405063,1.0243415767224342,0.18224632772101337,-2.3121140158471607,0.16801718966250348,1.9676856578118425,4.074711811716052,0.6957666144236576,-2.448941495764347,1.5478345305937975,-0.5780775667222666,1.8615703998269784,-2.6782999882044893,1.8601236555423886,1,12643
GSM7890836,GGATCTACACATATCG-1,-5.879430510267593,0.9436563255659604,-0.70079988949932,-4.328918202806444,4.630150858624846,-0.42677102278024914,-0.2768141420046473,4.167148164148297,7.061591507885751,0.8193048792569636,-0.9526873517362522,3.406214702472398,-0.6016890948437794,2.553943124894553,2.8681691652736423,2.17630733663425,2.0996214112169507,-2.5851984515187763,-1.2251827276740557,-0.7033438162335892,2,16116
GSM7890836,GGCACGTGTTCTATCT-1,-12.379156162297766,-1.4246227993863254,-8.531851731254607,-3.2233350258610862,-2.2550511058945086,2.293408801829509,2.385395432640341,-0.756016110929385,3.936197444809943,0.04762763954019598,-1.799241588748147,0.41385562857918784,-2.9659270774921844,3.556781557095799,-3.762510362417465,-2.850913114271617,-0.9222967996966771,-2.7244080523234353,-0.2616278870557469,-2.9313647077666762,0,8492
GSM7890836,GGCACGTTCTCGGTCT-1,13.044136942757676,1.3699607074224913,-0.17143197435676802,-2.457501144475153,0.22123684647398312,1.093364846442939,2.250901030292785,0.9982444536528199,-2.5623355031828248,1.1417296584213572,0.8284739641096769,-0.39338867562921065,0.5782574493857202,0.944394170304656,-1.3607644826305512,0.7064189662874972,0.3843361393010411,-0.4756322299335654,1.1979920165341273,-1.3097152431040584,3,22070
GSM7890836,GGGAAGTCAGACTGCC-1,-2.951468146632684,-2.454814308581682,-1.8745818544973774,1.2865863036746343,3.78426490284749,-1.5006555598838995,0.6476963164787854,5.036473232637558,2.1874171708554004,0.39679656439660366,-1.774022736046355,0.4982211913302224,-1.8916343026798161,-0.24376839606984005,1.2609268467720849,-1.5614894210881514,-0.26496246700532183,2.7175949757044724,0.21021998825174856,0.41928267467033414,1,11088
GSM7890836,GGGACCTAGTTGCTGT-1,-4.721578427325237,12.85530164120821,-3.656008686918862,5.580656574713016,8.476099375146125,-0.8839531888432027,-6.638644740240469,3.0136413941481957,-2.216565305386214,-2.6281935606693545,-0.5492428024149303,0.38425301508939796,-7.74206954199194,-2.5271130289407435,0.1670184769675435,2.307551604326405,4.756211325595768,-19.94950708460272,-6.035420624651254,14.022900180798617,0,2550
GSM7890836,GGGACCTTCCTACCAC-1,0.42636773060407873,1.2760631759261205,2.274503179410513,-0.1842126784401564,0.5310908566191851,-5.11162774100525,-0.1879160988449527,1.5510191545997738,-0.7945662362980724,-0.07831942666610599,-4.258110445470263,-2.111060284031644,1.5681153178248652,0.09309678795794676,0.42597786444300856,-0.2732849371736899,1.511630858417997,-0.032832829410074496,-0.7656133226458992,-0.24237900314053662,3,20154
GSM7890836,GGGATCCAGCGGGTAT-1,4.030305486224843,-6.232628481361245,0.5150754287387331,3.9342580809670102,-2.445161053964287,-1.0467540616091362,-1.9340036953302628,0.40705279991919036,5.4245106707124116,-0.836832937711811,-1.1630641411498241,-1.762855290413111,-1.5916927230397906,-0.06399025444851628,0.13451760287468156,-0.5225641776960056,0.0254676131829205,1.0235917317281797,0.3548770605821453,1.629226978496623,3,20535
GSM7890836,GGGATCCCAGTCTGGC-1,-2.2905316261629936,3.555422182203407,3.4403762712674726,3.9410134763789637,-1.9110640902679363,-0.5088887372978198,2.046798439082086,-1.8431850768364293,2.9913185781364175,-2.299497071972556,3.2760458584519516,-3.967916655204605,-1.3071188601138974,2.7537500084280837,0.9912781629235462,4.868213750372106,-2.315910461775496,3.201490568625478,-3.500705179726342,0.7792062052250097,0,5420
GSM7890836,GGGATGAGTAGAGCTG-1,14.436948147116931,5.559515779529538,-5.349951726466104,-1.5804025545267055,4.016738857236587,1.7325371774497709,4.598276818013681,4.0825589821941355,-0.4187973863412085,1.5209619264590621,-0.442870809281853,1.1279602123009453,2.7636530589084822,0.27692009319459854,-0.08129473995492331,1.1944345230416702,-1.0338287364723633,0.2955285831035373,-0.35031173185983433,2.1855329659786915,1,11365
GSM7890836,GGGCCATAGGTCTACT-1,-9.552774363384245,2.490799079704708,-11.886850778002074,-3.0310921434115206,-2.0268490612355694,0.3291605973680947,-1.3621537779648154,-3.222480720568927,1.3794913343152515,1.600234055218798,1.516476708805411,-3.412066950486088,1.9467361932293705,2.848063393634045,-1.8231113970306914,1.5829947785145597,1.7007220504406635,0.24288813294101763,2.5179046087004853,0.7404147786506837,0,7788
GSM7890836,GGGCCATCAGTCTTCC-1,7.829739061264777,3.7439139326085003,4.2250532344717815,0.36823282992551387,-5.1293165881597815,-0.6471745759585686,1.495909943870669,-0.7410566592194143,2.2099118488744716,0.29920388448110563,-2.4453373343316303,0.9848207434916922,-3.0649682859710654,1.3840037467473707,4.857531179694562,-3.226432666090213,-0.4985604606327099,-0.8527913592082812,2.520918763786112,-2.3690432019549004,0,5925
GSM7890836,GGGCTACCACATGAAA-1,-1.9522025878353784,-5.821062520028271,-4.924471110931261,10.796371626444007,1.4041992033908708,2.1736268031675685,1.1328915920316727,0.5058996575988005,0.2394096147193685,1.4418076842940888,0.5329244738335684,-2.493646937495584,0.8196800286367959,-2.0839765482480423,-1.6911516452067492,0.3583217804695957,-1.80900869145598,0.9028783550687519,-0.7730858039140138,-1.4952804463734541,1,10489
GSM7890836,GGGTAGAAGGGAGTGG-1,-5.08305925183567,-0.37694228580190126,-5.477472106173159,10.941851078624818,-3.7167166521285417,1.8668861971120918,1.3143768885628753,1.0077388946643875,2.487163962114037,1.8431911887259296,-1.4902732523706863,1.1485969766725928,3.951062048773155,3.6988056466352686,0.37540356389858126,0.16315643531443064,0.45857982386399715,-2.4001213611109606,-1.9681101539169674,-1.8847610203105956,2,18122
GSM7890836,GGGTATTGTGCATTAC-1,-2.0967537161149843,3.4645514591833457,-6.511095312645352,-5.1482397201605,-1.5753396995685585,-4.308662728712222,2.3320875879722753,-3.8073739227727748,5.306371077206147,-1.4235678632686084,0.6581989036748983,-4.689359123853684,-1.8319052075768871,-7.020474843955384,7.169400376727651,3.8194541393414196,-2.1444648852603008,3.781962151801743,-3.4694878975566352,-5.217564045253451,0,3093
GSM7890836,GGGTCACGTCCTCCTA-1,1.2757350107685466,3.188114493189238,0.11827488583024237,-0.8978977648722078,-1.0150045385093325,-1.9177775799447325,-0.7036888676360952,-2.8846947949637483,0.07739028823978418,3.1255525785549003,-3.140558567184431,-1.552545984602328,2.682874973835923,1.639168333533227,-0.46746325414667145,-0.5061331728799023,1.447181274257948,0.13080097284186262,1.2587602837599083,1.3516516181740417,1,12940
GSM7890836,GGGTTATGTACCCGAC-1,8.476972103060769,3.0472554647458057,2.8048007117147917,1.367825354807665,-3.71382169980513,2.533764951056891,2.8146646688560026,-1.0338998175103937,-0.4987343144204764,1.924085774004405,0.8016406292131965,-2.3115345284919666,-4.198947543387386,2.0909267534132874,2.9796056431344278,-0.8397795660616917,1.2857296688889617,-1.3216162174905381,1.8130237254693955,0.1158259635891469,1,10218
GSM7890836,GGTAACTGTACCAATC-1,-5.347992525989005,-0.6673857367506717,5.299429463296733,-7.85452087170732,0.8738529605139133,2.3726096157759105,-1.7727286610967734,-1.2642076906798774,-0.4596698219703047,-2.3948995383338314,1.5181845271600596,-0.5005274541366052,2.3871741631034946,0.1893833949152934,-1.9678057679513825,-0.9133295548177576,1.0147168782992264,-2.1107181758521985,0.618151043350787,-0.3088894603251747,2,14632
GSM7890836,GGTAACTGTGATCGTT-1,-8.75736817063768,-0.21245102773037808,1.465165317200978,-5.020789898878504,2.81293552242191,2.367154541754233,2.5785752936672584,0.2330449476541193,0.16392122958896788,1.0539818325345276,-0.4796358338766938,-0.4479782381675732,-0.452893018862322,0.7434639371533547,-0.27586967031895154,-2.015745526358228,-1.838184815295019,-1.3745742668321772,1.1929789100480164,1.2277165896453497,2,17356
GSM7890836,GGTAATCTCTTAGTTC-1,12.439376654306152,1.9915920798883235,-0.5618768938658742,-2.8299485637573767,-1.2567934167472525,-1.638162301575127,-1.258898198556794,1.4427414895167967,-0.11991081477534923,0.6330680545414061,1.6293053138036035,1.8744362629286893,-1.1955413836003022,-0.9820604966610479,0.10059550320598645,-1.0646432697798556,-0.39738077189398957,0.4261408123266043,1.5069410783285226,1.016156855930927,2,17394
GSM7890836,GGTAGAGGTGGCCCAT-1,7.292270544587899,-1.4364586111831417,-5.487680147515596,0.33154192845594277,0.6457065695097952,-4.9375094764430525,-6.456913446555276,-5.758029250663725,-0.5881673492324297,-0.5024587379742151,0.7227094399489459,2.2687845101228,-2.8113325050437084,-0.9802833498493835,0.7818185824057917,-0.6043479324702871,-0.36448917259231345,-0.2957205150566987,1.6430319062496355,0.739658052429023,1,11265
GSM7890836,GGTGATTAGACTAAGT-1,-7.444278148198098,-2.7086728983412156,-2.0251519499783375,1.918842522904064,-1.0547147431145767,-2.105156421142154,0.8230166411869814,0.005791185654012761,-1.3636759084231833,1.246967279741272,0.38773529072620205,2.112300280486288,3.9559086846102414,-0.0918957619616415,0.515740900063697,-0.4718706189139659,0.3645839780202977,1.4498557892618302,0.32523055296070863,0.24690577479891931,1,13058
GSM7890836,GGTGATTCAAGCAGGT-1,13.861699258227409,5.3656805752280246,-2.382412048682506,-0.9720189816739578,1.4993908490872307,5.001584206629488,-1.3529007258469121,2.1175990908056037,-2.3910681863664243,-0.11174196825595946,-0.5574067875458671,1.6647354249704431,-0.15684640455250787,0.9243178966244594,-0.15103717955220902,1.8147549696673881,0.08395146059624958,0.6386047510692285,-0.8765843040222431,0.01719409509460854,3,19548
GSM7890836,GGTGTCGAGAAAGTCT-1,-3.67569719626572,-2.2938981095924085,-0.5612773270133362,2.1139591242805422,0.6579024191484255,-2.2949725362151567,-1.2948906534107771,0.4153233942367166,-3.636182856705526,-0.2969780551517594,-0.6975380008873779,0.9752254732541694,1.452178418419785,-0.3767361932588964,1.9572114078265697,-0.3818181534725712,-1.6966176073359867,0.7660406729260328,-1.6030994014591664,0.5429777407442506,2,13460
GSM7890836,GGTTCTCCATACAGGG-1,10.608575715831442,-0.9748907321812921,-2.2967779811829687,-3.1057116582320767,-4.352479533428449,-5.590063547898177,-1.8115045858717072,0.8912917919435147,-0.7314070994833419,-0.35729081558124354,-1.1100502759755753,-1.6016392834989746,0.8888954581283983,0.83000264087318,-0.27198143809833436,-2.596504867695826,-2.188912786580788,-3.0643908140883536,1.434299321881835,0.3032739238009681,1,10008
GSM7890836,GGTTCTCGTGACAGCA-1,-5.092984250995059,-2.9647840968873678,5.963357638933015,-7.773723066901572,2.627526216562548,-0.3738548915287849,-1.7186233010076308,-2.207056089446188,-0.11662925946924485,-1.567915712769779,0.347092392909737,2.6335873497612377,0.46581665890950064,0.20457696002138856,-1.448839852080061,-0.11900040400252716,0.4629993368336105,-1.8454454378638911,-0.6356721403491346,-1.5223192550353977,3,23278
GSM7890836,GTAACCACACGGGCTT-1,6.005094654039684,-2.470425680605326,0.0876571578768338,5.076441094896743,-0.37740533305275276,0.22810111164851526,2.766301994692425,-1.6440555376828307,5.016446023957364,-1.221263553752086,-3.504741289699576,1.6079738249810815,0.18401084687808394,-2.4962122342382767,-0.1344957232857716,3.4251405578168903,-3.18918374053236,-0.9522826949831906,-1.0271781991175175,-0.8603693234871784,0,8331
GSM7890836,GTAACCAGTGTTACAC-1,-8.558680001131751,-5.604528292376835,-7.2946423745402,-3.320022590571524,-3.6317898114180855,-0.6803085880881354,-0.059651400583855985,0.6731882454048803,-2.0313240344325756,1.2888757293285045,1.4980128703080038,1.1777119830913576,-0.40896309706488065,-0.8319340219474818,-0.12067044408377561,1.495244552449878,0.4283597483777568,-0.9275165232730381,0.9681639323358282,0.5008534973437961,3,25712
GSM7890836,GTAATCGAGGTAGCAC-1,-5.91131432323686,1.149090851932814,-1.39913616476802,-4.503098152158082,2.3061782344482458,-3.3445992815552126,1.2000946806883448,-1.323613671182617,-1.21001477195302,0.29886046690711765,-0.9384760518156975,-0.20598506624025975,0.6034093730523099,-0.22862448365240415,-0.4858566351544289,-0.5125920791028408,-2.415579163622041,2.268497921540445,0.6930868584254574,0.4025891623508186,2,14307
GSM7890836,GTAATGCTCTAACGCA-1,-8.89759638851027,-2.591037576918323,-2.821547972190771,-3.821442832544024,0.7585990877168222,2.4895583426164367,-1.477252007917078,-0.4930822005812585,-2.366706271034103,-1.8896745115928206,-1.6334078125729528,-0.0342998724217877,0.7678745907142115,1.9966981924425506,-0.24955583944934603,-1.4344809032869907,-1.758212648670733,1.1726703254624786,-0.2573773244240885,-0.8201147590296661,1,11690
GSM7890836,GTAGAAAAGGCGATAC-1,13.401331922468486,3.4908532728844537,-2.815880987120602,-2.6665912802323413,1.9259028136258212,3.937700277815411,2.962542419754275,0.6866999613104433,-0.3151017776241154,-0.14105952067066133,-0.9084834590042286,3.2855687485089993,1.5035177014950563,0.4203283855756465,-0.3435081229965121,2.12941230383261,-1.6026872529897787,0.45728204777125686,-2.1893192387827516,0.6201797251935156,3,18913
GSM7890836,GTAGATCCAACTACGT-1,9.792676397787147,1.4044823071774688,-1.3701057410613937,-0.8520888628039668,4.061034674395962,1.475846655373087,2.472026775021784,1.6267823092199079,-0.047921021618204815,-4.391767254422466,1.6597385782846283,-1.8534985235033061,1.0842731869328541,-2.9636958700324243,-1.9523305761128744,2.608376701183999,1.2528677311977572,-0.9937580632419228,0.8357934514073927,-2.371130803694259,2,13194
GSM7890836,GTAGATCTCCGAGTGC-1,-8.654686485594238,-0.12281702679037242,-1.8445169726223216,-3.0055726625327686,2.2056994075149836,0.8310657127413685,0.6166009410014509,3.292256361433768,2.4381362620991713,-0.5055962453444625,0.02216890563176202,0.8952719860235834,-3.3695500664125024,1.7844571340305049,0.12768879320302665,0.5546505439017491,-1.5495778538137825,0.17780726740574881,1.927109290064788,0.3942822258803798,0,7428
GSM7890836,GTAGGTTGTCGTGATT-1,1.5990305636148476,-0.36954330819209075,6.507028575221581,-4.373053088012813,-1.9030106610521953,0.8725421383794717,0.7477242078082708,-2.2601215858930477,-0.4426907922434878,0.06803603564314514,1.7175752601913543,1.141737094851287,-1.312805240165989,0.8564213368544494,-1.1622750222186762,1.5441157680190662,-0.33687786497317324,0.5649090771959967,-0.804139314647168,-0.08914851674970155,2,14975
GSM7890836,GTATTGGTCGAGTGGA-1,16.43819385324766,-1.4354390060356537,-3.4465617044661414,-5.288036218701892,2.2003032185458204,-1.3010797289791807,3.636158203137708,1.8363777959479723,-0.4802346265997495,-1.830969704377238,3.1803609607861847,1.602666303592269,1.3890782322583142,-0.9652829901801739,-0.3637125754322925,0.21077271796321012,-1.157128290219825,0.21381939876944975,-2.569864304920151,-0.5263879562513524,1,9957
GSM7890836,GTATTTCTCAGAATAG-1,-8.080624833956765,-1.6665065550670057,-5.0643038678543055,-0.37273360478421314,-4.9484983668666205,3.009620103140231,2.4971495864256266,-1.5793887909629216,-3.6889175158890386,-1.3456252014912822,1.4048554627192325,0.04762578066216843,-1.2437817587445714,-2.3405641774527552,-0.65191003648983,-1.0185158116181254,-0.3058887247124128,0.18011508931245354,-1.0665153033945418,2.399720963075752,0,9371
GSM7890836,GTCAAGTCATATGCGT-1,-2.170056250075426,-5.2597619142675205,4.077706609556447,3.4393923510585362,2.572691440159379,0.48096395483318993,0.7513668739213044,-0.011953786318337167,-0.9943417068953081,1.6854057272193665,0.2928710778985764,1.3997338797059722,1.7045133855878987,-0.7846029743828944,-0.4605760119230296,-0.3792109966802821,1.0493722261143807,-0.9444090934609349,0.8301965494787917,-0.5078014516313399,3,21193
GSM7890836,GTCAAGTCATCCGTTC-1,2.442022658924763,1.894852799673691,4.090114546332502,0.03737909306607199,-1.8496276928526312,-1.7655035672305552,1.6002478577151082,-0.6558640269684665,-1.8590186702662772,-1.3944086503589928,-2.0028766521557353,-1.0120701771747798,-0.24046227584138405,0.598470866587049,-0.1033226070458155,1.0381237889995556,1.4311795468832809,-0.40447430642052434,1.7733464901589435,1.3711347679633048,2,15088
GSM7890836,GTCAGCGCAATAAGGT-1,-11.650036887105992,2.634690515244108,-7.4180367444079955,0.38620038690929825,2.106511311436129,-2.172561183550633,0.6210664567094357,4.0697315078579335,2.410410368242906,1.8884478323899165,1.5388323333949472,-2.3645392850846165,-0.37054990504274216,2.95935290747523,-2.4054544527774198,1.5534540585067587,-1.0931353153187244,0.4226657401324887,-1.0803111796953888,0.6725441592039069,2,18147
GSM7890836,GTCAGCGCATTACTCT-1,-3.8276270224956037,-2.1920001924606507,6.7753869742674455,2.740385509899022,1.6588482623474587,1.4108240758041806,-2.39112101722239,4.215739756734603,0.4366249636940006,-0.3242883316488985,3.3873400837645975,1.57636916493906,-0.8002325601645418,-0.23648521544813578,2.2898703676626444,0.752264259093239,-0.35094055757177334,-1.090397494195058,0.6234962342854596,-0.29569603076169065,3,19317
GSM7890836,GTCATCCAGCAGTAAT-1,-2.8761322735782158,-4.569137177379545,5.406962700816397,2.3453948103472575,2.319328897754227,-1.3205032478044043,0.23433443512755617,0.6278733407156075,-1.956779747458157,-1.1095974126019164,1.5125404499513608,-0.5079613191596932,2.216300961692955,0.9724447375648217,-0.6876012903139815,-1.3849383427831894,1.9435509061380984,-2.0687451455841672,-0.30289611409553346,-1.0165142645384582,3,36634
GSM7890836,GTCCACTCAAATGCGG-1,-3.4432006634395798,3.3276158863023424,0.9048773574621148,-2.8971493838174727,0.02815733466514525,-1.1536226236347829,2.2115634104363595,-0.8748022755086371,0.7739515225586593,0.9087130809619415,-0.13648529507729057,-3.334265409162567,-1.1100933951438665,-2.4604697304682013,2.044129319988975,-0.02988106986616391,-0.37888203086815037,1.6635973639500805,0.9166362128554244,2.3245647393907536,0,8968
GSM7890836,GTCCACTGTCAATGGG-1,-6.582274248273527,-1.5410660433112893,-6.3549789031322526,1.0570783392265906,-6.064629810691483,3.045969881768679,2.461903202170763,-8.074093986857752,5.259809074374076,-3.333724781081503,3.077982006675866,-5.164650223584674,2.1773188666971577,7.028279385142382,2.4605697143400858,3.9591896482892524,5.2222914803608464,0.70709029854497,0.3688834123616011,-0.5595714164393791,0,8072
GSM7890836,GTCCTCAAGGTACATA-1,-11.482820307705634,3.211324704420277,-3.486458480147919,-2.7490785635648294,-0.8618402152158116,5.333088469701339,3.683323157885306,-0.38314838610966473,3.5435327883124548,-4.781206740491107,2.6755419654921373,-1.0350949789861106,-3.714011569022398,-0.29572809141014356,-0.7302034477646852,-7.32138690665519,1.8578809374371117,4.330213094935355,1.5164976591641095,2.199373895998297,0,4679
GSM7890836,GTCGCGACAGACATCT-1,-5.243137614030066,-1.2295166527933459,-0.9219735422493803,6.227928722332604,3.6198249606750235,1.2365619687769398,1.2139171925402386,5.883884978897572,-1.1002653556541895,-3.0146088065819923,2.429127353166527,0.38672240178694955,-4.66203783944139,-1.7560611918199638,4.502803085907937,-2.676883239163704,-2.9239752943800505,0.5622535043467473,0.5556005244815041,-5.215674943268892,0,6036
GSM7890836,GTCGTTCGTCGTACTA-1,-9.155660243393068,-1.3277529509744435,-0.8769951932675145,-4.913973548552702,3.425529493637086,-3.85243232857579,1.655807638051988,1.9858712477273035,-0.01756703284088056,-1.7859639913490217,-0.5371634596279361,0.2648673757440023,-0.5753265061910579,2.0424426166307748,-0.7393141161604747,-1.9499165000752101,-1.6661746057585072,-2.154170581100733,0.9107560180151218,-1.0362773493738875,0,8021
GSM7890836,GTCTACCCATAATGCC-1,-9.978073221327831,-1.9459035383782595,-5.488427089763629,-1.868688043145689,0.8889054105921552,-1.8150138058951153,-1.656073663412581,2.071860617954289,-1.041703150390522,2.89423614902201,-0.9158567256903866,-0.22645824286658328,-0.4631816271527483,0.8603880926112615,-0.4798031079257732,0.37995395065364307,-2.056821316524631,-0.19037618866428557,0.27927912550036527,-0.7783946553977863,3,27672
GSM7890836,GTCTGTCAGCAGGCAT-1,7.583180692072005,-3.804352152417026,-1.5072031930850482,6.35919548997927,2.322412321456825,3.2583754383092955,1.3478133866488873,-2.475514895412402,7.842663314515811,-1.2241626907579817,1.148939930211567,-0.3579344047835493,3.409680673032495,-0.42350278926401347,-0.2488482054615632,1.1257391095617426,-0.29017739394745135,-0.11186040926815967,2.2626706068960236,-0.15045636494431114,0,9372
GSM7890836,GTGAGCCAGGTACTGG-1,-9.28712512654996,-7.347215394433775,-8.44325427023339,-5.747109504723451,-7.339355978006377,1.2930572587006015,0.2236387158375599,-3.4665580718294486,1.362969448647858,1.5828989492200045,3.213672314363041,4.036730594774428,0.6643602957534301,-0.24815454603847525,-1.533144224924009,2.436889069559058,2.5805931225487373,-2.3062033180062196,0.7898875660612178,0.025212983741785322,1,13020
GSM7890836,GTGAGGAAGCTCCACG-1,3.7418621172075714,-8.855946485971119,-3.84307836195252,4.90359869339398,-4.25138255877399,0.14687554885676585,-1.8689565384457432,-1.8753701366359274,3.9119930449035953,-0.5163842476337698,-0.6328170848573847,-2.9566500280267385,-0.6129877406809366,0.8761409044319213,1.7968403955180685,-0.5004777767408264,-1.3867840997730647,1.2607166139419643,-1.5305839583167984,1.9899197735173104,2,15478
GSM7890836,GTGATGTTCGTACCTC-1,-4.10837528251358,-3.2392954908489857,3.152511957150342,-8.496021273709218,1.9419686306222463,-3.878886783250415,-1.9378985576315189,-1.8796170104643863,0.09936734564146141,0.5564195550270613,-1.1691110661870436,1.9481886194913125,1.931120761674534,1.2886896980885916,-0.44000731862546527,0.5896343313103807,-0.3624788738080756,-0.22296296777042082,-0.45674934861004174,-0.7308952890256991,3,19910
GSM7890836,GTGCAGCTCTCGCTCA-1,-8.67576907990355,-1.4606843151930249,-4.092235106588,1.2942648673423058,-3.858599925140427,2.7863161777476493,-0.23450535775878226,-3.2599256334148223,-4.120023694136379,0.9149152829210832,2.4561566583847547,1.4078248718096888,0.9533752856163725,-0.27801878803899427,1.5136930507321902,-0.3896074029558507,0.8453851572179258,-0.9392040243218494,0.08979342800093053,-1.0090843532586855,1,11263
GSM7890836,GTGCGTGCAGCAATTC-1,8.521473789630676,-3.486546403754253,-0.9142949669888676,-2.686123311847809,-5.565647879467475,1.1825390213573244,-3.4316986937217457,0.36941174756963646,0.8560536339046564,-0.6549903082110985,-1.5235555692291936,-1.0063798126499612,-0.4232545411042661,-1.4121855896299151,2.3648014141195626,-1.6288754123904658,-2.7782889011481773,-0.48000595370056465,-0.9672176364237016,0.09269014118547086,2,14238
GSM7890836,GTGCTTCCATCACAGT-1,-4.718074931631486,3.1383917780054684,7.37422659657467,1.450347800468273,4.204173424249072,3.799766594023979,-5.330809883076291,0.46626332888821603,-0.09347085456929545,4.814335254152792,1.175474606019575,-1.5252684487814048,-0.6977617717426482,-1.6408162141860587,0.33899596088964223,-0.738411820425165,-1.23640065427379,1.5850521889209859,-0.2778940475816223,-0.6544500692489151,2,16342
GSM7890836,GTGGAGAAGGAGTCTG-1,-2.5576514018618517,0.1800809561261393,2.892206148945362,1.5754911526251492,1.242497710688889,0.06817490390328776,-2.167860540874581,-3.2368071114373045,1.4933306971790932,-0.05624905201118068,-0.8227328957858312,-1.5728429493833305,3.9340901078358654,0.28833992555526516,3.9003598727978472,1.269327119213319,0.06436731090199047,0.530470442673759,0.8932340309757405,0.8073618946170834,1,10699
GSM7890836,GTGTAACTCGACATAC-1,-6.139317943053783,0.7754322089354548,2.060565339156084,-4.024171943115138,2.2037367499432206,3.718544222849318,2.286812429103735,-1.8253485514974421,0.014637144025637115,-0.9870191250522481,-3.3292069338271686,0.6533063899289343,-0.8821422786392165,-0.7593055129448206,3.1302440864168974,-0.3292642154448937,-1.6010368798744656,-0.586066877907775,-0.8206992381584209,-1.674058139265463,0,9540
GSM7890836,GTGTCCTAGACTACCT-1,-4.712471877413683,-5.836818776174109,-6.169719995672774,1.8629058749988376,-1.9488161915595172,-1.070016988882547,1.7711412636054085,1.4159050910022832,-2.7862866465379894,2.299261551355619,-0.6943551061626824,2.413882332787182,-0.03995575585393156,-2.103859263003204,1.7522910910976903,0.6237981035576546,0.19114696375530843,-0.7725512326246425,-0.7875709321835985,-0.9661779355737214,2,14610
GSM7890836,GTGTGATGTTATCTGG-1,7.6852259100457045,3.6973108752304533,0.9984696376674489,0.03305649176207479,-2.2111447016865404,0.5693964026784182,0.4494762748936667,0.26025413160059363,-1.568252793299996,2.812470959557012,-3.527921343625895,-2.0938947959206793,-1.5650663862337102,1.8124059927818927,0.57712500142971,-2.4245324483514135,1.8791189286849188,-0.09789634037908448,-1.50586711799507,-0.3573384561922581,1,9757
GSM7890836,GTTACAGAGTGCTCAT-1,-9.791071256226449,-2.1773374687232594,-4.34048008626466,-4.696129377197858,-2.5246621037385655,2.504836451718373,1.1522131243797173,-2.7602070150843336,-0.3022278547068773,1.4267451149319046,0.0693042525719557,3.933475741604618,-0.5042496477908506,1.4965030574303737,-0.577632861880678,-0.09944604867498823,-1.2724007985132162,-1.1276551105804973,-0.5653127535546708,0.11217594182744518,2,14855
GSM7890836,GTTACAGGTATCGCAT-1,-1.6147657868143677,4.082614491548417,6.564248194666992,0.11249193927711355,-1.896324215972997,-2.251067096447206,4.466222227739208,-1.2310528922809092,-2.4168023818892674,-1.657393725760822,0.5424252053636595,-1.594210293534943,0.30530069491515915,-0.6448764243087073,-0.6914986846468836,-0.7592044468639424,0.9570713844575237,-2.1865846662585366,-0.04367176123846221,1.934173462993179,0,7621
GSM7890836,GTTACAGTCTTTGCTA-1,-0.27435445408089654,-0.44470636319076323,4.092275466381414,3.196682332956442,-4.206526146227879,-2.4657976720532853,-0.621962676160169,-1.286412207694912,-0.5152776089766852,1.6093277651845506,0.07100832533779798,3.5785131486533803,3.2980603341744414,1.4822978692648965,-1.6367087545800436,0.5657522538136538,0.9197867574488943,0.5658694779864871,2.191759700570665,0.5385794275237146,2,16248
GSM7890836,GTTAGTGGTGGACTGA-1,12.752245934553194,-4.735231106806051,-4.753756968464337,-6.122829207797922,-4.2996516111744025,-3.116950217580184,-2.5941862327278886,-0.21488279954555364,-0.36812464820600493,1.4595868731200288,0.6040614416395035,0.14888467749178524,-1.6115823306325907,-0.18684797396937128,0.6658218191869418,-2.8667857924098366,-0.7350599130571484,-1.3193387669449217,-0.7905324670726593,0.6882890584949092,3,31719
GSM7890836,GTTCGCTGTTGATCGT-1,15.508324378801836,0.3736780976708862,-2.2036543305316982,-1.6992391521463268,3.614903842446016,2.7548125331630486,-0.8591594625754968,0.7731346079959198,-0.2008339775139302,0.7555392015378469,0.6265029127202616,3.2051032495894054,-0.8230167199260636,-1.038657644843896,-1.6175728310474085,1.684792213299265,-0.3475404882709669,-0.09640626201645784,-0.1471320737959446,-0.5340884023902479,2,15869
GSM7890836,GTTGAACGTAGGTACG-1,-6.311216098931632,1.1808752606076567,2.912294293475158,-1.6206971298095694,0.31941671255289955,0.5899753374984997,1.97836816279435,-0.37595702242781587,0.4369424798340468,1.0264860371035858,0.9197429149382884,-2.970832804769718,5.364487672721967,-2.739161903187654,2.5825972963476125,-4.539171086057072,-2.882984198909005,0.29913767765820537,1.4314906078537457,-1.3066422038166106,0,6841
GSM7890836,GTTGAACTCGTAGGAG-1,0.20856574735663197,4.036514453656039,1.2024655072550172,4.8770550241820345,0.13174552292489916,-2.991881938444288,4.34961595701301,-3.9223367016227177,2.764492873567788,1.1929221830625991,-2.674084705353421,0.1979080769869513,0.47053257406493704,2.654055602846714,3.2695292044403153,1.81895052850989,0.5574927555257513,0.662410602058978,-1.132181082713715,0.9966389092287892,0,6773
GSM7890836,GTTGCTCAGGTACAAT-1,-7.088786255648422,-5.591326089689303,4.376077475725836,-2.8644060563809126,2.8807631906918743,2.432649242823223,-3.417296700242703,0.19184094700658977,-0.34280624887318656,2.1469285716732345,2.338324322808515,1.077425263493689,0.9362052065618485,0.6130543242074532,-0.6096644536799664,-0.553748800788025,-0.14197051819713188,-3.2252025258371617,-0.7199519800096111,-2.1855671974785187,3,30425
GSM7890836,GTTGTAGGTCCACTTC-1,-6.858402797547329,0.19581205536249705,2.2833465121867005,-4.849447039491927,-1.1794727608318387,-0.0486416907858376,-1.5813661729370587,-0.4128054747712551,1.681430542712801,-1.0180290503345801,-3.610547380554195,1.3169254940833957,0.34713192720942926,-0.2258939732812233,0.642847737426046,1.6694217971495506,0.2847070528000764,0.6066893692834047,-0.5346805113517346,-0.3626851344741924,3,20018
GSM7890836,GTTGTAGGTTGCATGT-1,6.4533849099709615,2.8721170126474607,1.7526020123192503,0.6151663244558684,-3.6143518711119023,2.1657073982334096,2.983298389335439,-0.3413851149339324,-3.5034181108573184,2.4071687879493715,-0.8151148961244624,0.005910414870936472,-3.2219807037624304,-1.4652036734764717,1.472517962225086,-1.4447280128469446,1.8184740459094813,-2.152259489654887,0.7213890781369102,-0.9621188415865444,1,12373
GSM7890836,GTTGTCCGTTCGTGCG-1,-5.239289029458183,-3.794830337423992,3.0429280471760203,1.032875771266561,2.995924601554656,0.9829357401836878,1.6102901944615815,0.8966422839329458,-0.4418422001793394,2.1814946310294783,-0.8832566513096111,0.5086410289044752,-1.1961934527699103,-1.3521004587075902,-0.9908108343758716,0.5003232908774121,2.3170208074408065,1.0846642930608776,0.07586843807023048,0.05775534100770687,3,36918
GSM7890836,GTTGTGAAGACCGTTT-1,12.610699750124574,1.7388540995720352,-2.8073137988076833,-0.32172298774217295,4.222024805207699,0.17271642940267493,1.376462348803644,0.16443860926967965,2.4504207761884884,0.9582528443651454,-0.8048664510321807,3.3563490354623897,2.432821832745949,-1.311391990316715,-0.33164351356171423,-0.27874508352563343,-0.18812347338259158,1.7122139219263879,0.4282349987122111,-0.34248864264644185,1,12808
GSM7890836,GTTTACTTCCCATTCG-1,-8.06151715712534,-3.2312359960839507,2.9804565530599705,-5.8200606283905145,1.9910395005016375,-1.8029818853478166,-1.0252859804232481,-0.48362884351017965,3.377598310353641,-1.3826625511868111,0.7148405320886692,2.555687248460992,0.3452317265919255,2.58987501675623,0.7721192748342298,-0.15982820519157173,1.0054038604366204,0.4434607405522304,-0.30960498624033517,-1.5598895014102203,2,17870
GSM7890836,GTTTGGAAGAATGTTG-1,2.120848124971774,-0.3280749813897724,3.046285785224165,-0.8812532010535505,-1.7545927810249817,-7.237077862503795,0.002900286138210693,1.6085912736496315,1.03084248310394,2.145607223040416,-2.970008065573346,2.4935678110110935,-0.2753445724693715,-0.9257704690257901,-0.1913150877805272,-0.2412641695705491,1.1607591292899901,0.49112292277002484,0.322754933007709,3.41364616486534,2,13776
GSM7890836,TAACACGAGCACTCAT-1,11.55201182298602,7.346470781594249,-4.742787281048995,-0.24855308589011907,3.3734420957975555,4.799920261912592,-0.3346463678941775,1.486529040593572,-5.094369979360335,-0.3258293588655043,0.26403146273125866,-0.6764198190141355,0.5483097761188133,-0.5828708862497137,-2.4689848031918373,1.4642542449690952,-1.3327319127853166,0.28759828584105984,-2.3470979056077517,0.43137949481471827,1,12447
GSM7890836,TAAGCACCAGTCTACA-1,-1.6320031554181733,1.398245193196265,8.026918039727834,-4.146515765336922,-2.693323831056673,0.3705752820420815,-0.8871761732576401,-0.3525700290115521,0.9425151107006277,-2.0036311433438847,-2.7638407014505058,-0.24443467523185697,1.6068594236409321,1.7613875272613604,-0.17514554780733116,-0.1901298986566533,2.236400546237433,-0.5965416322870164,0.27931807877330156,0.8432504413636646,2,14657
GSM7890836,TAAGCGTAGATGACCG-1,-1.2819593096787807,-0.30211513681086843,1.0477879315291432,1.8116864014373877,1.2818574947430172,-2.2721491097722333,0.9885853084414526,-1.8867740199478722,1.390040987451126,2.533158518573353,-2.788313860355931,2.07563471018047,1.0223633545947721,-1.3121238461176525,-2.1221169310177657,-0.21771961972776385,0.6632090370264557,-0.018444320243044418,-0.6861623258859402,1.6364059339507786,3,21709
GSM7890836,TAAGCGTGTTAGGGAC-1,1.3975438925500248,-6.649846606976965,1.3602499037398361,8.8558973275705,0.3619773300603233,0.8109401449658956,1.6717748526426233,4.713010446267741,1.8632880387014061,-3.4915360145340717,0.23002393155999923,-1.149760204017424,1.3682942807396385,2.6128437873490675,0.25593195936376023,-1.039121389102234,-0.9721218307106679,-1.3214695574314197,-1.5299231617982287,0.3041593504711944,2,14239
GSM7890836,TAAGCGTTCTGGCCGA-1,12.560353670513463,-0.8402978355529539,1.2281709470098836,0.19191553504117428,3.616109781434102,1.227122111270403,5.024397741321628,-0.9065750078316748,1.013976117697683,-1.9455877794701466,1.0494646740118334,0.08055436851903387,2.0638228696666596,-1.63574071841665,-1.8685260251174651,3.0808110756737737,0.4768486384502684,-0.36673143586835627,1.8730567552547408,-1.2872091292857126,2,14463
GSM7890836,TAAGTCGCATGAGGGT-1,-0.29901724250549383,6.7737674029162696,4.238822481184969,-1.0041715266935005,-6.706156434385906,-5.224417273405405,3.9121188218424727,-1.4235299428936674,2.753717352704024,-3.292830724267169,-0.8177066659774725,2.3347632743015203,-1.4713342616871223,-2.616208631859036,-1.9163607380539378,0.9496176764931431,0.3559537337137318,-3.553800276000102,-4.556847772805282,-3.470957791663905,0,4027
GSM7890836,TAATTCCGTAGGTGCA-1,12.880773336643053,-1.5707163186870203,-3.6625889541058156,-1.241828702561597,3.527446882068301,0.2724218469724447,1.2786995302511581,0.14109231565386737,1.8235328611132329,-2.168392378751852,0.007552496766573738,0.39033714705843753,0.8000689523233839,-0.3224998485021651,-0.9004407085153749,2.6960016569557737,2.128406582444795,0.457997128723242,0.8461919323403395,0.06620231139048927,3,32216
GSM7890836,TACATTCCATCTCAAG-1,-4.31530357843914,0.9343796090539648,6.498409945851639,-1.9547573582770967,-2.205564751885001,2.144509942826003,-0.23904845243772696,-3.1637023384347325,0.18524584923294332,1.5655569409116923,1.6847510326613362,1.0162381447740065,-1.2179240480950364,-0.18692574571345458,-1.5820467091003736,1.2337313111661934,0.8351989163996204,-0.3419836105704316,-0.755896527703145,-0.8349565803030528,3,18685
GSM7890836,TACATTCGTCCTCATC-1,14.283107329208944,0.6722980879132651,-3.8723352507992868,-3.8876568964541254,2.8342881482311313,1.1298645075567304,3.613099977564559,2.1192766595005117,-2.1308161387681714,-1.0927743170941107,0.22707177898376282,-1.3721153126325938,1.793019052130859,-0.3204099519782488,-2.3818702660689755,0.8158981665896877,-0.08436665490510897,-0.5389977267226307,-1.3763634345350821,0.8290241483440026,1,11907
GSM7890836,TACCCGTAGGGATGTC-1,-2.811763224511824,0.7456262444591746,3.631995037395154,0.02108013850037102,0.030972468207150033,2.1655686418716384,0.7414677469516265,-1.3202139326707412,2.0844013368931935,-1.914310775157892,-3.954694899516465,0.6086687519156159,-3.235409657440019,-2.3936800539318757,4.568006253895915,0.8987145988943532,2.341980729840526,-0.5893776585276168,1.4051701158887042,-1.830026995374977,0,8376
GSM7890836,TACCCGTAGTAGTCCT-1,-4.944423275529947,2.2362509211035975,5.001231672624864,-0.7165928935886924,-0.12284312263385447,2.703491390676717,1.244926643110947,-3.768466636185408,1.3917648872597723,-0.7533523359834113,2.9696187290222587,0.8988885056171644,-0.6678900651032296,-0.25977471497095483,4.404428438388459,0.8705358675210543,-1.2940529706803445,-2.416171886207321,1.4230400591848495,2.5674077001880558,0,8977
GSM7890836,TACCGAAGTAAGGAGA-1,14.621647672171774,-3.6033634071206073,-4.032062466329333,-3.3866912238353635,1.6995486714724837,-2.0729957709746385,0.6822293294716234,0.6461624435867601,0.4246200554098271,-1.8481043126872816,2.5003061079321354,-1.290624084401712,0.07294706808384323,-0.14343697441101533,0.8724905334236308,-0.5566294625816888,-0.8577429474057694,-0.0725867896019395,-1.6540392161662738,0.386146679311878,2,14971
GSM7890836,TACCGGGAGTTACGTC-1,5.584325379325628,-8.271809516159953,-1.6479412458942329,2.1218452950057416,-0.11570962981769276,-1.9584871249266462,-1.380110890559825,0.4908069032938986,1.7049250951604449,-1.8048218716257476,-0.12805522294403665,0.2362746422043384,-0.7385110043292531,-2.2180293140629037,-0.8434063079112436,-0.5983657130192992,-1.9232213765476716,1.1794145560694038,0.13437581166945636,1.2848467721737196,3,27049
GSM7890836,TACCGGGCAGACATCT-1,0.9220776811792702,7.135785162544085,-4.792215307830776,0.31645666470163153,-2.72790842181086,1.6621270427509265,2.8278873688838124,2.5885427410561497,1.0321639556657316,-3.825180786609055,-1.0287920974628464,-1.7877335706026283,3.846289796341083,-2.960405409210096,2.5387555665566577,1.9456480792642186,1.1722260537760683,-1.2644465562131564,-0.03327407546879121,0.9833707880815908,1,10965
GSM7890836,TACCTCGGTGGCAACA-1,14.952840691329534,-4.302512660273292,-1.7479747946234732,-2.9856255720854192,2.7833342733461417,0.8728217872766818,0.6782409288814792,-0.2054943072913478,0.0472462595104756,-1.7909515461730334,0.36761537452634135,1.7154679098229435,0.6139005249415264,-0.8338896205053884,-0.8325701277888464,0.6659541293238674,0.3339936973981035,-0.8799519274814858,0.34958698923302,-0.7719315141621104,2,18102
GSM7890836,TACGCTCAGAGTCGAC-1,-9.145053843947569,4.911378122022582,-7.258992718802239,-3.5233096030880864,5.083232240347484,-5.143130551835355,0.07366381971184993,1.6112390427659702,4.7004706307581845,1.6922572398324978,-1.3382827853705144,0.7039379833978704,-2.086593648287746,3.6244212004667893,-1.5541857375364614,2.00271621412416,1.5830870869863911,-0.7992340464567299,-3.1508554118680734,2.6051642713902656,1,12152
GSM7890836,TACGGTAGTAGCGCTC-1,-6.515778827378834,-3.8119055419674797,2.5408487928995602,-4.222287799720498,2.173164879155107,1.032145330019652,-0.15718086921124785,1.5773548010365692,-2.004864318707283,-2.6220742433330733,-3.1574737901523697,-1.8192703324857027,-0.17445299625674843,0.33645925705255003,-0.49611546691745206,-0.7423476516597128,0.6068127867724052,0.361459235722224,-0.443476301229837,0.38432089111647894,2,15875
GSM7890836,TACTTACTCGGTCTAA-1,5.066276750647203,1.3060499472777118,5.9970360390975355,2.0627870863190307,-2.1738901775359456,0.679802448037221,-0.8153407697696935,-0.65688153420699,1.3409808395332004,0.8961844305088948,-1.7931151190324524,1.0742802219365226,-0.2782180017602577,0.9446902589122982,3.658178921163318,0.7314573870067241,1.3727846895480593,-0.7942586324995088,0.6795815355409948,0.20864530709916446,1,11817
GSM7890836,TACTTCACAGACAATA-1,-7.718817186569198,-0.6190758495161216,0.5397160591474666,-6.425355610968002,0.42563350256161353,-0.5257025414045363,-1.6227829478984097,-0.8896640786406682,-0.24389626848775708,-0.26346714915660907,-1.4002519651823218,1.8308666806329745,0.7204335487493397,-0.40685539447071806,-0.9257062111098037,1.205338621413379,-0.4977297465488521,1.930952364718293,0.0127321793694704,-1.3883924458883556,1,12731
GSM7890836,TACTTCAGTGTAGTGG-1,-10.491947638169243,0.875571566095205,-2.413375489536524,-3.764330229217236,1.0771755657867954,2.62973976843436,2.5099671866980553,2.9710628778754917,3.0823542099807986,-1.6967674119243594,-3.5029012840737472,0.5104909749033919,-2.439944938477256,0.846690272994593,-1.4564949466528165,-1.3817583217958922,0.4171255680173507,1.920434221277542,-0.4949538077024181,0.3303915263194696,0,8877
GSM7890836,TAGACTGAGCAGTACG-1,12.24055910460403,0.1597342474441586,-0.5148058481279869,0.7886573865703947,2.5849065730715046,1.4400909940424294,5.911514270067182,0.7766463370614245,-2.9105728874783092,-1.7314591669582229,0.8594464524670701,0.7401320109503405,0.21495624349220152,-0.6655867475635322,-2.579392073905369,1.6819477694667435,-1.1412871524013826,-0.5834017410579971,0.19380021299263894,-1.4070286293323861,1,12121
GSM7890836,TAGATCGAGCCTCACG-1,-1.4673648967670232,1.597280662064816,7.155122179836739,1.2074036188558652,-3.9833701901277836,2.412618908289197,-1.3134021319743863,-0.8955167451112481,-0.3476391879295562,-0.7242164850821602,0.7713986406323893,0.6398792999972375,0.774641926054377,-1.2736461620580974,-0.7557501742048538,1.0296428699110298,0.9722307123489851,0.596210520930359,-2.1456796681666854,0.6724602035019476,3,22975
GSM7890836,TAGATCGCACGCTATA-1,-10.686857465704401,-0.8943578617626895,-2.6371100709250155,-3.577676818213059,2.0813226631039674,-2.075254388758728,-0.7928511343207076,4.752566367407155,1.586795358567588,0.9269163659343131,-0.2664984840817412,-0.06070913243849566,-0.4888492162975126,1.4033200818007012,-1.3621897921156632,0.6770057340737602,0.11067071112166758,1.5187059272639096,1.0724203247096022,0.01218192337544972,3,22546
GSM7890836,TAGCACACAACACGTT-1,-6.894654045661222,-2.126607144070157,6.111880197954685,4.068405563295047,-0.45642228193317036,1.9698202106196343,-3.21140843097828,1.381478072825864,2.102619038283355,0.035381525317077195,6.167268687421458,1.7420001182624558,0.8213634553266179,-1.7157300567320084,-0.5937908214908486,0.7290044939829198,0.772410891102841,0.7672473584783795,0.33707713160970576,-1.3594685784298932,2,16846
GSM7890836,TAGGGTTTCCGGGACT-1,-7.010156086855008,-3.36041046072792,3.787331021714051,-4.027185323603658,0.43574707963816767,0.886171394329727,0.2746826771276368,-3.2051070773534702,-0.922241589402233,-0.08907829645289901,2.5181982765219937,5.477396895592682,0.5190296263202421,-0.365523131817728,1.1795675975177202,-0.9657598174776483,0.045973895429961054,-0.24537375801576633,-0.9710169266579253,0.31797797400349287,1,10282
GSM7890836,TAGGTACGTAGCGTTT-1,12.789411771181166,-0.6970402668719548,-2.0751850820923847,-0.6801905677685673,0.028251536651493773,3.3448117673071156,-1.6991546243569355,1.8961580632671633,-1.038261813285922,0.2571620462184567,-0.7102240221404569,3.549682090051746,1.334453238216785,-1.478928455421348,2.3395356128082785,0.6658265300153787,-0.1955335266887865,-0.9206380919392515,0.9563985567514268,-1.7750746405696016,2,15719
GSM7890836,TAGTGCACACACGCCA-1,3.192463057061679,10.46143039461403,0.9212642276728232,2.8965386201487147,-5.149156765168755,-9.66209970542095,3.1239018773893372,2.6888410576561657,0.9987406244485769,-0.738249672779304,1.0887753322925848,-3.661107953277705,0.5799955240486778,-1.4034070651974517,-3.0861312713507374,-3.7279520675699005,-0.25765887836769885,-1.673665804704187,1.5461600414276224,-6.899598188262396,0,3065
GSM7890836,TAGTGCACAGCCATTA-1,-7.764796201402092,-4.131424083409665,-2.1337900085172024,0.029071356323362964,1.964121652394716,0.5253673564769392,-0.6094492289405581,-0.016921580827692857,-2.790206634810521,3.267985625163292,-1.7523536039728829,-0.09017627416711374,0.08271158153914539,0.3537708562919027,0.1956772343018749,-0.4835708776219832,-0.19914375659912675,-0.10390017919155109,-1.0176954310935467,-1.6328216700939664,3,27140
GSM7890836,TATATCCGTATCGATC-1,2.8370601962951674,3.9303316733953455,5.048272676847784,-0.9515028296746135,1.6908849015554543,3.2594782753594203,-3.508030264487553,-1.9667014214993803,0.23577181216751897,3.473463371209632,3.5834176907272273,-1.6863914115833394,-1.2838121277684922,0.9717094732948686,-1.5729561786046586,1.4476781862619033,1.1115105483910013,-0.5505827795843582,1.7779252372068475,-0.44868334139175176,2,14671
GSM7890836,TATCTGTAGGGAGGCA-1,-6.85155540359329,-5.2781634122703265,0.030149041714086368,4.870571466454521,-2.816052392379229,2.0891912013942533,0.08607494859203123,3.6607476365028946,-1.1594600816467713,2.149680811349797,1.2270291829746411,1.0211125781003234,0.1305250792026415,-1.0714757228570542,-0.19735073944326106,-2.04270918650174,4.180106564866805,0.38307478646808824,-0.6469793994385612,0.19238665010440603,3,41046
GSM7890836,TATCTGTAGGTCACCC-1,1.974871419623122,3.832628120724015,0.29594290976338916,4.818180490733116,2.237223232678158,0.5309921401334214,3.0052785209092012,-1.9643182770220353,-0.7411121571012936,3.1397998976777743,-2.522915940508355,1.8418898326025728,1.0865348519073823,-1.3410509027566628,0.761041859653513,1.8398277461884978,-1.60769056815912,1.2807375911823453,2.508937565857495,2.152066447650957,0,9186
GSM7890836,TATTCCAGTTATGGTC-1,-0.152636755858144,2.1979475937350905,4.31954130345026,3.1522797911370177,-5.322535561555757,-1.8279507729819633,-1.2251641514847154,2.624026162953209,-0.20270115445242784,-1.0280905743882198,0.7714922903662774,1.2382436583883314,-0.014494613610629,-1.266421754320565,-2.5826545584629095,0.9462752108397068,-2.9737179349737386,1.2986341571884648,0.744681935402782,1.1095605148435579,2,15366
GSM7890836,TATTGCTCATGACTCA-1,0.7070106849570506,0.7807708878667803,2.21349232263296,2.861624030731713,1.101807666916658,-3.398065336586188,0.0902639423233517,-0.5997819679172604,-1.3389744014143652,1.7542081694700873,-1.9189414931587634,-1.3257740133910314,1.7821730498942556,0.41964642815564374,0.6507760294485135,-0.6735818935150183,0.05372665271000797,0.8807285663305715,0.24458789380629328,-0.5598583987438099,2,17983
GSM7890836,TCAATTCGTCCACTCT-1,-5.1974355088370725,-0.8036777256991721,3.8652274927001438,-8.49186648984653,1.4942493889794988,-2.8374502650511917,2.0418172518914632,-1.563610561435138,0.34029780472039417,2.0518001361885934,2.4023144377174677,1.2965700585311721,-2.2834395267510144,-0.22753268139945879,-0.009474613085716675,-0.7101491409833696,-2.52861368635155,-0.20512275951781905,-4.103467852739736,-0.04687490030612548,0,6141
GSM7890836,TCAATTCGTTCCACAA-1,-7.992821839893113,-2.120953614964136,3.5844762116569244,1.836679035202937,1.1825072631279727,3.7541662786459105,-4.743834563436523,0.3065883415010798,-3.0785860672479997,-0.8117805304227986,2.9188896980531864,0.5026507129768847,0.5399825767561722,-0.8909290538231429,0.7556095182086245,-0.26274688472364355,-0.3454532179815541,-0.20468437865082542,-0.6044307961010672,-2.0144299344351624,2,16844
GSM7890836,TCACAAGAGCGAGTAC-1,-7.168339228347106,0.02892166570184132,2.4005410024461122,-4.863691702966902,1.5725723893059727,-1.3156080161735266,2.1548450955506304,1.196853627851822,-2.6031143468291256,-2.1196983254260466,3.360809761751835,0.9414169487165943,1.2780475140581262,0.32039999912078837,0.4324120588423911,-0.5679673543044437,-0.4453891048275898,-1.6808496761416298,2.562978656004712,0.2843551659000241,1,11340
GSM7890836,TCACAAGAGCTCGAAG-1,-2.9042011787298656,8.102591554986542,-0.3623868039115904,5.5205493048660115,-1.0101234143002764,-0.5813776470281757,1.6093532732537426,-0.6729645533718668,7.057477904365024,4.725182055246126,-2.8268186961802124,3.205283970649364,-0.29309742940908284,-1.1153491426782052,-2.322942473890308,2.5679781813785834,-0.17369815764623353,-1.4157583160899014,-4.767381243069693,-2.323186065682213,0,8493
GSM7890836,TCACAAGCATAGTCGT-1,-3.4005266408445984,-3.4886216648709674,-5.336965424944874,2.826979185057851,-4.204230079052307,0.3854653208940191,1.5054737040371868,-0.2153215925798562,-4.7197049978355805,2.8250064038242932,-1.5395927515038723,0.9679897527247967,-1.204007180233474,-2.595383342052072,0.5891266848941116,0.3323914456996895,-1.1463106777012013,0.15228747271106097,-1.5193061242662955,0.25216328636490937,2,16758
GSM7890836,TCACGGGCAGGCGAAT-1,13.592313109786842,-3.4292812001267947,0.7981022777092185,-1.013352216544572,1.4739676497035932,-0.08350592427832909,1.257748424322041,-0.4002985539839475,0.12433837236198209,-0.023728533829703705,0.5993944049820746,3.188844849675064,-2.4270013621634896,-0.763885690475261,0.779559668670347,2.3315937595046994,0.8751035120518487,-1.6712241817135218,0.6359258308295878,-2.816598855731044,1,12717
GSM7890836,TCACGGGGTTATAGAG-1,2.956479533544129,4.377468707163157,1.1498332289968414,1.2346477093965398,-0.15558232773277067,5.267430630606867,1.075401078145424,-2.1396436670561365,-1.8301101341510309,-0.8640629464243323,-1.3450664980430351,-0.9864491510482869,-0.5024099486039638,-1.4253480823558844,0.6018113325320866,2.655601644687122,0.6081726019116308,1.8954320500270134,1.7680289281410426,2.971019808371233,2,15300
GSM7890836,TCACTCGTCGGCTGTG-1,14.332037306895021,-5.5229905307104605,-3.636506647352278,-2.832461071516217,-1.264553240873857,-1.9506961017872737,-2.215448319668107,-3.2841461292289025,1.2384081732759105,-4.362501601189387,0.520470645638128,-1.8960136745026164,-0.5969959634080437,-1.424533920524288,2.0686480511281826,-4.099391737713664,-0.7554671222982927,-4.0782025986412105,1.5992760569012816,-1.3808799982330051,1,11083
GSM7890836,TCAGCAAGTGCCTAAT-1,0.10599759953254621,1.1835918642869923,4.351606876059916,0.9268423572083913,1.2077885368767232,-2.162397311823234,-0.6198759115249155,-1.0174791488832868,-0.4447008617352274,1.757510146513603,0.41268700929942076,-0.11871692703920662,1.3508461238780212,-0.5681323583038254,1.2423468226461585,-1.0695744300040844,0.8514330575085939,1.0570731476488615,-0.3755218386796481,-0.40065347816564817,1,10701
GSM7890836,TCAGTGAAGCTGAGCA-1,-12.558260766595302,4.180061562945228,-3.1341416583733497,-1.2667123564859994,-1.0270537976209673,2.912216780416048,5.383180848692777,2.466139217770165,7.706642197286005,-6.718120819465001,4.538848930838237,0.27944768850060975,-0.8135691176653408,-2.664672753562538,-0.6977659239124645,-7.859779732931893,0.9821002953747651,0.6572176896211964,6.4567104753311675,0.7246898116564199,0,4809
GSM7890836,TCAGTGAGTCTCCTGT-1,-9.940972961861192,-2.547758331073491,-7.206274854541909,-0.10026467137015646,-2.53298280741826,4.367212891850878,-1.086481404643465,-2.0188923136013335,5.501006984872684,-1.7020704493711638,1.2384229371875117,-3.159397343440561,-0.7964910402478584,3.7508110222715865,0.6697953756692401,2.47434920281298,2.7028645859421747,-0.1729193989506778,-1.7163835548112383,-2.8024457717157265,3,21059
GSM7890836,TCAGTTTGTTTACTTC-1,12.052204424044689,-0.9104923124604402,-1.6115273847219445,3.0788722178793146,3.2569444512081747,4.575307040327127,-2.535906374782374,-0.711818615760948,0.21070735059564144,-0.9259670204531081,0.9924729577543467,-0.10196490445142815,1.5655234952818367,0.6697636855831566,-1.5150700608105967,1.6390067878040904,-0.16953440417784726,-0.47648088547125667,1.895946709374242,-1.3272827852605602,3,18450
GSM7890836,TCATACTAGGAAACGA-1,4.50140697429528,-1.6028299570370632,1.3747186902871642,4.781829074956333,8.368294407008731,1.7782522736053543,4.405273328905164,-0.7176900505263046,1.5806444804215725,-2.129784518641421,-2.1869979710108476,1.0510336274455485,-0.7000227074573818,-1.9514898398514173,-1.790332023268165,0.8788827687010932,1.4566654441435072,-0.6156470465068219,3.664398027394503,-0.972978643870202,2,17240
GSM7890836,TCATATCTCAAGCGTT-1,0.3451264547519601,6.416776196153923,3.7964150261112675,4.567350476106664,0.9605764898383073,-0.3882751978274464,2.263134951541754,-2.559228561488438,0.6697680008604205,1.594181390940986,-2.0466958208842336,-3.3136371915134553,-0.2749013454915571,2.6772639330699293,4.630946265142128,2.0877587076476525,-0.4920634677635457,0.7154984889459863,-0.9567541409328914,1.6987459193615384,0,6012
GSM7890836,TCATCCGCATGTTTGG-1,3.7489203744966573,-5.98357936638093,3.2601295814688678,-0.3266401168841262,-1.9462765171827072,0.4488750465791172,-1.7669089184414024,-1.0266375632699505,0.6644057240977161,1.3046894845161068,-1.9849986637504082,-3.317352899369688,-2.757965735407406,0.40627504811931564,0.15150703953670291,-0.6135850347308205,0.5117924354081571,-0.8634319014103091,-2.124411196697322,0.47862024052674174,3,27678
GSM7890836,TCATGGATCCAACCAA-1,17.065269615440112,1.8916113251768425,-2.989541879633815,-3.5523961509052837,2.1322069213822807,3.5776473443389323,1.0168626029773518,2.6870717186263415,0.19754346971198536,0.8581475676621886,1.191576886968876,1.2592395952911237,-0.04185897375874735,0.11241153482314392,1.3097940736184541,0.05109210038219569,-0.4134541740630116,1.6202827114376332,-0.5882341801897216,0.3614309986286161,2,13722
GSM7890836,TCATTACAGACTGGGT-1,-4.625136496613616,3.008062594926273,3.887416514638629,-2.8036249998355722,4.829733139432505,-2.221800387760013,0.876451585226188,0.3875799271644442,-0.6171742356891521,3.0462708539303565,2.960225732735312,-2.3674808941433563,2.2030139892513074,-0.4791263192642915,-0.6053999878802377,-3.506305505114846,-0.9791325903755574,-2.665493333936686,-1.323536578275065,0.10766648909744243,0,8038
GSM7890836,TCATTACAGCACTCGC-1,-7.581400195975603,-4.6994241068216365,-0.12464336913913322,-1.4561377330404268,3.4656054176828675,-1.587042855685338,-1.6073727843948495,2.122404307496674,-1.2847023927052452,0.8127421978211024,0.7190510290566144,0.5183653295515104,0.4648483500964877,2.188206859228216,0.7547884443223698,-0.5919722596453048,-0.17622672199049846,-0.1569939437495521,0.07876768688708077,-0.8615977607256038,3,27548
GSM7890836,TCATTTGGTGCACGCT-1,-6.71345633563772,-0.20241484735338192,-2.949142312987251,-1.588922626951294,-0.25374019782182505,1.5926276434096276,1.4967145114115643,-2.5695182321827033,0.45089710417331774,0.19826723205360466,-2.100452576514627,-0.7219596959318229,0.3791098902475211,-0.5149814411230773,0.6280983497365219,2.013862549374508,1.9373434944154848,0.06461884808492521,0.4790783901245923,-0.6323981034273353,3,28758
GSM7890836,TCCATCGAGACAGCTG-1,-4.399603275635553,-0.4273107803356323,1.4961461896164483,-1.0259125354978702,3.5680515469587024,-2.1598967741104214,3.392055573367517,-2.0532199860773956,-3.759004421731288,-0.5190377425412264,0.1087964155425656,-1.7719070122992289,0.875960972373639,3.740740329252878,0.44033848215391524,-0.20480356552968682,-0.3304515922663391,-2.080290436668652,-0.6551842360957144,0.35226383255006116,2,13376
GSM7890836,TCCATGCAGAACTGAT-1,-5.643257559459442,4.268752302123682,6.023005132277827,-1.786546726112389,4.773646486088568,1.7964269425935757,-2.975113762199089,-1.0555521114736899,1.8365714424655415,6.0186789545050825,2.0328144870925065,-1.5581382615293031,2.495366789843636,-1.4415967593792207,-0.5079756525874649,-0.8947121766880821,-1.0106928636671644,-2.4676219301533324,0.5682541194096634,-1.6441675961852606,1,10867
GSM7890836,TCCCATGGTAACATGA-1,-4.140102677726561,3.8114587388816163,3.702466505499196,7.204105872947474,3.8081639108892333,-0.9001180189985535,-2.382530127963854,-0.8543535544123698,-1.5145032117732693,1.4329132663064856,4.828974045399997,2.4550483451145646,-0.4170585707512134,1.1045840944124932,1.5806106802154751,-0.001111749047125876,-0.8069963886626781,-1.7310719508107777,2.237798438884453,-2.3745034948053654,0,7362
GSM7890836,TCCCATGGTGTTCCAA-1,15.049148670120177,0.18591334653693917,-2.799241238536107,-4.691865715228329,0.9625116150281545,1.585727993088707,-0.6209836221037726,-0.04671032368378146,-0.2821483679089677,-0.730028535286109,0.222952492505883,0.6122699269619558,1.1631168581802986,2.013527790475624,-1.0338193718301458,0.9956564556506852,0.10810138011167059,1.2074250262194146,-1.719900147529386,0.34951417163041215,3,18633
GSM7890836,TCCGATCAGTGTCATC-1,-9.92676248088198,10.465283993241528,-16.648886013998737,2.6175169737407407,-0.8371233903104255,-3.4648391362784423,-6.416257655818031,-5.826196682922088,-0.5555432073698771,-0.5505920315715682,1.5460491761270179,3.449146847849913,-0.7835047141926355,-0.44281728960702965,-5.007595303326339,-2.141732448979063,3.8517966370013763,0.4157241022805168,3.6143454869207647,-5.170183483456155,0,2663
GSM7890836,TCCGTGTGTTTACGAC-1,-3.730596891603254,-2.8905110381624413,5.29638149368222,2.3553204970510992,-0.47535787889356096,-2.126833263659587,0.4137241414252736,1.2240219681093967,-0.8543639267015627,-1.3510275038298707,3.819427594239069,2.8924599871832846,-2.898240893523474,-0.23689752013771476,2.073153748563216,2.8558813547615074,-0.03467231968686018,0.6438561782312294,-1.1119147216955148,0.6872110992785135,3,21142
GSM7890836,TCCTAATAGTGGTTGG-1,-3.416727203079083,10.232587779142355,-0.6445861380761245,-2.3713856652063305,0.6314729278412379,0.3074968286543761,-2.9659784783231076,-1.5595357377665822,2.437108494950359,2.772682610920097,-2.6614869238492176,-2.2143661069117915,0.857047303096298,-5.378384220469146,0.23810553918160296,-0.7038414770305492,2.2179206527014,0.21511924895489412,-4.421608668225974,-1.6726358546024422,0,4427
GSM7890836,TCCTCTTTCTGATGGT-1,3.7925871992205944,-0.9454131023196723,5.944656580084436,5.432269481832591,-0.07911825227069674,5.404186557816472,-1.5289802591938546,0.023698047847236357,-1.8489033392020604,-3.5290612328106707,-0.06979425274490011,-2.2983630878068353,-0.054775041731529084,0.7731143641075956,-0.6144194437855821,1.826231696832879,1.3847025228218266,-0.7546809825752145,2.570064040525847,-0.6256515472963203,3,21586
GSM7890836,TCCTGCACATTCTTCA-1,-1.00700059032624,1.206722869501296,0.9183261571270736,0.7771559259060751,2.635129576521483,0.7896727487626702,-2.6877035245247907,-5.074335545885145,0.9993936944672588,4.749644925090827,-3.408851152744053,-0.832493035139382,0.3822952676232193,-0.45568544226112306,1.8948792638601801,0.47633570805151804,1.8215837658004765,0.26351298626077174,0.14955733677032715,2.735967682430946,0,8274
GSM7890836,TCCTTTCCAGACATCT-1,0.7835340388658729,7.035199502313916,5.795442736204375,0.7448479812826748,-7.132102388817189,-4.765629897749218,-0.595799833230962,4.935278566653094,0.2996388803767892,-3.8939353211150083,-0.12592772412233896,-0.46700956119677656,0.7726291197352906,1.4839720464885937,-1.1261111732191302,0.4774030733970785,-0.21935679454183082,0.26619768798287213,3.9025408249420326,-0.26485956626919743,0,6914
GSM7890836,TCGACCTTCCACATAG-1,-5.016849369999342,-1.1416235999445197,5.118001054495436,5.936610458841481,6.404568181560841,1.1165113427432547,-0.19503348230151774,3.5351536524161693,1.1351632058879093,3.7755377111021744,0.9553044974553863,-1.1067770646759425,-0.08509539181139104,-0.040682816514434,1.4158584945580655,-1.961590915486855,1.3437817024442773,0.8610621340090594,0.9749314202173528,1.1110528262464618,2,16044
GSM7890836,TCGACGGGTATTGAGA-1,-5.342721277410843,-8.047679604099423,-0.3649655587947996,1.9869388887181927,3.036126409491356,-0.5555501538648574,0.717387224645412,3.474046055854164,-0.3543589152506174,0.3469040501997203,0.7754889515883867,2.7574296706018853,-0.37334222372164266,0.06869157785256809,-0.18790468227113097,-2.0602470916508526,3.734085161799901,0.7450538421121005,-0.15685244089932304,-0.07508132035916601,3,27218
GSM7890836,TCGACGGTCACTCACC-1,-7.687917343747501,1.9751049865473278,4.908288133040998,-4.572489264325383,0.329528759130057,2.4132849269298147,-4.180909183994292,-0.3655351746751409,2.673054549128336,-0.018432721078082245,-2.385720369071378,0.1562058832103104,2.318732923098804,-2.3192589613453936,-0.8876300080152527,0.12174537636285669,-0.10279118468233812,-0.6957191137508123,-0.5214903936148256,-1.0077116257995804,1,11703
GSM7890836,TCGACGGTCTATCGGA-1,-4.7716297654546365,2.1024103038572894,-0.3670651591990163,2.5750936179888106,-1.0010491737676332,1.7443937151931683,0.2893272630311436,-0.2059016153755644,-0.16158531910191576,2.6151385644552674,-2.2790909550886367,-1.1123164481540506,1.6408007350911118,-0.4846329889209352,0.6817175358518524,1.4417266568655167,-0.36332490632898656,-1.3683710541947596,0.46365262369577614,1.1707729720241076,3,22509
GSM7890836,TCGCACTCAGAGATGC-1,13.821535559049638,2.4153114211012463,-1.189850891586192,-1.418649956485402,2.059849157947953,3.6870084848059506,-0.1260317256275467,0.8748223665916787,-1.316895892016457,1.3939062245400797,0.028577267753953296,2.2635165509618265,0.3638330780025046,-0.8840454334883942,-1.416608419461436,1.6775645349602273,2.1454362403418323,0.5354544968439868,1.4083573131940297,-1.0386745521478873,2,17219
GSM7890836,TCGCACTCAGGGATAC-1,-6.9513215613549635,0.2143446965612816,-5.941621134847864,5.3481562530720295,-6.876703368867636,4.582631602479824,1.1989416861115738,-7.041732277694196,2.5513230059910916,-1.1216539797643976,4.692547599578522,-4.538657054296822,5.530044193957339,2.737865623083972,-0.9178361631419422,1.4820035154380924,0.390519499869297,0.7935268580551107,-1.0599801539825509,-1.3468452292001596,0,7261
GSM7890836,TCGCTCAGTACGTGAG-1,-0.5544403022526877,1.9415438937208984,6.313854824064608,2.4417143245628496,-3.7100409784207087,-3.507037823424883,-1.6345183431217432,2.927438652291243,-1.6541520037322996,-0.271426041335594,2.246176272174812,-0.7474677336730928,1.6044425807944778,0.9350022779894713,-0.172714449481142,-2.068770366794055,-0.5088329571635588,-1.0034598015141403,0.9615131609723211,1.385256309399825,2,13663
GSM7890836,TCGCTCAGTGACAGGT-1,-7.202254599542827,0.6244891477234398,1.3498832585749239,-0.9176861587817577,0.9640820716450809,-1.8171455043309703,2.344691407648518,-0.8710486805761106,-1.4582436501085332,-1.1067677871086423,3.6506252098566727,-2.4188046740496314,1.87007000657997,1.909304282451619,2.430810092094992,0.18910381752291403,-0.01706871042857468,0.1490956776800309,-1.2889352627034383,0.40162370066459024,0,6141
GSM7890836,TCGGGACAGAACTCCT-1,-8.699583068724364,0.5752842222272188,-0.7235702622921629,-2.9729520744236457,1.0243503624656947,1.221047733843461,1.257579563109411,-0.9478819839765438,-0.45911606314888603,-0.017545103425041186,0.07719003999859675,0.49769728898793136,1.6717774839610409,0.20987030194731457,-0.6443141383979077,-2.9885670548529473,-1.5494349165894021,-0.6347591348560752,-0.50262862081282,2.136890253725023,1,10238
GSM7890836,TCGGGCAAGTAGGTTA-1,-9.693588972879866,-2.0117566345131013,-11.448546494537023,0.563175590415148,-1.876976292917542,-1.845128069950522,0.7013537401139626,-2.723457071622342,-3.207007469818226,2.2937733264665288,-0.005193889412288113,1.1123878589542657,0.5903734189472838,0.19021651199070977,1.4324391806126688,1.202307063135017,0.6144446040256175,1.2752198064165008,-0.06667018084200997,0.6185018597337254,2,15395
GSM7890836,TCGGTCTCATGACTTG-1,-3.155226158757568,4.092153838966606,3.1218502770703256,-2.9898165746253973,-0.38321605098889344,0.9417162456461435,2.304946212222433,-3.482315006616658,0.9153691367475726,-2.46118281058631,-1.2130000400002205,-0.6114743079436429,-1.076204898358643,-0.6293907173693101,3.727155176037244,-0.41947724066156056,0.025770508016781466,3.83585705627932,0.8285683565874863,0.9210556562846524,0,6640
GSM7890836,TCGGTCTGTAAGCTCT-1,-5.622499052282964,-5.628259089954811,-5.826335719684852,10.82086501097786,-3.251367735502188,3.4774632279100257,-0.03289196935286444,3.023850326241832,-1.8128997059601462,0.03884613253759866,-0.835487631927619,-0.9818192671861445,1.2633304778209662,-1.1657556801043465,-1.0770858882862626,-1.9422407385264526,-0.6391542748596662,-0.24111864874766503,-3.3436389060680636,0.3708692389686942,0,9025
GSM7890836,TCGTAGAAGGGAGATA-1,-2.9948368249623747,-3.7913468244239876,-0.4398646320742031,-0.5202441658005945,4.329894764143785,-1.4149273651058156,3.6260411167158098,0.896427172719127,-2.2529602531647357,2.498522341517635,-2.3704676201467265,0.9048790836510434,-1.9731865686176615,0.06901017100146993,-0.8877993031333838,-0.677750407999514,0.8845498515272702,0.1880489877868951,-0.08581285754155488,0.30752489245261705,3,24814
GSM7890836,TCGTAGACATTGAAGA-1,1.7138475686791443,0.8534225910725161,1.4286261615885418,3.0154984710132404,2.690390559949797,-2.8531851919999913,3.9993781261057877,-0.11361774127707187,-3.279068504109089,-0.6392680053073074,-1.133137280614567,-1.8808948493200275,-0.5773469857577113,1.1308910215986745,1.5761169460496698,-0.2655651501064425,-0.618718018327074,-0.5217752769934253,1.3452622967978847,-1.1479432144951744,0,9559
GSM7890836,TCGTAGATCAAGTTGC-1,15.593449842287026,1.2986992082188766,-2.124032036580259,-3.0163442946383636,4.25049278898677,0.5435378586642472,3.854750234075325,3.596626333702326,-1.644046379798094,-2.5719470405333027,1.2274862875939647,-0.4175408803254119,0.9085795377267362,0.02468218494831867,-1.7291958624723467,0.9572681428313617,-2.034744598289172,-0.258385319648488,-1.6126183432036258,-1.4620681531222115,1,11790
GSM7890836,TCGTCCAAGCGGATCA-1,1.1768158343806312,3.1048593601942365,-0.24167272074600463,0.7001967550560166,0.9699560153506327,-7.209528346778788,3.0829961193741036,-0.6292152264442828,0.15090251255257917,-0.022387411783016207,0.745173721117285,-2.5016220911942626,-2.943845496457537,-1.5736221279631182,1.680103603855881,0.5082076894081463,-2.585489643769738,-1.5146772164408644,-1.1430539200267216,-3.733043824982025,0,6026
GSM7890836,TCGTCCAGTATTTCTC-1,13.804571670109121,2.6076089192866236,-2.6748036309844445,-2.20274417520401,-1.0200327112017138,0.5140101741190785,-1.3554126324888658,1.1058035764824672,-2.075527447652911,0.851155290609908,-0.7518371953376738,-1.9921755325221038,-0.14803117716535613,1.7567827812332242,0.07344682615182493,-2.0137652023255987,1.1525713209601058,-1.2607557040701043,0.24409422615629245,-0.10317356732917597,1,11783
GSM7890836,TCGTGCTGTGGGACAT-1,-4.839389456006583,-2.7946657999108786,1.9105017704047311,4.558832153440556,2.200740024346615,-2.2824360870968077,1.8756535695649692,-0.45178242072051716,-0.5206232507886737,0.28174362533305564,3.6033693298936487,1.3883935665481357,0.460351424345221,4.25149120206684,2.7002924110000146,0.9619946107691361,-3.936033633079843,1.3742398064036896,0.14062084360078594,0.9508106402920966,0,6918
GSM7890836,TCTAACTAGGATGGCT-1,-3.983934934356311,5.010979392624039,-3.6249607117452993,0.6580647165247892,-6.712503246964331,-2.8626721556126458,2.1138112810182133,-2.46070659264342,1.3481742997169055,1.6771539413693537,0.43503709554065817,2.4049734113452086,2.37369437872907,-2.6123650150427147,-1.916880799741548,2.396701347024512,-0.9469029947995322,0.04532117348645327,0.9696976937619798,-1.0248526584588198,0,9674
GSM7890836,TCTACATCAGTATACC-1,-3.2814962708953748,1.9093630244346416,-1.6106187336374351,-1.2536342877787405,-0.9495752697624442,5.196198410572942,-5.455591281067447,4.32272531958482,3.1929940572740385,-3.79232941429386,0.8921020745162757,-1.156305959747865,3.97000654088221,-1.921559099045431,0.6403364663004872,2.4626024777068007,3.0270392831377078,-0.5391252640802846,-2.4922849068581816,2.0445654204245027,3,36579
GSM7890836,TCTACATGTGCTATTG-1,2.488328044762644,9.39340958884292,0.11826624479595098,5.622624338102218,1.0095983591696622,-2.9468651512565858,-0.5595747823869397,-4.39899832762228,-0.2575956086637056,-0.3566595400000574,0.07830938091435649,3.7923100584169442,-1.604832757637397,0.7124600208764759,-2.2341565543075648,-0.692567631843403,0.1820795181268595,1.3505627696164062,0.09109221773428433,2.0053791294020176,0,6696
GSM7890836,TCTACCGTCGCATGAT-1,-4.383859489003948,3.2616959739778966,2.4802948403237957,-1.3269832953962286,-0.3626474937070252,3.3167287419709344,-0.18627271327565775,-4.004209624063626,-0.8327482558714154,4.582063261393907,-0.271416141734696,0.6056305697349904,-0.1875165086689603,-2.662763199947273,1.8260143845850523,1.3866077941979515,-3.056393083879748,1.2730573089111308,0.6183311804165847,1.560418951979533,1,10494
GSM7890836,TCTATACAGAGTGTTA-1,-7.805767289950892,3.3544678671700545,-10.544134036215967,-1.9201338598694015,2.098830878013227,-6.287953686299734,1.5728382715584188,0.554215236954519,0.8646659846592689,0.8969929724575603,-0.04459290305548016,-0.9626776442347122,0.7143919675021353,-0.013338868730929838,0.9568826629598516,1.1415278302779837,-2.5355571492267353,1.1972183620567052,0.41461142453139205,0.18390875397446013,0,7333
GSM7890836,TCTATACCACCTGCAG-1,-1.0384714018819825,0.06029494828552804,4.088900018615995,-0.3502291577480996,-3.2627837618891244,-5.081168768837475,2.327527677414545,0.2255912267956502,-0.8778242459011354,-4.083799366338933,1.3747198725273864,-1.3118816811333973,-1.508176775440093,0.5380209678209834,1.469574837365937,0.6736882562573492,0.8984238710137261,-1.3086633921727457,0.8610923382899291,0.01965265190256301,0,6396
GSM7890836,TCTATCAAGTCTGTAC-1,14.450389161763022,6.718988398331073,-3.0088053353907234,-1.7089205301928796,1.7289980368574356,1.6194076117759477,3.549736045712604,0.47733004036482324,-1.0071420455459108,0.24935519098531367,1.14726007875401,0.488530197621783,2.334637801241283,2.3150381278807495,1.4913499938804682,1.704552891847677,-1.299622682288507,1.4886031651166787,-2.6055222008089607,0.056050494397983715,0,7552
GSM7890836,TCTATCATCGACGACC-1,2.8133924628258287,2.6779434756789002,7.31775370514228,-1.7472245879273849,-7.626999716231314,-4.834795099866186,-1.963090990400229,4.941969528220751,2.488445786486373,-2.326336775220216,0.7060195972687442,1.0491083541335726,1.2010669870846715,1.565300379188782,-3.0188850943180867,-0.532435382213182,0.05792227850329713,1.0026927124155873,1.3112831844566106,0.2801722464803313,1,12240
GSM7890836,TCTCACGAGTCCTACA-1,10.64041182137933,2.328933624287251,1.559700156510967,0.9420496348458445,0.8505739577475059,0.9656352754554997,1.67659765850771,-0.5036499949784766,-2.140190698552575,-0.2490479147779871,0.03447033560576549,-2.8629707055542184,-3.2949796399646507,0.4710296203146447,-3.947737369751921,-0.23536372495037206,-2.3410405021187097,1.1346920850481106,-1.4615192402626327,-1.4255968941255828,0,9008
GSM7890836,TCTCCGAAGGCCCACT-1,6.457578414466249,-5.413667647815165,-3.986765145913642,5.7944148431812,-4.68987418180008,5.205619243131457,-3.1056980581175346,-1.753640724844829,6.614697003045422,-0.9826608646822647,1.1151106873455567,-1.014758870936982,1.2221416862117755,1.5089497230257516,1.2549502778884927,-2.109110380724117,-0.30412382291632484,2.5571985137728523,-2.8429907838538426,3.281342592414206,2,14949
GSM7890836,TCTCTGGGTCGAGCAA-1,-4.3163704829108,-0.6390292792731267,4.209165984607193,-8.270409417408631,0.5124344760289062,1.5843055361369733,-0.33933283526424407,-1.9414245045980991,0.5521918987828668,-1.5669696001275764,0.6977328702621618,-3.2189410588155214,-1.380429301952602,-1.0020916793711698,-0.04120218626294404,-0.5188601459363137,-0.03322619109164248,-0.5137518305637727,0.7876746908768163,-0.36338099506810523,2,14010
GSM7890836,TCTCTGGTCGGAAACG-1,-5.15241958685024,-3.8550561037219016,0.5971962823179853,9.780527901999386,2.4421745276184628,3.969451400343565,4.346006762637973,2.7795478251087573,-2.242505345202251,-0.2995865541303009,-0.757819009674435,-0.37188064905001444,-3.4308758488610405,1.129320882115218,-1.1883153076659871,-1.2721078705677173,-0.9204795719991155,-1.476579521712874,-1.1284353818177513,-1.959331771681835,0,9025
GSM7890836,TCTGGCTCACTACGGC-1,2.863401086708059,0.06040398976667028,2.310806180606642,7.0513126408851,-0.7014716236825772,1.492144266913119,1.408758313002168,-0.4675852666018187,0.07860538193111499,-0.2435524582383894,-0.43749063510202074,-2.3867903930063536,0.34864565609706166,2.821356404408795,-0.658663394527077,0.30062788443584565,-1.6361388071507923,1.1446810618529077,-1.0355697162004953,0.6979119184267374,1,11917
GSM7890836,TCTGGCTCAGAGACTG-1,-1.7464442458531109,0.6763793859192181,6.602076892515371,-2.7804756339027032,-1.1641606197611802,1.0482006645814401,-1.3132866504194174,-2.291377677290757,-0.14152919202550537,2.2648691509799646,4.9072395388931405,-2.3161554659964305,-0.4686989330091388,-2.598927808265074,-2.2043056372436554,0.3807385401946913,0.0221668414098954,-1.1255058120365975,-2.3859864520788623,-1.046686720350762,0,9262
GSM7890836,TCTGTCGAGGATGTTA-1,-6.091034154633461,1.9412900336208931,-3.740826763007949,3.068562238717509,-2.4015738208347037,1.2348394851341673,0.780104763163191,-2.462788728573856,5.13103066664682,3.4500495767742456,0.6674207580547429,-1.2760087575004584,2.9622666174862213,0.44584515547074227,-0.9815932290990934,0.25463861263661086,0.9049922984809771,0.9164502371527774,-0.9089556806716514,-1.97710933418957,1,9878
GSM7890836,TCTTAGTCATCCTGTC-1,-7.791199920664049,1.6686716964088804,-2.0520138975147595,-1.4947193620599204,2.890213159453671,-1.4269257727120108,-0.05964141755951314,0.42168212367283864,-1.8242382842375557,-0.16659974235049738,-2.936340476979795,-0.2697558094701735,1.8557786506432,-0.0937671765188232,0.5201511091602216,0.29645512167597904,-2.096417117801536,2.246475704986167,0.061091059998183476,-2.059781982692668,1,10318
GSM7890836,TGAACGTGTGGAATGC-1,-4.144444962595513,-2.061423184392333,6.433350539233371,-0.6508112448070202,3.7222965295098223,-2.231158746263022,-2.01184333119378,0.7095519075505924,-2.0920534119827896,2.6030652847967977,2.109392157407874,-1.8343187516975985,0.22378841898518748,0.3556792012170019,-0.7980220019041041,-1.8683003268103486,1.698368604837056,-0.2178318667752114,-0.9351082520384255,-1.3822965204340298,3,36514
GSM7890836,TGAATCGAGTAAGCAT-1,6.785878442674173,-3.5546819110245296,0.9611999102795755,-3.573798430684944,-4.6483776256757166,-8.034683340770751,-2.1476835717769753,-0.7606935537811921,2.0310538612163094,1.174325536535172,-0.7720409674868677,0.9723405824212041,-0.24360926911066297,0.979995793623999,-0.20591722408891272,-2.8563902011435243,-0.8746128868912931,-0.8608770557492729,-0.49011489486188836,2.1989198374300223,2,18132
GSM7890836,TGAATGCCATCTCCCA-1,-5.12485738152038,-0.7475736723553661,-0.6274170622784486,2.7875859119480917,-3.0272285187704817,0.13341073766235353,-3.818833888173506,1.9071998065349145,-2.8485317716421448,0.6461676583585498,-1.6838760130322166,-2.1397010292320897,0.7761985338823744,-1.3862979654399148,-0.48491453832800024,-0.0813539703950594,1.1378619114715929,1.7706642795054062,-0.5900956084504998,-0.5262612428248726,3,29322
GSM7890836,TGAATGCCATGGGAAC-1,2.1587676396083335,12.145379286014437,-0.11833417412097845,2.380388093375287,-1.3948684332698251,-4.109437925344811,3.1463062250845755,0.0071644429696111215,-3.742746167014701,-1.4910297921723972,-1.4720780065281562,-5.181873457605014,2.384628885770989,1.3936989034103453,0.5960361927536486,-2.171491572987452,2.2783082160832273,1.2816060129267792,2.526889593993709,3.6967185972723446,0,3772
GSM7890836,TGAATGCTCGCCACTT-1,-13.346402799779954,1.36774239857499,-8.79907032371526,1.5344040916996164,0.6537896780315055,1.2238602348057128,1.6230630975818034,4.656450811789287,4.172093713650067,3.4637581606406065,1.4543441073348091,0.020643100482220296,-0.7594933577106872,4.014216273469664,-2.735169245841074,1.6616660892305444,1.1544962428007728,-0.8076236912979018,0.7356123867782949,2.023622246194751,1,9761
GSM7890836,TGACCCTAGAAACCAT-1,-6.490205320574444,1.1851187829955636,5.195194966790825,-4.0296742421183795,-3.5677661402755856,-0.09934000295356875,-4.2160414776557085,0.12095682151991988,3.085804967510854,-0.7937673389689134,1.2309940383642,3.8792269970568722,2.082155759831992,-0.7149701424843183,-1.762978057414199,1.0448683163599528,1.2512931400372909,0.08086036878845268,-0.017741495036560074,0.2748964341493705,2,13815
GSM7890836,TGACGCGAGCGCAATG-1,-12.94608546828212,10.129048582330153,-12.394951616398671,4.253686070034916,4.334799329796074,-1.6696403927218564,-3.8221234799253936,2.391070320866813,1.2090949033123541,-0.28026661640867906,1.4388827263670627,-0.8013588428943036,-2.748510364774871,2.6191421151806678,-2.6921663999379435,1.1809173895295089,-0.041773768914509436,0.9280271826860703,0.25209558705919105,-0.36280145067572667,0,5119
GSM7890836,TGACGCGGTTCCTTGC-1,7.457592935705934,5.018854429751147,4.2755098941051255,0.9951109590371641,-5.408363531290553,-0.3930936763628823,-1.2157032966390389,-0.45458259354981473,-1.2778511017953,-1.0385446671727758,-4.587972824844583,2.7002495723804465,1.931513397670771,3.942731572470131,-0.7403760737277479,-0.14346078413073357,1.2071174323548888,-1.7573998947234588,1.5443956640974252,-0.7595314842712466,0,7750
GSM7890836,TGACGCGGTTTCGTGA-1,-8.622790959620687,-3.7872760701553094,-2.2341516521314775,-4.375366459357002,2.546998069812741,-1.4303202989983712,-0.4870444352759876,1.6341652298307365,2.0131067770648294,-2.59860091515096,0.2723773950169718,-0.5261937988804206,-2.0290599504544695,2.9509612597634964,-0.33700672510727625,-0.43059464236047423,-4.436898076542818,1.8115988963882337,0.12688681603788693,-0.27324668718118844,0,9252
GSM7890836,TGACGCGTCTTTGCAT-1,0.8012434399738944,-3.9759849258024245,2.0145684833534787,2.6441390072365163,-0.8099535587283789,-2.7599757287673237,-1.1239812044023723,-1.0246402089031417,-0.9346362490835337,-1.2899439102096562,-0.6438778762912067,0.7729582750981305,2.2178345439373905,0.5474664290023128,2.1238896881886724,0.5160778051847091,0.8614290462905847,0.7737304729648693,0.8930059614934561,0.6910889307438677,1,9692
GSM7890836,TGAGCGCAGAGGTCAC-1,12.169771791149921,-3.7536645023741864,-1.8669071005344984,-3.3751170131537864,-1.8825691456077307,-0.42975963913710835,-1.4881456752676552,2.328026294207774,3.325330560770214,1.2982941575808176,1.233742285127636,-0.06159596037102083,-1.682672434548985,-1.7007852394297243,2.3333673329716076,-1.3652895629907444,-0.8196532721523584,0.5724274700161008,-0.0029554622049968358,1.1009752945461733,2,15771
GSM7890836,TGAGTCATCTCCGTGT-1,10.397634449835177,1.2452170754332847,1.46584596121675,-2.7106024760922858,-2.3788094802244,-0.3585027360233245,-1.5656118095792695,-0.5432671077100395,-1.4471898879426277,1.8469261969434256,0.6084173685731715,-2.1983070618006573,-2.281206362945918,2.749560081214372,0.7316314954520714,-1.6312787313812611,1.725567970334432,-0.1534066103761966,1.6609665931769153,-0.01963102224168062,3,20640
GSM7890836,TGATCAGCATAGATCC-1,8.55414436817092,6.668585309336342,3.2182947531641712,-2.7721666599764703,-5.256299248241476,2.938076226292315,-2.49665962427836,1.6264926567559872,-2.222376099700698,4.5318808192930256,-2.6963767811547363,-0.613023809828617,-3.6304544066973197,-0.7673687176829311,0.6694262789266034,-0.5703172031112013,0.02220310619695016,-0.36066837793545,0.958287905558039,-1.901282287437735,1,12613
GSM7890836,TGATGCAAGAGGCGTT-1,-1.1415196429229568,-4.365772551888998,6.035479012767019,-0.7759748519834601,-3.9786309767421733,-2.8737724344839832,0.03595441122589517,3.1821021955282123,1.3097375279368542,-1.8160064650955365,-3.7626333703658617,0.8355227696750814,-0.14228883093936048,-0.3120077682802739,0.5051364189119101,0.7496206068032268,2.527124437212725,-0.3599153797329261,-0.8666999267851697,-1.2970685860705906,3,18550
GSM7890836,TGATGGTCAACGGTAG-1,-10.415351658237492,0.026386857538524943,-6.839521737846002,-4.719756273204701,-3.4289764617091874,0.39537701822161847,-1.3177767956428939,0.7549629707557816,-1.262980251026342,0.6350127781038545,-1.3060153761448732,-0.049368460767675516,-0.14908127951964176,-0.560750551659033,-1.1841578980260883,1.8281120589822861,-1.170133960286993,-0.988108300046383,2.124831915591601,-0.35324872441161764,3,18952
GSM7890836,TGATTTCAGTGGTTAA-1,11.575449419408312,1.7255550815011356,0.26453812903080837,-1.863907675936159,0.31030463425634824,2.8518604245566674,-1.0827904996901498,-0.1783089189415637,-0.5683489014187219,0.15196522359689155,-0.5449786755495117,0.1699351403664691,0.2550518753893118,0.5825435771739097,-0.39283659604187154,0.4495918310094457,-0.11001210040962149,1.1937574054808602,0.9506419345779102,-0.17251553598798713,3,31451
GSM7890836,TGCACGGGTACTGTTG-1,12.558467495272634,-1.3672264533074148,0.5555078820730034,-2.0600431853562253,3.099546270715235,0.24616304829240565,2.9862220909925736,0.08706528227554798,-1.316070131281588,-1.6785874872762097,0.45614387322493055,0.7827827485968238,1.4639126426621687,-0.9141708307992774,-1.4310633332753466,2.068408664096253,1.00824858989808,-0.3907649274075848,0.9273263772206042,-2.074089704749794,2,17640
GSM7890836,TGCAGATGTACGGCAA-1,-4.517971459792654,-5.230537133473288,-4.193345142168712,-0.8011128480347105,-1.0884380099361395,1.9577282174939596,-9.901664313301932,-2.1395081102524993,-2.978354861211233,-1.9570597046516203,-2.2395863460208574,-2.5874579045002504,0.9468737994684173,1.1462528597008297,1.9884492946225787,-0.03865165190612917,-0.9831495911510736,-0.9091815365845315,-0.630966764613399,1.7737985805514336,0,9396
GSM7890836,TGCAGTAGTCTTTCAT-1,0.8758505214659204,-0.9960466009891903,0.16003761370273578,2.299603538625426,-5.694005547390116,-3.838494707465657,-1.0385640876941495,-0.19604390985467865,-2.0161578728689005,-1.1633450687035356,-2.399685620423506,0.9210217528870446,2.5179981449774576,1.1166834429122094,-1.6563626842995862,-1.1059125505225573,-1.7876523530968453,-0.4327896150971171,-0.004007284205771564,0.978536230729356,1,12821
GSM7890836,TGCGGGTGTGCGAGTA-1,-3.109682419681714,2.936622698376048,5.3965160676652415,4.136790458630558,-4.50460056833538,2.178322663321886,1.568499052544906,-0.33902809545100276,-0.2633592156443039,-2.6874315247043263,0.6548689260297097,3.8972828738722414,-2.9340692865455402,-1.9665892889018812,0.5199001542682553,1.6657283238590344,-1.9037945770487785,1.5042650303945169,0.36374402622689783,2.673038700561783,0,8635
GSM7890836,TGCTGAATCACAGTGT-1,6.0762593144407,-8.17136322713747,1.7936588061864347,0.8385463224261522,-5.35493384796231,-1.8408144115312235,-4.6369818298852215,0.760640332678663,1.3314582826289674,-0.10319201895433391,-0.6970487705202185,0.9425261471740563,0.014946216098008216,-1.1298186074084728,2.4853429986842506,-1.4864007234632326,-0.8101482371218356,-1.6293629552078657,0.7266284488810533,0.2870385690418929,3,20026
GSM7890836,TGCTTCGAGTTGTAAG-1,-11.44451222297641,2.0714703281849767,-8.1354845866741,-0.6381249188811826,-3.0213206206226415,0.02855940977438358,0.8786219789244253,-0.30929429239367107,2.9240132605236386,3.7650810532033425,1.8321766156651036,-1.979759509484405,1.0026796323821618,-0.9011207979579289,-0.5311645569176634,-0.3617749739261882,-0.9405116519306588,-0.901634732209661,2.242968151946163,0.22705215659874065,1,9766
GSM7890836,TGCTTCGCAGTTGTTG-1,5.137431745434846,-5.725992801393241,-1.3287767489589757,3.4620040130794827,5.072725126275182,-5.599277234994756,1.600492683118987,-1.737457858132104,1.9835792596228283,0.3278547166740625,1.8358176199003096,4.095226617954449,0.5227047136198233,-2.857768333380676,-1.4872088926316251,-1.0610426182142174,1.281170161104144,1.2398764606771298,2.294771797162089,-0.336367165934988,2,17753
GSM7890836,TGCTTCGTCACTAGCA-1,-1.5033701793839163,0.04891395246057727,0.975027310961175,0.529477516018017,1.3222401340807532,-0.004674151642475081,5.453808626392541,-4.142876088309314,-0.4476195366154011,0.28512430483400997,-2.855736869773222,-2.0410269710422897,-0.8659328976396892,1.3786514443924724,0.6646498561100032,-1.2027928489382618,-0.24775327466786534,-1.0512412056369487,-2.9282495167992497,1.6367745529563513,0,9201
GSM7890836,TGCTTCGTCTGGCTGG-1,12.970448146562388,2.818614674706487,-2.751936758948577,-0.7817037134363922,1.6675235713518488,4.30093841267176,1.6425227854974898,0.4420320738504513,0.02141311523012446,-0.006500310347746157,-1.007957290501207,3.8209206930681168,1.6754089656890814,0.3393285347629287,-1.5260011745989113,3.449281036585726,-0.7630063576958529,0.40906214563399207,-2.2881527996725364,-0.3089966333379485,3,19507
GSM7890836,TGGAACTAGTCATGGG-1,-3.4480434247994984,-2.3235726215959986,4.13010789328063,-0.5306767309005181,2.9432743278740108,0.9663392863355135,3.1918663157234537,-4.564659391862903,-1.468733610946655,0.3127560234369459,1.2343310432628798,-0.06571347350201816,1.9998697310678604,0.5433462597354909,-0.5564979309075733,-0.9491812401722788,0.16875194352999465,-0.7887449375092328,-0.0615646779158322,-1.148645928450602,2,15724
GSM7890836,TGGAACTCAAACTCTG-1,-8.92694205801609,-1.6785015545967337,0.414279503440248,-4.145569478278903,0.5384531752771361,-0.9632484443660944,-1.320382535809268,1.5433507476160664,0.017225726367356302,-1.54267460746297,-0.34874091112646977,1.7138569958729362,0.005329066913202601,1.281613421448576,0.09570052375234321,1.596467359013797,-1.7203635031722835,2.491738843879474,0.7676396283699761,-0.26970329193516235,1,12386
GSM7890836,TGGAACTTCGCTACAA-1,3.667950210459581,-3.402078069636266,0.599062172946887,3.803783577373563,2.706098654240305,0.44773998133172205,-1.9634462681600746,0.22098276885097948,1.7694301516514888,0.3445080691883274,-1.5396150981878076,-1.407317249974116,-0.33266986387951647,-0.7897157767604192,0.7035030696464981,0.7238247234968845,0.5730260941148214,2.7433247468299498,-2.1956558239585178,1.5801343276440931,2,15487
GSM7890836,TGGAGAGTCCCGTGAG-1,11.198793629331268,-6.417933762774193,0.12122914981420628,-1.700993508461478,-0.6595843541924934,-1.1627579263998435,-1.939383485457712,-3.54879002581466,0.41061217216471313,-0.42655783504329486,-1.2548106615372137,0.11454198349669442,-0.2674367353793105,1.5715677176561254,0.37793578762366226,-0.9782189541918703,0.8111550969890053,-2.5941897456480953,1.355783137169493,-0.7648724435182002,3,39916
GSM7890836,TGGAGGAGTCTCCTGT-1,13.895830944740775,0.44013003819467367,-3.591459568599476,-4.211094510183747,1.6107431240408283,5.5465685133490314,0.5041795685172746,0.7657225777765875,0.014453106181877732,-1.717622754741531,0.17188921476762353,2.277345089814113,1.6730627977883323,0.22206058916953966,-1.0903140786490195,2.469928838497232,-0.27895660080620927,1.8306489318576336,-2.01146055774823,1.2693442256578271,3,22737
GSM7890836,TGGATCACACCCAAGC-1,-2.272202280412181,-7.066444653926143,0.02951427015541401,2.390074831528166,6.1101271028775015,-0.4422210084661755,0.1503916977673147,2.4673873285843104,0.5200346845975666,0.5600377144534987,0.1436805467652701,-1.8871662787964478,0.017316582146394706,-2.345601575970654,-2.00977627908118,-0.5805016108153932,2.1547527454524102,1.00331117980448,1.7150878628609862,0.09159823429255183,3,26706
GSM7890836,TGGATCACACCGTGGT-1,4.27817493546913,8.221117191847139,1.5918370683424528,0.14100493545889164,-3.3592612968914395,-0.6105080139262674,3.408596156810353,-3.2345793538803975,0.3663150514526373,-2.8181568567094026,3.156241663836183,1.6188762134244024,1.993266766358359,3.2267068928938807,2.0677477322812954,-2.3965665160823475,-0.7730082273077878,5.604405715785879,-3.1487478998368843,2.0336429620375003,0,4010
GSM7890836,TGGGATTGTGGATCGA-1,-7.917498810314764,5.027415516353476,2.577786441921714,3.2204988453899883,3.251716832445009,1.1842679902393272,0.9887239973453396,0.5217627297030561,4.864147631715287,-1.628705824451081,-2.6213124375396504,5.649041974293291,1.3089540265405872,-0.43635761174348847,1.7581376811992342,-1.17162265627865,0.7288195395555113,0.1211186187613405,-0.8534298742904213,-1.519942906083269,0,6962
GSM7890836,TGGTACAAGCACCGAA-1,-1.9077507728006993,-6.86419288784924,0.47890158226050145,1.0121262996413323,-2.0633746476000265,-2.9080381201416454,-2.324903184936823,2.2121446706836307,-0.9216664413643164,-1.189661030278557,-0.6453906777736291,-0.5756134261944268,0.21012945527724428,-0.9365274309800642,1.1116560481214983,1.2791285606794112,1.4323184674324851,0.2128170332169299,-1.2421768266749362,0.17559193094781958,3,27454
GSM7890836,TGTAAGCCACTCCTGT-1,0.38186494784838804,0.7879264616480429,-3.0568842898223205,-1.2544593888695705,0.08800259601816815,-1.5468597399595387,-2.913443338509555,5.062059109350746,2.7963963551318622,-2.6041160868556927,-0.2312526170077604,0.9659978431522586,3.8879681096708243,-3.357585170705376,2.589802629327478,4.456267457203222,0.998773817165022,-0.8455612504416353,-1.82879857713526,1.2780811459298613,2,17710
GSM7890836,TGTAAGCGTCTTACTT-1,-3.8895485496251045,-1.654575972715419,5.429426117784211,-4.087722303419525,2.018831018426324,0.18070469151261845,0.5774627413427178,-1.4474784171232868,0.22505379924841643,0.28346197840593457,-1.7473364158571723,1.3756390107073453,3.0958689576999183,0.3846238217152629,0.49755098587735463,-2.124029292199955,0.23520661546344052,0.58262220398498,-0.6299989122721665,2.20771584649299,2,14103
GSM7890836,TGTAAGCTCATTCGGA-1,-2.2957088711987117,2.601956960952525,5.893045465560202,-0.16079960801736848,0.06937814820636111,-0.4589425972558498,-0.6413496952975376,-0.36497074036091876,1.630741165592069,1.9026679565183071,-2.1888838065486698,-0.5404976639560624,1.5926063218920667,2.4864141802446866,-0.7295495335707534,0.13858218519859516,-1.0719717570697436,-0.19705393906828025,0.06341154087327663,1.4749803315375656,3,21492
GSM7890836,TGTAGACCATCGTTCC-1,-8.873520999091578,-0.31334594266133087,-0.4722655394790735,4.537679950640737,-4.49675272017156,1.650804060363915,3.5182668492393114,-1.7155207527223937,-1.3277095950542002,-1.415329857783717,5.548080407114732,2.495239823812089,-0.707281066104702,-1.1263334052146854,-2.755202320831353,-0.04001582231282131,-2.984190542459703,-0.8225930402414314,0.961359999944004,-0.28775471293199895,0,5215
GSM7890836,TGTCCACCAGGTGAGT-1,-5.664507562083872,-3.876240055033164,3.724545576377234,-3.2751101134185143,2.417662632699109,-1.6410858608679173,-0.6765459435268667,-0.06819153239451653,-0.5235203966718056,1.090908875366957,-0.08991831723964651,2.488439039876023,1.0073229155540668,0.5606126640917617,1.7545629747200842,0.0757929930219212,0.30063514276240033,-1.1805089701737665,1.2886023112099763,-0.42619912432253565,2,15219
GSM7890836,TGTCCCAGTGGAAGTC-1,12.45558580017427,-5.41341549845776,-3.6663133211536088,-2.3323460347569913,0.9704141708136248,-3.792909171102339,1.055297099273951,-2.891032416297927,1.5201890383663585,-1.4439384900345493,1.0261117700836129,-2.6101081050654438,-0.08857624221161388,0.9545976426629903,-1.3306026388207126,-1.622772055164409,-1.813297934018072,-1.2675595251579768,-0.9197886886866677,0.37899210265368255,1,11206
GSM7890836,TGTGAGTTCGCAGTGC-1,-9.485885786360274,7.81776417109839,-4.699267816742069,4.74504877663619,5.082608131843969,3.992040600254417,-8.71419817847668,2.8291806962327555,-3.8960520774653937,-0.35485050553253533,-2.792796975732315,-2.012695765191677,0.8908596736089556,1.1845546783344048,0.6834611092523759,0.30452844390744194,-1.3107000239792956,-0.5907866380810133,-0.7136622568069073,2.8709403723257236,0,8872
GSM7890836,TGTGCGGTCCCATTCG-1,4.858690933429148,-0.005573692951811679,4.817034883043176,1.9624312745032528,-3.63941721697328,0.1908313993077448,3.013796328163893,-2.4600453212023745,-0.8957530015379713,-0.7524024447297666,-0.08381493899506423,-2.9978229890235695,-1.3190347415805639,3.7677990111695423,0.5180362861372926,1.2611458738117751,-0.5929423414579538,-0.14055383767225507,0.17428582953190655,1.2178127203526303,2,16095
GSM7890836,TGTGTGAGTTCGTAAC-1,2.2434352902991286,13.147904926634292,-1.1046767085917086,10.474769568106188,0.8702496770887357,3.5475615042562785,-4.915018635719857,-0.9241445167127412,-0.5116060563082563,-0.6736370053991476,-2.0273414986760603,-1.2948970701088822,-4.5153160871174105,5.8066321189589445,2.588957507947413,4.003802724900431,-4.091332604583163,-1.9819074112233825,-0.9310566715257302,-2.6467411187663044,0,3545
GSM7890836,TGTTGAGGTTAGTTCG-1,-7.072295922366951,-2.5920659365371175,4.22774082636257,-5.382274553400747,1.0772079701651684,2.900977371598274,-0.7933377031808945,-0.555291142822629,-0.3644228956142521,-1.4729577230145299,-0.4754058466159371,-0.2507499500493816,-0.8171873549154098,0.5991125700771174,-0.47663711760218114,-0.6630488846812587,-1.0442077563718948,1.6074873362600444,-0.9748158131108908,-1.9912924790733777,1,12778
GSM7890836,TGTTGGACATGACAAA-1,0.7276883158492053,-0.7338133528539412,4.831815945545971,-1.4431105948597984,-0.9048729605959563,-6.503166277997534,1.6099716764865215,-1.6953681188461496,-0.7901227961366548,-0.3602960065788448,0.785009022913274,2.2925941864637274,0.40101140778595906,1.8930376789062495,1.3156921700392572,2.1800734638015506,0.2516350639945058,1.1060038140234911,-0.27775024651634456,-1.0126270136753581,1,12271
GSM7890836,TTACCATAGCACTCTA-1,6.5658058588176225,-6.717402705161337,1.0559892977189267,5.218227654849211,-2.0542024974872732,-0.007861146013495676,-1.1505504073371284,0.05025960906092164,5.356901052376063,-1.095442481475369,1.073982076974683,-0.9525521632634338,-1.4581345667516799,1.471212311778462,-1.521813574362541,-1.0712991712990632,-2.1527428571221345,1.134323250858898,-0.17077016809003956,1.2092022517603112,1,11861
GSM7890836,TTACCATAGTTCCGTA-1,-6.82127793213355,2.2558538032541677,2.430234831696875,0.37959467636728533,1.7516670859389512,4.903306502227205,-0.0578814389777458,-1.7252567844173352,-0.9958352988352658,1.1699001260061561,-0.9473557081802138,-0.10770246410959164,1.7446660966959722,-0.9365822821353661,-0.6647044067633171,-2.4245254857070773,-1.844480603563418,-0.4084253366797377,-0.2473760716308687,2.235144536554228,2,16954
GSM7890836,TTACCATGTCGAATTC-1,-5.494575938968782,2.790094121113372,3.505414549233127,-1.267651812635039,-2.0852839467984507,0.0965959570461323,0.5062716229802323,-1.5432192434277479,-3.226762017501386,-3.0084456838890077,0.6933562758529515,-2.500552254320494,-2.7254694669054653,-1.558676328235228,0.8215999452475736,-0.0658710567024705,-2.4364326034912875,-0.6161848180570676,-1.014599149578158,0.6535528892533794,0,7278
GSM7890836,TTACCATTCTCGTCGT-1,-8.372079267945807,-0.5700479609251621,-5.364113450882009,-1.7770960434774676,-0.5556869046844997,-3.099091566318565,-0.10083266371135775,0.9624929387289864,-2.8278622922881502,0.5401757266709193,0.6708858809102606,-0.9857532128269334,-1.4726358591572513,-0.40039918909614824,1.0354643854083962,1.7493787092045932,-1.6479026008074673,1.0390065720671633,-0.3119415291060595,-0.8463998327532749,2,15133
GSM7890836,TTACCGCCAGGCGATA-1,-9.00953797113465,-0.7918784931912738,1.8316983395888071,-4.407693233692032,0.5769683481341207,1.972387515666482,-1.2622911572655986,-0.33370384376924944,1.4480068467933906,-2.707384151071384,-0.12937598766751107,0.644894274855476,1.3691023092261256,-0.47639905227425566,2.0571501426973495,0.4230892405851724,0.8765622195855737,1.384999685558641,0.5261205625372152,-1.188234568997995,1,12290
GSM7890836,TTACTGTCAACTGTGT-1,5.959107907847624,10.17688870064169,-0.3172681688555614,0.6181616771533021,-3.707059808790115,-3.1924777671799367,5.153350170169711,0.3503950925967118,2.7738562672903293,2.390104964060399,-5.5002098409443185,1.9368756310591135,-1.0373689847683398,0.11826194812389577,2.2828429157165724,0.1234629079845492,2.6976121604394643,-0.7276190273517203,1.4735503139816974,-0.7349061397553908,0,5427
GSM7890836,TTAGGCAAGTGGCCTC-1,-6.849155403378922,-5.133067360138941,-4.030346694119781,2.619333890526219,1.6535600127686785,-1.5464937869234756,1.7387689449555903,3.0903993179459595,-1.6477717712824798,1.2212702849618025,-1.4779663955256135,0.9763750436461646,-1.1332841574221386,-0.36894069680543695,1.20812207983089,-0.9330695918565753,1.0155892596325866,0.6636232080213962,-0.8127940715311494,-1.0799664174813204,2,13614
GSM7890836,TTAGGGTCAGACCCGT-1,-3.341248973231368,0.14454734373616845,8.835044170123757,3.1982469964713403,-1.1851375280827698,0.11340943430215229,0.31013054957920594,1.90982550245533,-0.9006324455963372,-1.6479729743291893,2.6978617047235667,0.19181593955806692,-0.41008136680723956,-0.9238565636153819,-0.4138077584215449,0.7266315645449443,0.39418155765071056,-0.09547188747436351,-1.7424706868040256,0.5528140546640458,1,12763
GSM7890836,TTAGTCTGTGTCGCTG-1,-2.691837665451956,1.797184082060032,1.3928113742385904,3.5560152581260898,5.371457120811788,-0.8689919801238387,2.3238477016543007,0.21066626931370072,-1.0382175961872826,1.929023068143099,-1.8525526269019341,-0.9903788683947018,0.451395102097505,-1.5365576288446365,2.8634907909683647,-0.7869505127380781,-0.8204510796414651,0.623104103253775,2.0519849888226456,1.8323055421375656,1,12629
GSM7890836,TTATTGCAGATGTTAG-1,8.831414631216619,-3.07917694988501,-0.4207489496034153,1.669273247341155,-1.0696098367437967,4.158357698779736,-2.9018227231175513,2.905880303052745,-3.8763330767800754,0.1976267188126755,1.0471768223714064,1.2607217709045757,0.6507639221669783,-0.9435647313501979,0.38217507706371867,-0.1648179642957213,-0.29829983635691903,-1.0444049101577466,1.5587271007423875,-1.8742047623620093,3,23924
GSM7890836,TTATTGCAGTCCCGGT-1,13.29167938055119,8.830195657423426,-5.765568886854349,-1.4833351389456653,-2.021128939092618,3.319914587474615,-1.9808442512703424,3.9848286278507192,-3.884720636106811,2.798033479684944,0.009246599863799103,-1.823194673348902,-1.073580882402012,1.1176224356099935,3.3925281804203076,-3.0159005554706817,1.072288757334392,-0.5622875068264496,0.06358234802589835,-0.26363656385849965,1,12133
GSM7890836,TTATTGCCACAAGGTG-1,12.446699983253326,4.282038575755575,-3.6324892497407193,-0.4717970209909903,-3.1551546925394645,1.6755471028137017,-1.4488357772550893,1.869211291088459,-0.1587096466658753,0.10707003553900257,-3.862215010256364,1.9370336304568472,2.0246356079895307,2.0180542691907837,3.480440888557387,-0.2523129966199818,0.05028556577049109,0.9275273533965072,1.262034029603993,0.1637776382514037,0,8920
GSM7890836,TTCACCGGTCCGGACT-1,-2.07420228613509,0.29552295844942356,2.898617609901777,0.4299790317767553,-1.002841851186549,-1.2537179207181355,0.12381504509801901,-0.6484640250960394,-2.1623189138957812,-1.6663606729657476,-1.380737507843787,-1.8781051767294052,-0.5824044875155135,-1.338646927953772,3.926547086861857,1.0568956838853192,0.4911877932321414,-2.313788152183734,-1.2347965581833134,1.3483908816129715,0,9435
GSM7890836,TTCATGTCAGTGGGTA-1,-11.798235431521189,-0.6581815697542185,-5.116102011145701,-4.867670687732228,-0.06448839671265344,3.673640186437024,1.955885911657129,1.6132008417845467,1.36163028396261,-0.46374694547370165,-1.6072010839878998,0.9362652403138844,-2.77404251124581,3.455559945549335,-1.8368787728644418,-1.6606882296752397,-0.23871485190733993,-0.03257410561774707,0.7665910199372254,0.5025701202618478,2,16263
GSM7890836,TTCCAATTCCATATGG-1,-7.84100383631132,1.7834089419723882,1.4017741087730922,-5.363450921367527,1.7411303256256951,1.8736326789393993,-2.422777339251081,-1.996933607306321,0.12374441522691111,-1.3896133975159644,-1.372848776591331,0.6250454205878254,3.3402718890726257,0.6886422983888368,-0.9590928582868141,-1.8116525866886948,-3.1612433438205794,0.24927214355484104,1.0603915563383697,0.18275211270670438,0,7772
GSM7890836,TTCCAATTCTCAACCC-1,3.240397042953153,-0.9298956004212295,4.964583935205651,4.578916323063867,-3.789174617835397,-1.2926706082886323,-0.786150138252142,2.2146288175707367,-1.5766832726769104,-1.9782372538692674,1.1260239533455103,2.9789560654470884,-0.4512925991525503,2.7595021588656854,-0.33238247417182665,1.8066025707626283,-3.5906763898308545,-0.1238599567855753,1.0639792482537145,1.1428753900790165,1,11961
GSM7890836,TTCCACGCACAGAAGC-1,-7.92203603429982,1.6245957959187236,-7.1112923880860786,1.9432509720817175,-5.092001115070502,-0.2725255988024709,3.3365636462715424,-3.3059071577062578,-5.867076435446163,0.5534133221835273,-0.6983806867578611,0.4126377111610382,1.744966638125659,-2.2306063740327766,1.3903979592116393,-1.9771809294572165,0.1566026832399756,0.4981532919560024,-0.2750505684566641,0.014486172227183975,0,7056
GSM7890836,TTCCGTGTCGGTCTGG-1,-3.77961464666377,-2.347797462568392,-4.763656789596585,9.050035558339244,-4.34832490056814,0.15304143771053252,-1.2853665087852348,0.6573647129965765,-2.363216464288004,0.5632492384985431,-1.0495010526569641,-0.1851459877400403,1.8123173367169265,-1.5385692626776553,-0.8041551487772723,-1.22553569361554,-3.6608954248848513,0.9625610415860011,0.16814208875616746,-0.4840900226803212,0,8754
GSM7890836,TTCCTAAGTGCCTTCT-1,-2.3338214001858137,3.386926973797858,8.790372992219146,-3.8493976855903536,-2.174113928335159,-1.0154951275509059,-1.7767191171231402,3.598983913100303,1.8013290428612558,-2.2636057658283613,2.76942119144647,-2.681861685145652,-2.2269119140870717,-3.969881292688674,-3.4708666941307817,-0.26003580326712716,0.379952412879561,2.7021246326104778,-1.5059836983546726,-0.39939707868518165,1,11194
GSM7890836,TTCCTAATCCGTTGGG-1,-6.6241706320370355,-1.2674962573394264,-0.535643023091889,-5.871573827971433,0.6734969547086901,-0.5885533347697667,1.2400176621772885,-0.45275375463599615,-0.5529884923748274,-4.930600489136803,-1.5060830080412908,2.469618830508552,-0.18195581590765383,0.4317719535456316,-0.3030144000421221,0.3164896116633213,-2.1098506113009146,1.107572056336881,0.2260120785606487,1.5119482369448187,0,6401
GSM7890836,TTCCTTCGTCACGCTG-1,5.938700969591515,7.525835191256931,4.780007862835311,0.5821489742545839,-6.837107233368328,-2.3000752609699475,-0.7389382694887102,1.1833534672205812,-0.2338029121182149,-1.2852903323059337,-2.4894470625624154,2.217486122630076,0.6297140818789756,3.131238522995903,-0.9526321954539191,0.13620476636427123,-1.283242859470806,-0.47372333857430377,1.1251779725033664,-0.21222603710584362,1,11026
GSM7890836,TTCGGTCAGAAACCCG-1,-0.02978148881788963,-0.8178013395800419,3.1778145947265464,2.5924639520810744,-3.9682824665180414,-1.0831619160266184,-2.488600570516818,0.8225384622599647,-1.5012903389690797,-0.3552267490893502,-1.4345332488918445,-0.21462066853202263,1.6601282102848576,-1.5809920743991879,-0.5469342701758303,-0.9721362059827968,-4.39685761250934,2.9988676293610297,-1.9191003503466324,-0.8043210620782244,1,9716
GSM7890836,TTCTAGTAGTATGATG-1,8.617379560544627,-5.088652872486979,2.1838636794039985,2.621011280349039,0.7029801675283792,-1.4987513583148986,-0.06746071793593879,-3.4034456839623033,2.516135838082931,0.6752618580954096,0.2400971060667081,-1.3538778161702294,-0.29968714348044456,0.9072260195690046,-0.5761165022758882,-0.30374980721713785,0.7960884939574939,0.009056195785124148,2.15983388284916,1.3464278302609238,2,17920
GSM7890836,TTCTCTCGTACGTTCA-1,10.216978541086107,10.024096271861554,-3.6918711722345514,-0.3895352117759955,-1.8467158226663554,2.1896821517794822,-2.4414701142110817,3.6879900380902537,-2.2031769003662562,1.3353168726088727,-2.1379547855617536,0.3583871968800949,1.7113368810555722,3.5380367937857757,0.424410320770581,-1.9928814429519595,-1.8911436153395038,0.33054866751484824,-0.7602080336331781,0.4808304722986709,0,8159
GSM7890836,TTCTCTCTCCGATGTA-1,-0.18556219868593876,-4.474174281391259,-1.1201985960149803,6.142688357132601,2.085533217451987,-0.9949817906062874,-3.152280393438421,2.203721812496366,-1.0281745577041974,-0.09919987442508518,-0.05513891884900542,0.39805326609235325,-0.5443684329417964,-1.181210794946872,0.288791382220698,1.5990363144255748,0.6701563055277115,1.7847197956394814,0.6470465307782728,3.3173125477948515,0,6698
GSM7890836,TTCTGTAGTGCGTTTA-1,-4.662769695996187,-1.6670511301038862,2.2049985090183246,-0.25533623525158283,2.192247561062559,-3.0242847708752087,1.2125498832946402,5.348961118736678,1.8855155857564725,0.6893551087478852,-1.4059736149586808,-1.9987517650761186,-1.770167914222519,-0.2969435982574736,0.9453364559174353,0.17562564915053136,3.36966006454669,-0.2895111222830816,0.3096245913278083,0.4354576118875832,3,29643
GSM7890836,TTCTTCCAGGCGTTAG-1,1.4112269350501727,-1.855376504767295,1.4501618754602514,10.227118310216293,3.1435909621686786,2.394618092814536,-0.28697094392909406,-1.068741884439454,2.412012270101486,-1.2149599401239366,-1.287330668631703,-3.3767906443917055,-0.4504244247794104,1.9252466610954766,0.569626782766867,-1.7024012130151516,-0.028803682608475274,0.35816701871162876,0.36298262946984167,-0.8996141289169486,0,8145
GSM7890836,TTCTTGATCTCGGTAA-1,-7.183520425857933,-3.9785264776056652,-11.227952082814076,0.19293678369798362,-3.411018512723598,-2.8952481746633283,0.2472949925609241,-3.416585046661032,-2.9710724350208615,2.0393610021443456,0.6403262455786914,1.066208379154135,2.610617948808061,-1.75319507609018,0.9468082709045916,1.210290940477281,2.45612148740189,0.3359361026816479,-0.48375611789015954,0.2115757366642573,3,21089
GSM7890836,TTGAACGAGGCGACAT-1,1.1797717482242964,-10.69004883840854,1.1998718488043052,2.3612221111573004,-1.0030192631093677,-2.4267231400169713,-1.471983777787688,1.5688550896863134,-1.9065954365996571,-2.0169251126686136,0.3897783432329736,1.2055568100819183,-0.2942401114676853,0.5360502518066835,0.47504307685745456,0.684301699613122,0.6145524097600882,-1.2760992495579535,-0.3708517509955214,-0.1615023506974361,3,43143
GSM7890836,TTGAACGTCTCCCATG-1,-7.374918475365372,-2.5402426240828517,-7.96384119722742,-2.576659579200661,-2.7904211245809933,-2.934384175460054,1.0954869936392984,1.1721699762162656,-1.0414687931087379,1.9003618495087693,1.1954389234887186,-0.19401471508050336,-1.76444623181164,-2.1133808488303747,0.25296502923997827,1.7749775595397188,-0.12427308635562104,-1.4727498903506369,-0.696646940727169,0.7146320497357038,2,14353
GSM7890836,TTGAGTGCACACCGAC-1,-6.386849596609973,-0.1350926841809509,4.589728633444967,4.752350660722451,-2.7160280424116436,4.98475575171885,0.7188579426139161,-1.5772801477784169,-1.6385285635889844,-0.8863581998220434,1.4433254457505567,1.8693947162563376,0.3463873315652675,0.6361695818091335,0.6207643664240333,-0.187762736968326,-2.0884943885413367,-0.23803839422614906,-0.18034678458386777,1.010431789750312,2,13176
GSM7890836,TTGAGTGCACATACTG-1,-9.011311755129611,2.032297211661662,-3.248877807524187,-1.6256567029900881,-0.1753380442202813,4.401857643878212,-10.098894328001434,2.4830482772789604,-1.638222336512482,-6.02914979305494,-0.2711685675625824,-2.2911718081172476,-0.7980939555304468,3.3102699783357017,-1.1642055234111839,4.765478166093558,-1.431064889328629,-0.9891431015103938,0.6022240939738283,-1.225512931488456,0,9682
GSM7890836,TTGAGTGTCTGGTTGA-1,-1.4440448794989715,6.727962143814764,4.633731806669979,4.112185710611646,-5.0771096544109415,0.2975368807340173,1.2034665457576867,1.9488695139674597,0.24158060543885232,-1.5930090975276543,0.5399714406985489,0.15874099018185464,-1.0543996404725984,-3.8250250869016202,0.5889006101776276,-4.033481905542323,-3.1223493201963386,-0.5870160305125794,-3.4030696893840644,-6.763579423873863,0,4766
GSM7890836,TTGCGTCAGGAACTAT-1,13.857173333603257,3.0251289492450946,-2.2392950678345183,-1.7936102803866563,1.86512477969619,2.0730276584998175,3.1147057457511695,2.784737267067688,-1.5641089612501118,-0.8137689820858277,0.23050522174396573,-0.7531927677204147,0.2385141149612762,-0.8755200804049627,-0.9420191881757879,0.37726964408371744,-0.7192914600455488,0.9275763760514256,-1.1825262996706367,0.24580915811029483,1,12753
GSM7890836,TTGCTGCAGTTCCAGT-1,-10.371758255790903,-4.204832670298992,-10.508747081538562,-5.416524718816986,-6.188484934287054,0.8849659014608833,1.4976686963786368,-1.1710330008081082,-1.6228061210543905,0.89983614118566,1.9041682741048085,1.0329116737221866,-1.302731061647081,-0.20998604912659272,-0.3992209509377962,0.6910623637144553,1.3298253988758852,-1.3497077155084278,0.8777928225734047,0.23547612412047556,1,12579
GSM7890836,TTGCTGCCAGCATTGT-1,-0.5937729338484848,-1.482264814482893,9.717744020432434,2.767718671240101,-2.584049862645525,-1.3455358290163113,0.8345308191908286,-0.08125570336232762,-1.6919294999789873,-2.067182270498075,3.911719936680519,1.779742135229221,-0.46157914838514674,2.421808290777981,-2.0102861462827817,-0.5061803673892369,-0.4833466618973138,-1.1142845336697806,-0.39188041903704074,1.7096698959233614,2,16772
GSM7890836,TTGGGTATCATTCCTA-1,-9.939634525989174,-0.026874382009387982,-5.543915356757961,-4.293342928549692,-1.2553112134889568,-0.5239411297503552,2.1576050478972024,-0.8118860163003176,0.4624886933430707,-0.20162870519971468,1.3719978614856867,1.3127571649429064,-0.17813394618378256,0.2879991625144835,-1.1277835923529234,1.0575450968859768,0.965907382630185,1.274263275378,0.8936445625247401,1.735068998635828,0,9028
GSM7890836,TTGTGTTCAGCACACC-1,-11.670445612284878,2.4067029831617974,-8.074138455426361,-1.8979532276962678,-2.1481092436111333,1.3335209195036377,-0.9220364370336941,2.3003955943790704,-0.6489212428569155,-0.1749119630749226,1.4416643097654442,-2.418055541358759,-0.6874382625518374,0.7711472416997706,-0.6879081445174503,2.8952284248324185,-3.5345924554276498,0.4765901593338093,3.648096379390906,1.9709778665997504,0,8708
GSM7890836,TTGTTTGGTTTCGACA-1,-9.50721555990915,-0.2471221771320533,-6.852852191643093,0.8497703236589977,0.10035165139292658,-1.2990504990369562,2.588897896112094,-0.4202155798152776,-1.1773119577110351,3.0808829661487818,-1.6888089728572333,-0.1905175687666314,-1.567364244037876,-1.5004272251079154,0.3365747317974848,0.08783151515324804,-0.20617135188552824,1.4058363697531469,0.48411264850092117,1.636023429191555,1,10183
GSM7890836,TTTACCACAGTTGGTT-1,-5.050347725976112,-1.546715442833294,3.8396653646060566,3.801245192973874,1.0827322475044823,0.5603249651048575,0.011451357041788277,0.8494254269238901,-2.3882185631752795,-0.9352663933721819,1.2880220742826358,3.341175126959161,-1.2150423470069387,0.22002826429686867,0.8501683507573174,0.23381335641241197,-1.113139558383543,0.5358429449250519,-0.10706338174064765,0.09338166492623383,1,10843
GSM7890836,TTTACGTCAGAAGCTG-1,-7.3951897747085775,-5.529532889576486,-6.0598667875666665,4.105949767199735,1.3967344812844682,1.513357470780095,2.2441384561144617,0.1339264949314114,-1.2156083682531968,0.8453594272302518,-1.3838014680646455,0.48354848367184294,-0.722680694258228,1.242316905386482,0.8405774268983114,-3.2169313164958036,3.054553253491866,1.6243398916100427,-1.1925554602572148,-0.30317064027810336,2,15356
GSM7890836,TTTACGTCAGGCCTGT-1,-8.616799352515468,-2.5848075929440615,-7.824150935311249,0.07811537363819863,-3.9153883725103684,-0.2767770015442612,3.0030410779598866,0.8280001358456293,-0.12324891594212581,-0.06302096186943598,2.3911748515805056,1.293537741374797,2.1071696316320137,-2.404128845679765,0.13240150773701306,-2.8522019339582947,1.2778996667773885,-0.026341000220799778,-0.38499235814819843,1.0006013323549907,3,19359
GSM7890836,TTTAGTCGTTCCTAGA-1,-4.230811921542981,0.17722679120823487,4.290214230579703,-3.6492440322461577,0.07428462497221217,0.8686322997515474,2.472243458306696,-1.5731568154868405,-0.5360295852860121,-2.3108623172545464,1.5617308871071736,-2.5843585800245443,-1.0433068291235377,-1.1917253615899506,1.6656143307394438,0.4279455154841901,0.2671234264803334,0.8386125014134561,0.6611253590351356,0.3320222393295587,1,9994
GSM7890836,TTTCACATCATGCATG-1,-9.744257762378206,-2.603022484944346,-6.866799621051223,-3.4766921913631688,-1.1706916139637273,0.5077257183326692,0.2998344768011793,4.250813113178855,1.739536798348663,0.7481848937954781,-1.9186584197146448,-1.211015855914834,-4.061028533024382,-1.0830001325807668,0.29502125761511533,0.06209156788411895,-0.2481024820268707,0.007387192884714025,0.26118426202965833,-0.7395590292288015,1,12060
GSM7890836,TTTCAGTAGCACTCAT-1,7.148426300245303,-5.496922173924382,2.255815299183539,3.1229174922550236,3.7247369314371297,-0.024538418039194106,2.2984106678943848,-1.170287143568196,2.535595642070573,-3.4432533277077875,0.18361916515579468,-5.43991779021454,0.7388315516324664,-0.30945746170727206,-3.3127623460511857,-1.6637346751731883,0.359924258662207,-0.8294747685428341,2.764159036037222,0.3892295094124191,1,11902
GSM7890836,TTTCCTCTCCGTAGTA-1,10.075068310052567,-6.452323681181194,0.0720433417431093,1.0402619366294577,-0.431659815541899,0.5736643642087733,-3.718929581918648,-2.0573623450885226,2.591950770131203,0.33915059581514906,1.4846374135984033,-0.40307252001021326,-2.790903516294726,-0.12977429071258414,-0.7838480370501595,-1.0994127187935963,-0.099331841472029,1.6295165421763247,1.3237157582674868,0.5854420735244915,3,37075
