dataset	mouse_id	age_months	sex	unit_kind	cell_type	gene	cells	positive_cells	detected_fraction	mean_expression	positive_mean	scale
facs.Brain_Myeloid.clustered_diversity	18_45_M	18	male	deposited_mouse	ALL	Cdkn2a	1227	14	0.011409942950285249	0.07767338172730723	6.807517098528998	source_transformed_X
facs.Brain_Myeloid.clustered_diversity	18_45_M	18	male	deposited_mouse	ALL	Cdkn1a	1227	270	0.2200488997555012	0.34918702508420807	1.5868610362160123	source_transformed_X
facs.Brain_Myeloid.clustered_diversity	18_45_M	18	male	deposited_mouse	ALL	Lmnb1	1227	30	0.02444987775061125	0.07712455500469838	3.154394299692164	source_transformed_X
facs.Brain_Myeloid.clustered_diversity	18_45_M	18	male	deposited_mouse	ALL	Il1b	1227	25	0.020374898125509373	0.08521026982557706	4.182120043039322	source_transformed_X
facs.Brain_Myeloid.clustered_diversity	18_45_M	18	male	deposited_mouse	ALL	Tnf	1227	14	0.011409942950285249	0.06629548986012021	5.81032614702625	source_transformed_X
facs.Brain_Myeloid.clustered_diversity	18_45_M	18	male	deposited_mouse	ALL	Cd38	1227	2	0.0016299918500407497	0.0008349203380901053	0.5122236274182796	source_transformed_X
facs.Brain_Myeloid.clustered_diversity	18_45_M	18	male	deposited_mouse	ALL	H2-D1	1227	1149	0.9364303178484108	2.2325809201299265	2.3841399382066317	source_transformed_X
facs.Brain_Myeloid.clustered_diversity	18_45_M	18	male	deposited_mouse	ALL	H2-K1	1227	1083	0.882640586797066	1.7439308763538983	1.9758108820740843	source_transformed_X
facs.Brain_Myeloid.clustered_diversity	18_45_M	18	male	deposited_mouse	ALL	B2m	1227	1218	0.9926650366748166	3.9019521703668842	3.930784329261221	source_transformed_X
facs.Brain_Myeloid.clustered_diversity	18_45_M	18	male	deposited_mouse	ALL	Fth1	1227	1222	0.9959250203748982	3.372869308705471	3.386669919624888	source_transformed_X
facs.Brain_Myeloid.clustered_diversity	18_45_M	18	male	deposited_mouse	ALL	Oasl2	1227	69	0.05623471882640587	0.1756382647798546	3.123306534563502	source_transformed_X
facs.Brain_Myeloid.clustered_diversity	18_45_M	18	male	deposited_mouse	ALL	Oas1a	1227	110	0.08964955175224124	0.2682971813241225	2.992733104406348	source_transformed_X
facs.Brain_Myeloid.clustered_diversity	18_45_M	18	male	deposited_mouse	ALL	Ifit3	1227	65	0.05297473512632437	0.1817270133882676	3.4304468527292977	source_transformed_X
facs.Brain_Myeloid.clustered_diversity	18_45_M	18	male	deposited_mouse	ALL	Rtp4	1227	188	0.1532192339038305	0.39002719606988634	2.5455498381795243	source_transformed_X
facs.Brain_Myeloid.clustered_diversity	18_45_M	18	male	deposited_mouse	ALL	Bst2	1227	631	0.5142624286878565	0.8905190929642195	1.7316433075548292	source_transformed_X
facs.Brain_Myeloid.clustered_diversity	18_45_M	18	male	deposited_mouse	ALL	Stat1	1227	266	0.21678891605541972	0.39866442154727105	1.838952049768803	source_transformed_X
facs.Brain_Myeloid.clustered_diversity	18_45_M	18	male	deposited_mouse	ALL	Irf7	1227	53	0.04319478402607987	0.18717065130944113	4.333177153899704	source_transformed_X
facs.Brain_Myeloid.clustered_diversity	18_45_M	18	male	deposited_mouse	ALL	Ifitm3	1227	275	0.2241238793806031	0.39265049296145094	1.7519351085952737	source_transformed_X
facs.Brain_Myeloid.clustered_diversity	18_45_M	18	male	deposited_mouse	ALL	Usp18	1227	146	0.11898940505297473	0.2682055647977565	2.2540289589510083	source_transformed_X
facs.Brain_Myeloid.clustered_diversity	18_45_M	18	male	deposited_mouse	ALL	Ifi204	1227	82	0.06682966585167074	0.24253248896665366	3.6291141946595618	source_transformed_X
facs.Brain_Myeloid.clustered_diversity	18_45_M	18	male	deposited_mouse	ALL	Ifit2	1227	30	0.02444987775061125	0.11882818749094019	4.860072868379453	source_transformed_X
facs.Brain_Myeloid.clustered_diversity	18_45_M	18	male	deposited_mouse	ALL	P2ry12	1227	1190	0.9698451507742462	3.2553487062217408	3.356565430700904	source_transformed_X
facs.Brain_Myeloid.clustered_diversity	18_45_M	18	male	deposited_mouse	ALL	Tmem119	1227	1181	0.9625101874490628	3.607766007850654	3.7482886465984357	source_transformed_X
facs.Brain_Myeloid.clustered_diversity	18_45_M	18	male	deposited_mouse	ALL	Apoe	1227	602	0.4906275468622657	0.6243867299508521	1.2726287668599594	source_transformed_X
facs.Brain_Myeloid.clustered_diversity	18_45_M	18	male	deposited_mouse	ALL	Lpl	1227	62	0.05052974735126324	0.1900438998735524	3.7610300829814327	source_transformed_X
facs.Brain_Myeloid.clustered_diversity	18_45_M	18	male	deposited_mouse	ALL	Cst7	1227	144	0.11735941320293398	0.34222729607942926	2.916061752010137	source_transformed_X
facs.Brain_Myeloid.clustered_diversity	18_45_M	18	male	deposited_mouse	ALL	Clec7a	1227	117	0.09535452322738386	0.2731166763493781	2.8642236058178367	source_transformed_X
facs.Brain_Myeloid.clustered_diversity	18_45_M	18	male	deposited_mouse	ALL	Itgal	1227	9	0.007334963325183374	0.03266737205086438	4.453651722934511	source_transformed_X
facs.Brain_Myeloid.clustered_diversity	18_45_M	18	male	deposited_mouse	ALL	Itga1	1227	6	0.004889975550122249	0.010384347238187005	2.1235990102092424	source_transformed_X
facs.Brain_Myeloid.clustered_diversity	18_45_M	18	male	deposited_mouse	macrophage	Cdkn2a	21	0	0.0	0.0		source_transformed_X
facs.Brain_Myeloid.clustered_diversity	18_45_M	18	male	deposited_mouse	macrophage	Cdkn1a	21	6	0.2857142857142857	0.06904927259754567	0.24167245409140983	source_transformed_X
facs.Brain_Myeloid.clustered_diversity	18_45_M	18	male	deposited_mouse	macrophage	Lmnb1	21	0	0.0	0.0		source_transformed_X
facs.Brain_Myeloid.clustered_diversity	18_45_M	18	male	deposited_mouse	macrophage	Il1b	21	6	0.2857142857142857	0.7697959964474043	2.6942859875659146	source_transformed_X
facs.Brain_Myeloid.clustered_diversity	18_45_M	18	male	deposited_mouse	macrophage	Tnf	21	2	0.09523809523809523	0.019613866117738542	0.2059455942362547	source_transformed_X
facs.Brain_Myeloid.clustered_diversity	18_45_M	18	male	deposited_mouse	macrophage	Cd38	21	0	0.0	0.0		source_transformed_X
facs.Brain_Myeloid.clustered_diversity	18_45_M	18	male	deposited_mouse	macrophage	H2-D1	21	21	1.0	2.8684273674374534	2.8684273674374534	source_transformed_X
facs.Brain_Myeloid.clustered_diversity	18_45_M	18	male	deposited_mouse	macrophage	H2-K1	21	19	0.9047619047619048	1.9084983815749486	2.1093929480565223	source_transformed_X
facs.Brain_Myeloid.clustered_diversity	18_45_M	18	male	deposited_mouse	macrophage	B2m	21	21	1.0	3.301944170679365	3.301944170679365	source_transformed_X
facs.Brain_Myeloid.clustered_diversity	18_45_M	18	male	deposited_mouse	macrophage	Fth1	21	21	1.0	4.1037210793722245	4.1037210793722245	source_transformed_X
facs.Brain_Myeloid.clustered_diversity	18_45_M	18	male	deposited_mouse	macrophage	Oasl2	21	7	0.3333333333333333	2.238353581655593	6.715060744966779	source_transformed_X
facs.Brain_Myeloid.clustered_diversity	18_45_M	18	male	deposited_mouse	macrophage	Oas1a	21	6	0.2857142857142857	0.8532990756488982	2.9865467647711434	source_transformed_X
facs.Brain_Myeloid.clustered_diversity	18_45_M	18	male	deposited_mouse	macrophage	Ifit3	21	6	0.2857142857142857	0.8143469997726026	2.850214499204109	source_transformed_X
facs.Brain_Myeloid.clustered_diversity	18_45_M	18	male	deposited_mouse	macrophage	Rtp4	21	13	0.6190476190476191	1.3931517838722183	2.2504759585628142	source_transformed_X
facs.Brain_Myeloid.clustered_diversity	18_45_M	18	male	deposited_mouse	macrophage	Bst2	21	15	0.7142857142857143	1.52233920778547	2.1312748908996584	source_transformed_X
facs.Brain_Myeloid.clustered_diversity	18_45_M	18	male	deposited_mouse	macrophage	Stat1	21	10	0.47619047619047616	1.679382412206559	3.526703065633774	source_transformed_X
facs.Brain_Myeloid.clustered_diversity	18_45_M	18	male	deposited_mouse	macrophage	Irf7	21	3	0.14285714285714285	0.9478617622738793	6.635032335917155	source_transformed_X
facs.Brain_Myeloid.clustered_diversity	18_45_M	18	male	deposited_mouse	macrophage	Ifitm3	21	15	0.7142857142857143	2.0683403483458926	2.89567648768425	source_transformed_X
facs.Brain_Myeloid.clustered_diversity	18_45_M	18	male	deposited_mouse	macrophage	Usp18	21	6	0.2857142857142857	0.9669851834131848	3.3844481419461467	source_transformed_X
facs.Brain_Myeloid.clustered_diversity	18_45_M	18	male	deposited_mouse	macrophage	Ifi204	21	8	0.38095238095238093	1.9034178029923212	4.996471732854843	source_transformed_X
facs.Brain_Myeloid.clustered_diversity	18_45_M	18	male	deposited_mouse	macrophage	Ifit2	21	4	0.19047619047619047	0.8055522739887238	4.2291494384408	source_transformed_X
facs.Brain_Myeloid.clustered_diversity	18_45_M	18	male	deposited_mouse	macrophage	P2ry12	21	6	0.2857142857142857	0.38331780006133376	1.341612300214668	source_transformed_X
facs.Brain_Myeloid.clustered_diversity	18_45_M	18	male	deposited_mouse	macrophage	Tmem119	21	7	0.3333333333333333	0.39145300608305705	1.1743590182491712	source_transformed_X
facs.Brain_Myeloid.clustered_diversity	18_45_M	18	male	deposited_mouse	macrophage	Apoe	21	18	0.8571428571428571	2.2818110459262417	2.6621128869139485	source_transformed_X
facs.Brain_Myeloid.clustered_diversity	18_45_M	18	male	deposited_mouse	macrophage	Lpl	21	1	0.047619047619047616	0.29030270803542363	6.0963568687438965	source_transformed_X
facs.Brain_Myeloid.clustered_diversity	18_45_M	18	male	deposited_mouse	macrophage	Cst7	21	0	0.0	0.0		source_transformed_X
facs.Brain_Myeloid.clustered_diversity	18_45_M	18	male	deposited_mouse	macrophage	Clec7a	21	4	0.19047619047619047	0.5196335429237002	2.7280761003494263	source_transformed_X
facs.Brain_Myeloid.clustered_diversity	18_45_M	18	male	deposited_mouse	macrophage	Itgal	21	5	0.23809523809523808	1.86710600625901	7.841845226287842	source_transformed_X
facs.Brain_Myeloid.clustered_diversity	18_45_M	18	male	deposited_mouse	macrophage	Itga1	21	1	0.047619047619047616	0.04208800622395107	0.8838481307029724	source_transformed_X
facs.Brain_Myeloid.clustered_diversity	18_45_M	18	male	deposited_mouse	microglial cell	Cdkn2a	1206	14	0.011608623548922056	0.07902590329967328	6.807517098528998	source_transformed_X
facs.Brain_Myeloid.clustered_diversity	18_45_M	18	male	deposited_mouse	microglial cell	Cdkn1a	1206	264	0.21890547263681592	0.3540650456498962	1.6174335039915715	source_transformed_X
facs.Brain_Myeloid.clustered_diversity	18_45_M	18	male	deposited_mouse	microglial cell	Lmnb1	1206	30	0.024875621890547265	0.0784675198928399	3.154394299692164	source_transformed_X
facs.Brain_Myeloid.clustered_diversity	18_45_M	18	male	deposited_mouse	microglial cell	Il1b	1206	19	0.015754560530679935	0.07328962284459997	4.651962376346714	source_transformed_X
facs.Brain_Myeloid.clustered_diversity	18_45_M	18	male	deposited_mouse	microglial cell	Tnf	1206	12	0.009950248756218905	0.0671083539551368	6.744389572491248	source_transformed_X
facs.Brain_Myeloid.clustered_diversity	18_45_M	18	male	deposited_mouse	microglial cell	Cd38	1206	2	0.001658374792703151	0.0008494587519374456	0.5122236274182796	source_transformed_X
facs.Brain_Myeloid.clustered_diversity	18_45_M	18	male	deposited_mouse	microglial cell	H2-D1	1206	1128	0.9353233830845771	2.2215089670673573	2.3751239488326537	source_transformed_X
facs.Brain_Myeloid.clustered_diversity	18_45_M	18	male	deposited_mouse	microglial cell	H2-K1	1206	1064	0.8822553897180763	1.7410652730291536	1.9734254880386835	source_transformed_X
facs.Brain_Myeloid.clustered_diversity	18_45_M	18	male	deposited_mouse	microglial cell	B2m	1206	1197	0.9925373134328358	3.9124000708589555	3.941816612745113	source_transformed_X
facs.Brain_Myeloid.clustered_diversity	18_45_M	18	male	deposited_mouse	microglial cell	Fth1	1206	1201	0.9958540630182421	3.360143034091871	3.3741319726184815	source_transformed_X
facs.Brain_Myeloid.clustered_diversity	18_45_M	18	male	deposited_mouse	microglial cell	Oasl2	1206	62	0.05140961857379768	0.13972033637654574	2.7177858979050673	source_transformed_X
facs.Brain_Myeloid.clustered_diversity	18_45_M	18	male	deposited_mouse	microglial cell	Oas1a	1206	104	0.08623548922056384	0.25811058117418856	2.9930900086160714	source_transformed_X
facs.Brain_Myeloid.clustered_diversity	18_45_M	18	male	deposited_mouse	microglial cell	Ifit3	1206	59	0.04892205638474295	0.1707112424810777	3.4894535327488083	source_transformed_X
facs.Brain_Myeloid.clustered_diversity	18_45_M	18	male	deposited_mouse	microglial cell	Rtp4	1206	175	0.1451077943615257	0.37255985250118906	2.5674696120939084	source_transformed_X
facs.Brain_Myeloid.clustered_diversity	18_45_M	18	male	deposited_mouse	microglial cell	Bst2	1206	616	0.5107794361525705	0.8795172501688245	1.7219120189993546	source_transformed_X
facs.Brain_Myeloid.clustered_diversity	18_45_M	18	male	deposited_mouse	microglial cell	Stat1	1206	256	0.21227197346600332	0.37636336200842774	1.7730242757115775	source_transformed_X
facs.Brain_Myeloid.clustered_diversity	18_45_M	18	male	deposited_mouse	microglial cell	Irf7	1206	50	0.04145936981757877	0.17392478619314494	4.195065842978656	source_transformed_X
facs.Brain_Myeloid.clustered_diversity	18_45_M	18	male	deposited_mouse	microglial cell	Ifitm3	1206	260	0.2155887230514096	0.3634718138875925	1.685950029032448	source_transformed_X
facs.Brain_Myeloid.clustered_diversity	18_45_M	18	male	deposited_mouse	microglial cell	Usp18	1206	140	0.11608623548922056	0.25603776049350774	2.205582422536931	source_transformed_X
facs.Brain_Myeloid.clustered_diversity	18_45_M	18	male	deposited_mouse	microglial cell	Ifi204	1206	74	0.06135986733001658	0.21361160041396793	3.4812917580979095	source_transformed_X
facs.Brain_Myeloid.clustered_diversity	18_45_M	18	male	deposited_mouse	microglial cell	Ifit2	1206	26	0.02155887230514096	0.10687030538774496	4.957138011446939	source_transformed_X
facs.Brain_Myeloid.clustered_diversity	18_45_M	18	male	deposited_mouse	microglial cell	P2ry12	1206	1184	0.9817578772802653	3.3053591946374694	3.366776341835125	source_transformed_X
facs.Brain_Myeloid.clustered_diversity	18_45_M	18	male	deposited_mouse	microglial cell	Tmem119	1206	1174	0.9734660033167496	3.6637714581301895	3.763635756818576	source_transformed_X
facs.Brain_Myeloid.clustered_diversity	18_45_M	18	male	deposited_mouse	microglial cell	Apoe	1206	584	0.4842454394693201	0.5955261075333702	1.2298022015158294	source_transformed_X
facs.Brain_Myeloid.clustered_diversity	18_45_M	18	male	deposited_mouse	microglial cell	Lpl	1206	61	0.0505804311774461	0.18829809973143027	3.7227460373131955	source_transformed_X
facs.Brain_Myeloid.clustered_diversity	18_45_M	18	male	deposited_mouse	microglial cell	Cst7	1206	144	0.11940298507462686	0.3481864778519566	2.916061752010137	source_transformed_X
facs.Brain_Myeloid.clustered_diversity	18_45_M	18	male	deposited_mouse	microglial cell	Clec7a	1206	113	0.09369817578772803	0.2688240940955963	2.869042986542382	source_transformed_X
facs.Brain_Myeloid.clustered_diversity	18_45_M	18	male	deposited_mouse	microglial cell	Itgal	1206	4	0.003316749585406302	0.0007244107586827444	0.21840984374284744	source_transformed_X
facs.Brain_Myeloid.clustered_diversity	18_45_M	18	male	deposited_mouse	microglial cell	Itga1	1206	5	0.0041459369817578775	0.009832293474753302	2.3715491861104967	source_transformed_X
facs.Brain_Myeloid.clustered_diversity	18_46_F	18	female	deposited_mouse	ALL	Cdkn2a	1242	14	0.011272141706924315	0.08812358557890003	7.8178209492138455	source_transformed_X
facs.Brain_Myeloid.clustered_diversity	18_46_F	18	female	deposited_mouse	ALL	Cdkn1a	1242	117	0.09420289855072464	0.23614355069007756	2.5067546150177464	source_transformed_X
facs.Brain_Myeloid.clustered_diversity	18_46_F	18	female	deposited_mouse	ALL	Lmnb1	1242	33	0.026570048309178744	0.1474782833514582	5.5505463006821545	source_transformed_X
facs.Brain_Myeloid.clustered_diversity	18_46_F	18	female	deposited_mouse	ALL	Il1b	1242	28	0.02254428341384863	0.1127855420988443	5.002844403098736	source_transformed_X
facs.Brain_Myeloid.clustered_diversity	18_46_F	18	female	deposited_mouse	ALL	Tnf	1242	23	0.018518518518518517	0.09391152441513616	5.071222318417353	source_transformed_X
facs.Brain_Myeloid.clustered_diversity	18_46_F	18	female	deposited_mouse	ALL	Cd38	1242	3	0.0024154589371980675	0.024154589371980676	10.0	source_transformed_X
facs.Brain_Myeloid.clustered_diversity	18_46_F	18	female	deposited_mouse	ALL	H2-D1	1242	1187	0.9557165861513688	2.3586774817337965	2.467967508267376	source_transformed_X
facs.Brain_Myeloid.clustered_diversity	18_46_F	18	female	deposited_mouse	ALL	H2-K1	1242	1096	0.8824476650563607	1.8250262975188845	2.0681411145241375	source_transformed_X
facs.Brain_Myeloid.clustered_diversity	18_46_F	18	female	deposited_mouse	ALL	B2m	1242	1241	0.999194847020934	4.382167573916259	4.38569873231587	source_transformed_X
facs.Brain_Myeloid.clustered_diversity	18_46_F	18	female	deposited_mouse	ALL	Fth1	1242	1240	0.998389694041868	3.516231603872469	3.5219029451690376	source_transformed_X
facs.Brain_Myeloid.clustered_diversity	18_46_F	18	female	deposited_mouse	ALL	Oasl2	1242	126	0.10144927536231885	0.3941597916799239	3.8852893751306783	source_transformed_X
facs.Brain_Myeloid.clustered_diversity	18_46_F	18	female	deposited_mouse	ALL	Oas1a	1242	163	0.13123993558776167	0.4657313685786225	3.548701593709504	source_transformed_X
facs.Brain_Myeloid.clustered_diversity	18_46_F	18	female	deposited_mouse	ALL	Ifit3	1242	125	0.10064412238325282	0.39004360589959125	3.8754732682183386	source_transformed_X
facs.Brain_Myeloid.clustered_diversity	18_46_F	18	female	deposited_mouse	ALL	Rtp4	1242	261	0.21014492753623187	0.5352355643931398	2.5469830305604586	source_transformed_X
facs.Brain_Myeloid.clustered_diversity	18_46_F	18	female	deposited_mouse	ALL	Bst2	1242	679	0.5466988727858293	0.9151438520437679	1.6739450136058318	source_transformed_X
facs.Brain_Myeloid.clustered_diversity	18_46_F	18	female	deposited_mouse	ALL	Stat1	1242	300	0.24154589371980675	0.4346296110395912	1.7993665897039075	source_transformed_X
facs.Brain_Myeloid.clustered_diversity	18_46_F	18	female	deposited_mouse	ALL	Irf7	1242	81	0.06521739130434782	0.31123670741117854	4.772296180304738	source_transformed_X
facs.Brain_Myeloid.clustered_diversity	18_46_F	18	female	deposited_mouse	ALL	Ifitm3	1242	327	0.2632850241545894	0.5661116990166298	2.150185719200777	source_transformed_X
facs.Brain_Myeloid.clustered_diversity	18_46_F	18	female	deposited_mouse	ALL	Usp18	1242	177	0.14251207729468598	0.4242202671441203	2.976732044028234	source_transformed_X
facs.Brain_Myeloid.clustered_diversity	18_46_F	18	female	deposited_mouse	ALL	Ifi204	1242	152	0.12238325281803543	0.4106779110763408	3.3556708260316794	source_transformed_X
facs.Brain_Myeloid.clustered_diversity	18_46_F	18	female	deposited_mouse	ALL	Ifit2	1242	46	0.037037037037037035	0.13649766258715432	3.6854368898531664	source_transformed_X
facs.Brain_Myeloid.clustered_diversity	18_46_F	18	female	deposited_mouse	ALL	P2ry12	1242	1209	0.9734299516908212	3.2133389642036967	3.301047968189405	source_transformed_X
facs.Brain_Myeloid.clustered_diversity	18_46_F	18	female	deposited_mouse	ALL	Tmem119	1242	1208	0.9726247987117552	3.68451825324176	3.7882215815614786	source_transformed_X
facs.Brain_Myeloid.clustered_diversity	18_46_F	18	female	deposited_mouse	ALL	Apoe	1242	517	0.41626409017713367	0.6802319218841383	1.6341354873889744	source_transformed_X
facs.Brain_Myeloid.clustered_diversity	18_46_F	18	female	deposited_mouse	ALL	Lpl	1242	135	0.10869565217391304	0.3535663424811106	3.252810350826217	source_transformed_X
facs.Brain_Myeloid.clustered_diversity	18_46_F	18	female	deposited_mouse	ALL	Cst7	1242	150	0.12077294685990338	0.3254789188101171	2.6949654477477694	source_transformed_X
facs.Brain_Myeloid.clustered_diversity	18_46_F	18	female	deposited_mouse	ALL	Clec7a	1242	212	0.1706924315619968	0.500711306222848	2.9334124638149865	source_transformed_X
facs.Brain_Myeloid.clustered_diversity	18_46_F	18	female	deposited_mouse	ALL	Itgal	1242	7	0.005636070853462158	0.03212871031772687	5.700551173516682	source_transformed_X
facs.Brain_Myeloid.clustered_diversity	18_46_F	18	female	deposited_mouse	ALL	Itga1	1242	1	0.0008051529790660225	0.0010925060117110345	1.356892466545105	source_transformed_X
facs.Brain_Myeloid.clustered_diversity	18_46_F	18	female	deposited_mouse	macrophage	Cdkn2a	20	0	0.0	0.0		source_transformed_X
facs.Brain_Myeloid.clustered_diversity	18_46_F	18	female	deposited_mouse	macrophage	Cdkn1a	20	6	0.3	0.6737368743866682	2.245789581288894	source_transformed_X
facs.Brain_Myeloid.clustered_diversity	18_46_F	18	female	deposited_mouse	macrophage	Lmnb1	20	1	0.05	0.2970409870147705	5.94081974029541	source_transformed_X
facs.Brain_Myeloid.clustered_diversity	18_46_F	18	female	deposited_mouse	macrophage	Il1b	20	2	0.1	0.525325620174408	5.25325620174408	source_transformed_X
facs.Brain_Myeloid.clustered_diversity	18_46_F	18	female	deposited_mouse	macrophage	Tnf	20	0	0.0	0.0		source_transformed_X
facs.Brain_Myeloid.clustered_diversity	18_46_F	18	female	deposited_mouse	macrophage	Cd38	20	3	0.15	1.5	10.0	source_transformed_X
facs.Brain_Myeloid.clustered_diversity	18_46_F	18	female	deposited_mouse	macrophage	H2-D1	20	20	1.0	2.9336293935775757	2.9336293935775757	source_transformed_X
facs.Brain_Myeloid.clustered_diversity	18_46_F	18	female	deposited_mouse	macrophage	H2-K1	20	19	0.95	2.4080065846443177	2.534743773309808	source_transformed_X
facs.Brain_Myeloid.clustered_diversity	18_46_F	18	female	deposited_mouse	macrophage	B2m	20	20	1.0	4.700752401351929	4.700752401351929	source_transformed_X
facs.Brain_Myeloid.clustered_diversity	18_46_F	18	female	deposited_mouse	macrophage	Fth1	20	20	1.0	4.404948675632477	4.404948675632477	source_transformed_X
facs.Brain_Myeloid.clustered_diversity	18_46_F	18	female	deposited_mouse	macrophage	Oasl2	20	8	0.4	1.5857170581817628	3.9642926454544067	source_transformed_X
facs.Brain_Myeloid.clustered_diversity	18_46_F	18	female	deposited_mouse	macrophage	Oas1a	20	10	0.5	1.5788330733776093	3.1576661467552185	source_transformed_X
facs.Brain_Myeloid.clustered_diversity	18_46_F	18	female	deposited_mouse	macrophage	Ifit3	20	5	0.25	0.6407895922660828	2.563158369064331	source_transformed_X
facs.Brain_Myeloid.clustered_diversity	18_46_F	18	female	deposited_mouse	macrophage	Rtp4	20	8	0.4	0.7978835284709931	1.9947088211774826	source_transformed_X
facs.Brain_Myeloid.clustered_diversity	18_46_F	18	female	deposited_mouse	macrophage	Bst2	20	18	0.9	2.0793474594131114	2.310386066014568	source_transformed_X
facs.Brain_Myeloid.clustered_diversity	18_46_F	18	female	deposited_mouse	macrophage	Stat1	20	9	0.45	0.8997951034456492	1.9995446743236647	source_transformed_X
facs.Brain_Myeloid.clustered_diversity	18_46_F	18	female	deposited_mouse	macrophage	Irf7	20	10	0.5	1.6963968541473151	3.3927937082946302	source_transformed_X
facs.Brain_Myeloid.clustered_diversity	18_46_F	18	female	deposited_mouse	macrophage	Ifitm3	20	17	0.85	3.7614338755607606	4.42521632418913	source_transformed_X
facs.Brain_Myeloid.clustered_diversity	18_46_F	18	female	deposited_mouse	macrophage	Usp18	20	9	0.45	0.8522701115347445	1.8939335811883211	source_transformed_X
facs.Brain_Myeloid.clustered_diversity	18_46_F	18	female	deposited_mouse	macrophage	Ifi204	20	10	0.5	1.723789642751217	3.447579285502434	source_transformed_X
facs.Brain_Myeloid.clustered_diversity	18_46_F	18	female	deposited_mouse	macrophage	Ifit2	20	1	0.05	0.10487140417098999	2.0974280834198	source_transformed_X
facs.Brain_Myeloid.clustered_diversity	18_46_F	18	female	deposited_mouse	macrophage	P2ry12	20	5	0.25	0.32709667682647703	1.3083867073059081	source_transformed_X
facs.Brain_Myeloid.clustered_diversity	18_46_F	18	female	deposited_mouse	macrophage	Tmem119	20	6	0.3	0.7041729360818862	2.3472431202729545	source_transformed_X
facs.Brain_Myeloid.clustered_diversity	18_46_F	18	female	deposited_mouse	macrophage	Apoe	20	14	0.7	2.3574532151222227	3.367790307317461	source_transformed_X
facs.Brain_Myeloid.clustered_diversity	18_46_F	18	female	deposited_mouse	macrophage	Lpl	20	2	0.1	0.1849894816055894	1.849894816055894	source_transformed_X
facs.Brain_Myeloid.clustered_diversity	18_46_F	18	female	deposited_mouse	macrophage	Cst7	20	0	0.0	0.0		source_transformed_X
facs.Brain_Myeloid.clustered_diversity	18_46_F	18	female	deposited_mouse	macrophage	Clec7a	20	11	0.55	1.4389699924271553	2.6163090771402824	source_transformed_X
facs.Brain_Myeloid.clustered_diversity	18_46_F	18	female	deposited_mouse	macrophage	Itgal	20	3	0.15	1.03728246986866	6.915216465791066	source_transformed_X
facs.Brain_Myeloid.clustered_diversity	18_46_F	18	female	deposited_mouse	macrophage	Itga1	20	0	0.0	0.0		source_transformed_X
facs.Brain_Myeloid.clustered_diversity	18_46_F	18	female	deposited_mouse	microglial cell	Cdkn2a	1222	14	0.011456628477905073	0.08956587012192621	7.8178209492138455	source_transformed_X
facs.Brain_Myeloid.clustered_diversity	18_46_F	18	female	deposited_mouse	microglial cell	Cdkn1a	1222	111	0.09083469721767594	0.22898163049864398	2.5208608330571436	source_transformed_X
facs.Brain_Myeloid.clustered_diversity	18_46_F	18	female	deposited_mouse	microglial cell	Lmnb1	1222	32	0.02618657937806874	0.14503044859428452	5.53835025569424	source_transformed_X
facs.Brain_Myeloid.clustered_diversity	18_46_F	18	female	deposited_mouse	microglial cell	Il1b	1222	26	0.02127659574468085	0.10603365866061903	4.983581957049095	source_transformed_X
facs.Brain_Myeloid.clustered_diversity	18_46_F	18	female	deposited_mouse	microglial cell	Tnf	1222	23	0.018821603927986905	0.09544853790801891	5.071222318417353	source_transformed_X
facs.Brain_Myeloid.clustered_diversity	18_46_F	18	female	deposited_mouse	microglial cell	Cd38	1222	0	0.0	0.0		source_transformed_X
facs.Brain_Myeloid.clustered_diversity	18_46_F	18	female	deposited_mouse	microglial cell	H2-D1	1222	1167	0.9549918166939444	2.349267466810003	2.4599870132320683	source_transformed_X
facs.Brain_Myeloid.clustered_diversity	18_46_F	18	female	deposited_mouse	microglial cell	H2-K1	1222	1077	0.881342062193126	1.8154848852909724	2.0599094984452817	source_transformed_X
facs.Brain_Myeloid.clustered_diversity	18_46_F	18	female	deposited_mouse	microglial cell	B2m	1222	1221	0.9991816693944353	4.376953419621077	4.380538148056475	source_transformed_X
facs.Brain_Myeloid.clustered_diversity	18_46_F	18	female	deposited_mouse	microglial cell	Fth1	1222	1220	0.9983633387888707	3.5016863162822887	3.5074267856532435	source_transformed_X
facs.Brain_Myeloid.clustered_diversity	18_46_F	18	female	deposited_mouse	microglial cell	Oasl2	1222	118	0.09656301145662848	0.37465803609069576	3.879933221210426	source_transformed_X
facs.Brain_Myeloid.clustered_diversity	18_46_F	18	female	deposited_mouse	microglial cell	Oas1a	1222	153	0.12520458265139117	0.44751366473575854	3.5742594660594573	source_transformed_X
facs.Brain_Myeloid.clustered_diversity	18_46_F	18	female	deposited_mouse	microglial cell	Ifit3	1222	120	0.09819967266775777	0.3859397436022673	3.9301530556830886	source_transformed_X
facs.Brain_Myeloid.clustered_diversity	18_46_F	18	female	deposited_mouse	microglial cell	Rtp4	1222	253	0.20703764320785598	0.5309369070432568	2.5644462466674303	source_transformed_X
facs.Brain_Myeloid.clustered_diversity	18_46_F	18	female	deposited_mouse	microglial cell	Bst2	1222	661	0.5409165302782324	0.8960897831833858	1.6566137897883473	source_transformed_X
facs.Brain_Myeloid.clustered_diversity	18_46_F	18	female	deposited_mouse	microglial cell	Stat1	1222	291	0.2381342062193126	0.4270164278578227	1.7931755149218531	source_transformed_X
facs.Brain_Myeloid.clustered_diversity	18_46_F	18	female	deposited_mouse	microglial cell	Irf7	1222	71	0.05810147299509002	0.28856632857752657	4.966592303123063	source_transformed_X
facs.Brain_Myeloid.clustered_diversity	18_46_F	18	female	deposited_mouse	microglial cell	Ifitm3	1222	310	0.25368248772504093	0.5138151003825197	2.025425976346577	source_transformed_X
facs.Brain_Myeloid.clustered_diversity	18_46_F	18	female	deposited_mouse	microglial cell	Usp18	1222	168	0.13747954173486088	0.4172145413766796	3.034739104537515	source_transformed_X
facs.Brain_Myeloid.clustered_diversity	18_46_F	18	female	deposited_mouse	microglial cell	Ifi204	1222	142	0.11620294599018004	0.3891867207052299	3.3491983993083867	source_transformed_X
facs.Brain_Myeloid.clustered_diversity	18_46_F	18	female	deposited_mouse	microglial cell	Ifit2	1222	45	0.036824877250409165	0.13701527729118318	3.7207259744405747	source_transformed_X
facs.Brain_Myeloid.clustered_diversity	18_46_F	18	female	deposited_mouse	microglial cell	P2ry12	1222	1204	0.9852700490998363	3.2605769721804103	3.309323139538589	source_transformed_X
facs.Brain_Myeloid.clustered_diversity	18_46_F	18	female	deposited_mouse	microglial cell	Tmem119	1222	1202	0.983633387888707	3.7332964090054244	3.7954144856943666	source_transformed_X
facs.Brain_Myeloid.clustered_diversity	18_46_F	18	female	deposited_mouse	microglial cell	Apoe	1222	503	0.411620294599018	0.6527814915529094	1.585882669339275	source_transformed_X
facs.Brain_Myeloid.clustered_diversity	18_46_F	18	female	deposited_mouse	microglial cell	Lpl	1222	133	0.1088379705400982	0.3563253745739996	3.2739068250332894	source_transformed_X
facs.Brain_Myeloid.clustered_diversity	18_46_F	18	female	deposited_mouse	microglial cell	Cst7	1222	150	0.12274959083469722	0.3308059060246853	2.6949654477477694	source_transformed_X
facs.Brain_Myeloid.clustered_diversity	18_46_F	18	female	deposited_mouse	microglial cell	Clec7a	1222	201	0.16448445171849427	0.48535519024569074	2.950766380498677	source_transformed_X
facs.Brain_Myeloid.clustered_diversity	18_46_F	18	female	deposited_mouse	microglial cell	Itgal	1222	4	0.0032733224222585926	0.015677748622948916	4.789552204310894	source_transformed_X
facs.Brain_Myeloid.clustered_diversity	18_46_F	18	female	deposited_mouse	microglial cell	Itga1	1222	1	0.0008183306055646482	0.0011103866338339648	1.356892466545105	source_transformed_X
facs.Brain_Myeloid.clustered_diversity	18_47_F	18	female	deposited_mouse	ALL	Cdkn2a	1210	21	0.017355371900826446	0.10158039031565681	5.852965346759274	source_transformed_X
facs.Brain_Myeloid.clustered_diversity	18_47_F	18	female	deposited_mouse	ALL	Cdkn1a	1210	148	0.12231404958677686	0.27672461605022763	2.2624107123025365	source_transformed_X
facs.Brain_Myeloid.clustered_diversity	18_47_F	18	female	deposited_mouse	ALL	Lmnb1	1210	38	0.03140495867768595	0.12868201245884758	4.09750618618962	source_transformed_X
facs.Brain_Myeloid.clustered_diversity	18_47_F	18	female	deposited_mouse	ALL	Il1b	1210	32	0.026446280991735537	0.14377784423129863	5.43659973499598	source_transformed_X
facs.Brain_Myeloid.clustered_diversity	18_47_F	18	female	deposited_mouse	ALL	Tnf	1210	18	0.01487603305785124	0.07415600577292364	4.984931499179867	source_transformed_X
facs.Brain_Myeloid.clustered_diversity	18_47_F	18	female	deposited_mouse	ALL	Cd38	1210	4	0.003305785123966942	0.009462780942601607	2.862491235136986	source_transformed_X
facs.Brain_Myeloid.clustered_diversity	18_47_F	18	female	deposited_mouse	ALL	H2-D1	1210	1142	0.943801652892562	2.2405844907135863	2.3739993290397896	source_transformed_X
facs.Brain_Myeloid.clustered_diversity	18_47_F	18	female	deposited_mouse	ALL	H2-K1	1210	1081	0.8933884297520661	1.7307218687315395	1.9372557457587074	source_transformed_X
facs.Brain_Myeloid.clustered_diversity	18_47_F	18	female	deposited_mouse	ALL	B2m	1210	1206	0.996694214876033	4.384537711262333	4.3990801248983615	source_transformed_X
facs.Brain_Myeloid.clustered_diversity	18_47_F	18	female	deposited_mouse	ALL	Fth1	1210	1202	0.9933884297520661	3.619065053772166	3.643152009204926	source_transformed_X
facs.Brain_Myeloid.clustered_diversity	18_47_F	18	female	deposited_mouse	ALL	Oasl2	1210	75	0.06198347107438017	0.16832072976014523	2.715574440130343	source_transformed_X
facs.Brain_Myeloid.clustered_diversity	18_47_F	18	female	deposited_mouse	ALL	Oas1a	1210	102	0.08429752066115702	0.27845255620835335	3.3032116961971325	source_transformed_X
facs.Brain_Myeloid.clustered_diversity	18_47_F	18	female	deposited_mouse	ALL	Ifit3	1210	70	0.05785123966942149	0.18825745277399245	3.2541645408075834	source_transformed_X
facs.Brain_Myeloid.clustered_diversity	18_47_F	18	female	deposited_mouse	ALL	Rtp4	1210	174	0.14380165289256197	0.3036441505648011	2.111548403352927	source_transformed_X
facs.Brain_Myeloid.clustered_diversity	18_47_F	18	female	deposited_mouse	ALL	Bst2	1210	641	0.5297520661157025	0.8985391688290676	1.6961503810969918	source_transformed_X
facs.Brain_Myeloid.clustered_diversity	18_47_F	18	female	deposited_mouse	ALL	Stat1	1210	293	0.2421487603305785	0.37252462804394443	1.5384122864613405	source_transformed_X
facs.Brain_Myeloid.clustered_diversity	18_47_F	18	female	deposited_mouse	ALL	Irf7	1210	75	0.06198347107438017	0.17116790005767887	2.761508787597219	source_transformed_X
facs.Brain_Myeloid.clustered_diversity	18_47_F	18	female	deposited_mouse	ALL	Ifitm3	1210	198	0.16363636363636364	0.33946276804824815	2.074494693628183	source_transformed_X
facs.Brain_Myeloid.clustered_diversity	18_47_F	18	female	deposited_mouse	ALL	Usp18	1210	122	0.10082644628099173	0.24553527442492112	2.435226902083234	source_transformed_X
facs.Brain_Myeloid.clustered_diversity	18_47_F	18	female	deposited_mouse	ALL	Ifi204	1210	89	0.07355371900826446	0.20618643550979635	2.8032088423241976	source_transformed_X
facs.Brain_Myeloid.clustered_diversity	18_47_F	18	female	deposited_mouse	ALL	Ifit2	1210	40	0.03305785123966942	0.12782434391796835	3.8666864035185426	source_transformed_X
facs.Brain_Myeloid.clustered_diversity	18_47_F	18	female	deposited_mouse	ALL	P2ry12	1210	1173	0.9694214876033058	2.9976173911876747	3.0921713924442336	source_transformed_X
facs.Brain_Myeloid.clustered_diversity	18_47_F	18	female	deposited_mouse	ALL	Tmem119	1210	1154	0.9537190082644628	3.3050962709629337	3.4654822251864386	source_transformed_X
facs.Brain_Myeloid.clustered_diversity	18_47_F	18	female	deposited_mouse	ALL	Apoe	1210	620	0.512396694214876	0.904802947636205	1.7658251074835614	source_transformed_X
facs.Brain_Myeloid.clustered_diversity	18_47_F	18	female	deposited_mouse	ALL	Lpl	1210	144	0.11900826446280992	0.3570600853243858	3.0002965502951864	source_transformed_X
facs.Brain_Myeloid.clustered_diversity	18_47_F	18	female	deposited_mouse	ALL	Cst7	1210	174	0.14380165289256197	0.46939325871423254	3.264171511748399	source_transformed_X
facs.Brain_Myeloid.clustered_diversity	18_47_F	18	female	deposited_mouse	ALL	Clec7a	1210	227	0.18760330578512396	0.5041781197529102	2.6874692726917235	source_transformed_X
facs.Brain_Myeloid.clustered_diversity	18_47_F	18	female	deposited_mouse	ALL	Itgal	1210	12	0.009917355371900827	0.04090699914011581	4.124789079961677	source_transformed_X
facs.Brain_Myeloid.clustered_diversity	18_47_F	18	female	deposited_mouse	ALL	Itga1	1210	3	0.0024793388429752068	0.0031026431105353617	1.251399387915929	source_transformed_X
facs.Brain_Myeloid.clustered_diversity	18_47_F	18	female	deposited_mouse	macrophage	Cdkn2a	24	0	0.0	0.0		source_transformed_X
facs.Brain_Myeloid.clustered_diversity	18_47_F	18	female	deposited_mouse	macrophage	Cdkn1a	24	5	0.20833333333333334	0.5165288486362746	2.479338473454118	source_transformed_X
facs.Brain_Myeloid.clustered_diversity	18_47_F	18	female	deposited_mouse	macrophage	Lmnb1	24	3	0.125	0.3243815129001935	2.595052103201548	source_transformed_X
facs.Brain_Myeloid.clustered_diversity	18_47_F	18	female	deposited_mouse	macrophage	Il1b	24	3	0.125	0.8641316095987955	6.913052876790364	source_transformed_X
facs.Brain_Myeloid.clustered_diversity	18_47_F	18	female	deposited_mouse	macrophage	Tnf	24	0	0.0	0.0		source_transformed_X
facs.Brain_Myeloid.clustered_diversity	18_47_F	18	female	deposited_mouse	macrophage	Cd38	24	1	0.041666666666666664	0.4166666666666667	10.0	source_transformed_X
facs.Brain_Myeloid.clustered_diversity	18_47_F	18	female	deposited_mouse	macrophage	H2-D1	24	23	0.9583333333333334	2.97999935845534	3.1095645479533984	source_transformed_X
facs.Brain_Myeloid.clustered_diversity	18_47_F	18	female	deposited_mouse	macrophage	H2-K1	24	23	0.9583333333333334	2.3715309848388038	2.474641027657882	source_transformed_X
facs.Brain_Myeloid.clustered_diversity	18_47_F	18	female	deposited_mouse	macrophage	B2m	24	24	1.0	4.408276662230492	4.408276662230492	source_transformed_X
facs.Brain_Myeloid.clustered_diversity	18_47_F	18	female	deposited_mouse	macrophage	Fth1	24	24	1.0	4.257643163204193	4.257643163204193	source_transformed_X
facs.Brain_Myeloid.clustered_diversity	18_47_F	18	female	deposited_mouse	macrophage	Oasl2	24	9	0.375	1.848210742076238	4.928561978869968	source_transformed_X
facs.Brain_Myeloid.clustered_diversity	18_47_F	18	female	deposited_mouse	macrophage	Oas1a	24	10	0.4166666666666667	1.2199045109543174	2.9277708262903617	source_transformed_X
facs.Brain_Myeloid.clustered_diversity	18_47_F	18	female	deposited_mouse	macrophage	Ifit3	24	6	0.25	0.8709855775038401	3.4839423100153604	source_transformed_X
facs.Brain_Myeloid.clustered_diversity	18_47_F	18	female	deposited_mouse	macrophage	Rtp4	24	8	0.3333333333333333	1.068771590789159	3.2063147723674774	source_transformed_X
facs.Brain_Myeloid.clustered_diversity	18_47_F	18	female	deposited_mouse	macrophage	Bst2	24	18	0.75	1.618127127488454	2.1575028366512723	source_transformed_X
facs.Brain_Myeloid.clustered_diversity	18_47_F	18	female	deposited_mouse	macrophage	Stat1	24	11	0.4583333333333333	1.013180460780859	2.2105755507946014	source_transformed_X
facs.Brain_Myeloid.clustered_diversity	18_47_F	18	female	deposited_mouse	macrophage	Irf7	24	9	0.375	1.6190667003393173	4.317511200904846	source_transformed_X
facs.Brain_Myeloid.clustered_diversity	18_47_F	18	female	deposited_mouse	macrophage	Ifitm3	24	19	0.7916666666666666	3.158472865819931	3.9896499357725443	source_transformed_X
facs.Brain_Myeloid.clustered_diversity	18_47_F	18	female	deposited_mouse	macrophage	Usp18	24	9	0.375	0.8777230563573539	2.340594816952944	source_transformed_X
facs.Brain_Myeloid.clustered_diversity	18_47_F	18	female	deposited_mouse	macrophage	Ifi204	24	8	0.3333333333333333	1.2947492885092895	3.8842478655278683	source_transformed_X
facs.Brain_Myeloid.clustered_diversity	18_47_F	18	female	deposited_mouse	macrophage	Ifit2	24	2	0.08333333333333333	0.4354207515716553	5.225049018859863	source_transformed_X
facs.Brain_Myeloid.clustered_diversity	18_47_F	18	female	deposited_mouse	macrophage	P2ry12	24	10	0.4166666666666667	0.36273009112725657	0.8705522187054158	source_transformed_X
facs.Brain_Myeloid.clustered_diversity	18_47_F	18	female	deposited_mouse	macrophage	Tmem119	24	7	0.2916666666666667	0.6655410478512446	2.2818550212042674	source_transformed_X
facs.Brain_Myeloid.clustered_diversity	18_47_F	18	female	deposited_mouse	macrophage	Apoe	24	20	0.8333333333333334	2.782070209582647	3.338484251499176	source_transformed_X
facs.Brain_Myeloid.clustered_diversity	18_47_F	18	female	deposited_mouse	macrophage	Lpl	24	3	0.125	0.2693045636018117	2.1544365088144937	source_transformed_X
facs.Brain_Myeloid.clustered_diversity	18_47_F	18	female	deposited_mouse	macrophage	Cst7	24	0	0.0	0.0		source_transformed_X
facs.Brain_Myeloid.clustered_diversity	18_47_F	18	female	deposited_mouse	macrophage	Clec7a	24	11	0.4583333333333333	1.3491448014974594	2.9435886578126387	source_transformed_X
facs.Brain_Myeloid.clustered_diversity	18_47_F	18	female	deposited_mouse	macrophage	Itgal	24	7	0.2916666666666667	1.422555591755857	4.877333457448652	source_transformed_X
facs.Brain_Myeloid.clustered_diversity	18_47_F	18	female	deposited_mouse	macrophage	Itga1	24	1	0.041666666666666664	0.09278181195259094	2.2267634868621826	source_transformed_X
facs.Brain_Myeloid.clustered_diversity	18_47_F	18	female	deposited_mouse	microglial cell	Cdkn2a	1186	21	0.01770657672849916	0.10363598000163976	5.852965346759274	source_transformed_X
facs.Brain_Myeloid.clustered_diversity	18_47_F	18	female	deposited_mouse	microglial cell	Cdkn1a	1186	143	0.1205733558178752	0.271871916571252	2.2548258255489846	source_transformed_X
facs.Brain_Myeloid.clustered_diversity	18_47_F	18	female	deposited_mouse	microglial cell	Lmnb1	1186	35	0.02951096121416526	0.1247218202070834	4.226287964731455	source_transformed_X
facs.Brain_Myeloid.clustered_diversity	18_47_F	18	female	deposited_mouse	microglial cell	Il1b	1186	29	0.024451939291736932	0.1292007022677068	5.283863203086216	source_transformed_X
facs.Brain_Myeloid.clustered_diversity	18_47_F	18	female	deposited_mouse	microglial cell	Tnf	1186	18	0.01517706576728499	0.0756566332084634	4.984931499179867	source_transformed_X
facs.Brain_Myeloid.clustered_diversity	18_47_F	18	female	deposited_mouse	microglial cell	Cd38	1186	3	0.002529510961214165	0.0012225674034974225	0.4833216468493144	source_transformed_X
facs.Brain_Myeloid.clustered_diversity	18_47_F	18	female	deposited_mouse	microglial cell	H2-D1	1186	1119	0.9435075885328836	2.2256216266108866	2.358880472886963	source_transformed_X
facs.Brain_Myeloid.clustered_diversity	18_47_F	18	female	deposited_mouse	microglial cell	H2-K1	1186	1058	0.8920741989881956	1.7177543992656252	1.9255734570217689	source_transformed_X
facs.Brain_Myeloid.clustered_diversity	18_47_F	18	female	deposited_mouse	microglial cell	B2m	1186	1182	0.9966273187183811	4.38405732776888	4.398893393175881	source_transformed_X
facs.Brain_Myeloid.clustered_diversity	18_47_F	18	female	deposited_mouse	microglial cell	Fth1	1186	1178	0.9932546374367622	3.606142731152968	3.6306326648110527	source_transformed_X
facs.Brain_Myeloid.clustered_diversity	18_47_F	18	female	deposited_mouse	microglial cell	Oasl2	1186	66	0.05564924114671164	0.13432632816184317	2.4138034121203944	source_transformed_X
facs.Brain_Myeloid.clustered_diversity	18_47_F	18	female	deposited_mouse	microglial cell	Oas1a	1186	92	0.0775716694772344	0.259401251896462	3.3440204864043905	source_transformed_X
facs.Brain_Myeloid.clustered_diversity	18_47_F	18	female	deposited_mouse	microglial cell	Ifit3	1186	64	0.05396290050590219	0.1744417065737257	3.2326228749443544	source_transformed_X
facs.Brain_Myeloid.clustered_diversity	18_47_F	18	female	deposited_mouse	microglial cell	Rtp4	1186	166	0.1399662731871838	0.28816096459061513	2.058788578340178	source_transformed_X
facs.Brain_Myeloid.clustered_diversity	18_47_F	18	female	deposited_mouse	microglial cell	Bst2	1186	623	0.5252951096121417	0.8839775237971744	1.6828207756395648	source_transformed_X
facs.Brain_Myeloid.clustered_diversity	18_47_F	18	female	deposited_mouse	microglial cell	Stat1	1186	282	0.23777403035413153	0.35956026043375394	1.5121931520369933	source_transformed_X
facs.Brain_Myeloid.clustered_diversity	18_47_F	18	female	deposited_mouse	microglial cell	Irf7	1186	66	0.05564924114671164	0.1418680929693489	2.5493266403279975	source_transformed_X
facs.Brain_Myeloid.clustered_diversity	18_47_F	18	female	deposited_mouse	microglial cell	Ifitm3	1186	179	0.15092748735244518	0.28241703251155303	1.8712100589871614	source_transformed_X
facs.Brain_Myeloid.clustered_diversity	18_47_F	18	female	deposited_mouse	microglial cell	Usp18	1186	113	0.09527824620573355	0.23274226703337106	2.4427639708104256	source_transformed_X
facs.Brain_Myeloid.clustered_diversity	18_47_F	18	female	deposited_mouse	microglial cell	Ifi204	1186	81	0.06829679595278246	0.1841581821607341	2.69643955608186	source_transformed_X
facs.Brain_Myeloid.clustered_diversity	18_47_F	18	female	deposited_mouse	microglial cell	Ifit2	1186	38	0.03204047217537943	0.12159979603964753	3.7951936342900523	source_transformed_X
facs.Brain_Myeloid.clustered_diversity	18_47_F	18	female	deposited_mouse	microglial cell	P2ry12	1186	1163	0.9806070826306914	3.050937201644209	3.1112738788908274	source_transformed_X
facs.Brain_Myeloid.clustered_diversity	18_47_F	18	female	deposited_mouse	microglial cell	Tmem119	1186	1147	0.9671163575042159	3.358510541919663	3.4727057565097823	source_transformed_X
facs.Brain_Myeloid.clustered_diversity	18_47_F	18	female	deposited_mouse	microglial cell	Apoe	1186	600	0.5059021922428331	0.8668144027064287	1.7134031360163742	source_transformed_X
facs.Brain_Myeloid.clustered_diversity	18_47_F	18	female	deposited_mouse	microglial cell	Lpl	1186	141	0.11888701517706576	0.35883591375722035	3.01829357245435	source_transformed_X
facs.Brain_Myeloid.clustered_diversity	18_47_F	18	female	deposited_mouse	microglial cell	Cst7	1186	174	0.1467116357504216	0.47889194185853406	3.264171511748399	source_transformed_X
facs.Brain_Myeloid.clustered_diversity	18_47_F	18	female	deposited_mouse	microglial cell	Clec7a	1186	216	0.1821247892074199	0.4870792998862414	2.674426155856862	source_transformed_X
facs.Brain_Myeloid.clustered_diversity	18_47_F	18	female	deposited_mouse	microglial cell	Itgal	1186	5	0.0042158516020236085	0.01294783706357467	3.071226951479912	source_transformed_X
facs.Brain_Myeloid.clustered_diversity	18_47_F	18	female	deposited_mouse	microglial cell	Itga1	1186	2	0.0016863406408094434	0.0012878875859069182	0.7637173384428024	source_transformed_X
facs.Brain_Myeloid.clustered_diversity	18_53_M	18	male	deposited_mouse	ALL	Cdkn2a	782	9	0.011508951406649617	0.08677475554558932	7.5397620929612055	source_transformed_X
facs.Brain_Myeloid.clustered_diversity	18_53_M	18	male	deposited_mouse	ALL	Cdkn1a	782	147	0.18797953964194372	0.2979709410222957	1.585124325710444	source_transformed_X
facs.Brain_Myeloid.clustered_diversity	18_53_M	18	male	deposited_mouse	ALL	Lmnb1	782	24	0.030690537084398978	0.14890805689994333	4.85192085398982	source_transformed_X
facs.Brain_Myeloid.clustered_diversity	18_53_M	18	male	deposited_mouse	ALL	Il1b	782	11	0.014066496163682864	0.09646709724460416	6.8579336404800415	source_transformed_X
facs.Brain_Myeloid.clustered_diversity	18_53_M	18	male	deposited_mouse	ALL	Tnf	782	6	0.0076726342710997444	0.06593689223384613	8.593774954477945	source_transformed_X
facs.Brain_Myeloid.clustered_diversity	18_53_M	18	male	deposited_mouse	ALL	Cd38	782	3	0.0038363171355498722	0.010538293043975635	2.7469817201296487	source_transformed_X
facs.Brain_Myeloid.clustered_diversity	18_53_M	18	male	deposited_mouse	ALL	H2-D1	782	750	0.959079283887468	2.4134560996476595	2.5164302265659595	source_transformed_X
facs.Brain_Myeloid.clustered_diversity	18_53_M	18	male	deposited_mouse	ALL	H2-K1	782	684	0.8746803069053708	1.781716968276171	2.0369922064210026	source_transformed_X
facs.Brain_Myeloid.clustered_diversity	18_53_M	18	male	deposited_mouse	ALL	B2m	782	780	0.9974424552429667	4.21110078936819	4.221898483699904	source_transformed_X
facs.Brain_Myeloid.clustered_diversity	18_53_M	18	male	deposited_mouse	ALL	Fth1	782	778	0.9948849104859335	3.512398356376478	3.530456959751164	source_transformed_X
facs.Brain_Myeloid.clustered_diversity	18_53_M	18	male	deposited_mouse	ALL	Oasl2	782	71	0.0907928388746803	0.37654365192088857	4.14728360284697	source_transformed_X
facs.Brain_Myeloid.clustered_diversity	18_53_M	18	male	deposited_mouse	ALL	Oas1a	782	99	0.1265984654731458	0.3483455098958214	2.7515776640255796	source_transformed_X
facs.Brain_Myeloid.clustered_diversity	18_53_M	18	male	deposited_mouse	ALL	Ifit3	782	71	0.0907928388746803	0.36029055899680806	3.9682706638803364	source_transformed_X
facs.Brain_Myeloid.clustered_diversity	18_53_M	18	male	deposited_mouse	ALL	Rtp4	782	141	0.18030690537084398	0.4791194748447832	2.657244179635606	source_transformed_X
facs.Brain_Myeloid.clustered_diversity	18_53_M	18	male	deposited_mouse	ALL	Bst2	782	388	0.4961636828644501	0.9052022455910416	1.8244024640520478	source_transformed_X
facs.Brain_Myeloid.clustered_diversity	18_53_M	18	male	deposited_mouse	ALL	Stat1	782	172	0.21994884910485935	0.4428810011220338	2.01356362138041	source_transformed_X
facs.Brain_Myeloid.clustered_diversity	18_53_M	18	male	deposited_mouse	ALL	Irf7	782	64	0.08184143222506395	0.2742123885539925	3.3505326226440957	source_transformed_X
facs.Brain_Myeloid.clustered_diversity	18_53_M	18	male	deposited_mouse	ALL	Ifitm3	782	188	0.24040920716112532	0.4863514741802293	2.0230151745156344	source_transformed_X
facs.Brain_Myeloid.clustered_diversity	18_53_M	18	male	deposited_mouse	ALL	Usp18	782	102	0.13043478260869565	0.3915963619232864	3.0022387747451957	source_transformed_X
facs.Brain_Myeloid.clustered_diversity	18_53_M	18	male	deposited_mouse	ALL	Ifi204	782	103	0.13171355498721227	0.3955538043957156	3.0031366508490254	source_transformed_X
facs.Brain_Myeloid.clustered_diversity	18_53_M	18	male	deposited_mouse	ALL	Ifit2	782	41	0.052429667519181586	0.2889199490513643	5.510619516052851	source_transformed_X
facs.Brain_Myeloid.clustered_diversity	18_53_M	18	male	deposited_mouse	ALL	P2ry12	782	747	0.9552429667519181	3.0952289735998417	3.2402530888287497	source_transformed_X
facs.Brain_Myeloid.clustered_diversity	18_53_M	18	male	deposited_mouse	ALL	Tmem119	782	732	0.9360613810741688	3.4435472402595404	3.6787622156871045	source_transformed_X
facs.Brain_Myeloid.clustered_diversity	18_53_M	18	male	deposited_mouse	ALL	Apoe	782	368	0.47058823529411764	0.6595893502558458	1.4016273692936723	source_transformed_X
facs.Brain_Myeloid.clustered_diversity	18_53_M	18	male	deposited_mouse	ALL	Lpl	782	34	0.043478260869565216	0.16591860979909787	3.816128025379251	source_transformed_X
facs.Brain_Myeloid.clustered_diversity	18_53_M	18	male	deposited_mouse	ALL	Cst7	782	84	0.10741687979539642	0.3079977863220512	2.8673127250457626	source_transformed_X
facs.Brain_Myeloid.clustered_diversity	18_53_M	18	male	deposited_mouse	ALL	Clec7a	782	133	0.170076726342711	0.510368036880346	3.000810562710005	source_transformed_X
facs.Brain_Myeloid.clustered_diversity	18_53_M	18	male	deposited_mouse	ALL	Itgal	782	11	0.014066496163682864	0.07831143277228031	5.567230947993019	source_transformed_X
facs.Brain_Myeloid.clustered_diversity	18_53_M	18	male	deposited_mouse	ALL	Itga1	782	3	0.0038363171355498722	0.02082816257958522	5.4292077124118805	source_transformed_X
facs.Brain_Myeloid.clustered_diversity	18_53_M	18	male	deposited_mouse	macrophage	Cdkn2a	21	0	0.0	0.0		source_transformed_X
facs.Brain_Myeloid.clustered_diversity	18_53_M	18	male	deposited_mouse	macrophage	Cdkn1a	21	3	0.14285714285714285	0.4162214086169288	2.913549860318502	source_transformed_X
facs.Brain_Myeloid.clustered_diversity	18_53_M	18	male	deposited_mouse	macrophage	Lmnb1	21	5	0.23809523809523808	1.5427828289213634	6.479687881469727	source_transformed_X
facs.Brain_Myeloid.clustered_diversity	18_53_M	18	male	deposited_mouse	macrophage	Il1b	21	5	0.23809523809523808	1.9794077021735055	8.313512349128723	source_transformed_X
facs.Brain_Myeloid.clustered_diversity	18_53_M	18	male	deposited_mouse	macrophage	Tnf	21	0	0.0	0.0		source_transformed_X
facs.Brain_Myeloid.clustered_diversity	18_53_M	18	male	deposited_mouse	macrophage	Cd38	21	2	0.09523809523809523	0.38456783975873676	4.037962317466736	source_transformed_X
facs.Brain_Myeloid.clustered_diversity	18_53_M	18	male	deposited_mouse	macrophage	H2-D1	21	21	1.0	3.0348603157770064	3.0348603157770064	source_transformed_X
facs.Brain_Myeloid.clustered_diversity	18_53_M	18	male	deposited_mouse	macrophage	H2-K1	21	20	0.9523809523809523	2.117639740308126	2.223521727323532	source_transformed_X
facs.Brain_Myeloid.clustered_diversity	18_53_M	18	male	deposited_mouse	macrophage	B2m	21	21	1.0	4.255084332965669	4.255084332965669	source_transformed_X
facs.Brain_Myeloid.clustered_diversity	18_53_M	18	male	deposited_mouse	macrophage	Fth1	21	21	1.0	3.948844696794237	3.948844696794237	source_transformed_X
facs.Brain_Myeloid.clustered_diversity	18_53_M	18	male	deposited_mouse	macrophage	Oasl2	21	6	0.2857142857142857	1.0310781275232632	3.6087734463314214	source_transformed_X
facs.Brain_Myeloid.clustered_diversity	18_53_M	18	male	deposited_mouse	macrophage	Oas1a	21	7	0.3333333333333333	0.8653842494601295	2.5961527483803883	source_transformed_X
facs.Brain_Myeloid.clustered_diversity	18_53_M	18	male	deposited_mouse	macrophage	Ifit3	21	1	0.047619047619047616	0.2304408209664481	4.83925724029541	source_transformed_X
facs.Brain_Myeloid.clustered_diversity	18_53_M	18	male	deposited_mouse	macrophage	Rtp4	21	11	0.5238095238095238	1.3438645430973597	2.565559582276778	source_transformed_X
facs.Brain_Myeloid.clustered_diversity	18_53_M	18	male	deposited_mouse	macrophage	Bst2	21	15	0.7142857142857143	1.3229053827623527	1.8520675358672938	source_transformed_X
facs.Brain_Myeloid.clustered_diversity	18_53_M	18	male	deposited_mouse	macrophage	Stat1	21	10	0.47619047619047616	0.7908501492901927	1.6607853135094046	source_transformed_X
facs.Brain_Myeloid.clustered_diversity	18_53_M	18	male	deposited_mouse	macrophage	Irf7	21	4	0.19047619047619047	0.7541628404564801	3.9593549123965204	source_transformed_X
facs.Brain_Myeloid.clustered_diversity	18_53_M	18	male	deposited_mouse	macrophage	Ifitm3	21	20	0.9523809523809523	3.4009627047039213	3.5710108399391176	source_transformed_X
facs.Brain_Myeloid.clustered_diversity	18_53_M	18	male	deposited_mouse	macrophage	Usp18	21	3	0.14285714285714285	0.4639707917258853	3.2477955420811973	source_transformed_X
facs.Brain_Myeloid.clustered_diversity	18_53_M	18	male	deposited_mouse	macrophage	Ifi204	21	8	0.38095238095238093	1.0536617225124723	2.7658620215952396	source_transformed_X
facs.Brain_Myeloid.clustered_diversity	18_53_M	18	male	deposited_mouse	macrophage	Ifit2	21	2	0.09523809523809523	0.8063374019804455	8.466542720794678	source_transformed_X
facs.Brain_Myeloid.clustered_diversity	18_53_M	18	male	deposited_mouse	macrophage	P2ry12	21	6	0.2857142857142857	0.23414707068531287	0.819514747398595	source_transformed_X
facs.Brain_Myeloid.clustered_diversity	18_53_M	18	male	deposited_mouse	macrophage	Tmem119	21	9	0.42857142857142855	0.6567836179885835	1.5324951086400285	source_transformed_X
facs.Brain_Myeloid.clustered_diversity	18_53_M	18	male	deposited_mouse	macrophage	Apoe	21	19	0.9047619047619048	1.9578603589020314	2.163950922996982	source_transformed_X
facs.Brain_Myeloid.clustered_diversity	18_53_M	18	male	deposited_mouse	macrophage	Lpl	21	2	0.09523809523809523	0.2838590145111084	2.980519652366638	source_transformed_X
facs.Brain_Myeloid.clustered_diversity	18_53_M	18	male	deposited_mouse	macrophage	Cst7	21	1	0.047619047619047616	0.13561511039733887	2.847917318344116	source_transformed_X
facs.Brain_Myeloid.clustered_diversity	18_53_M	18	male	deposited_mouse	macrophage	Clec7a	21	14	0.6666666666666666	2.457617876075563	3.6864268141133443	source_transformed_X
facs.Brain_Myeloid.clustered_diversity	18_53_M	18	male	deposited_mouse	macrophage	Itgal	21	10	0.47619047619047616	2.9013502654575167	6.092835557460785	source_transformed_X
facs.Brain_Myeloid.clustered_diversity	18_53_M	18	male	deposited_mouse	macrophage	Itga1	21	2	0.09523809523809523	0.7689838409423828	8.07433032989502	source_transformed_X
facs.Brain_Myeloid.clustered_diversity	18_53_M	18	male	deposited_mouse	microglial cell	Cdkn2a	761	9	0.011826544021024968	0.08916932830046104	7.5397620929612055	source_transformed_X
facs.Brain_Myeloid.clustered_diversity	18_53_M	18	male	deposited_mouse	microglial cell	Cdkn1a	761	144	0.18922470433639949	0.29470778751442805	1.5574487937394426	source_transformed_X
facs.Brain_Myeloid.clustered_diversity	18_53_M	18	male	deposited_mouse	microglial cell	Lmnb1	761	19	0.024967148488830485	0.11044370708069257	4.42356110991616	source_transformed_X
facs.Brain_Myeloid.clustered_diversity	18_53_M	18	male	deposited_mouse	microglial cell	Il1b	761	6	0.00788436268068331	0.044506844020547755	5.644951383272807	source_transformed_X
facs.Brain_Myeloid.clustered_diversity	18_53_M	18	male	deposited_mouse	microglial cell	Tnf	761	6	0.00788436268068331	0.06775643853727684	8.593774954477945	source_transformed_X
facs.Brain_Myeloid.clustered_diversity	18_53_M	18	male	deposited_mouse	microglial cell	Cd38	761	1	0.001314060446780552	0.00021684694540798273	0.16502052545547485	source_transformed_X
facs.Brain_Myeloid.clustered_diversity	18_53_M	18	male	deposited_mouse	microglial cell	H2-D1	761	729	0.9579500657030223	2.3963082829082163	2.50149602646523	source_transformed_X
facs.Brain_Myeloid.clustered_diversity	18_53_M	18	male	deposited_mouse	microglial cell	H2-K1	761	664	0.8725361366622865	1.7724470888902697	2.0313738473576737	source_transformed_X
facs.Brain_Myeloid.clustered_diversity	18_53_M	18	male	deposited_mouse	microglial cell	B2m	761	759	0.9973718791064389	4.209887051634226	4.220980298147096	source_transformed_X
facs.Brain_Myeloid.clustered_diversity	18_53_M	18	male	deposited_mouse	microglial cell	Fth1	761	757	0.9947437582128777	3.5003545020416906	3.518850430718265	source_transformed_X
facs.Brain_Myeloid.clustered_diversity	18_53_M	18	male	deposited_mouse	microglial cell	Oasl2	761	65	0.08541392904073587	0.35848159674657865	4.196992232679174	source_transformed_X
facs.Brain_Myeloid.clustered_diversity	18_53_M	18	male	deposited_mouse	microglial cell	Oas1a	761	92	0.12089356110381078	0.3340776865964121	2.76340347282467	source_transformed_X
facs.Brain_Myeloid.clustered_diversity	18_53_M	18	male	deposited_mouse	microglial cell	Ifit3	761	70	0.09198423127463863	0.3638737974969888	3.9558279985029783	source_transformed_X
facs.Brain_Myeloid.clustered_diversity	18_53_M	18	male	deposited_mouse	microglial cell	Rtp4	761	130	0.17082785808147175	0.4552566017392587	2.6650021071044296	source_transformed_X
facs.Brain_Myeloid.clustered_diversity	18_53_M	18	male	deposited_mouse	microglial cell	Bst2	761	373	0.49014454664914586	0.8936756149989292	1.823289927651971	source_transformed_X
facs.Brain_Myeloid.clustered_diversity	18_53_M	18	male	deposited_mouse	microglial cell	Stat1	761	162	0.21287779237844942	0.43327869874157215	2.0353400601378793	source_transformed_X
facs.Brain_Myeloid.clustered_diversity	18_53_M	18	male	deposited_mouse	microglial cell	Irf7	761	60	0.07884362680683311	0.2609680265435428	3.309944469993934	source_transformed_X
facs.Brain_Myeloid.clustered_diversity	18_53_M	18	male	deposited_mouse	microglial cell	Ifitm3	761	168	0.22076215505913271	0.40592199212898417	1.8387299762509342	source_transformed_X
facs.Brain_Myeloid.clustered_diversity	18_53_M	18	male	deposited_mouse	microglial cell	Usp18	761	99	0.13009198423127463	0.38959917003648664	2.9947976605834987	source_transformed_X
facs.Brain_Myeloid.clustered_diversity	18_53_M	18	male	deposited_mouse	microglial cell	Ifi204	761	95	0.12483574244415244	0.3773931391125988	3.0231176722598705	source_transformed_X
facs.Brain_Myeloid.clustered_diversity	18_53_M	18	male	deposited_mouse	microglial cell	Ifit2	761	39	0.051248357424441525	0.2746416750546354	5.359033710681475	source_transformed_X
facs.Brain_Myeloid.clustered_diversity	18_53_M	18	male	deposited_mouse	microglial cell	P2ry12	761	741	0.973718791064389	3.1741812994358534	3.259854209002273	source_transformed_X
facs.Brain_Myeloid.clustered_diversity	18_53_M	18	male	deposited_mouse	microglial cell	Tmem119	761	723	0.9500657030223391	3.5204487331211567	3.705479233617151	source_transformed_X
facs.Brain_Myeloid.clustered_diversity	18_53_M	18	male	deposited_mouse	microglial cell	Apoe	761	349	0.45860709592641263	0.623763212040905	1.3601255139344663	source_transformed_X
facs.Brain_Myeloid.clustered_diversity	18_53_M	18	male	deposited_mouse	microglial cell	Lpl	761	32	0.04204993429697766	0.16266401256000165	3.8683535486925393	source_transformed_X
facs.Brain_Myeloid.clustered_diversity	18_53_M	18	male	deposited_mouse	microglial cell	Cst7	761	83	0.10906701708278581	0.3127547327010512	2.8675464046445778	source_transformed_X
facs.Brain_Myeloid.clustered_diversity	18_53_M	18	male	deposited_mouse	microglial cell	Clec7a	761	119	0.15637319316688567	0.45663315301293533	2.920149827250788	source_transformed_X
facs.Brain_Myeloid.clustered_diversity	18_53_M	18	male	deposited_mouse	microglial cell	Itgal	761	1	0.001314060446780552	0.0004089157073789138	0.3111848533153534	source_transformed_X
facs.Brain_Myeloid.clustered_diversity	18_53_M	18	male	deposited_mouse	microglial cell	Itga1	761	1	0.001314060446780552	0.0001826050951979007	0.13896247744560242	source_transformed_X
facs.Brain_Myeloid.clustered_diversity	24_58_M	24	male	deposited_mouse	ALL	Cdkn2a	1253	9	0.007182761372705506	0.06301003423387873	8.772396988338894	source_transformed_X
facs.Brain_Myeloid.clustered_diversity	24_58_M	24	male	deposited_mouse	ALL	Cdkn1a	1253	155	0.12370311252992817	0.21240053185078198	1.7170184929614827	source_transformed_X
facs.Brain_Myeloid.clustered_diversity	24_58_M	24	male	deposited_mouse	ALL	Lmnb1	1253	19	0.015163607342378291	0.07817673843713731	5.155550171670161	source_transformed_X
facs.Brain_Myeloid.clustered_diversity	24_58_M	24	male	deposited_mouse	ALL	Il1b	1253	39	0.03112529928172386	0.11457406301259496	3.6810589988405504	source_transformed_X
facs.Brain_Myeloid.clustered_diversity	24_58_M	24	male	deposited_mouse	ALL	Tnf	1253	16	0.012769353551476457	0.07926685141261254	6.207585301250219	source_transformed_X
facs.Brain_Myeloid.clustered_diversity	24_58_M	24	male	deposited_mouse	ALL	Cd38	1253	10	0.007980845969672785	0.019602898725346384	2.456243210285902	source_transformed_X
facs.Brain_Myeloid.clustered_diversity	24_58_M	24	male	deposited_mouse	ALL	H2-D1	1253	1122	0.8954509177972865	2.092184677315357	2.3364593588913927	source_transformed_X
facs.Brain_Myeloid.clustered_diversity	24_58_M	24	male	deposited_mouse	ALL	H2-K1	1253	962	0.767757382282522	1.4871092558803494	1.9369520765260684	source_transformed_X
facs.Brain_Myeloid.clustered_diversity	24_58_M	24	male	deposited_mouse	ALL	B2m	1253	1250	0.9976057462090981	4.280495015155273	4.290768203191646	source_transformed_X
facs.Brain_Myeloid.clustered_diversity	24_58_M	24	male	deposited_mouse	ALL	Fth1	1253	1237	0.9872306464485235	3.318372871892873	3.361294428845408	source_transformed_X
facs.Brain_Myeloid.clustered_diversity	24_58_M	24	male	deposited_mouse	ALL	Oasl2	1253	52	0.041500399042298484	0.16164825451749854	3.895101209815878	source_transformed_X
facs.Brain_Myeloid.clustered_diversity	24_58_M	24	male	deposited_mouse	ALL	Oas1a	1253	55	0.04389465283320032	0.17522727037093944	3.991995814087039	source_transformed_X
facs.Brain_Myeloid.clustered_diversity	24_58_M	24	male	deposited_mouse	ALL	Ifit3	1253	70	0.055865921787709494	0.23464225141029785	4.200096300244331	source_transformed_X
facs.Brain_Myeloid.clustered_diversity	24_58_M	24	male	deposited_mouse	ALL	Rtp4	1253	148	0.11811652035115722	0.3547121413785694	3.003069683428023	source_transformed_X
facs.Brain_Myeloid.clustered_diversity	24_58_M	24	male	deposited_mouse	ALL	Bst2	1253	481	0.383878691141261	0.7423802944187688	1.9338929499100155	source_transformed_X
facs.Brain_Myeloid.clustered_diversity	24_58_M	24	male	deposited_mouse	ALL	Stat1	1253	190	0.1516360734237829	0.26979238906851466	1.779209807909731	source_transformed_X
facs.Brain_Myeloid.clustered_diversity	24_58_M	24	male	deposited_mouse	ALL	Irf7	1253	33	0.026336791699920193	0.1261628590470681	4.790365526847767	source_transformed_X
facs.Brain_Myeloid.clustered_diversity	24_58_M	24	male	deposited_mouse	ALL	Ifitm3	1253	181	0.14445331205107742	0.30103389141339354	2.0839528505026634	source_transformed_X
facs.Brain_Myeloid.clustered_diversity	24_58_M	24	male	deposited_mouse	ALL	Usp18	1253	97	0.07741420590582601	0.23660528435351746	3.056354858710901	source_transformed_X
facs.Brain_Myeloid.clustered_diversity	24_58_M	24	male	deposited_mouse	ALL	Ifi204	1253	56	0.0446927374301676	0.17358354017649855	3.8839317114491547	source_transformed_X
facs.Brain_Myeloid.clustered_diversity	24_58_M	24	male	deposited_mouse	ALL	Ifit2	1253	21	0.01675977653631285	0.09095719072399906	5.427112379865277	source_transformed_X
facs.Brain_Myeloid.clustered_diversity	24_58_M	24	male	deposited_mouse	ALL	P2ry12	1253	1205	0.9616919393455706	3.2717048570733733	3.4020300298032673	source_transformed_X
facs.Brain_Myeloid.clustered_diversity	24_58_M	24	male	deposited_mouse	ALL	Tmem119	1253	1209	0.9648842777334398	3.4857202691278	3.61257857503485	source_transformed_X
facs.Brain_Myeloid.clustered_diversity	24_58_M	24	male	deposited_mouse	ALL	Apoe	1253	583	0.4652833200319234	0.7292483219435009	1.5673210075389479	source_transformed_X
facs.Brain_Myeloid.clustered_diversity	24_58_M	24	male	deposited_mouse	ALL	Lpl	1253	62	0.04948124501197127	0.1648815006921878	3.332201941408247	source_transformed_X
facs.Brain_Myeloid.clustered_diversity	24_58_M	24	male	deposited_mouse	ALL	Cst7	1253	94	0.07501995211492418	0.25510724841491433	3.4005253432328475	source_transformed_X
facs.Brain_Myeloid.clustered_diversity	24_58_M	24	male	deposited_mouse	ALL	Clec7a	1253	119	0.09497206703910614	0.2859853652922075	3.0112576698414792	source_transformed_X
facs.Brain_Myeloid.clustered_diversity	24_58_M	24	male	deposited_mouse	ALL	Itgal	1253	9	0.007182761372705506	0.03506728959643689	4.882145984926158	source_transformed_X
facs.Brain_Myeloid.clustered_diversity	24_58_M	24	male	deposited_mouse	ALL	Itga1	1253	3	0.0023942537909018356	0.0011406264669973187	0.4764016543825467	source_transformed_X
facs.Brain_Myeloid.clustered_diversity	24_58_M	24	male	deposited_mouse	macrophage	Cdkn2a	38	0	0.0	0.0		source_transformed_X
facs.Brain_Myeloid.clustered_diversity	24_58_M	24	male	deposited_mouse	macrophage	Cdkn1a	38	14	0.3684210526315789	1.0493724655948187	2.848296692328794	source_transformed_X
facs.Brain_Myeloid.clustered_diversity	24_58_M	24	male	deposited_mouse	macrophage	Lmnb1	38	0	0.0	0.0		source_transformed_X
facs.Brain_Myeloid.clustered_diversity	24_58_M	24	male	deposited_mouse	macrophage	Il1b	38	5	0.13157894736842105	0.8268489398454365	6.284051942825317	source_transformed_X
facs.Brain_Myeloid.clustered_diversity	24_58_M	24	male	deposited_mouse	macrophage	Tnf	38	3	0.07894736842105263	0.4406108573863381	5.581070860226949	source_transformed_X
facs.Brain_Myeloid.clustered_diversity	24_58_M	24	male	deposited_mouse	macrophage	Cd38	38	2	0.05263157894736842	0.41975129278082596	7.975274562835693	source_transformed_X
facs.Brain_Myeloid.clustered_diversity	24_58_M	24	male	deposited_mouse	macrophage	H2-D1	38	38	1.0	2.9409572184085846	2.9409572184085846	source_transformed_X
facs.Brain_Myeloid.clustered_diversity	24_58_M	24	male	deposited_mouse	macrophage	H2-K1	38	35	0.9210526315789473	2.1578431282664257	2.3428011106892623	source_transformed_X
facs.Brain_Myeloid.clustered_diversity	24_58_M	24	male	deposited_mouse	macrophage	B2m	38	38	1.0	4.282326955544321	4.282326955544321	source_transformed_X
facs.Brain_Myeloid.clustered_diversity	24_58_M	24	male	deposited_mouse	macrophage	Fth1	38	38	1.0	4.584695728201615	4.584695728201615	source_transformed_X
facs.Brain_Myeloid.clustered_diversity	24_58_M	24	male	deposited_mouse	macrophage	Oasl2	38	12	0.3157894736842105	1.386332808356536	4.390053893129031	source_transformed_X
facs.Brain_Myeloid.clustered_diversity	24_58_M	24	male	deposited_mouse	macrophage	Oas1a	38	13	0.34210526315789475	1.1795005136365562	3.4477707321683946	source_transformed_X
facs.Brain_Myeloid.clustered_diversity	24_58_M	24	male	deposited_mouse	macrophage	Ifit3	38	10	0.2631578947368421	1.048682586535027	3.9849938288331033	source_transformed_X
facs.Brain_Myeloid.clustered_diversity	24_58_M	24	male	deposited_mouse	macrophage	Rtp4	38	17	0.4473684210526316	1.4803383296208554	3.308991560328971	source_transformed_X
facs.Brain_Myeloid.clustered_diversity	24_58_M	24	male	deposited_mouse	macrophage	Bst2	38	26	0.6842105263157895	1.7797920076470626	2.6012344727149377	source_transformed_X
facs.Brain_Myeloid.clustered_diversity	24_58_M	24	male	deposited_mouse	macrophage	Stat1	38	11	0.2894736842105263	0.5533123081059832	1.9114425189115785	source_transformed_X
facs.Brain_Myeloid.clustered_diversity	24_58_M	24	male	deposited_mouse	macrophage	Irf7	38	12	0.3157894736842105	1.4062480683389462	4.45311888307333	source_transformed_X
facs.Brain_Myeloid.clustered_diversity	24_58_M	24	male	deposited_mouse	macrophage	Ifitm3	38	30	0.7894736842105263	2.859045182403765	3.6214572310447695	source_transformed_X
facs.Brain_Myeloid.clustered_diversity	24_58_M	24	male	deposited_mouse	macrophage	Usp18	38	13	0.34210526315789475	1.3899008506222774	4.062787101818965	source_transformed_X
facs.Brain_Myeloid.clustered_diversity	24_58_M	24	male	deposited_mouse	macrophage	Ifi204	38	10	0.2631578947368421	1.211175002549824	4.602465009689331	source_transformed_X
facs.Brain_Myeloid.clustered_diversity	24_58_M	24	male	deposited_mouse	macrophage	Ifit2	38	4	0.10526315789473684	0.43417124410993174	4.124626819044352	source_transformed_X
facs.Brain_Myeloid.clustered_diversity	24_58_M	24	male	deposited_mouse	macrophage	P2ry12	38	6	0.15789473684210525	0.18211428585805392	1.1533904771010082	source_transformed_X
facs.Brain_Myeloid.clustered_diversity	24_58_M	24	male	deposited_mouse	macrophage	Tmem119	38	14	0.3684210526315789	0.8380665245809054	2.274751995291029	source_transformed_X
facs.Brain_Myeloid.clustered_diversity	24_58_M	24	male	deposited_mouse	macrophage	Apoe	38	30	0.7894736842105263	2.719572109611411	3.4447913388411204	source_transformed_X
facs.Brain_Myeloid.clustered_diversity	24_58_M	24	male	deposited_mouse	macrophage	Lpl	38	1	0.02631578947368421	0.07113108509465267	2.7029812335968018	source_transformed_X
facs.Brain_Myeloid.clustered_diversity	24_58_M	24	male	deposited_mouse	macrophage	Cst7	38	0	0.0	0.0		source_transformed_X
facs.Brain_Myeloid.clustered_diversity	24_58_M	24	male	deposited_mouse	macrophage	Clec7a	38	16	0.42105263157894735	1.2615194430476742	2.996108677238226	source_transformed_X
facs.Brain_Myeloid.clustered_diversity	24_58_M	24	male	deposited_mouse	macrophage	Itgal	38	5	0.13157894736842105	1.0520068846250836	7.995252323150635	source_transformed_X
facs.Brain_Myeloid.clustered_diversity	24_58_M	24	male	deposited_mouse	macrophage	Itga1	38	1	0.02631578947368421	0.0018184328157650797	0.06910044699907303	source_transformed_X
facs.Brain_Myeloid.clustered_diversity	24_58_M	24	male	deposited_mouse	microglial cell	Cdkn2a	1215	9	0.007407407407407408	0.06498071843213996	8.772396988338894	source_transformed_X
facs.Brain_Myeloid.clustered_diversity	24_58_M	24	male	deposited_mouse	microglial cell	Cdkn1a	1215	141	0.11604938271604938	0.18622363186537177	1.6046929979888418	source_transformed_X
facs.Brain_Myeloid.clustered_diversity	24_58_M	24	male	deposited_mouse	microglial cell	Lmnb1	1215	19	0.015637860082304528	0.08062177223187905	5.155550171670161	source_transformed_X
facs.Brain_Myeloid.clustered_diversity	24_58_M	24	male	deposited_mouse	microglial cell	Il1b	1215	34	0.027983539094650206	0.09229715328448962	3.298265918842791	source_transformed_X
facs.Brain_Myeloid.clustered_diversity	24_58_M	24	male	deposited_mouse	microglial cell	Tnf	1215	13	0.010699588477366255	0.06796555739861948	6.352165556870974	source_transformed_X
facs.Brain_Myeloid.clustered_diversity	24_58_M	24	male	deposited_mouse	microglial cell	Cd38	1215	8	0.006584362139917695	0.007087969528549493	1.0764853721484542	source_transformed_X
facs.Brain_Myeloid.clustered_diversity	24_58_M	24	male	deposited_mouse	microglial cell	H2-D1	1215	1084	0.8921810699588477	2.0656387048367213	2.3152684745171737	source_transformed_X
facs.Brain_Myeloid.clustered_diversity	24_58_M	24	male	deposited_mouse	microglial cell	H2-K1	1215	927	0.762962962962963	1.4661315709826779	1.9216287580840923	source_transformed_X
facs.Brain_Myeloid.clustered_diversity	24_58_M	24	male	deposited_mouse	microglial cell	B2m	1215	1212	0.9975308641975309	4.2804377199003065	4.291032862771347	source_transformed_X
facs.Brain_Myeloid.clustered_diversity	24_58_M	24	male	deposited_mouse	microglial cell	Fth1	1215	1199	0.9868312757201646	3.2787677126009123	3.322521076572234	source_transformed_X
facs.Brain_Myeloid.clustered_diversity	24_58_M	24	male	deposited_mouse	microglial cell	Oasl2	1215	40	0.03292181069958848	0.12334536312170971	3.7466154048219322	source_transformed_X
facs.Brain_Myeloid.clustered_diversity	24_58_M	24	male	deposited_mouse	microglial cell	Oas1a	1215	42	0.0345679012345679	0.14381790144575968	4.160446434680905	source_transformed_X
facs.Brain_Myeloid.clustered_diversity	24_58_M	24	male	deposited_mouse	microglial cell	Ifit3	1215	60	0.04938271604938271	0.20918255368623223	4.235946712146203	source_transformed_X
facs.Brain_Myeloid.clustered_diversity	24_58_M	24	male	deposited_mouse	microglial cell	Rtp4	1215	131	0.10781893004115227	0.3195073717051481	2.963369897875992	source_transformed_X
facs.Brain_Myeloid.clustered_diversity	24_58_M	24	male	deposited_mouse	microglial cell	Bst2	1215	455	0.37448559670781895	0.7099344959803531	1.895759148606877	source_transformed_X
facs.Brain_Myeloid.clustered_diversity	24_58_M	24	male	deposited_mouse	microglial cell	Stat1	1215	179	0.14732510288065845	0.2609250994196062	1.7710837753900643	source_transformed_X
facs.Brain_Myeloid.clustered_diversity	24_58_M	24	male	deposited_mouse	microglial cell	Irf7	1215	21	0.01728395061728395	0.0861272722544003	4.983077894718874	source_transformed_X
facs.Brain_Myeloid.clustered_diversity	24_58_M	24	male	deposited_mouse	microglial cell	Ifitm3	1215	151	0.1242798353909465	0.22103024609846833	1.7784884040373445	source_transformed_X
facs.Brain_Myeloid.clustered_diversity	24_58_M	24	male	deposited_mouse	microglial cell	Usp18	1215	84	0.0691358024691358	0.2005351349558114	2.900597487753701	source_transformed_X
facs.Brain_Myeloid.clustered_diversity	24_58_M	24	male	deposited_mouse	microglial cell	Ifi204	1215	46	0.03786008230452675	0.14113211995412292	3.7277288205273775	source_transformed_X
facs.Brain_Myeloid.clustered_diversity	24_58_M	24	male	deposited_mouse	microglial cell	Ifit2	1215	17	0.013991769547325103	0.08022292403373944	5.733579570646672	source_transformed_X
facs.Brain_Myeloid.clustered_diversity	24_58_M	24	male	deposited_mouse	microglial cell	P2ry12	1215	1199	0.9868312757201646	3.3683340272019184	3.413282604712536	source_transformed_X
facs.Brain_Myeloid.clustered_diversity	24_58_M	24	male	deposited_mouse	microglial cell	Tmem119	1215	1195	0.9835390946502057	3.5685275467350284	3.6282518571406355	source_transformed_X
facs.Brain_Myeloid.clustered_diversity	24_58_M	24	male	deposited_mouse	microglial cell	Apoe	1215	553	0.4551440329218107	0.6669995121234346	1.4654690908317776	source_transformed_X
facs.Brain_Myeloid.clustered_diversity	24_58_M	24	male	deposited_mouse	microglial cell	Lpl	1215	61	0.050205761316872426	0.16781361245573212	3.3425170349789264	source_transformed_X
facs.Brain_Myeloid.clustered_diversity	24_58_M	24	male	deposited_mouse	microglial cell	Cst7	1215	94	0.07736625514403292	0.2630859113283026	3.4005253432328475	source_transformed_X
facs.Brain_Myeloid.clustered_diversity	24_58_M	24	male	deposited_mouse	microglial cell	Clec7a	1215	103	0.08477366255144032	0.25547483446528757	3.013610911410917	source_transformed_X
facs.Brain_Myeloid.clustered_diversity	24_58_M	24	male	deposited_mouse	microglial cell	Itgal	1215	4	0.0032921810699588477	0.0032617713980100773	0.990763062145561	source_transformed_X
facs.Brain_Myeloid.clustered_diversity	24_58_M	24	male	deposited_mouse	microglial cell	Itga1	1215	2	0.0016460905349794238	0.0011194275853074627	0.6800522580742836	source_transformed_X
facs.Brain_Myeloid.clustered_diversity	24_59_M	24	male	deposited_mouse	ALL	Cdkn2a	1075	12	0.011162790697674419	0.08294930812924407	7.4308755199114485	source_transformed_X
facs.Brain_Myeloid.clustered_diversity	24_59_M	24	male	deposited_mouse	ALL	Cdkn1a	1075	154	0.14325581395348838	0.40090631076243033	2.7985343121403417	source_transformed_X
facs.Brain_Myeloid.clustered_diversity	24_59_M	24	male	deposited_mouse	ALL	Lmnb1	1075	21	0.01953488372093023	0.1116670806636644	5.716291033973296	source_transformed_X
facs.Brain_Myeloid.clustered_diversity	24_59_M	24	male	deposited_mouse	ALL	Il1b	1075	35	0.03255813953488372	0.14292470918145292	4.389830353430339	source_transformed_X
facs.Brain_Myeloid.clustered_diversity	24_59_M	24	male	deposited_mouse	ALL	Tnf	1075	20	0.018604651162790697	0.09221264686695366	4.956429769098759	source_transformed_X
facs.Brain_Myeloid.clustered_diversity	24_59_M	24	male	deposited_mouse	ALL	Cd38	1075	12	0.011162790697674419	0.06964030911756117	6.238611025114854	source_transformed_X
facs.Brain_Myeloid.clustered_diversity	24_59_M	24	male	deposited_mouse	ALL	H2-D1	1075	974	0.906046511627907	2.1799866943109	2.4060428094293815	source_transformed_X
facs.Brain_Myeloid.clustered_diversity	24_59_M	24	male	deposited_mouse	ALL	H2-K1	1075	889	0.8269767441860465	1.6211833935671385	1.9603736198927717	source_transformed_X
facs.Brain_Myeloid.clustered_diversity	24_59_M	24	male	deposited_mouse	ALL	B2m	1075	1060	0.986046511627907	3.916845420474663	3.972272478311569	source_transformed_X
facs.Brain_Myeloid.clustered_diversity	24_59_M	24	male	deposited_mouse	ALL	Fth1	1075	1060	0.986046511627907	3.778525435945322	3.8319951355105863	source_transformed_X
facs.Brain_Myeloid.clustered_diversity	24_59_M	24	male	deposited_mouse	ALL	Oasl2	1075	39	0.03627906976744186	0.11973816558242191	3.300475076951373	source_transformed_X
facs.Brain_Myeloid.clustered_diversity	24_59_M	24	male	deposited_mouse	ALL	Oas1a	1075	60	0.05581395348837209	0.20256958411183468	3.629371715337038	source_transformed_X
facs.Brain_Myeloid.clustered_diversity	24_59_M	24	male	deposited_mouse	ALL	Ifit3	1075	49	0.045581395348837206	0.1567218975653482	3.4382865282193737	source_transformed_X
facs.Brain_Myeloid.clustered_diversity	24_59_M	24	male	deposited_mouse	ALL	Rtp4	1075	107	0.09953488372093024	0.2850339067242173	2.8636584086778845	source_transformed_X
facs.Brain_Myeloid.clustered_diversity	24_59_M	24	male	deposited_mouse	ALL	Bst2	1075	389	0.36186046511627906	0.6894941297935885	1.9054143689668577	source_transformed_X
facs.Brain_Myeloid.clustered_diversity	24_59_M	24	male	deposited_mouse	ALL	Stat1	1075	137	0.12744186046511627	0.23558103063858526	1.848537284207877	source_transformed_X
facs.Brain_Myeloid.clustered_diversity	24_59_M	24	male	deposited_mouse	ALL	Irf7	1075	43	0.04	0.1426809562500133	3.567023906250333	source_transformed_X
facs.Brain_Myeloid.clustered_diversity	24_59_M	24	male	deposited_mouse	ALL	Ifitm3	1075	274	0.25488372093023254	0.5462660330248087	2.1431970273783554	source_transformed_X
facs.Brain_Myeloid.clustered_diversity	24_59_M	24	male	deposited_mouse	ALL	Usp18	1075	53	0.04930232558139535	0.16581699639732062	3.3632692665494277	source_transformed_X
facs.Brain_Myeloid.clustered_diversity	24_59_M	24	male	deposited_mouse	ALL	Ifi204	1075	44	0.04093023255813953	0.13077412990983142	3.1950497648424725	source_transformed_X
facs.Brain_Myeloid.clustered_diversity	24_59_M	24	male	deposited_mouse	ALL	Ifit2	1075	15	0.013953488372093023	0.04339804842201776	3.110193470244606	source_transformed_X
facs.Brain_Myeloid.clustered_diversity	24_59_M	24	male	deposited_mouse	ALL	P2ry12	1075	981	0.9125581395348837	2.6013559431067215	2.850619407583818	source_transformed_X
facs.Brain_Myeloid.clustered_diversity	24_59_M	24	male	deposited_mouse	ALL	Tmem119	1075	992	0.9227906976744186	3.350167662050835	3.6304740289361366	source_transformed_X
facs.Brain_Myeloid.clustered_diversity	24_59_M	24	male	deposited_mouse	ALL	Apoe	1075	578	0.5376744186046511	1.0146997246618157	1.887201045002512	source_transformed_X
facs.Brain_Myeloid.clustered_diversity	24_59_M	24	male	deposited_mouse	ALL	Lpl	1075	127	0.11813953488372093	0.3935197388432747	3.3309741673741753	source_transformed_X
facs.Brain_Myeloid.clustered_diversity	24_59_M	24	male	deposited_mouse	ALL	Cst7	1075	150	0.13953488372093023	0.6245758022367954	4.476126582697034	source_transformed_X
facs.Brain_Myeloid.clustered_diversity	24_59_M	24	male	deposited_mouse	ALL	Clec7a	1075	144	0.13395348837209303	0.34031600248675015	2.5405534907865026	source_transformed_X
facs.Brain_Myeloid.clustered_diversity	24_59_M	24	male	deposited_mouse	ALL	Itgal	1075	27	0.025116279069767444	0.12664425154064976	5.042317422451796	source_transformed_X
facs.Brain_Myeloid.clustered_diversity	24_59_M	24	male	deposited_mouse	ALL	Itga1	1075	8	0.0074418604651162795	0.014862598153047784	1.997161626815796	source_transformed_X
facs.Brain_Myeloid.clustered_diversity	24_59_M	24	male	deposited_mouse	macrophage	Cdkn2a	28	0	0.0	0.0		source_transformed_X
facs.Brain_Myeloid.clustered_diversity	24_59_M	24	male	deposited_mouse	macrophage	Cdkn1a	28	8	0.2857142857142857	0.8160075023770332	2.8560262583196163	source_transformed_X
facs.Brain_Myeloid.clustered_diversity	24_59_M	24	male	deposited_mouse	macrophage	Lmnb1	28	1	0.03571428571428571	0.07104696120534625	1.9893149137496948	source_transformed_X
facs.Brain_Myeloid.clustered_diversity	24_59_M	24	male	deposited_mouse	macrophage	Il1b	28	8	0.2857142857142857	1.9979930222034454	6.992975577712059	source_transformed_X
facs.Brain_Myeloid.clustered_diversity	24_59_M	24	male	deposited_mouse	macrophage	Tnf	28	0	0.0	0.0		source_transformed_X
facs.Brain_Myeloid.clustered_diversity	24_59_M	24	male	deposited_mouse	macrophage	Cd38	28	2	0.07142857142857142	0.374509402683803	5.243131637573242	source_transformed_X
facs.Brain_Myeloid.clustered_diversity	24_59_M	24	male	deposited_mouse	macrophage	H2-D1	28	28	1.0	2.793246341603143	2.793246341603143	source_transformed_X
facs.Brain_Myeloid.clustered_diversity	24_59_M	24	male	deposited_mouse	macrophage	H2-K1	28	27	0.9642857142857143	2.100615314074925	2.178415881262885	source_transformed_X
facs.Brain_Myeloid.clustered_diversity	24_59_M	24	male	deposited_mouse	macrophage	B2m	28	28	1.0	4.501266449689865	4.501266449689865	source_transformed_X
facs.Brain_Myeloid.clustered_diversity	24_59_M	24	male	deposited_mouse	macrophage	Fth1	28	28	1.0	4.646775871515274	4.646775871515274	source_transformed_X
facs.Brain_Myeloid.clustered_diversity	24_59_M	24	male	deposited_mouse	macrophage	Oasl2	28	8	0.2857142857142857	0.6583534457853862	2.3042370602488518	source_transformed_X
facs.Brain_Myeloid.clustered_diversity	24_59_M	24	male	deposited_mouse	macrophage	Oas1a	28	7	0.25	0.6668651444571358	2.6674605778285434	source_transformed_X
facs.Brain_Myeloid.clustered_diversity	24_59_M	24	male	deposited_mouse	macrophage	Ifit3	28	4	0.14285714285714285	0.47331474508558	3.31320321559906	source_transformed_X
facs.Brain_Myeloid.clustered_diversity	24_59_M	24	male	deposited_mouse	macrophage	Rtp4	28	10	0.35714285714285715	0.9967203331845147	2.7908169329166412	source_transformed_X
facs.Brain_Myeloid.clustered_diversity	24_59_M	24	male	deposited_mouse	macrophage	Bst2	28	17	0.6071428571428571	1.5146941398935658	2.4947903480599907	source_transformed_X
facs.Brain_Myeloid.clustered_diversity	24_59_M	24	male	deposited_mouse	macrophage	Stat1	28	8	0.2857142857142857	0.29705052077770233	1.0396768227219582	source_transformed_X
facs.Brain_Myeloid.clustered_diversity	24_59_M	24	male	deposited_mouse	macrophage	Irf7	28	8	0.2857142857142857	0.9718216742788043	3.401375859975815	source_transformed_X
facs.Brain_Myeloid.clustered_diversity	24_59_M	24	male	deposited_mouse	macrophage	Ifitm3	28	26	0.9285714285714286	3.904262252151966	4.204590117702117	source_transformed_X
facs.Brain_Myeloid.clustered_diversity	24_59_M	24	male	deposited_mouse	macrophage	Usp18	28	5	0.17857142857142858	0.5495207437447139	3.077316164970398	source_transformed_X
facs.Brain_Myeloid.clustered_diversity	24_59_M	24	male	deposited_mouse	macrophage	Ifi204	28	6	0.21428571428571427	0.5864718641553607	2.736868699391683	source_transformed_X
facs.Brain_Myeloid.clustered_diversity	24_59_M	24	male	deposited_mouse	macrophage	Ifit2	28	3	0.10714285714285714	0.22135821729898453	2.0660100281238556	source_transformed_X
facs.Brain_Myeloid.clustered_diversity	24_59_M	24	male	deposited_mouse	macrophage	P2ry12	28	4	0.14285714285714285	0.13702905790082046	0.9592034053057432	source_transformed_X
facs.Brain_Myeloid.clustered_diversity	24_59_M	24	male	deposited_mouse	macrophage	Tmem119	28	4	0.14285714285714285	0.26291594760758535	1.8404116332530975	source_transformed_X
facs.Brain_Myeloid.clustered_diversity	24_59_M	24	male	deposited_mouse	macrophage	Apoe	28	21	0.75	2.339728112731661	3.1196374836422147	source_transformed_X
facs.Brain_Myeloid.clustered_diversity	24_59_M	24	male	deposited_mouse	macrophage	Lpl	28	3	0.10714285714285714	0.16000645820583617	1.4933936099211376	source_transformed_X
facs.Brain_Myeloid.clustered_diversity	24_59_M	24	male	deposited_mouse	macrophage	Cst7	28	0	0.0	0.0		source_transformed_X
facs.Brain_Myeloid.clustered_diversity	24_59_M	24	male	deposited_mouse	macrophage	Clec7a	28	8	0.2857142857142857	0.4280252070831401	1.4980882247909904	source_transformed_X
facs.Brain_Myeloid.clustered_diversity	24_59_M	24	male	deposited_mouse	macrophage	Itgal	28	10	0.35714285714285715	2.786802355732237	7.803046596050263	source_transformed_X
facs.Brain_Myeloid.clustered_diversity	24_59_M	24	male	deposited_mouse	macrophage	Itga1	28	0	0.0	0.0		source_transformed_X
facs.Brain_Myeloid.clustered_diversity	24_59_M	24	male	deposited_mouse	microglial cell	Cdkn2a	1022	12	0.011741682974559686	0.08725098457821662	7.4308755199114485	source_transformed_X
facs.Brain_Myeloid.clustered_diversity	24_59_M	24	male	deposited_mouse	microglial cell	Cdkn1a	1022	121	0.11839530332681017	0.310140999753954	2.619538030979678	source_transformed_X
facs.Brain_Myeloid.clustered_diversity	24_59_M	24	male	deposited_mouse	microglial cell	Lmnb1	1022	19	0.018590998043052837	0.11330626594766595	6.094684410448137	source_transformed_X
facs.Brain_Myeloid.clustered_diversity	24_59_M	24	male	deposited_mouse	microglial cell	Il1b	1022	13	0.012720156555772993	0.05187920126663029	4.0785033611150885	source_transformed_X
facs.Brain_Myeloid.clustered_diversity	24_59_M	24	male	deposited_mouse	microglial cell	Tnf	1022	16	0.015655577299412915	0.0815557128587581	5.209371158853173	source_transformed_X
facs.Brain_Myeloid.clustered_diversity	24_59_M	24	male	deposited_mouse	microglial cell	Cd38	1022	9	0.008806262230919765	0.060929365616488596	6.918867962227927	source_transformed_X
facs.Brain_Myeloid.clustered_diversity	24_59_M	24	male	deposited_mouse	microglial cell	H2-D1	1022	921	0.901174168297456	2.155627806892859	2.3920213014598284	source_transformed_X
facs.Brain_Myeloid.clustered_diversity	24_59_M	24	male	deposited_mouse	microglial cell	H2-K1	1022	837	0.8189823874755382	1.606043494301799	1.9610232391594247	source_transformed_X
facs.Brain_Myeloid.clustered_diversity	24_59_M	24	male	deposited_mouse	microglial cell	B2m	1022	1007	0.9853228962818004	3.9222443593841834	3.9806690519271455	source_transformed_X
facs.Brain_Myeloid.clustered_diversity	24_59_M	24	male	deposited_mouse	microglial cell	Fth1	1022	1007	0.9853228962818004	3.7561682437832693	3.8121191113669326	source_transformed_X
facs.Brain_Myeloid.clustered_diversity	24_59_M	24	male	deposited_mouse	microglial cell	Oasl2	1022	31	0.030332681017612523	0.10791059835529622	3.557568758681056	source_transformed_X
facs.Brain_Myeloid.clustered_diversity	24_59_M	24	male	deposited_mouse	microglial cell	Oas1a	1022	52	0.050880626223091974	0.19340701595152895	3.8011917365858188	source_transformed_X
facs.Brain_Myeloid.clustered_diversity	24_59_M	24	male	deposited_mouse	microglial cell	Ifit3	1022	45	0.04403131115459882	0.15188182683009108	3.4494050448967353	source_transformed_X
facs.Brain_Myeloid.clustered_diversity	24_59_M	24	male	deposited_mouse	microglial cell	Rtp4	1022	97	0.0949119373776908	0.2725081021520227	2.8711678391687343	source_transformed_X
facs.Brain_Myeloid.clustered_diversity	24_59_M	24	male	deposited_mouse	microglial cell	Bst2	1022	354	0.34637964774951074	0.6557066193134788	1.8930287145151845	source_transformed_X
facs.Brain_Myeloid.clustered_diversity	24_59_M	24	male	deposited_mouse	microglial cell	Stat1	1022	126	0.1232876712328767	0.2337065430808222	1.8956197383222244	source_transformed_X
facs.Brain_Myeloid.clustered_diversity	24_59_M	24	male	deposited_mouse	microglial cell	Irf7	1022	26	0.025440313111545987	0.11131150604985698	4.375398430113609	source_transformed_X
facs.Brain_Myeloid.clustered_diversity	24_59_M	24	male	deposited_mouse	microglial cell	Ifitm3	1022	224	0.2191780821917808	0.38141485058598645	1.740205255798563	source_transformed_X
facs.Brain_Myeloid.clustered_diversity	24_59_M	24	male	deposited_mouse	microglial cell	Usp18	1022	47	0.04598825831702544	0.15927909125269568	3.46347300553734	source_transformed_X
facs.Brain_Myeloid.clustered_diversity	24_59_M	24	male	deposited_mouse	microglial cell	Ifi204	1022	38	0.03718199608610567	0.12148823625902024	3.26739414359786	source_transformed_X
facs.Brain_Myeloid.clustered_diversity	24_59_M	24	male	deposited_mouse	microglial cell	Ifit2	1022	12	0.011741682974559686	0.039584023453324395	3.371239330774794	source_transformed_X
facs.Brain_Myeloid.clustered_diversity	24_59_M	24	male	deposited_mouse	microglial cell	P2ry12	1022	968	0.9471624266144814	2.708685839758756	2.859790215117199	source_transformed_X
facs.Brain_Myeloid.clustered_diversity	24_59_M	24	male	deposited_mouse	microglial cell	Tmem119	1022	975	0.9540117416829745	3.475802132418769	3.643353619827674	source_transformed_X
facs.Brain_Myeloid.clustered_diversity	24_59_M	24	male	deposited_mouse	microglial cell	Apoe	1022	537	0.525440313111546	0.9547142206792143	1.8169793920561583	source_transformed_X
facs.Brain_Myeloid.clustered_diversity	24_59_M	24	male	deposited_mouse	microglial cell	Lpl	1022	116	0.11350293542074363	0.37774082524574376	3.328026925871984	source_transformed_X
facs.Brain_Myeloid.clustered_diversity	24_59_M	24	male	deposited_mouse	microglial cell	Cst7	1022	148	0.14481409001956946	0.6554898932911528	4.526423452321339	source_transformed_X
facs.Brain_Myeloid.clustered_diversity	24_59_M	24	male	deposited_mouse	microglial cell	Clec7a	1022	127	0.12426614481409001	0.34062869640143767	2.7411222655296794	source_transformed_X
facs.Brain_Myeloid.clustered_diversity	24_59_M	24	male	deposited_mouse	microglial cell	Itgal	1022	17	0.016634050880626222	0.0568611589488218	3.418359085040934	source_transformed_X
facs.Brain_Myeloid.clustered_diversity	24_59_M	24	male	deposited_mouse	microglial cell	Itga1	1022	8	0.007827788649706457	0.01563335911401797	1.997161626815796	source_transformed_X
facs.Brain_Myeloid.clustered_diversity	24_59_M	24	male	deposited_mouse	nan	Cdkn2a	25	0	0.0	0.0		source_transformed_X
facs.Brain_Myeloid.clustered_diversity	24_59_M	24	male	deposited_mouse	nan	Cdkn1a	25	25	1.0	3.6464788901805876	3.6464788901805876	source_transformed_X
facs.Brain_Myeloid.clustered_diversity	24_59_M	24	male	deposited_mouse	nan	Lmnb1	25	1	0.04	0.09015172004699706	2.2537930011749268	source_transformed_X
facs.Brain_Myeloid.clustered_diversity	24_59_M	24	male	deposited_mouse	nan	Il1b	25	14	0.56	1.7871885621547698	3.1914081467049464	source_transformed_X
facs.Brain_Myeloid.clustered_diversity	24_59_M	24	male	deposited_mouse	nan	Tnf	25	4	0.16	0.631146273612976	3.9446642100811005	source_transformed_X
facs.Brain_Myeloid.clustered_diversity	24_59_M	24	male	deposited_mouse	nan	Cd38	25	1	0.04	0.0842902946472168	2.10725736618042	source_transformed_X
facs.Brain_Myeloid.clustered_diversity	24_59_M	24	male	deposited_mouse	nan	H2-D1	25	25	1.0	2.488927206993103	2.488927206993103	source_transformed_X
facs.Brain_Myeloid.clustered_diversity	24_59_M	24	male	deposited_mouse	nan	H2-K1	25	25	1.0	1.703138724565506	1.703138724565506	source_transformed_X
facs.Brain_Myeloid.clustered_diversity	24_59_M	24	male	deposited_mouse	nan	B2m	25	25	1.0	3.0415852451324463	3.0415852451324463	source_transformed_X
facs.Brain_Myeloid.clustered_diversity	24_59_M	24	male	deposited_mouse	nan	Fth1	25	25	1.0	3.7200469636917113	3.7200469636917113	source_transformed_X
facs.Brain_Myeloid.clustered_diversity	24_59_M	24	male	deposited_mouse	nan	Oasl2	25	0	0.0	0.0		source_transformed_X
facs.Brain_Myeloid.clustered_diversity	24_59_M	24	male	deposited_mouse	nan	Oas1a	25	1	0.04	0.05712434291839599	1.4281085729599	source_transformed_X
facs.Brain_Myeloid.clustered_diversity	24_59_M	24	male	deposited_mouse	nan	Ifit3	25	0	0.0	0.0		source_transformed_X
facs.Brain_Myeloid.clustered_diversity	24_59_M	24	male	deposited_mouse	nan	Rtp4	25	0	0.0	0.0		source_transformed_X
facs.Brain_Myeloid.clustered_diversity	24_59_M	24	male	deposited_mouse	nan	Bst2	25	18	0.72	1.1465035469084979	1.5923660373729136	source_transformed_X
facs.Brain_Myeloid.clustered_diversity	24_59_M	24	male	deposited_mouse	nan	Stat1	25	3	0.12	0.24336425304412843	2.0280354420344033	source_transformed_X
facs.Brain_Myeloid.clustered_diversity	24_59_M	24	male	deposited_mouse	nan	Irf7	25	9	0.36	0.49642647624015807	1.3789624340004392	source_transformed_X
facs.Brain_Myeloid.clustered_diversity	24_59_M	24	male	deposited_mouse	nan	Ifitm3	25	24	0.96	3.5244266057014464	3.6712777142723403	source_transformed_X
facs.Brain_Myeloid.clustered_diversity	24_59_M	24	male	deposited_mouse	nan	Usp18	25	1	0.04	0.00333836168050766	0.0834590420126915	source_transformed_X
facs.Brain_Myeloid.clustered_diversity	24_59_M	24	male	deposited_mouse	nan	Ifi204	25	0	0.0	0.0		source_transformed_X
facs.Brain_Myeloid.clustered_diversity	24_59_M	24	male	deposited_mouse	nan	Ifit2	25	0	0.0	0.0		source_transformed_X
facs.Brain_Myeloid.clustered_diversity	24_59_M	24	male	deposited_mouse	nan	P2ry12	25	9	0.36	0.9737558794021607	2.7048774427837796	source_transformed_X
facs.Brain_Myeloid.clustered_diversity	24_59_M	24	male	deposited_mouse	nan	Tmem119	25	13	0.52	1.6719524335861207	3.2152931415117703	source_transformed_X
facs.Brain_Myeloid.clustered_diversity	24_59_M	24	male	deposited_mouse	nan	Apoe	25	20	0.8	1.9828753328323365	2.4785941660404207	source_transformed_X
facs.Brain_Myeloid.clustered_diversity	24_59_M	24	male	deposited_mouse	nan	Lpl	25	8	0.32	1.30009660102427	4.062801878200844	source_transformed_X
facs.Brain_Myeloid.clustered_diversity	24_59_M	24	male	deposited_mouse	nan	Cst7	25	2	0.08	0.06033265843987465	0.7541582304984331	source_transformed_X
facs.Brain_Myeloid.clustered_diversity	24_59_M	24	male	deposited_mouse	nan	Clec7a	25	9	0.36	0.22929876610636712	0.6369410169621309	source_transformed_X
facs.Brain_Myeloid.clustered_diversity	24_59_M	24	male	deposited_mouse	nan	Itgal	25	0	0.0	0.0		source_transformed_X
facs.Brain_Myeloid.clustered_diversity	24_59_M	24	male	deposited_mouse	nan	Itga1	25	0	0.0	0.0		source_transformed_X
facs.Brain_Myeloid.clustered_diversity	24_60_M	24	male	deposited_mouse	ALL	Cdkn2a	1195	3	0.002510460251046025	0.02424898426901845	9.659178733825684	source_transformed_X
facs.Brain_Myeloid.clustered_diversity	24_60_M	24	male	deposited_mouse	ALL	Cdkn1a	1195	73	0.06108786610878661	0.19777335537028612	3.237522735171122	source_transformed_X
facs.Brain_Myeloid.clustered_diversity	24_60_M	24	male	deposited_mouse	ALL	Lmnb1	1195	17	0.014225941422594143	0.0824836481658734	5.798115268130513	source_transformed_X
facs.Brain_Myeloid.clustered_diversity	24_60_M	24	male	deposited_mouse	ALL	Il1b	1195	24	0.0200836820083682	0.1142113268063657	5.686772313900292	source_transformed_X
facs.Brain_Myeloid.clustered_diversity	24_60_M	24	male	deposited_mouse	ALL	Tnf	1195	25	0.02092050209205021	0.09025707732122314	4.314288295954466	source_transformed_X
facs.Brain_Myeloid.clustered_diversity	24_60_M	24	male	deposited_mouse	ALL	Cd38	1195	1	0.0008368200836820083	0.0003225795394705928	0.3854825496673584	source_transformed_X
facs.Brain_Myeloid.clustered_diversity	24_60_M	24	male	deposited_mouse	ALL	H2-D1	1195	1027	0.8594142259414226	1.9044799906484176	2.2160210212510796	source_transformed_X
facs.Brain_Myeloid.clustered_diversity	24_60_M	24	male	deposited_mouse	ALL	H2-K1	1195	902	0.7548117154811715	1.3725960541203828	1.8184615129421924	source_transformed_X
facs.Brain_Myeloid.clustered_diversity	24_60_M	24	male	deposited_mouse	ALL	B2m	1195	1188	0.994142259414226	3.954545056812122	3.977846248224315	source_transformed_X
facs.Brain_Myeloid.clustered_diversity	24_60_M	24	male	deposited_mouse	ALL	Fth1	1195	1183	0.9899581589958159	3.5391011679794437	3.575000757172811	source_transformed_X
facs.Brain_Myeloid.clustered_diversity	24_60_M	24	male	deposited_mouse	ALL	Oasl2	1195	64	0.05355648535564853	0.1485549142069834	2.7737987887085183	source_transformed_X
facs.Brain_Myeloid.clustered_diversity	24_60_M	24	male	deposited_mouse	ALL	Oas1a	1195	73	0.06108786610878661	0.2238826272284386	3.664927938876495	source_transformed_X
facs.Brain_Myeloid.clustered_diversity	24_60_M	24	male	deposited_mouse	ALL	Ifit3	1195	57	0.04769874476987448	0.14884888234014415	3.1206037613416187	source_transformed_X
facs.Brain_Myeloid.clustered_diversity	24_60_M	24	male	deposited_mouse	ALL	Rtp4	1195	170	0.14225941422594143	0.37455111279943376	2.6328739987960197	source_transformed_X
facs.Brain_Myeloid.clustered_diversity	24_60_M	24	male	deposited_mouse	ALL	Bst2	1195	488	0.40836820083682007	0.6987059228897687	1.7109704464206426	source_transformed_X
facs.Brain_Myeloid.clustered_diversity	24_60_M	24	male	deposited_mouse	ALL	Stat1	1195	194	0.16234309623430962	0.2508499759064294	1.545184129939088	source_transformed_X
facs.Brain_Myeloid.clustered_diversity	24_60_M	24	male	deposited_mouse	ALL	Irf7	1195	49	0.04100418410041841	0.13503973529553315	3.2933159934318796	source_transformed_X
facs.Brain_Myeloid.clustered_diversity	24_60_M	24	male	deposited_mouse	ALL	Ifitm3	1195	176	0.14728033472803348	0.3678336501939838	2.497506886260288	source_transformed_X
facs.Brain_Myeloid.clustered_diversity	24_60_M	24	male	deposited_mouse	ALL	Usp18	1195	96	0.0803347280334728	0.21045096462600277	2.619676070084097	source_transformed_X
facs.Brain_Myeloid.clustered_diversity	24_60_M	24	male	deposited_mouse	ALL	Ifi204	1195	40	0.03347280334728033	0.08530484346213077	2.5484821984311568	source_transformed_X
facs.Brain_Myeloid.clustered_diversity	24_60_M	24	male	deposited_mouse	ALL	Ifit2	1195	29	0.024267782426778243	0.09965228849016597	4.106361542956839	source_transformed_X
facs.Brain_Myeloid.clustered_diversity	24_60_M	24	male	deposited_mouse	ALL	P2ry12	1195	1130	0.9456066945606695	2.7097461781990577	2.8656165335821893	source_transformed_X
facs.Brain_Myeloid.clustered_diversity	24_60_M	24	male	deposited_mouse	ALL	Tmem119	1195	1145	0.9581589958158996	3.123245030962648	3.2596312768562132	source_transformed_X
facs.Brain_Myeloid.clustered_diversity	24_60_M	24	male	deposited_mouse	ALL	Apoe	1195	539	0.4510460251046025	0.7663158553407945	1.6989748555329303	source_transformed_X
facs.Brain_Myeloid.clustered_diversity	24_60_M	24	male	deposited_mouse	ALL	Lpl	1195	64	0.05355648535564853	0.12922653119863015	2.4129016372244223	source_transformed_X
facs.Brain_Myeloid.clustered_diversity	24_60_M	24	male	deposited_mouse	ALL	Cst7	1195	109	0.09121338912133892	0.3106808942216585	3.4060887027053384	source_transformed_X
facs.Brain_Myeloid.clustered_diversity	24_60_M	24	male	deposited_mouse	ALL	Clec7a	1195	93	0.07782426778242678	0.18624900285403972	2.3931995528019083	source_transformed_X
facs.Brain_Myeloid.clustered_diversity	24_60_M	24	male	deposited_mouse	ALL	Itgal	1195	21	0.017573221757322177	0.049914924045985715	2.8403968683310916	source_transformed_X
facs.Brain_Myeloid.clustered_diversity	24_60_M	24	male	deposited_mouse	ALL	Itga1	1195	3	0.002510460251046025	0.0007967176484762375	0.31735919664303464	source_transformed_X
facs.Brain_Myeloid.clustered_diversity	24_60_M	24	male	deposited_mouse	macrophage	Cdkn2a	42	1	0.023809523809523808	0.23809523809523808	10.0	source_transformed_X
facs.Brain_Myeloid.clustered_diversity	24_60_M	24	male	deposited_mouse	macrophage	Cdkn1a	42	9	0.21428571428571427	0.7262143748147147	3.389000415802002	source_transformed_X
facs.Brain_Myeloid.clustered_diversity	24_60_M	24	male	deposited_mouse	macrophage	Lmnb1	42	2	0.047619047619047616	0.16033384913489931	3.3670108318328857	source_transformed_X
facs.Brain_Myeloid.clustered_diversity	24_60_M	24	male	deposited_mouse	macrophage	Il1b	42	10	0.23809523809523808	1.7273776190621513	7.254986000061035	source_transformed_X
facs.Brain_Myeloid.clustered_diversity	24_60_M	24	male	deposited_mouse	macrophage	Tnf	42	0	0.0	0.0		source_transformed_X
facs.Brain_Myeloid.clustered_diversity	24_60_M	24	male	deposited_mouse	macrophage	Cd38	42	1	0.023809523809523808	0.009178155944460914	0.3854825496673584	source_transformed_X
facs.Brain_Myeloid.clustered_diversity	24_60_M	24	male	deposited_mouse	macrophage	H2-D1	42	42	1.0	2.8088496157101224	2.8088496157101224	source_transformed_X
facs.Brain_Myeloid.clustered_diversity	24_60_M	24	male	deposited_mouse	macrophage	H2-K1	42	37	0.8809523809523809	1.4883195410338452	1.6894438033357162	source_transformed_X
facs.Brain_Myeloid.clustered_diversity	24_60_M	24	male	deposited_mouse	macrophage	B2m	42	42	1.0	4.034030471529279	4.034030471529279	source_transformed_X
facs.Brain_Myeloid.clustered_diversity	24_60_M	24	male	deposited_mouse	macrophage	Fth1	42	42	1.0	4.350044466200329	4.350044466200329	source_transformed_X
facs.Brain_Myeloid.clustered_diversity	24_60_M	24	male	deposited_mouse	macrophage	Oasl2	42	6	0.14285714285714285	0.45595724324119236	3.191700702688346	source_transformed_X
facs.Brain_Myeloid.clustered_diversity	24_60_M	24	male	deposited_mouse	macrophage	Oas1a	42	6	0.14285714285714285	0.5655263194016048	3.9586842358112335	source_transformed_X
facs.Brain_Myeloid.clustered_diversity	24_60_M	24	male	deposited_mouse	macrophage	Ifit3	42	4	0.09523809523809523	0.2811761470068069	2.952349543571472	source_transformed_X
facs.Brain_Myeloid.clustered_diversity	24_60_M	24	male	deposited_mouse	macrophage	Rtp4	42	12	0.2857142857142857	0.4571441762548472	1.6000046168919653	source_transformed_X
facs.Brain_Myeloid.clustered_diversity	24_60_M	24	male	deposited_mouse	macrophage	Bst2	42	22	0.5238095238095238	1.097176847003755	2.094610344279896	source_transformed_X
facs.Brain_Myeloid.clustered_diversity	24_60_M	24	male	deposited_mouse	macrophage	Stat1	42	8	0.19047619047619047	0.21233738193266272	1.1147712551464792	source_transformed_X
facs.Brain_Myeloid.clustered_diversity	24_60_M	24	male	deposited_mouse	macrophage	Irf7	42	11	0.2619047619047619	0.6412136192389187	2.448270182548599	source_transformed_X
facs.Brain_Myeloid.clustered_diversity	24_60_M	24	male	deposited_mouse	macrophage	Ifitm3	42	32	0.7619047619047619	2.7451630589507876	3.6030265148729086	source_transformed_X
facs.Brain_Myeloid.clustered_diversity	24_60_M	24	male	deposited_mouse	macrophage	Usp18	42	3	0.07142857142857142	0.27927738428115845	3.9098833799362183	source_transformed_X
facs.Brain_Myeloid.clustered_diversity	24_60_M	24	male	deposited_mouse	macrophage	Ifi204	42	9	0.21428571428571427	0.3533624850568317	1.6490249302652147	source_transformed_X
facs.Brain_Myeloid.clustered_diversity	24_60_M	24	male	deposited_mouse	macrophage	Ifit2	42	0	0.0	0.0		source_transformed_X
facs.Brain_Myeloid.clustered_diversity	24_60_M	24	male	deposited_mouse	macrophage	P2ry12	42	2	0.047619047619047616	0.021977837330528667	0.46153458394110203	source_transformed_X
facs.Brain_Myeloid.clustered_diversity	24_60_M	24	male	deposited_mouse	macrophage	Tmem119	42	11	0.2619047619047619	0.4236285921540998	1.6174909882247448	source_transformed_X
facs.Brain_Myeloid.clustered_diversity	24_60_M	24	male	deposited_mouse	macrophage	Apoe	42	31	0.7380952380952381	2.25980490605746	3.061671163045591	source_transformed_X
facs.Brain_Myeloid.clustered_diversity	24_60_M	24	male	deposited_mouse	macrophage	Lpl	42	4	0.09523809523809523	0.12989336110296704	1.3638802915811539	source_transformed_X
facs.Brain_Myeloid.clustered_diversity	24_60_M	24	male	deposited_mouse	macrophage	Cst7	42	2	0.047619047619047616	0.1723406712214152	3.6191540956497192	source_transformed_X
facs.Brain_Myeloid.clustered_diversity	24_60_M	24	male	deposited_mouse	macrophage	Clec7a	42	17	0.40476190476190477	0.8675604287446255	2.143384588663192	source_transformed_X
facs.Brain_Myeloid.clustered_diversity	24_60_M	24	male	deposited_mouse	macrophage	Itgal	42	11	0.2619047619047619	1.1653550180296104	4.449537341567603	source_transformed_X
facs.Brain_Myeloid.clustered_diversity	24_60_M	24	male	deposited_mouse	macrophage	Itga1	42	1	0.023809523809523808	0.0027044442083154407	0.1135866567492485	source_transformed_X
facs.Brain_Myeloid.clustered_diversity	24_60_M	24	male	deposited_mouse	microglial cell	Cdkn2a	1153	2	0.0017346053772766695	0.016459268171272377	9.488768100738525	source_transformed_X
facs.Brain_Myeloid.clustered_diversity	24_60_M	24	male	deposited_mouse	microglial cell	Cdkn1a	1153	64	0.055507372072853424	0.17852398605834682	3.2162211863324046	source_transformed_X
facs.Brain_Myeloid.clustered_diversity	24_60_M	24	male	deposited_mouse	microglial cell	Lmnb1	1153	15	0.013009540329575022	0.07964782124419163	6.12226252630353	source_transformed_X
facs.Brain_Myeloid.clustered_diversity	24_60_M	24	male	deposited_mouse	microglial cell	Il1b	1153	14	0.012142237640936688	0.05544898138161028	4.566619680928333	source_transformed_X
facs.Brain_Myeloid.clustered_diversity	24_60_M	24	male	deposited_mouse	microglial cell	Tnf	1153	25	0.02168256721595837	0.0935448459660552	4.314288295954466	source_transformed_X
facs.Brain_Myeloid.clustered_diversity	24_60_M	24	male	deposited_mouse	microglial cell	Cd38	1153	0	0.0	0.0		source_transformed_X
facs.Brain_Myeloid.clustered_diversity	24_60_M	24	male	deposited_mouse	microglial cell	H2-D1	1153	985	0.8542931483087598	1.8715367779401855	2.1907430507259225	source_transformed_X
facs.Brain_Myeloid.clustered_diversity	24_60_M	24	male	deposited_mouse	microglial cell	H2-K1	1153	865	0.7502168256721596	1.3683806278841595	1.8239801895380763	source_transformed_X
facs.Brain_Myeloid.clustered_diversity	24_60_M	24	male	deposited_mouse	microglial cell	B2m	1153	1146	0.9939288811795317	3.95164966442867	3.9757871405639236	source_transformed_X
facs.Brain_Myeloid.clustered_diversity	24_60_M	24	male	deposited_mouse	microglial cell	Fth1	1153	1141	0.98959236773634	3.509561169258475	3.5464715408895895	source_transformed_X
facs.Brain_Myeloid.clustered_diversity	24_60_M	24	male	deposited_mouse	microglial cell	Oasl2	1153	58	0.05030355594102342	0.13735725781545108	2.730567556227846	source_transformed_X
facs.Brain_Myeloid.clustered_diversity	24_60_M	24	male	deposited_mouse	microglial cell	Oas1a	1153	67	0.058109280138768434	0.2114376705317578	3.6386214048226377	source_transformed_X
facs.Brain_Myeloid.clustered_diversity	24_60_M	24	male	deposited_mouse	microglial cell	Ifit3	1153	53	0.04596704249783174	0.14402863505827093	3.133302192871441	source_transformed_X
facs.Brain_Myeloid.clustered_diversity	24_60_M	24	male	deposited_mouse	microglial cell	Rtp4	1153	158	0.1370338248048569	0.37154251898752794	2.711319774636834	source_transformed_X
facs.Brain_Myeloid.clustered_diversity	24_60_M	24	male	deposited_mouse	microglial cell	Bst2	1153	466	0.404163052905464	0.6841909369289817	1.6928586915860855	source_transformed_X
facs.Brain_Myeloid.clustered_diversity	24_60_M	24	male	deposited_mouse	microglial cell	Stat1	1153	186	0.16131830008673026	0.2522528631110245	1.563696511650598	source_transformed_X
facs.Brain_Myeloid.clustered_diversity	24_60_M	24	male	deposited_mouse	microglial cell	Irf7	1153	38	0.03295750216825672	0.11660148453610365	3.5379345176349344	source_transformed_X
facs.Brain_Myeloid.clustered_diversity	24_60_M	24	male	deposited_mouse	microglial cell	Ifitm3	1153	144	0.12489158716392021	0.2812353542982459	2.2518358576797053	source_transformed_X
facs.Brain_Myeloid.clustered_diversity	24_60_M	24	male	deposited_mouse	microglial cell	Usp18	1153	93	0.08065915004336513	0.20794384439571956	2.5780564794437058	source_transformed_X
facs.Brain_Myeloid.clustered_diversity	24_60_M	24	male	deposited_mouse	microglial cell	Ifi204	1153	31	0.026886383347788378	0.07554038470499508	2.8096149537051396	source_transformed_X
facs.Brain_Myeloid.clustered_diversity	24_60_M	24	male	deposited_mouse	microglial cell	Ifit2	1153	29	0.02515177797051171	0.1032822937950983	4.106361542956839	source_transformed_X
facs.Brain_Myeloid.clustered_diversity	24_60_M	24	male	deposited_mouse	microglial cell	P2ry12	1153	1128	0.9783174327840416	2.8076527439548933	2.8698790902304894	source_transformed_X
facs.Brain_Myeloid.clustered_diversity	24_60_M	24	male	deposited_mouse	microglial cell	Tmem119	1153	1134	0.9835212489158717	3.2215831839808255	3.275560327275037	source_transformed_X
facs.Brain_Myeloid.clustered_diversity	24_60_M	24	male	deposited_mouse	microglial cell	Apoe	1153	508	0.4405897658282741	0.7119129584369783	1.6158181910981024	source_transformed_X
facs.Brain_Myeloid.clustered_diversity	24_60_M	24	male	deposited_mouse	microglial cell	Lpl	1153	60	0.05203816131830009	0.12920224077713652	2.4828363936006403	source_transformed_X
facs.Brain_Myeloid.clustered_diversity	24_60_M	24	male	deposited_mouse	microglial cell	Cst7	1153	107	0.09280138768430182	0.3157201738105659	3.4021061719960977	source_transformed_X
facs.Brain_Myeloid.clustered_diversity	24_60_M	24	male	deposited_mouse	microglial cell	Clec7a	1153	76	0.06591500433651344	0.161431067132093	2.449079215832937	source_transformed_X
facs.Brain_Myeloid.clustered_diversity	24_60_M	24	male	deposited_mouse	microglial cell	Itgal	1153	10	0.008673026886383347	0.009283107959851945	1.0703423477709293	source_transformed_X
facs.Brain_Myeloid.clustered_diversity	24_60_M	24	male	deposited_mouse	microglial cell	Itga1	1153	2	0.0017346053772766695	0.0007272254407457549	0.4192454665899277	source_transformed_X
facs.Brain_Myeloid.clustered_diversity	24_61_M	24	male	deposited_mouse	ALL	Cdkn2a	1060	7	0.006603773584905661	0.0502134788711116	7.603755371911185	source_transformed_X
facs.Brain_Myeloid.clustered_diversity	24_61_M	24	male	deposited_mouse	ALL	Cdkn1a	1060	172	0.16226415094339622	0.34283090426744717	2.1127951076947324	source_transformed_X
facs.Brain_Myeloid.clustered_diversity	24_61_M	24	male	deposited_mouse	ALL	Lmnb1	1060	60	0.05660377358490566	0.23217036810193983	4.101676503134271	source_transformed_X
facs.Brain_Myeloid.clustered_diversity	24_61_M	24	male	deposited_mouse	ALL	Il1b	1060	35	0.0330188679245283	0.14909870033767425	4.515560638798135	source_transformed_X
facs.Brain_Myeloid.clustered_diversity	24_61_M	24	male	deposited_mouse	ALL	Tnf	1060	21	0.01981132075471698	0.07314765697942589	3.6922150665805455	source_transformed_X
facs.Brain_Myeloid.clustered_diversity	24_61_M	24	male	deposited_mouse	ALL	Cd38	1060	21	0.01981132075471698	0.10733738749657037	5.417982416493552	source_transformed_X
facs.Brain_Myeloid.clustered_diversity	24_61_M	24	male	deposited_mouse	ALL	H2-D1	1060	949	0.8952830188679245	1.9877452978214143	2.2202423769132764	source_transformed_X
facs.Brain_Myeloid.clustered_diversity	24_61_M	24	male	deposited_mouse	ALL	H2-K1	1060	866	0.8169811320754717	1.5236043522448526	1.8649198768816901	source_transformed_X
facs.Brain_Myeloid.clustered_diversity	24_61_M	24	male	deposited_mouse	ALL	B2m	1060	1024	0.9660377358490566	3.593308356581783	3.7196356034928613	source_transformed_X
facs.Brain_Myeloid.clustered_diversity	24_61_M	24	male	deposited_mouse	ALL	Fth1	1060	1048	0.9886792452830189	3.1269561015087057	3.1627609423656757	source_transformed_X
facs.Brain_Myeloid.clustered_diversity	24_61_M	24	male	deposited_mouse	ALL	Oasl2	1060	182	0.17169811320754716	0.6792975622405	3.9563484394226918	source_transformed_X
facs.Brain_Myeloid.clustered_diversity	24_61_M	24	male	deposited_mouse	ALL	Oas1a	1060	162	0.15283018867924528	0.47987469224399837	3.1399208257940634	source_transformed_X
facs.Brain_Myeloid.clustered_diversity	24_61_M	24	male	deposited_mouse	ALL	Ifit3	1060	170	0.16037735849056603	0.667668464942396	4.163109251993763	source_transformed_X
facs.Brain_Myeloid.clustered_diversity	24_61_M	24	male	deposited_mouse	ALL	Rtp4	1060	303	0.2858490566037736	0.7574320715476478	2.649762362509923	source_transformed_X
facs.Brain_Myeloid.clustered_diversity	24_61_M	24	male	deposited_mouse	ALL	Bst2	1060	524	0.49433962264150944	0.8407504417727051	1.7007547104562355	source_transformed_X
facs.Brain_Myeloid.clustered_diversity	24_61_M	24	male	deposited_mouse	ALL	Stat1	1060	342	0.32264150943396225	0.6860374313357445	2.1263148456604943	source_transformed_X
facs.Brain_Myeloid.clustered_diversity	24_61_M	24	male	deposited_mouse	ALL	Irf7	1060	166	0.15660377358490565	0.6491092268746557	4.144914340283946	source_transformed_X
facs.Brain_Myeloid.clustered_diversity	24_61_M	24	male	deposited_mouse	ALL	Ifitm3	1060	403	0.38018867924528305	0.8225957427881131	2.163651333388089	source_transformed_X
facs.Brain_Myeloid.clustered_diversity	24_61_M	24	male	deposited_mouse	ALL	Usp18	1060	189	0.17830188679245282	0.5812777942503399	3.260076518017779	source_transformed_X
facs.Brain_Myeloid.clustered_diversity	24_61_M	24	male	deposited_mouse	ALL	Ifi204	1060	119	0.11226415094339623	0.3874465505355301	3.4512045677954784	source_transformed_X
facs.Brain_Myeloid.clustered_diversity	24_61_M	24	male	deposited_mouse	ALL	Ifit2	1060	81	0.07641509433962264	0.35496120228836275	4.645171289205735	source_transformed_X
facs.Brain_Myeloid.clustered_diversity	24_61_M	24	male	deposited_mouse	ALL	P2ry12	1060	862	0.8132075471698114	2.6676943472692005	3.2804594061547014	source_transformed_X
facs.Brain_Myeloid.clustered_diversity	24_61_M	24	male	deposited_mouse	ALL	Tmem119	1060	863	0.8141509433962264	2.923284617586518	3.590592925424924	source_transformed_X
facs.Brain_Myeloid.clustered_diversity	24_61_M	24	male	deposited_mouse	ALL	Apoe	1060	543	0.5122641509433963	0.6852503223037172	1.3376893952890243	source_transformed_X
facs.Brain_Myeloid.clustered_diversity	24_61_M	24	male	deposited_mouse	ALL	Lpl	1060	109	0.10283018867924529	0.21540870690138414	2.09480026894924	source_transformed_X
facs.Brain_Myeloid.clustered_diversity	24_61_M	24	male	deposited_mouse	ALL	Cst7	1060	90	0.08490566037735849	0.20147398497452432	2.3729158230332863	source_transformed_X
facs.Brain_Myeloid.clustered_diversity	24_61_M	24	male	deposited_mouse	ALL	Clec7a	1060	96	0.09056603773584905	0.2787080702143458	3.0774016086167344	source_transformed_X
facs.Brain_Myeloid.clustered_diversity	24_61_M	24	male	deposited_mouse	ALL	Itgal	1060	31	0.029245283018867925	0.21707258952676126	7.422482093495708	source_transformed_X
facs.Brain_Myeloid.clustered_diversity	24_61_M	24	male	deposited_mouse	ALL	Itga1	1060	22	0.020754716981132074	0.14251953874064505	6.866850502958352	source_transformed_X
facs.Brain_Myeloid.clustered_diversity	24_61_M	24	male	deposited_mouse	macrophage	Cdkn2a	49	0	0.0	0.0		source_transformed_X
facs.Brain_Myeloid.clustered_diversity	24_61_M	24	male	deposited_mouse	macrophage	Cdkn1a	49	21	0.42857142857142855	0.9640299321855513	2.2494031750996197	source_transformed_X
facs.Brain_Myeloid.clustered_diversity	24_61_M	24	male	deposited_mouse	macrophage	Lmnb1	49	6	0.12244897959183673	0.4921723944800241	4.01940788825353	source_transformed_X
facs.Brain_Myeloid.clustered_diversity	24_61_M	24	male	deposited_mouse	macrophage	Il1b	49	16	0.32653061224489793	2.6471703168080776	8.106959095224738	source_transformed_X
facs.Brain_Myeloid.clustered_diversity	24_61_M	24	male	deposited_mouse	macrophage	Tnf	49	3	0.061224489795918366	0.06425935045188787	1.0495693907141685	source_transformed_X
facs.Brain_Myeloid.clustered_diversity	24_61_M	24	male	deposited_mouse	macrophage	Cd38	49	7	0.14285714285714285	1.4285714285714286	10.0	source_transformed_X
facs.Brain_Myeloid.clustered_diversity	24_61_M	24	male	deposited_mouse	macrophage	H2-D1	49	49	1.0	3.2225107903383217	3.2225107903383217	source_transformed_X
facs.Brain_Myeloid.clustered_diversity	24_61_M	24	male	deposited_mouse	macrophage	H2-K1	49	49	1.0	2.7361370607906457	2.7361370607906457	source_transformed_X
facs.Brain_Myeloid.clustered_diversity	24_61_M	24	male	deposited_mouse	macrophage	B2m	49	49	1.0	4.322480226049618	4.322480226049618	source_transformed_X
facs.Brain_Myeloid.clustered_diversity	24_61_M	24	male	deposited_mouse	macrophage	Fth1	49	49	1.0	3.786722613840687	3.786722613840687	source_transformed_X
facs.Brain_Myeloid.clustered_diversity	24_61_M	24	male	deposited_mouse	macrophage	Oasl2	49	21	0.42857142857142855	1.4547239788332764	3.3943559506109784	source_transformed_X
facs.Brain_Myeloid.clustered_diversity	24_61_M	24	male	deposited_mouse	macrophage	Oas1a	49	20	0.40816326530612246	1.0823939777530578	2.6518652454949914	source_transformed_X
facs.Brain_Myeloid.clustered_diversity	24_61_M	24	male	deposited_mouse	macrophage	Ifit3	49	10	0.20408163265306123	0.6881174676272334	3.3717755913734435	source_transformed_X
facs.Brain_Myeloid.clustered_diversity	24_61_M	24	male	deposited_mouse	macrophage	Rtp4	49	26	0.5306122448979592	1.241923658291296	2.3405484329335966	source_transformed_X
facs.Brain_Myeloid.clustered_diversity	24_61_M	24	male	deposited_mouse	macrophage	Bst2	49	36	0.7346938775510204	1.168535200004675	1.5905062444508076	source_transformed_X
facs.Brain_Myeloid.clustered_diversity	24_61_M	24	male	deposited_mouse	macrophage	Stat1	49	32	0.6530612244897959	2.1419036205934017	3.2797899190336466	source_transformed_X
facs.Brain_Myeloid.clustered_diversity	24_61_M	24	male	deposited_mouse	macrophage	Irf7	49	25	0.5102040816326531	1.8713204828756196	3.6677881464362145	source_transformed_X
facs.Brain_Myeloid.clustered_diversity	24_61_M	24	male	deposited_mouse	macrophage	Ifitm3	49	46	0.9387755102040817	3.640359405352145	3.8777741491794586	source_transformed_X
facs.Brain_Myeloid.clustered_diversity	24_61_M	24	male	deposited_mouse	macrophage	Usp18	49	11	0.22448979591836735	0.590345950531108	2.629722870547663	source_transformed_X
facs.Brain_Myeloid.clustered_diversity	24_61_M	24	male	deposited_mouse	macrophage	Ifi204	49	16	0.32653061224489793	0.800353829958001	2.451083604246378	source_transformed_X
facs.Brain_Myeloid.clustered_diversity	24_61_M	24	male	deposited_mouse	macrophage	Ifit2	49	6	0.12244897959183673	0.43241934463077664	3.531424647818009	source_transformed_X
facs.Brain_Myeloid.clustered_diversity	24_61_M	24	male	deposited_mouse	macrophage	P2ry12	49	7	0.14285714285714285	0.220454036581273	1.543178256068911	source_transformed_X
facs.Brain_Myeloid.clustered_diversity	24_61_M	24	male	deposited_mouse	macrophage	Tmem119	49	9	0.1836734693877551	0.38475147680360444	2.0947580403751798	source_transformed_X
facs.Brain_Myeloid.clustered_diversity	24_61_M	24	male	deposited_mouse	macrophage	Apoe	49	37	0.7551020408163265	1.7306594757401212	2.2919544408450254	source_transformed_X
facs.Brain_Myeloid.clustered_diversity	24_61_M	24	male	deposited_mouse	macrophage	Lpl	49	6	0.12244897959183673	0.17423815276397733	1.4229449142391484	source_transformed_X
facs.Brain_Myeloid.clustered_diversity	24_61_M	24	male	deposited_mouse	macrophage	Cst7	49	4	0.08163265306122448	0.02103000909698253	0.25761761143803596	source_transformed_X
facs.Brain_Myeloid.clustered_diversity	24_61_M	24	male	deposited_mouse	macrophage	Clec7a	49	29	0.5918367346938775	1.3780205806679264	2.3283796018182206	source_transformed_X
facs.Brain_Myeloid.clustered_diversity	24_61_M	24	male	deposited_mouse	macrophage	Itgal	49	22	0.4489795918367347	4.14665041103655	9.235721370035952	source_transformed_X
facs.Brain_Myeloid.clustered_diversity	24_61_M	24	male	deposited_mouse	macrophage	Itga1	49	0	0.0	0.0		source_transformed_X
facs.Brain_Myeloid.clustered_diversity	24_61_M	24	male	deposited_mouse	microglial cell	Cdkn2a	877	7	0.00798175598631699	0.06069131995824207	7.603755371911185	source_transformed_X
facs.Brain_Myeloid.clustered_diversity	24_61_M	24	male	deposited_mouse	microglial cell	Cdkn1a	877	108	0.12314709236031927	0.20503765148903957	1.6649816699619233	source_transformed_X
facs.Brain_Myeloid.clustered_diversity	24_61_M	24	male	deposited_mouse	microglial cell	Lmnb1	877	48	0.05473204104903079	0.22342184064070883	4.0821032133729505	source_transformed_X
facs.Brain_Myeloid.clustered_diversity	24_61_M	24	male	deposited_mouse	microglial cell	Il1b	877	17	0.019384264538198404	0.028436003650029955	1.4669632471221334	source_transformed_X
facs.Brain_Myeloid.clustered_diversity	24_61_M	24	male	deposited_mouse	microglial cell	Tnf	877	18	0.020524515393386546	0.08482076194532377	4.132656012558275	source_transformed_X
facs.Brain_Myeloid.clustered_diversity	24_61_M	24	male	deposited_mouse	microglial cell	Cd38	877	10	0.011402508551881414	0.02782410485170858	2.4401739954948427	source_transformed_X
facs.Brain_Myeloid.clustered_diversity	24_61_M	24	male	deposited_mouse	microglial cell	H2-D1	877	806	0.9190421892816419	2.042558179247037	2.222485760793612	source_transformed_X
facs.Brain_Myeloid.clustered_diversity	24_61_M	24	male	deposited_mouse	microglial cell	H2-K1	877	744	0.8483466362599772	1.5592255221534852	1.8379580415707077	source_transformed_X
facs.Brain_Myeloid.clustered_diversity	24_61_M	24	male	deposited_mouse	microglial cell	B2m	877	871	0.9931584948688712	3.777328900529864	3.803349535895167	source_transformed_X
facs.Brain_Myeloid.clustered_diversity	24_61_M	24	male	deposited_mouse	microglial cell	Fth1	877	868	0.9897377423033067	3.054070647325932	3.0857372784618	source_transformed_X
facs.Brain_Myeloid.clustered_diversity	24_61_M	24	male	deposited_mouse	microglial cell	Oasl2	877	147	0.1676168757126568	0.6977284105246124	4.162638204286293	source_transformed_X
facs.Brain_Myeloid.clustered_diversity	24_61_M	24	male	deposited_mouse	microglial cell	Oas1a	877	131	0.14937286202964653	0.4933907318575692	3.3030814644205204	source_transformed_X
facs.Brain_Myeloid.clustered_diversity	24_61_M	24	male	deposited_mouse	microglial cell	Ifit3	877	138	0.1573546180159635	0.6932136152702104	4.405422757912859	source_transformed_X
facs.Brain_Myeloid.clustered_diversity	24_61_M	24	male	deposited_mouse	microglial cell	Rtp4	877	259	0.2953249714937286	0.7920868085748266	2.682085448340243	source_transformed_X
facs.Brain_Myeloid.clustered_diversity	24_61_M	24	male	deposited_mouse	microglial cell	Bst2	877	451	0.5142531356898518	0.8813937507456162	1.7139297547758434	source_transformed_X
facs.Brain_Myeloid.clustered_diversity	24_61_M	24	male	deposited_mouse	microglial cell	Stat1	877	275	0.31356898517673887	0.6324709528672723	2.0170073660530825	source_transformed_X
facs.Brain_Myeloid.clustered_diversity	24_61_M	24	male	deposited_mouse	microglial cell	Irf7	877	120	0.13683010262257697	0.5848951090059266	4.274608421651647	source_transformed_X
facs.Brain_Myeloid.clustered_diversity	24_61_M	24	male	deposited_mouse	microglial cell	Ifitm3	877	303	0.34549600912200684	0.6293538716407184	1.821595199435347	source_transformed_X
facs.Brain_Myeloid.clustered_diversity	24_61_M	24	male	deposited_mouse	microglial cell	Usp18	877	166	0.18928164196123148	0.6367379497660233	3.3639709755710987	source_transformed_X
facs.Brain_Myeloid.clustered_diversity	24_61_M	24	male	deposited_mouse	microglial cell	Ifi204	877	101	0.11516533637400228	0.42283291066279943	3.6715293331809415	source_transformed_X
facs.Brain_Myeloid.clustered_diversity	24_61_M	24	male	deposited_mouse	microglial cell	Ifit2	877	67	0.07639680729760548	0.3525884390374308	4.615224791579505	source_transformed_X
facs.Brain_Myeloid.clustered_diversity	24_61_M	24	male	deposited_mouse	microglial cell	P2ry12	877	836	0.9532497149372862	3.1541595175870807	3.3088491589998443	source_transformed_X
facs.Brain_Myeloid.clustered_diversity	24_61_M	24	male	deposited_mouse	microglial cell	Tmem119	877	834	0.95096921322691	3.4463062719691506	3.6239935257996945	source_transformed_X
facs.Brain_Myeloid.clustered_diversity	24_61_M	24	male	deposited_mouse	microglial cell	Apoe	877	398	0.45381984036488027	0.5452635989772918	1.201497930409761	source_transformed_X
facs.Brain_Myeloid.clustered_diversity	24_61_M	24	male	deposited_mouse	microglial cell	Lpl	877	70	0.07981755986316989	0.20428274330941104	2.5593709411764785	source_transformed_X
facs.Brain_Myeloid.clustered_diversity	24_61_M	24	male	deposited_mouse	microglial cell	Cst7	877	86	0.09806157354618016	0.24233974187827095	2.471301786363298	source_transformed_X
facs.Brain_Myeloid.clustered_diversity	24_61_M	24	male	deposited_mouse	microglial cell	Clec7a	877	67	0.07639680729760548	0.2598717742012293	3.401605163798181	source_transformed_X
facs.Brain_Myeloid.clustered_diversity	24_61_M	24	male	deposited_mouse	microglial cell	Itgal	877	8	0.009122006841505131	0.029896967359388432	3.277455046772957	source_transformed_X
facs.Brain_Myeloid.clustered_diversity	24_61_M	24	male	deposited_mouse	microglial cell	Itga1	877	2	0.002280501710376283	0.014982370041659103	6.569769263267517	source_transformed_X
facs.Brain_Myeloid.clustered_diversity	24_61_M	24	male	deposited_mouse	nan	Cdkn2a	134	0	0.0	0.0		source_transformed_X
facs.Brain_Myeloid.clustered_diversity	24_61_M	24	male	deposited_mouse	nan	Cdkn1a	134	43	0.3208955223880597	1.017502026048614	3.1708202672212624	source_transformed_X
facs.Brain_Myeloid.clustered_diversity	24_61_M	24	male	deposited_mouse	nan	Lmnb1	134	6	0.04477611940298507	0.19435215385547325	4.340531436105569	source_transformed_X
facs.Brain_Myeloid.clustered_diversity	24_61_M	24	male	deposited_mouse	nan	Il1b	134	2	0.014925373134328358	0.025335086815392795	1.6974508166313171	source_transformed_X
facs.Brain_Myeloid.clustered_diversity	24_61_M	24	male	deposited_mouse	nan	Tnf	134	0	0.0	0.0		source_transformed_X
facs.Brain_Myeloid.clustered_diversity	24_61_M	24	male	deposited_mouse	nan	Cd38	134	4	0.029850746268656716	0.14459619993594156	4.843972697854042	source_transformed_X
facs.Brain_Myeloid.clustered_diversity	24_61_M	24	male	deposited_mouse	nan	H2-D1	134	94	0.7014925373134329	1.1774885355557467	1.6785474868560646	source_transformed_X
facs.Brain_Myeloid.clustered_diversity	24_61_M	24	male	deposited_mouse	nan	H2-K1	134	73	0.5447761194029851	0.8470829438223545	1.5549193763314453	source_transformed_X
facs.Brain_Myeloid.clustered_diversity	24_61_M	24	male	deposited_mouse	nan	B2m	134	104	0.7761194029850746	2.122297620414687	2.7344988570727695	source_transformed_X
facs.Brain_Myeloid.clustered_diversity	24_61_M	24	male	deposited_mouse	nan	Fth1	134	131	0.9776119402985075	3.3627171777327782	3.4397259680625365	source_transformed_X
facs.Brain_Myeloid.clustered_diversity	24_61_M	24	male	deposited_mouse	nan	Oasl2	134	14	0.1044776119402985	0.2751203356866739	2.63329464157245	source_transformed_X
facs.Brain_Myeloid.clustered_diversity	24_61_M	24	male	deposited_mouse	nan	Oas1a	134	11	0.08208955223880597	0.17109102260932993	2.084199729968201	source_transformed_X
facs.Brain_Myeloid.clustered_diversity	24_61_M	24	male	deposited_mouse	nan	Ifit3	134	22	0.16417910447761194	0.4930035547256025	3.00283983332867	source_transformed_X
facs.Brain_Myeloid.clustered_diversity	24_61_M	24	male	deposited_mouse	nan	Rtp4	134	18	0.13432835820895522	0.35345974226947874	2.631311414672786	source_transformed_X
facs.Brain_Myeloid.clustered_diversity	24_61_M	24	male	deposited_mouse	nan	Bst2	134	37	0.27611940298507465	0.45488749309651444	1.6474303804035928	source_transformed_X
facs.Brain_Myeloid.clustered_diversity	24_61_M	24	male	deposited_mouse	nan	Stat1	134	35	0.26119402985074625	0.504249060762796	1.9305535469204187	source_transformed_X
facs.Brain_Myeloid.clustered_diversity	24_61_M	24	male	deposited_mouse	nan	Irf7	134	21	0.15671641791044777	0.6224482554330755	3.971812677525339	source_transformed_X
facs.Brain_Myeloid.clustered_diversity	24_61_M	24	male	deposited_mouse	nan	Ifitm3	134	54	0.40298507462686567	1.056944261673393	2.622787612300642	source_transformed_X
facs.Brain_Myeloid.clustered_diversity	24_61_M	24	male	deposited_mouse	nan	Usp18	134	12	0.08955223880597014	0.21498752525771286	2.4006940320444605	source_transformed_X
facs.Brain_Myeloid.clustered_diversity	24_61_M	24	male	deposited_mouse	nan	Ifi204	134	2	0.014925373134328358	0.00486226304809549	0.3257716242223978	source_transformed_X
facs.Brain_Myeloid.clustered_diversity	24_61_M	24	male	deposited_mouse	nan	Ifit2	134	8	0.05970149253731343	0.34216616046962456	5.731283187866211	source_transformed_X
facs.Brain_Myeloid.clustered_diversity	24_61_M	24	male	deposited_mouse	nan	P2ry12	134	19	0.1417910447761194	0.37877509991791264	2.6713612310000157	source_transformed_X
facs.Brain_Myeloid.clustered_diversity	24_61_M	24	male	deposited_mouse	nan	Tmem119	134	20	0.14925373134328357	0.42849456538348946	2.8709135880693792	source_transformed_X
facs.Brain_Myeloid.clustered_diversity	24_61_M	24	male	deposited_mouse	nan	Apoe	134	108	0.8059701492537313	1.2191556046835021	1.5126560280332342	source_transformed_X
facs.Brain_Myeloid.clustered_diversity	24_61_M	24	male	deposited_mouse	nan	Lpl	134	33	0.2462686567164179	0.3032805518483493	1.2315028468993576	source_transformed_X
facs.Brain_Myeloid.clustered_diversity	24_61_M	24	male	deposited_mouse	nan	Cst7	134	0	0.0	0.0		source_transformed_X
facs.Brain_Myeloid.clustered_diversity	24_61_M	24	male	deposited_mouse	nan	Clec7a	134	0	0.0	0.0		source_transformed_X
facs.Brain_Myeloid.clustered_diversity	24_61_M	24	male	deposited_mouse	nan	Itgal	134	1	0.007462686567164179	0.005159958085017418	0.691434383392334	source_transformed_X
facs.Brain_Myeloid.clustered_diversity	24_61_M	24	male	deposited_mouse	nan	Itga1	134	20	0.14925373134328357	1.029337108496632	6.896558626927435	source_transformed_X
facs.Brain_Myeloid.clustered_diversity	3_10_M	3	male	deposited_mouse	ALL	Cdkn2a	1019	3	0.002944062806673209	0.009992493614481289	3.394116997718811	source_transformed_X
facs.Brain_Myeloid.clustered_diversity	3_10_M	3	male	deposited_mouse	ALL	Cdkn1a	1019	109	0.1069676153091266	0.10395036831359225	0.9717928927665184	source_transformed_X
facs.Brain_Myeloid.clustered_diversity	3_10_M	3	male	deposited_mouse	ALL	Lmnb1	1019	51	0.050049067713444556	0.13520345173710344	2.7014179866687926	source_transformed_X
facs.Brain_Myeloid.clustered_diversity	3_10_M	3	male	deposited_mouse	ALL	Il1b	1019	35	0.03434739941118744	0.031575281143744166	0.9192917567278658	source_transformed_X
facs.Brain_Myeloid.clustered_diversity	3_10_M	3	male	deposited_mouse	ALL	Tnf	1019	19	0.018645731108930325	0.08895488061427602	4.770790702418277	source_transformed_X
facs.Brain_Myeloid.clustered_diversity	3_10_M	3	male	deposited_mouse	ALL	Cd38	1019	16	0.015701668302257114	0.04643097019757092	2.957072414457798	source_transformed_X
facs.Brain_Myeloid.clustered_diversity	3_10_M	3	male	deposited_mouse	ALL	H2-D1	1019	951	0.9332679097154073	1.6385851524714508	1.7557500214178847	source_transformed_X
facs.Brain_Myeloid.clustered_diversity	3_10_M	3	male	deposited_mouse	ALL	H2-K1	1019	866	0.8498527968596663	1.1490924337048722	1.3521076096365643	source_transformed_X
facs.Brain_Myeloid.clustered_diversity	3_10_M	3	male	deposited_mouse	ALL	B2m	1019	1019	1.0	3.5271632328585625	3.5271632328585625	source_transformed_X
facs.Brain_Myeloid.clustered_diversity	3_10_M	3	male	deposited_mouse	ALL	Fth1	1019	1017	0.9980372914622179	2.719947919090506	2.725296882549878	source_transformed_X
facs.Brain_Myeloid.clustered_diversity	3_10_M	3	male	deposited_mouse	ALL	Oasl2	1019	51	0.050049067713444556	0.15672203855473874	3.1313677899466428	source_transformed_X
facs.Brain_Myeloid.clustered_diversity	3_10_M	3	male	deposited_mouse	ALL	Oas1a	1019	59	0.05789990186457311	0.146859007098797	2.536429292096172	source_transformed_X
facs.Brain_Myeloid.clustered_diversity	3_10_M	3	male	deposited_mouse	ALL	Ifit3	1019	33	0.0323846908734053	0.06781163703653892	2.0939411557646412	source_transformed_X
facs.Brain_Myeloid.clustered_diversity	3_10_M	3	male	deposited_mouse	ALL	Rtp4	1019	93	0.09126594700686948	0.17707126644020488	1.9401679623932127	source_transformed_X
facs.Brain_Myeloid.clustered_diversity	3_10_M	3	male	deposited_mouse	ALL	Bst2	1019	415	0.4072620215897939	0.4639087148884474	1.139091519208019	source_transformed_X
facs.Brain_Myeloid.clustered_diversity	3_10_M	3	male	deposited_mouse	ALL	Stat1	1019	251	0.2463199214916585	0.38462265759068553	1.5614760481470462	source_transformed_X
facs.Brain_Myeloid.clustered_diversity	3_10_M	3	male	deposited_mouse	ALL	Irf7	1019	33	0.0323846908734053	0.07151389152535453	2.208262286798069	source_transformed_X
facs.Brain_Myeloid.clustered_diversity	3_10_M	3	male	deposited_mouse	ALL	Ifitm3	1019	219	0.21491658488714427	0.19291771012673684	0.8976399389002047	source_transformed_X
facs.Brain_Myeloid.clustered_diversity	3_10_M	3	male	deposited_mouse	ALL	Usp18	1019	75	0.07360157016683022	0.13654867647959684	1.8552413511027892	source_transformed_X
facs.Brain_Myeloid.clustered_diversity	3_10_M	3	male	deposited_mouse	ALL	Ifi204	1019	88	0.08635917566241413	0.2167796543301234	2.5102098609363153	source_transformed_X
facs.Brain_Myeloid.clustered_diversity	3_10_M	3	male	deposited_mouse	ALL	Ifit2	1019	25	0.02453385672227674	0.10236428324791207	4.172368185184896	source_transformed_X
facs.Brain_Myeloid.clustered_diversity	3_10_M	3	male	deposited_mouse	ALL	P2ry12	1019	1008	0.9892051030421982	3.413369152033235	3.450618220160582	source_transformed_X
facs.Brain_Myeloid.clustered_diversity	3_10_M	3	male	deposited_mouse	ALL	Tmem119	1019	1006	0.9872423945044161	3.374265156513568	3.4178689806037035	source_transformed_X
facs.Brain_Myeloid.clustered_diversity	3_10_M	3	male	deposited_mouse	ALL	Apoe	1019	641	0.6290480863591756	0.4687148400169264	0.7451176629910266	source_transformed_X
facs.Brain_Myeloid.clustered_diversity	3_10_M	3	male	deposited_mouse	ALL	Lpl	1019	81	0.07948969578017664	0.11529822399614925	1.4504801265688405	source_transformed_X
facs.Brain_Myeloid.clustered_diversity	3_10_M	3	male	deposited_mouse	ALL	Cst7	1019	63	0.06182531894013739	0.09682498159301965	1.5661056546553496	source_transformed_X
facs.Brain_Myeloid.clustered_diversity	3_10_M	3	male	deposited_mouse	ALL	Clec7a	1019	66	0.0647693817468106	0.1675597041839838	2.5870202812648406	source_transformed_X
facs.Brain_Myeloid.clustered_diversity	3_10_M	3	male	deposited_mouse	ALL	Itgal	1019	23	0.022571148184494603	0.049644682519832464	2.199475282074317	source_transformed_X
facs.Brain_Myeloid.clustered_diversity	3_10_M	3	male	deposited_mouse	ALL	Itga1	1019	8	0.007850834151128557	0.007582303015944768	0.9657958466559649	source_transformed_X
facs.Brain_Myeloid.clustered_diversity	3_10_M	3	male	deposited_mouse	macrophage	Cdkn2a	21	0	0.0	0.0		source_transformed_X
facs.Brain_Myeloid.clustered_diversity	3_10_M	3	male	deposited_mouse	macrophage	Cdkn1a	21	4	0.19047619047619047	0.4198193802453932	2.2040517462883145	source_transformed_X
facs.Brain_Myeloid.clustered_diversity	3_10_M	3	male	deposited_mouse	macrophage	Lmnb1	21	3	0.14285714285714285	0.07659751247792017	0.5361825873454412	source_transformed_X
facs.Brain_Myeloid.clustered_diversity	3_10_M	3	male	deposited_mouse	macrophage	Il1b	21	1	0.047619047619047616	0.09546610287257604	2.0047881603240967	source_transformed_X
facs.Brain_Myeloid.clustered_diversity	3_10_M	3	male	deposited_mouse	macrophage	Tnf	21	1	0.047619047619047616	0.47619047619047616	10.0	source_transformed_X
facs.Brain_Myeloid.clustered_diversity	3_10_M	3	male	deposited_mouse	macrophage	Cd38	21	4	0.19047619047619047	1.9047619047619047	10.0	source_transformed_X
facs.Brain_Myeloid.clustered_diversity	3_10_M	3	male	deposited_mouse	macrophage	H2-D1	21	20	0.9523809523809523	2.381214813240582	2.500275553902611	source_transformed_X
facs.Brain_Myeloid.clustered_diversity	3_10_M	3	male	deposited_mouse	macrophage	H2-K1	21	20	0.9523809523809523	1.646801394632175	1.7291414643637837	source_transformed_X
facs.Brain_Myeloid.clustered_diversity	3_10_M	3	male	deposited_mouse	macrophage	B2m	21	21	1.0	3.7613929623649236	3.7613929623649236	source_transformed_X
facs.Brain_Myeloid.clustered_diversity	3_10_M	3	male	deposited_mouse	macrophage	Fth1	21	21	1.0	4.073663938613165	4.073663938613165	source_transformed_X
facs.Brain_Myeloid.clustered_diversity	3_10_M	3	male	deposited_mouse	macrophage	Oasl2	21	5	0.23809523809523808	0.8611262075248218	3.616730071604252	source_transformed_X
facs.Brain_Myeloid.clustered_diversity	3_10_M	3	male	deposited_mouse	macrophage	Oas1a	21	10	0.47619047619047616	1.6709976551078616	3.509095075726509	source_transformed_X
facs.Brain_Myeloid.clustered_diversity	3_10_M	3	male	deposited_mouse	macrophage	Ifit3	21	2	0.09523809523809523	0.15280086653573172	1.604409098625183	source_transformed_X
facs.Brain_Myeloid.clustered_diversity	3_10_M	3	male	deposited_mouse	macrophage	Rtp4	21	6	0.2857142857142857	0.6143296729950678	2.150153855482737	source_transformed_X
facs.Brain_Myeloid.clustered_diversity	3_10_M	3	male	deposited_mouse	macrophage	Bst2	21	15	0.7142857142857143	1.3574590867473966	1.9004427214463553	source_transformed_X
facs.Brain_Myeloid.clustered_diversity	3_10_M	3	male	deposited_mouse	macrophage	Stat1	21	10	0.47619047619047616	1.3414395079016685	2.817022966593504	source_transformed_X
facs.Brain_Myeloid.clustered_diversity	3_10_M	3	male	deposited_mouse	macrophage	Irf7	21	7	0.3333333333333333	1.0947645212567987	3.2842935637703965	source_transformed_X
facs.Brain_Myeloid.clustered_diversity	3_10_M	3	male	deposited_mouse	macrophage	Ifitm3	21	21	1.0	3.712133365018027	3.712133365018027	source_transformed_X
facs.Brain_Myeloid.clustered_diversity	3_10_M	3	male	deposited_mouse	macrophage	Usp18	21	2	0.09523809523809523	0.20610598155430385	2.1641128063201904	source_transformed_X
facs.Brain_Myeloid.clustered_diversity	3_10_M	3	male	deposited_mouse	macrophage	Ifi204	21	8	0.38095238095238093	1.3813938243048531	3.6261587888002396	source_transformed_X
facs.Brain_Myeloid.clustered_diversity	3_10_M	3	male	deposited_mouse	macrophage	Ifit2	21	1	0.047619047619047616	0.009124497572580973	0.19161444902420044	source_transformed_X
facs.Brain_Myeloid.clustered_diversity	3_10_M	3	male	deposited_mouse	macrophage	P2ry12	21	11	0.5238095238095238	0.25690759753897074	0.4904599589380351	source_transformed_X
facs.Brain_Myeloid.clustered_diversity	3_10_M	3	male	deposited_mouse	macrophage	Tmem119	21	9	0.42857142857142855	0.2743482939632876	0.640146019247671	source_transformed_X
facs.Brain_Myeloid.clustered_diversity	3_10_M	3	male	deposited_mouse	macrophage	Apoe	21	19	0.9047619047619048	2.5657580120633137	2.8358378028068203	source_transformed_X
facs.Brain_Myeloid.clustered_diversity	3_10_M	3	male	deposited_mouse	macrophage	Lpl	21	1	0.047619047619047616	0.001349125767037982	0.028331641107797623	source_transformed_X
facs.Brain_Myeloid.clustered_diversity	3_10_M	3	male	deposited_mouse	macrophage	Cst7	21	0	0.0	0.0		source_transformed_X
facs.Brain_Myeloid.clustered_diversity	3_10_M	3	male	deposited_mouse	macrophage	Clec7a	21	10	0.47619047619047616	1.1103243643772744	2.3316811651922764	source_transformed_X
facs.Brain_Myeloid.clustered_diversity	3_10_M	3	male	deposited_mouse	macrophage	Itgal	21	5	0.23809523809523808	2.175092492784773	9.135388469696045	source_transformed_X
facs.Brain_Myeloid.clustered_diversity	3_10_M	3	male	deposited_mouse	macrophage	Itga1	21	0	0.0	0.0		source_transformed_X
facs.Brain_Myeloid.clustered_diversity	3_10_M	3	male	deposited_mouse	microglial cell	Cdkn2a	998	3	0.003006012024048096	0.01020275650616877	3.394116997718811	source_transformed_X
facs.Brain_Myeloid.clustered_diversity	3_10_M	3	male	deposited_mouse	microglial cell	Cdkn1a	998	105	0.10521042084168336	0.09730382597835395	0.9248496983466404	source_transformed_X
facs.Brain_Myeloid.clustered_diversity	3_10_M	3	male	deposited_mouse	microglial cell	Lmnb1	998	48	0.04809619238476954	0.13643664284375961	2.836745199126502	source_transformed_X
facs.Brain_Myeloid.clustered_diversity	3_10_M	3	male	deposited_mouse	microglial cell	Il1b	998	34	0.03406813627254509	0.03023088509534189	0.8873653919162119	source_transformed_X
facs.Brain_Myeloid.clustered_diversity	3_10_M	3	male	deposited_mouse	microglial cell	Tnf	998	18	0.018036072144288578	0.08080663661918563	4.480279074774848	source_transformed_X
facs.Brain_Myeloid.clustered_diversity	3_10_M	3	male	deposited_mouse	microglial cell	Cd38	998	12	0.012024048096192385	0.007327814259844457	0.6094298859437307	source_transformed_X
facs.Brain_Myeloid.clustered_diversity	3_10_M	3	male	deposited_mouse	microglial cell	H2-D1	998	931	0.9328657314629258	1.6229586766436435	1.7397559176051087	source_transformed_X
facs.Brain_Myeloid.clustered_diversity	3_10_M	3	male	deposited_mouse	microglial cell	H2-K1	998	846	0.8476953907815631	1.1386195998577044	1.3431942797375758	source_transformed_X
facs.Brain_Myeloid.clustered_diversity	3_10_M	3	male	deposited_mouse	microglial cell	B2m	998	998	1.0	3.5222345511755626	3.5222345511755626	source_transformed_X
facs.Brain_Myeloid.clustered_diversity	3_10_M	3	male	deposited_mouse	microglial cell	Fth1	998	996	0.9979959919839679	2.6914629126676846	2.6968674566690254	source_transformed_X
facs.Brain_Myeloid.clustered_diversity	3_10_M	3	male	deposited_mouse	microglial cell	Oasl2	998	46	0.04609218436873747	0.141899906742743	3.0786110202012504	source_transformed_X
facs.Brain_Myeloid.clustered_diversity	3_10_M	3	male	deposited_mouse	microglial cell	Oas1a	998	49	0.04909819639278557	0.11478795338317543	2.337926070947124	source_transformed_X
facs.Brain_Myeloid.clustered_diversity	3_10_M	3	male	deposited_mouse	microglial cell	Ifit3	998	31	0.031062124248496994	0.06602328651601483	2.125523869128477	source_transformed_X
facs.Brain_Myeloid.clustered_diversity	3_10_M	3	male	deposited_mouse	microglial cell	Rtp4	998	87	0.0871743486973948	0.16787043824616468	1.9256861766629008	source_transformed_X
facs.Brain_Myeloid.clustered_diversity	3_10_M	3	male	deposited_mouse	microglial cell	Bst2	998	400	0.40080160320641284	0.4451065527551429	1.1105408491240814	source_transformed_X
facs.Brain_Myeloid.clustered_diversity	3_10_M	3	male	deposited_mouse	microglial cell	Stat1	998	241	0.24148296593186372	0.364489236892759	1.5093786656388943	source_transformed_X
facs.Brain_Myeloid.clustered_diversity	3_10_M	3	male	deposited_mouse	microglial cell	Irf7	998	26	0.026052104208416832	0.049982565649241986	1.9185615583824425	source_transformed_X
facs.Brain_Myeloid.clustered_diversity	3_10_M	3	male	deposited_mouse	microglial cell	Ifitm3	998	198	0.19839679358717435	0.11886607810998623	0.5991330603725569	source_transformed_X
facs.Brain_Myeloid.clustered_diversity	3_10_M	3	male	deposited_mouse	microglial cell	Usp18	998	73	0.07314629258517034	0.1350850458116922	1.8467791194529974	source_transformed_X
facs.Brain_Myeloid.clustered_diversity	3_10_M	3	male	deposited_mouse	microglial cell	Ifi204	998	80	0.08016032064128256	0.19227374494187757	2.3986149681499227	source_transformed_X
facs.Brain_Myeloid.clustered_diversity	3_10_M	3	male	deposited_mouse	microglial cell	Ifit2	998	24	0.02404809619238477	0.10432624266593006	4.338232924191591	source_transformed_X
facs.Brain_Myeloid.clustered_diversity	3_10_M	3	male	deposited_mouse	microglial cell	P2ry12	998	997	0.998997995991984	3.4797876817370224	3.4832779401941307	source_transformed_X
facs.Brain_Myeloid.clustered_diversity	3_10_M	3	male	deposited_mouse	microglial cell	Tmem119	998	997	0.998997995991984	3.439493868050197	3.442943711448442	source_transformed_X
facs.Brain_Myeloid.clustered_diversity	3_10_M	3	male	deposited_mouse	microglial cell	Apoe	998	622	0.6232464929859719	0.42458868108609066	0.6812532214210908	source_transformed_X
facs.Brain_Myeloid.clustered_diversity	3_10_M	3	male	deposited_mouse	microglial cell	Lpl	998	80	0.08016032064128256	0.11769595051199228	1.4682569826371037	source_transformed_X
facs.Brain_Myeloid.clustered_diversity	3_10_M	3	male	deposited_mouse	microglial cell	Cst7	998	63	0.06312625250501001	0.09886238100529762	1.5661056546553496	source_transformed_X
facs.Brain_Myeloid.clustered_diversity	3_10_M	3	male	deposited_mouse	microglial cell	Clec7a	998	56	0.056112224448897796	0.14772197085326325	2.632616551992084	source_transformed_X
facs.Brain_Myeloid.clustered_diversity	3_10_M	3	male	deposited_mouse	microglial cell	Itgal	998	18	0.018036072144288578	0.0049208308008307205	0.27283272995716995	source_transformed_X
facs.Brain_Myeloid.clustered_diversity	3_10_M	3	male	deposited_mouse	microglial cell	Itga1	998	8	0.008016032064128256	0.007741850474196111	0.9657958466559649	source_transformed_X
facs.Brain_Myeloid.clustered_diversity	3_38_F	3	female	deposited_mouse	ALL	Cdkn2a	1102	4	0.003629764065335753	0.02307359107555365	6.356774341315031	source_transformed_X
facs.Brain_Myeloid.clustered_diversity	3_38_F	3	female	deposited_mouse	ALL	Cdkn1a	1102	267	0.2422867513611615	0.3271710363870821	1.3503463749009907	source_transformed_X
facs.Brain_Myeloid.clustered_diversity	3_38_F	3	female	deposited_mouse	ALL	Lmnb1	1102	25	0.022686025408348458	0.07993715493762342	3.5236297896504403	source_transformed_X
facs.Brain_Myeloid.clustered_diversity	3_38_F	3	female	deposited_mouse	ALL	Il1b	1102	48	0.043557168784029036	0.03468624429063983	0.7963383585059395	source_transformed_X
facs.Brain_Myeloid.clustered_diversity	3_38_F	3	female	deposited_mouse	ALL	Tnf	1102	9	0.008166969147005444	0.01701410529212164	2.0832826702131166	source_transformed_X
facs.Brain_Myeloid.clustered_diversity	3_38_F	3	female	deposited_mouse	ALL	Cd38	1102	27	0.024500907441016333	0.0259879962042542	1.0606952524847455	source_transformed_X
facs.Brain_Myeloid.clustered_diversity	3_38_F	3	female	deposited_mouse	ALL	H2-D1	1102	1040	0.9437386569872959	1.608318101633729	1.704198603846509	source_transformed_X
facs.Brain_Myeloid.clustered_diversity	3_38_F	3	female	deposited_mouse	ALL	H2-K1	1102	911	0.8266787658802178	1.1562032738295696	1.3986125222395014	source_transformed_X
facs.Brain_Myeloid.clustered_diversity	3_38_F	3	female	deposited_mouse	ALL	B2m	1102	1090	0.9891107078039928	3.148543537452398	3.183206402084901	source_transformed_X
facs.Brain_Myeloid.clustered_diversity	3_38_F	3	female	deposited_mouse	ALL	Fth1	1102	1091	0.9900181488203267	2.995191626588792	3.025390625573647	source_transformed_X
facs.Brain_Myeloid.clustered_diversity	3_38_F	3	female	deposited_mouse	ALL	Oasl2	1102	24	0.021778584392014518	0.026582289637554903	1.220570132524396	source_transformed_X
facs.Brain_Myeloid.clustered_diversity	3_38_F	3	female	deposited_mouse	ALL	Oas1a	1102	24	0.021778584392014518	0.06886585850518757	3.16209066969653	source_transformed_X
facs.Brain_Myeloid.clustered_diversity	3_38_F	3	female	deposited_mouse	ALL	Ifit3	1102	41	0.03720508166969147	0.04868951415433506	1.3086791365384691	source_transformed_X
facs.Brain_Myeloid.clustered_diversity	3_38_F	3	female	deposited_mouse	ALL	Rtp4	1102	73	0.0662431941923775	0.13166276324192186	1.9875666451040808	source_transformed_X
facs.Brain_Myeloid.clustered_diversity	3_38_F	3	female	deposited_mouse	ALL	Bst2	1102	354	0.32123411978221417	0.5057205044818255	1.5743050732739312	source_transformed_X
facs.Brain_Myeloid.clustered_diversity	3_38_F	3	female	deposited_mouse	ALL	Stat1	1102	172	0.1560798548094374	0.30024376848438744	1.9236548422662498	source_transformed_X
facs.Brain_Myeloid.clustered_diversity	3_38_F	3	female	deposited_mouse	ALL	Irf7	1102	19	0.017241379310344827	0.034755834601413856	2.0158384068820037	source_transformed_X
facs.Brain_Myeloid.clustered_diversity	3_38_F	3	female	deposited_mouse	ALL	Ifitm3	1102	289	0.26225045372050815	0.0980315011192431	0.37380869976957054	source_transformed_X
facs.Brain_Myeloid.clustered_diversity	3_38_F	3	female	deposited_mouse	ALL	Usp18	1102	63	0.05716878402903811	0.12199180325435749	2.133888368036539	source_transformed_X
facs.Brain_Myeloid.clustered_diversity	3_38_F	3	female	deposited_mouse	ALL	Ifi204	1102	42	0.038112522686025406	0.05592867149084049	1.4674618091168148	source_transformed_X
facs.Brain_Myeloid.clustered_diversity	3_38_F	3	female	deposited_mouse	ALL	Ifit2	1102	32	0.029038112522686024	0.09558441741104676	3.2916883745929226	source_transformed_X
facs.Brain_Myeloid.clustered_diversity	3_38_F	3	female	deposited_mouse	ALL	P2ry12	1102	1093	0.9918330308529946	3.6890984385628456	3.7194752784046257	source_transformed_X
facs.Brain_Myeloid.clustered_diversity	3_38_F	3	female	deposited_mouse	ALL	Tmem119	1102	1090	0.9891107078039928	3.5655918614026123	3.604846083729981	source_transformed_X
facs.Brain_Myeloid.clustered_diversity	3_38_F	3	female	deposited_mouse	ALL	Apoe	1102	970	0.8802177858439202	0.5210145492294292	0.5919154981967331	source_transformed_X
facs.Brain_Myeloid.clustered_diversity	3_38_F	3	female	deposited_mouse	ALL	Lpl	1102	200	0.18148820326678766	0.22985250506374288	1.2664873029012234	source_transformed_X
facs.Brain_Myeloid.clustered_diversity	3_38_F	3	female	deposited_mouse	ALL	Cst7	1102	33	0.029945553539019964	0.07736086407879168	2.5833840065099523	source_transformed_X
facs.Brain_Myeloid.clustered_diversity	3_38_F	3	female	deposited_mouse	ALL	Clec7a	1102	62	0.056261343012704176	0.14822073249710882	2.6345039872873213	source_transformed_X
facs.Brain_Myeloid.clustered_diversity	3_38_F	3	female	deposited_mouse	ALL	Itgal	1102	9	0.008166969147005444	0.016640016765159617	2.0374776083562107	source_transformed_X
facs.Brain_Myeloid.clustered_diversity	3_38_F	3	female	deposited_mouse	ALL	Itga1	1102	25	0.022686025408348458	0.008677529877629774	0.3825055170059204	source_transformed_X
facs.Brain_Myeloid.clustered_diversity	3_38_F	3	female	deposited_mouse	macrophage	Cdkn2a	11	0	0.0	0.0		source_transformed_X
facs.Brain_Myeloid.clustered_diversity	3_38_F	3	female	deposited_mouse	macrophage	Cdkn1a	11	6	0.5454545454545454	1.0263144016604533	1.8815764030441642	source_transformed_X
facs.Brain_Myeloid.clustered_diversity	3_38_F	3	female	deposited_mouse	macrophage	Lmnb1	11	1	0.09090909090909091	0.5637189691716974	6.200908660888672	source_transformed_X
facs.Brain_Myeloid.clustered_diversity	3_38_F	3	female	deposited_mouse	macrophage	Il1b	11	1	0.09090909090909091	0.7246183482083407	7.970801830291748	source_transformed_X
facs.Brain_Myeloid.clustered_diversity	3_38_F	3	female	deposited_mouse	macrophage	Tnf	11	0	0.0	0.0		source_transformed_X
facs.Brain_Myeloid.clustered_diversity	3_38_F	3	female	deposited_mouse	macrophage	Cd38	11	0	0.0	0.0		source_transformed_X
facs.Brain_Myeloid.clustered_diversity	3_38_F	3	female	deposited_mouse	macrophage	H2-D1	11	11	1.0	2.827569918199019	2.827569918199019	source_transformed_X
facs.Brain_Myeloid.clustered_diversity	3_38_F	3	female	deposited_mouse	macrophage	H2-K1	11	11	1.0	2.2986445643685083	2.2986445643685083	source_transformed_X
facs.Brain_Myeloid.clustered_diversity	3_38_F	3	female	deposited_mouse	macrophage	B2m	11	11	1.0	3.67913894219832	3.67913894219832	source_transformed_X
facs.Brain_Myeloid.clustered_diversity	3_38_F	3	female	deposited_mouse	macrophage	Fth1	11	11	1.0	4.512883533130992	4.512883533130992	source_transformed_X
facs.Brain_Myeloid.clustered_diversity	3_38_F	3	female	deposited_mouse	macrophage	Oasl2	11	1	0.09090909090909091	0.3441098386591131	3.785208225250244	source_transformed_X
facs.Brain_Myeloid.clustered_diversity	3_38_F	3	female	deposited_mouse	macrophage	Oas1a	11	2	0.18181818181818182	0.9371724778955633	5.154448628425598	source_transformed_X
facs.Brain_Myeloid.clustered_diversity	3_38_F	3	female	deposited_mouse	macrophage	Ifit3	11	1	0.09090909090909091	0.22595509615811435	2.485506057739258	source_transformed_X
facs.Brain_Myeloid.clustered_diversity	3_38_F	3	female	deposited_mouse	macrophage	Rtp4	11	2	0.18181818181818182	0.5381892811168324	2.960041046142578	source_transformed_X
facs.Brain_Myeloid.clustered_diversity	3_38_F	3	female	deposited_mouse	macrophage	Bst2	11	9	0.8181818181818182	1.317777767777443	1.6106172717279859	source_transformed_X
facs.Brain_Myeloid.clustered_diversity	3_38_F	3	female	deposited_mouse	macrophage	Stat1	11	3	0.2727272727272727	0.22168360074812715	0.8128398694097996	source_transformed_X
facs.Brain_Myeloid.clustered_diversity	3_38_F	3	female	deposited_mouse	macrophage	Irf7	11	1	0.09090909090909091	0.3732775774869052	4.106053352355957	source_transformed_X
facs.Brain_Myeloid.clustered_diversity	3_38_F	3	female	deposited_mouse	macrophage	Ifitm3	11	10	0.9090909090909091	2.6250981851057573	2.887608003616333	source_transformed_X
facs.Brain_Myeloid.clustered_diversity	3_38_F	3	female	deposited_mouse	macrophage	Usp18	11	1	0.09090909090909091	0.48117048090154474	5.292875289916992	source_transformed_X
facs.Brain_Myeloid.clustered_diversity	3_38_F	3	female	deposited_mouse	macrophage	Ifi204	11	2	0.18181818181818182	0.3747201975096356	2.0609610863029957	source_transformed_X
facs.Brain_Myeloid.clustered_diversity	3_38_F	3	female	deposited_mouse	macrophage	Ifit2	11	0	0.0	0.0		source_transformed_X
facs.Brain_Myeloid.clustered_diversity	3_38_F	3	female	deposited_mouse	macrophage	P2ry12	11	8	0.7272727272727273	0.35497957319867884	0.4880969131481834	source_transformed_X
facs.Brain_Myeloid.clustered_diversity	3_38_F	3	female	deposited_mouse	macrophage	Tmem119	11	8	0.7272727272727273	0.923253286968578	1.2694732695817947	source_transformed_X
facs.Brain_Myeloid.clustered_diversity	3_38_F	3	female	deposited_mouse	macrophage	Apoe	11	10	0.9090909090909091	2.5595678817480803	2.815524669922888	source_transformed_X
facs.Brain_Myeloid.clustered_diversity	3_38_F	3	female	deposited_mouse	macrophage	Lpl	11	5	0.45454545454545453	0.2618372044102712	0.5760418497025966	source_transformed_X
facs.Brain_Myeloid.clustered_diversity	3_38_F	3	female	deposited_mouse	macrophage	Cst7	11	0	0.0	0.0		source_transformed_X
facs.Brain_Myeloid.clustered_diversity	3_38_F	3	female	deposited_mouse	macrophage	Clec7a	11	6	0.5454545454545454	1.2192198038101196	2.2352363069852195	source_transformed_X
facs.Brain_Myeloid.clustered_diversity	3_38_F	3	female	deposited_mouse	macrophage	Itgal	11	3	0.2727272727272727	1.6131624037569219	5.91492881377538	source_transformed_X
facs.Brain_Myeloid.clustered_diversity	3_38_F	3	female	deposited_mouse	macrophage	Itga1	11	1	0.09090909090909091	0.037411142479289665	0.4115225672721863	source_transformed_X
facs.Brain_Myeloid.clustered_diversity	3_38_F	3	female	deposited_mouse	microglial cell	Cdkn2a	1091	4	0.0036663611365719525	0.0233062303989552	6.356774341315031	source_transformed_X
facs.Brain_Myeloid.clustered_diversity	3_38_F	3	female	deposited_mouse	microglial cell	Cdkn1a	1091	261	0.2392300641613199	0.32012192821292346	1.3381341903459751	source_transformed_X
facs.Brain_Myeloid.clustered_diversity	3_38_F	3	female	deposited_mouse	microglial cell	Lmnb1	1091	24	0.021998166819431713	0.07505942812133119	3.4120765033488474	source_transformed_X
facs.Brain_Myeloid.clustered_diversity	3_38_F	3	female	deposited_mouse	microglial cell	Il1b	1091	47	0.04307974335472044	0.027730008595777584	0.6436901995317733	source_transformed_X
facs.Brain_Myeloid.clustered_diversity	3_38_F	3	female	deposited_mouse	microglial cell	Tnf	1091	9	0.008249312557286892	0.01718564989176723	2.0832826702131166	source_transformed_X
facs.Brain_Myeloid.clustered_diversity	3_38_F	3	female	deposited_mouse	microglial cell	Cd38	1091	27	0.02474793767186068	0.026250019997331005	1.0606952524847455	source_transformed_X
facs.Brain_Myeloid.clustered_diversity	3_38_F	3	female	deposited_mouse	microglial cell	H2-D1	1091	1029	0.9431714023831348	1.596025003574867	1.6921897754131974	source_transformed_X
facs.Brain_Myeloid.clustered_diversity	3_38_F	3	female	deposited_mouse	microglial cell	H2-K1	1091	900	0.8249312557286893	1.1446846173713403	1.38761213061348	source_transformed_X
facs.Brain_Myeloid.clustered_diversity	3_38_F	3	female	deposited_mouse	microglial cell	B2m	1091	1079	0.9890009165902841	3.1431938129315866	3.1781505559855057	source_transformed_X
facs.Brain_Myeloid.clustered_diversity	3_38_F	3	female	deposited_mouse	microglial cell	Fth1	1091	1080	0.9899175068744271	2.9798895083743426	3.010240234848526	source_transformed_X
facs.Brain_Myeloid.clustered_diversity	3_38_F	3	female	deposited_mouse	microglial cell	Oasl2	1091	23	0.021081576535288724	0.02338082030736504	1.1090641284928373	source_transformed_X
facs.Brain_Myeloid.clustered_diversity	3_38_F	3	female	deposited_mouse	microglial cell	Oas1a	1091	22	0.02016498625114574	0.0601111629842947	2.980967218902978	source_transformed_X
facs.Brain_Myeloid.clustered_diversity	3_38_F	3	female	deposited_mouse	microglial cell	Ifit3	1091	40	0.03666361136571952	0.04690223514238128	1.2792584635084494	source_transformed_X
facs.Brain_Myeloid.clustered_diversity	3_38_F	3	female	deposited_mouse	microglial cell	Rtp4	1091	71	0.06507791017415215	0.127563962420085	1.9601730000044049	source_transformed_X
facs.Brain_Myeloid.clustered_diversity	3_38_F	3	female	deposited_mouse	microglial cell	Bst2	1091	345	0.3162236480293309	0.4975329427070759	1.5733577985316516	source_transformed_X
facs.Brain_Myeloid.clustered_diversity	3_38_F	3	female	deposited_mouse	microglial cell	Stat1	1091	169	0.15490375802016498	0.30103585083553214	1.9433734512518672	source_transformed_X
facs.Brain_Myeloid.clustered_diversity	3_38_F	3	female	deposited_mouse	microglial cell	Irf7	1091	18	0.016498625114573784	0.031342691455913944	1.899715354355673	source_transformed_X
facs.Brain_Myeloid.clustered_diversity	3_38_F	3	female	deposited_mouse	microglial cell	Ifitm3	1091	279	0.25572868927589365	0.07255236865008484	0.28370836629836044	source_transformed_X
facs.Brain_Myeloid.clustered_diversity	3_38_F	3	female	deposited_mouse	microglial cell	Usp18	1091	62	0.05682859761686526	0.11837038670612736	2.082936966070725	source_transformed_X
facs.Brain_Myeloid.clustered_diversity	3_38_F	3	female	deposited_mouse	microglial cell	Ifi204	1091	40	0.03666361136571952	0.05271445812126511	1.4377868452575058	source_transformed_X
facs.Brain_Myeloid.clustered_diversity	3_38_F	3	female	deposited_mouse	microglial cell	Ifit2	1091	32	0.02933088909257562	0.09654814664250552	3.2916883745929226	source_transformed_X
facs.Brain_Myeloid.clustered_diversity	3_38_F	3	female	deposited_mouse	microglial cell	P2ry12	1091	1085	0.9945004582951421	3.7227146691027224	3.7433011096691895	source_transformed_X
facs.Brain_Myeloid.clustered_diversity	3_38_F	3	female	deposited_mouse	microglial cell	Tmem119	1091	1082	0.9917506874427131	3.5922332219147797	3.622113165535143	source_transformed_X
facs.Brain_Myeloid.clustered_diversity	3_38_F	3	female	deposited_mouse	microglial cell	Apoe	1091	960	0.8799266727772685	0.5004608492681963	0.5687529026579189	source_transformed_X
facs.Brain_Myeloid.clustered_diversity	3_38_F	3	female	deposited_mouse	microglial cell	Lpl	1091	195	0.17873510540788268	0.229530019552458	1.2841910324704189	source_transformed_X
facs.Brain_Myeloid.clustered_diversity	3_38_F	3	female	deposited_mouse	microglial cell	Cst7	1091	33	0.03024747937671861	0.07814085445905447	2.5833840065099523	source_transformed_X
facs.Brain_Myeloid.clustered_diversity	3_38_F	3	female	deposited_mouse	microglial cell	Clec7a	1091	56	0.051329055912007336	0.13742239172310047	2.6772826673196897	source_transformed_X
facs.Brain_Myeloid.clustered_diversity	3_38_F	3	female	deposited_mouse	microglial cell	Itgal	1091	6	0.005499541704857928	0.0005430907734919862	0.09875200564662616	source_transformed_X
facs.Brain_Myeloid.clustered_diversity	3_38_F	3	female	deposited_mouse	microglial cell	Itga1	1091	24	0.021998166819431713	0.008387823426100664	0.381296473244826	source_transformed_X
facs.Brain_Myeloid.clustered_diversity	3_39_F	3	female	deposited_mouse	ALL	Cdkn2a	852	4	0.004694835680751174	0.016359637600715172	3.4846028089523315	source_transformed_X
facs.Brain_Myeloid.clustered_diversity	3_39_F	3	female	deposited_mouse	ALL	Cdkn1a	852	237	0.27816901408450706	0.19448774633163962	0.6991711387112108	source_transformed_X
facs.Brain_Myeloid.clustered_diversity	3_39_F	3	female	deposited_mouse	ALL	Lmnb1	852	38	0.04460093896713615	0.0797408364293441	1.787873490468452	source_transformed_X
facs.Brain_Myeloid.clustered_diversity	3_39_F	3	female	deposited_mouse	ALL	Il1b	852	50	0.05868544600938967	0.005601517456045872	0.09544985745102168	source_transformed_X
facs.Brain_Myeloid.clustered_diversity	3_39_F	3	female	deposited_mouse	ALL	Tnf	852	16	0.018779342723004695	0.035855461056278626	1.9093033012468368	source_transformed_X
facs.Brain_Myeloid.clustered_diversity	3_39_F	3	female	deposited_mouse	ALL	Cd38	852	15	0.017605633802816902	0.01733570989711044	0.984668322155873	source_transformed_X
facs.Brain_Myeloid.clustered_diversity	3_39_F	3	female	deposited_mouse	ALL	H2-D1	852	824	0.9671361502347418	1.5996055085678746	1.6539610355580452	source_transformed_X
facs.Brain_Myeloid.clustered_diversity	3_39_F	3	female	deposited_mouse	ALL	H2-K1	852	755	0.886150234741784	1.1764816835179965	1.3276323104070635	source_transformed_X
facs.Brain_Myeloid.clustered_diversity	3_39_F	3	female	deposited_mouse	ALL	B2m	852	851	0.9988262910798122	3.800217434274199	3.8046830246787513	source_transformed_X
facs.Brain_Myeloid.clustered_diversity	3_39_F	3	female	deposited_mouse	ALL	Fth1	852	850	0.9976525821596244	2.6611643456219927	2.667425908788162	source_transformed_X
facs.Brain_Myeloid.clustered_diversity	3_39_F	3	female	deposited_mouse	ALL	Oasl2	852	32	0.03755868544600939	0.04128234872721276	1.0991425348620396	source_transformed_X
facs.Brain_Myeloid.clustered_diversity	3_39_F	3	female	deposited_mouse	ALL	Oas1a	852	38	0.04460093896713615	0.09046042916264402	2.028218043330861	source_transformed_X
facs.Brain_Myeloid.clustered_diversity	3_39_F	3	female	deposited_mouse	ALL	Ifit3	852	29	0.03403755868544601	0.04413673451810883	1.2967068210147834	source_transformed_X
facs.Brain_Myeloid.clustered_diversity	3_39_F	3	female	deposited_mouse	ALL	Rtp4	852	76	0.0892018779342723	0.12103493623391773	1.3568653377802355	source_transformed_X
facs.Brain_Myeloid.clustered_diversity	3_39_F	3	female	deposited_mouse	ALL	Bst2	852	429	0.5035211267605634	0.5694692601228981	1.1309739152091123	source_transformed_X
facs.Brain_Myeloid.clustered_diversity	3_39_F	3	female	deposited_mouse	ALL	Stat1	852	190	0.22300469483568075	0.319384688771649	1.4321881833339207	source_transformed_X
facs.Brain_Myeloid.clustered_diversity	3_39_F	3	female	deposited_mouse	ALL	Irf7	852	24	0.028169014084507043	0.022599166968592526	0.8022704273850346	source_transformed_X
facs.Brain_Myeloid.clustered_diversity	3_39_F	3	female	deposited_mouse	ALL	Ifitm3	852	293	0.3438967136150235	0.05858177585995148	0.17034700693746985	source_transformed_X
facs.Brain_Myeloid.clustered_diversity	3_39_F	3	female	deposited_mouse	ALL	Usp18	852	48	0.056338028169014086	0.07195365495057209	1.2771773753726545	source_transformed_X
facs.Brain_Myeloid.clustered_diversity	3_39_F	3	female	deposited_mouse	ALL	Ifi204	852	33	0.03873239436619718	0.03238180117296851	0.8360392302839141	source_transformed_X
facs.Brain_Myeloid.clustered_diversity	3_39_F	3	female	deposited_mouse	ALL	Ifit2	852	19	0.022300469483568074	0.02122667580274559	0.9518488307336443	source_transformed_X
facs.Brain_Myeloid.clustered_diversity	3_39_F	3	female	deposited_mouse	ALL	P2ry12	852	851	0.9988262910798122	3.832820391876267	3.8373242936293526	source_transformed_X
facs.Brain_Myeloid.clustered_diversity	3_39_F	3	female	deposited_mouse	ALL	Tmem119	852	847	0.994131455399061	3.894386939715349	3.9173762368801386	source_transformed_X
facs.Brain_Myeloid.clustered_diversity	3_39_F	3	female	deposited_mouse	ALL	Apoe	852	719	0.8438967136150235	0.48091602821885215	0.5698754604206704	source_transformed_X
facs.Brain_Myeloid.clustered_diversity	3_39_F	3	female	deposited_mouse	ALL	Lpl	852	158	0.18544600938967137	0.14279911022943756	0.7700306450346885	source_transformed_X
facs.Brain_Myeloid.clustered_diversity	3_39_F	3	female	deposited_mouse	ALL	Cst7	852	35	0.04107981220657277	0.07907394413560839	1.9248857258153813	source_transformed_X
facs.Brain_Myeloid.clustered_diversity	3_39_F	3	female	deposited_mouse	ALL	Clec7a	852	40	0.046948356807511735	0.07258760033638824	1.5461158871650695	source_transformed_X
facs.Brain_Myeloid.clustered_diversity	3_39_F	3	female	deposited_mouse	ALL	Itgal	852	10	0.011737089201877934	0.00118765965576323	0.10118860267102718	source_transformed_X
facs.Brain_Myeloid.clustered_diversity	3_39_F	3	female	deposited_mouse	ALL	Itga1	852	7	0.008215962441314555	0.002841038227151257	0.3457949385046959	source_transformed_X
facs.Brain_Myeloid.clustered_diversity	3_39_F	3	female	deposited_mouse	macrophage	Cdkn2a	2	0	0.0	0.0		source_transformed_X
facs.Brain_Myeloid.clustered_diversity	3_39_F	3	female	deposited_mouse	macrophage	Cdkn1a	2	1	0.5	1.7014049291610718	3.4028098583221436	source_transformed_X
facs.Brain_Myeloid.clustered_diversity	3_39_F	3	female	deposited_mouse	macrophage	Lmnb1	2	0	0.0	0.0		source_transformed_X
facs.Brain_Myeloid.clustered_diversity	3_39_F	3	female	deposited_mouse	macrophage	Il1b	2	0	0.0	0.0		source_transformed_X
facs.Brain_Myeloid.clustered_diversity	3_39_F	3	female	deposited_mouse	macrophage	Tnf	2	0	0.0	0.0		source_transformed_X
facs.Brain_Myeloid.clustered_diversity	3_39_F	3	female	deposited_mouse	macrophage	Cd38	2	1	0.5	4.6608147621154785	9.321629524230957	source_transformed_X
facs.Brain_Myeloid.clustered_diversity	3_39_F	3	female	deposited_mouse	macrophage	H2-D1	2	2	1.0	3.0587319135665894	3.0587319135665894	source_transformed_X
facs.Brain_Myeloid.clustered_diversity	3_39_F	3	female	deposited_mouse	macrophage	H2-K1	2	2	1.0	2.314107120037079	2.314107120037079	source_transformed_X
facs.Brain_Myeloid.clustered_diversity	3_39_F	3	female	deposited_mouse	macrophage	B2m	2	2	1.0	4.456677079200745	4.456677079200745	source_transformed_X
facs.Brain_Myeloid.clustered_diversity	3_39_F	3	female	deposited_mouse	macrophage	Fth1	2	2	1.0	3.8544946908950806	3.8544946908950806	source_transformed_X
facs.Brain_Myeloid.clustered_diversity	3_39_F	3	female	deposited_mouse	macrophage	Oasl2	2	1	0.5	2.973846912384033	5.947693824768066	source_transformed_X
facs.Brain_Myeloid.clustered_diversity	3_39_F	3	female	deposited_mouse	macrophage	Oas1a	2	1	0.5	1.9774553775787354	3.9549107551574707	source_transformed_X
facs.Brain_Myeloid.clustered_diversity	3_39_F	3	female	deposited_mouse	macrophage	Ifit3	2	0	0.0	0.0		source_transformed_X
facs.Brain_Myeloid.clustered_diversity	3_39_F	3	female	deposited_mouse	macrophage	Rtp4	2	1	0.5	0.003263844409957528	0.006527688819915056	source_transformed_X
facs.Brain_Myeloid.clustered_diversity	3_39_F	3	female	deposited_mouse	macrophage	Bst2	2	1	0.5	0.3860112428665161	0.7720224857330322	source_transformed_X
facs.Brain_Myeloid.clustered_diversity	3_39_F	3	female	deposited_mouse	macrophage	Stat1	2	2	1.0	4.363448977470398	4.363448977470398	source_transformed_X
facs.Brain_Myeloid.clustered_diversity	3_39_F	3	female	deposited_mouse	macrophage	Irf7	2	0	0.0	0.0		source_transformed_X
facs.Brain_Myeloid.clustered_diversity	3_39_F	3	female	deposited_mouse	macrophage	Ifitm3	2	2	1.0	2.461704909801483	2.461704909801483	source_transformed_X
facs.Brain_Myeloid.clustered_diversity	3_39_F	3	female	deposited_mouse	macrophage	Usp18	2	1	0.5	1.9535256624221802	3.9070513248443604	source_transformed_X
facs.Brain_Myeloid.clustered_diversity	3_39_F	3	female	deposited_mouse	macrophage	Ifi204	2	2	1.0	1.3437711922451854	1.3437711922451854	source_transformed_X
facs.Brain_Myeloid.clustered_diversity	3_39_F	3	female	deposited_mouse	macrophage	Ifit2	2	0	0.0	0.0		source_transformed_X
facs.Brain_Myeloid.clustered_diversity	3_39_F	3	female	deposited_mouse	macrophage	P2ry12	2	1	0.5	0.0017119903350248933	0.0034239806700497866	source_transformed_X
facs.Brain_Myeloid.clustered_diversity	3_39_F	3	female	deposited_mouse	macrophage	Tmem119	2	0	0.0	0.0		source_transformed_X
facs.Brain_Myeloid.clustered_diversity	3_39_F	3	female	deposited_mouse	macrophage	Apoe	2	1	0.5	2.006072759628296	4.012145519256592	source_transformed_X
facs.Brain_Myeloid.clustered_diversity	3_39_F	3	female	deposited_mouse	macrophage	Lpl	2	0	0.0	0.0		source_transformed_X
facs.Brain_Myeloid.clustered_diversity	3_39_F	3	female	deposited_mouse	macrophage	Cst7	2	0	0.0	0.0		source_transformed_X
facs.Brain_Myeloid.clustered_diversity	3_39_F	3	female	deposited_mouse	macrophage	Clec7a	2	1	0.5	1.830628514289856	3.661257028579712	source_transformed_X
facs.Brain_Myeloid.clustered_diversity	3_39_F	3	female	deposited_mouse	macrophage	Itgal	2	0	0.0	0.0		source_transformed_X
facs.Brain_Myeloid.clustered_diversity	3_39_F	3	female	deposited_mouse	macrophage	Itga1	2	0	0.0	0.0		source_transformed_X
facs.Brain_Myeloid.clustered_diversity	3_39_F	3	female	deposited_mouse	microglial cell	Cdkn2a	850	4	0.004705882352941176	0.01639813086565803	3.4846028089523315	source_transformed_X
facs.Brain_Myeloid.clustered_diversity	3_39_F	3	female	deposited_mouse	microglial cell	Cdkn1a	850	236	0.2776470588235294	0.1909420588426292	0.6877150424416729	source_transformed_X
facs.Brain_Myeloid.clustered_diversity	3_39_F	3	female	deposited_mouse	microglial cell	Lmnb1	850	38	0.04470588235294118	0.0799284619268249	1.787873490468452	source_transformed_X
facs.Brain_Myeloid.clustered_diversity	3_39_F	3	female	deposited_mouse	microglial cell	Il1b	850	50	0.058823529411764705	0.005614697497118922	0.09544985745102168	source_transformed_X
facs.Brain_Myeloid.clustered_diversity	3_39_F	3	female	deposited_mouse	microglial cell	Tnf	850	16	0.018823529411764704	0.03593982684699928	1.9093033012468368	source_transformed_X
facs.Brain_Myeloid.clustered_diversity	3_39_F	3	female	deposited_mouse	microglial cell	Cd38	850	14	0.01647058823529412	0.006409876833067221	0.38917109343622414	source_transformed_X
facs.Brain_Myeloid.clustered_diversity	3_39_F	3	female	deposited_mouse	microglial cell	H2-D1	850	822	0.9670588235294117	1.5961722699678778	1.650543101548292	source_transformed_X
facs.Brain_Myeloid.clustered_diversity	3_39_F	3	female	deposited_mouse	microglial cell	H2-K1	850	753	0.8858823529411765	1.1738049177850103	1.325012191390782	source_transformed_X
facs.Brain_Myeloid.clustered_diversity	3_39_F	3	female	deposited_mouse	microglial cell	B2m	850	849	0.9988235294117647	3.79867282334496	3.803147114067392	source_transformed_X
facs.Brain_Myeloid.clustered_diversity	3_39_F	3	female	deposited_mouse	microglial cell	Fth1	850	848	0.9976470588235294	2.658356509515468	2.664626218264325	source_transformed_X
facs.Brain_Myeloid.clustered_diversity	3_39_F	3	female	deposited_mouse	microglial cell	Oasl2	850	31	0.036470588235294116	0.03438219681272612	0.9427376545424904	source_transformed_X
facs.Brain_Myeloid.clustered_diversity	3_39_F	3	female	deposited_mouse	microglial cell	Oas1a	850	37	0.04352941176470588	0.0860204410487238	1.976145267335547	source_transformed_X
facs.Brain_Myeloid.clustered_diversity	3_39_F	3	female	deposited_mouse	microglial cell	Ifit3	850	29	0.03411764705882353	0.044240585658151435	1.2967068210147834	source_transformed_X
facs.Brain_Myeloid.clustered_diversity	3_39_F	3	female	deposited_mouse	microglial cell	Rtp4	850	75	0.08823529411764706	0.12131204468526822	1.3748698397663732	source_transformed_X
facs.Brain_Myeloid.clustered_diversity	3_39_F	3	female	deposited_mouse	microglial cell	Bst2	850	428	0.5035294117647059	0.5699009260458543	1.1318125867733089	source_transformed_X
facs.Brain_Myeloid.clustered_diversity	3_39_F	3	female	deposited_mouse	microglial cell	Stat1	850	188	0.2211764705882353	0.3098692433864755	1.4010045578643837	source_transformed_X
facs.Brain_Myeloid.clustered_diversity	3_39_F	3	female	deposited_mouse	microglial cell	Irf7	850	24	0.02823529411764706	0.02265234147910686	0.8022704273850346	source_transformed_X
facs.Brain_Myeloid.clustered_diversity	3_39_F	3	female	deposited_mouse	microglial cell	Ifitm3	850	291	0.3423529411764706	0.05292736848597141	0.15459884265661752	source_transformed_X
facs.Brain_Myeloid.clustered_diversity	3_39_F	3	female	deposited_mouse	microglial cell	Usp18	850	47	0.05529411764705883	0.0675264266976977	1.2212226104902777	source_transformed_X
facs.Brain_Myeloid.clustered_diversity	3_39_F	3	female	deposited_mouse	microglial cell	Ifi204	850	31	0.036470588235294116	0.029296179076327998	0.8032823295122192	source_transformed_X
facs.Brain_Myeloid.clustered_diversity	3_39_F	3	female	deposited_mouse	microglial cell	Ifit2	850	19	0.02235294117647059	0.021276620922281463	0.9518488307336443	source_transformed_X
facs.Brain_Myeloid.clustered_diversity	3_39_F	3	female	deposited_mouse	microglial cell	P2ry12	850	850	1.0	3.8418347645857756	3.8418347645857756	source_transformed_X
facs.Brain_Myeloid.clustered_diversity	3_39_F	3	female	deposited_mouse	microglial cell	Tmem119	850	847	0.9964705882352941	3.9035502031029146	3.9173762368801386	source_transformed_X
facs.Brain_Myeloid.clustered_diversity	3_39_F	3	female	deposited_mouse	microglial cell	Apoe	850	718	0.8447058823529412	0.47732742414494755	0.5650812124278627	source_transformed_X
facs.Brain_Myeloid.clustered_diversity	3_39_F	3	female	deposited_mouse	microglial cell	Lpl	850	158	0.18588235294117647	0.14313510813585975	0.7700306450346885	source_transformed_X
facs.Brain_Myeloid.clustered_diversity	3_39_F	3	female	deposited_mouse	microglial cell	Cst7	850	35	0.041176470588235294	0.079260000474751	1.9248857258153813	source_transformed_X
facs.Brain_Myeloid.clustered_diversity	3_39_F	3	female	deposited_mouse	microglial cell	Clec7a	850	39	0.04588235294117647	0.06845103348002714	1.4918814989236684	source_transformed_X
facs.Brain_Myeloid.clustered_diversity	3_39_F	3	female	deposited_mouse	microglial cell	Itgal	850	10	0.011764705882352941	0.001190454149070908	0.10118860267102718	source_transformed_X
facs.Brain_Myeloid.clustered_diversity	3_39_F	3	female	deposited_mouse	microglial cell	Itga1	850	7	0.00823529411764706	0.0028477230229798484	0.3457949385046959	source_transformed_X
facs.Brain_Myeloid.clustered_diversity	3_56_F	3	female	deposited_mouse	ALL	Cdkn2a	294	2	0.006802721088435374	0.02040175931388829	2.9990586191415787	source_transformed_X
facs.Brain_Myeloid.clustered_diversity	3_56_F	3	female	deposited_mouse	ALL	Cdkn1a	294	70	0.23809523809523808	0.12516932198334307	0.525711152330041	source_transformed_X
facs.Brain_Myeloid.clustered_diversity	3_56_F	3	female	deposited_mouse	ALL	Lmnb1	294	9	0.030612244897959183	0.11495553575405458	3.755214167965783	source_transformed_X
facs.Brain_Myeloid.clustered_diversity	3_56_F	3	female	deposited_mouse	ALL	Il1b	294	11	0.03741496598639456	0.050046690581303066	1.3376115482639184	source_transformed_X
facs.Brain_Myeloid.clustered_diversity	3_56_F	3	female	deposited_mouse	ALL	Tnf	294	2	0.006802721088435374	0.032290068714797095	4.746640101075172	source_transformed_X
facs.Brain_Myeloid.clustered_diversity	3_56_F	3	female	deposited_mouse	ALL	Cd38	294	8	0.027210884353741496	0.007380103020846438	0.2712187860161066	source_transformed_X
facs.Brain_Myeloid.clustered_diversity	3_56_F	3	female	deposited_mouse	ALL	H2-D1	294	285	0.9693877551020408	1.7153535827322781	1.7695226432396132	source_transformed_X
facs.Brain_Myeloid.clustered_diversity	3_56_F	3	female	deposited_mouse	ALL	H2-K1	294	262	0.891156462585034	1.2321123486467112	1.3825993530615766	source_transformed_X
facs.Brain_Myeloid.clustered_diversity	3_56_F	3	female	deposited_mouse	ALL	B2m	294	294	1.0	3.6759075834637596	3.6759075834637596	source_transformed_X
facs.Brain_Myeloid.clustered_diversity	3_56_F	3	female	deposited_mouse	ALL	Fth1	294	294	1.0	2.556647143092285	2.556647143092285	source_transformed_X
facs.Brain_Myeloid.clustered_diversity	3_56_F	3	female	deposited_mouse	ALL	Oasl2	294	7	0.023809523809523808	0.08083286700884298	3.3949804143714055	source_transformed_X
facs.Brain_Myeloid.clustered_diversity	3_56_F	3	female	deposited_mouse	ALL	Oas1a	294	12	0.04081632653061224	0.07796795689025704	1.9102149438112974	source_transformed_X
facs.Brain_Myeloid.clustered_diversity	3_56_F	3	female	deposited_mouse	ALL	Ifit3	294	15	0.05102040816326531	0.16109957635326652	3.157551696524024	source_transformed_X
facs.Brain_Myeloid.clustered_diversity	3_56_F	3	female	deposited_mouse	ALL	Rtp4	294	43	0.14625850340136054	0.3064300706103241	2.095126529289193	source_transformed_X
facs.Brain_Myeloid.clustered_diversity	3_56_F	3	female	deposited_mouse	ALL	Bst2	294	155	0.5272108843537415	0.5871425172738528	1.1136767747000822	source_transformed_X
facs.Brain_Myeloid.clustered_diversity	3_56_F	3	female	deposited_mouse	ALL	Stat1	294	65	0.22108843537414966	0.3451444882658773	1.5611150700025833	source_transformed_X
facs.Brain_Myeloid.clustered_diversity	3_56_F	3	female	deposited_mouse	ALL	Irf7	294	13	0.04421768707482993	0.13015422517699854	2.943487861695198	source_transformed_X
facs.Brain_Myeloid.clustered_diversity	3_56_F	3	female	deposited_mouse	ALL	Ifitm3	294	105	0.35714285714285715	0.06447145213265301	0.18052006597142845	source_transformed_X
facs.Brain_Myeloid.clustered_diversity	3_56_F	3	female	deposited_mouse	ALL	Usp18	294	23	0.0782312925170068	0.14784575744094897	1.8898544646799564	source_transformed_X
facs.Brain_Myeloid.clustered_diversity	3_56_F	3	female	deposited_mouse	ALL	Ifi204	294	9	0.030612244897959183	0.02830526583707657	0.924638684011168	source_transformed_X
facs.Brain_Myeloid.clustered_diversity	3_56_F	3	female	deposited_mouse	ALL	Ifit2	294	6	0.02040816326530612	0.03230482177669499	1.5829362670580547	source_transformed_X
facs.Brain_Myeloid.clustered_diversity	3_56_F	3	female	deposited_mouse	ALL	P2ry12	294	294	1.0	3.8063569044580263	3.8063569044580263	source_transformed_X
facs.Brain_Myeloid.clustered_diversity	3_56_F	3	female	deposited_mouse	ALL	Tmem119	294	294	1.0	3.7721871616078073	3.7721871616078073	source_transformed_X
facs.Brain_Myeloid.clustered_diversity	3_56_F	3	female	deposited_mouse	ALL	Apoe	294	267	0.9081632653061225	0.5181858905085812	0.5705867108970895	source_transformed_X
facs.Brain_Myeloid.clustered_diversity	3_56_F	3	female	deposited_mouse	ALL	Lpl	294	59	0.20068027210884354	0.17678774270818245	0.8809423111221295	source_transformed_X
facs.Brain_Myeloid.clustered_diversity	3_56_F	3	female	deposited_mouse	ALL	Cst7	294	9	0.030612244897959183	0.04470271099561534	1.4602885591901011	source_transformed_X
facs.Brain_Myeloid.clustered_diversity	3_56_F	3	female	deposited_mouse	ALL	Clec7a	294	9	0.030612244897959183	0.04561965280928377	1.4902419917699363	source_transformed_X
facs.Brain_Myeloid.clustered_diversity	3_56_F	3	female	deposited_mouse	ALL	Itgal	294	2	0.006802721088435374	0.000490758010522038	0.07214142754673958	source_transformed_X
facs.Brain_Myeloid.clustered_diversity	3_56_F	3	female	deposited_mouse	ALL	Itga1	294	3	0.01020408163265306	0.0031575343134451887	0.3094383627176285	source_transformed_X
facs.Brain_Myeloid.clustered_diversity	3_56_F	3	female	deposited_mouse	microglial cell	Cdkn2a	294	2	0.006802721088435374	0.02040175931388829	2.9990586191415787	source_transformed_X
facs.Brain_Myeloid.clustered_diversity	3_56_F	3	female	deposited_mouse	microglial cell	Cdkn1a	294	70	0.23809523809523808	0.12516932198334307	0.525711152330041	source_transformed_X
facs.Brain_Myeloid.clustered_diversity	3_56_F	3	female	deposited_mouse	microglial cell	Lmnb1	294	9	0.030612244897959183	0.11495553575405458	3.755214167965783	source_transformed_X
facs.Brain_Myeloid.clustered_diversity	3_56_F	3	female	deposited_mouse	microglial cell	Il1b	294	11	0.03741496598639456	0.050046690581303066	1.3376115482639184	source_transformed_X
facs.Brain_Myeloid.clustered_diversity	3_56_F	3	female	deposited_mouse	microglial cell	Tnf	294	2	0.006802721088435374	0.032290068714797095	4.746640101075172	source_transformed_X
facs.Brain_Myeloid.clustered_diversity	3_56_F	3	female	deposited_mouse	microglial cell	Cd38	294	8	0.027210884353741496	0.007380103020846438	0.2712187860161066	source_transformed_X
facs.Brain_Myeloid.clustered_diversity	3_56_F	3	female	deposited_mouse	microglial cell	H2-D1	294	285	0.9693877551020408	1.7153535827322781	1.7695226432396132	source_transformed_X
facs.Brain_Myeloid.clustered_diversity	3_56_F	3	female	deposited_mouse	microglial cell	H2-K1	294	262	0.891156462585034	1.2321123486467112	1.3825993530615766	source_transformed_X
facs.Brain_Myeloid.clustered_diversity	3_56_F	3	female	deposited_mouse	microglial cell	B2m	294	294	1.0	3.6759075834637596	3.6759075834637596	source_transformed_X
facs.Brain_Myeloid.clustered_diversity	3_56_F	3	female	deposited_mouse	microglial cell	Fth1	294	294	1.0	2.556647143092285	2.556647143092285	source_transformed_X
facs.Brain_Myeloid.clustered_diversity	3_56_F	3	female	deposited_mouse	microglial cell	Oasl2	294	7	0.023809523809523808	0.08083286700884298	3.3949804143714055	source_transformed_X
facs.Brain_Myeloid.clustered_diversity	3_56_F	3	female	deposited_mouse	microglial cell	Oas1a	294	12	0.04081632653061224	0.07796795689025704	1.9102149438112974	source_transformed_X
facs.Brain_Myeloid.clustered_diversity	3_56_F	3	female	deposited_mouse	microglial cell	Ifit3	294	15	0.05102040816326531	0.16109957635326652	3.157551696524024	source_transformed_X
facs.Brain_Myeloid.clustered_diversity	3_56_F	3	female	deposited_mouse	microglial cell	Rtp4	294	43	0.14625850340136054	0.3064300706103241	2.095126529289193	source_transformed_X
facs.Brain_Myeloid.clustered_diversity	3_56_F	3	female	deposited_mouse	microglial cell	Bst2	294	155	0.5272108843537415	0.5871425172738528	1.1136767747000822	source_transformed_X
facs.Brain_Myeloid.clustered_diversity	3_56_F	3	female	deposited_mouse	microglial cell	Stat1	294	65	0.22108843537414966	0.3451444882658773	1.5611150700025833	source_transformed_X
facs.Brain_Myeloid.clustered_diversity	3_56_F	3	female	deposited_mouse	microglial cell	Irf7	294	13	0.04421768707482993	0.13015422517699854	2.943487861695198	source_transformed_X
facs.Brain_Myeloid.clustered_diversity	3_56_F	3	female	deposited_mouse	microglial cell	Ifitm3	294	105	0.35714285714285715	0.06447145213265301	0.18052006597142845	source_transformed_X
facs.Brain_Myeloid.clustered_diversity	3_56_F	3	female	deposited_mouse	microglial cell	Usp18	294	23	0.0782312925170068	0.14784575744094897	1.8898544646799564	source_transformed_X
facs.Brain_Myeloid.clustered_diversity	3_56_F	3	female	deposited_mouse	microglial cell	Ifi204	294	9	0.030612244897959183	0.02830526583707657	0.924638684011168	source_transformed_X
facs.Brain_Myeloid.clustered_diversity	3_56_F	3	female	deposited_mouse	microglial cell	Ifit2	294	6	0.02040816326530612	0.03230482177669499	1.5829362670580547	source_transformed_X
facs.Brain_Myeloid.clustered_diversity	3_56_F	3	female	deposited_mouse	microglial cell	P2ry12	294	294	1.0	3.8063569044580263	3.8063569044580263	source_transformed_X
facs.Brain_Myeloid.clustered_diversity	3_56_F	3	female	deposited_mouse	microglial cell	Tmem119	294	294	1.0	3.7721871616078073	3.7721871616078073	source_transformed_X
facs.Brain_Myeloid.clustered_diversity	3_56_F	3	female	deposited_mouse	microglial cell	Apoe	294	267	0.9081632653061225	0.5181858905085812	0.5705867108970895	source_transformed_X
facs.Brain_Myeloid.clustered_diversity	3_56_F	3	female	deposited_mouse	microglial cell	Lpl	294	59	0.20068027210884354	0.17678774270818245	0.8809423111221295	source_transformed_X
facs.Brain_Myeloid.clustered_diversity	3_56_F	3	female	deposited_mouse	microglial cell	Cst7	294	9	0.030612244897959183	0.04470271099561534	1.4602885591901011	source_transformed_X
facs.Brain_Myeloid.clustered_diversity	3_56_F	3	female	deposited_mouse	microglial cell	Clec7a	294	9	0.030612244897959183	0.04561965280928377	1.4902419917699363	source_transformed_X
facs.Brain_Myeloid.clustered_diversity	3_56_F	3	female	deposited_mouse	microglial cell	Itgal	294	2	0.006802721088435374	0.000490758010522038	0.07214142754673958	source_transformed_X
facs.Brain_Myeloid.clustered_diversity	3_56_F	3	female	deposited_mouse	microglial cell	Itga1	294	3	0.01020408163265306	0.0031575343134451887	0.3094383627176285	source_transformed_X
facs.Brain_Myeloid.clustered_diversity	3_8_M	3	male	deposited_mouse	ALL	Cdkn2a	587	2	0.0034071550255536627	0.0072051294820678295	2.114705502986908	source_transformed_X
facs.Brain_Myeloid.clustered_diversity	3_8_M	3	male	deposited_mouse	ALL	Cdkn1a	587	76	0.12947189097103917	0.1395796436778376	1.0780690899854035	source_transformed_X
facs.Brain_Myeloid.clustered_diversity	3_8_M	3	male	deposited_mouse	ALL	Lmnb1	587	22	0.03747870528109029	0.11587575969033996	3.0917759517377075	source_transformed_X
facs.Brain_Myeloid.clustered_diversity	3_8_M	3	male	deposited_mouse	ALL	Il1b	587	19	0.03236797274275979	0.025192537314847135	0.7783168107271194	source_transformed_X
facs.Brain_Myeloid.clustered_diversity	3_8_M	3	male	deposited_mouse	ALL	Tnf	587	44	0.07495741056218058	0.29882378599509674	3.9865809631618587	source_transformed_X
facs.Brain_Myeloid.clustered_diversity	3_8_M	3	male	deposited_mouse	ALL	Cd38	587	5	0.008517887563884156	0.006907562076334653	0.8109477877616882	source_transformed_X
facs.Brain_Myeloid.clustered_diversity	3_8_M	3	male	deposited_mouse	ALL	H2-D1	587	541	0.9216354344122658	1.5478466167796905	1.6794564954707547	source_transformed_X
facs.Brain_Myeloid.clustered_diversity	3_8_M	3	male	deposited_mouse	ALL	H2-K1	587	515	0.8773424190800682	1.1859612198335514	1.3517655068782422	source_transformed_X
facs.Brain_Myeloid.clustered_diversity	3_8_M	3	male	deposited_mouse	ALL	B2m	587	587	1.0	3.616666168939113	3.616666168939113	source_transformed_X
facs.Brain_Myeloid.clustered_diversity	3_8_M	3	male	deposited_mouse	ALL	Fth1	587	584	0.9948892674616695	2.8015524078592073	2.8159439442009497	source_transformed_X
facs.Brain_Myeloid.clustered_diversity	3_8_M	3	male	deposited_mouse	ALL	Oasl2	587	14	0.02385008517887564	0.04074681414611752	1.708455707412213	source_transformed_X
facs.Brain_Myeloid.clustered_diversity	3_8_M	3	male	deposited_mouse	ALL	Oas1a	587	22	0.03747870528109029	0.08340914798757693	2.2255077213048935	source_transformed_X
facs.Brain_Myeloid.clustered_diversity	3_8_M	3	male	deposited_mouse	ALL	Ifit3	587	16	0.027257240204429302	0.05763604634106667	2.1145224501378834	source_transformed_X
facs.Brain_Myeloid.clustered_diversity	3_8_M	3	male	deposited_mouse	ALL	Rtp4	587	45	0.07666098807495741	0.14321493883053987	1.8681593131894867	source_transformed_X
facs.Brain_Myeloid.clustered_diversity	3_8_M	3	male	deposited_mouse	ALL	Bst2	587	219	0.3730834752981261	0.43228721174251233	1.1586876406066426	source_transformed_X
facs.Brain_Myeloid.clustered_diversity	3_8_M	3	male	deposited_mouse	ALL	Stat1	587	128	0.21805792163543442	0.3101476020666769	1.4223175188526511	source_transformed_X
facs.Brain_Myeloid.clustered_diversity	3_8_M	3	male	deposited_mouse	ALL	Irf7	587	16	0.027257240204429302	0.05015857388254325	1.8401926793158054	source_transformed_X
facs.Brain_Myeloid.clustered_diversity	3_8_M	3	male	deposited_mouse	ALL	Ifitm3	587	115	0.19591141396933562	0.11289131554284687	0.576236541075227	source_transformed_X
facs.Brain_Myeloid.clustered_diversity	3_8_M	3	male	deposited_mouse	ALL	Usp18	587	38	0.06473594548551959	0.11086506035426406	1.7125734323145527	source_transformed_X
facs.Brain_Myeloid.clustered_diversity	3_8_M	3	male	deposited_mouse	ALL	Ifi204	587	18	0.030664395229982964	0.07653343131102533	2.495840232198437	source_transformed_X
facs.Brain_Myeloid.clustered_diversity	3_8_M	3	male	deposited_mouse	ALL	Ifit2	587	11	0.018739352640545145	0.06572870887320939	3.5075229189612647	source_transformed_X
facs.Brain_Myeloid.clustered_diversity	3_8_M	3	male	deposited_mouse	ALL	P2ry12	587	582	0.9914821124361158	3.4901361715752994	3.5201201593036093	source_transformed_X
facs.Brain_Myeloid.clustered_diversity	3_8_M	3	male	deposited_mouse	ALL	Tmem119	587	582	0.9914821124361158	3.4483271384614897	3.47795194205652	source_transformed_X
facs.Brain_Myeloid.clustered_diversity	3_8_M	3	male	deposited_mouse	ALL	Apoe	587	348	0.5928449744463373	0.332110148696689	0.5601972910487254	source_transformed_X
facs.Brain_Myeloid.clustered_diversity	3_8_M	3	male	deposited_mouse	ALL	Lpl	587	92	0.1567291311754685	0.2727798435589524	1.7404540018380985	source_transformed_X
facs.Brain_Myeloid.clustered_diversity	3_8_M	3	male	deposited_mouse	ALL	Cst7	587	35	0.059625212947189095	0.14001819753806777	2.3483051987098795	source_transformed_X
facs.Brain_Myeloid.clustered_diversity	3_8_M	3	male	deposited_mouse	ALL	Clec7a	587	34	0.05792163543441227	0.14310288464482335	2.470629214309156	source_transformed_X
facs.Brain_Myeloid.clustered_diversity	3_8_M	3	male	deposited_mouse	ALL	Itgal	587	12	0.020442930153321975	0.004657398268351969	0.22782439862688383	source_transformed_X
facs.Brain_Myeloid.clustered_diversity	3_8_M	3	male	deposited_mouse	ALL	Itga1	587	2	0.0034071550255536627	0.004084855876545687	1.198905199766159	source_transformed_X
facs.Brain_Myeloid.clustered_diversity	3_8_M	3	male	deposited_mouse	macrophage	Cdkn2a	6	0	0.0	0.0		source_transformed_X
facs.Brain_Myeloid.clustered_diversity	3_8_M	3	male	deposited_mouse	macrophage	Cdkn1a	6	2	0.3333333333333333	0.4962166855111718	1.4886500565335155	source_transformed_X
facs.Brain_Myeloid.clustered_diversity	3_8_M	3	male	deposited_mouse	macrophage	Lmnb1	6	0	0.0	0.0		source_transformed_X
facs.Brain_Myeloid.clustered_diversity	3_8_M	3	male	deposited_mouse	macrophage	Il1b	6	0	0.0	0.0		source_transformed_X
facs.Brain_Myeloid.clustered_diversity	3_8_M	3	male	deposited_mouse	macrophage	Tnf	6	2	0.3333333333333333	0.7653650299956402	2.2960950899869204	source_transformed_X
facs.Brain_Myeloid.clustered_diversity	3_8_M	3	male	deposited_mouse	macrophage	Cd38	6	0	0.0	0.0		source_transformed_X
facs.Brain_Myeloid.clustered_diversity	3_8_M	3	male	deposited_mouse	macrophage	H2-D1	6	6	1.0	2.475393772125244	2.475393772125244	source_transformed_X
facs.Brain_Myeloid.clustered_diversity	3_8_M	3	male	deposited_mouse	macrophage	H2-K1	6	6	1.0	1.9745712280273438	1.9745712280273438	source_transformed_X
facs.Brain_Myeloid.clustered_diversity	3_8_M	3	male	deposited_mouse	macrophage	B2m	6	6	1.0	3.5258624156316123	3.5258624156316123	source_transformed_X
facs.Brain_Myeloid.clustered_diversity	3_8_M	3	male	deposited_mouse	macrophage	Fth1	6	6	1.0	4.16476039091746	4.16476039091746	source_transformed_X
facs.Brain_Myeloid.clustered_diversity	3_8_M	3	male	deposited_mouse	macrophage	Oasl2	6	1	0.16666666666666666	0.029589469234148662	0.17753681540489197	source_transformed_X
facs.Brain_Myeloid.clustered_diversity	3_8_M	3	male	deposited_mouse	macrophage	Oas1a	6	2	0.3333333333333333	0.8444297860066096	2.533289358019829	source_transformed_X
facs.Brain_Myeloid.clustered_diversity	3_8_M	3	male	deposited_mouse	macrophage	Ifit3	6	1	0.16666666666666666	0.018101096153259277	0.10860657691955566	source_transformed_X
facs.Brain_Myeloid.clustered_diversity	3_8_M	3	male	deposited_mouse	macrophage	Rtp4	6	2	0.3333333333333333	0.41169267396132153	1.2350780218839645	source_transformed_X
facs.Brain_Myeloid.clustered_diversity	3_8_M	3	male	deposited_mouse	macrophage	Bst2	6	6	1.0	1.5395958920319874	1.5395958920319874	source_transformed_X
facs.Brain_Myeloid.clustered_diversity	3_8_M	3	male	deposited_mouse	macrophage	Stat1	6	5	0.8333333333333334	1.2276851149896781	1.4732221379876136	source_transformed_X
facs.Brain_Myeloid.clustered_diversity	3_8_M	3	male	deposited_mouse	macrophage	Irf7	6	0	0.0	0.0		source_transformed_X
facs.Brain_Myeloid.clustered_diversity	3_8_M	3	male	deposited_mouse	macrophage	Ifitm3	6	5	0.8333333333333334	1.226295292377472	1.4715543508529663	source_transformed_X
facs.Brain_Myeloid.clustered_diversity	3_8_M	3	male	deposited_mouse	macrophage	Usp18	6	2	0.3333333333333333	1.414615790049235	4.243847370147705	source_transformed_X
facs.Brain_Myeloid.clustered_diversity	3_8_M	3	male	deposited_mouse	macrophage	Ifi204	6	3	0.5	0.7965210589269797	1.5930421178539593	source_transformed_X
facs.Brain_Myeloid.clustered_diversity	3_8_M	3	male	deposited_mouse	macrophage	Ifit2	6	0	0.0	0.0		source_transformed_X
facs.Brain_Myeloid.clustered_diversity	3_8_M	3	male	deposited_mouse	macrophage	P2ry12	6	4	0.6666666666666666	0.7277199079593023	1.0915798619389534	source_transformed_X
facs.Brain_Myeloid.clustered_diversity	3_8_M	3	male	deposited_mouse	macrophage	Tmem119	6	3	0.5	0.9275150994459788	1.8550301988919575	source_transformed_X
facs.Brain_Myeloid.clustered_diversity	3_8_M	3	male	deposited_mouse	macrophage	Apoe	6	6	1.0	3.1668756565389535	3.1668756565389535	source_transformed_X
facs.Brain_Myeloid.clustered_diversity	3_8_M	3	male	deposited_mouse	macrophage	Lpl	6	1	0.16666666666666666	0.2314910093943278	1.3889460563659668	source_transformed_X
facs.Brain_Myeloid.clustered_diversity	3_8_M	3	male	deposited_mouse	macrophage	Cst7	6	0	0.0	0.0		source_transformed_X
facs.Brain_Myeloid.clustered_diversity	3_8_M	3	male	deposited_mouse	macrophage	Clec7a	6	4	0.6666666666666666	1.2907267585396767	1.936090137809515	source_transformed_X
facs.Brain_Myeloid.clustered_diversity	3_8_M	3	male	deposited_mouse	macrophage	Itgal	6	2	0.3333333333333333	0.07829533765713374	0.23488601297140121	source_transformed_X
facs.Brain_Myeloid.clustered_diversity	3_8_M	3	male	deposited_mouse	macrophage	Itga1	6	0	0.0	0.0		source_transformed_X
facs.Brain_Myeloid.clustered_diversity	3_8_M	3	male	deposited_mouse	microglial cell	Cdkn2a	581	2	0.0034423407917383822	0.007279537015445466	2.114705502986908	source_transformed_X
facs.Brain_Myeloid.clustered_diversity	3_8_M	3	male	deposited_mouse	microglial cell	Cdkn1a	581	74	0.12736660929432014	0.13589664496699422	1.0669723071057249	source_transformed_X
facs.Brain_Myeloid.clustered_diversity	3_8_M	3	male	deposited_mouse	microglial cell	Lmnb1	581	22	0.0378657487091222	0.11707241125340716	3.0917759517377075	source_transformed_X
facs.Brain_Myeloid.clustered_diversity	3_8_M	3	male	deposited_mouse	microglial cell	Il1b	581	19	0.03270223752151463	0.025452701211386007	0.7783168107271194	source_transformed_X
facs.Brain_Myeloid.clustered_diversity	3_8_M	3	male	deposited_mouse	microglial cell	Tnf	581	42	0.07228915662650602	0.2940058041293424	4.067080290455904	source_transformed_X
facs.Brain_Myeloid.clustered_diversity	3_8_M	3	male	deposited_mouse	microglial cell	Cd38	581	5	0.008605851979345954	0.006978896624455148	0.8109477877616882	source_transformed_X
facs.Brain_Myeloid.clustered_diversity	3_8_M	3	male	deposited_mouse	microglial cell	H2-D1	581	535	0.9208261617900172	1.5382678165523698	1.6705300961064053	source_transformed_X
facs.Brain_Myeloid.clustered_diversity	3_8_M	3	male	deposited_mouse	microglial cell	H2-K1	581	509	0.8760757314974182	1.1778172266336155	1.3444239856073292	source_transformed_X
facs.Brain_Myeloid.clustered_diversity	3_8_M	3	male	deposited_mouse	microglial cell	B2m	581	581	1.0	3.617603901331273	3.617603901331273	source_transformed_X
facs.Brain_Myeloid.clustered_diversity	3_8_M	3	male	deposited_mouse	microglial cell	Fth1	581	578	0.9948364888123924	2.787474528516093	2.801942389390744	source_transformed_X
facs.Brain_Myeloid.clustered_diversity	3_8_M	3	male	deposited_mouse	microglial cell	Oasl2	581	13	0.022375215146299483	0.040862036296671414	1.826218699105084	source_transformed_X
facs.Brain_Myeloid.clustered_diversity	3_8_M	3	male	deposited_mouse	microglial cell	Oas1a	581	20	0.03442340791738382	0.07555007083075387	2.1947295576334	source_transformed_X
facs.Brain_Myeloid.clustered_diversity	3_8_M	3	male	deposited_mouse	microglial cell	Ifit3	581	15	0.025817555938037865	0.05804432465625917	2.248250175019105	source_transformed_X
facs.Brain_Myeloid.clustered_diversity	3_8_M	3	male	deposited_mouse	microglial cell	Rtp4	581	43	0.07401032702237521	0.1404423632525972	1.8976049546455576	source_transformed_X
facs.Brain_Myeloid.clustered_diversity	3_8_M	3	male	deposited_mouse	microglial cell	Bst2	581	213	0.36660929432013767	0.42085201022489294	1.147957830707337	source_transformed_X
facs.Brain_Myeloid.clustered_diversity	3_8_M	3	male	deposited_mouse	microglial cell	Stat1	581	123	0.2117039586919105	0.3006721716406218	1.4202482253918802	source_transformed_X
facs.Brain_Myeloid.clustered_diversity	3_8_M	3	male	deposited_mouse	microglial cell	Irf7	581	16	0.027538726333907058	0.05067656259733715	1.8401926793158054	source_transformed_X
facs.Brain_Myeloid.clustered_diversity	3_8_M	3	male	deposited_mouse	microglial cell	Ifitm3	581	110	0.18932874354561102	0.10139316776142217	0.5355402769944207	source_transformed_X
facs.Brain_Myeloid.clustered_diversity	3_8_M	3	male	deposited_mouse	microglial cell	Usp18	581	36	0.06196213425129088	0.09740119739700102	1.5719471024349332	source_transformed_X
facs.Brain_Myeloid.clustered_diversity	3_8_M	3	male	deposited_mouse	microglial cell	Ifi204	581	15	0.025817555938037865	0.0690981029707573	2.6763998550673325	source_transformed_X
facs.Brain_Myeloid.clustered_diversity	3_8_M	3	male	deposited_mouse	microglial cell	Ifit2	581	11	0.0189328743545611	0.06640749072043703	3.5075229189612647	source_transformed_X
facs.Brain_Myeloid.clustered_diversity	3_8_M	3	male	deposited_mouse	microglial cell	P2ry12	581	578	0.9948364888123924	3.51866370613932	3.5369266665518078	source_transformed_X
facs.Brain_Myeloid.clustered_diversity	3_8_M	3	male	deposited_mouse	microglial cell	Tmem119	581	579	0.9965576592082617	3.474359620792115	3.486360863005559	source_transformed_X
facs.Brain_Myeloid.clustered_diversity	3_8_M	3	male	deposited_mouse	microglial cell	Apoe	581	342	0.5886402753872634	0.3028354618687138	0.5144660916541599	source_transformed_X
facs.Brain_Myeloid.clustered_diversity	3_8_M	3	male	deposited_mouse	microglial cell	Lpl	581	91	0.1566265060240964	0.273206234273217	1.7443167265136164	source_transformed_X
facs.Brain_Myeloid.clustered_diversity	3_8_M	3	male	deposited_mouse	microglial cell	Cst7	581	35	0.060240963855421686	0.1414641685969807	2.3483051987098795	source_transformed_X
facs.Brain_Myeloid.clustered_diversity	3_8_M	3	male	deposited_mouse	microglial cell	Clec7a	581	30	0.05163511187607573	0.1312513472207801	2.5419010911757747	source_transformed_X
facs.Brain_Myeloid.clustered_diversity	3_8_M	3	male	deposited_mouse	microglial cell	Itgal	581	10	0.01721170395869191	0.003896937620619283	0.22641207575798034	source_transformed_X
facs.Brain_Myeloid.clustered_diversity	3_8_M	3	male	deposited_mouse	microglial cell	Itga1	581	2	0.0034423407917383822	0.004127040274582303	1.198905199766159	source_transformed_X
facs.Brain_Myeloid.clustered_diversity	3_9_M	3	male	deposited_mouse	ALL	Cdkn2a	678	4	0.0058997050147492625	0.040062426465802485	6.790581285953522	source_transformed_X
facs.Brain_Myeloid.clustered_diversity	3_9_M	3	male	deposited_mouse	ALL	Cdkn1a	678	99	0.14601769911504425	0.10633875029765971	0.7282593202203361	source_transformed_X
facs.Brain_Myeloid.clustered_diversity	3_9_M	3	male	deposited_mouse	ALL	Lmnb1	678	21	0.030973451327433628	0.11388897692515434	3.6769869692978405	source_transformed_X
facs.Brain_Myeloid.clustered_diversity	3_9_M	3	male	deposited_mouse	ALL	Il1b	678	27	0.03982300884955752	0.013970838422862302	0.35082327595187557	source_transformed_X
facs.Brain_Myeloid.clustered_diversity	3_9_M	3	male	deposited_mouse	ALL	Tnf	678	43	0.06342182890855458	0.22699594248778523	3.5791453257376373	source_transformed_X
facs.Brain_Myeloid.clustered_diversity	3_9_M	3	male	deposited_mouse	ALL	Cd38	678	9	0.01327433628318584	0.004066172404802654	0.30631832116179997	source_transformed_X
facs.Brain_Myeloid.clustered_diversity	3_9_M	3	male	deposited_mouse	ALL	H2-D1	678	632	0.9321533923303835	1.409326595572925	1.511904164238043	source_transformed_X
facs.Brain_Myeloid.clustered_diversity	3_9_M	3	male	deposited_mouse	ALL	H2-K1	678	570	0.8407079646017699	1.0043719546899617	1.1946740092627965	source_transformed_X
facs.Brain_Myeloid.clustered_diversity	3_9_M	3	male	deposited_mouse	ALL	B2m	678	676	0.9970501474926253	3.1020026795104543	3.111180202230899	source_transformed_X
facs.Brain_Myeloid.clustered_diversity	3_9_M	3	male	deposited_mouse	ALL	Fth1	678	673	0.9926253687315634	2.4509105402014733	2.4691193852252584	source_transformed_X
facs.Brain_Myeloid.clustered_diversity	3_9_M	3	male	deposited_mouse	ALL	Oasl2	678	12	0.017699115044247787	0.011234514885046313	0.6347500910051167	source_transformed_X
facs.Brain_Myeloid.clustered_diversity	3_9_M	3	male	deposited_mouse	ALL	Oas1a	678	28	0.04129793510324484	0.09344761543096783	2.2627672593641495	source_transformed_X
facs.Brain_Myeloid.clustered_diversity	3_9_M	3	male	deposited_mouse	ALL	Ifit3	678	23	0.03392330383480826	0.043140610145641196	1.2717101599454232	source_transformed_X
facs.Brain_Myeloid.clustered_diversity	3_9_M	3	male	deposited_mouse	ALL	Rtp4	678	44	0.06489675516224189	0.12082488118920882	1.861801578324627	source_transformed_X
facs.Brain_Myeloid.clustered_diversity	3_9_M	3	male	deposited_mouse	ALL	Bst2	678	262	0.3864306784660767	0.34769599268262363	0.899762912361904	source_transformed_X
facs.Brain_Myeloid.clustered_diversity	3_9_M	3	male	deposited_mouse	ALL	Stat1	678	157	0.23156342182890854	0.3302645116555436	1.4262378274041945	source_transformed_X
facs.Brain_Myeloid.clustered_diversity	3_9_M	3	male	deposited_mouse	ALL	Irf7	678	16	0.02359882005899705	0.044689283434268645	1.893708385527134	source_transformed_X
facs.Brain_Myeloid.clustered_diversity	3_9_M	3	male	deposited_mouse	ALL	Ifitm3	678	126	0.18584070796460178	0.08391017076946729	0.4515166331880859	source_transformed_X
facs.Brain_Myeloid.clustered_diversity	3_9_M	3	male	deposited_mouse	ALL	Usp18	678	33	0.048672566371681415	0.10010194054812985	2.0566398694433947	source_transformed_X
facs.Brain_Myeloid.clustered_diversity	3_9_M	3	male	deposited_mouse	ALL	Ifi204	678	27	0.03982300884955752	0.059400008180917716	1.4916002054319337	source_transformed_X
facs.Brain_Myeloid.clustered_diversity	3_9_M	3	male	deposited_mouse	ALL	Ifit2	678	14	0.02064896755162242	0.0633722143055415	3.069025807082653	source_transformed_X
facs.Brain_Myeloid.clustered_diversity	3_9_M	3	male	deposited_mouse	ALL	P2ry12	678	676	0.9970501474926253	3.4269127774355894	3.437051572635103	source_transformed_X
facs.Brain_Myeloid.clustered_diversity	3_9_M	3	male	deposited_mouse	ALL	Tmem119	678	675	0.995575221238938	3.449192288807651	3.4645220323134627	source_transformed_X
facs.Brain_Myeloid.clustered_diversity	3_9_M	3	male	deposited_mouse	ALL	Apoe	678	470	0.6932153392330384	0.27828861860548776	0.40144613492451214	source_transformed_X
facs.Brain_Myeloid.clustered_diversity	3_9_M	3	male	deposited_mouse	ALL	Lpl	678	97	0.1430678466076696	0.23087987985055355	1.613778954006962	source_transformed_X
facs.Brain_Myeloid.clustered_diversity	3_9_M	3	male	deposited_mouse	ALL	Cst7	678	31	0.045722713864306784	0.10455972264221372	2.2868223210135774	source_transformed_X
facs.Brain_Myeloid.clustered_diversity	3_9_M	3	male	deposited_mouse	ALL	Clec7a	678	32	0.0471976401179941	0.06979463062218905	1.4787737363076303	source_transformed_X
facs.Brain_Myeloid.clustered_diversity	3_9_M	3	male	deposited_mouse	ALL	Itgal	678	10	0.014749262536873156	0.0026133283972740173	0.17718366533517838	source_transformed_X
facs.Brain_Myeloid.clustered_diversity	3_9_M	3	male	deposited_mouse	ALL	Itga1	678	9	0.01327433628318584	0.0035874523815855514	0.2702547460794449	source_transformed_X
facs.Brain_Myeloid.clustered_diversity	3_9_M	3	male	deposited_mouse	macrophage	Cdkn2a	4	0	0.0	0.0		source_transformed_X
facs.Brain_Myeloid.clustered_diversity	3_9_M	3	male	deposited_mouse	macrophage	Cdkn1a	4	1	0.25	0.049309518188238144	0.19723807275295258	source_transformed_X
facs.Brain_Myeloid.clustered_diversity	3_9_M	3	male	deposited_mouse	macrophage	Lmnb1	4	0	0.0	0.0		source_transformed_X
facs.Brain_Myeloid.clustered_diversity	3_9_M	3	male	deposited_mouse	macrophage	Il1b	4	1	0.25	0.0038988981395959854	0.015595592558383942	source_transformed_X
facs.Brain_Myeloid.clustered_diversity	3_9_M	3	male	deposited_mouse	macrophage	Tnf	4	1	0.25	0.16353978216648102	0.6541591286659241	source_transformed_X
facs.Brain_Myeloid.clustered_diversity	3_9_M	3	male	deposited_mouse	macrophage	Cd38	4	0	0.0	0.0		source_transformed_X
facs.Brain_Myeloid.clustered_diversity	3_9_M	3	male	deposited_mouse	macrophage	H2-D1	4	4	1.0	2.8179349303245544	2.8179349303245544	source_transformed_X
facs.Brain_Myeloid.clustered_diversity	3_9_M	3	male	deposited_mouse	macrophage	H2-K1	4	4	1.0	2.1236182153224945	2.1236182153224945	source_transformed_X
facs.Brain_Myeloid.clustered_diversity	3_9_M	3	male	deposited_mouse	macrophage	B2m	4	4	1.0	3.702213764190674	3.702213764190674	source_transformed_X
facs.Brain_Myeloid.clustered_diversity	3_9_M	3	male	deposited_mouse	macrophage	Fth1	4	4	1.0	3.631873071193695	3.631873071193695	source_transformed_X
facs.Brain_Myeloid.clustered_diversity	3_9_M	3	male	deposited_mouse	macrophage	Oasl2	4	0	0.0	0.0		source_transformed_X
facs.Brain_Myeloid.clustered_diversity	3_9_M	3	male	deposited_mouse	macrophage	Oas1a	4	0	0.0	0.0		source_transformed_X
facs.Brain_Myeloid.clustered_diversity	3_9_M	3	male	deposited_mouse	macrophage	Ifit3	4	1	0.25	1.0068308115005493	4.027323246002197	source_transformed_X
facs.Brain_Myeloid.clustered_diversity	3_9_M	3	male	deposited_mouse	macrophage	Rtp4	4	1	0.25	0.5813342332839966	2.3253369331359863	source_transformed_X
facs.Brain_Myeloid.clustered_diversity	3_9_M	3	male	deposited_mouse	macrophage	Bst2	4	3	0.75	0.9384807497262955	1.2513076663017273	source_transformed_X
facs.Brain_Myeloid.clustered_diversity	3_9_M	3	male	deposited_mouse	macrophage	Stat1	4	1	0.25	1.1032763719558716	4.413105487823486	source_transformed_X
facs.Brain_Myeloid.clustered_diversity	3_9_M	3	male	deposited_mouse	macrophage	Irf7	4	0	0.0	0.0		source_transformed_X
facs.Brain_Myeloid.clustered_diversity	3_9_M	3	male	deposited_mouse	macrophage	Ifitm3	4	4	1.0	3.6314055919647217	3.6314055919647217	source_transformed_X
facs.Brain_Myeloid.clustered_diversity	3_9_M	3	male	deposited_mouse	macrophage	Usp18	4	1	0.25	0.5919401049613953	2.367760419845581	source_transformed_X
facs.Brain_Myeloid.clustered_diversity	3_9_M	3	male	deposited_mouse	macrophage	Ifi204	4	1	0.25	1.1424669027328491	4.5698676109313965	source_transformed_X
facs.Brain_Myeloid.clustered_diversity	3_9_M	3	male	deposited_mouse	macrophage	Ifit2	4	0	0.0	0.0		source_transformed_X
facs.Brain_Myeloid.clustered_diversity	3_9_M	3	male	deposited_mouse	macrophage	P2ry12	4	3	0.75	0.050925143412314355	0.06790019121641915	source_transformed_X
facs.Brain_Myeloid.clustered_diversity	3_9_M	3	male	deposited_mouse	macrophage	Tmem119	4	3	0.75	0.2888661950128153	0.38515492668375373	source_transformed_X
facs.Brain_Myeloid.clustered_diversity	3_9_M	3	male	deposited_mouse	macrophage	Apoe	4	4	1.0	0.9301033451920375	0.9301033451920375	source_transformed_X
facs.Brain_Myeloid.clustered_diversity	3_9_M	3	male	deposited_mouse	macrophage	Lpl	4	0	0.0	0.0		source_transformed_X
facs.Brain_Myeloid.clustered_diversity	3_9_M	3	male	deposited_mouse	macrophage	Cst7	4	0	0.0	0.0		source_transformed_X
facs.Brain_Myeloid.clustered_diversity	3_9_M	3	male	deposited_mouse	macrophage	Clec7a	4	1	0.25	0.01014688704162836	0.04058754816651344	source_transformed_X
facs.Brain_Myeloid.clustered_diversity	3_9_M	3	male	deposited_mouse	macrophage	Itgal	4	0	0.0	0.0		source_transformed_X
facs.Brain_Myeloid.clustered_diversity	3_9_M	3	male	deposited_mouse	macrophage	Itga1	4	0	0.0	0.0		source_transformed_X
facs.Brain_Myeloid.clustered_diversity	3_9_M	3	male	deposited_mouse	microglial cell	Cdkn2a	674	4	0.005934718100890208	0.04030018567331467	6.790581285953522	source_transformed_X
facs.Brain_Myeloid.clustered_diversity	3_9_M	3	male	deposited_mouse	microglial cell	Cdkn1a	674	98	0.14540059347181009	0.10667720271373936	0.7336779043781666	source_transformed_X
facs.Brain_Myeloid.clustered_diversity	3_9_M	3	male	deposited_mouse	microglial cell	Lmnb1	674	21	0.03115727002967359	0.11456487589800393	3.6769869692978405	source_transformed_X
facs.Brain_Myeloid.clustered_diversity	3_9_M	3	male	deposited_mouse	microglial cell	Il1b	674	26	0.03857566765578635	0.014030612549172488	0.36371664839008677	source_transformed_X
facs.Brain_Myeloid.clustered_diversity	3_9_M	3	male	deposited_mouse	microglial cell	Tnf	674	42	0.06231454005934718	0.22737253691105708	3.6487878542393446	source_transformed_X
facs.Brain_Myeloid.clustered_diversity	3_9_M	3	male	deposited_mouse	microglial cell	Cd38	674	9	0.013353115727002967	0.004090303991774777	0.30631832116179997	source_transformed_X
facs.Brain_Myeloid.clustered_diversity	3_9_M	3	male	deposited_mouse	microglial cell	H2-D1	674	628	0.9317507418397626	1.4009669021916098	1.503585496938129	source_transformed_X
facs.Brain_Myeloid.clustered_diversity	3_9_M	3	male	deposited_mouse	microglial cell	H2-K1	674	566	0.8397626112759644	0.9977295436476321	1.1881090325415267	source_transformed_X
facs.Brain_Myeloid.clustered_diversity	3_9_M	3	male	deposited_mouse	microglial cell	B2m	674	672	0.9970326409495549	3.0984405959218475	3.107662145314472	source_transformed_X
facs.Brain_Myeloid.clustered_diversity	3_9_M	3	male	deposited_mouse	microglial cell	Fth1	674	669	0.9925816023738873	2.4439018604923204	2.4621671957725324	source_transformed_X
facs.Brain_Myeloid.clustered_diversity	3_9_M	3	male	deposited_mouse	microglial cell	Oasl2	674	12	0.017804154302670624	0.011301188563889317	0.6347500910051167	source_transformed_X
facs.Brain_Myeloid.clustered_diversity	3_9_M	3	male	deposited_mouse	microglial cell	Oas1a	674	28	0.04154302670623145	0.09400220068575102	2.2627672593641495	source_transformed_X
facs.Brain_Myeloid.clustered_diversity	3_9_M	3	male	deposited_mouse	microglial cell	Ifit3	674	22	0.032640949554896145	0.037421380464009696	1.1464550196701153	source_transformed_X
facs.Brain_Myeloid.clustered_diversity	3_9_M	3	male	deposited_mouse	microglial cell	Rtp4	674	43	0.06379821958456973	0.11809188800170266	1.8510216863522695	source_transformed_X
facs.Brain_Myeloid.clustered_diversity	3_9_M	3	male	deposited_mouse	microglial cell	Bst2	674	259	0.38427299703264095	0.34418985169126654	0.895690965405072	source_transformed_X
facs.Brain_Myeloid.clustered_diversity	3_9_M	3	male	deposited_mouse	microglial cell	Stat1	674	156	0.2314540059347181	0.3256769041760164	1.4070912398374043	source_transformed_X
facs.Brain_Myeloid.clustered_diversity	3_9_M	3	male	deposited_mouse	microglial cell	Irf7	674	16	0.02373887240356083	0.044954501733581814	1.893708385527134	source_transformed_X
facs.Brain_Myeloid.clustered_diversity	3_9_M	3	male	deposited_mouse	microglial cell	Ifitm3	674	122	0.18100890207715134	0.06285678548047469	0.3472579788019667	source_transformed_X
facs.Brain_Myeloid.clustered_diversity	3_9_M	3	male	deposited_mouse	microglial cell	Usp18	674	32	0.04747774480712166	0.09718301969107782	2.0469173522433266	source_transformed_X
facs.Brain_Myeloid.clustered_diversity	3_9_M	3	male	deposited_mouse	microglial cell	Ifi204	674	26	0.03857566765578635	0.05297231147734542	1.373205305220416	source_transformed_X
facs.Brain_Myeloid.clustered_diversity	3_9_M	3	male	deposited_mouse	microglial cell	Ifit2	674	14	0.020771513353115726	0.0637483105328741	3.069025807082653	source_transformed_X
facs.Brain_Myeloid.clustered_diversity	3_9_M	3	male	deposited_mouse	microglial cell	P2ry12	674	673	0.9985163204747775	3.446948312355609	3.452070078050045	source_transformed_X
facs.Brain_Myeloid.clustered_diversity	3_9_M	3	male	deposited_mouse	microglial cell	Tmem119	674	672	0.9970326409495549	3.4679479332812106	3.478269206892167	source_transformed_X
facs.Brain_Myeloid.clustered_diversity	3_9_M	3	male	deposited_mouse	microglial cell	Apoe	674	466	0.6913946587537092	0.27442028194918777	0.3969083047934604	source_transformed_X
facs.Brain_Myeloid.clustered_diversity	3_9_M	3	male	deposited_mouse	microglial cell	Lpl	674	97	0.14391691394658754	0.23225008685263399	1.613778954006962	source_transformed_X
facs.Brain_Myeloid.clustered_diversity	3_9_M	3	male	deposited_mouse	microglial cell	Cst7	674	31	0.04599406528189911	0.10518025512080252	2.2868223210135774	source_transformed_X
facs.Brain_Myeloid.clustered_diversity	3_9_M	3	male	deposited_mouse	microglial cell	Clec7a	674	31	0.04599406528189911	0.07014862316569385	1.5251668391508921	source_transformed_X
facs.Brain_Myeloid.clustered_diversity	3_9_M	3	male	deposited_mouse	microglial cell	Itgal	674	10	0.01483679525222552	0.00262883776461689	0.17718366533517838	source_transformed_X
facs.Brain_Myeloid.clustered_diversity	3_9_M	3	male	deposited_mouse	microglial cell	Itga1	674	9	0.013353115727002967	0.003608742900170629	0.2702547460794449	source_transformed_X
